date,book_value_per_share_growth_yoy,combined_ratio_ttm,credit_spread_hy,investment_book_yield,investment_income_growth_yoy,mom_12m,mom_3m,mom_6m,nfci,npw_growth_yoy,pif_growth_yoy,rate_adequacy_gap_yoy,real_rate_10y,real_yield_change_6m,vix,vol_63d,vwo_vxus_spread_6m,yield_curvature,yield_slope,iv_cr_ttm,iv_cr_change,iv_pif_growth,iv_gainshare,iv_income_growth,iv_book_yield,iv_bvps_growth,iv_roe,iv_bvps,iv_eps_ttm,iv_npw_t12_yoy,iv_pb,iv_pe,iv_pb_pe_spread,iv_rate_gap
1999-12-31,,,4.9100000000000001,,,,,,-0.11,,,,,,24.18,,,0.049999999999998934,0.17000000000000001,,,,,,,,,,,,,,,
2000-01-31,,,4.7599999999999998,,,,,,-0.16600000000000001,,,,,,24.640000000000001,0.19981392253577857,,8.8817841970012523e-16,0.20999999999999999,,,,,,,,,,,,,,,
2000-02-29,,,4.8700000000000001,,,,-0.33365901319003421,,-0.17100000000000001,,,,,,24.949999999999999,0.27515590860102673,,0.059999999999999609,0.070000000000000007,,,,,,,,,,,,,,,
2000-03-31,,,5.0800000000000001,,,,0.040065636537672811,,-0.20999999999999999,,,,,,23.370000000000001,0.6818057383430649,,0.22999999999999954,-0.11,,,,,,,,,,,,,,,
2000-04-28,,,5.75,,,,0.053275390310638882,,-0.189,,,,,,24.109999999999999,0.7355285642600804,,0.20999999999999996,-0.46999999999999997,,,,,,,,,,,,,,,
2000-05-31,,,5.8799999999999999,,,,0.69538123167155419,0.12970200293111867,-0.086999999999999994,,,,,,26.199999999999999,0.73317140978763051,,0.12999999999999901,-0.45000000000000001,,,,,,,,,,,,,,,
2000-06-30,,,6.1600000000000001,,,,-0.027083881146463318,0.011896622453165806,-0.032000000000000001,,,,,,23.649999999999999,0.5935575634708532,,0.13000000000000078,-0.40000000000000002,,,,,,,,,,,,,,,
2000-07-31,,,6.1699999999999999,,,,0.070599022004890211,0.12763560276838892,0.024,,,,,,19.539999999999999,0.71879121866201034,,0.019999999999999574,-0.34999999999999998,,,,,,,,,,,,,,,
2000-08-31,,,6.2599999999999998,,,,-0.20205405405405397,0.35282258064516125,-0.001,,,,,,20.739999999999998,0.60076327419038078,,-0.030000000000000249,-0.26000000000000001,,,,,,,,,,,,,,,
2000-09-29,,,6.4299999999999997,,,,0.10648648648648651,0.076518537996318692,-0.115,,,,,,16.84,0.5533786314801149,,0.059999999999998721,-0.45000000000000001,,,,,,,,,,,,,,,
2000-10-31,,,6.7699999999999996,,,,0.28461318869540375,0.37530562347188279,-0.19700000000000001,,,,,,20.57,0.45989502704429813,,-0.020000000000000462,-0.17999999999999999,,,,,,,,,,,,,,,
2000-11-30,,,7.79,,,0.14802149487054228,0.27354017070857584,0.016216216216216273,-0.19600000000000001,,,-0.029861208614840207,,,23.629999999999999,0.46168998431673436,,-0.089999999999999858,-0.17000000000000001,,,,,,,,,,,,,,,
2000-12-29,,,9.0600000000000005,,,0.41665527143443182,0.26526624328285298,0.39999999999999991,-0.16700000000000001,,,-0.037620884251943876,,,29.649999999999999,0.59776287931567262,,-0.19999999999999929,-0.13,,,,,,,,,,,,,,,
2001-01-31,,,9.1600000000000001,,,0.5531949138902299,0.072222222222222188,0.37739080787896073,-0.105,,,-0.044642708205941628,,,26.850000000000001,0.57715995696469757,,-0.25,0.01,,,,,,,,,,,,,,,
2001-02-28,,,7.8700000000000001,,,0.74706744868035169,0.014042553191489393,0.29142392629724956,-0.088999999999999996,,,-0.04492957009896148,,,22.02,0.59510021954038328,,-0.19999999999999929,0.56999999999999995,,,,,,,,,,,,,,,
2001-03-30,,,7.7000000000000002,,,0.27596634236129347,-0.063223938223938347,0.18527112848070337,-0.222,,,-0.043749818176871513,,,28.350000000000001,0.50009499622564635,,0.019999999999999574,0.51000000000000001,,,,,,,,,,,,,,,
2001-04-30,,,8.1799999999999997,,,0.79706601466992644,0.21865284974093258,0.30666666666666642,-0.27600000000000002,,,-0.036697360547327751,,,28.640000000000001,0.48262962963282163,,0.049999999999999822,0.75,,,,,,,,,,,,,,,
2001-05-31,,,8.0600000000000005,,,0.39999999999999991,0.35858161980696601,0.37765957446808507,-0.252,,,-0.027245933536626299,,,25.48,0.45815153505445538,,0.14999999999999947,1.05,,,,,,,,,,,,,,,
2001-06-29,,,7.6799999999999997,,,0.8270270270270268,0.39309634209170552,0.30501930501930508,-0.33200000000000002,,,-0.016643164787871534,,,22.640000000000001,0.39565162564075079,,0.20999999999999996,1.21,,,,,,,,,,,,,,,
2001-07-31,,,8.1600000000000001,,,0.90550956323151577,0.13520408163265318,0.38341968911917101,-0.41999999999999998,,,-0.010420413137078977,,,19.059999999999999,0.21253564494098798,,0.2599999999999989,1.1699999999999999,,,,,,,,,,,,,,,
2001-08-31,,,8.2699999999999996,,,0.75179514970871142,-0.0015444015444014969,0.35648342425514068,-0.45700000000000002,,,-0.0037804697701880885,,,21.620000000000001,0.1663962071065784,,0.23999999999999932,1.28,,,,,,,,,,,,,,,
2001-09-28,,,8.0500000000000007,,,0.6353199804592089,-0.0096153846153843592,0.37970118495620864,-0.496,,,-0.00082312555787966701,,,24.920000000000002,0.39312412142838604,,0.41000000000000103,1.21,,,,,,,,,,,,,,,
2001-10-31,,,10.18,,,0.64333333333333353,0.10786516853932593,0.25765306122449005,-0.42799999999999999,,,0.011165826822462477,,,31.93,0.40246832967280588,,0.38999999999999968,1.74,,,,,,,,,,,,,,,
2001-11-30,,,9.6099999999999994,,,0.5585106382978724,0.13302397525135357,0.13127413127413146,-0.33500000000000002,,,0.017528584623653254,,,33.560000000000002,0.40492014925524733,,0.51999999999999957,1.8600000000000001,,,,,,,,,,,,,,,
2001-12-31,,,8.3900000000000006,,,0.45656370656370671,0.12696041822255411,0.11612426035502987,-0.379,,,0.030924409318205004,,,23.84,0.18200564262219815,,0.50999999999999979,1.9399999999999999,,,,,,,,,,,,,,,
2002-01-31,,,8.2400000000000002,,,0.54093264248704664,0.0054090601757943446,0.11385767790262169,-0.37,,,0.044500799592591123,,,23.800000000000001,0.17765850613605191,,0.58000000000000007,2,,,,,,,,,,,,,,,
2002-02-28,,,7.8899999999999997,,,0.57889215274863637,0.027303754266211566,0.16395978344934248,-0.36699999999999999,,,0.04971691964984587,,,21.09,0.16107906190793045,,0.61000000000000032,1.9099999999999999,,,,,,,,,,,,,,,
2002-03-29,,,8.1899999999999995,,,0.71664090674909864,0.10404241219350552,0.24421209858103032,-0.45800000000000002,,,0.057697016463355566,,,21.59,0.17873744217788923,,0.66999999999999993,1.8200000000000001,,,,,,,,,,,,,,,
2002-04-30,,,7.0800000000000001,,,0.46964285714285725,0.16227303295225304,0.16855983772819472,-0.48799999999999999,,,0.063330911543764468,,,17.399999999999999,0.12255072714374929,,0.63999999999999968,1.7,,,,,,,,,,,,,,,
2002-05-31,,,6.8799999999999999,,,0.37166023166023177,0.18026578073089716,0.21249146757679171,-0.499,,,0.063650330158212254,,,21.91,0.13481090165757878,,0.67000000000000082,1.8700000000000001,,,,,,,,,,,,,,,
2002-06-28,,,7.2800000000000002,,,0.28365384615384603,0.041716686674669878,0.15009940357852858,-0.57599999999999996,,,0.060730581334514699,,,19.98,0.18064884014935328,,0.5600000000000005,1.8600000000000001,,,,,,,,,,,,,,,
2002-07-31,,,8.75,,,0.092584269662921326,-0.15604929699704917,-0.019098856758574256,-0.621,,,0.060338779831004274,,,25.399999999999999,0.26450204203047106,,0.46000000000000085,1.96,,,,,,,,,,,,,,,
2002-08-30,,,9.7100000000000009,,,0.2470997679814384,-0.09221415301469349,0.071428571428571397,-0.53500000000000003,,,0.056869231704925305,,,32.030000000000001,0.30611116764590951,,0.41000000000000014,2.2799999999999998,,,,,,,,,,,,,,,
2002-09-30,,,9.6099999999999994,,,0.14174757281553374,-0.11910112359550551,-0.082352941176470518,-0.436,,,0.057825583601533892,,,32.640000000000001,0.28835912809193326,,0.19000000000000039,2,,,,,,,,,,,,,,,
2002-10-31,,,10.33,,,0.15496957403651113,0.17112299465240666,-0.011629925360180482,-0.38600000000000001,,,0.061091802443966337,,,39.689999999999998,0.25946702250658221,,0.0099999999999997868,1.9099999999999999,,,,,,,,,,,,,,,
2002-11-29,,,10.59,,,0.159863481228669,0.053767441860465226,-0.043404830265157957,-0.34999999999999998,,,0.071639803941361935,,,31.140000000000001,0.23829506977164042,,0.050000000000000266,2.25,,,,,,,,,,,,,,,
2002-12-31,,,8.8300000000000001,,,-0.022862823061630344,-0.035518053375196312,-0.1503889369057908,-0.38300000000000001,,,0.077432882841100004,,,27.5,0.26629134156922785,,0.12999999999999989,2.1400000000000001,,,,,,,,,,,,,,,
2003-01-31,,,8.9000000000000004,,,-0.024747814391391953,-0.15103617843343875,-0.0057589469354174527,-0.45100000000000001,,,0.078481852048972789,,,28.620000000000001,0.22991594490628986,,0.1899999999999995,2.2200000000000002,,,,,,,,,,,,,,,
2003-02-28,,,8.2899999999999991,,,0.03674418604651164,-0.081744350282485945,-0.032372093023255832,-0.46800000000000003,,,0.079820319009628049,2.2399999999999998,,31.170000000000002,0.25471861114981337,,0.30999999999999961,2.2799999999999998,,,,,,,,,,,,,,,
2003-03-31,,,8.3800000000000008,,,0.084033613445378297,0.22482197355035627,0.18131868131868156,-0.52100000000000002,,,0.073929485735677924,1.96,,29.629999999999999,0.25867280190040487,,0.27000000000000002,2.1800000000000002,,,,,,,,,,,,,,,
2003-04-30,,,7.7199999999999998,,,0.16507550772435353,0.38849813818783607,0.17878468563400074,-0.53400000000000003,,,0.071891193254849661,2.0099999999999998,,29.149999999999999,0.18576361180248532,,0.17999999999999927,2.3199999999999998,,,,,,,,,,,,,,,
2003-05-30,,,6.4400000000000004,,,0.21601080898496883,0.38434916362238036,0.27118644067796605,-0.58499999999999996,,,0.072053008039301369,2.23,,21.210000000000001,0.18375410548214485,,0.28000000000000025,2.3799999999999999,,,,,,,,,,,,,,,
2003-06-30,,,6.79,,,0.27398444252376852,0.22425249169435202,0.49949135300101744,-0.67900000000000005,,,0.072350592818817949,1.9699999999999998,,19.469999999999999,0.17210320458655198,,0.050000000000000266,2.04,,,,,,,,,,,,,,,
2003-07-31,,,6.1299999999999999,,,0.36548745372274793,-0.010876042908224082,0.37339677285891604,-0.70899999999999996,,,0.075653068187947758,1.6900000000000002,,19.52,0.2638250424351809,,-0.020000000000000018,2.2200000000000002,,,,,,,,,,,,,,,
2003-08-29,,,5.6699999999999999,,,0.3160930232558139,-0.017500000000000071,0.36012305325898852,-0.70999999999999996,,,0.08143436110289265,1.8999999999999999,-0.33999999999999986,19.489999999999998,0.2640925119443332,,0.29000000000000048,2.6899999999999999,,,,,,,,,,,,,,,
2003-09-30,,,5.46,,,0.37382260596546324,-0.050067842605155954,0.16295681063122913,-0.70699999999999996,,,0.089290786428260327,2.29,0.33000000000000007,18.629999999999999,0.28230924258769885,,0.42999999999999972,2.5,,,,,,,,,,,,,,,
2003-10-31,,,5.5099999999999998,,,0.29610115911485768,0.1116131947582466,0.099523241954707853,-0.66500000000000004,,,0.09577717199250857,2.2599999999999998,0.25,22.719999999999999,0.20780539081437874,,0.38000000000000078,2.46,,,,,,,,,,,,,,,
2003-11-28,,,4.7300000000000004,,,0.37888418079096042,0.10404297427198195,0.084722222222222143,-0.67800000000000005,,,0.10475754300036488,1.8900000000000001,-0.33999999999999986,16.100000000000001,0.22777982992384227,,0.33999999999999986,2.48,,,,,,,,,,,,,,,
2003-12-31,,,4.4800000000000004,,,0.67751780264496442,0.17768890158548767,0.11872455902306656,-0.71199999999999997,,,0.10283926305531133,1.9899999999999998,0.020000000000000018,16.32,0.18435821141899791,,0.35000000000000053,2.2799999999999998,,,,,,,,,,,,,,,
2004-01-30,,,4.1799999999999997,,,0.709764170459247,0.11991869918699205,0.24491640307275198,-0.71199999999999997,,,0.090849001950476405,1.9999999999999996,0.30999999999999939,18.309999999999999,0.15703508167412106,,0.36000000000000032,2.4300000000000002,,,,,,,,,,,,,,,
2004-02-27,,,4.0499999999999998,,,0.58930974812536041,0.058386683738796519,0.16850438224484021,-0.71999999999999997,,,0.082873627501637404,1.8400000000000003,-0.059999999999999609,16.629999999999999,0.12335305286988116,,0.33000000000000007,2.3199999999999998,,,,,,,,,,,,,,,
2004-03-31,,,4.3399999999999999,,,0.44385382059800649,0.054214675560946057,0.24153692329667176,-0.78300000000000003,,,0.078527030055745073,1.7000000000000002,-0.58999999999999986,14.550000000000001,0.15433254099961319,,0.3199999999999994,2.3300000000000001,,,,,,,,,,,,,,,
2004-04-30,,,4.4100000000000001,,,0.30393325387365899,0.058923169993950308,0.18590785907859075,-0.81100000000000005,,,0.070163669651245875,1.4500000000000002,-0.80999999999999961,16.739999999999998,0.15948524968120595,,0.16999999999999993,2.2599999999999998,,,,,,,,,,,,,,,
2004-05-31,,,3.9100000000000001,,,0.19124999999999992,0.037624001935639972,0.098207426376440532,-0.79900000000000004,,,0.065502282483414664,1.9299999999999997,0.039999999999999591,17.190000000000001,0.18624307033232657,,0.36000000000000121,2.2200000000000002,,,,,,,,,,,,,,,
2004-06-30,,,4.2800000000000002,,,0.16512890094979649,-0.012080073630925003,0.041479684657368177,-0.73799999999999999,,,0.062483905192940392,2.0599999999999996,0.06999999999999984,15.5,0.15004001205063,,0.45000000000000018,2.1200000000000001,,,,,,,,,,,,,,,
2004-07-30,,,4.0999999999999996,,,0.15408947130591955,-0.12454296160877509,-0.072958257713248598,-0.69299999999999995,,,0.061966343752765607,2.2100000000000004,0.21000000000000085,14.34,0.173927839545086,,0.37000000000000011,1.9199999999999999,,,,,,,,,,,,,,,
2004-08-31,,,4.0199999999999996,,,0.14192818772971449,-0.058178850413897587,-0.022743769658843394,-0.68400000000000005,,,0.054115722030885216,2.0099999999999998,0.16999999999999948,15.32,0.20115664250213819,,0.24000000000000021,1.8200000000000001,,,,,,,,,,,,,,,
2004-09-30,,,4.0599999999999996,,,0.18883016711898293,-0.030744148130895543,-0.04245283018867918,-0.69299999999999995,,,0.0414242456046513,1.9300000000000002,0.22999999999999998,15.289999999999999,0.25905056871816157,,0.15000000000000036,1.72,,,,,,,,,27.760000000000002,,,2.9981988472622478,,,
2004-10-29,,,3.8300000000000001,,,0.26761517615176156,0.22096058470373259,0.068898537477148025,-0.69799999999999995,,,0.015484733166046205,1.7599999999999998,0.30999999999999961,13.34,0.23840204805517851,,0.059999999999999609,1.51,,,,,,,,,28.25,,,3.3115044247787608,,,
2004-11-30,,,3.6299999999999999,,,0.17580025608194627,0.13679128497152759,0.070654074851346671,-0.69699999999999995,,,-0.0085379893475111546,1.6799999999999997,-0.25,16.27,0.24284767557041637,,0.020000000000000462,1.49,,,,,,,,,24.07,,,3.8151225592023263,,,
2004-12-31,,,3.1699999999999999,,,0.028987265009096319,0.019343986543313596,-0.01199487597531157,-0.70299999999999996,,,-0.025122498331142773,1.5800000000000005,-0.47999999999999909,13.24,0.25158999116140668,,0.019999999999998685,1.3400000000000001,,,,,,,,,24.469999999999999,,,3.4671025745811201,,,
2005-01-31,,,3.1000000000000001,,,-0.0013309134906230868,-0.11769107429182246,0.077264421821978679,-0.71299999999999997,,,-0.025669909370891864,1.6700000000000004,-0.54000000000000004,13.289999999999999,0.21194291636343149,,-0.040000000000000036,1.1599999999999999,,,,,,,,,25.73,,,3.2079284881461332,,,
2005-02-28,,86.583333333333329,3.29,,,0.060246794096298073,-0.045627790482413166,0.084922010398613468,-0.69499999999999995,,,-0.024567153411776288,1.7299999999999995,-0.28000000000000025,12.82,0.20372707582051927,,-0.020000000000000462,0.84999999999999998,,,,,,,,,26.18,,,3.3475935828877006,,,
2005-03-31,,86.385714285714286,2.8300000000000001,,,0.024965485503911644,0.050094295143800149,0.070407305058272307,-0.70099999999999996,,,-0.025401389633208704,1.5099999999999998,-0.42000000000000037,12.08,0.12006883981368045,,-0.0099999999999997868,0.77000000000000002,,,,,,,,,26.579999999999998,,,3.3517682468021071,,,
2005-04-29,,86.1875,3.52,,,0.042847349177330907,0.10576690089653495,-0.024371993586317475,-0.70799999999999996,,,-0.026605063855178135,1.79,0.030000000000000249,14.02,0.12601005914771363,,0.10999999999999943,0.69999999999999996,,,,,,,,,26.530000000000001,,,3.4402563136072368,,,
2005-05-31,,86.088888888888889,4.1900000000000004,,,0.11064474758073928,0.086946599726152485,0.037351628008276183,-0.66300000000000003,,,-0.028696204538147807,1.7399999999999998,0.060000000000000053,15.31,0.14216182015067674,,0.0099999999999997868,0.55000000000000004,,,,,,,,,27.190000000000001,,,3.5034939315924971,,,
2005-06-30,,86.060000000000002,4.1299999999999999,3.8999999999999999,,0.16361942471177349,0.12156246492311151,0.17774634606317763,-0.60799999999999998,,,-0.031965287006035958,1.7699999999999996,0.18999999999999906,13.289999999999999,0.13616570291970023,,-0.079999999999999183,0.40000000000000002,,,,,,3.8999999999999999,,,27.870000000000001,,,3.5852170792967346,,,
2005-07-29,,86.172727272727272,3.8500000000000001,4.2999999999999998,,0.3010963194988252,0.092253752602169392,0.20777804700751146,-0.59799999999999998,,,-0.042355971007149495,1.73,0.059999999999999609,12.039999999999999,0.12681096176827725,,-0.10000000000000009,0.28000000000000003,,,,,,4.2999999999999998,,,28.280000000000001,,,3.5251060820367748,,,
2005-08-31,,86.233333333333334,3.2999999999999998,3.7999999999999998,,0.19472641743005692,0.013121981944152816,0.10120949338201735,-0.60199999999999998,,,-0.043388959265696303,1.8199999999999998,0.090000000000000302,11.57,0.12781531711585137,,-0.089999999999999858,0.26000000000000001,86.233333333333334,,,,,3.7999999999999998,,,28.800000000000001,8.0385395537525355,,3.3510416666666667,12.005912187736564,-1.2761279679941553,
2005-09-30,0.05187319884726227,86.824999999999989,3.6600000000000001,4.0999999999999996,0.14039408866995062,0.25880091313228393,0.048538831064851795,0.17600179593669307,-0.61199999999999999,0.0045132172791746417,0.10378197997775307,-0.039080984299878274,1.8899999999999997,0.37999999999999989,12.6,0.17222867961788665,,-0.059999999999999609,0.17999999999999999,86.824999999999989,,0.089816761790327382,,,4.0999999999999996,0.05187319884726227,0.26189101039614054,29.199999999999999,7.8258883248730964,,3.588013698630137,13.387617565025622,-1.3167314553459311,
2005-10-31,0.04353982300884951,86.891666666666666,3.54,4.2999999999999998,0.10633484162895912,0.24158204168893671,0.16511184672484736,0.27259778678645796,-0.59699999999999998,0.06055466879489213,0.10078461708476083,-0.02782286394579625,1.6400000000000001,-0.14999999999999991,11.92,0.25833036844608748,,-0.13000000000000078,0.16,86.891666666666666,,0.086281534557396622,,,4.2999999999999998,0.04353982300884951,0.25554578570531339,29.48,7.7412480974124813,,3.9399592944369064,15.004040503342509,-1.3371491398236817,
2005-11-30,0.22517656834233457,87.491666666666674,3.6099999999999999,4,0.20424403183023854,0.32070129587280838,0.25665734120816497,0.27314717614948547,-0.56599999999999995,0.037740271917487078,0.094950603732162353,-0.023607987484924875,1.8900000000000001,0.15000000000000036,15.32,0.23146246198398768,,-0.069999999999999396,0.17000000000000001,87.491666666666674,,0.079508439443292778,,,4,0.22517656834233479,0.27467310891982588,29.489999999999998,7.4049670552458178,,4.1125805357748391,16.37819575633128,-1.3819002241050551,
2005-12-30,0.23784225582345742,87.516666666666666,3.6699999999999999,4.2000000000000002,0.1261682242990656,0.3764733616218765,0.11463205115968322,0.16873498799039233,-0.58199999999999996,0.052614727854855881,0.094720667325211227,-0.021547041532669398,2.1699999999999999,0.40000000000000036,12.06,0.23575450570035331,,-0.059999999999999609,0.070000000000000007,87.516666666666666,,0.079301671844947519,,,4.2000000000000002,0.23784225582345742,0.26658702444403604,30.289999999999999,7.3480243161094219,,3.8553978210630571,15.892707342295761,-1.4163861484770683,
2006-01-31,0.20326467158958406,88.066666666666663,3.71,4.7999999999999998,0.38987341772151884,0.27295856554397857,-0.095393887214808681,0.05396729862573979,-0.57899999999999996,-0.17446059004843684,0.0947252747252747,-0.021825928028991193,2.1399999999999997,0.4099999999999997,12.07,0.19223273062903282,,-0.090000000000000746,-0.02,88.066666666666663,,0.07971551340939409,,,4.7999999999999998,0.20326467158958406,0.24752062079926132,30.960000000000001,7.0648758236188547,,3.3937338501291987,14.87216514814549,-1.477560609014255,
2006-02-28,0.20741023682200144,88.149999999999991,3.4199999999999999,4.0999999999999996,0.18925831202046028,0.23288452761296208,-0.10908641160949872,0.11957310123303277,-0.56200000000000006,0.02600308641975313,0.08261152013858819,-0.024058094396508412,1.8900000000000001,0.070000000000000284,12.949999999999999,0.19376622748826372,,-0.12000000000000099,-0.01,88.149999999999991,,0.064746107958678856,,,4.0999999999999996,0.20741023682200144,0.24409916201117315,31.609999999999999,7.1082867310625311,,3.4182220816197404,15.20056858818481,-1.4922122775446551,
2006-03-31,0.20767494356659166,88.24166666666666,3.3700000000000001,4.2000000000000002,0.34722222222222232,0.17027724772701758,-0.10721013872238394,-0.0048678056695617977,-0.60199999999999998,0.023789366745682328,0.077317933910811654,-0.026004820321348432,2.0400000000000005,0.1500000000000008,12.34,0.20448350628956646,,-0.099999999999999645,-0.14000000000000001,88.24166666666666,,0.059270952927669374,,,4.2000000000000002,0.20767494356659166,0.24044543506510274,32.100000000000001,7.10941475826972,,3.2479750778816201,14.665060844667146,-1.5074361021883242,
2006-04-28,0.21522804372408588,88.116666666666674,3.1299999999999999,4.9000000000000004,0.24724061810154541,0.18910923633176302,0.032930427334158185,-0.065604821351700537,-0.63200000000000001,0.0089570769776516901,0.065062013874290558,-0.028368308156614397,2.21,0.56999999999999984,11.390000000000001,0.15004307417657942,,-0.010000000000000675,0.040000000000000001,88.116666666666674,,0.04601270289343673,,,4.9000000000000004,0.21522804372408588,0.24422300119717155,32.240000000000002,7.2373660030627871,,3.3663151364764268,14.995787134997885,-1.4939505891680056,
2006-05-31,0.20853254873115112,88.166666666666671,3.04,4.2000000000000002,0.23115577889447247,0.14003779130799909,0.0050902360018509896,-0.10455145118733511,-0.627,0.041526845637583687,0.062253579580825891,-0.030236484055743196,2.3100000000000001,0.41999999999999993,11.59,0.13828168611814456,,-0.079999999999999183,0.20000000000000001,88.166666666666671,,0.044562780269058244,,,4.2000000000000002,0.20853254873115112,0.2416713148420466,8.2149999999999999,1.8274539877300617,,3.3049300060864271,14.856735207721355,-1.5030380168770872,
2006-06-30,0.18263365626121275,88.241666666666674,3.1200000000000001,4.5999999999999996,0.27315914489311166,0.029223378702962322,-0.013619796662190709,-0.11936975509505054,-0.61799999999999999,0.027360164347744798,0.056479769973300398,-0.025380935176706365,2.4700000000000002,0.30000000000000027,16.440000000000001,0.12836921792086631,,-0.080000000000000071,0.080000000000000002,88.241666666666674,,0.038284839203675425,,,4.5999999999999996,0.18263365626121275,0.23939109756506013,8.2400000000000002,1.8345739219712525,,3.1201456310679614,14.014153200419729,-1.5021880844873392,
2006-07-31,0.17114568599717095,88.25,3.3500000000000001,5.0999999999999996,0.25469728601252606,-0.016952552914033525,-0.097023864369298773,-0.067288474350432947,-0.58099999999999996,-0.0029282576866764831,0.051475076297049949,-0.024534343147611049,2.5000000000000004,0.36000000000000076,13.08,0.12404081590266049,,-0.089999999999999858,-0.01,88.25,,0.034220005541701237,,,5.0999999999999996,0.17114568599717095,0.23719411637320717,8.2799999999999994,1.8368163054695563,,2.9589371980676331,13.338296228667742,-1.5058091641867757,
2006-08-31,0.17916666666666692,88.225000000000009,3.4500000000000002,4.4000000000000004,0.2009345794392523,-0.013988187752564607,-0.12375690607734802,-0.11929662193428969,-0.52800000000000002,0.017460091220068419,0.044640145763741312,-0.021897228221088527,2.5099999999999998,0.61999999999999966,14.949999999999999,0.20601716686037744,,-0.12999999999999989,0.02,88.225000000000009,1.9916666666666742,0.026268491635559332,0.30931148900871092,0.22398553635998386,4.4000000000000004,0.1791666666666667,0.23353273838710728,8.4900000000000002,1.8502978502978502,0.010468221470535832,2.8021201413427561,12.857389417693168,-1.5235423740311571,0.0096720431265866491
2006-09-29,0.1863013698630136,87.575000000000003,3.4900000000000002,5,0.26133909287257029,-0.06309057936432183,-0.045507584597432982,-0.058507577210819228,-0.55800000000000005,0.0077938749312305156,0.043232893278242424,-0.023927209648215264,2.3799999999999999,0.33999999999999941,12.31,0.21254093308965047,,-0.13999999999999968,-0.050000000000000003,87.575000000000003,0.75000000000001421,0.025496141124586646,0.31678955347298898,0.23416087388282025,5,0.18630136986301382,0.24127132733934883,8.6600000000000001,1.9507961367789088,0.010720845138602275,2.8337182448036948,12.579479494212885,-1.4904771580491236,0.01151639008689187
2006-10-31,0.19538670284938942,87.408333333333346,3.4399999999999999,5.0999999999999996,0.22699386503067487,-0.174171330176496,-0.0212244897959184,-0.11618907214595042,-0.60199999999999998,-0.0079014203743766886,0.035337817488203971,-0.021352914005490553,2.3499999999999996,0.13999999999999968,11.98,0.20516596455001529,,-0.14999999999999947,-0.070000000000000007,87.408333333333346,0.51666666666667993,0.018001923869726433,0.22667422472630511,0.24458874458874469,5.0999999999999996,0.19538670284938942,0.24403174552480719,8.8100000000000005,2.0063016935801494,0.0057768232433847988,2.7219069239500566,11.952340007852378,-1.4795943661133646,0.0065723681916743937
2006-11-30,0.21804001356392022,86.983333333333334,3.29,4.5,0.15198237885462551,-0.24439313984168864,-0.036990332072299292,-0.15616942909760589,-0.60499999999999998,-0.0092613508018973834,0.032080200501253042,-0.017654478166339138,2.4600000000000004,0.15000000000000036,11.1,0.12389671591361137,,-0.14999999999999947,-0.10000000000000001,86.983333333333334,-0.50833333333333997,0.015087093677136121,0.19638366936405516,0.23938747819344841,4.5,0.21804001356392,0.25067105857015037,8.9800000000000004,2.0871571729957807,0.0014763640473567374,2.5512249443207127,10.976652978709962,-1.4591969465632275,0.0022712766069751256
2006-12-29,0.20435787388577076,86.741666666666674,3.2000000000000002,4.7999999999999998,0.16182572614107871,-0.1704058914197637,-0.013039934800326058,-0.057954103461688167,-0.627,-0.027476427050593055,0.031381592139562819,-0.011714581791315348,2.2999999999999998,-0.17000000000000037,10.91,0.15580627061112956,,-0.17999999999999972,-0.16,86.741666666666674,-0.77499999999999147,0.014530500342700536,0.19265021704363783,0.2415116056013813,4.7999999999999998,0.20435787388577076,0.25417919516412979,9.1199999999999992,2.1686827063671408,-0.0039068824485947173,2.6557017543859649,11.168069874348758,-1.4363498686190406,-0.0054967075678317157
2007-01-31,0.18217054263565902,86.691666666666663,2.8900000000000001,4.7999999999999998,0.010928961748633892,-0.10802322261349573,-0.022935779816513846,-0.043673469387755071,-0.626,-0.019415404309792939,0.028307568761292812,-0.0053633339309319683,2.2599999999999998,-0.24000000000000066,11.56,0.15128272627052719,,-0.16999999999999904,-0.11,86.691666666666663,-1.375,0.01070399341292716,0.14245231233703898,0.20700577603875558,4.7999999999999998,0.18217054263565902,0.25435962359407444,9.1500000000000004,2.2025401069518717,0.0088808932293897858,2.5606557377049177,10.637717754172989,-1.424142590885245,0.0041038231656953528
2007-02-28,0.1755773489402086,86.841666666666683,2.7200000000000002,4.2999999999999998,0.068817204301075297,-0.1381767700138824,0.016150152771715387,-0.021437578814627933,-0.63200000000000001,-0.011506354816876008,0.028742874287428721,-0.001721098640500629,2.3299999999999996,-0.18000000000000016,10.42,0.13781585458570444,,-0.13999999999999968,-0.11,86.841666666666683,-1.3083333333333087,0.012298442197321569,0.16182700191308944,0.19647123690498081,4.2999999999999998,0.1755773489402086,0.24839716744079801,9.2899999999999991,2.1908663532572197,0.0053698731598925686,2.5059203444564049,10.625933419164982,-1.4446414921298261,-0.0025982543301472649
2007-03-30,0.17383177570093444,87.383333333333326,2.8199999999999998,4.5,0.078350515463917469,-0.1628620755802801,-0.099091659785301323,-0.11083944580277094,-0.67800000000000005,-0.012238485074009708,0.028260869565217561,-0.0034152508490440381,2.3599999999999999,-0.020000000000000018,15.42,0.1653221570325718,,-0.14999999999999947,-0.089999999999999997,87.383333333333326,-0.85833333333333428,0.012139276520796605,0.15315720543738393,0.17642831476823595,4.5,0.17383177570093444,0.24031013575952459,9.4199999999999999,2.1522002422285023,0.00230997768206187,2.3163481953290872,10.138461827049333,-1.4763444012548701,-0.0024670923816325629
2007-04-30,0.16749379652605456,87.791666666666671,2.8500000000000001,5.2999999999999998,0.088495575221238854,-0.15009674744310331,-0.015791720017072186,-0.038365304420350355,-0.66100000000000003,8.7896633558903758e-05,0.033050429290437222,-0.0016722297686378451,2.1199999999999997,-0.22999999999999998,14.640000000000001,0.19654255520748437,,-0.16999999999999904,0.070000000000000007,87.791666666666671,-0.32500000000000284,0.017312103629739672,0.21135193181307174,0.16202888340965149,5.2999999999999998,0.16749379652605456,0.23770807383082326,9.4100000000000001,2.1385493072534638,0.0015980681132141683,2.4505844845908604,10.783010670731706,-1.4816452482442202,-0.0015841116799439892
2007-05-31,0.16494217894096175,88.033333333333346,2.7400000000000002,4.2999999999999998,0.018367346938775508,-0.1624309392265193,-0.023195876288659933,-0.0074203404626801417,-0.60499999999999998,-0.035172506376694779,0.029048642312951678,-0.0058928278931288935,2.2600000000000002,-0.20000000000000018,14.220000000000001,0.20139578031834257,,-0.1800000000000006,0.029999999999999999,88.033333333333346,-0.13333333333332575,0.014072980949825453,0.16840667203291107,0.14506065857885631,4.2999999999999998,0.16494217894096175,0.23130651281019152,9.5700000000000003,2.1253424657534246,-0.006315908592606112,2.3761755485893414,10.699452143087335,-1.5047002557188649,-0.0039273735607590066
2007-06-29,0.17111650485436902,88.583333333333329,2.46,4.7000000000000002,0.031716417910447658,-0.069233761182419307,0.09670027497708511,-0.011973575557390537,-0.58599999999999997,-0.0322668605708053,0.032970451010886581,-0.013224052279456555,2.3900000000000001,0.090000000000000302,13.050000000000001,0.13666711333062984,,-0.17999999999999972,-0.02,88.583333333333329,0.34166666666665435,0.017685706623759678,0.20191181728792307,0.12557349192863199,4.7000000000000002,0.17111650485436902,0.22415049446055468,9.6500000000000004,2.0701826672160415,-0.010876469840911396,2.4797927461139895,11.559366416771713,-1.5393210669350768,0.00023464127019978687
2007-07-31,0.15942028985507251,89.274999999999991,2.98,5.2000000000000002,0.034941763727121433,-0.14571428571428569,-0.092367736339982631,-0.10670081092616301,-0.55100000000000005,-0.030286343612334843,0.03214976780185741,-0.01021706436076214,2.7199999999999998,0.45999999999999996,16.23,0.18925751603322274,,-0.019999999999999574,0.16,89.274999999999991,1.0249999999999915,0.016289350301406547,0.17470328198258536,0.10620942234060271,5.2000000000000002,0.15942028985507251,0.21810755004937604,9.5999999999999996,2.0131197348432535,-0.012982703847511434,2.1802083333333333,10.396798381011184,-1.5620774727885989,-0.0050398920921500556
2007-08-31,-0.11071849234393394,89.666666666666671,4.1900000000000004,4.5,0.10116731517509736,-0.14501891551071877,-0.10554089709762526,-0.12628865979381443,-0.52200000000000002,-0.026266022273586875,0.036327519379844908,-0.012136379125781693,2.6600000000000001,0.33000000000000052,23.52,0.37773358120692913,,-0.060000000000000497,0.22,89.666666666666671,1.4416666666666629,0.020436481207059209,0.21117697247294506,0.099130149351715158,4.5,-0.11071849234393405,0.23881346149020002,7.5499999999999998,1.997201623058626,-0.017329715634800347,2.6940397350993379,10.184249684741488,-1.3298005509498996,-0.010965356048483699
2007-09-28,-0.13163972286374137,90.266666666666666,4.5499999999999998,4.9000000000000004,0.071917808219178037,-0.2090464547677261,-0.18888424571667362,-0.11044912923923011,-0.28899999999999998,-0.042671276498953525,0.032988794435857782,-0.013205037382489793,2.4699999999999998,0.10999999999999988,23.379999999999999,0.3657041377164833,,-0.12000000000000011,0.39000000000000001,90.266666666666666,2.6916666666666629,0.015414594812525273,0.15003538950857934,0.084486643064049183,4.9000000000000004,-0.13163972286374137,0.23135209357234354,7.5199999999999996,1.9591605218377763,-0.021221298774475317,2.5811170212765959,9.9073045744064867,-1.3450500616529948,-0.017240407054730067
2007-10-31,-0.13166855845629954,90.924999999999997,4.2000000000000002,5.4000000000000004,0.078333333333333366,-0.23185988323603002,-0.11992355470616334,-0.20121422376409359,0.20599999999999999,-0.013179103062482267,0.038727819257247997,-0.014820676380380426,2.1999999999999997,0.080000000000000071,18,0.3790691816235438,,-0.12999999999999901,0.62,90.924999999999997,3.5166666666666515,0.022138228941684712,0.20090442764578884,0.072885375494071258,5.4000000000000004,-0.13166855845629966,0.22346989550505889,7.6500000000000004,1.9299527288354104,-0.021621469245080682,2.4078431372549023,9.5442752171008696,-1.3772101380529982,-0.020825290901131721
2007-11-30,-0.15033407572383084,91.408333333333346,4.3600000000000003,4.5999999999999996,-0.0019120458891012104,-0.19685726756874733,-0.095378564405113164,-0.19085312225153916,0.078,-0.041647666818665385,0.038581835842642187,-0.018504600336000654,2.1900000000000004,-0.06999999999999984,18.530000000000001,0.19478695669585491,,-0.10000000000000053,0.54000000000000004,91.408333333333346,4.4250000000000114,0.021091744358870512,0.18121323694996222,0.061151079136690711,4.5999999999999996,-0.15033407572383084,0.21425197437661078,7.6299999999999999,1.8751087902523931,-0.024637977612098294,2.4115334207077326,9.8127639823624975,-1.4034211660892284,-0.027024612456966968
2007-12-31,-0.18092105263157876,92.016666666666666,5.75,4.7999999999999998,-0.023214285714285632,-0.21800165152766304,-0.024214322514167885,-0.20852486418721261,0.001,-0.048373644703920027,0.03948673082531351,-0.024637272998172421,1.8100000000000005,-0.57999999999999963,22.870000000000001,0.27606779152308114,,-0.15000000000000036,0.93000000000000005,92.016666666666666,5.2749999999999915,0.022537494933116964,0.17992433454938378,0.046353522867737862,4.7999999999999998,-0.18092105263157887,0.20949564316565994,7.4699999999999998,1.8325051154633147,-0.026049101779480055,2.5354752342704154,10.335578242143884,-1.4052110528483619,-0.027636403366781637
2008-01-31,-0.20655737704918031,92.783333333333317,5.9199999999999999,5.2999999999999998,0.064864864864864868,-0.21724285104566798,-0.0043431053203041303,-0.12374581939799334,0.48199999999999998,-0.0098999129677981301,0.04010152284263957,-0.029718856671393623,1.7899999999999996,-0.93000000000000016,22.5,0.25979562482545909,,-0.23999999999999932,0.98999999999999999,92.783333333333317,6.0916666666666544,0.023014256619144691,0.16608621860149456,0.050941648656992689,5.2999999999999998,-0.20655737704918042,0.20072822332181869,7.2599999999999998,1.7384592766833282,-0.025438720634022083,2.5261707988980717,10.549571247357296,-1.4293805810437119,-0.027815899714846104
2008-02-29,-0.2055974165769644,93.241666666666674,6.9500000000000002,4.5,0.012072434607645732,-0.21262886597938158,-0.0038043478260869623,-0.098820058997050264,0.52500000000000002,-0.033855751673767531,0.040801446570228661,-0.036706456638672558,1.4000000000000004,-1.2599999999999998,26.199999999999999,0.26525547987116371,,-0.26000000000000023,1.5,93.241666666666674,6.3999999999999915,0.023920086393088624,0.16165991720662376,0.046697388632872538,4.5,-0.2055974165769644,0.19575831809258543,7.3799999999999999,1.7197818396226412,-0.027534763790404204,2.4837398373983737,10.65832861918231,-1.4565761932602634,-0.029115791458388385
2008-03-31,-0.240976645435244,93.691666666666663,7.6699999999999999,4.2000000000000002,-0.099426386233269493,-0.26856095325389551,-0.15733896515311507,-0.1777434312210201,0.41499999999999998,-0.077270824612808653,0.036288337339627441,-0.033958767478077578,1.3100000000000001,-1.1599999999999997,26.539999999999999,0.32365004725573904,,-0.15000000000000036,1.8799999999999999,93.691666666666663,6.3083333333333371,0.018753513773994035,0.11830341605761244,0.032681734880879665,4.2000000000000002,-0.24097664543524411,0.18885961356573436,7.1500000000000004,1.6516986706056132,-0.033059374977839839,2.232167832167832,9.6627794670005365,-1.4653081010256466,-0.036228947085605201
2008-04-30,-0.25504782146652505,94.075000000000003,8.2100000000000009,5.5,0.0065040650406504863,-0.19167389418907188,0.016357688113413316,0.011943539630836053,0.79100000000000004,-0.017138337141852644,0.033559739775886444,-0.030466236728565299,1.1699999999999999,-1.0299999999999998,25.609999999999999,0.35001352153141818,,-0.16999999999999993,1.8300000000000001,94.075000000000003,6.2833333333333314,0.016990967331184548,0.1006714814372684,0.025462261291300248,5.5,-0.25504782146652505,0.18122977346278313,7.0099999999999998,1.5622140221402212,-0.034449014324209326,2.6590584878744652,11.93178382464097,-1.5012336409996088,-0.040793185616834426
2008-05-30,-0.24242424242424243,94.316666666666663,6.8600000000000003,4.2000000000000002,-0.042084168336673389,-0.11785400175901495,0.094380796508456211,0.090217391304347805,0.94999999999999996,-0.015653262835675474,0.033088444672247919,-0.019216014355377675,1.4100000000000001,-0.78000000000000025,20.789999999999999,0.3853027577989972,,-0.050000000000000266,1.48,94.316666666666663,6.2833333333333172,0.015253542182063651,0.086690964734728468,0.020886938095958651,4.2000000000000002,-0.24242424242424243,0.17325230518361617,7.25,1.5229791635880003,-0.032449322400637692,2.766896551724138,13.171552493692996,-1.5603330762106395,-0.046814845146048611
2008-06-30,-0.23212435233160622,94.241666666666674,6.5700000000000003,4.5999999999999996,-0.039783001808318175,-0.19180944421228585,0.21177944862155385,0.021119324181626098,0.65500000000000003,-0.014558091481168378,0.030214920204757467,-0.010988984162400905,1.3999999999999999,-0.41000000000000059,17.829999999999998,0.27045997830408203,,-0.030000000000000249,1.3999999999999999,94.241666666666674,5.6583333333333456,0.012174073439702893,0.070102372890289061,0.014945652173913082,4.5999999999999996,-0.23212435233160622,0.17087640001329388,7.4100000000000001,1.5211538461538461,-0.031104387723792426,2.6099865047233468,12.714032869785083,-1.5833612831158148,-0.050366024962957834
2008-07-31,-0.2583333333333333,94.350000000000009,7.3499999999999996,5.5999999999999996,0.043408360128617485,-0.087912087912087933,0.024141630901287625,0.040894220283533178,0.50900000000000001,-0.0094643195154268112,0.032348171686210625,-0.0063509376642170157,1.5899999999999999,-0.19999999999999973,23.949999999999999,0.26578311276957411,,0.11000000000000121,1.3600000000000001,94.350000000000009,5.0750000000000171,0.012930693591332032,0.07305841879102587,0.015801354401805856,5.5999999999999996,-0.2583333333333333,0.16845006209278193,7.1200000000000001,1.4660941664198994,-0.029532726323393654,2.6811797752808988,13.020991718844677,-1.5803058904480292,-0.047947458108822061
2008-08-29,-0.092715231788079611,94.475000000000009,8,4.5,-0.084805653710247397,-0.091937069813176064,-0.079262213359920231,0.0076377523186033081,0.71699999999999997,-0.0046036541504820283,0.03576471028247119,0.00068513081581184077,1.6699999999999999,0.26999999999999957,22.940000000000001,0.2559857923848069,,0.019999999999999574,1.47,94.475000000000009,4.8083333333333371,0.015564972870212745,0.085996475107925283,0.00074660295654771502,4.5,-0.0927152317880795,0.19021684920302429,6.8499999999999996,1.4115470022205774,-0.027381737858228949,2.6963503649635037,13.084934452018876,-1.5795623846339137,-0.044995829131247222
2008-09-30,-0.073138297872340385,94.358333333333334,8.2799999999999994,4.5,-0.14856230031948892,-0.10613086038124675,-0.10289555325749733,0.087092731829573999,0.71799999999999997,0.048564911613761641,0.032402861551409812,0.0065127423648252414,1.7400000000000002,0.43000000000000016,20.649999999999999,0.24560762877237063,,-0.029999999999999805,1.47,94.358333333333334,4.0916666666666686,0.01093214394430686,0.061675512085797857,-0.019290695948954051,4.5,-0.073138297872340385,0.1480534781783871,6.9699999999999998,1.0973949082297219,-0.020422114602747232,2.4892395982783362,15.810169948745616,-1.8486761189894454,-0.036409324834561829
2008-10-31,-0.17516339869281061,94.683333333333337,10.960000000000001,5,-0.097372488408037139,-0.22529858849077089,-0.25248821372446295,-0.2344420600858369,0.84599999999999997,-0.015853189853958449,0.033755274261603407,0.013370334974644238,2.0899999999999999,0.91999999999999993,39.390000000000001,0.64261199647527967,,-0.010000000000000231,1.8500000000000001,94.683333333333337,3.75833333333334,0.013391442155308964,0.071197834125725945,-0.03536693191865603,5,-0.1751633986928105,0.0014160029153001338,6.3099999999999996,0.010065127294257058,-0.020629844123663865,2.2614896988906499,1417.766470588221,-6.4408142493046956,-0.034972473605735521
2008-11-28,-0.22280471821756231,94.541666666666671,16.170000000000002,4.7000000000000002,-0.032567049808429172,-0.18369565217391293,-0.18678938819707624,-0.25124626121635085,1.798,-0.0014274385408405976,0.03152765567422966,0.024242580120440393,2.9399999999999999,1.5299999999999998,59.890000000000001,0.82398653561546675,,0.039999999999999591,2.4500000000000002,94.541666666666671,3.1333333333333258,0.011671143692686181,0.063704992655912021,-0.037730287398673568,4.7000000000000002,-0.22280471821756231,0.016476101015990265,5.9299999999999997,0.11293664890467749,-0.016878796644489436,2.5328836424957841,132.99491480996048,-3.9609524596528662,-0.03116451093020367
2008-12-31,-0.21552878179384205,94.5,19.780000000000001,4.7000000000000002,-0.062157221206581403,-0.25607180570221755,-0.18789625360230555,-0.27145811789038266,2.8010000000000002,0.015446976336547014,0.032291549769947192,0.03652664119904514,3.1999999999999997,1.7999999999999998,55.840000000000003,0.82984121771888408,,-0.1599999999999997,1.9299999999999999,94.5,2.4833333333333343,0.013848146092655833,0.076164803509607082,-0.040903721204961663,4.7000000000000002,-0.21552878179384194,0.026630512659413845,5.8600000000000003,0.17872466341174748,-0.012545713124746061,2.4044368600682593,78.83634933774826,-3.4900584541945143,-0.029978359717455993
2009-01-30,-0.14187327823691465,94.75833333333334,18.120000000000001,4.2999999999999998,-0.1996615905245348,-0.33751363140676116,-0.14856341976173792,-0.36354112100576219,3.0800000000000001,-0.0048346335567519549,0.032802117355558158,0.040517017845407677,2.3100000000000001,0.7200000000000002,40,0.60836091555930627,,-0.19999999999999973,1.49,94.75833333333334,1.9750000000000227,0.015594929988718587,0.081743424690866484,-0.063307873090481692,4.2999999999999998,-0.14187327823691454,-0.015299208812344253,6.2300000000000004,-0.10347376201034721,-0.012212742784534436,1.9502407704654894,,,-0.029604047132360423
2009-02-27,-0.14905149051490507,94.399999999999991,16.219999999999999,4.0999999999999996,-0.13121272365805159,-0.36879432624113473,-0.22969374167776302,-0.3735787763941526,2.726,-0.041420584297976348,0.030347185249530506,0.051464561245244012,1.3800000000000001,-0.28999999999999981,44.840000000000003,0.38435413322152273,,-0.12999999999999989,1.9299999999999999,94.399999999999991,1.1583333333333172,0.012840795232821556,0.071908453303800815,-0.073818608746698211,4.0999999999999996,-0.14905149051490507,-0.020247857984073969,6.2800000000000002,-0.13846608541451141,-0.012842365967365876,1.842356687898089,,,-0.034941813481177975
2009-03-31,-0.1468531468531471,93.65000000000002,17.390000000000001,4,-0.080679405520169944,-0.1585213032581454,-0.046841731724627356,-0.2259365994236312,2.1459999999999999,0.018871348212665451,0.037570100422931407,0.06176780576999219,1.9100000000000001,0.16999999999999993,46.350000000000001,0.59267958878310167,,-0.10999999999999988,2.02,93.65000000000002,-0.041666666666642982,0.022560342675443934,0.14325817598906854,-0.072315882874888993,4,-0.14685314685314699,-0.0031667447202336895,6.0999999999999996,-0.020984187971035743,-0.0046348922314219942,2.2016393442622952,,,-0.029911353526840823
2009-04-30,-0.098430813124108396,93.458333333333329,17.030000000000001,4.0999999999999996,-0.28109854604200324,-0.17060085836909866,0.27242798353909459,0.083391730903994432,2.1469999999999998,0.057497988017526591,0.036407497781721254,0.06910758503661546,1.5399999999999998,-0.55000000000000004,44.140000000000001,0.54906657302196771,,-0.10999999999999988,1.8999999999999999,93.458333333333329,-0.61666666666667425,0.021897905417742614,0.14324879794106637,-0.098581140999113304,4.0999999999999996,-0.098430813124108396,-0.01698903113919294,6.3200000000000003,-0.1129719406493314,0.0015129037470071882,2.4462025316455698,,,-0.024491824385380445
2009-05-29,-0.075862068965517171,93.25,13.449999999999999,3.7000000000000002,-0.15271966527196645,-0.19591226321036892,0.39412273120138286,0.073901464713714837,1.9350000000000001,-0.00028270549155429148,0.038772510106578562,0.067608711269765531,1.4600000000000002,-1.4799999999999998,36.5,0.48286569304060323,,-0.14000000000000012,2.25,93.25,-1.0666666666666629,0.027755336061087599,0.18734851841234129,-0.10659747961452926,3.7000000000000002,-0.075862068965517171,-0.014700757215727254,6.7000000000000002,-0.10220264317180601,0.0031411609789826489,2.4074626865671638,,,-0.023609429107563473
2009-06-30,-0.047233468286099978,93.491666666666674,11.76,3.7000000000000002,-0.22222222222222232,-0.22182006204756965,0.12062546537602414,0.068133427963094517,1.387,0.0054327106366756084,0.034845592466410391,0.060039577700754299,1.49,-1.7099999999999997,28.920000000000002,0.28691003625044909,,0.039999999999999591,2.5499999999999998,93.491666666666674,-0.75,0.026853936972000447,0.17477437312610269,-0.12122564331399688,3.7000000000000002,-0.047233468286099978,-0.019215878061702715,7.0599999999999996,-0.13849317080334836,0.0047060729699075488,2.1317280453257794,,,-0.020490777423793238
2009-07-31,0.016853932584269593,93.266666666666666,10.550000000000001,3.6000000000000001,-0.37904468412943004,-0.18386589837611311,0.0077619663648123005,0.28230452674897122,0.88300000000000001,0.012038983374737411,0.03409482993444346,0.057066470004147996,1.9700000000000002,-0.33999999999999986,26.350000000000001,0.24960414509543485,,0.52000000000000002,2.4199999999999999,93.266666666666666,-1.0833333333333428,0.030372037945528119,0.20450505549988937,-0.1611851851851851,3.6000000000000001,0.016853932584269593,-0.0086943117003236998,7.2400000000000002,-0.062205882352941007,0.0063752008372517377,2.1519337016574585,,,-0.022712849477213748
2009-08-31,0.11240875912408765,93.116666666666674,9.2200000000000006,3.5,-0.23359073359073346,-0.099079588521927331,0.031618102913825163,0.4382022471910112,0.73199999999999998,-0.013007660066483573,0.032299998194522228,0.056622581323113153,1.75,0.36999999999999988,25.920000000000002,0.25904169297942298,,0.33999999999999986,2.3900000000000001,93.116666666666674,-1.3583333333333343,0.031991784312195959,0.2202101153489486,-0.17323187108325877,3.5,0.11240875912408765,-0.0018773211443496459,7.6200000000000001,-0.013557323902151303,0.0055228656962940104,2.1837270341207349,,,-0.026735198819834993
2009-09-30,0.12195121951219501,93.216666666666654,9.1199999999999992,3.3999999999999999,-0.25703564727954964,-0.059365994236311281,0.084385382059800396,0.21518987341772156,0.42399999999999999,0.041693102510649949,0.030751811594202927,0.04701348572945746,1.95,0.039999999999999813,26.010000000000002,0.22636680208978274,,0.42999999999999972,2.4300000000000002,93.216666666666654,-1.1416666666666799,0.032467957529817015,0.22024097857725916,-0.18232712967165987,3.3999999999999999,0.12195121951219523,0.036179377754679852,7.8200000000000003,0.26719811042220271,0.005127489366703486,2.0869565217391304,61.078276243093889,-3.3764494636750646,-0.029490921333532594
2009-10-30,0.28843106180665634,92.674999999999997,7.9299999999999997,3.7000000000000002,-0.25856164383561642,0.12123335669236157,0.02695763799743256,0.034928848641655907,0.23699999999999999,0.013765498389143982,0.035244717355968902,0.032945908373114063,1.6499999999999999,0.1100000000000001,25.609999999999999,0.19469272221845318,,0.38000000000000034,2.3599999999999999,92.674999999999997,-2.00833333333334,0.038809393489196431,0.28427880730836397,-0.197525206232814,3.7000000000000002,0.28843106180665634,0.18690171159167779,8.1300000000000008,1.3484176279207336,0.0073843076108381922,1.9680196801968017,11.865760035095414,-1.7966291460541637,-0.02796526033888691
2009-11-30,0.40640809443507586,92.541666666666671,7.6600000000000001,3.3999999999999999,-0.20396039603960392,0.1058588548601862,-0.0018028846153846922,0.029758214507129566,0.11,0.032401524777636581,0.039630801592122733,0.018185105415693736,1.3900000000000001,-0.070000000000000062,30.690000000000001,0.19192617062413034,,0.31999999999999984,2.5099999999999998,92.541666666666671,-2,0.045570481210678526,0.3398798390296438,-0.21121151784346759,3.3999999999999999,0.40640809443507586,0.18144051513735268,8.3399999999999999,1.2956096113912787,0.010518882497462023,1.9916067146282974,12.820219805380651,-1.8620818895965043,-0.035647001696591074
2009-12-31,0.46075085324232079,92.408333333333346,7.6500000000000004,3.5,-0.19298245614035081,0.27679205110007077,0.10232843137254899,0.19534883720930196,0.028000000000000001,0.016398748516560646,0.040413099605924652,-0.0067330721782616898,1.3199999999999998,-0.17000000000000015,24.510000000000002,0.19662552709832928,,0.26000000000000023,2.54,92.408333333333346,-2.0916666666666544,0.046060005734692266,0.34967221020253825,-0.22232486528098538,3.5,0.46075085324232079,0.16785288188587652,8.5600000000000005,1.2123012925271135,0.010588814508365907,2.1016355140186911,14.839545343137251,-1.9545797422062114,-0.029909627859235233
2010-01-29,0.37239165329052981,91.741666666666674,6.3899999999999997,4.2000000000000002,0.040169133192389239,0.36460905349794226,0.036249999999999893,0.064184852374839396,-0.024,0.27614000220823653,0.040811319211580876,-0.026058422315179519,1.2199999999999998,-0.75000000000000044,21.68,0.20049295531614733,,0.21999999999999975,2.71,91.741666666666674,-3.0166666666666657,0.047190277051751162,0.38971303798571133,-0.20495530813862328,4.2000000000000002,0.37239165329052981,0.21226628127540417,8.5500000000000007,1.5722569134701159,0.02929955969803677,1.9391812865497073,10.545350354609928,-1.6934191713344051,-0.008773478375001309
2010-02-26,0.39649681528662417,92.125,6.46,3.6000000000000001,-0.038901601830663712,0.48228176318063953,0.032510535821794084,0.030649038461538325,-0.14199999999999999,0.09808592787316206,0.04577100897470765,-0.047242250689299325,1.3999999999999999,-0.35000000000000009,24.620000000000001,0.16412321830045518,,0.30000000000000027,2.8100000000000001,92.125,-2.2749999999999915,0.055046468643427993,0.43349094056699544,-0.19933449532562175,3.6000000000000001,0.39649681528662417,0.20329854603562905,8.7699999999999996,1.5343954734961287,0.0421054185083789,1.9555302166476625,11.177040271712759,-1.7432003312569637,0.0081285845315448579
2010-03-31,0.47704918032786892,92.225000000000009,6.6600000000000001,3.5,-0.036951501154734334,0.43484735666418461,0.071150639244024427,0.18075980392156854,-0.192,0.11148708815672315,0.048106016394473095,-0.060665702451707104,1.5600000000000001,-0.3899999999999999,19.5,0.20622213644122978,,0.16999999999999993,2.7999999999999998,92.225000000000009,-1.4250000000000114,0.058683696546052655,0.45626574064555891,-0.19703491152558594,3.5,0.47704918032786892,0.19716510046003222,9.0099999999999998,1.4948576538977494,0.049732915822435109,2.1387347391786902,12.890859507428456,-1.7963040840949263,0.016605026762342767
2010-04-30,0.46518987341772133,92.033333333333346,5.8399999999999999,3.7999999999999998,0.035955056179775235,0.29948253557567917,0.21170084439083237,0.25562499999999999,-0.23799999999999999,0.0084559445290040003,0.052465419910640243,-0.070059226987707945,1.4899999999999998,-0.16000000000000014,17.59,0.20721748009905797,,0.17000000000000037,2.8199999999999998,92.033333333333346,-1.4249999999999829,0.062167370745217054,0.49526672027022844,-0.17150352516806033,3.7999999999999998,0.46518987341772133,0.21314718301822197,9.2599999999999998,1.6712900820283372,0.045516543470609072,2.1695464362850974,12.02065411386757,-1.7121082162486367,0.014026528109625902
2010-05-31,0.4208955223880595,92.158333333333346,5.6100000000000003,3.6000000000000001,0.081481481481481488,0.21450712957222584,0.14227405247813429,0.17940999397953039,-0.40899999999999997,0.041852244609402733,0.054581638068282423,-0.070510803492539353,1.4500000000000002,0.060000000000000053,22.050000000000001,0.24138540295620178,,0.24999999999999956,2.7200000000000002,92.158333333333346,-1.0916666666666544,0.06382493153463864,0.50049383811745718,-0.1559907069366081,3.6000000000000001,0.4208955223880595,0.20390629998263463,9.5199999999999996,1.6639319809069213,0.049888533630577214,2.0577731092436977,11.773317794710891,-1.7442113840985596,0.020769759684216904
2010-06-30,0.32719546742209626,92.183333333333337,6.9800000000000004,3.5,0.03874092009685226,0.29501661129568069,0.011416709911779899,0.083379655364091088,-0.34399999999999997,0.05090529908048147,0.060230542463238779,-0.060007384116719353,1.4299999999999999,0.1100000000000001,32.07,0.22174031918991891,,0.11000000000000032,2.5499999999999998,92.183333333333337,-1.3083333333333371,0.069365920442157059,0.54221027812286071,-0.13642518618821919,3.5,0.32719546742209626,0.19953776429590309,9.3699999999999992,1.6521154133652267,0.053386208868136054,2.0800426894343649,11.796996651886705,-1.7354565607799564,0.021128144352006828
2010-07-30,0.30386740331491713,92.016666666666666,7.1299999999999999,3.5,0.089330024813895736,0.26059050064184852,-0.022399203583872485,0.18455971049457198,-0.065000000000000002,0.062688821752265644,0.06353554777019732,-0.065996464667408827,1.3800000000000001,0.16000000000000036,34.539999999999999,0.25057245235059095,,0.080000000000000071,2.3599999999999999,92.016666666666666,-1.25,0.072757353405488834,0.58084620468715265,-0.092546803249735188,3.5,0.30386740331491713,0.19277623423808504,9.4399999999999995,1.6213301378070699,0.057276981552139672,2.0805084745762712,12.113510716925353,-1.7617090950885113,0.029775071697288658
2010-08-31,0.2834645669291338,92.091666666666654,6.5700000000000003,3.3999999999999999,0.062972292191435741,0.19591346153846145,0.015824400204185851,0.16034985422740533,-0.065000000000000002,0.040489090642846559,0.0637155449839093,-0.07094534190737567,1.2099999999999997,-0.19000000000000017,23.5,0.23673692580459785,,-0.10999999999999988,2.3900000000000001,92.091666666666654,-1.0250000000000199,0.072341819189539969,0.57210322009061276,-0.068218733080671279,3.3999999999999999,0.2834645669291338,0.18507038394355588,9.7799999999999994,1.6246241731809981,0.062727786047944045,2.0347648261758691,12.248986767835662,-1.7950629730563783,0.037575347023553807
2010-09-30,0.26086956521739135,91.891666666666666,6.9199999999999999,3.7000000000000002,0.13888888888888884,0.30759803921568629,0.094920472036942094,0.10742086144265706,-0.23899999999999999,-0.0024362655529451827,0.07282393778285523,-0.064671824786659893,1.1800000000000002,-0.37999999999999989,26.050000000000001,0.22642006134341353,,-0.28000000000000025,2,91.891666666666666,-1.3249999999999886,0.083283669147762529,0.67529175067310787,-0.034418948926721038,3.7000000000000002,0.26086956521739113,0.18448077832578882,9.8599999999999994,1.6461190655614168,0.058950353365929242,2.1643002028397569,12.963825306720381,-1.7900657326687528,0.033855296331708695
2010-10-29,0.24477244772447704,92.033333333333346,6.2599999999999998,3.5,0.020785219399538146,0.32250000000000001,0.077393075356415375,0.053260328521652633,-0.26200000000000001,0.10535439137134039,0.065298360998927052,-0.056063244621940789,0.86999999999999988,-0.61999999999999988,23.699999999999999,0.15752371236931353,,-0.31000000000000005,2.1099999999999999,92.033333333333346,-0.64166666666665151,0.07271176234443999,0.57927037334403764,-0.0049495526365884723,3.5,0.24477244772447704,0.17594351985323028,10.119999999999999,1.6190835091950559,0.065847497225629548,2.0909090909090913,13.069122055674518,-1.8326534097682701,0.039292110275705339
2010-11-30,0.116306954436451,92.391666666666666,5.8200000000000003,3.3999999999999999,0.059701492537313383,0.24322697170379293,0.037688442211055273,0.054109239407861054,-0.32500000000000001,0.027076923076923221,0.06847833670550485,-0.041820665716516436,0.41000000000000014,-1.04,21.199999999999999,0.18297475080362405,,-0.56000000000000005,2.29,92.391666666666666,-0.15000000000000568,0.076572801080851294,0.58259139489014367,0.019611650485436893,3.3999999999999999,0.116306954436451,0.17693070397708496,9.3100000000000005,1.5733232856066317,0.06524429303517354,2.2180451127819545,13.125083820289298,-1.7778989666469853,0.044301884658210167
2010-12-31,0.095794392523364413,92.266666666666666,6.2199999999999998,3.2999999999999998,0.026570048309178862,0.104502501389661,-0.068884723523898739,0.019497178040020602,-0.42499999999999999,0.073877507695573774,0.065627013565992653,-0.025228762044889663,0.68999999999999995,-0.73999999999999999,23.539999999999999,0.18861405069204362,,-0.50999999999999979,2.3599999999999999,92.266666666666666,-0.14166666666667993,0.072888113630700246,0.56366807874408198,0.041773906157196672,3.2999999999999998,0.095794392523364413,0.17926394604385612,9.3800000000000008,1.6191194209891437,0.069127741259961573,2.1183368869936032,12.272102812441794,-1.7566973288507493,0.044427142457566182
2011-01-31,0.067836257309941583,92.375,5.4100000000000001,3.3999999999999999,-0.12398373983739841,0.1857659831121834,-0.070888468809073735,0.0010183299389001643,-0.443,-0.19614120089980958,0.066329648837899713,-0.013197809827745433,0.99000000000000021,-0.3899999999999999,17.75,0.18040119716331166,,-0.050000000000000266,2.6899999999999999,92.375,0.63333333333332575,0.073354881381737513,0.55933097053574854,0.025838264299802738,3.3999999999999999,0.067836257309941583,0.18110616656071205,9.1300000000000008,1.612771739130435,0.033842989666426293,2.153340635268346,12.190193765796122,-1.7336114187260852,0.0076453848760071885
2011-02-28,0.061573546180159644,92.258333333333326,5.0800000000000001,3.2999999999999998,-0.059523809523809534,0.19125364431486891,-0.010653753026634294,0.026633165829145877,-0.51500000000000001,0.02865265205356482,0.061590339722084941,-0.00019187810724019538,1.0500000000000003,-0.15999999999999948,19.530000000000001,0.15644454000248012,,-0.020000000000000018,2.8399999999999999,92.258333333333326,0.13333333333332575,0.066152612423663104,0.51213147451319241,0.024341975064318344,3.2999999999999998,0.061573546180159644,0.18443971678356547,9.3100000000000005,1.6813636363636364,0.027814166247707606,2.1944146079484423,12.150851581508515,-1.711483938802929,0.00018160463456351472
2011-03-31,0.055493895671476112,92.174999999999997,4.7800000000000002,3.2999999999999998,-0.04796163069544368,0.08303061754021801,0.050327126321087157,-0.02202436738519209,-0.58699999999999997,0.043823105271591167,0.060109476858236865,0.0014162555718671976,1.1899999999999999,0.0099999999999997868,18.350000000000001,0.079812845325024112,,0.16999999999999948,2.73,92.174999999999997,-0.050000000000011369,0.062676748674005633,0.49044555837409426,0.023625173714512782,3.2999999999999998,0.055493895671476112,0.18303023405172064,9.5099999999999998,1.7105303145418629,0.022621512546060707,2.1945320715036805,12.200894554499424,-1.715540428658614,-0.0042241250378318718
2011-04-29,0.04103671706263512,92.225000000000009,4.7699999999999996,3.6000000000000001,-0.043383947939262479,0.092085614733698362,0.11597151576805698,0.036862003780718355,-0.56599999999999995,0.024735871205768811,0.055425627467927674,0.0069129233484266361,0.93000000000000016,0.060000000000000275,17.739999999999998,0.10251524052725686,,0.10999999999999943,2.6699999999999999,92.225000000000009,0.19166666666666288,0.058588868595597532,0.4555284533307703,0.016425885612507463,3.6000000000000001,0.04103671706263512,0.18123059981966314,9.6400000000000006,1.7318895836510599,0.023973347361038178,2.2759336099585061,12.668244100035224,-1.716708051293212,-0.008044523078276633
2011-05-31,0.040966386554621925,92.283333333333346,4.71,3.2999999999999998,-0.068493150684931559,0.10158244002041861,0.056289769946157531,0.045036319612590692,-0.54200000000000004,0.045260229354685544,0.053476025530273086,0.014838747022908549,0.89000000000000012,0.47999999999999998,14.75,0.12693850341189786,,0.14999999999999991,2.71,92.283333333333346,0.125,0.05589588348866581,0.43132990092087048,0.0039323633503736133,3.2999999999999998,0.040966386554621925,0.17766477727756916,9.9100000000000001,1.747743613278262,0.024398080563258207,2.1775983854692229,12.347348796498906,-1.7352187561922208,-0.018044212809787075
2011-06-30,0.064034151547492257,92.075000000000003,5.0899999999999999,3.2000000000000002,-0.074592074592074509,0.054899948691636835,-0.014853857211308163,0.03472571716155004,-0.59299999999999997,0.023453003788562077,0.05034881204109154,0.0093577047345573261,0.91999999999999993,0.22999999999999998,15.449999999999999,0.17041250673638778,,-0.049999999999999822,2.6000000000000001,92.075000000000003,-0.10833333333333428,0.051068067047582932,0.40471443135209462,-0.0054880439043513141,3.2000000000000002,0.064034151547492257,0.18412683455440645,9.9700000000000006,1.8084220268394264,0.022379335300339642,2.062186559679037,11.36902763561924,-1.7071259273179595,-0.021519474223469892
2011-07-29,0.046610169491525522,92.408333333333346,5.4199999999999999,3.2999999999999998,-0.082004555808656066,0.0020366598778003286,-0.1030082041932544,0.0010172939979653517,-0.55500000000000005,0.032338308457711573,0.047537667698658304,0.0055431424417000663,0.56999999999999984,-0.42000000000000037,16.52,0.22763243164286198,,-0.25,2.73,92.408333333333346,0.39166666666667993,0.046773092227637703,0.35508572516148229,-0.019462826002335398,3.2999999999999998,0.046610169491525522,0.1847464458159806,9.8800000000000008,1.8187334681811109,0.020198381912889252,1.9919028340080971,10.820716913337325,-1.6923721495232922,-0.022924294667036493
2011-08-31,0.013292433537832382,92.700000000000003,5.5099999999999998,3.1000000000000001,-0.10426540284360197,-0.083417085427135662,-0.15477293790546798,-0.1071953010279002,-0.51400000000000001,0.052776018577158634,0.04715631628274064,0.0030615864139489357,0.56000000000000005,-0.49000000000000021,25.25,0.27351469694551678,0.026680240264278954,-0.33000000000000007,2.46,92.700000000000003,0.60833333333334849,0.046105955597321779,0.33657347586044883,-0.032732907224481966,3.1000000000000001,0.013292433537832382,0.17244710354928175,9.9100000000000001,1.7328949428526697,0.021480668778162126,1.8405650857719473,10.525739067582217,-1.7437509609966693,-0.023872491073138935
2011-09-30,-0.021298174442190621,93.075000000000003,7.2999999999999998,3.2000000000000002,-0.11308203991130827,-0.16776007497656975,-0.13618677042801541,-0.14901772879731667,-0.38800000000000001,0.052245965983428011,0.046452384462901897,0.0052164112230651538,0.25,-0.93999999999999995,31.620000000000001,0.27162451897206469,-0.054370876774998966,-0.48999999999999977,2.0299999999999998,93.075000000000003,1.1833333333333371,0.045369947677072808,0.31418688766372904,-0.052702184745113012,3.2000000000000002,-0.021298174442190621,0.16830836474202643,9.6500000000000004,1.6856463124504364,0.025812151035591979,1.8404145077720209,10.536018065487392,-1.7448088568702103,-0.023149273296752204
2011-10-31,-0.07411067193675891,92.950000000000003,8.4100000000000001,3.1000000000000001,-0.10407239819004532,-0.079867674858223103,-0.010670731707317138,-0.11257976298997274,-0.13300000000000001,0.018470116745077592,0.045189922131516624,0.0062236370988523193,0.22999999999999998,-0.70000000000000018,42.960000000000001,0.27242114822252173,-0.011758616490074481,-0.3899999999999999,1.6699999999999999,92.950000000000003,0.91666666666665719,0.044007578238293377,0.31025342657996818,-0.063133728716280979,3.1000000000000001,-0.07411067193675891,0.16888143980206713,9.3699999999999992,1.7048018047051241,0.019577085630912316,2.0779082177161152,11.420682419659734,-1.7040642358463658,-0.026986107273743842
2011-11-30,0.034371643394199847,93.016666666666666,7.0700000000000003,2.8999999999999999,-0.15023474178403751,-0.14866828087167072,-0.036184210526315819,-0.18535681186283592,-0.035000000000000003,0.089499700419412909,0.046377615984850795,0.0069682448408977526,0.060000000000000053,-0.83000000000000007,29.960000000000001,0.30169253198102158,-0.0043609329148855958,-0.30999999999999983,1.9199999999999999,93.016666666666666,0.625,0.045573915266448051,0.31825784161069559,-0.079603884974290606,2.8999999999999999,0.034371643394199847,0.17121444725069745,9.6300000000000008,1.6818550348629804,0.025290592391638667,1.8255451713395636,10.452743925954492,-1.7449858541429719,-0.023793656692610243
2011-12-30,0.035181236673774041,92.966666666666654,7.79,3.3999999999999999,-0.0023529411764706687,-0.018117765475591296,0.098536036036036112,-0.051070038910505655,-0.099000000000000005,0.059503805475931593,0.047653677389833726,0.0074093596876231294,-0.040000000000000036,-0.95999999999999996,27.800000000000001,0.29355837150806235,-0.019032674777646474,-0.43999999999999972,1.8300000000000001,92.966666666666654,0.69999999999998863,0.047067704099407637,0.33104285216583429,-0.081717977955150234,3.3999999999999999,0.035181236673774041,0.1727663138533293,9.7100000000000009,1.7141926022486556,0.024531574115006727,2.0092687950566428,11.381451520912549,-1.7342140984006298,-0.0258701789894491
2012-01-31,0.037239868565169809,92.883333333333326,7.3799999999999999,3.2000000000000002,-0.074245939675174122,0.039165818921668372,0.049306625577812069,0.038109756097560954,-0.069000000000000006,0.088687977612743385,0.047473614397654851,0.0082969744468546214,0.020000000000000018,-0.54999999999999982,23.399999999999999,0.30566702831355835,0.007615327493362245,-0.45999999999999996,1.6399999999999999,92.883333333333326,0.50833333333332575,0.04664628120313008,0.33196603456227608,-0.077100557585079832,3.2000000000000002,0.037239868565169809,0.1713114477546476,9.4700000000000006,1.6566068515497554,0.046267130857648109,2.157338965153115,12.332437223042835,-1.7433574621137589,-0.0018729129060279792
2012-02-29,0.050483351235230733,93.108333333333334,6.6100000000000003,3.1000000000000001,-0.037974683544303778,0.048947626040137138,0.21899886234357235,0.17489035087719307,-0.14599999999999999,0.06058181818181807,0.051247713613796764,0.014154544068924024,-0.1399999999999999,-0.69999999999999996,19.440000000000001,0.19554308749579244,0.027590499012029035,-0.53000000000000003,1.6100000000000001,93.108333333333334,0.85000000000000853,0.051378779638265648,0.35408542300704737,-0.075540958268933589,3.1000000000000001,0.050483351235230733,0.16126452229982108,9.7799999999999994,1.599182338511856,0.049245268720160329,2.1912065439672803,13.400598220676962,-1.8108470238557235,0.00055340825504401892
2012-03-30,0.057833859095688833,93.25833333333334,5.9800000000000004,3,-0.080604534005037864,0.110685194058457,0.18810866222450007,0.30518018018018012,-0.31900000000000001,0.058561670120500287,0.053864925578163136,0.018915033469265041,-0.28999999999999981,-0.53999999999999981,18.43,0.17200145215560411,0.080835190682758462,-0.59000000000000008,1.6799999999999999,93.25833333333334,1.0833333333333428,0.055416595282964831,0.37360021319932085,-0.078161365399534666,3,0.057833859095688833,0.15638702605107044,10.06,1.587205497382199,0.050542903814740248,2.3041749502982105,14.604284094423255,-1.8465922435566662,0.0018864041778483553
2012-04-30,0.061203319502074693,93.858333333333334,5.9500000000000002,3.2999999999999998,-0.088435374149659851,-0.019598906107566094,0.052863436123348206,0.10477657935285078,-0.40400000000000003,0.084199329023811442,0.057380273774637836,0.012163534620019956,-0.14999999999999991,-0.37999999999999989,15.5,0.17589695023946783,0.018540829325617514,-0.46999999999999997,1.8999999999999999,93.858333333333334,1.6333333333333258,0.057650397275822884,0.35406952326901214,-0.08216510903426788,3.2999999999999998,0.061203319502074693,0.14480948214143666,10.23,1.4892015706806283,0.055468412869110084,2.1026392961876832,14.443981542518129,-1.9270844622333043,0.012899870300567384
2012-05-31,0.042381432896064553,94.166666666666671,6.04,2.8999999999999999,-0.12009803921568629,0.0013901760889714065,0.0083994400373308409,0.22923777019340164,-0.43099999999999999,0.085432355232406998,0.058109818720294193,0.0032235401039720779,-0.20000000000000018,-0.26000000000000023,17.149999999999999,0.17182833345101434,0.002960660267796511,-0.55999999999999983,1.6799999999999999,94.166666666666671,1.8833333333333258,0.060013996117206148,0.35008164401703556,-0.08636897767332552,2.8999999999999999,0.042381432896064553,0.13354824575130669,10.33,1.3997047728391012,0.059641347333969863,2.0919651500484027,15.438970002343567,-1.9987909452914181,0.022498490191112719
2012-06-29,0.025075225677031021,94.533333333333317,6.96,3,-0.035264483627204135,0.013132295719844311,-0.10138050043140645,0.067657611481291458,-0.374,0.072977260708619873,0.05750970912261244,-0.00012789488556685935,-0.28999999999999981,-0.24999999999999978,24.059999999999999,0.18518030738170541,0.012251557951840963,-0.57000000000000006,1.3200000000000001,94.533333333333317,2.4583333333333144,0.060541808585027335,0.33096188693148376,-0.083366180528182787,3,0.025075225677031021,0.12965821389195151,10.220000000000001,1.3501722158438576,0.063401851347672178,2.0381604696673188,15.427661564625849,-2.0241144331694887,0.027051174227216146
2012-07-31,0.044534412955465452,94.916666666666671,6.3600000000000003,3,-0.049627791563275458,0.0050813008130081716,-0.080427708042770774,-0.031815956926088962,-0.25900000000000001,0.066867469879518193,0.057486030437489788,0.0027889364933478822,-0.50999999999999979,-0.5299999999999998,17.079999999999998,0.16459298271941677,-0.021245541568392201,-0.49000000000000021,1.3400000000000001,94.916666666666671,2.5083333333333258,0.062329190800202605,0.31684005323436293,-0.080786026200873384,3,0.044534412955465452,0.1240256091673855,10.32,1.2862770847012475,0.066049265364873433,1.9166666666666667,15.377713118938235,-2.0823316950040378,0.028985829869506485
2012-08-31,0.058526740665993948,95.041666666666671,6.1600000000000001,2.7000000000000002,-0.097883597883597795,0.07072368421052655,-0.096251735307727793,-0.08866075594960332,-0.27300000000000002,0.10153064634716946,0.053998461224425753,0.011980174057890092,-0.67000000000000015,-0.53000000000000025,18.93,0.14547830883746832,-0.038587839745713559,-0.54000000000000004,1.28,95.041666666666671,2.3416666666666686,0.058738981528269063,0.29124745007766717,-0.080096115338406215,2.7000000000000002,0.058526740665993948,0.12466137466137468,10.49,1.3041687263140553,0.070909385681667825,1.8617731172545282,14.9750562223626,-2.0848565759289484,0.030368845141127254
2012-09-28,0.10155440414507777,94.950000000000003,5.9800000000000004,2.8999999999999999,-0.0625,0.16779279279279269,-0.0043206913106096367,-0.10526315789473695,-0.36499999999999999,0.065566976127320764,0.050088843314834319,0.015784773685818099,-0.57000000000000006,-0.28000000000000025,17.469999999999999,0.18227362385516224,-0.0087811818186936952,-0.53000000000000003,1.3500000000000001,94.950000000000003,1.875,0.054071909256833139,0.27306314174700719,-0.075662553105401598,2.8999999999999999,0.10155440414507777,0.14550190566746304,10.630000000000001,1.5054563492063495,0.071915388910941624,1.9510818438381936,13.77655354200988,-1.9545841180515167,0.036554709985906264
2012-10-31,0.1568836712913555,95.083333333333329,5.7199999999999998,2.8999999999999999,-0.05555555555555558,0.15973292244478676,0.14155712841253787,0.049744304974430387,-0.45900000000000002,0.11916167664670652,0.048672913010779695,0.019704248825034354,-0.69999999999999996,-0.55000000000000004,15.73,0.20005881972298464,-0.018018500506150281,-0.6399999999999999,1.4199999999999999,95.083333333333329,2.1333333333333258,0.052066180506547655,0.25599205415719289,-0.071472329997957829,2.8999999999999999,0.1568836712913555,0.14710328270376447,10.84,1.5047130808665454,0.079747388222647819,2.0830258302583022,15.00618309704363,-1.9746407599280222,0.045142868448636575
2012-11-30,0.031152647975077663,95.066666666666677,5.6299999999999999,2.3999999999999999,-0.11325966850828728,0.20875995449374307,0.088069636456733269,-0.016658954187875996,-0.52600000000000002,0.080566439815769497,0.040796268272516034,0.019426036047800077,-0.75,-0.54999999999999982,18.600000000000001,0.23034364920348585,-0.021216574751846018,-0.6100000000000001,1.4199999999999999,95.066666666666677,2.0500000000000114,0.041253611913758537,0.2035178187745417,-0.067659838609559375,2.3999999999999999,0.031152647975077663,0.15577393109451904,9.9299999999999997,1.5385251322751323,0.078958944281525056,2.1399798590130916,13.811929070392262,-1.8647362268400991,0.049629335342977532
2012-12-31,0.038105046343975157,95.358333333333334,5.6500000000000004,2.7000000000000002,-0.160377358490566,0.068682726806765793,0.0053037608486019572,0.00096015362458001796,-0.54800000000000004,0.054109525142270742,0.036306204422259514,0.018477199539525813,-0.76000000000000023,-0.47000000000000042,15.869999999999999,0.18210783207427317,0.0039894033308289778,-0.57999999999999985,1.3700000000000001,95.358333333333334,2.3916666666666799,0.034892361611747802,0.16195871181452934,-0.081539735099337651,2.7000000000000002,0.038105046343975157,0.14659155957822781,10.08,1.4610550686290724,0.078497364612790443,2.0684523809523809,14.27050933786078,-1.9313944381626387,0.052071773514042352
2013-01-31,0.049630411826821375,95.549999999999997,5.3399999999999999,3.1000000000000001,-0.020050125313283096,0.10768477728830139,0.0022143489813994943,0.14408493427704738,-0.55300000000000005,0.12456747404844282,0.036113781863377437,0.019410739021026746,-0.7300000000000002,-0.22000000000000042,18.02,0.18872351419697131,-0.027498837864420533,-0.58000000000000007,1.53,95.549999999999997,2.6666666666666714,0.034214238899812344,0.15225336310416504,-0.077083333333333282,3.1000000000000001,0.049630411826821375,0.15275485241710893,9.9399999999999995,1.492391663910023,0.080948859810122231,2.2766599597585513,15.163579740662751,-1.8961870440133852,0.052417196622926543
2013-02-28,0.043967280163599298,95.233333333333334,4.9500000000000002,2.5,-0.16842105263157892,0.15352309846010259,0.16329411764705881,0.26574500768049147,-0.59799999999999998,0.054515531783583704,0.026751592356687892,0.013373542513861802,-0.67999999999999994,-0.0099999999999997868,14.279999999999999,0.18303961765309287,-0.010300059634248404,-0.55999999999999983,1.75,95.233333333333334,2.125,0.021704436642195901,0.10345781466113378,-0.087565308254963337,2.5,0.043967280163599298,0.15829505605768754,10.210000000000001,1.5921510183805265,0.080256600502958131,2.4211557296767872,15.526165366614665,-1.8582816884615951,0.053229573475931158
2013-03-29,0.032803180914512842,95.25,4.9800000000000004,2.6000000000000001,-0.1041095890410958,0.090163934426229497,0.21199040767386079,0.21841851494696241,-0.64100000000000001,0.082221577726218076,0.019636558809998483,0.0086556123803011586,-0.54999999999999982,0.02000000000000024,15.51,0.15151814930359914,-0.056884681387511682,-0.55000000000000004,1.6399999999999999,95.25,1.99166666666666,0.013267393162855745,0.063020117523564789,-0.089417210183042162,2.6000000000000001,0.032803180914512842,0.15391927051867607,10.390000000000001,1.5838859416445623,0.082280383112725453,2.4321462945139554,15.954431651664224,-1.880962520849021,0.054579552087794747
2013-04-30,0.035190615835777095,95.158333333333346,4.7999999999999998,2.7999999999999998,-0.099502487562189046,0.17108321710832164,0.11312417145382248,0.11558901682905232,-0.64800000000000002,0.07094339622641499,0.016651227771787847,0.0092412725302650767,-0.54999999999999982,0.15000000000000013,12.699999999999999,0.13431166126145971,-0.067158548987670486,-0.58000000000000007,1.6200000000000001,95.158333333333346,1.3000000000000114,0.014574099314223155,0.0705629308463636,-0.09036911327959285,2.7999999999999998,0.035190615835777095,0.15083622094587112,10.59,1.5804045092838197,0.081153344452304044,2.3786591123701606,15.938957306199518,-1.9022293268075292,0.053471683552650084
2013-05-31,0.050338818973862498,94.841666666666683,4.5499999999999998,2.5,-0.10584958217270191,0.17954650624710777,0.031148867313915751,0.19952941176470573,-0.66100000000000003,0.06578947368421062,0.012324500022572238,0.0096318505122368059,-0.57999999999999985,0.17000000000000015,13.52,0.12538367908619699,-0.066728275948092497,-0.57000000000000006,1.48,94.841666666666683,0.67500000000001137,0.0098814860562435047,0.050971998906789252,-0.08896034297963562,2.5,0.050338818973862498,0.16073292719028998,10.85,1.712483399734396,0.079076232087357479,2.3493087557603687,14.884815820085301,-1.8462204824649624,0.057037664594244308
2013-06-28,0.074363992172211235,94.483333333333348,4.6200000000000001,2.6000000000000001,-0.10182767624020883,0.22035525684109469,0.0059358923624852622,0.21918465227817752,-0.70099999999999996,0.052735337604731258,0.011519493951703375,0.017334904394331885,-0.28000000000000003,0.4800000000000002,16.300000000000001,0.1474446442040207,-0.10355990539308679,-0.5,1.8600000000000001,94.483333333333348,-0.049999999999968736,0.0099963842865344876,0.055146719980715103,-0.094603311115889044,2.6000000000000001,0.074363992172211235,0.1720356408498972,10.98,1.8357712765957448,0.077466636797132393,2.3151183970856102,13.84704092720029,-1.7886107286610153,0.055458383702221781
2013-07-31,0.053294573643410725,94.075000000000003,5.1600000000000001,2.7000000000000002,-0.06788511749347248,0.31445904954499482,0.03215561730845562,0.14891736632788333,-0.68700000000000006,0.067596999274017966,0.0086974667789561089,0.020267382580170967,0.30999999999999983,1.04,16.859999999999999,0.13310969960216812,-0.10131873677079173,-0.22999999999999998,2.1600000000000001,94.075000000000003,-0.84166666666666856,0.0068602644589603745,0.040647066919340197,-0.096307492982077192,2.7000000000000002,0.053294573643410725,0.18099215487295581,10.869999999999999,1.9308794137241843,0.077471785596005205,2.3919043238270472,13.465367031829549,-1.728031147216069,0.054791373224871043
2013-08-30,0.062917063870352674,93.72499999999998,4.71,2.3999999999999999,-0.038123167155425297,0.28366615463389655,-0.016477049823460099,0.014158576051779947,-0.627,0.051092233009708776,0.009355540327145917,0.017848401791855983,0.35999999999999988,1.0399999999999998,13.449999999999999,0.13341727429303715,-0.1169792691183893,-0.12000000000000011,2.29,93.72499999999998,-1.3166666666666913,0.008357550431665306,0.052443628958699959,-0.091858946451893631,2.3999999999999999,0.062917063870352674,0.18384298848113079,11.15,1.9990019960079841,0.072459014325273685,2.2484304932735424,12.541258112830754,-1.7187914438851197,0.051269677346463149
2013-09-30,0.041392285983066657,93.633333333333326,4.7599999999999998,2.7000000000000002,-0.032000000000000028,0.31726133076181307,0.074744295830055041,0.081123862287297177,-0.65700000000000003,0.064255153636717077,0.0098619476414811835,0.010204858316222032,0.64000000000000012,1.1899999999999999,17.010000000000002,0.13152921830839207,-0.10926793694129711,-0.060000000000000053,2.3900000000000001,93.633333333333326,-1.3166666666666771,0.0092207019631171949,0.058705135831846209,-0.089516305537316709,2.7000000000000002,0.041392285983066657,0.17277963482823772,11.07,1.8823333333333334,0.072318951557223565,2.4679313459801264,14.513901186470692,-1.7717266046979554,0.051144088169245538
2013-10-31,0.044280442804428111,93.708333333333329,4.8300000000000001,2.7999999999999998,0.024064171122994527,0.17139061116031895,0.017307692307692246,0.050019849146486717,-0.66200000000000003,0.035160131468317646,0.014492645356003697,0.0032234322695515738,0.62000000000000011,1.1699999999999999,16.600000000000001,0.14808404173729395,-0.085207803803592053,-0.0099999999999997868,2.3100000000000001,93.708333333333329,-1.375,0.015705022412930481,0.098810766014687676,-0.08313173521002859,2.7999999999999998,0.044280442804428111,0.16703128746104051,11.32,1.8578333333333334,0.065886818280807669,2.3365724381625439,14.237014443347984,-1.8071601385956053,0.044726408724493627
2013-11-29,0.17623363544813686,93.291666666666671,4.3600000000000003,2.3999999999999999,0.052959501557632294,0.3143529411764705,0.11408057439170327,0.095723813260102153,-0.67400000000000004,0.055919587760035583,0.018167101358036009,-0.0062319915195243603,0.45000000000000018,1.03,13.75,0.14158806784491187,-0.08577551889202506,-0.21999999999999975,2.2599999999999998,93.291666666666671,-1.7750000000000057,0.020780856423173955,0.13940491183879183,-0.071016422547714009,2.3999999999999999,0.17623363544813686,0.17684304353839772,11.68,1.9181530255042509,0.063599918461642924,2.3912671232876712,14.560882071782391,-1.8065152202297152,0.047996119275754312
2013-12-31,0.17559523809523814,93.383333333333326,4.2300000000000004,2.7999999999999998,0.0702247191011236,0.29832134292565948,-0.009150805270863871,0.064909520062942594,-0.72299999999999998,0.057438711390388475,0.023639647776021677,-0.0055233901269347019,0.57000000000000028,0.85000000000000031,13.699999999999999,0.1651134759530177,-0.087833652981713195,-0.2799999999999998,2.4700000000000002,93.383333333333326,-1.9750000000000085,0.028443129815987511,0.18819870894911758,-0.051149166291122206,2.7999999999999998,0.17559523809523814,0.17736094907652916,11.85,1.9519759879939971,0.063797571199074365,2.2843881856540085,13.867998462327012,-1.8034856808984836,0.046182395047312808
2014-01-31,0.045271629778672162,93.583333333333329,4,2.8999999999999999,0.023017902813299296,0.026955368979231009,-0.12136105860113422,-0.10615384615384627,-0.76700000000000002,0.049670329670329583,0.023847784592867516,-0.0063108023820633852,0.6599999999999997,0.34999999999999987,13.720000000000001,0.21103270423257786,-0.085328072887563611,-0.079999999999999627,2.6600000000000001,93.583333333333329,-1.9666666666666686,0.029065208751785532,0.18650175615729064,-0.047404063205417568,2.8999999999999999,0.045271629778672162,0.19110400524740703,10.390000000000001,1.9560255119167504,0.059061730807991486,2.2367661212704522,11.881235627252446,-1.6699291906813443,0.042146981146286455
2014-02-28,0.029382957884426908,93.63333333333334,4.21,2.3999999999999999,0.031645569620253111,-0.0093042071197411147,-0.12316505549588264,-0.023135221380135684,-0.77500000000000002,0.026401352581610249,0.027325546208315732,-0.0017180927245498134,0.71999999999999975,0.35999999999999988,18.41,0.21081495171815953,-0.085499257959789965,0.049999999999999822,2.3300000000000001,93.63333333333334,-1.5999999999999943,0.034353488672721033,0.21871721121632368,-0.031149793861658281,2.3999999999999999,0.029382957884426908,0.19112177371310801,10.51,1.9939526289265919,0.056411908437777214,2.3301617507136059,12.282137320977251,-1.6622082704385361,0.039542812621312873
2014-03-31,0.031761308950914335,94.116666666666674,3.8100000000000001,2.6000000000000001,0.061162079510703293,-0.051048674317372367,-0.11414850387883269,-0.12225475841874089,-0.76100000000000001,0.030885702800482528,0.026093953271520087,0.0015266542988721099,0.54000000000000004,-0.10000000000000009,14,0.19663867193428422,-0.031913080512731007,0,2.3300000000000001,94.116666666666674,-1.1333333333333258,0.032499225700340695,0.19120377787033752,-0.01802218114602594,2.6000000000000001,0.031761308950914335,0.17946546579820033,10.720000000000001,1.9077906781086997,0.051963104264258542,2.2369402985074625,12.569513141647555,-1.7261652961250675,0.035116743078274615
2014-04-30,0.025495750708215192,93.858333333333334,3.77,2.7000000000000002,-0.0055248618784531356,-0.05557761016276308,0.023666092943201322,-0.10056710775047262,-0.77400000000000002,0.10211416490486269,0.029777064117405549,0.0015859114643786976,0.5900000000000003,-0.029999999999999805,13.880000000000001,0.19213753586388729,-0.03998514906620243,0.1599999999999997,2.29,93.858333333333334,-1.3000000000000114,0.037191787342522264,0.2284195605953242,-0.0093283582089552786,2.7000000000000002,0.025495750708215192,0.18367060584328518,10.859999999999999,1.9863429438543245,0.054725203486278184,2.1906077348066297,11.976783804430864,-1.6987910830983968,0.038563587324661919
2014-05-30,0.025806451612903292,93.616666666666674,3.71,2.2000000000000002,-0.06230529595015577,-0.018046292663789654,0.02204981625153124,-0.10383100608664508,-0.77300000000000002,0.05342312008978678,0.028555714115828357,0.012850019234436072,0.5299999999999998,0.079999999999999627,13.41,0.15044380317234249,-0.01736081911272902,0.27000000000000002,2.25,93.616666666666674,-1.2250000000000085,0.036123617422844534,0.23058909121582399,-0.0051764705882352269,2.2000000000000002,0.025806451612903292,0.18199826291008273,11.130000000000001,2.0175675675675677,0.053483684762904327,2.2488769092542675,12.406028131279303,-1.7077515539464787,0.025181797970451614
2014-06-30,0.03642987249544638,93.574999999999989,3.75,2.3999999999999999,-0.020348837209302251,-0.0062942564909520549,0.053377814845704696,-0.066863686738086403,-0.76600000000000001,0.070536828963795317,0.025688522039373884,0.010468767345958696,0.33999999999999986,-0.23000000000000043,11.4,0.13762112105711244,0.017313988761463284,0.22999999999999998,2.1099999999999999,93.574999999999989,-0.90833333333335986,0.032061406279613403,0.20599453534651649,0.0023747328425551828,2.3999999999999999,0.03642987249544638,0.1748735434073963,11.380000000000001,1.970945945945946,0.054836103553564719,2.219683655536028,12.816181007884813,-1.7533438255886242,0.027918203149796206
2014-07-31,0.056117755289788462,93.72499999999998,3.5299999999999998,2.5,-0.0084033613445378963,-0.069615384615384523,0.016813787305590688,0.040877796901893415,-0.78700000000000003,0.041556479032867299,0.025342830121763749,0.012356659782253754,0.3400000000000003,-0.3199999999999994,11.57,0.14061776380865218,0.092636274921331863,0.30999999999999961,2.0600000000000001,93.72499999999998,-0.35000000000002274,0.031817464907207382,0.19965459229272695,0.0078853046594979936,2.5,0.056117755289788462,0.17229645987786468,11.48,1.9389687235841084,0.052862108100439675,2.1071428571428572,12.475704071845845,-1.7784501449393852,0.027324473691837659
2014-08-29,0.033183856502241982,93.63333333333334,4.04,2.1000000000000001,-0.08536585365853655,-0.001994415636218605,-0.00039952057530967533,0.021641486320947312,-0.78000000000000003,0.044740792056344514,0.02198394190748898,0.0087090132782071672,0.25,-0.46999999999999975,16.949999999999999,0.15288572316746377,0.13585852003179988,0.34999999999999964,2.0499999999999998,93.63333333333334,-0.09166666666664014,0.02706312977259806,0.17230192621887414,0.004314477468839728,2.1000000000000001,0.033183856502241982,0.17244468133934454,11.52,1.9717284577619771,0.052206236986672039,2.171875,12.689374087747918,-1.7651741074723284,0.030787227615855617
2014-09-30,0.063233965672989889,93.416666666666671,3.7999999999999998,2.3999999999999999,-0.057851239669421295,-0.068081991215226956,0.0079176563737133332,0.061718098415346034,-0.73599999999999999,0.095972516628901605,0.019597711754936409,0.011920572131170815,0.29999999999999982,-0.24000000000000021,11.98,0.14266131482667269,0.059714780419844904,0.37000000000000011,1.8700000000000001,93.416666666666671,-0.21666666666665435,0.023546376994653118,0.1550136485481329,0.0021634615384615863,2.3999999999999999,0.063233965672989889,0.17376711320476962,11.77,2.0006779661016951,0.054804382945845553,2.1631265930331351,12.725686208065062,-1.7720678151031659,0.033399700671598032
2014-10-31,0.039752650176678284,93.283333333333317,4.4000000000000004,2.6000000000000001,-0.020887728459529908,-0.0015122873345935206,0.091773460107482441,0.1101303068516184,-0.71899999999999997,0.050874990770139572,0.018961568766062031,0.013620175540101198,0.55999999999999983,-0.030000000000000471,16.309999999999999,0.13002226921157251,0.079501790593641597,0.44000000000000039,1.9399999999999999,93.283333333333317,-0.42500000000001137,0.022684864876197475,0.15236667575179341,-0.0019189254017750734,2.6000000000000001,0.039752650176678284,0.17637074862142058,11.77,2.054650373387644,0.055994022322888082,2.2438402718776551,12.853768379316044,-1.7454482224030741,0.035272097189198215
2014-11-28,0.028253424657534332,93.391666666666652,4.2999999999999998,2.1000000000000001,-0.08875739644970404,-0.024704618689581181,0.088729016786570636,0.088294047143427701,-0.67100000000000004,0.051813471502590636,0.017806141978034873,0.017567972298999091,0.37999999999999989,-0.14999999999999991,14.029999999999999,0.11918952364753904,0.058072401804742269,0.35000000000000009,1.8500000000000001,93.391666666666652,0.099999999999980105,0.020776043245956277,0.13729501911702804,-0.013139034878165368,2.1000000000000001,0.028253424657534332,0.17047870260431852,12.01,2.039639333106499,0.055597823246197331,2.2681099084096585,13.35530236049712,-1.7729666413631011,0.03555774308587667
2014-12-31,0.0303797468354432,93.241666666666674,4.6399999999999997,2.3999999999999999,-0.065616797900262425,-0.0022164758034723953,0.060879811468971035,0.069279493269992054,-0.64200000000000002,0.087127552728490265,0.016373675658586384,0.032900234073133527,0.54000000000000004,0.20000000000000018,13.33,0.14379599280657573,0.01942054076942501,0.37999999999999989,1.71,93.241666666666674,-0.14166666666665151,0.01877807071475468,0.12690846124721691,-0.024934694846829641,2.3999999999999999,0.0303797468354432,0.16567608246700971,12.210000000000001,2.0130996937733929,0.057657146824662053,2.2121212121212119,13.41711991887095,-1.8025796177169169,0.027697093562345065
2015-01-30,0.13474494706448503,92.533333333333346,5.04,2.6000000000000001,-0.055000000000000049,0.11660929432013778,-0.01741764483150321,0.072757337742868966,-0.64700000000000002,0.31398659966499176,0.015149952103750586,0.038676062396725941,0.53000000000000003,0.18999999999999972,19.199999999999999,0.10919032364137946,-0.00031532855788296565,0.42999999999999972,1.5,92.533333333333346,-1.0499999999999829,0.017222123644410336,0.1285918565449303,-0.032227488151658656,2.6000000000000001,0.13474494706448503,0.19530267340544744,11.789999999999999,2.1793126913916301,0.075831761795186692,2.2010178117048347,11.90742388758782,-1.6882421666373619,0.046556978029385077
2015-02-27,0.1313035204567079,92.649999999999991,5.3700000000000001,2.2000000000000002,-0.0092024539877302303,0.088199265006124961,-0.021659324522760648,0.06514788169464425,-0.57099999999999995,0.12366953877344145,0.01779139297181076,0.033920780456731747,0.22999999999999998,-0.020000000000000018,20.969999999999999,0.12481520696575321,-0.029267360966567457,0.3100000000000005,1.21,92.649999999999991,-0.98333333333334849,0.020027494844716331,0.1472020871086652,-0.035224586288416071,2.2000000000000002,0.1313035204567079,0.18327498792853694,11.890000000000001,2.0624893869926986,0.084549748853587126,2.2413793103448274,12.921278610242052,-1.7517840171897401,0.061324798621337662
2015-03-31,0.12873134328358193,92.450000000000003,4.4299999999999997,2.2999999999999998,0,0.12718932443703079,0.00074046649389103436,0.061665357423409173,-0.504,0.096315071163969534,0.021458252412954071,0.027568929860249614,0.14999999999999991,-0.14999999999999991,13.34,0.14572265801271672,-0.038252805394577871,0.33999999999999986,1.3700000000000001,92.450000000000003,-1.6666666666666714,0.025228598618064479,0.19047591956638674,-0.039764705882352924,2.2999999999999998,0.12873134328358193,0.18582476328882103,12.1,2.1303978238694321,0.090185006656567035,2.2338842975206612,12.687771127603543,-1.7368967185513506,0.065002766762597641
2015-04-30,0.12891344383057102,92.299999999999997,4.8200000000000003,2.5,0.058333333333333348,0.12904581757040767,0.035067437379576072,0.017039000378644475,-0.52300000000000002,0.027111707909712734,0.016441594987017805,0.021969362680752835,0.28000000000000003,-0.2799999999999998,15.289999999999999,0.13996414897056478,0.00011965386529833033,0.35999999999999988,1.3799999999999999,92.299999999999997,-1.5583333333333371,0.016593067014777807,0.12776661601378916,-0.034369114877589202,2.5,0.12891344383057102,0.18405483669953451,12.26,2.1374084794823776,0.083607928838503875,2.1908646003262642,12.566619931490477,-1.7467478262123763,0.058425688944534482
2015-05-29,0.12309074573225498,92.341666666666654,4.5899999999999999,2.2000000000000002,0.12624584717607967,0.09228925289652401,0.025891181988743073,0.0036710719530104186,-0.53700000000000003,0.098817387598550965,0.017790816990157943,0.0095550610227674859,0,-0.37999999999999989,14.550000000000001,0.109608469036856,-0.027329644872192249,0.2200000000000002,1.47,92.341666666666654,-1.2750000000000199,0.017930739719336453,0.13731958168391856,-0.02081362346263016,2.2000000000000002,0.12309074573225498,0.18510858324715615,12.5,2.1966933696949034,0.088268757252426777,2.1871999999999998,12.445979205462448,-1.7387754283773051,0.068609517409700782
2015-06-30,0.10720562390158173,92.475000000000009,4.5199999999999996,2.3999999999999999,0.14836795252225521,0.12114014251781469,0.047724750277469363,0.0485005553498703,-0.54300000000000004,0.15262390670553949,0.020270172650437068,0.0072677353267236455,0.40000000000000013,-0.1399999999999999,13.84,0.045932613590107384,-0.021192534350428893,0.27000000000000002,1.51,92.475000000000009,-1.0999999999999801,0.022016139728012085,0.16567145145329076,-0.0073442312248281905,2.3999999999999999,0.10720562390158173,0.18114356523278458,12.6,2.1820197884680996,0.094521003103019252,2.2476190476190476,12.978800719255727,-1.7534458576288769,0.073551147270777939
2015-07-31,0.094076655052264702,92.258333333333326,5,2.6000000000000001,0.1497175141242939,0.26085159156676307,0.1355174981384959,0.17533718689788058,-0.54400000000000004,0.16213275299238306,0.020695519333592705,0.0087098646464673912,0.48999999999999977,-0.040000000000000258,18.23,0.15406577460580875,-0.073158324241055173,0.31000000000000005,1.71,92.258333333333326,-1.4666666666666544,0.022796058330191604,0.1764794849062335,0.005926979611190486,2.6000000000000001,0.094076655052264702,0.18732065870379533,12.56,2.2618194231097459,0.1036891067207879,2.4283439490445859,13.484719287654693,-1.7143476171650547,0.081408634899031718
2015-08-31,0.11024305555555558,92.383333333333326,5.3600000000000003,2.2000000000000002,0.19999999999999996,0.20103916866506788,0.099122165325530309,0.12757973733583494,-0.53800000000000003,0.11151019505995463,0.024168333489785976,0.016658935330916336,0.57999999999999985,0.34999999999999987,12.119999999999999,0.17864000327094376,-0.082288484923143446,0.27000000000000002,1.53,92.383333333333326,-1.2500000000000142,0.027773510706934346,0.2115415732178168,0.0269689737470169,2.2000000000000002,0.11024305555555558,0.18320994903844137,12.789999999999999,2.2342710997442459,0.11018815611479416,2.3494917904612982,13.449576465201464,-1.7447485705854762,0.082009912340220037
2015-09-30,0.078164825828377138,92.325000000000003,5.7000000000000002,2.5,0.21052631578947345,0.2046347211311863,0.082980225988700695,0.13466518682944884,-0.498,0.11918100573562751,0.029682183450372879,0.022324054676973348,0.54000000000000004,0.39000000000000012,28.43,0.18944214684264007,-0.056697259713846426,0.20999999999999996,1.47,92.325000000000003,-1.0916666666666686,0.035406875700578766,0.27174777100194192,0.049412329095706253,2.5,0.078164825828377138,0.18474281339180068,12.69,2.2685470085470087,0.11201562647399932,2.4168636721828212,13.519666942958329,-1.7216747395149492,0.08254607834040395
2015-10-30,0.084112149532710401,92.308333333333337,6.6200000000000001,2.3999999999999999,0.069333333333333469,0.2544490723210906,0.086229508196721483,0.23343261355174993,-0.41599999999999998,0.21065205171444634,0.031262646701740282,0.026951433648096379,0.76000000000000001,0.47999999999999998,24.5,0.12822284610665333,-0.10222380970713751,0.10000000000000009,1.4199999999999999,92.308333333333337,-0.9749999999999801,0.03735213924024694,0.28730020432289921,0.057678442682047582,2.3999999999999999,0.084112149532710401,0.18161738659331961,12.76,2.2364009579199453,0.12435321952945322,2.596394984326019,14.813980419152518,-1.7414474194151603,0.093573913701031408
2015-11-30,0.095753538717735287,92.408333333333346,5.8799999999999999,2.2000000000000002,0.17207792207792205,0.14243759177679882,0.0356073211314476,0.13825896122896841,-0.40300000000000002,0.11467522052927026,0.035546137657209487,0.034125976103814515,0.53999999999999981,0.53999999999999981,15.07,0.16924177692180156,-0.085528202740557169,0.06999999999999984,1.4099999999999999,92.408333333333346,-0.98333333333330586,0.043103271669432397,0.32722567075710707,0.078189300411522611,2.2000000000000002,0.095753538717735287,0.17610096997878383,13.16,2.2224123182207016,0.13004797640793164,2.3647416413373858,14.002802155504233,-1.7785886901386949,0.089445487868311302
2015-12-31,0.087633087633087525,92.424999999999997,6.4000000000000004,2.5,0.1404494382022472,0.17734172528693048,0.036843821323768955,0.12288135593220328,-0.46400000000000002,0.15490030025406099,0.036784386348182041,0.024094188393062543,0.66999999999999971,0.26999999999999957,16.129999999999999,0.18584459523710656,-0.078889599512715014,0.20000000000000018,1.27,92.424999999999997,-0.81666666666667709,0.044463765151127488,0.33681302101979083,0.09693132001948368,2.5,0.087633087633087525,0.17560537996505296,13.279999999999999,2.2449503594659364,0.1346192771216157,2.3945783132530121,14.165123903926801,-1.7775757346950001,0.10423789379905579
2016-01-29,0.059372349448685524,92.508333333333326,6.9500000000000002,2.5,0.11111111111111116,0.20423892100192687,-0.056746151524298294,0.024590163934426146,-0.441,-0.11249920326343299,0.039479987805409067,0.026284495908215078,0.70000000000000018,0.21000000000000041,18.210000000000001,0.22015485898317905,-0.047607142335743702,0.17999999999999972,1.21,92.508333333333326,-0.025000000000019895,0.047549175533824872,0.35622257337423835,0.11312438785504408,2.5,0.059372349448685524,0.17830918553945704,12.49,2.1720356408498973,0.10235545120238454,2.5020016012810249,14.387425055222467,-1.7492635129693512,0.068095593413114885
2016-02-29,0.05382674516400332,92.508333333333326,7.7400000000000002,2.2999999999999998,0.16718266253869984,0.20487804878048776,0.031812339331619643,0.068552412645590755,-0.35999999999999999,0.14219666215606686,0.042760397071166079,0.02491736155513613,0.67999999999999994,0.10000000000000009,20.199999999999999,0.19343228508831614,-0.012175029145666483,0.050000000000000266,1.1799999999999999,92.508333333333326,-0.14166666666666572,0.052327421610969926,0.39201960023551674,0.12717471208037234,2.2999999999999998,0.05382674516400332,0.17863502727012437,12.529999999999999,2.1889440355981518,0.10431940922450122,2.5626496408619315,14.669173573103986,-1.7447065168895253,0.064111886526706074
2016-03-31,0.03966942148760344,92.391666666666666,7.75,2.5,0.1757925072046107,0.28782833888272297,0.094654088050314611,0.13498532768177363,-0.29699999999999999,0.14618531033256255,0.049655973998952607,0.03235546921611393,0.3600000000000001,-0.17999999999999994,20.550000000000001,0.1904857131555884,0.037208746171229046,-0.070000000000000062,0.95999999999999996,92.391666666666666,-0.058333333333337123,0.060293598345356525,0.45873379407758763,0.14212202891448178,2.5,0.03966942148760344,0.17850619880451626,12.58,2.2124849939975988,0.10868512474997383,2.7670906200317966,15.733440043407491,-1.7379919357693141,0.067961142849521261
2016-04-29,0.057911908646003374,93.024999999999991,7.0499999999999998,2.3999999999999999,0.057742782152230943,0.21370067014147431,0.043200000000000127,-0.01599758527014794,-0.315,0.15738031500964955,0.053229063354001793,0.037819512089664831,0.2699999999999998,-0.49000000000000021,13.949999999999999,0.16480715351288575,0.028066355092564055,-0.010000000000000009,1.05,93.024999999999991,0.72499999999999432,0.064997993579454016,0.45336100521669231,0.14163822525597247,2.3999999999999999,0.057911908646003374,0.16667344090829037,12.970000000000001,2.1101200686106352,0.11949328795613523,2.5134926754047804,15.449357827995446,-1.8158941479045767,0.077476481233446082
2016-05-31,0.051200000000000134,93.816666666666663,6.2400000000000002,2.1000000000000001,0.058997050147492569,0.21616678858814931,0.035502958579881616,0.06844473007712093,-0.36799999999999999,0.12750278760847444,0.058183289787572479,0.041386662397146057,0.10000000000000009,-0.43999999999999972,15.699999999999999,0.15462553622054226,0.010922670537874324,-0.060000000000000053,1.0600000000000001,93.816666666666663,1.4750000000000085,0.071599236221495444,0.44272194396958042,0.13599033816425132,2.1000000000000001,0.051200000000000134,0.14609131707577305,13.140000000000001,1.8789022298456262,0.1223713844345391,2.5304414003044138,17.696503560343253,-1.9449733270573357,0.075456217339423315
2016-06-30,0.053174603174603208,93.941666666666663,5.9699999999999998,2.2999999999999998,0.0077519379844961378,0.11864406779661008,-0.089916690606147709,-0.0037735849056602655,-0.38300000000000001,0.10553939547236624,0.0617264720043047,0.039385390781558227,0.27000000000000002,-0.39999999999999969,14.19,0.11359432790200259,0.074304998935649569,-0.029999999999999805,0.96999999999999997,93.941666666666663,1.4666666666666544,0.075506353753855615,0.45744265982544224,0.12315035799522689,2.2999999999999998,0.053174603174603208,0.1444283512893263,13.27,1.873863051312854,0.11886618678384187,2.3873398643556896,16.906251488231522,-1.9575037454731239,0.072011244550209019
2016-07-29,0.072452229299363013,94.008333333333326,6.21,2.2999999999999998,-0.024570024570024551,0.065901639344262186,-0.0027607361963191135,0.040319999999999911,-0.372,0.1614232209737827,0.064597658952600057,0.042651283903105908,0.23999999999999999,-0.46000000000000019,15.630000000000001,0.13647601951468136,0.11139201132862242,-0.030000000000000027,0.91000000000000003,94.008333333333326,1.75,0.078261995855252398,0.4689197918327212,0.10676408201744025,2.2999999999999998,0.072452229299363013,0.13922726106098599,13.470000000000001,1.8178381165148654,0.11930026247787251,2.4135115070527093,17.883880695783699,-2.0028170434530175,0.07314641632402652
2016-08-31,0.075840500390930377,94.358333333333334,5.6100000000000003,2.2999999999999998,0.11388888888888893,0.072878535773710729,-0.030375939849623945,0.0040485829959515662,-0.34499999999999997,0.1316927665920955,0.068150090951393905,0.047410999070711113,0.010000000000000009,-0.66999999999999993,11.869999999999999,0.18245839851417775,0.10380174817359378,-0.029999999999999805,0.79000000000000004,94.358333333333334,1.9750000000000085,0.082902380454169533,0.46770759639560638,0.10085986521031831,2.2999999999999998,0.075840500390930377,0.13242053285372632,13.76,1.7638674222909156,0.12126521857345707,2.3430232558139537,18.278017719793592,-2.054257035176513,0.072826722716223147
2016-09-30,0.08983451536643039,94.841666666666654,5.0999999999999996,2.2999999999999998,-0.033816425120772875,0.02706227583958265,-0.0056818181818181213,-0.095087618500431015,-0.35599999999999998,0.13860914129074553,0.068747802854531415,0.040168810205601369,0.09000000000000008,-0.27000000000000002,13.42,0.16151193478124576,0.041734040524784133,-0.040000000000000258,0.78000000000000003,94.841666666666654,2.5166666666666515,0.08346907155059391,0.43056129408181459,0.079542857142857137,2.2999999999999998,0.08983451536643039,0.12600816875193882,13.83,1.6750859106529212,0.12287355346743656,2.2776572668112798,18.805005641604264,-2.1109756917728788,0.075799762118835989
2016-10-31,0.092476489028213038,94.941666666666663,4.9699999999999998,2.2000000000000002,-0.022443890274314149,-0.050407485662541607,-0.032297754537065515,-0.034969325153374364,-0.35099999999999998,0.080615206035983711,0.065710361452537391,0.029797614949097773,0.029999999999999805,-0.23999999999999999,13.289999999999999,0.18458500526845686,0.063863617406964668,-0.040000000000000036,0.82999999999999996,94.941666666666663,2.6333333333333258,0.078713859409893061,0.39816093884837606,0.071120199954555874,2.2000000000000002,0.092476489028213038,0.12575931913580643,13.94,1.6842286501377413,0.11315151604544949,2.2568149210903874,18.679173993048455,-2.1134547207377072,0.068043510962857434
2016-11-30,0.058510638297872397,95.200000000000003,4.9100000000000001,2.1000000000000001,0.055401662049861411,0.074871465295629935,0.037531017369726971,0.0060150375939851397,-0.33600000000000002,0.16094552929085304,0.066486947047895706,0.053951026703542071,0.030000000000000027,-0.070000000000000062,17.059999999999999,0.1948190426010982,0.070916097614081353,-0.059999999999999831,0.97999999999999998,95.200000000000003,2.7916666666666572,0.079040399080857027,0.37939391558811353,0.062864840592725679,2.1000000000000001,0.058510638297872397,0.12128011561353133,13.93,1.6486300189557126,0.11755025731159296,2.4012921751615219,20.289573534023205,-2.1341001363041552,0.057764228362568337
2016-12-30,0.057981927710843539,95.016666666666666,4.6699999999999999,2.2999999999999998,0.049261083743842304,0.11635220125786172,0.12698412698412698,0.12058080808080818,-0.377,0.12212519165388969,0.066360598089629796,0.054538364820255147,0.20000000000000018,-0.06999999999999984,13.33,0.1895537410225108,-0.0027642036877997267,0.080000000000000071,1.26,95.016666666666666,2.5916666666666686,0.078433484801002873,0.39086019925833104,0.055506216696269872,2.2999999999999998,0.057981927710843539,0.12733296035303213,14.050000000000001,1.7465080186239008,0.11554205539885731,2.5266903914590748,20.326273696682463,-2.0850040192722377,0.058452971333612602
2017-01-31,0.098478783026421102,95.058333333333337,4.21,2.5,0.083333333333333259,0.21599999999999997,0.20788302606484432,0.16887111657951404,-0.42699999999999999,0.15555874748635445,0.065933452044272256,0.049282983534435831,0.54000000000000026,0.30000000000000027,14.039999999999999,0.1614239076792697,-0.0052166981728576367,0.22999999999999954,1.25,95.058333333333337,2.5500000000000114,0.077626823128385647,0.38360588429277209,0.053453585569731565,2.5,0.098478783026421102,0.13524415439609092,13.720000000000001,1.7778927401276083,0.13564967905076841,2.769679300291545,21.373617846750726,-2.0434258131631742,0.082524679050768324
2017-02-28,0.12529928172386273,94.77500000000002,4,2.2000000000000002,0.063660477453580944,0.21613204609156011,0.16741405082212246,0.21122828784119085,-0.46400000000000002,0.10667390660479814,0.063009117275641291,0.054231295092524445,0.38000000000000034,0.37000000000000033,11.99,0.12627582783762678,0.0094350592438119385,0.19999999999999973,1.26,94.77500000000002,2.2666666666666941,0.076397648108978755,0.39917771136941249,0.046304347826086945,2.2000000000000002,0.12529928172386273,0.14344669271740113,14.1,1.9151170798898076,0.13227198047674404,2.7695035460992905,20.390398273846976,-1.9963960382967252,0.080526344566519636
2017-03-31,0.15182829888712246,94.524999999999991,3.7400000000000002,2.3999999999999999,0.073529411764705843,0.12553863832232115,0.10366197183098591,0.2438095238095237,-0.48399999999999999,0.13850530126713223,0.059528366370471542,0.049684454837741976,0.39999999999999991,0.30999999999999983,12.92,0.12907242745725464,0.003221368070460251,0.17999999999999972,1.1399999999999999,94.524999999999991,2.1333333333333258,0.071414298084517158,0.39099328201273204,0.039047414717871654,2.3999999999999999,0.15182829888712246,0.14600244987591948,14.49,1.9800309864004133,0.13172987447063034,2.7039337474120084,19.787569118414186,-1.9903462620514238,0.083282669501686168
2017-04-28,0.13107170393215095,94.341666666666683,3.9199999999999999,2.3999999999999999,0.12406947890818865,0.21840490797545997,0.045263157894736894,0.26255562619198991,-0.48499999999999999,0.10150072615781824,0.061039638504427174,0.046900715132425053,0.51000000000000001,0.4800000000000002,12.369999999999999,0.10764506954851005,-0.01857282226023993,0.22999999999999954,1.1299999999999999,94.341666666666683,1.3166666666666913,0.074473195866577635,0.42139416661171725,0.044843049327354167,2.3999999999999999,0.13107170393215095,0.14886711269181985,14.67,2.0607677741435708,0.12716038957383335,2.7075664621676889,19.274369726839858,-1.9627259728960529,0.078773292799639627
2017-05-31,0.1499238964992391,93.549999999999997,3.75,2.2000000000000002,0.19498607242339827,0.27218045112781941,0.08322663252240714,0.26457399103139001,-0.47799999999999998,0.16266070430408064,0.061707024147393819,0.073154289777127901,0.37999999999999989,0.34999999999999987,10.82,0.12248080971724805,-0.010190650940003154,0.10000000000000053,1.01,93.549999999999997,-0.26666666666666572,0.075659337071209531,0.48800272410930168,0.055283861365086118,2.2000000000000002,0.14992389649923887,0.16293655669990206,15.109999999999999,2.3053881907385092,0.13095381535410078,2.799470549305096,18.348319892473118,-1.8801077015479239,0.065883219896764933
2017-06-30,0.15674453654860598,93.600000000000009,3.7400000000000002,2.3999999999999999,0.25128205128205128,0.39172979797979801,0.1253190403266975,0.24197183098591557,-0.505,0.15151861808614098,0.062425810581911767,0.078237716576902816,0.48999999999999977,0.28999999999999959,10.41,0.11592610382353441,0.0084027255586425209,0.080000000000000071,0.93000000000000005,93.600000000000009,-0.34166666666665435,0.077185101307765791,0.49398464836970041,0.075435614109647275,2.3999999999999999,0.15674453654860598,0.16152358530227864,15.35,2.3144578313253015,0.1344554045664621,2.872312703583062,19.049817803227484,-1.8919400120552932,0.070077722163028655
2017-07-31,0.14922048997772808,93.541666666666671,3.77,2.2999999999999998,0.18639798488664971,0.45247616118117517,0.18882175226586106,0.24263157894736831,-0.54400000000000004,0.090454692034827477,0.062687339186715763,0.092401571405221206,0.45999999999999996,-0.080000000000000293,11.18,0.11381140285150311,0.011454534630725544,0.010000000000000231,0.93000000000000005,93.541666666666671,-0.46666666666665435,0.078199643329052382,0.50503936316679621,0.093483816013628651,2.2999999999999998,0.1492204899777283,0.16328519641053069,15.48,2.3645438898450948,0.12877145622861219,3.0503875968992245,19.97002474887174,-1.8789637232337109,0.048501848385474888
2017-08-31,0.15406976744186074,92.941666666666677,3.6099999999999999,2.2000000000000002,0.13216957605985025,0.50124069478908173,0.1442080378250592,0.23943661971830998,-0.56799999999999995,0.18990511333684745,0.069293729372937207,0.084099017399578258,0.49999999999999978,0.11999999999999944,10.26,0.10176648767941693,0.019196759062371171,0.050000000000000266,0.95999999999999996,92.941666666666677,-1.4166666666666572,0.087330579044709644,0.61640833709057463,0.095207937513193786,2.2000000000000002,0.15406976744186052,0.17384800909069828,15.880000000000001,2.5765595463138,0.13475683685841311,3.0478589420654911,18.784739545121052,-1.8186054559807563,0.061808508590935896
2017-09-29,0.14967462039045532,93.433333333333337,3.8500000000000001,2.5,0.26000000000000001,0.53714285714285714,0.098208210478566427,0.23583460949464019,-0.57499999999999996,0.15758622494373786,0.072858007473290964,0.085273276267571696,0.44999999999999996,0.050000000000000044,10.59,0.17467023279475952,-0.0047220641106098249,0.0099999999999997868,0.79000000000000004,93.433333333333337,-1.4083333333333172,0.092420797887943662,0.60689657279749631,0.12047427482532269,2.5,0.14967462039045554,0.16568786127167631,15.9,2.4629661453858054,0.1364080776478116,3.0452830188679245,19.659222718392407,-1.8649527354580111,0.064111601341614755
2017-10-31,0.14562410329985664,93.90000000000002,3.54,2.2999999999999998,0.20153061224489788,0.55435473617291797,0.035578144853875449,0.2311178247734138,-0.55800000000000005,0.19335087813523821,0.080990800833777188,0.10305318939854485,0.3600000000000001,-0.14999999999999991,9.5099999999999998,0.17300690986098141,0.013412131008713857,0.020000000000000018,0.85999999999999999,93.90000000000002,-1.041666666666643,0.10320789975084277,0.62956818848013885,0.1393720831565548,2.2999999999999998,0.14562410329985664,0.16096317899689946,15.970000000000001,2.4056052269601098,0.14533689626995883,3.0619912335629302,20.327524837395469,-1.8929104367069907,0.067525346117982998
2017-11-30,0.17085427135678377,93.516666666666652,3.5099999999999998,2.2000000000000002,0.23097112860892377,0.55007473841554555,0.071280991735537258,0.22576832151300241,-0.56699999999999995,0.2208746458923514,0.086656712899296773,0.061171309582090938,0.47999999999999998,0.10000000000000009,10.18,0.1692283684925108,0.025901759333474272,0.050000000000000266,0.78000000000000003,93.516666666666652,-1.6833333333333513,0.11101808286996162,0.71976723727358616,0.15314744402196867,2.2000000000000002,0.17085427135678377,0.1694558287795993,16.309999999999999,2.5593191196698766,0.15144835037488513,3.1790312691600247,20.259294591871008,-1.8520371623964009,0.096222697168234506
2017-12-29,0.18149466192170816,93.516666666666666,3.6099999999999999,2.3999999999999999,0.21830985915492951,0.58647887323943659,0.16315572077653862,0.27738716262190954,-0.59299999999999997,0.20127131230321393,0.087814229817972489,0.053142738404065359,0.48999999999999999,2.2204460492503131e-16,11.279999999999999,0.087409618057265784,0.031287667563442367,0.049999999999999378,0.64000000000000001,93.516666666666666,-1.5,0.11262157081755531,0.73016318413381698,0.16785864535128336,2.3999999999999999,0.18149466192170816,0.16769547902963988,16.600000000000001,2.5667125171939476,0.15697435697954365,3.3927710843373493,21.942465166130763,-1.8667767914887279,0.10178147864126474
2018-01-31,0.16326530612244894,93.666666666666671,3.5800000000000001,2.5,0.17362637362637368,0.44289473684210523,0.12126789366053159,0.16116052520118584,-0.60199999999999998,0.22579241765071467,0.095488283425157361,0.070808877472641141,0.43999999999999995,-0.020000000000000018,11.039999999999999,0.15752985716826284,0.04643233699443039,0.12000000000000055,0.51000000000000001,93.666666666666671,-1.3916666666666657,0.12316390343222783,0.78003805507077562,0.17581958655251628,2.5,0.16326530612244894,0.18468962237340433,15.960000000000001,2.7371497335396255,0.16180015843449591,3.4354636591478696,20.031786835824644,-1.7631684562839005,0.087616182173368307
2018-02-28,0.16950354609929064,93.475000000000009,3.29,2.3999999999999999,0.27431421446384041,0.4778489116517286,0.1130183220829315,0.19235537190082641,-0.61399999999999999,0.21736027476693853,0.096238324314798174,0.064747384811368436,0.4700000000000002,-0.029999999999999583,13.539999999999999,0.25372484597031325,0.021985340307101087,0.14999999999999991,0.57999999999999996,93.475000000000009,-1.3000000000000114,0.12899765639084193,0.84170970795024247,0.19281113650529824,2.3999999999999999,0.16950354609929064,0.20893575877498707,16.489999999999998,3.1914820539240947,0.17182302627112911,3.4996967859308676,18.082508071459316,-1.6422687339583819,0.097726997818254224
2018-03-30,0.14492753623188404,93.25833333333334,3.4700000000000002,2.5,0.23059360730593603,0.55513016845329255,0.081853693181818121,0.25836431226765799,-0.60499999999999998,0.22695679825557624,0.098652336315955713,0.065095585704972037,0.73999999999999977,0.28999999999999981,19.850000000000001,0.27898788000976849,0.04501070437339183,0.16000000000000014,0.62,93.25833333333334,-1.2666666666666515,0.1328377562257983,0.89554787322225593,0.20627710097047292,2.5,0.14492753623188404,0.20495407060020684,16.59,3.181662087912088,0.17961690452817858,3.6726943942133814,19.150368051807877,-1.6513963747994695,0.10556477182675672
2018-04-30,0.15064758009543278,92.833333333333329,3.79,2.7999999999999998,0.35320088300220753,0.53524672708962728,0.11216487324457391,0.2470347648261757,-0.54300000000000004,0.23972067584725054,0.10075405921376079,0.068796352318189147,0.79000000000000004,0.42999999999999994,19.969999999999999,0.24932240605281092,0.00021643201423393599,0.14000000000000012,0.46999999999999997,92.833333333333329,-1.5083333333333542,0.13564195853241579,0.97210070281564709,0.2266503167790721,2.7999999999999998,0.15064758009543278,0.20013689835032183,16.879999999999999,3.2381524725274726,0.19078418886128024,3.6125592417061614,18.831725966382098,-1.6511265465319678,0.11504454389086605
2018-05-31,0.13898080741230978,92.916666666666671,3.46,2.5,0.34498834498834507,0.47399527186761237,0.08040201005025116,0.20250723240115698,-0.496,0.19338017751479297,0.10635111223458038,0.040734134776282849,0.70000000000000018,0.2200000000000002,15.93,0.18653347513520493,-0.0057254675319450277,0.15000000000000036,0.46000000000000002,92.916666666666671,-0.63333333333332575,0.14382355747131403,1.0187501987551404,0.23916985694136605,2.5,0.13898080741230978,0.2021700700373775,17.210000000000001,3.3486175510905034,0.19375194637032678,3.6228936664729807,18.619624083286322,-1.6369430208749811,0.14418422302738731
2018-06-29,0.15635179153094447,92.408333333333346,3.6299999999999999,2.7999999999999998,0.36270491803278704,0.34157405307325917,-0.029213851961266912,0.050248579545454586,-0.53800000000000003,0.19848996622292869,0.10781156827668448,0.040860041685911674,0.91000000000000014,0.42000000000000015,15.43,0.15081458777674706,-0.033107411771368112,0.14999999999999991,0.42999999999999999,92.408333333333346,-1.1916666666666629,0.14525621031045111,1.1027367299401729,0.25014819205690575,2.7999999999999998,0.15635179153094469,0.21641628565207924,17.75,3.668841201716738,0.19713165756628692,3.3323943661971831,16.122256796593515,-1.576509652565135,0.14471230272757718
2018-07-31,0.16537467700258413,92.183333333333337,3.6099999999999999,2.7999999999999998,0.44161358811040352,0.26789495976281219,-0.018202689406362715,0.091920481488236172,-0.56399999999999995,0.21031100596382268,0.11230647305131392,0.018397120067922934,0.80000000000000027,0.36000000000000032,16.09,0.15475377826218503,-0.047525713603689623,0.11999999999999966,0.33000000000000002,92.183333333333337,-1.3583333333333343,0.1515691685377849,1.1847656674036848,0.27263875365141188,2.7999999999999998,0.1653746770025839,0.22233559920569421,18.039999999999999,3.8154506437768241,0.20619947176860864,3.3187361419068737,15.691462317210348,-1.5535327326862736,0.17443543319799049
2018-08-31,0.17317380352644807,92.075000000000003,3.46,2.7999999999999998,0.50660792951541866,0.39524793388429758,0.083079390537289521,0.17016115058048875,-0.53800000000000003,0.21305423265773271,0.11115569328016406,0.023969419314884388,0.77000000000000002,0.29999999999999982,12.83,0.16717707251161734,-0.067561496963082446,0.059999999999999609,0.28999999999999998,92.075000000000003,-0.86666666666667425,0.15001269357705005,1.1888505965981213,0.3039707016191211,2.7999999999999998,0.17317380352644829,0.23566940832596939,18.629999999999999,4.1620648259303721,0.20840209102529084,3.6247987117552336,16.225119700028845,-1.4987618810953163,0.17044175108194803
2018-09-28,0.20566037735849085,91.116666666666674,3.4900000000000002,3.1000000000000001,0.51190476190476208,0.46716232961586135,0.20101437024513946,0.16592811422944376,-0.56100000000000005,0.17157970883443352,0.11154442829724753,0.025083622632658842,0.81000000000000005,0.070000000000000284,12.859999999999999,0.14132561605633068,-0.082195369551691377,0.0099999999999997868,0.23999999999999999,91.116666666666674,-2.3166666666666629,0.15024754552320219,1.3346990293977783,0.32709750566893447,3.1000000000000001,0.20566037735849063,0.25985422392161545,19.170000000000002,4.6619790773452232,0.20901411755504284,3.7057902973395933,15.238163625662157,-1.4139065043679959,0.17048720537373963
2018-10-31,0.22041327489041929,90.299999999999997,3.2400000000000002,2.8999999999999999,0.56050955414012726,0.39284253578732109,0.13763153499248393,0.11692358150213211,-0.59599999999999997,0.22728295602862425,0.10926664882357251,0.019202718493321225,0.85999999999999988,0.06999999999999984,12.119999999999999,0.23197497303091105,-0.039075871208264945,0.010000000000000231,0.23999999999999999,90.299999999999997,-3.6000000000000227,0.14725785693527604,1.4284012122721781,0.35673059020666553,2.8999999999999999,0.22041327489041929,0.27679897107082402,19.489999999999998,5.0195506774138217,0.21170413790443843,3.494612621857363,13.568943592196524,-1.3565610903130472,0.17617114298058056
2018-11-30,0.18700183936235448,90.583333333333329,3.8100000000000001,3,0.64179104477611948,0.27849566055930586,-0.018362209388419926,0.063191659983961701,-0.59199999999999997,0.17881226887100299,0.10640657108937601,0.023247007878010706,1.1000000000000001,0.39999999999999991,21.23,0.3525281827059098,-0.010306711943109614,-0.0099999999999997868,0.28000000000000003,90.583333333333329,-2.9333333333333229,0.14294490588293107,1.3460645303976015,0.38999816816266741,3,0.18700183936235448,0.25718638043386272,19.359999999999999,4.690619104784771,0.20748770336738565,3.4240702479338849,14.13246279843516,-1.4176445028175746,0.17316018507813391
2018-12-31,0.19759036144578301,90.616666666666674,4.29,3,0.56262042389210021,0.059126420454545636,-0.1603322072072072,0.0084530853761624059,-0.55100000000000005,0.15127837396765753,0.10628853267570881,0.016287013185500521,1.1500000000000001,0.23999999999999999,18.07,0.35378821072436373,0.033707545268985784,-0.079999999999999627,0.20999999999999999,90.616666666666674,-2.8999999999999915,0.1426915762754748,1.3389226240515375,0.41930835734870309,3,0.19759036144578301,0.2596688132474701,19.879999999999999,4.8398491083676261,0.20363258719105803,3.0005030181086521,12.324764401615534,-1.4128306569429698,0.1698868054137801
2019-01-31,0.10964912280701755,90.516666666666666,5.3300000000000001,3.2000000000000002,0.60861423220973787,0.19095385737734816,-0.041256790485978634,0.090696509103056711,-0.46000000000000002,0.19778938295391169,0.10366994970787524,0.0010790304136318873,1.1200000000000001,0.31999999999999984,25.420000000000002,0.34314222855090359,0.02925095385070553,-0.14999999999999991,0.20999999999999999,90.516666666666666,-3.1500000000000057,0.13896217406082578,1.317824617343498,0.45711241342567921,3.2000000000000002,0.10964912280701755,0.2601434354888445,17.710000000000001,4.4843964334705078,0.2018936978707877,3.6871823828345565,14.561602875387143,-1.3735255398169728,0.1797942503569756
2019-02-28,0.14129775621588858,90.616666666666674,4.3700000000000001,3.1000000000000001,0.64970645792563597,0.25229596257147802,0.090209684718660199,0.070191026210572938,-0.42599999999999999,0.16268503590795835,0.10628948418250994,-0.0050557759958969051,0.85999999999999988,0.089999999999999858,16.57,0.23028135959873403,0.040117972330797058,-0.16999999999999993,0.17999999999999999,90.616666666666674,-2.8583333333333343,0.13375541911841027,1.2550716827277486,0.48702316669569745,3.1000000000000001,0.14129775621588858,0.25827073374307608,18.82,4.663469772221271,0.19676386887477637,3.8400637619553666,15.497044803525522,-1.3951603767729659,0.17634444282621109
2019-03-29,0.1597347799879445,90.875,3.9199999999999999,3.1000000000000001,0.51762523191094623,0.18316100443131478,0.2085498742665548,0.014780405405405261,-0.50600000000000001,0.15035728831130357,0.10227185982466347,-0.005127943798554857,0.7300000000000002,-0.079999999999999849,14.779999999999999,0.14343947071810872,0.075474254742547431,-0.19999999999999973,0.20999999999999999,90.875,-2.38333333333334,0.1282447296417959,1.1702331579813876,0.5090722355357753,3.1000000000000001,0.1597347799879445,0.27312800041135143,19.239999999999998,5.0025684931506849,0.18994274334080163,3.7468814968814974,14.410597295909636,-1.3470399660712955,0.16953458007549549
2019-04-30,0.17831753554502372,90.600000000000009,3.9900000000000002,3.2000000000000002,0.41598694942903758,0.24942604132502466,0.16676875957120973,0.11863162531199523,-0.57999999999999996,0.16583290660574312,0.10546464886687268,-0.0042415852129380482,0.68999999999999995,-0.16999999999999993,13.710000000000001,0.12744963034158396,0.068234717365922126,-0.23999999999999977,0.14000000000000001,90.600000000000009,-2.2333333333333201,0.13141419054015469,1.2352933910774528,0.5113295568143954,3.2000000000000002,0.17831753554502372,0.26528601803520563,19.890000000000001,5.0953767123287674,0.18424042027410081,3.8305681246857715,14.952770776623986,-1.3618834912740503,0.16608860509258272
2019-05-31,0.20511330621731538,90.391666666666666,3.73,3,0.40207972270363945,0.27153167602245398,0.096997370969973851,0.19595715794237423,-0.60499999999999998,0.13725247141219121,0.10133147501842132,-0.0021744629568046792,0.57999999999999985,-0.52000000000000024,13.119999999999999,0.16920040711563883,0.019155575808111447,-0.20999999999999952,0.23999999999999999,90.391666666666666,-2.5250000000000057,0.1249810439477117,1.2008595305975966,0.5126829268292683,3,0.20511330621731538,0.27710822525803974,20.739999999999998,5.4844178082191792,0.17818747253954292,3.8225650916104148,14.455499703393796,-1.3301532572383923,0.16116385914031173
2019-06-28,0.1876056338028167,90.5,4.5899999999999999,3.2000000000000002,0.33383458646616537,0.35131022823330516,0.10875294770425858,0.33998323554065379,-0.61299999999999999,0.10357261273209528,0.099517822438538017,0.0037280106631359944,0.65999999999999992,-0.49000000000000021,18.710000000000001,0.1940457729585871,-0.005493972907292699,-0.22999999999999998,0.19,90.5,-1.9083333333333456,0.12313132453071507,1.1697475830417932,0.50545282124229485,3.2000000000000002,0.1876056338028167,0.25487276664861941,21.079999999999998,5.1580208868344464,0.17070742641979653,3.7917457305502853,15.496253651088688,-1.407771766816537,0.15264502904705424
2019-07-31,0.21840354767184045,90.508333333333326,4.0700000000000003,3.2999999999999998,0.35051546391752564,0.3646233505929517,0.072319201995012516,0.2511485451761104,-0.57999999999999996,0.13780746049845249,0.097163470709020316,0.014524153078515845,0.37999999999999989,-0.74000000000000021,15.08,0.24254606792842548,-0.007207486786597439,-0.21999999999999975,0.25,90.508333333333326,-1.6750000000000114,0.11974965022474926,1.1366237633832459,0.493955623565417,3.2999999999999998,0.21840354767184045,0.26721629485935988,21.98,5.5656565656565657,0.16532873150395067,3.7170154686078254,14.679310344827586,-1.3735179899571506,0.13564209049240583
2019-08-30,0.2061191626409018,90.633333333333326,3.9300000000000002,3.1000000000000001,0.30994152046783596,0.12246409003405878,-0.043895055499495461,0.048844610488446127,-0.57399999999999995,0.11863168786901213,0.095397350073609166,0.015343774850054115,0.30000000000000004,-0.55999999999999983,16.120000000000001,0.22757359348423334,-0.012375062662756897,-0.23999999999999999,0.13,90.633333333333326,-1.4416666666666771,0.1164705622640676,1.0909409332067674,0.47450110864745021,3.1000000000000001,0.2061191626409018,0.25869527807681386,22.469999999999999,5.5287375983578517,0.15607049993122923,3.3733867378727194,13.710182234460566,-1.4022215791179884,0.1222277051714038
2019-09-30,0.20239958268127278,90.725000000000009,4.0899999999999999,3.1000000000000001,0.17454068241469822,0.085304054054053946,-0.035405980232703804,0.069496462754889521,-0.57599999999999996,0.12734920696175656,0.092903560356145887,0.011185013886567341,0.079999999999999849,-0.65000000000000036,18.98,0.25953569037467594,-0.047051569760852341,-0.21999999999999997,0,90.725000000000009,-0.39166666666666572,0.11244938902060908,1.0429680831661483,0.43927096682329458,3.1000000000000001,0.20239958268127278,0.24440241024941012,23.050000000000001,5.3597331508723913,0.15255355693062089,3.3449023861171363,14.385044521750231,-1.4587515808842768,0.11818367149690578
2019-10-31,0.19599794766546941,90.908333333333346,4.0199999999999996,2.8999999999999999,0.14149659863945585,0.017471736896197188,-0.15177478580171366,-0.090431815198845023,-0.52600000000000002,0.10906157174813891,0.093233676429460344,0.0060584613423846356,0.16999999999999993,-0.52000000000000002,16.239999999999998,0.23899084508246785,-0.035956383154055138,-0.20999999999999974,0.050000000000000003,90.908333333333346,0.60833333333334849,0.11228920894550187,1.0208960579961865,0.40139975298476727,2.8999999999999999,0.19599794766546941,0.2435676869845009,23.309999999999999,5.4125898049948686,0.1434945752322514,2.9729729729729728,12.803482712850007,-1.4601547677098474,0.10918084974205522
2019-11-29,0.23295454545454564,90.75,4.1500000000000004,3.2000000000000002,0.22987012987013,0.10197616533413778,-0.036279683377308691,-0.078582240161453099,-0.51000000000000001,0.12434643538168166,0.09141811368439412,0.0073943537572455087,0.16999999999999993,-0.40999999999999992,13.220000000000001,0.26975929460618819,-0.03463289059878405,-0.19999999999999996,0.17000000000000001,90.75,0.1666666666666714,0.10921430772648755,1.0102323464700098,0.36913547706905647,3.2000000000000002,0.23295454545454564,0.26690658726921301,23.870000000000001,5.9880260006842283,0.13849137836491288,3.0603267700041892,12.199345826429754,-1.3828606316711491,0.10040650350093028
2019-12-31,0.21931589537223339,90.983333333333334,4.0099999999999998,2.7999999999999998,0.048088779284833683,0.20955574182732595,-0.064202334630350077,-0.097335168272238204,-0.54900000000000004,0.11516323024054986,0.094777247371225393,0.011961721823286198,0.19999999999999996,-0.45999999999999996,12.619999999999999,0.20986055217907071,-0.010808985683927741,-0.14000000000000035,0.17000000000000001,90.983333333333334,0.36666666666666003,0.11290944673799674,1.0180668447542705,0.32335025380710647,2.7999999999999998,0.21931589537223339,0.2665006785325752,24.239999999999998,6.0969893944577489,0.13600332714666141,2.9764851485148518,11.833709283730327,-1.3802090537459077,0.099006591564507085
2020-01-31,0.27272727272727271,90.975000000000009,3.6000000000000001,2.7999999999999998,-0.0093131548311992107,0.23568147013782537,0.16435786435786448,-0.0123623011015912,-0.56899999999999995,0.4131815103284795,0.092333616892159132,0.0050096803002311341,0.09000000000000008,-0.28999999999999981,13.779999999999999,0.18724055276355547,-0.036154884504642104,-0.11000000000000032,0.34000000000000002,90.975000000000009,0.45833333333334281,0.10931737922507945,0.98658934750634109,0.26995734308348562,2.7999999999999998,0.27272727272727271,0.32417228005715454,22.539999999999999,6.7914813547724942,0.15234637334061119,3.5798580301685892,11.881060373271541,-1.1996224237119328,0.12261664361088154
2020-02-28,0.24548352816153041,91.266666666666666,4.0300000000000002,2.7999999999999998,0.0011862396204034287,0.012314930123149326,0.0015058179329225929,-0.034828496042216384,-0.55300000000000005,0.13648682717761274,0.094118343577433539,0.016073248917766736,0.1100000000000001,-0.18999999999999995,18.84,0.28105401729203361,0.0094946149419211645,-0.15999999999999992,0.17999999999999999,91.266666666666666,0.64999999999999147,0.11085603222444429,0.96814268142681359,0.22068642380227277,2.7999999999999998,0.24548352816153041,0.28958969669850781,23.440000000000001,6.3579361011447126,0.14997020018817753,3.1211604095563135,11.506878778921344,-1.3047401524209539,0.11806106011246098
2020-03-31,0.23960498960498988,91.216666666666683,5.04,2.6000000000000001,-0.045232273838630821,0.02011374670550703,0.019265419265419359,-0.046173800259403208,-0.62,0.095654972642420288,0.096213469139880159,0.010578791771638729,0.09000000000000008,0.010000000000000231,40.109999999999999,0.47294371214787512,0.01517773684060697,-0.18999999999999995,0.27000000000000002,91.216666666666683,0.34166666666668277,0.11229857342385241,0.98635580323950189,0.17785843920145172,2.6000000000000001,0.23960498960498988,0.26437492838317866,23.850000000000001,5.9128651973347006,0.14489539748953995,3.0834381551362684,12.437286754507628,-1.3946536984327311,0.11354404613818847
2020-04-30,0.19054801407742583,90.391666666666666,8.7699999999999996,2.6000000000000001,-0.093317972350230316,0.087675547972174916,0.027016978559920801,0.19581529581529589,-0.29499999999999998,-0.033415548873196532,0.082222257202974047,0.001902373176653982,0,-0.16999999999999993,53.539999999999999,0.48361590811653304,0.011673829359394983,-0.14000000000000001,0.46999999999999997,90.391666666666666,-0.20833333333334281,0.095155567685589526,0.91428641284570611,0.13581744019402486,2.6000000000000001,0.19054801407742583,0.2709222967100241,23.68,6.1243806594908596,0.12775006640890152,3.4995777027027031,13.531164146627239,-1.352353175515483,0.096415652578539568
2020-05-29,0.24108003857280624,90.058333333333337,7.6299999999999999,2.6000000000000001,0.022249690976514191,-0.020181634712411634,0.061782394751230374,0.063381245722108348,0.26600000000000001,0.025723472668810254,0.083403783018427546,0.0015374100089071696,-0.41000000000000003,-0.57999999999999996,34.149999999999999,0.45885033294888439,0.0096410859984342734,-0.099999999999999978,0.44,90.058333333333337,-0.3333333333333286,0.096665700593797865,0.96101817340334006,0.1094270665376762,2.6000000000000001,0.24108003857280624,0.28753612485887342,25.739999999999998,6.9185033316248088,0.11594836251125318,3.0178710178710184,11.227861905467476,-1.3138467374877396,0.088950522338467009
2020-06-30,0.26185958254269459,90.233333333333334,6.71,2.6000000000000001,-0.051860202931228949,-0.025522332040535556,0.059151482186565074,0.079556479556479376,0.158,0.19209824614113491,0.095740898198964253,-0.0011696528973348941,-0.47999999999999987,-0.67999999999999983,27.510000000000002,0.34091874799029065,0.01233280359818878,-0.16000000000000003,0.48999999999999999,90.233333333333334,-0.26666666666666572,0.10849337825979166,1.0596186610039651,0.078740157480315043,2.6000000000000001,0.26185958254269459,0.30046096355582641,26.600000000000001,7.40997608472839,0.12267670895302207,2.9281954887218045,10.511504910323207,-1.2780840039169323,0.096870257340118782
2020-07-31,0.2570518653321201,89.75,6.4400000000000004,2.2999999999999998,-0.16030534351145043,0.10575275397796813,0.090141184988536294,0.1195935060106581,-0.26900000000000002,0.14588403722261978,0.096126607521795915,0.0079793678889026887,-0.6100000000000001,-0.70000000000000018,30.43,0.30089068714221257,0.071945120165228915,-0.23999999999999994,0.5,89.75,-0.75833333333332575,0.10631185075400618,1.0896964702285632,0.037386049370070618,2.2999999999999998,0.2570518653321201,0.29302632543814622,27.629999999999999,7.5087119918004781,0.12346973264360273,3.2696344553022079,12.031357721357722,-1.3028381936203415,0.10051191096714795
2020-08-31,0.29817534490431696,89.183333333333337,5.1600000000000001,2.2000000000000002,-0.16294642857142849,0.23588390501319267,0.20597322348094749,0.28048113723346102,-0.38500000000000001,0.11799434105996309,0.1010564112447192,-0.017304666466791463,-0.93000000000000005,-1.04,24.460000000000001,0.28708940458377941,0.037400853580075832,-0.20999999999999996,0.44,89.183333333333337,-1.4499999999999886,0.11092436974789921,1.1998319327731093,0.00070175438596487005,2.2000000000000002,0.29817534490431696,0.30906422629804792,29.170000000000002,8.2354849726775949,0.12334995184408815,3.2115186835790195,11.375164949094907,-1.264688530341376,0.11595818838051897
2020-09-30,0.29110629067245131,89.11666666666666,5.0199999999999996,2.3999999999999999,-0.10502793296089397,0.20103761348897531,0.18885607908589019,0.25917867827032892,-0.47499999999999998,0.17677061582172304,0.10480276607021177,-0.038639808460664282,-1.1499999999999999,-1.24,26.41,0.21373304591623202,0.037346260806128129,-0.25,0.57999999999999996,89.11666666666666,-1.6083333333333485,0.11461810360091551,1.2474270275232979,-0.021764938662445443,2.3999999999999999,0.29110629067245131,0.32201152146712114,29.760000000000002,8.7674180327868854,0.12743881903906606,3.111559139784946,10.561832417903471,-1.2221228559599289,0.12005485279434036
2020-10-30,0.28871728871728886,88.783333333333346,5.4100000000000001,2.2000000000000002,-0.10131108462455307,0.32611832611832625,0.017268098295328826,0.10896585012670457,-0.50700000000000001,0.1467447012531824,0.10408254372720838,-0.070561859151209716,-0.94999999999999984,-0.94999999999999984,26.370000000000001,0.21680613285331587,0.088776884792590938,-0.27000000000000002,0.56000000000000005,88.783333333333346,-2.125,0.11301037837134387,1.2675997440652389,-0.040050920485703023,2.2000000000000002,0.28871728871728886,0.31571692460533057,30.039999999999999,8.6828893442622945,0.13045862163019684,3.0592543275632491,10.584034456310109,-1.2411754798509176,0.12466609924999683
2020-11-30,0.26518642647674917,88.666666666666671,5.25,2.1000000000000001,-0.22703273495248155,0.21054072553045877,-0.056041844577284339,0.13838825952626155,-0.49199999999999999,0.038186940941543401,0.10543966463718935,-0.079838701228346243,-0.90999999999999992,-0.49999999999999989,38.020000000000003,0.2696079145238372,0.067425623755954289,-0.26000000000000001,0.73999999999999999,88.666666666666671,-2.0833333333333286,0.11382549815212073,1.2900223123907011,-0.077100779670805752,2.1000000000000001,0.26518642647674895,0.30770409883810051,30.199999999999999,8.57277075503929,0.12172170739561361,2.9281456953642389,10.315218093055694,-1.2592509353847541,0.12486636148366403
2020-12-31,0.30528052805280548,88.041666666666671,4.3300000000000001,2.1000000000000001,-0.11529411764705877,0.37047817047817033,0.067818574514038943,0.26948260367184473,-0.50700000000000001,0.1393628904895805,0.10400381410224568,-0.072655470285376111,-0.90000000000000002,-0.42000000000000015,20.57,0.27546740263727448,0.03598271634256589,-0.26000000000000001,0.68000000000000005,88.041666666666671,-2.9416666666666629,0.11136354884670219,1.3317224382918131,-0.089950134253931724,2.1000000000000001,0.30528052805280548,0.3238263803097976,31.640000000000001,9.3152229625832916,0.12339010649749449,3.125158027812895,10.614882799603828,-1.2227722032672717,0.12548874238416818
2021-01-29,0.254214729370009,87.691666666666663,3.8599999999999999,2,-0.14571092831962384,0.080555211302515861,-0.051251360174102367,-0.034868275404029259,-0.56699999999999995,-0.1645649243672308,0.10295138888888888,-0.065617570349573828,-1.0600000000000001,-0.44999999999999996,22.75,0.27673834621348004,0.02388135963439697,-0.29000000000000004,0.80000000000000004,87.691666666666663,-3.2833333333333456,0.10941443230294268,1.3467093042620533,-0.10115163147792705,2,0.254214729370009,0.37107561263097572,28.27,9.7371838687628145,0.079589333092056735,3.0841881853555004,8.9543343511986251,-1.0658492263745065,0.081164136241663076
2021-02-26,0.23549488054607481,87.208333333333329,3.79,1.8999999999999999,-0.20616113744075837,0.1748223072717332,-0.028044781182856582,-0.082514944491887343,-0.60399999999999998,0.13806394365416064,0.10627936148756678,-0.10434044036154622,-1.0499999999999998,-0.11999999999999977,33.090000000000003,0.21140794224030562,0.022346169690189654,-0.31000000000000005,1,87.208333333333329,-4.0583333333333371,0.11272552077390263,1.4419472865661718,-0.11793493906534891,1.8999999999999999,0.23549488054607504,0.37566663824869517,28.960000000000001,10.156564794263273,0.08038725632053878,2.9678867403314917,8.4625069342881645,-1.0477952933403829,0.1202195414358429
2021-03-31,0.22054507337526186,87.299999999999997,3.52,1.8999999999999999,-0.13956466069142115,0.29521348925754687,-0.036711165048543659,0.028617710583153322,-0.61799999999999999,0.1316608894894542,0.10236224298883734,-0.10556718316427116,-0.8899999999999999,0.26000000000000001,27.949999999999999,0.23034239587340946,0.0068071124614599299,-0.29999999999999993,1.3,87.299999999999997,-3.9166666666666856,0.10743290519266324,1.3643978959468235,-0.12528890600924492,1.8999999999999999,0.22054507337526186,0.39002698705059374,29.109999999999999,10.658349000170912,0.083705316355244808,3.2720714531088975,8.936656136749944,-1.0047382290474218,0.12720636457327417
2021-04-30,0.25168918918918926,88.433333333333337,3.3599999999999999,2.3999999999999999,0.092757306226175285,0.21563895257632426,0.155407730244294,0.096191512513601696,-0.626,0.31868708053691264,0.11940790590106243,-0.10561871119000132,-0.76000000000000001,0.18999999999999984,19.399999999999999,0.16221742864107672,-0.054960159573975043,-0.12000000000000011,1.5800000000000001,88.433333333333337,-1.9583333333333286,0.12526634518335755,1.4489140592875018,-0.11132679801999423,2.3999999999999999,0.25168918918918926,0.40297626444637752,29.640000000000001,11.082535885167463,0.11037103532386117,3.3987854251012144,9.0899773340528878,-0.9837542747931276,0.15542079959835042
2021-05-31,0.1787101787101788,89.483333333333334,3.2799999999999998,1.8,-0.21644498186215244,0.27548918640576714,0.15276323443862716,0.12043424177315387,-0.64800000000000002,0.18234950321449461,0.12108286658049683,-0.16104694109320605,-0.77000000000000024,0.13999999999999968,18.609999999999999,0.24477537469701463,-0.026897738768073998,-0.079999999999999849,1.49,89.483333333333334,-0.57500000000000284,0.1254202287519437,1.3190027390412744,-0.13021993992830161,1.8,0.1787101787101788,0.34602688184765373,30.34,9.9967526918475453,0.12555445035335988,3.2656558998022414,9.9112184780564547,-1.1102066644780542,0.17077001291908012
2021-06-30,0.16165413533834561,89.433333333333337,3.3399999999999999,1.8999999999999999,-0.16765755053507725,0.2434202079856207,0.016797900262467191,-0.020529935275080957,-0.68100000000000005,0.071892130300548196,0.10897128399033074,-0.20144616600894583,-0.79999999999999982,0.1000000000000002,16.760000000000002,0.27200344849012009,-0.015084997845166148,-0.14000000000000012,1.4399999999999999,89.433333333333337,-0.79999999999999716,0.11295225318322211,1.1935288086360465,-0.14004866180048658,1.8999999999999999,0.16165413533834583,0.33615807794216973,30.899999999999999,9.9492567913890326,0.11660122838475662,3.1343042071197411,9.7343954458811996,-1.1332583298557193,0.16167460364681119
2021-07-30,0.12450235251538189,90.566666666666663,3.04,2,-0.014285714285714235,0.053353996015054195,-0.055390113162596788,0.091409565317123409,-0.69399999999999995,0.13296476761619203,0.10670634994681927,-0.27301344293384633,-0.79999999999999982,0.26000000000000023,15.83,0.27485852886691886,-0.087799433320003395,-0.040000000000000036,1.2,90.566666666666663,0.81666666666666288,0.11211169116719422,1.0575869533438658,-0.12865323854660349,2,0.12450235251538189,0.31036999734059112,31.07,9.3732057416267942,0.11585098463138799,3.0627615062761504,10.152343032159264,-1.1983875574252261,0.1576046380760644
2021-08-31,0.086732944806307888,91.666666666666671,3.2599999999999998,1.8,-0.094666666666666566,0.040670367207514824,-0.016047638272103426,0.13426410703897607,-0.68700000000000006,0.10763390358455216,0.096673007742868577,-0.23926243907017841,-1.0799999999999998,-0.030000000000000027,18.239999999999998,0.20962617543327658,-0.083670672163224324,-0.020000000000000018,1.05,91.666666666666671,2.4833333333333343,0.10107679985761298,0.84230666548010769,-0.12302143858946113,1.8,0.086732944806307666,0.26911652287867205,31.699999999999999,8.4206389885528807,0.11480085231929182,3.0753943217665616,11.57750618836992,-1.3256309661316259,0.14161426951006761
2021-09-30,0.05745967741935476,92.725000000000009,3.21,1.7,-0.15730337078651679,-0.011231101511879005,-0.054620547237996808,-0.038740157480314896,-0.65500000000000003,0.13183232975535986,0.090374546551046819,-0.19274812524288065,-1.05,-0.16000000000000014,16.48,0.12835104344307302,-0.055739931760431238,0.040000000000000036,1.1000000000000001,92.725000000000009,3.6083333333333485,0.093941765166179136,0.68342634158395243,-0.12742718446601953,1.7,0.05745967741935476,0.24080343834251472,31.469999999999999,7.5766273705791898,0.11175195218667322,2.9094375595805531,12.084532539575159,-1.4239665483545947,0.14017603595630679
2021-10-29,0.027962716378162389,93.708333333333329,3.1499999999999999,1.8999999999999999,-0.025198938992042508,0.032426550598476434,-0.0029424127784783982,-0.058169545364304187,-0.64700000000000002,0.1545226492892362,0.082263040011630428,-0.15498049502487377,-1,-0.23999999999999999,23.140000000000001,0.13720940611996643,-0.053721828904199853,0.10999999999999988,1.24,93.708333333333329,4.9249999999999829,0.08383951173028259,0.52749026130302834,-0.12179944914822005,1.8999999999999999,0.027962716378162389,0.22228771493206495,30.879999999999999,6.9622222222222225,0.11279843020235547,3.0725388601036268,13.627832748164698,-1.4896100169687494,0.14171989617094183
2021-11-30,0.030794701986754935,94.091666666666683,3.0800000000000001,1.6000000000000001,-0.096994535519125846,0.069659617776772542,-0.029746640681095449,-0.045316915623738296,-0.65400000000000003,0.1452586093325956,0.076376473987395554,-0.17114755175055751,-0.92999999999999972,-0.15999999999999948,16.260000000000002,0.20690972399816679,-0.03020865397963568,0.25,1.0700000000000001,94.091666666666683,5.4250000000000114,0.076269367535051424,0.45062484651959428,-0.10951188986232785,1.6000000000000001,0.030794701986754935,0.22833485712115331,31.129999999999999,7.2008898015058183,0.12251357458846845,3.0385480244137488,13.135876621833562,-1.4639673825248491,0.1531918080269542
2021-12-31,-0.0075853350189635238,94.533333333333317,3.6699999999999999,1.8,-0.041223404255319229,0.038127022653721809,0.12112276103101793,0.059886422302529718,-0.622,0.11207275431894259,0.069653621232568685,-0.19805242916219046,-0.93999999999999995,-0.14000000000000012,27.190000000000001,0.22076869722887751,-0.050710429434849158,0.32999999999999985,0.91000000000000003,94.533333333333317,6.4916666666666458,0.067848191908342015,0.37090344909893747,-0.10358271865121171,1.8,-0.0075853350189634128,0.19354583083494245,31.399999999999999,6.268993839835729,0.12069867041521865,3.2691082802547773,16.374238453979693,-1.6111920232619199,0.15127700900617558
2022-01-31,0.073576229218252687,95.316666666666663,3.1000000000000001,2.1000000000000001,0.14030261348005513,0.24693198761325852,0.14586846543001686,0.14249684741488022,-0.55200000000000005,0.11623821304363435,0.066173461356839436,-0.22578883746956924,-1.0900000000000001,-0.29000000000000026,17.219999999999999,0.23563900038725369,0.0083713172136620218,0.30999999999999983,0.79000000000000004,95.316666666666663,7.625,0.063393455116510067,0.29689268146232239,-0.080824257954302814,2.1000000000000001,0.073576229218252687,0.19001309887667212,30.350000000000001,5.7339151266255994,0.14386706993322429,3.5822075782537066,18.960866632844905,-1.666397951928275,0.17059682808254062
2022-02-28,0.024171270718232218,95.86666666666666,3.6299999999999999,1.8,0.080597014925373189,0.24770215241419424,0.13373506713183203,0.10001025746230385,-0.55600000000000005,0.11719701768919655,0.052478989728311554,-0.20720417007873915,-0.67999999999999994,0.39999999999999991,24.829999999999998,0.18123228066209579,0.014023927669788105,0.34000000000000008,0.60999999999999999,95.86666666666666,8.6583333333333314,0.046533886331525443,0.1923400635036388,-0.057550043516101046,1.8,0.024171270718231996,0.15974343137865971,29.66,4.8207934336525309,0.14171126901180053,3.6156439649359404,22.245300794551646,-1.8168608094034944,0.13291760088952964
2022-03-31,0.006526966678117363,96.058333333333337,3.77,1.8999999999999999,0.12351190476190466,0.22488188976377965,0.13658061373599595,0.27424639580602883,-0.54200000000000004,0.2007320112137887,0.043523494222876602,-0.19894446403301569,-0.69000000000000017,0.35999999999999988,30.149999999999999,0.19561713160930555,-0.010098797738523069,0.25000000000000022,0.39000000000000001,96.058333333333337,8.75833333333334,0.035353051012867454,0.13934994274238574,-0.037102278982714898,1.8999999999999999,0.006526966678117585,0.14370882777923158,29.300000000000001,4.3190288938280048,0.14801227514043203,3.9819112627986346,27.013016784102604,-1.9145569321321267,0.12891638472947298
2022-04-29,-0.044871794871794934,96.600000000000009,3.4300000000000002,2.2999999999999998,0.096511627906976649,0.065713718483224159,-0.012509197939661543,0.13153456998313673,-0.439,0.052379058979456605,0.02414684748288054,-0.17156258090588283,-0.70999999999999996,0.29000000000000004,20.559999999999999,0.22183095565427374,-0.00084696389951355311,0.17999999999999972,0.040000000000000001,96.600000000000009,8.1666666666666714,0.013194029189643963,0.044859699244789365,-0.035714285714285476,2.2999999999999998,-0.044871794871794934,0.12524758009269743,28.309999999999999,3.7353393742520087,0.12800018856139439,3.7922995407983047,28.741699011351155,-2.0253764214132932,0.10841159832551939
2022-05-31,-0.10942649967040208,96.558333333333337,3.9300000000000002,2.1000000000000001,0.34722222222222232,0.21457408155026236,0.12215591197314435,0.27222750819325503,-0.373,0.083157327101963663,0.0096505724155895312,-0.1030099140130315,-0.12999999999999989,0.79999999999999982,33.399999999999999,0.27573402632221644,-0.02948967273802372,0.26999999999999957,0.19,96.558333333333337,7.0750000000000028,-0.0032383844120668082,-0.011145439684863253,0.0085774757714156546,2.1000000000000001,-0.10942649967040208,0.096701171784539866,27.02,2.8557018293725429,0.1186257477460344,4.4537379718726875,42.140253846614371,-2.2472596949851305,0.09066869928788468
2022-06-30,-0.12038834951456301,96.841666666666654,4.2199999999999998,2.2000000000000002,0.33571428571428563,0.19762519359834774,-0.0058284049027172991,0.1299561617145637,-0.33600000000000002,0.094609687279567423,0.0033756705752634453,-0.075198813750303128,0.25999999999999979,1.1999999999999997,26.190000000000001,0.29591790809498564,0.027780507696111512,0.2200000000000002,0.32000000000000001,96.841666666666654,7.4083333333333172,-0.010723904261326855,-0.033869664292024114,0.051267541874151057,2.2000000000000002,-0.12038834951456312,0.08128821197961647,27.18,2.4299880321422465,0.12016307846362917,4.2674760853568801,47.732745373953421,-2.4145950764270117,0.094916097124441379
2022-07-29,-0.16575474734470541,96.358333333333334,5.8700000000000001,2.5,0.47035573122529617,0.20912147961328298,0.071721311475409832,0.058314937454010396,-0.25900000000000001,0.068866650125437578,-0.0015891214729512049,-0.031970448449365474,0.81000000000000005,1.9000000000000001,28.710000000000001,0.29133320419076192,-0.024019428764140649,0.23999999999999977,0.059999999999999998,96.358333333333334,5.7916666666666714,-0.016799822818588939,-0.061179354764361371,0.093031161473087876,2.5,-0.16575474734470541,0.049626692845261777,25.920000000000002,1.4563173191998633,0.1149752780646518,4.4390432098765427,79.007506456914768,-2.8791040064439413,0.087409918587527669
2022-08-31,-0.12176656151419563,95.783333333333346,4.7699999999999996,2.2000000000000002,0.44624447717231219,0.28382398194686642,0.040053182649160801,0.16710182767624038,-0.17199999999999999,0.083003778890939239,-0.00089041584940197094,-0.025120413547774834,0.37000000000000011,1.05,21.329999999999998,0.26246462867802972,0.0097929463837437281,-0.020000000000000018,-0.22,95.783333333333346,4.1166666666666742,-0.015965127807232804,-0.067319622253831465,0.13650902444596746,2.2000000000000002,-0.12176656151419551,0.071750781598928087,27.84,2.1976744186046511,0.1123660060937679,4.4956896551724137,56.951111111111111,-2.5390741166600836,0.078722827360005132
2022-09-30,-0.14394661582459489,94.808333333333323,5.0300000000000002,2.2999999999999998,0.52148148148148143,0.26922236784622089,0.0018967152340718663,-0.0039427444930146827,-0.219,0.048883291783391902,0.002325493696026637,-0.030310437889510045,0.41999999999999993,1.1100000000000001,25.870000000000001,0.25702489850580462,0.027094427389228182,-0.090000000000000302,-0.29999999999999999,94.808333333333323,2.0833333333333144,-0.011880559768519872,-0.061679906131565793,0.19390356977283263,2.2999999999999998,-0.14394661582459478,0.080273435833857001,26.940000000000001,2.4124081353614764,0.10533716355852674,4.3136599851521895,48.171782500885584,-2.4129866960828643,0.0684941223505795
2022-10-31,-0.20952072538860111,96.149999999999991,5.4299999999999997,2.8999999999999999,0.80544217687074804,0.36698988195615501,0.12723796280201616,0.20808494783904607,-0.22500000000000001,0.00082417582417582125,0.0083998690275295385,-0.029036017938359304,1.3700000000000001,2.0800000000000001,31.620000000000001,0.30058521564696811,-0.035396799022022307,0.020000000000000462,-0.39000000000000001,96.149999999999991,2.4416666666666629,-0.0040724079527926227,-0.015678770618251632,0.26530375188755961,2.8999999999999999,-0.209520725388601,0.051442508167263139,24.41,1.4653905315330711,0.092304560801093727,5.313396149119213,88.508829017961276,-2.8128711030351825,0.05304341650210076
2022-11-30,-0.20719563122389983,96.041666666666671,4.6299999999999999,2.6000000000000001,0.77912254160363092,0.39095041759171156,0.051214445509747408,0.093318929699185649,-0.107,0.19336953020751846,0.01886119802370545,0.014832958640826344,1.46,1.5899999999999999,25.879999999999999,0.28840210066398841,-0.027675188990088806,-4.4408920985006262e-16,-0.40999999999999998,96.041666666666671,1.9499999999999886,0.0094051321299795099,0.03722864801450218,0.33614429608807672,2.6000000000000001,-0.20719563122389972,0.051115473853292882,24.68,1.4687179487179487,0.097513634028787211,5.3310372771474874,89.581529329608941,-2.8216033225144432,0.045491829456336008
2022-12-30,-0.15955414012738833,96.066666666666677,4.5499999999999998,2.6000000000000001,0.69209431345353689,0.26361422308816373,0.116169004388607,0.11828605914302992,-0.125,0.12455158995561488,0.027697406049187467,0.048324245708983193,1.5500000000000003,1.2900000000000005,20.579999999999998,0.24208718671231857,-0.061978394672106307,-0.27000000000000091,-0.69999999999999996,96.066666666666677,1.5333333333333599,0.020842008490387753,0.081978566728858282,0.39967085929234747,2.6000000000000001,-0.15955414012738844,0.063769349311130014,26.390000000000001,1.8957264957264957,0.098509146936915259,4.9151193633952257,68.422317403065833,-2.6333830103967228,0.045115143118796386
2023-01-31,-0.13278418451400342,95.958333333333329,4.79,3.2999999999999998,0.83956574185765964,0.24236571008094177,0.04140323824209724,0.17390926473144441,-0.17999999999999999,0.14797802974335905,0.033530322395589396,0.093553930062664548,1.3200000000000003,0.51000000000000023,21.670000000000002,0.20616325303577482,-0.01864997429199855,-0.39000000000000057,-0.53000000000000003,95.958333333333329,0.64166666666666572,0.028520392650827286,0.11526992029709375,0.46393309327448029,3.2999999999999998,-0.13278418451400331,0.042288688435230613,26.32,1.2335441955889896,0.10076241455698942,5.1318389057750755,109.49749549549549,-3.0604376206921708,0.030876505181246738
2023-02-28,-0.054281861092380312,96.216666666666683,4.2999999999999998,2.8999999999999999,0.83977900552486151,0.32236105930622916,0.077829292391882632,0.13302972195589646,-0.223,0.16289365785570986,0.054492758521623053,0.13850315143192471,1.2899999999999996,0.91999999999999948,19.399999999999999,0.1954946396719969,-0.089406895177416734,-0.45999999999999952,-0.68999999999999995,96.216666666666683,0.35000000000002274,0.055335989896350357,0.20935449510785795,0.52499134249105395,2.8999999999999999,-0.054281861092380312,0.065899536441563142,28.050000000000001,1.9564325986673501,0.10539988312125947,5.0556149732620321,72.483969085669372,-2.6628659198465865,0.010216154879975292
2023-03-31,-0.06757679180887366,96.333333333333329,4.2199999999999998,2.7999999999999998,0.71655629139072841,0.22619353732750502,0.10292190270603641,0.23104724206178484,-0.307,0.30959638541193768,0.074730901164264285,0.14250586615187816,1.3199999999999998,0.89999999999999991,20.699999999999999,0.21745727852593361,-0.099095989916577976,-0.40000000000000036,-0.89000000000000001,96.333333333333329,0.27499999999999147,0.080834277743875749,0.2963923517275448,0.57237594328836017,2.7999999999999998,-0.067576791808873771,0.072324398786582061,27.32,2.1076187222412024,0.11751277289942186,5.2364568081991214,67.877552277516628,-2.5620602921848366,0.031290765748307692
2023-04-28,-0.01200989049805723,97.083333333333329,4.5800000000000001,3.2999999999999998,0.66277836691410408,0.27049180327868849,0.0098467461316356086,0.051657671549730333,-0.27000000000000002,0.18883655323543502,0.094373535655983831,0.1390573444970703,1.3400000000000003,-0.029999999999999805,18.699999999999999,0.23145982520464622,-0.047531629044629486,-0.32000000000000028,-0.57999999999999996,97.083333333333329,0.48333333333332007,0.10601929014453981,0.3092229295882416,0.62838373541737425,3.2999999999999998,-0.01200989049805723,0.050442811825611139,27.969999999999999,1.4613939186880767,0.1285639957289515,4.8766535573829106,93.335546464056108,-2.9517417881394055,0.039227843236093518
2023-05-31,0.058475203552923904,97.283333333333346,4.5,3,0.65177548682703312,0.067724779790593548,-0.09392849587476193,-0.023409591852245781,-0.152,0.2602734042773871,0.11358762999961947,0.12352323931131032,1.2799999999999998,-0.18000000000000016,15.779999999999999,0.27162211672748426,-0.023719746451491108,-0.39999999999999947,-0.59999999999999998,97.283333333333346,0.72500000000000853,0.12939739101373537,0.35152957892064618,0.65076209410205421,3,0.058475203552923904,0.074556276539911259,28.600000000000001,2.1358277806253203,0.1459197299449273,4.4926573426573428,60.159344852411813,-2.5945524270264646,0.053315927655411155
2023-06-30,0.036423841059602724,97.491666666666674,4.6900000000000004,3.2000000000000002,0.66417112299465231,0.14121907060953554,-0.074723892073255915,0.020507285483000404,-0.19,0.16032543028220059,0.12209162260514539,0.12067125049398086,1.3899999999999997,-0.16000000000000059,17.940000000000001,0.2453924032167889,-0.040687968565790156,-0.52000000000000002,-0.76000000000000001,97.491666666666674,0.6500000000000199,0.13954981805008981,0.35003746027564087,0.67585315965120052,3.2000000000000002,0.036423841059602724,0.075871697615751993,28.170000000000002,2.1629654936795357,0.15062071181546122,4.698970536031239,61.198387300584415,-2.5667773880360407,0.051787735370065091
2023-07-31,0.069058641975308532,98.341666666666654,4.0499999999999998,3.1000000000000001,0.38620071684587809,0.086650443247001663,-0.083357771260997082,-0.074331827941067519,-0.21299999999999999,0.11426065873977986,0.12312706608517243,0.16785142768104838,1.5299999999999998,0.20999999999999952,13.59,0.32257079842681197,-0.027754553073358279,-0.48999999999999932,-1.0600000000000001,98.341666666666654,1.9833333333333201,0.14055743883611438,0.2330910860698914,0.65851130002073388,3.1000000000000001,0.069058641975308532,0.10776171054257819,27.710000000000001,2.9793268409362725,0.15380879487037613,4.5120894983760378,41.965855602706725,-2.2300959761783474,0.016483115477178956
2023-08-31,0.035201149425287293,98.408333333333346,3.79,3.2000000000000002,0.65274949083503064,0.059284116331096204,0.031831270916024668,-0.065087088357661638,-0.22800000000000001,0.20714488578731705,0.1204225677760542,0.1556289621787279,1.5299999999999998,0.24000000000000021,13.630000000000001,0.30050079311342626,-0.0019138092212072078,-0.45000000000000062,-0.91000000000000003,98.408333333333346,2.625,0.13610105733481537,0.21662751625791279,0.67242938988843104,3.2000000000000002,0.035201149425287293,0.097231133415951077,28.82,2.836096393778841,0.16570855710122889,4.6002775850104101,46.747353260214545,-2.3186409931353813,0.046259380053227384
