date,benchmark,horizon,available,target_end,fold,y_true,ridge,gbt,ridge_alpha,z,alpha,y_hat,ridge_weight,naive,n_mature_labels,base_prediction,shrinkage_warmup,lower,upper,probability,interval_warmup,calibration_warmup,candidate
2011-03-31,GLD,6,2011-09-30,2011-09-30,0,-0.28401701071603003,-0.10636456560258988,0.10644299248057022,10000,3.9213438990173821e-05,1,3.9213438990173821e-05,0.5,-0.08862737846908135,71,0,True,,,,True,True,I1
2011-03-31,VDE,6,2011-09-30,2011-09-30,0,0.099415418834995273,0.077502469561526066,0.11830672569744367,51.794746792312019,0.097904597629484863,1,0.097904597629484863,0.5,-0.059909679005032385,72,0,True,,,,True,True,I1
2011-03-31,VWO,6,2011-09-30,2011-09-30,0,0.10124383219870758,-0.094918241362454969,0.12445549678077281,10000,0.014768627709158919,1,0.014768627709158919,0.5,-0.094106099527342946,67,0,True,,,,True,True,I1
2011-04-29,GLD,6,2011-10-31,2011-10-31,0,-0.22579102504943327,-0.10627441036895281,0.038936252393712491,10000,-0.033669078987620157,1,-0.033669078987620157,0.5,-0.087959807040398574,72,0,True,,,,True,True,I1
2011-04-29,VDE,6,2011-10-31,2011-10-31,0,-0.017906208921042222,0.089661134926840982,0.1035227538773026,51.794746792312019,0.096591944402071792,1,0.096591944402071792,0.5,-0.062748359131225201,73,0,True,,,,True,True,I1
2011-04-29,VWO,6,2011-10-31,2011-10-31,0,0.033072410923070894,-0.094519260165298546,0.04611486205128109,10000,-0.024202199057008728,1,-0.024202199057008728,0.5,-0.092573075258765736,68,0,True,,,,True,True,I1
2011-05-31,GLD,6,2011-11-30,2011-11-30,0,-0.27687317792830035,-0.10636641746165645,0.061660302673193598,10000,-0.022353057394231428,1,-0.022353057394231428,0.5,-0.086858114955066387,73,0,True,,,,True,True,I1
2011-05-31,VDE,6,2011-11-30,2011-11-30,0,-0.023523657548478738,0.10201919750385986,0.11830672569744367,51.794746792312019,0.11016296160065177,1,0.11016296160065177,0.5,-0.063352363754367411,74,0,True,,,,True,True,I1
2011-05-31,VWO,6,2011-11-30,2011-11-30,0,0.048390600145445495,-0.094754735776518204,0.14121765687560747,10000,0.023231460549544634,1,0.023231460549544634,0.5,-0.090657515881009121,69,0,True,,,,True,True,I1
2011-06-30,GLD,6,2011-12-30,2011-12-30,0,-0.090246847333861346,-0.10629186431563012,0.023326135685665897,10000,-0.041482864314982111,1,-0.041482864314982111,0.5,-0.085665748859487204,74,0,True,,,,True,True,I1
2011-06-30,VDE,6,2011-12-30,2011-12-30,0,-0.034335473599712785,0.083604745482967244,0.12391503701888262,51.794746792312019,0.10375989125092494,1,0.10375989125092494,0.5,-0.062373273911676096,75,0,True,,,,True,True,I1
2011-06-30,VWO,6,2011-12-30,2011-12-30,0,0.11034683099729881,-0.094819889939863566,-0.017746583527492549,10000,-0.056283236733678056,1,-0.056283236733678056,0.5,-0.088119395257021602,70,0,True,,,,True,True,I1
2011-07-29,GLD,6,2012-01-31,2012-01-31,0,-0.0090676162106111402,-0.10547741319561953,-0.014919235988776982,10000,-0.060198324592198253,1,-0.060198324592198253,0.5,-0.087376621152653836,75,0,True,,,,True,True,I1
2011-07-29,VDE,6,2012-01-31,2012-01-31,0,0.11529533139232195,0.10013082119637372,0.033334957982361371,51.794746792312019,0.066732889589367544,1,0.066732889589367544,0.5,-0.06260854359753168,76,0,True,,,,True,True,I1
2011-07-29,VWO,6,2012-01-31,2012-01-31,0,0.15534467397140495,-0.09357816841583122,-0.075852319225685624,10000,-0.084715243820758429,1,-0.084715243820758429,0.5,-0.087571082406287401,71,0,True,,,,True,True,I1
2011-08-31,GLD,6,2012-02-29,2012-02-29,0,0.22737844487220649,-0.10504570372901584,0.00052123422112996349,10000,-0.05226223475394294,1,-0.05226223475394294,0.5,-0.091476613022922648,76,0,True,,,,True,True,I1
2011-08-31,VDE,6,2012-02-29,2012-02-29,0,0.024229365829836258,0.095996538934244105,0.038281936812370056,51.794746792312019,0.067139237873307084,1,0.067139237873307084,0.5,-0.061172759211664311,77,0,True,,,,True,True,I1
2011-08-31,VWO,6,2012-02-29,2012-02-29,0,0.10266186127514487,-0.093591661986593286,-0.090896498623128416,10000,-0.092244080304860851,1,-0.092244080304860851,0.5,-0.086511726361531122,72,0,True,,,,True,True,I1
2011-09-30,DBC,6,2012-03-30,2012-03-30,1,0.2122481903060931,0.057031988937311914,-0.044914339557952904,109.85411419875572,0.0060588246896795053,1,0.0060588246896795053,0.5,-0.046954632560350075,62,0,True,,,,True,True,I1
2011-09-30,GLD,6,2012-03-30,2012-03-30,1,0.30500834406360688,-0.065020384966796213,-0.029746291333914855,339.32217718953228,-0.058970674100229041,1,-0.058970674100229041,0.82849422214699142,-0.093977137668287691,77,0,True,,,,True,True,I1
2011-09-30,VDE,6,2012-03-30,2012-03-30,1,0.092356368390046573,0.02155431160710778,-0.083390682394714852,109.85411419875572,-0.038647202823052632,1,-0.038647202823052632,0.4263517283243175,-0.059113936416194314,78,0,True,,,,True,True,I1
2011-09-30,VWO,6,2012-03-30,2012-03-30,1,0.088841029688532913,-0.088518641658849331,-0.16776461187457506,4714.8663634573895,-0.16667035076326125,1,-0.16667035076326125,0.013808413327957977,-0.083939732408651144,73,0,True,,,,True,True,I1
2011-10-31,DBC,6,2012-04-30,2012-04-30,1,0.12104495917566793,0.054627873743376909,-0.044497424117862699,109.85411419875572,0.0050652248127571048,1,0.0050652248127571048,0.5,-0.046130351155516003,63,0,True,,,,True,True,I1
2011-10-31,GLD,6,2012-04-30,2012-04-30,1,0.17495273296235625,-0.061397506746119053,-0.013411166761690562,339.32217718953228,-0.05321007920447926,1,-0.05321007920447926,0.82938003722941567,-0.095667059301379309,78,0,True,,,,True,True,I1
2011-10-31,VDE,6,2012-04-30,2012-04-30,1,0.14132043265264094,0.019413122099068349,-0.10159373579867854,109.85411419875572,-0.036236360406651069,1,-0.036236360406651069,0.54011298638343053,-0.058592319612458213,79,0,True,,,,True,True,I1
2011-10-31,VWO,6,2012-04-30,2012-04-30,1,0.11580262722532919,-0.089361484269955396,-0.14649208169335154,4714.8663634573895,-0.14578455673577281,1,-0.14578455673577281,0.012384343757780464,-0.082358487228492733,74,0,True,,,,True,True,I1
2011-11-30,DBC,6,2012-05-31,2012-05-31,1,0.27541495190717158,0.079649746399442847,-0.030256154588933618,109.85411419875572,0.024696795905254615,1,0.024696795905254615,0.5,-0.046518863008323197,64,0,True,,,,True,True,I1
2011-11-30,GLD,6,2012-05-31,2012-05-31,1,0.31887367991302329,-0.058982207504406525,-0.012492332906725781,339.32217718953228,-0.050552193442751386,1,-0.050552193442751386,0.81866989028024417,-0.097960807638428946,79,0,True,,,,True,True,I1
2011-11-30,VDE,6,2012-05-31,2012-05-31,1,0.22273860392432687,0.029421944823065559,-0.033046093914076029,109.85411419875572,0.0013345630518246218,1,0.0013345630518246218,0.55037196078094508,-0.058153961336658476,80,0,True,,,,True,True,I1
2011-11-30,VWO,6,2012-05-31,2012-05-31,1,0.21418601098807111,-0.088499604034493154,-0.090290626483354355,4714.8663634573895,-0.090163453789049053,1,-0.090163453789049053,0.07100563948048573,-0.080615166063506882,75,0,True,,,,True,True,I1
2011-12-30,DBC,6,2012-06-29,2012-06-29,1,0.12913998782389102,0.066001865291947709,-0.010596103616539518,109.85411419875572,0.027702880837704096,1,0.027702880837704096,0.5,-0.045815839561753259,65,0,True,,,,True,True,I1
2011-12-30,GLD,6,2012-06-29,2012-06-29,1,0.067474942796318826,-0.065173388999676868,-0.065834472741524278,339.32217718953228,-0.065279330920901726,1,-0.065279330920901726,0.83974508141917981,-0.097864383134621827,80,0,True,-0.3493355550759219,0.21877689323411847,,False,True,I1
2011-12-30,VDE,6,2012-06-29,2012-06-29,1,0.12344613042352826,0.017696366416510061,-0.085899999287314718,109.85411419875572,-0.025571063756513256,1,-0.025571063756513256,0.58234606128247723,-0.057859905932498651,81,0,True,-0.16366642860715097,0.11252430109412447,,False,True,I1
2011-12-30,VWO,6,2012-06-29,2012-06-29,1,0.043514565370284419,-0.08851262489192227,-0.099705233948153324,4714.8663634573895,-0.098275629177561497,1,-0.098275629177561497,0.12772757124005424,-0.078102508207443647,76,0,True,-0.26490569690853838,0.068354438553415359,,False,True,I1
2012-01-31,DBC,6,2012-07-31,2012-07-31,1,-0.0045013063407751686,0.072895167822699627,-0.0062663194634306561,109.85411419875572,0.033314424179634483,1,0.033314424179634483,0.5,-0.043190964140973363,66,0,True,,,,True,True,I1
2012-01-31,GLD,6,2012-07-31,2012-07-31,1,0.035829187182332634,-0.071432974901572327,-0.048153186881932875,339.32217718953228,-0.066460501399221994,1,-0.066460501399221994,0.78640383245090495,-0.096768126752843922,81,0,True,-0.35051672555424218,0.21759572275579819,,False,True,I1
2012-01-31,VDE,6,2012-07-31,2012-07-31,1,-0.010698659940103217,0.019918396560376188,-0.080749597698188888,109.85411419875572,-0.015889823022875886,1,-0.015889823022875886,0.64429390048957458,-0.05574825669683011,82,0,True,-0.15398518787351362,0.12220554182776183,,False,True,I1
2012-01-31,VWO,6,2012-07-31,2012-07-31,1,0.020729199067342829,-0.089330877376886691,-0.064159151151784874,4714.8663634573895,-0.069683655953256554,1,-0.069683655953256554,0.21947262385058533,-0.075070726620705353,77,0,True,-0.30974357374541994,0.17037626183890681,,False,True,I1
2012-02-29,DBC,6,2012-08-31,2012-08-31,1,-0.058674233038552015,0.067964075848578109,-0.0010272819289363559,109.85411419875572,0.03346839695982088,1,0.03346839695982088,0.5,-0.03963103024804672,67,0,True,,,,True,True,I1
2012-02-29,GLD,6,2012-08-31,2012-08-31,1,-0.042147642746985903,-0.07544038535535709,-0.12677358197279381,339.32217718953228,-0.091704515245375429,1,-0.091704515245375429,0.68316545701940967,-0.092815119781806718,82,0,True,-0.37576073940039562,0.19235170890964476,,False,True,I1
2012-02-29,VDE,6,2012-08-31,2012-08-31,1,-0.018401669947444299,0.018885386370678763,-0.071951839673698878,109.85411419875572,-0.019597609106401223,1,-0.019597609106401223,0.57635215040274901,-0.054784670883255816,83,0,True,-0.15769297395703896,0.1184977557442365,,False,True,I1
2012-02-29,VWO,6,2012-08-31,2012-08-31,1,0.010238367842802854,-0.088171295735919697,-0.075828363955748948,4714.8663634573895,-0.079178596473984855,1,-0.079178596473984855,0.27142923398621893,-0.072792103698963675,78,0,True,-0.31923851426614824,0.16088132131817851,,False,True,I1
2012-03-30,DBC,6,2012-09-28,2012-09-28,2,-0.10109649122807041,0.026798185067696323,-0.034869131658627352,109.85411419875572,0.010331582076558805,1,0.010331582076558805,0.73297682037609257,-0.035926924063427013,68,0,True,,,,True,True,I1
2012-03-30,GLD,6,2012-09-28,2012-09-28,2,-0.16552715986858357,-0.092875515555201849,-0.20969425978361431,10000,-0.13606123970559317,1,-0.13606123970559317,0.63031853804256388,-0.088022066000536678,83,0,True,-0.50004025786942907,0.22791777845824276,,False,True,I1
2012-03-30,VDE,6,2012-09-28,2012-09-28,2,-0.1223766775752847,0.0059023355826434074,-0.029999615673333504,51.794746792312019,-0.0069161721541815997,1,-0.0069161721541815997,0.64295790929494401,-0.05303299184428794,84,0,True,-0.14501153700481934,0.13117919269645612,,False,True,I1
2012-03-30,VWO,6,2012-09-28,2012-09-28,2,-0.076818068648375593,0.060343418646227137,-0.0057868436247341835,159.98587196060572,0.016995462075633877,1,0.016995462075633877,0.34450650758075213,-0.070746114668742199,79,0,True,-0.23851591837616029,0.27250684252742807,,False,True,I1
2012-04-30,DBC,6,2012-10-31,2012-10-31,2,0.075186001087504839,0.034277402535603671,0.026182003873529949,109.85411419875572,0.032531769102874371,1,0.032531769102874371,0.78436720591569531,-0.033651969233874909,69,0,True,,,,True,True,I1
2012-04-30,GLD,6,2012-10-31,2012-10-31,2,0.021549981018549769,-0.092944968460982588,-0.20070257834753427,10000,-0.13596983337000434,1,-0.13596983337000434,0.60072550834860949,-0.084891413631930812,84,0,True,-0.49994885153384028,0.22800918479383159,,False,True,I1
2012-04-30,VDE,6,2012-10-31,2012-10-31,2,0.040863996094121502,0.028648983269200311,0.013056870661318005,51.794746792312019,0.023686158547930117,1,0.023686158547930117,0.6817092817325261,-0.050746480967853481,85,0,True,-0.1538706345113619,0.20124295160722211,,False,True,I1
2012-04-30,VWO,6,2012-10-31,2012-10-31,2,0.06423822246614741,0.062298409306100117,0.019221693624958364,159.98587196060572,0.036049501085158836,1,0.036049501085158836,0.39064741111559248,-0.06841425539506632,80,0,True,-0.2255376828759432,0.29763668504626084,,False,True,I1
2012-05-31,DBC,6,2012-11-30,2012-11-30,2,-0.051746630125066639,0.038277301094116686,0.031144108647661761,109.85411419875572,0.036513909844940795,1,0.036513909844940795,0.75279073676860275,-0.029236727503288533,70,0,True,,,,True,True,I1
2012-05-31,GLD,6,2012-11-30,2012-11-30,2,-0.060620583753068003,-0.092920952840876925,-0.20883793048011548,10000,-0.14248928622191381,1,-0.14248928622191381,0.5723807298072815,-0.080141236060813692,85,0,True,-0.51191515957768852,0.22693658713386089,,False,True,I1
2012-05-31,VDE,6,2012-11-30,2012-11-30,2,-0.057956479063156818,0.03663645593340268,0.013056870661318005,51.794746792312019,0.028902744032823578,1,0.028902744032823578,0.67201662746227919,-0.047566421841200218,86,0,True,-0.19250129683967868,0.25030678490532582,,False,True,I1
2012-05-31,VWO,6,2012-11-30,2012-11-30,2,-0.10512854512816872,0.06516911743843648,0.013344917566844184,159.98587196060572,0.034638782155123851,1,0.034638782155123851,0.41088650941144605,-0.064925363217496729,81,0,True,-0.26971068262199632,0.338988246932244,,False,True,I1
2012-06-29,DBC,6,2012-12-31,2012-12-31,2,-0.027661078234145098,0.031749282334819218,0.062921688168191506,109.85411419875572,0.039060547562719011,1,0.039060547562719011,0.76545713965803186,-0.027006069540933892,71,0,True,-0.21165760843919793,0.28977870356463598,,False,True,I1
2012-06-29,GLD,6,2012-12-31,2012-12-31,2,0.010874759764625042,-0.09282139944058071,-0.37368549480573987,10000,-0.21411122848097869,1,-0.21411122848097869,0.56815473731982125,-0.078424768864800529,86,0,True,-0.57863493216400852,0.15041247520205114,,False,True,I1
2012-06-29,VDE,6,2012-12-31,2012-12-31,2,-0.0042991290954275119,0.021073083371253153,-0.017119156934936576,51.794746792312019,0.0092380378830354774,1,0.0092380378830354774,0.69011910813989108,-0.045600760320915978,87,0,True,-0.21216600298946678,0.23064207875553774,,False,True,I1
2012-06-29,VWO,6,2012-12-31,2012-12-31,2,-0.078547651734469426,0.058373132580901682,0.012864922696922704,159.98587196060572,0.032010100762468616,1,0.032010100762468616,0.42069723494630162,-0.063602925063987195,82,0,True,-0.27233936401465153,0.33635956553958879,,False,True,I1
2012-07-31,DBC,6,2013-01-31,2013-01-31,2,0.18826481687196672,0.038851635824815822,0.083765114055392512,109.85411419875572,0.051942840692348842,0.050000000000000003,0.0025971420346174424,0.70852391346033305,-0.026693503385376127,72,0,False,-0.24812101396729949,0.25331529803653435,,False,True,I1
2012-07-31,GLD,6,2013-01-31,2013-01-31,2,0.1900409394910052,-0.092830378763170532,-0.34136834105381025,10000,-0.20212328172569657,0.050000000000000003,-0.010106164086284829,0.56025670301939956,-0.077111505002189801,87,0,False,-0.37458035090393338,0.3543680227313637,,False,True,I1
2012-07-31,VDE,6,2013-01-31,2013-01-31,2,0.10885906189877703,0.031434625584139862,0.010747578572424199,51.794746792312019,0.025169011860771508,0.050000000000000003,0.0012584505930385754,0.69712382246630178,-0.045204145543861284,88,0,False,-0.22014559027946368,0.22266249146554085,,False,True,I1
2012-07-31,VWO,6,2013-01-31,2013-01-31,2,0.081467235293686491,0.083546566584674298,-0.043919040080379938,159.98587196060572,0.0093873694913394288,0.050000000000000003,0.00046936847456697145,0.41820229759541683,-0.062586875375657922,83,0,False,-0.30388009630255319,0.30481883325168713,,False,True,I1
2012-08-31,DBC,6,2013-02-28,2013-02-28,2,0.37976193880378017,0.055410146772855509,0.10917733332424677,109.85411419875572,0.074370647164708648,0.050000000000000003,0.0037185323582354327,0.64735926114098452,-0.027131595572405933,73,0,False,-0.2469996236436815,0.25443668836015237,,False,True,I1
2012-08-31,GLD,6,2013-02-28,2013-02-28,2,0.40693380548149616,-0.092504090238664322,-0.32535995611456936,10000,-0.19272319097591264,0.050000000000000003,-0.0096361595487956322,0.56960886357633045,-0.076714188385653401,88,0,False,-0.37406908231195979,0.35479676321436848,,False,True,I1
2012-08-31,VDE,6,2013-02-28,2013-02-28,2,0.24332157842173729,0.047035175681087844,0.010747578572424199,51.794746792312019,0.036014565988211789,0.050000000000000003,0.0018007282994105896,0.69629816876894046,-0.044902994132665588,89,0,False,-0.21960331257309168,0.22320476917191284,,False,True,I1
2012-08-31,VWO,6,2013-02-28,2013-02-28,2,0.22436459453226609,0.095320929771179841,-0.038817509821936311,159.98587196060572,0.017374021195603617,0.050000000000000003,0.00086870105978018085,0.41890699778517193,-0.061719908194485772,84,0,False,-0.30348076371733995,0.30521816583690037,,False,True,I1
2012-09-28,DBC,6,2013-03-29,2013-03-29,3,0.33615249051031937,0.023740008246918479,0.17357137523583283,232.99518105153672,0.083767484618460314,0.050000000000000003,0.0041883742309230159,0.59936642388116823,-0.028131121189374369,74,0,False,-0.24652978177099391,0.25490653023283993,,False,True,I1
2012-09-28,GLD,6,2013-03-29,2013-03-29,3,0.38972789344916159,-0.095724669220976055,-0.085969389928603909,10000,-0.091452298752479178,0.050000000000000003,-0.0045726149376239594,0.56204529460909147,-0.077712086941641376,89,0,False,-0.30092465355553882,0.29177942368029092,,False,True,I1
2012-09-28,VDE,6,2013-03-29,2013-03-29,3,0.20880842163514335,0.023313055137019166,0.07339681917164538,109.85411419875572,0.039832276124621202,0.050000000000000003,0.0019916138062310604,0.67016814119279833,-0.04576381283758358,90,0,False,-0.2194124270662712,0.22339565467873332,,False,True,I1
2012-09-28,VWO,6,2013-03-29,2013-03-29,3,0.24821654988322761,0.12554240947634801,0.027048752043167104,109.85411419875572,0.067174431993035119,0.050000000000000003,0.003358721599651756,0.4073935418337945,-0.061897533611590352,85,0,False,-0.30099074317746838,0.30770818637677194,,False,True,I1
2012-10-31,DBC,6,2013-04-30,2013-04-30,3,0.2325866241015071,0.033599187583328437,0.17605620620825929,232.99518105153672,0.090739976456551311,0.050000000000000003,0.0045369988228275661,0.59889102393988425,-0.026753559559015982,75,0,False,-0.24618115717908937,0.25525515482474448,,False,True,I1
2012-10-31,GLD,6,2013-04-30,2013-04-30,3,0.33043618952149034,-0.095422062149303849,-0.16212464915457783,10000,-0.12352109045473143,0.050000000000000003,-0.0061760545227365722,0.57874155161019647,-0.076609175075417035,90,0,False,-0.30164982067901608,0.28929771163354295,,False,True,I1
2012-10-31,VDE,6,2013-04-30,2013-04-30,3,0.10411570921812041,0.033517411792684228,0.063519436126153211,109.85411419875572,0.043330092187114685,0.050000000000000003,0.0021665046093557344,0.67293272329347942,-0.044811858893279127,91,0,False,-0.21923753626314652,0.22357054548185801,,False,True,I1
2012-10-31,VWO,6,2013-04-30,2013-04-30,3,0.13826999901114378,0.14682308135232591,0.024674607057233015,109.85411419875572,0.075780304059476833,0.050000000000000003,0.0037890152029738419,0.41838997414556245,-0.060430838773477123,86,0,False,-0.30056044957414629,0.30813847998009403,,False,True,I1
2012-11-30,DBC,6,2013-05-31,2013-05-31,3,0.29426522999731686,0.036101752040132391,0.20058042941471516,232.99518105153672,0.10396486314009806,0.050000000000000003,0.0051982431570049038,0.58740481025747415,-0.027082415750674545,76,0,False,-0.20593876583557572,0.21633525214958552,,False,True,I1
2012-11-30,GLD,6,2013-05-31,2013-05-31,3,0.4080458624655634,-0.095346628437970177,-0.15374687984718485,10000,-0.11885490692975133,0.050000000000000003,-0.0059427453464875671,0.59746271763357717,-0.076433476269676934,91,0,False,-0.30065534203601652,0.28876985134304134,,False,True,I1
2012-11-30,VDE,6,2013-05-31,2013-05-31,3,0.077908839046333389,0.039513698609402105,0.074355985892067711,109.85411419875572,0.051477683673386711,0.050000000000000003,0.0025738841836693356,0.65662457900871474,-0.044954735199473454,92,0,False,-0.21883015668883293,0.22397792505617159,,False,True,I1
2012-11-30,VWO,6,2013-05-31,2013-05-31,3,0.21433677585018152,0.15187157800820777,0.022506384714506243,109.85411419875572,0.07584224706447186,0.050000000000000003,0.003792112353223593,0.41228912501120513,-0.060944605513186222,87,0,False,-0.30055735242389658,0.30814157713034374,,False,True,I1
2012-12-31,DBC,6,2013-06-28,2013-06-28,3,0.32493265191947918,0.03694661629823285,0.20058042941471516,232.99518105153672,0.10316998559833028,0.050000000000000003,0.005158499279916514,0.59529532412132624,-0.027089930847862476,77,0,False,-0.20548374537504741,0.21580074393488044,,False,True,I1
2012-12-31,GLD,6,2013-06-28,2013-06-28,3,0.49251781655632898,-0.095530753936919163,-0.16015002298464262,10000,-0.11905141439978395,0.050000000000000003,-0.0059525707199891975,0.6360116601521133,-0.075484473704086702,92,0,False,-0.2864211649453019,0.27451602350532345,,False,True,I1
2012-12-31,VDE,6,2013-06-28,2013-06-28,3,0.11218359969344638,0.047650076747172636,0.089926977947787229,109.85411419875572,0.06240920202404799,0.050000000000000003,0.0031204601012023996,0.65089387212086403,-0.044517578144591237,93,0,False,-0.21828358077129986,0.22452450097370466,,False,True,I1
2012-12-31,VWO,6,2013-06-28,2013-06-28,3,0.3372885676530778,0.15889588651158645,0.059160200886460734,109.85411419875572,0.099759778619097128,0.050000000000000003,0.0049879889309548571,0.40707172641532857,-0.061144640129337173,88,0,False,-0.29936147584616529,0.30933745370807503,,False,True,I1
2013-01-31,DBC,6,2013-07-31,2013-07-31,3,0.22603268228646956,0.032021934388702357,0.18685199185820339,232.99518105153672,0.098935624424916033,0.050000000000000003,0.004946781221245802,0.56782493574030646,-0.024328972543762102,78,0,False,-0.18445211012138787,0.1943456725638795,,False,True,I1
2013-01-31,GLD,6,2013-07-31,2013-07-31,3,0.34729894118004645,-0.095601015840490883,-0.16841103557755674,10000,-0.1207031963977159,0.050000000000000003,-0.0060351598198857955,0.65523727849717806,-0.072629361734247,93,0,False,-0.28645505318642417,0.2743847335466526,,False,True,I1
2013-01-31,VDE,6,2013-07-31,2013-07-31,3,0.067482958701918783,0.038901244856338967,0.066734409286488799,109.85411419875572,0.048670062459696586,0.050000000000000003,0.0024335031229848294,0.64902238737986617,-0.042885911761151141,94,0,False,-0.21897053774951744,0.22383754399548708,,False,True,I1
2013-01-31,VWO,6,2013-07-31,2013-07-31,3,0.23663801286909691,0.152703168671317,0.059627218243865632,109.85411419875572,0.10005555334065136,0.050000000000000003,0.005002777667032568,0.43435855246300009,-0.059542259506606562,89,0,False,-0.29934668711008761,0.30935224244415271,,False,True,I1
2013-02-28,DBC,6,2013-08-30,2013-08-30,3,0.048216547066272764,0.037113917070958492,0.2060169536464006,232.99518105153672,0.11525726743316082,0.050000000000000003,0.0057628633716580412,0.53734786569512683,-0.01921389771657802,79,0,False,-0.25539906350056107,0.26692479024387716,,False,True,I1
2013-02-28,GLD,6,2013-08-30,2013-08-30,3,0.13411673778283828,-0.095780915141977063,-0.21220171361320325,10000,-0.13541262867539841,0.050000000000000003,-0.0067706314337699211,0.65958218760012655,-0.067527625912802924,94,0,False,-0.30414732125692617,0.2906060583893863,,False,True,I1
2013-02-28,VDE,6,2013-08-30,2013-08-30,3,-0.035373124236404374,0.051231798274632694,0.030721009152916132,109.85411419875572,0.04387908654298945,0.050000000000000003,0.0021939543271494726,0.64151980267505726,-0.039873201338173368,95,0,False,-0.23932689579517724,0.24371480444947619,,False,True,I1
2013-02-28,VWO,6,2013-08-30,2013-08-30,3,0.13806252523931739,0.15596521245312756,0.016390806657891725,109.85411419875572,0.081232611310431385,0.050000000000000003,0.0040616305655215698,0.46456801505332246,-0.056387738906174649,90,0,False,-0.25990123566313694,0.26802449679418006,,False,True,I1
2013-03-29,BND,6,2013-09-30,2013-09-30,4,0.10127215270764489,-0.0057113850487088419,-0.25798917864469428,10000,-0.13185028184670156,0.050000000000000003,-0.0065925140923350778,0.5,0.0066418126404495081,66,1,False,,,,True,True,I1
2013-03-29,DBC,6,2013-09-30,2013-09-30,4,0.13385180077136882,0.093869109625239242,0.18265071419939086,109.85411419875572,0.13913920305172983,0.050000000000000003,0.0069569601525864919,0.49009602108868866,-0.014771817863741802,80,0,False,-0.32839787075497512,0.34231179106014814,,False,True,I1
2013-03-29,GLD,6,2013-09-30,2013-09-30,4,0.24620446046169997,-0.055984397825505794,-0.27305774252961079,494.17133613238281,-0.13372373300683496,0.050000000000000003,-0.0066861866503417485,0.64187525977776561,-0.062714409919519085,95,0,False,-0.37873044264095967,0.36535806934027615,,False,True,I1
2013-03-29,VDE,6,2013-09-30,2013-09-30,4,0.019964211771014373,0.089698878212719352,0.12355534148302612,75.431200633546069,0.10261952954511398,0.050000000000000003,0.0051309764772556991,0.61836972665344936,-0.037282767765534658,96,0,False,-0.23638987364507102,0.2466518265995824,,False,True,I1
2013-03-29,VWO,6,2013-09-30,2013-09-30,4,0.11607772792845594,0.14764017553765355,0.036478240325714346,109.85411419875572,0.090313967202866968,0.050000000000000003,0.0045156983601433486,0.48430001487928814,-0.053040439029368031,91,0,False,-0.25932213195969639,0.26835352867998313,,False,True,I1
2013-04-30,BND,6,2013-10-31,2013-10-31,4,0.069064409114923064,-0.0058522437233902332,-0.25594348187611488,10000,-0.13089786279975255,0.050000000000000003,-0.0065448931399876278,0.5,0.0090580605694564748,67,1,False,,,,True,True,I1
2013-04-30,DBC,6,2013-10-31,2013-10-31,4,0.05997390733944219,0.083690923437876569,0.19816130813139979,109.85411419875572,0.14626515557512859,0.050000000000000003,0.0073132577787564301,0.45335876781767714,-0.011718009938244902,81,0,False,-0.32779937922679342,0.34242589478430624,,False,True,I1
2013-04-30,GLD,6,2013-10-31,2013-10-31,4,0.12418066101221636,-0.061695761256678493,-0.25884974595349214,494.17133613238281,-0.13356952346624509,0.050000000000000003,-0.0066784761733122552,0.63544352238127388,-0.058619091175341899,96,0,False,-0.37859181303218808,0.3652348606855636,0.74840668199398908,False,False,I1
2013-04-30,VDE,6,2013-10-31,2013-10-31,4,-0.080635695327173851,0.078906196285294897,0.13245047378064909,75.431200633546069,0.099889374829410321,0.050000000000000003,0.0049944687414705162,0.60811538551554767,-0.035825051507971203,97,0,False,-0.23652638138085619,0.24651531886379724,0.4965495719126517,False,False,I1
2013-04-30,VWO,6,2013-10-31,2013-10-31,4,0.043811268332934583,0.14349748516459865,-0.0064619584949422446,109.85411419875572,0.06896678857560723,0.050000000000000003,0.0034483394287803618,0.50299431119388838,-0.05096097774631899,92,0,False,-0.26027695857312261,0.26717363743068334,0.57732201948879569,False,False,I1
2013-05-31,BND,6,2013-11-29,2013-11-29,4,0.1004965959212375,-0.0058303828689905109,-0.26017017904228867,10000,-0.13300028095563959,0.050000000000000003,-0.0066500140477819799,0.5,0.012254851549905056,68,1,False,,,,True,True,I1
2013-05-31,DBC,6,2013-11-29,2013-11-29,4,0.10925822934672236,0.073991946042986576,0.18771942415566009,109.85411419875572,0.14016490354834765,0.050000000000000003,0.0070082451774173826,0.41814450998551661,-0.0079865070122014659,82,0,False,-0.28777835892143916,0.30179484927627392,,False,True,I1
2013-05-31,GLD,6,2013-11-29,2013-11-29,4,0.19443946439510806,-0.063322636592120132,-0.3068503508639005,494.17133613238281,-0.15399973976653533,0.050000000000000003,-0.0076999869883267666,0.62765181184586538,-0.053808112271827413,97,0,False,-0.40387555246323281,0.38847557848657932,0.8219143436407923,False,False,I1
2013-05-31,VDE,6,2013-11-29,2013-11-29,4,0.0079571611051172386,0.067726834922103879,0.13245047378064909,75.431200633546069,0.093692507692995544,0.050000000000000003,0.0046846253846497777,0.59882242054344059,-0.03466450160435585,98,0,False,-0.21767735878546315,0.22704660955476272,0.53897456493587514,False,False,I1
2013-05-31,VWO,6,2013-11-29,2013-11-29,4,0.075438547674787415,0.13133566564934002,-0.0035435863285454713,109.85411419875572,0.067201183728704261,0.050000000000000003,0.0033600591864352131,0.52450446617874846,-0.048108313729152315,93,0,False,-0.25272996921862634,0.25945008759149679,0.67409118780142763,False,False,I1
2013-06-28,BND,6,2013-12-31,2013-12-31,4,0.060708907927270905,-0.0056172497716712056,-0.23789322826874693,10000,-0.12175523902020907,0.050000000000000003,-0.0060877619510104541,0.5,0.01587129979897179,69,1,False,,,,True,True,I1
2013-06-28,DBC,6,2013-12-31,2013-12-31,4,0.036258505339504365,0.063723856084376362,0.17898529135978261,109.85411419875572,0.13397375332199468,0.050000000000000003,0.0066986876660997344,0.39051689691558272,-0.0039754328082053127,83,0,False,-0.32802038424868091,0.34141775958088033,,False,True,I1
2013-06-28,GLD,6,2013-12-31,2013-12-31,4,0.081616765466351215,-0.066949276356161047,-0.23941899421343615,494.17133613238281,-0.13248765014906327,0.050000000000000003,-0.0066243825074531644,0.62000068993481172,-0.048233357896029901,98,0,False,-0.42691709400347355,0.4136683289885672,0.78895438145959496,False,False,I1
2013-06-28,VDE,6,2013-12-31,2013-12-31,4,-0.078978943951848901,0.053515466883691784,0.12724026949026407,75.431200633546069,0.083964543459040961,0.050000000000000003,0.0041982271729520482,0.58699005627944856,-0.033181187449832596,99,0,False,-0.21812021411999682,0.22651666846590091,0.58551472731945409,False,False,I1
2013-06-28,VWO,6,2013-12-31,2013-12-31,4,0.0022070385248151858,0.1022983198217223,0.048412672747851826,109.85411419875572,0.077415587087961979,0.050000000000000003,0.0038707793543980989,0.53823078899564469,-0.044008346905937107,94,0,False,-0.30174919060204042,0.30949074931083664,0.72318730555662802,False,False,I1
2013-07-31,BND,6,2014-01-31,2014-01-31,4,-0.08765649048181412,-0.0056524982566324017,-0.21510399351893039,10000,-0.11037824588778139,0.050000000000000003,-0.0055189122943890695,0.5,0.018026480975858624,70,1,False,,,,True,True,I1
2013-07-31,DBC,6,2014-01-31,2014-01-31,4,-0.032587484581307335,0.03927107549914198,0.15475733184235754,109.85411419875572,0.11262331641273877,0.050000000000000003,0.0056311658206369391,0.36484008369272936,-0.0012372409618401359,84,0,False,-0.32892584988029755,0.34018818152157143,,False,True,I1
2013-07-31,GLD,6,2014-01-31,2014-01-31,4,-0.002632240260478369,-0.078192703492005439,-0.16373238092108744,494.17133613238281,-0.11097501900165034,0.050000000000000003,-0.0055487509500825177,0.61675895333106001,-0.044238082147786711,99,0,False,-0.42567960390411469,0.41458210200394968,0.74169231884435605,False,False,I1
2013-07-31,VDE,6,2014-01-31,2014-01-31,4,-0.084067451355699485,0.031958824884544726,0.10592631451746821,75.431200633546069,0.063029582933385411,0.050000000000000003,0.0031514791466692709,0.5799403467248283,-0.032174545988315081,100,0,False,-0.21912720560626017,0.22543016389959872,0.62728081259547164,False,False,I1
2013-07-31,VWO,6,2014-01-31,2014-01-31,4,-0.023342215149227408,0.06391691988223272,0.048412672747851826,109.85411419875572,0.056948879939179124,0.050000000000000003,0.0028474439969589562,0.55057218305029076,-0.041054174697778854,95,0,False,-0.30271728660385699,0.30841217459777492,0.80419651758085353,False,False,I1
2013-08-30,BND,6,2014-02-28,2014-02-28,4,-0.014542823539740901,-0.0058929781046601348,-0.16714212841027407,10000,-0.0865175532574671,0.050000000000000003,-0.0043258776628733548,0.5,0.018334550071582276,71,1,False,,,,True,True,I1
2013-08-30,DBC,6,2014-02-28,2014-02-28,4,0.036134457427679401,0.020283121555497174,0.18766718175101013,109.85411419875572,0.12111413843576573,0.050000000000000003,0.0060557069217882864,0.39760681654816538,-0.00065543169092116061,85,0,False,-0.3150728861222003,0.32718429996577691,,False,True,I1
2013-08-30,GLD,6,2014-02-28,2014-02-28,4,0.068252704639162887,-0.084595998902796718,-0.22375171163651067,494.17133613238281,-0.13745230035456721,0.050000000000000003,-0.0068726150177283608,0.62016434386049657,-0.042454533948480463,100,0,False,-0.42107633593129939,0.4073311058958427,0.83478463327659924,False,False,I1
2013-08-30,VDE,6,2014-02-28,2014-02-28,4,-0.077872074844086203,0.015287220114633846,0.13954364889737564,75.431200633546069,0.068397483037951498,0.050000000000000003,0.0034198741518975751,0.57257533116311299,-0.032206215079880328,101,0,False,-0.2046125364306472,0.21145228473444233,0.59070969458990463,False,False,I1
2013-08-30,VWO,6,2014-02-28,2014-02-28,4,-0.02889770901575206,0.05573857653711476,0.037370656890305019,109.85411419875572,0.047740890511094369,0.050000000000000003,0.0023870445255547187,0.56458400407857423,-0.039188375740100763,96,0,False,-0.26276366283688213,0.26753775188799156,0.83443260065765468,False,False,I1
2013-09-30,BND,6,2014-03-31,2014-03-31,5,-0.10519925241864547,0.015491982184848201,-0.019337060820965594,10000,0.012655008589291899,0.050000000000000003,0.00063275042946459503,0.91854574944586498,0.019486461219305366,72,1,False,,,,True,True,I1
2013-09-30,DBC,6,2014-03-31,2014-03-31,5,-0.097298604510697051,0.045534566243035063,0.21714395814736553,75.431200633546069,0.14831814631727605,0.050000000000000003,0.0074159073158638032,0.40106086890896259,0.00090860589584965319,86,1,False,-0.31364139939104979,0.32847321402277735,,False,True,I1
2013-09-30,GLD,6,2014-03-31,2014-03-31,5,-0.052667806524847371,-0.17989745552692885,0.0051343021876129194,24.420530945486497,-0.11105045988551919,0.050000000000000003,-0.00555252299427596,0.62791795045462662,-0.039596524102835109,101,0,False,-0.41974763938378623,0.40864259339523434,0.76875034274936782,False,False,I1
2013-09-30,VDE,6,2014-03-31,2014-03-31,5,-0.17338934754132185,0.015613118721164276,0.10572660412245172,10000,0.053716710266435659,0.050000000000000003,0.0026858355133217832,0.57715994031757867,-0.031694740306832336,102,0,False,-0.20529795095907774,0.21066962198572128,0.6331561718048907,False,False,I1
2013-09-30,VWO,6,2014-03-31,2014-03-31,5,-0.089152415617970493,0.030549554028083247,0.14703186244461303,339.32217718953228,0.080592218154170697,0.050000000000000003,0.0040296109077085354,0.5703839938753652,-0.037587694258981626,97,0,False,-0.26097855551867505,0.26903777733409212,0.81665611476416733,False,False,I1
2013-10-31,BND,6,2014-04-30,2014-04-30,5,-0.078578135240947811,0.015265671913417054,0.010802231117647563,10000,0.014971075167956968,0.050000000000000003,0.00074855375839784843,0.93399783733228692,0.02016561119047821,73,1,False,,,,True,True,I1
2013-10-31,DBC,6,2014-04-30,2014-04-30,5,-0.091755182193545837,0.024598737740484565,0.23950267552705812,75.431200633546069,0.14805220486083884,0.050000000000000003,0.007402610243041942,0.42554115856658242,0.0015875174066955443,87,1,False,-0.31359053876050408,0.32839575924658798,0.98860880292535958,False,False,I1
2013-10-31,GLD,6,2014-04-30,2014-04-30,5,-0.02574377322114163,-0.17148579733797392,-0.024254967137827269,24.420530945486497,-0.11785337385827609,0.050000000000000003,-0.0058926686929138047,0.63572559220925717,-0.037990865425236567,102,0,False,-0.40246488085953763,0.39067954347370998,0.80291015598026882,False,False,I1
2013-10-31,VDE,6,2014-04-30,2014-04-30,5,-0.15766994572410709,0.015507390238189299,0.13812194573469236,10000,0.066752015634415213,0.050000000000000003,0.0033376007817207606,0.58206735579865643,-0.032169895209942456,103,0,False,-0.17759534782791198,0.18427054939135351,0.585238809536472,False,False,I1
2013-10-31,VWO,6,2014-04-30,2014-04-30,5,-0.032705847771132501,0.030048430966384265,0.17749290166161966,339.32217718953228,0.094624177492713582,0.050000000000000003,0.0047312088746356796,0.5620334474270926,-0.036757092599880442,98,0,False,-0.25148122582823246,0.26094364357750383,0.81816590859761773,False,False,I1
2013-11-29,BND,6,2014-05-30,2014-05-30,5,-0.098584988173251342,0.015410687838122342,0.0017190562400285906,10000,0.014442633607862508,0.050000000000000003,0.00072213168039312551,0.92929591894697094,0.021251165038191171,74,1,False,,,,True,True,I1
2013-11-29,DBC,6,2014-05-30,2014-05-30,5,-0.088079322631185453,0.0080776605421529306,0.28603154581737639,75.431200633546069,0.16509303914612047,0.050000000000000003,0.0082546519573060244,0.43510277451781409,0.002811048224195849,88,1,False,-0.28519907285432744,0.30170837676893947,0.9940729579073172,False,False,I1
2013-11-29,GLD,6,2014-05-30,2014-05-30,5,-0.065458208439405308,-0.1641893779727861,0.07183945352044202,24.420530945486497,-0.080169112185488806,0.050000000000000003,-0.0040084556092744401,0.64402541309997585,-0.035734260281349725,103,0,False,-0.40049653059886725,0.39247961938031839,0.65865612521665384,False,False,I1
2013-11-29,VDE,6,2014-05-30,2014-05-30,5,-0.18088455934804515,0.015114626503159203,0.21106281954927286,10000,0.095151075653127498,0.050000000000000003,0.0047575537826563749,0.59154280575002371,-0.031784058129989953,104,0,False,-0.17605035202881564,0.1855654595941284,0.59179590858188935,False,False,I1
2013-11-29,VWO,6,2014-05-30,2014-05-30,5,-0.093575359287833559,0.037318654615607821,0.17183363271419,339.32217718953228,0.095961665621679362,0.050000000000000003,0.0047980832810839685,0.56404103219573265,-0.035623803304176728,99,0,False,-0.25138838644952222,0.2609845530116901,0.830951246594681,False,False,I1
2013-12-31,BND,6,2014-06-30,2014-06-30,5,-0.068016739484255573,0.015466064505433984,0.067934956724370818,10000,0.01888213724897431,0.050000000000000003,0.00094410686244871553,0.93489337016520024,0.021777268276712235,75,1,False,-0.10692055993753126,0.10880877366242868,,False,True,I1
2013-12-31,DBC,6,2014-06-30,2014-06-30,5,-0.063666622880501511,0.013085088908924142,0.303940996141074,75.431200633546069,0.17076434583383704,0.050000000000000003,0.008538217291691852,0.45787844425982566,0.0031868623490869559,89,1,False,-0.28471611033942701,0.30179254492281071,0.9955357238496706,False,False,I1
2013-12-31,GLD,6,2014-06-30,2014-06-30,5,-0.11069214052644127,-0.16312029788493526,0.097093692255442718,24.420530945486497,-0.072045133950326856,0.050000000000000003,-0.0036022566975163432,0.64999897244004456,-0.03460588503377568,104,0,False,-0.40001220430843748,0.39280769091340478,0.62454801229925894,False,False,I1
2013-12-31,VDE,6,2014-06-30,2014-06-30,5,-0.16699636159794318,0.015092023981256761,0.22081295514922294,10000,0.097559872663603539,0.050000000000000003,0.0048779936331801773,0.5991275743593939,-0.032233533233055271,105,0,False,-0.17581380100857116,0.18556978827493151,0.5446529541952545,False,False,I1
2013-12-31,VWO,6,2014-06-30,2014-06-30,5,-0.10453980420936515,0.036975005045861209,0.20229467193119663,339.32217718953228,0.1104513218829596,0.050000000000000003,0.0055225660941479807,0.55555005510589928,-0.035245494885886804,100,0,False,-0.25063979330507202,0.26168492549336797,0.83447439006073387,False,False,I1
2014-01-31,BND,6,2014-07-31,2014-07-31,5,0.016830375365321393,0.015497804508765988,0.13442566816979762,10000,0.02512476999016227,0.050000000000000003,0.0012562384995081135,0.91905206076151269,0.020337350398310573,76,1,False,-0.10660842830047186,0.10912090529948808,,False,True,I1
2014-01-31,DBC,6,2014-07-31,2014-07-31,5,0.0083215268054304126,0.039189462590832537,0.35513854110521409,75.431200633546069,0.20355689557715129,0.050000000000000003,0.010177844778857565,0.47976606306564368,0.0027893696054159083,90,1,False,-0.24720967310799766,0.26756536266571279,0.9794994303412603,False,False,I1
2014-01-31,GLD,6,2014-07-31,2014-07-31,5,-0.0065949318848497196,-0.12368132936233608,0.19181687227463093,24.420530945486497,-0.014137020226452383,0.050000000000000003,-0.00070685101132261915,0.65278943408389822,-0.034301374131172846,105,0,False,-0.3735637085093057,0.37215000648666047,0.31500602449311238,False,False,I1
2014-01-31,VDE,6,2014-07-31,2014-07-31,5,-0.16901435004788756,0.01560864355910589,0.27064525845984649,10000,0.11598516593699715,0.050000000000000003,0.0057992582968498579,0.60642309177073472,-0.032722532460627389,106,0,False,-0.14715443228032962,0.15875294887402933,0.48833137696176232,False,False,I1
2014-01-31,VWO,6,2014-07-31,2014-07-31,5,-0.16574585754803861,0.040391627768253842,0.1926255363055247,339.32217718953228,0.10854006358054284,0.050000000000000003,0.0054270031790271426,0.55234391294890461,-0.035127640631068394,101,0,False,-0.24090028057602711,0.25175428693408142,0.76758747413041595,False,False,I1
2014-02-28,BND,6,2014-08-29,2014-08-29,5,-0.0048417650304533044,0.015416389751288196,0.018219379190698198,10000,0.015612413871844191,0.050000000000000003,0.00078062069359220959,0.93006605098117801,0.019884361126387827,77,1,False,-0.10708404610638776,0.10864528749357218,,False,True,I1
2014-02-28,DBC,6,2014-08-29,2014-08-29,5,0.063738692597258062,0.022411794471854696,0.30188873757945861,75.431200633546069,0.16124868825394986,0.050000000000000003,0.0080624344126974928,0.50322594687662547,0.0031557991419242982,91,1,False,-0.24904719339561865,0.26517206222101364,0.95933786544362509,False,False,I1
2014-02-28,GLD,6,2014-08-29,2014-08-29,5,0.051103953018957093,-0.10680463513236106,-0.027036952604602541,24.420530945486497,-0.079413635991839551,0.050000000000000003,-0.0039706817995919779,0.65661533251903526,-0.033333882822018733,106,0,False,-0.37671317315950142,0.36877180956031747,0.63269838648011867,False,False,I1
2014-02-28,VDE,6,2014-08-29,2014-08-29,5,-0.11380507765063852,0.015589852429707347,0.25763452081918986,10000,0.10736724639142739,0.050000000000000003,0.00536836231957137,0.62082455865527331,-0.033144490800659718,107,0,False,-0.14745411171103687,0.15819083635017958,0.46735388053143428,False,False,I1
2014-02-28,VWO,6,2014-08-29,2014-08-29,5,-0.16014501164003891,0.036605190866067006,0.19679227857860232,339.32217718953228,0.10885773359420786,0.050000000000000003,0.0054428866797103931,0.54894902104842502,-0.035066562870133919,102,0,False,-0.24083541522629459,0.25172118858571535,0.71220048003429126,False,False,I1
2014-03-31,BND,6,2014-09-30,2014-09-30,6,0.040370512285731408,0.099480796494973017,0.068185481206713777,0.0001,0.096389911062503525,0.050000000000000003,0.0048194955531251768,0.9012348843908573,0.01828072505529766,78,1,False,-0.10242969396317438,0.11206868506942473,,False,True,I1
2014-03-31,DBC,6,2014-09-30,2014-09-30,6,0.16309529810930201,0.047750353686589302,0.2003207598411981,16.768329368110066,0.11948087520925915,0.050000000000000003,0.0059740437604629583,0.52985298177694451,0.0020639034500479795,92,1,False,-0.22660928766286412,0.23855737518379003,0.81446865724954387,False,False,I1
2014-03-31,GLD,6,2014-09-30,2014-09-30,6,0.12193004446544264,0.011187047179219723,0.050652677396192725,1.2067926406393288,0.024952120633721465,0.050000000000000003,0.0012476060316860733,0.65121364136783022,-0.03351457369774611,107,0,False,-0.36360993716310774,0.36610514922647985,0.17247850551804933,False,False,I1
2014-03-31,VDE,6,2014-09-30,2014-09-30,6,0.024637783700070193,0.0055461483686912311,0.14191391902552644,51.794746792312019,0.056601670301957695,0.050000000000000003,0.0028300835150978851,0.62560419014441526,-0.034443054288999179,108,0,False,-0.17755832387673803,0.18321849090693382,0.52934498149259435,False,False,I1
2014-03-31,VWO,6,2014-09-30,2014-09-30,6,-0.015073778779815639,-0.0098465028106973912,0.19746937510338416,0.39069399370546132,0.081133514118100686,0.050000000000000003,0.0040566757059050341,0.56115268235024829,-0.035591668236617774,103,0,False,-0.23677709861713134,0.24489045002894141,0.70301071921155711,False,False,I1
2014-04-30,BND,6,2014-10-31,2014-10-31,6,0.089099354532733654,0.040158125811828101,0.070866442593907911,0.0001,0.043799081678718307,0.050000000000000003,0.0021899540839359155,0.8814342090864804,0.017054663532560375,79,1,False,-0.10504641298895362,0.10942632115682546,,False,True,I1
2014-04-30,DBC,6,2014-10-31,2014-10-31,6,0.27008514313313869,0.085169749338494749,0.20534068492647198,16.768329368110066,0.13814419902957378,0.050000000000000003,0.0069072099514786893,0.55917419272901991,0.0010550960775362178,93,1,False,-0.22550174815859267,0.23931616806155007,0.75950465821587243,False,False,I1
2014-04-30,GLD,6,2014-10-31,2014-10-31,6,0.21194008122776431,-0.013759574556564654,0.02687017786186598,1.2067926406393288,0.0007807271183500645,0.050000000000000003,3.903635591750323e-05,0.64212674679457593,-0.033442621841481251,108,0,False,-0.36479105293165887,0.36486912564349389,0.25228460028490457,False,False,I1
2014-04-30,VDE,6,2014-10-31,2014-10-31,6,0.17044231700314461,0.033969770941041338,0.14670342944016623,51.794746792312019,0.075217336152823111,0.050000000000000003,0.0037608668076411556,0.63411490622295397,-0.03557357622877081,109,0,False,-0.17249951749758352,0.18002125111286582,0.47640922038756317,False,False,I1
2014-04-30,VWO,6,2014-10-31,2014-10-31,6,0.035356267948500442,0.049198697283939788,0.18910464335465468,0.39069399370546132,0.10842801947632613,0.050000000000000003,0.0054214009738163069,0.57664899987560847,-0.035563919962911181,104,0,False,-0.23538819033263028,0.24623099228026288,0.57486259962885977,False,False,I1
2014-05-30,BND,6,2014-11-28,2014-11-28,6,0.069000587370568134,-0.007203579778473565,0.017665931583871582,0.0001,-0.0036631933677500833,0.050000000000000003,-0.00018315966838750418,0.85764149688586289,0.015609167886237724,80,1,False,-0.10740955372973593,0.10704323439296093,,False,True,I1
2014-05-30,DBC,6,2014-11-28,2014-11-28,6,0.30381460035126473,0.075248283367654892,0.19109546945229597,16.768329368110066,0.12241954164974068,0.050000000000000003,0.0061209770824870342,0.59281481168112948,0.00010685758063492351,94,1,False,-0.21651241825239353,0.22875437241736762,0.67544072614340833,False,False,I1
2014-05-30,GLD,6,2014-11-28,2014-11-28,6,0.15737982311287058,-0.062364842535526405,0.0043143891216327716,1.2067926406393288,-0.038517629085599796,0.050000000000000003,-0.0019258814542799899,0.64235920454901951,-0.033736342819443856,109,0,False,-0.35719542193855836,0.35334365902999842,0.3720466404617136,False,False,I1
2014-05-30,VDE,6,2014-11-28,2014-11-28,6,0.25228965636406442,0.03341757703173423,0.13773184319091794,51.794746792312019,0.070090582672737892,0.050000000000000003,0.0035045291336368947,0.64843729442490039,-0.036894585166218755,110,0,False,-0.18406255624235651,0.19107161450963028,0.46422928544828146,False,False,I1
2014-05-30,VWO,6,2014-11-28,2014-11-28,6,0.069435017344225081,0.055559419370955848,0.19657832523429614,0.39069399370546132,0.11361111151143678,0.050000000000000003,0.0056805555755718396,0.58834106827677335,-0.036116409861243773,105,0,False,-0.22748644009741961,0.2388475512485633,0.49826519975648814,False,False,I1
2014-06-30,BND,6,2014-12-31,2014-12-31,6,0.052622394938154349,-0.0089833454591062845,-0.059190097491547786,0.0001,-0.016549041392413939,0.050000000000000003,-0.00082745206962069702,0.84930919394230042,0.01457674927672546,81,1,False,-0.10692237634191264,0.10526747220267126,,False,True,I1
2014-06-30,DBC,6,2014-12-31,2014-12-31,6,0.36658689790723964,0.073159301756374931,0.18948792169037362,16.768329368110066,0.11691645329713141,0.050000000000000003,0.0058458226648565705,0.62384878660485299,-0.00056444221369282848,95,0,False,-0.21673230501753629,0.22842395034724941,0.62610276330116899,False,False,I1
2014-06-30,GLD,6,2014-12-31,2014-12-31,6,0.16267914588328747,-0.043413308350703124,-0.021942415494004351,1.2067926406393288,-0.035868012184328668,0.050000000000000003,-0.0017934006092164335,0.64858023293519562,-0.034435940980416559,110,0,False,-0.34184837990902972,0.33826157869059681,0.33213356816860884,False,False,I1
2014-06-30,VDE,6,2014-12-31,2014-12-31,6,0.26760164753706051,0.029500612646393021,0.11411930011013491,51.794746792312019,0.058103067413085935,0.050000000000000003,0.0029051533706542969,0.66198418311618556,-0.038066673242180236,111,0,False,-0.18460531517459519,0.1904156219159038,0.47545084027564316,False,False,I1
2014-06-30,VWO,6,2014-12-31,2014-12-31,6,0.12891974344561663,0.056559030050846504,0.16376069969488893,0.39069399370546132,0.099261519475320192,0.050000000000000003,0.0049630759737660096,0.60166208636241325,-0.03676191358150907,106,0,False,-0.22020856432539782,0.23013471627292981,0.50354221940661681,False,False,I1
2014-07-31,BND,6,2015-01-30,2015-01-30,6,0.030804202815141624,0.040843542593386128,-0.084962600090621274,0.0001,0.02357840788859877,0.050000000000000003,0.0011789203944299385,0.86276397688980166,0.014604232521708336,82,1,False,-0.10489210193020912,0.10724994271906899,,False,True,I1
2014-07-31,DBC,6,2015-01-30,2015-01-30,6,0.39545099286159224,0.080340425695246964,0.13277238399990707,16.768329368110066,0.09843234649512457,0.050000000000000003,0.0049216173247562285,0.6549447820591966,-0.00047188003641029469,96,1,False,-0.2048634637448184,0.21470669839433087,0.65507705869212118,False,False,I1
2014-07-31,GLD,6,2015-01-30,2015-01-30,6,0.091367572179354872,0.0011425820215332019,-0.10611107422308405,1.2067926406393288,-0.03636308414403918,0.050000000000000003,-0.0018181542072019591,0.65030874024441765,-0.034185121078654693,111,0,False,-0.34177476964256998,0.3381384612281661,0.3091203047491517,False,False,I1
2014-07-31,VDE,6,2015-01-30,2015-01-30,6,0.31767123077915393,0.030945557514296795,0.061864694109922444,51.794746792312019,0.040911132546756324,0.050000000000000003,0.0020455566273378163,0.67768909064978788,-0.039235848927945481,112,0,False,-0.17643527301154383,0.18052638626621947,0.5127980638289783,False,False,I1
2014-07-31,VWO,6,2015-01-30,2015-01-30,6,0.17026103937254422,0.079072262865012191,0.15246532445992395,0.39069399370546132,0.10762031710591821,0.050000000000000003,0.0053810158552959108,0.61102516204494695,-0.037967371001757011,107,0,False,-0.21974274596310572,0.23050477767369754,0.42746739708934939,False,False,I1
2014-08-29,BND,6,2015-02-27,2015-02-27,6,0.072215346301668148,0.051994751940644346,-0.052054123610318387,0.0001,0.037400544314012463,0.050000000000000003,0.0018700272157006232,0.85973699812369719,0.014369943394573859,83,1,False,-0.099068313386560247,0.10280836781796149,,False,True,I1
2014-08-29,DBC,6,2015-02-27,2015-02-27,6,0.3673848721342694,0.10637776020700208,0.20306932785317894,16.768329368110066,0.13812943628863555,0.050000000000000003,0.0069064718144317781,0.67161897511247004,0.00019008462991618324,97,1,False,-0.20275875207337088,0.21657169570223442,0.67780692374052376,False,False,I1
2014-08-29,GLD,6,2015-02-27,2015-02-27,6,0.15548072017168668,0.03404459634467661,-0.1010390126952129,1.2067926406393288,-0.013996467727492717,0.050000000000000003,-0.00069982338637463587,0.64436052298556046,-0.03342361148849745,112,0,False,-0.29643516307232959,0.2950355162995803,0.23886061780056944,False,False,I1
2014-08-29,VDE,6,2015-02-27,2015-02-27,6,0.29377923051332178,0.045743691604863107,0.1236286098400536,51.794746792312019,0.069718500824750021,0.050000000000000003,0.0034859250412375012,0.69217648598551851,-0.039895753606907371,113,0,False,-0.17496923691487776,0.18194108699735279,0.41490852398280248,False,False,I1
2014-08-29,VWO,6,2015-02-27,2015-02-27,6,0.15919059987898121,0.14117680696399132,0.16684921129900468,0.39069399370546132,0.15092790277198448,0.050000000000000003,0.0075463951385992241,0.62017208514069355,-0.039098645452111475,108,0,False,-0.20587631946403157,0.22096910974123002,0.21427355996503306,False,False,I1
2014-09-30,BND,6,2015-03-31,2015-03-31,7,0.058515058989930591,0.025698922951405072,0.026037302262040853,1.7575106248547894,0.025750824106779764,0.050000000000000003,0.0012875412053389883,0.84661841388241255,0.014679473976611448,84,1,False,-0.099525320877797557,0.10210040328847553,,False,True,I1
2014-09-30,DBC,6,2015-03-31,2015-03-31,7,0.35836409104025613,0.077947036469756648,0.061763617979761515,11.513953993264458,0.072450455939121472,0.050000000000000003,0.0036225227969560736,0.66035726419401097,0.00185238272664461,98,1,False,-0.18734107224144206,0.19458611783535421,0.67087605078052848,False,False,I1
2014-09-30,GLD,6,2015-03-31,2015-03-31,7,0.1068243996789584,0.054650059001929444,-0.030793089146339551,1.7575106248547894,0.023974379462231545,0.050000000000000003,0.0011987189731115773,0.64098139869019599,-0.032048800373860813,113,0,False,-0.29422096894173716,0.29661840688796032,0.24437590616384899,False,False,I1
2014-09-30,VDE,6,2015-03-31,2015-03-31,7,0.2620592540534421,0.014354027580055103,0.045124880594298769,10000,0.023621195763095841,0.050000000000000003,0.0011810597881547922,0.69883291247236434,-0.039329669946319847,114,0,False,-0.17509434083468456,0.17745646041099417,0.57578135956914078,False,False,I1
2014-09-30,VWO,6,2015-03-31,2015-03-31,7,0.14156164725645226,0.11015153709611469,0.071151683389651235,16.768329368110066,0.095976657939229618,0.050000000000000003,0.0047988328969614811,0.63654019669986961,-0.038878233831264722,109,0,False,-0.20854609654065115,0.21814376233457411,0.42177723742000722,False,False,I1
2014-10-31,BND,6,2015-04-30,2015-04-30,7,0.013894980162948878,0.010347110808187523,-0.049194420594617601,1.7575106248547894,0.00053576305110537023,0.050000000000000003,2.6788152555268512e-05,0.83521841770062499,0.015555001983154062,85,1,False,-0.10067852091418897,0.10073209721929952,,False,True,I1
2014-10-31,DBC,6,2015-04-30,2015-04-30,7,0.23748111241028669,0.016918372318935185,0.042363562651346359,11.513953993264458,0.025994223602045032,0.050000000000000003,0.0012997111801022517,0.64331761073331994,0.0045618045489324291,99,1,False,-0.22130950455681495,0.22390892691701944,0.65519138823700518,False,False,I1
2014-10-31,GLD,6,2015-04-30,2015-04-30,7,0.04047098201509236,0.0041185616423515536,-0.044464767979926621,1.7575106248547894,-0.013566210125423981,0.050000000000000003,-0.00067831050627119912,0.63599094781543997,-0.029908547026478133,114,0,False,-0.28136477699452161,0.2800081559819792,0.42233631064761368,False,False,I1
2014-10-31,VDE,6,2015-04-30,2015-04-30,7,0.1058023353500861,0.013955944584168142,0.053802182957446668,10000,0.026495437722272808,0.050000000000000003,0.0013247718861136406,0.6853029633403529,-0.037505565711976677,115,0,False,-0.17494535985335216,0.17759490362557942,0.57769602151040234,False,False,I1
2014-10-31,VWO,6,2015-04-30,2015-04-30,7,-0.01010479432175182,0.05994779105221737,0.056445582869960445,16.768329368110066,0.058710852957593256,0.050000000000000003,0.0029355426478796629,0.64681194542038956,-0.038203374724175954,110,0,False,-0.19567430675456218,0.20154539205032149,0.63274430137722371,False,False,I1
2014-11-28,BND,6,2015-05-29,2015-05-29,7,0.021818504408631201,-0.0027733152353334317,-0.054921981600296085,1.7575106248547894,-0.012132054069179977,0.050000000000000003,-0.00060660270345899887,0.82053733132215934,0.016176462278356552,86,1,False,-0.09082206166021585,0.089608856253297856,,False,True,I1
2014-11-28,DBC,6,2015-05-29,2015-05-29,7,0.16292433306334331,0.062126837563899751,0.051144473414780484,11.513953993264458,0.058021456445342914,0.050000000000000003,0.0029010728222671461,0.62618421108481792,0.0075543325069557521,100,1,False,-0.25008249721233039,0.25588464285686469,0.67696275239775772,False,False,I1
2014-11-28,GLD,6,2015-05-29,2015-05-29,7,0.012460882927663341,0.0049151055719370007,-0.08821066692159428,1.7575106248547894,-0.029526837271983523,0.050000000000000003,-0.0014763418635991763,0.63015670182695205,-0.028279952503527276,115,0,False,-0.26243763139563742,0.25948494766843905,0.49546433241853677,False,False,I1
2014-11-28,VDE,6,2015-05-29,2015-05-29,7,0.037788978226456327,0.014347287147958106,0.060369160758032142,10000,0.029537229192654096,0.050000000000000003,0.0014768614596327048,0.66994081611290668,-0.035007331038907352,116,0,False,-0.18633701522985965,0.18929073814912509,0.58011138262793749,False,False,I1
2014-11-28,VWO,6,2015-05-29,2015-05-29,7,0.020017814051038529,0.095666894159492796,0.055918602123602099,16.768329368110066,0.08194386137846929,0.050000000000000003,0.0040971930689234649,0.65475163640660816,-0.037233659480316483,111,0,False,-0.17316107300504993,0.18135545914289689,0.55941989795468927,False,False,I1
2014-12-31,BND,6,2015-06-30,2015-06-30,7,0.080502162255515763,-0.051195060397886613,0.028504996291963319,1.7575106248547894,-0.03669562323254958,0.050000000000000003,-0.0018347811616274792,0.81807494539481818,0.016595381044561125,87,1,False,-0.091843611461636901,0.088174049138381935,,False,True,I1
2014-12-31,DBC,6,2015-06-30,2015-06-30,7,0.13423580277786407,0.039641491474436429,0.063636134423445873,11.513953993264458,0.049033554313277536,0.050000000000000003,0.0024516777156638769,0.60857667860280318,0.011109110382206088,101,1,False,-0.28788393212883417,0.29278728756016198,0.67749427734991829,False,False,I1
2014-12-31,GLD,6,2015-06-30,2015-06-30,7,0.095994576432066769,-0.031980958161582411,-0.036882846941417365,1.7575106248547894,-0.033811296702471627,0.050000000000000003,-0.0016905648351235815,0.62660545289833369,-0.026633753379503012,116,0,False,-0.26249082514221261,0.25910969547196544,0.53223880409473867,False,False,I1
2014-12-31,VDE,6,2015-06-30,2015-06-30,7,0.11678950370315144,0.014278098002057095,0.038938616659119893,10000,0.022754690203277923,0.050000000000000003,0.0011377345101638962,0.65626869738227833,-0.032420929512617033,117,0,False,-0.24074632946756785,0.24302179848789562,0.61052448732759945,False,False,I1
2014-12-31,VWO,6,2015-06-30,2015-06-30,7,0.034552967687867531,0.078858562490423043,0.038574926398301346,16.768329368110066,0.064763505169818297,0.050000000000000003,0.0032381752584909151,0.65010464079330421,-0.035750146954192076,112,0,False,-0.17386795568180985,0.18034430619879166,0.64417572116868793,False,False,I1
2015-01-30,BND,6,2015-07-31,2015-07-31,7,0.22461693392553495,-0.038322407370577474,0.035434103684231846,1.7575106248547894,-0.025729144800330145,0.050000000000000003,-0.0012864572400165073,0.8292589713077787,0.016756844928317725,88,1,False,-0.084827512563139418,0.082254598083106395,,False,True,I1
2015-01-30,DBC,6,2015-07-31,2015-07-31,7,0.30239382758863897,0.10468375298847449,0.069536837829826351,11.513953993264458,0.090539561038738892,0.050000000000000003,0.0045269780519369444,0.59756946275681,0.01487716805357262,102,1,False,-0.31664031328932096,0.3256942693931949,0.71206860339802869,False,False,I1
2015-01-30,GLD,6,2015-07-31,2015-07-31,7,0.35643706720819746,0.054062783412919375,0.0015870302495343848,1.7575106248547894,0.034644791070763403,0.050000000000000003,0.0017322395535381702,0.62996257944697986,-0.025625195041393115,117,0,False,-0.2515955833546572,0.25506006246173357,0.41410895307284129,False,False,I1
2015-01-30,VDE,6,2015-07-31,2015-07-31,7,0.28532453737498897,0.014486004357689916,0.080070861893319398,10000,0.037693134750293046,0.050000000000000003,0.0018846567375146524,0.64615108937309684,-0.029454046798279992,118,0,False,-0.26405401255048688,0.26782332602551617,0.58285942731531937,False,False,I1
2015-01-30,VWO,6,2015-07-31,2015-07-31,7,0.23631108608304485,0.14664538568116464,0.07333691249046867,16.768329368110066,0.12043416005108429,0.050000000000000003,0.0060217080025542144,0.64245298682053342,-0.033927039110592638,113,0,False,-0.16182715784932453,0.17387057385443297,0.46802670089490384,False,False,I1
2015-02-27,BND,6,2015-08-31,2015-08-31,7,0.13389313709191508,0.02751228763086485,0.068405621194591759,1.7575106248547894,0.03414459647339603,0.050000000000000003,0.0017072298236698016,0.83781442439277809,0.017379974157231772,89,1,False,-0.078556422238368978,0.081970881885708585,,False,True,I1
2015-02-27,DBC,6,2015-08-31,2015-08-31,7,0.28443169110578548,0.010171133140480751,0.13520249292763828,11.513953993264458,0.062078385647543304,0.050000000000000003,0.0031039192823771652,0.58484613303874378,0.018299572947559968,103,1,False,-0.35848728547129266,0.36469512403604704,0.69787020766483765,False,False,I1
2015-02-27,GLD,6,2015-08-31,2015-08-31,7,0.19180150042123434,0.081201328367291881,0.022420435901165135,1.7575106248547894,0.059684166105145854,0.050000000000000003,0.0029842083052572929,0.63394291308956274,-0.024090399149756844,118,0,False,-0.23224369956020854,0.2382121161707231,0.41842617855737857,False,False,I1
2015-02-27,VDE,6,2015-08-31,2015-08-31,7,0.29641556894879606,0.013998474796007602,0.077062842728209388,10000,0.037052927929766132,0.050000000000000003,0.0018526463964883067,0.63442980735899013,-0.026737800770451403,119,0,False,-0.31377302775532784,0.31747832054830444,0.59504763566402608,False,False,I1
2015-02-27,VWO,6,2015-08-31,2015-08-31,7,0.29038411755581606,0.07396610396639669,0.094626178315145401,16.768329368110066,0.081377807549192382,0.050000000000000003,0.0040688903774596195,0.6412547477959788,-0.032233024733491107,114,0,False,-0.16181677063121183,0.16995455138613105,0.63369992586213142,False,False,I1
2015-03-31,BND,6,2015-09-30,2015-09-30,8,0.14266612343861773,0.0050221700411780812,-0.046766088020327695,7.9060432109076855,-0.0036007545048533742,0.050000000000000003,-0.00018003772524266873,0.83349653244195754,0.017837030655372871,90,1,False,-0.080394375941876553,0.080034300491391222,,False,True,I1
2015-03-31,DBC,6,2015-09-30,2015-09-30,8,0.25282583875028697,-0.054906457240124273,0.044188890736491238,5.4286754393238592,-0.013479543578457051,0.050000000000000003,-0.00067397717892285264,0.58194895615641684,0.021569424083066661,104,1,False,-0.36117367546545337,0.35982572110760763,0.65360186951341681,False,False,I1
2015-03-31,GLD,6,2015-09-30,2015-09-30,8,0.18029355463754893,0.015367574219377605,0.023665471892803474,5.4286754393238592,0.018382248595417178,0.050000000000000003,0.00091911242977085891,0.6366941971706751,-0.022990274789851675,119,0,False,-0.22502731095480993,0.22686553581435165,0.54856386155653958,False,False,I1
2015-03-31,VDE,6,2015-09-30,2015-09-30,8,0.32020516687159351,-0.011718935750926775,0.051554486994395049,10000,0.011895042374542641,0.050000000000000003,0.00059475211872713212,0.62679467775093078,-0.024331158646918961,120,0,False,-0.31503092203308902,0.31622042627054325,0.67585389260692874,False,False,I1
2015-03-31,VWO,6,2015-09-30,2015-09-30,8,0.30008663919744016,0.025403452586514507,0.082501062399301328,5.4286754393238592,0.045769989231186463,0.050000000000000003,0.0022884994615593231,0.64330316607910032,-0.030721766716187253,115,0,False,-0.16280553271691023,0.16738253164002886,0.73267073916555447,False,False,I1
2015-04-30,BND,6,2015-10-30,2015-10-30,8,0.24080313908503836,-0.0081786524613710401,-0.028765500410193053,7.9060432109076855,-0.011490999310262318,0.050000000000000003,-0.0005745499655131159,0.83910373957559592,0.017793711419192389,91,1,False,-0.077484937580976049,0.076335837649949806,0.64814672180202859,False,False,I1
2015-04-30,DBC,6,2015-10-30,2015-10-30,8,0.3889881691073056,-0.12725045527803458,0.077409909695770052,5.4286754393238592,-0.040659047947969228,0.050000000000000003,-0.0020329523973984616,0.5769019206960343,0.023625725876659232,105,1,False,-0.36253209021112126,0.3584661854163243,0.67219777499290445,False,False,I1
2015-04-30,GLD,6,2015-10-30,2015-10-30,8,0.26660377675387292,-0.042310250128689039,0.039060800876840024,5.4286754393238592,-0.012865863969462325,0.050000000000000003,-0.00064329319847311627,0.63814666524061481,-0.022461430983143807,120,0,False,-0.2265678885117135,0.22528130211476727,0.61286334615114557,False,False,I1
2015-04-30,VDE,6,2015-10-30,2015-10-30,8,0.39862569818593929,-0.012188141116484797,0.047927949556425195,10000,0.010529363078152849,0.050000000000000003,0.00052646815390764248,0.62210609604934286,-0.023255675225456109,121,0,False,-0.31509920599790847,0.3161521423057238,0.69376682849531057,False,False,I1
2015-04-30,VWO,6,2015-10-30,2015-10-30,8,0.43535549320910982,-0.024603609151205373,0.11411469143100966,5.4286754393238592,0.025147993491529519,0.050000000000000003,0.001257399674576476,0.64134795168393588,-0.03054403419554557,116,0,False,-0.1638317686706835,0.16634656801983644,0.75937732265409952,False,False,I1
2015-05-29,BND,6,2015-11-30,2015-11-30,8,0.13823566817533073,-0.0077009149435226312,-0.094123293667926516,7.9060432109076855,-0.021434490810449233,0.050000000000000003,-0.0010717245405224617,0.84108773595873598,0.017837459169077592,92,1,False,-0.077920155710244798,0.075776706629199886,0.66711796443756888,False,False,I1
2015-05-29,DBC,6,2015-11-30,2015-11-30,8,0.33193485055703198,-0.10563750217173717,0.06487538463693758,5.4286754393238592,-0.033416443303038217,0.050000000000000003,-0.001670822165151911,0.57644809010983944,0.024939863680307196,106,1,False,-0.35700078344194297,0.35365913911163915,0.69581921382848166,False,False,I1
2015-05-29,GLD,6,2015-11-30,2015-11-30,8,0.2508794695549984,-0.026822578106090358,-0.0037434766021946374,5.4286754393238592,-0.018553114880799713,0.050000000000000003,-0.00092765574403998576,0.64169041745863598,-0.022172816818591682,121,0,False,-0.21689957188772227,0.21504426039964228,0.63563142605979672,False,False,I1
2015-05-29,VDE,6,2015-11-30,2015-11-30,8,0.27499604996297344,-0.011976700969384328,0.0512794619391332,10000,0.011960715817524059,0.050000000000000003,0.00059803579087620298,0.62157968984734002,-0.022755309213555189,122,0,False,-0.31502763836093994,0.31622370994269233,0.70275097436744505,False,False,I1
2015-05-29,VWO,6,2015-11-30,2015-11-30,8,0.31680547429583028,-0.010689056054656899,0.062816735795574494,5.4286754393238592,0.016013179677330697,0.050000000000000003,0.00080065898386653489,0.63673290145090067,-0.030111881646429469,117,0,False,-0.15496135604265163,0.15656267401038468,0.78272935788569709,False,False,I1
2015-06-30,BND,6,2015-12-31,2015-12-31,8,0.10979512004855208,-0.028239737424673714,-0.13806197238680032,7.9060432109076855,-0.048315092857601299,0.050000000000000003,-0.0024157546428800651,0.81720135781382719,0.018511273180759725,93,1,False,-0.082636817474796426,0.077805308189036304,0.68915325389608495,False,False,I1
2015-06-30,DBC,6,2015-12-31,2015-12-31,8,0.36807909604519762,-0.12032372593423751,0.025370253024398833,5.4286754393238592,-0.0581763690937196,0.050000000000000003,-0.0029088184546859804,0.57343908592020798,0.025961321055050716,107,1,False,-0.35822406990563982,0.35240643299626784,0.71047747989013976,False,False,I1
2015-06-30,GLD,6,2015-12-31,2015-12-31,8,0.22149542842687286,-0.060811860768602996,-0.035605930147620889,5.4286754393238592,-0.051743181698080294,0.050000000000000003,-0.0025871590849040147,0.64021645513164738,-0.021204231628012517,122,0,False,-0.20790973877977753,0.20273542060996952,0.67543774207818763,False,False,I1
2015-06-30,VDE,6,2015-12-31,2015-12-31,8,0.33224392579817208,-0.011985107680878095,0.046082888648663139,10000,0.010204491242866761,0.050000000000000003,0.00051022456214333805,0.61786870003544059,-0.021620798539435621,123,0,False,-0.29033378457689157,0.29135423370117824,0.72045539906745015,False,False,I1
2015-06-30,VWO,6,2015-12-31,2015-12-31,8,0.3150798405095443,-0.00845283718135292,0.074711181475028643,5.4286754393238592,0.022080919981878992,0.050000000000000003,0.0011040459990939496,0.63284894529457769,-0.029563874448681193,118,0,False,-0.14389941274197024,0.14610750474015813,0.77772367453511881,False,False,I1
2015-07-31,BND,6,2016-01-29,2016-01-29,8,0.01240819892785483,-0.030580970028588048,-0.080354796251341828,7.9060432109076855,-0.04149782065689777,0.10000000000000001,-0.0041497820656897768,0.78067085742106046,0.020703886592938182,94,1,False,-0.087679540360655936,0.079379976229276381,0.70157750664784335,False,False,I1
2015-07-31,DBC,6,2016-01-29,2016-01-29,8,0.21212989692870465,-0.1260916597363094,0.018257876180563952,5.4286754393238592,-0.064556135348915758,0.10000000000000001,-0.0064556135348915761,0.57370473000460398,0.02852088130073209,108,1,False,-0.34119746785866656,0.32828624078888335,0.71547589523153643,False,False,I1
2015-07-31,GLD,6,2016-01-29,2016-01-29,8,0.0053468588739096212,-0.037063942603034472,-0.050968793602011224,5.4286754393238592,-0.042091873645255212,0.10000000000000001,-0.0042091873645255214,0.63840453647502338,-0.018133977165929509,123,0,False,-0.2392116134523756,0.23079323872332455,0.68587791401771525,False,False,I1
2015-07-31,VDE,6,2016-01-29,2016-01-29,8,0.18205000469054933,-0.012360504021251441,0.022163592732934917,10000,0.0011555962011098682,0.10000000000000001,0.00011555962011098682,0.60850242314529601,-0.019145432927222518,124,0,False,-0.29071673241962714,0.29094785165984915,0.7558353838442422,False,False,I1
2015-07-31,VWO,6,2016-01-29,2016-01-29,8,0.20500120979274106,-0.048029687051290244,0.018415889709788,5.4286754393238592,-0.023844323855357553,0.10000000000000001,-0.0023844323855357554,0.63601244243996502,-0.027329631082868368,119,0,False,-0.16826059032966714,0.16349172555859562,0.8479773237226047,False,False,I1
2015-08-31,BND,6,2016-02-29,2016-02-29,8,0.077602064870867071,-0.080575040466227099,0.0031216362632112173,7.9060432109076855,-0.06096660161736156,0.10000000000000001,-0.006096660161736156,0.76572022193601941,0.021895352387664255,95,1,False,-0.096105490461745574,0.083912170138273262,0.71251636765410709,False,False,I1
2015-08-31,DBC,6,2016-02-29,2016-02-29,8,0.27712167015913447,-0.21449355896859632,0.033369345840926379,5.4286754393238592,-0.1058540037603548,0.10000000000000001,-0.010585400376035481,0.56169498097454851,0.030868686895273865,109,1,False,-0.34526111807970616,0.32409031732763516,0.72474622776610875,False,False,I1
2015-08-31,GLD,6,2016-02-29,2016-02-29,8,0.021554331494978651,-0.10431795204029383,-0.015334886550949818,5.4286754393238592,-0.072215858014458692,0.10000000000000001,-0.0072215858014458697,0.63923366935836279,-0.016440949120871733,124,0,False,-0.2331341476907422,0.21869097608785049,0.70764376475299562,False,False,I1
2015-08-31,VDE,6,2016-02-29,2016-02-29,8,0.22082797022739786,-0.012820641996120204,0.017512004547219191,10000,-0.00068032739382879314,0.10000000000000001,-6.8032739382879319e-05,0.59976078628861862,-0.016620944912214369,125,0,False,-0.31569370689119902,0.31555764141243325,0.7709352061590341,False,False,I1
2015-08-31,VWO,6,2016-02-29,2016-02-29,8,0.20001469812866679,-0.14454963953079636,0.032049110704705085,5.4286754393238592,-0.079195656754699098,0.10000000000000001,-0.0079195656754699108,0.62992952844261274,-0.024682016510879326,120,0,False,-0.18502569661577067,0.16918656526483083,0.90683827195543687,False,False,I1
2015-09-30,BND,6,2016-03-31,2016-03-31,9,0.14410752179273167,0.036453567138343933,0.061039364843940569,232.99518105153672,0.042372725500047108,0.14999999999999999,0.0063559088250070657,0.75924481147277356,0.023153381252778354,96,1,False,-0.099739015447284876,0.11245083309729902,0.71656740356115434,False,False,I1
2015-09-30,DBC,6,2016-03-31,2016-03-31,9,0.28605621584739516,-0.28086966730344398,0.083175307123181857,0.82864277285468424,-0.11777018211465164,0.14999999999999999,-0.017665527317197744,0.5519798468700865,0.03288647918486489,110,1,False,-0.3391406051158069,0.30380955048141145,0.77532535666097158,False,False,I1
2015-09-30,GLD,6,2016-03-31,2016-03-31,9,0.10786905007681558,0.052346208368777389,0.093591896495078292,1526.4179671752302,0.067320780430947372,0.14999999999999999,0.010098117064642106,0.63694212068142875,-0.014867073090804367,125,0,False,-0.20580852271753847,0.2260047568468227,0.70902007310238391,False,False,I1
2015-09-30,VDE,6,2016-03-31,2016-03-31,9,0.15748675125643241,-0.099398369233586997,0.16757798162869741,109.85411419875572,0.0098064779333727724,0.14999999999999999,0.0014709716900059159,0.59095685136811471,-0.01394772180281907,126,0,False,-0.31813944306286046,0.32108138644287232,0.7536708436235906,False,False,I1
2015-09-30,VMBS,6,2016-03-31,2016-03-31,9,0.15295580985304502,0.040098016813727717,0.095376550243011657,232.99518105153672,0.067737283528369691,0.14999999999999999,0.010160592529255453,0.5,0.053156553894716262,64,1,False,,,,True,True,I1
2015-09-30,VWO,6,2016-03-31,2016-03-31,9,0.12617592949877454,-0.12492193175439165,0.049049775768529945,11.513953993264458,-0.058933069806225105,0.14999999999999999,-0.0088399604709337651,0.62069199131432218,-0.021997978033951066,121,0,False,-0.23372227937362469,0.21604235843175715,0.8937546828072418,False,False,I1
2015-10-30,BND,6,2016-04-29,2016-04-29,9,-0.015915026060930426,0.046115826552644137,-0.005302659185955111,232.99518105153672,0.032825735804227353,0.14999999999999999,0.0049238603706341028,0.74153088023671476,0.025397193189193406,97,1,False,-0.1066825357321559,0.11653025647342412,0.7289018237492112,False,False,I1
2015-10-30,DBC,6,2016-04-29,2016-04-29,9,0.052759598646480277,-0.21192234290103637,-0.036747021016008199,0.82864277285468424,-0.13039820654332362,0.14999999999999999,-0.019559730981498543,0.53461403421185649,0.036094602517499498,111,1,False,-0.38006201083974939,0.34094254887675229,0.82253376357983365,False,False,I1
2015-10-30,GLD,6,2016-04-29,2016-04-29,9,-0.11931990248512259,0.056230624596153717,0.073543943954572769,1526.4179671752302,0.062628951043818062,0.14999999999999999,0.0093943426565727094,0.63043906744820732,-0.012633177457116453,126,0,False,-0.2439199675451961,0.2627086528583415,0.72676594854147303,False,False,I1
2015-10-30,VDE,6,2016-04-29,2016-04-29,9,-0.0055527179300820517,-0.030991696779239641,-0.12414595858126189,109.85411419875572,-0.069915433145027364,0.14999999999999999,-0.010487314971754104,0.58215828655793456,-0.010699112196608374,127,0,False,-0.40858654500378572,0.38761191506027753,0.92225980094564208,False,False,I1
2015-10-30,VMBS,6,2016-04-29,2016-04-29,9,-0.0064417503071541038,0.045522112812416721,0.0074924911782148669,232.99518105153672,0.026507301995315792,0.14999999999999999,0.0039760952992973688,0.5,0.055901840974295368,65,1,False,,,,True,True,I1
2015-10-30,VWO,6,2016-04-29,2016-04-29,9,0.0027943924472966231,-0.02436788292252523,-0.023369475445905591,11.513953993264458,-0.023972353112046006,0.14999999999999999,-0.0035958529668069007,0.6038392943346238,-0.018249179089335814,122,1,False,-0.24442343643759626,0.23723173050398247,0.8625185592537068,False,False,I1
2015-11-30,BND,6,2016-05-31,2016-05-31,9,0.068327331400474201,0.028237713536823382,0.021833998769009131,232.99518105153672,0.026572961715820544,0.10000000000000001,0.0026572961715820545,0.74003342101212,0.026548606199256034,98,1,False,-0.13704329303849416,0.14235788538165828,0.73857523290396321,False,False,I1
2015-11-30,DBC,6,2016-05-31,2016-05-31,9,0.062397927746934201,-0.32627142737564807,-0.012264951789093322,0.82864277285468424,-0.17603715345452292,0.10000000000000001,-0.017603715345452294,0.52155676522118855,0.038736033303566744,112,1,False,-0.3729827093750343,0.33777527868412971,0.8661077423559338,False,False,I1
2015-11-30,GLD,6,2016-05-31,2016-05-31,9,-0.043113432352661185,0.053003538036659949,0.088673004468991803,1526.4179671752302,0.066322132396077468,0.10000000000000001,0.0066322132396077474,0.62661077690399236,-0.010558274724737596,127,0,False,-0.24547234941986293,0.2587367758990784,0.74230613105928889,False,False,I1
2015-11-30,VDE,6,2016-05-31,2016-05-31,9,0.087127097917405916,-0.072923267313247025,-0.088986419081154566,109.85411419875572,-0.079746377321139025,0.10000000000000001,-0.0079746377321139022,0.57523217694276851,-0.0084671187422366411,128,0,False,-0.4060738677641455,0.39012459229991775,0.93994587833819998,False,False,I1
2015-11-30,VMBS,6,2016-05-31,2016-05-31,9,0.074341481315624014,0.031287780684298168,0.078286074138576703,232.99518105153672,0.054786927411437439,0.10000000000000001,0.0054786927411437439,0.5,0.057110029581720387,66,1,False,,,,True,True,I1
2015-11-30,VWO,6,2016-05-31,2016-05-31,9,0.10052886897366986,-0.11721036565467285,-0.0010332185840475948,11.513953993264458,-0.070099103580854152,0.10000000000000001,-0.0070099103580854158,0.59448770036348642,-0.015525157517098691,123,1,False,-0.27150627587415854,0.25748645515798774,0.91507483597409212,False,False,I1
2015-12-31,BND,6,2016-06-30,2016-06-30,9,-0.022414284328777567,0.044602909292677601,0.035047392496594387,232.99518105153672,0.042132403226640691,0.10000000000000001,0.0042132403226640691,0.74145761880199279,0.027389480076521651,99,1,False,-0.13547330615547559,0.14389978680080373,0.74226010162210865,False,False,I1
2015-12-31,DBC,6,2016-06-30,2016-06-30,9,-0.098961433257259035,-0.28165032847327864,0.028318401489366162,0.82864277285468424,-0.13012517111702004,0.10000000000000001,-0.013012517111702005,0.51115985998162028,0.041650573681811263,113,1,False,-0.38433013760804174,0.35830510338463778,0.8775266472593457,False,False,I1
2015-12-31,GLD,6,2016-06-30,2016-06-30,9,-0.21742571699020719,0.05780845523696445,0.10204467069397463,1526.4179671752302,0.074493385690087066,0.10000000000000001,0.0074493385690087071,0.62282192812499015,-0.0087453551688656365,128,0,False,-0.22753394853980843,0.24243262567782584,0.7522325111225695,False,False,I1
2015-12-31,VDE,6,2016-06-30,2016-06-30,9,-0.10704557158169736,-0.051619558402329374,0.14588885075030128,109.85411419875572,0.033595699808721846,0.10000000000000001,0.0033595699808721849,0.56854870849980599,-0.0058259478543264956,129,0,False,-0.39473966005115946,0.40145880001290379,0.70251332268278399,False,False,I1
2015-12-31,VMBS,6,2016-06-30,2016-06-30,9,-0.0033007501656627802,0.046927630613437063,0.080957378662275106,232.99518105153672,0.063942504637856085,0.10000000000000001,0.0063942504637856086,0.5,0.057872005410554449,67,1,False,,,,True,True,I1
2015-12-31,VWO,6,2016-06-30,2016-06-30,9,-0.0074197667340689666,-0.080681966416850354,0.0057683443739374564,11.513953993264458,-0.044830190607612848,0.10000000000000001,-0.0044830190607612853,0.58529037685012131,-0.012858988178174151,124,1,False,-0.30957297074044532,0.3006069326189228,0.89741905898269347,False,False,I1
2016-01-29,BND,6,2016-07-29,2016-07-29,9,0.021576543086043287,0.031860444619766018,0.055545507781980356,232.99518105153672,0.037940205304604471,0.10000000000000001,0.0037940205304604472,0.74330823425720405,0.027239667265034982,100,1,False,-0.1293741605926273,0.13696220165354817,0.74819593030971554,False,False,I1
2016-01-29,DBC,6,2016-07-29,2016-07-29,9,-0.047482500850779319,-0.45028718721090333,0.18296473120016638,0.82864277285468424,-0.13487471953122493,0.10000000000000001,-0.013487471953122493,0.50191628558962964,0.043146006341871733,114,1,False,-0.37510061862167582,0.34812567471543082,0.89704918410140166,False,False,I1
2016-01-29,GLD,6,2016-07-29,2016-07-29,9,-0.13610473454028016,0.050330160585148026,0.15006012145135186,1526.4179671752302,0.087939781381972684,0.10000000000000001,0.0087939781381972688,0.62288543512735228,-0.0086361131995417971,129,0,False,-0.21715105129117454,0.23473900756756907,0.76473869971179709,False,False,I1
2016-01-29,VDE,6,2016-07-29,2016-07-29,9,-0.11216247522633682,-0.11519826874434574,0.20701515959423553,109.85411419875572,0.024996831439158096,0.10000000000000001,0.0024996831439158098,0.5648998835759661,-0.0043807482193659103,130,0,False,-0.3304861978807167,0.3354855641685483,0.74057585215679744,False,False,I1
2016-01-29,VMBS,6,2016-07-29,2016-07-29,9,0.050783822628887032,0.029620605818973807,0.095592643630852278,232.99518105153672,0.062606624724913046,0.10000000000000001,0.0062606624724913049,0.5,0.057141292256466081,68,1,False,,,,True,True,I1
2016-01-29,VWO,6,2016-07-29,2016-07-29,9,-0.141423472073962,-0.15650100261173885,0.13932971539294312,11.513953993264458,-0.031798582740788006,0.10000000000000001,-0.0031798582740788007,0.57846696681114351,-0.01111610659440683,125,1,False,-0.30159604754215202,0.29523633099399443,0.88931346955427704,False,False,I1
2016-02-29,BND,6,2016-08-31,2016-08-31,9,-0.030818070202628833,0.058905719849776522,0.02623283324665485,232.99518105153672,0.049943000881808114,0.050000000000000003,0.0024971500440904059,0.7256832836094721,0.027738304865092725,101,1,False,-0.13063828861716925,0.13563258870535005,0.74691916759095867,False,False,I1
2016-02-29,DBC,6,2016-08-31,2016-08-31,9,-0.1770475250262884,-0.38782534282104486,0.053073423818261356,0.82864277285468424,-0.16175365002264766,0.050000000000000003,-0.0080876825011323827,0.48724807165690343,0.045180577331587063,115,1,False,-0.36968266101497382,0.35350729601270903,0.92060459331314737,False,False,I1
2016-02-29,GLD,6,2016-08-31,2016-08-31,9,-0.072289902188917621,0.06024836499321156,0.11868258966162976,1526.4179671752302,0.082538478049555719,0.050000000000000003,0.0041269239024777863,0.61854353022003472,-0.0084038790095839443,130,0,False,-0.22024006754402234,0.22849391534897792,0.76843724191554286,False,False,I1
2016-02-29,VDE,6,2016-08-31,2016-08-31,9,-0.23144868907792415,-0.065368335309725412,0.059736494136404202,109.85411419875572,-0.010491134958911007,0.050000000000000003,-0.00052455674794555035,0.56135026446405378,-0.00266159769687153,131,0,False,-0.33348724925797441,0.33243813576208331,0.85305325105614815,False,False,I1
2016-02-29,VMBS,6,2016-08-31,2016-08-31,9,-0.012617713427836463,0.060300638137809441,0.096871863409663514,232.99518105153672,0.078586250773736474,0.050000000000000003,0.0039293125386868242,0.5,0.057474058913693116,69,1,False,,,,True,True,I1
2016-02-29,VWO,6,2016-08-31,2016-08-31,9,-0.23296132359214106,-0.096081450826904946,0.083743629114521101,11.513953993264458,-0.017796277243719034,0.050000000000000003,-0.00088981386218595169,0.56465931443664286,-0.009440465287080849,126,1,False,-0.28848092021360061,0.28670129248922871,0.87697878377724414,False,False,I1
2016-03-31,BND,6,2016-09-30,2016-09-30,10,-0.12976347312084746,0.07186456226726419,0.078223370057869321,232.99518105153672,0.07366309161390347,0.050000000000000003,0.0036831545806951735,0.71715934718194607,0.028879179540853891,102,1,False,-0.13596669959786839,0.14333300875925875,0.76241876745863169,False,False,I1
2016-03-31,DBC,6,2016-09-30,2016-09-30,10,-0.21943218778882057,-0.27540673339339561,0.12753872156299506,0.56898660290182934,-0.060772725293095312,0.050000000000000003,-0.0030386362646547659,0.46733731461612005,0.047257091456723341,116,1,False,-0.36354384014801744,0.35746656761870788,0.88860763056650094,False,False,I1
2016-03-31,GLD,6,2016-09-30,2016-09-30,10,-0.17511856494588796,0.064031521948211045,0.18583326914677978,10000,0.1107336566934965,0.050000000000000003,0.0055366828346748252,0.6165725384123697,-0.0075162993982373829,131,0,False,-0.21035104871933091,0.22142441438868055,0.80023353605977565,False,False,I1
2016-03-31,VDE,6,2016-09-30,2016-09-30,10,-0.25192968884617306,-0.1101439228302189,-0.029580767485074162,35.564803062231285,-0.073541275971299974,0.050000000000000003,-0.0036770637985649988,0.54566517780854473,-0.0014483526290434683,132,0,False,-0.32372832533263729,0.31637419773550735,0.95491953426437259,False,False,I1
2016-03-31,VMBS,6,2016-09-30,2016-09-30,10,-0.11817592135030086,0.075876112674350044,0.063010249615860825,159.98587196060572,0.065667515990704889,0.050000000000000003,0.0032833757995352447,0.20653619292883232,0.058838083927112428,70,1,False,,,,True,True,I1
2016-03-31,VOO,6,2016-09-30,2016-09-30,10,-0.17176720151991987,-0.045990696914760529,0.11735447984914581,16.768329368110066,0.035681891467192639,0.050000000000000003,0.0017840945733596321,0.5,0.0072558617821697497,61,1,False,,,,True,True,I1
2016-03-31,VWO,6,2016-09-30,2016-09-30,10,-0.22880435975733215,0.011201116316142672,0.067850565513361188,16.768329368110066,0.036555592345936506,0.050000000000000003,0.0018277796172968255,0.55243208205740613,-0.0083726196588457674,127,1,False,-0.28574012893097139,0.28939568816556499,0.79342360809969692,False,False,I1
2016-04-29,BND,6,2016-10-31,2016-10-31,10,-0.048420684589805529,0.081223404101288935,0.10619416645544386,232.99518105153672,0.088493351528844452,0.050000000000000003,0.0044246675764422231,0.70886161485791177,0.028444284340836568,103,1,False,-0.13352141785979846,0.1423707530126829,0.69485849050956894,False,False,I1
2016-04-29,DBC,6,2016-10-31,2016-10-31,10,-0.074749846415377186,-0.061266530690028742,0.16064791160097802,0.56898660290182934,0.058934677801453124,0.050000000000000003,0.0029467338900726562,0.4583443634828579,0.047304121432704169,117,1,False,-0.35248325420241189,0.35837672198255721,0.8145930483662337,False,False,I1
2016-04-29,GLD,6,2016-10-31,2016-10-31,10,-0.01822852450638679,0.065635730284866037,0.19541765914128284,10000,0.11553098623890129,0.050000000000000003,0.005776549311945065,0.6155454276747846,-0.0083632963913198508,132,0,False,-0.21003999140845073,0.22159309003234087,0.71450668631768877,False,False,I1
2016-04-29,VDE,6,2016-10-31,2016-10-31,10,-0.053971537874465736,0.014151744821003006,0.093731190441672801,35.564803062231285,0.049899828460997442,0.050000000000000003,0.0024949914230498723,0.55078747582140353,-0.0014792125185249631,133,0,False,-0.31754839784707228,0.32253838069317203,0.63153609609313399,False,False,I1
2016-04-29,VMBS,6,2016-10-31,2016-10-31,10,-0.047537274211049696,0.087812568587091522,0.067077864227178569,159.98587196060572,0.070362865709158451,0.050000000000000003,0.0035181432854579225,0.15843010948981165,0.05791864964212276,71,1,False,,,,True,True,I1
2016-04-29,VOO,6,2016-10-31,2016-10-31,10,-0.076040277704247594,0.007576443091850571,0.1329134251069013,16.768329368110066,0.070244934099375933,0.050000000000000003,0.003512246704968797,0.5,0.0072644708840580918,62,1,False,,,,True,True,I1
2016-04-29,VWO,6,2016-10-31,2016-10-31,10,-0.12708527199333475,0.091672447730539813,0.13828440767798614,16.768329368110066,0.11254554845379948,0.050000000000000003,0.0056272774226899741,0.55219431350251069,-0.0082853773767665312,128,1,False,-0.25905091194056884,0.2703054667859488,0.60294139159204607,False,False,I1
2016-05-31,BND,6,2016-11-30,2016-11-30,10,0.016309171659666166,0.08340460269469635,0.11723670450978695,232.99518105153672,0.093305964876644401,0.050000000000000003,0.0046652982438322201,0.70733824826893776,0.028827775177948468,104,1,False,-0.13327489408730192,0.14260549057496635,0.71349392469345274,False,False,I1
2016-05-31,DBC,6,2016-11-30,2016-11-30,10,-0.0081741515952040711,-0.014866407603867288,0.082630786644711823,0.56898660290182934,0.039478369264757604,0.050000000000000003,0.0019739184632378802,0.44260163292425314,0.047432035045536627,118,1,False,-0.35344257120083133,0.35739040812730705,0.83388349689688501,False,False,I1
2016-05-31,GLD,6,2016-11-30,2016-11-30,10,0.032048595801907664,0.066235947138107834,0.12719019453618757,10000,0.089648859535584616,0.050000000000000003,0.004482442976779231,0.61589366784283583,-0.0086245756090742969,133,0,False,-0.20091087290279286,0.20987575885635135,0.64424186682242202,False,False,I1
2016-05-31,VDE,6,2016-11-30,2016-11-30,10,-0.083520980922394683,0.0085235153041110442,0.026693923096727412,35.564803062231285,0.01668700027254643,0.050000000000000003,0.00083435001362732158,0.55072637545577485,-0.00081797139586876259,134,0,False,-0.31500104732771778,0.31666974735497239,0.73021203909895283,False,False,I1
2016-05-31,VMBS,6,2016-11-30,2016-11-30,10,0.015898369381300625,0.090372386128442533,0.071921183765172744,159.98587196060572,0.074069377320040639,0.050000000000000003,0.0037034688660020319,0.1164256676922167,0.058146744526476946,72,1,False,,,,True,True,I1
2016-05-31,VOO,6,2016-11-30,2016-11-30,10,-0.059717656215456216,0.013140762876097195,0.13697754808511994,16.768329368110066,0.075059155480608569,0.050000000000000003,0.0037529577740304286,0.5,0.0084865841288250601,63,1,False,,,,True,True,I1
2016-05-31,VWO,6,2016-11-30,2016-11-30,10,-0.080601831120427514,0.093509610655684167,0.11593909275391012,16.768329368110066,0.10373660643429806,0.050000000000000003,0.0051868303217149038,0.54403780997587992,-0.0074418560872282664,129,1,False,-0.25117729448226284,0.26155095512569265,0.62752265427081166,False,False,I1
2016-06-30,BND,6,2016-12-30,2016-12-30,10,0.14135779460259301,0.078288387194286019,0.18122619809898516,232.99518105153672,0.10886569078405417,0.050000000000000003,0.005443284539202709,0.70295362490196223,0.028339755563598693,105,1,False,-0.12756110886131894,0.13844767793972435,0.631077494136423,False,False,I1
2016-06-30,DBC,6,2016-12-30,2016-12-30,10,0.065284339060155183,0.094390778130790512,0.2316959334063961,0.56898660290182934,0.17119466720033646,0.050000000000000003,0.0085597333600168236,0.44063360974770777,0.046201837832908092,119,1,False,-0.32789115606693275,0.34501062278696637,0.7458440220828545,False,False,I1
2016-06-30,GLD,6,2016-12-30,2016-12-30,10,0.25072920900137008,0.066421114808036072,0.20568129485528819,10000,0.12004714206342744,0.050000000000000003,0.0060023571031713723,0.61492203128564371,-0.010182793082067826,134,0,False,-0.21890521320895129,0.23090992741529404,0.5496590650424078,False,False,I1
2016-06-30,VDE,6,2016-12-30,2016-12-30,10,-0.020924685541663157,0.065299772339378559,0.15040439716456391,35.564803062231285,0.10265538027096409,0.050000000000000003,0.0051327690135482048,0.56106253910033421,-0.0016048425083563819,135,0,False,-0.2908827570973464,0.3011482951244428,0.45119244150832316,False,False,I1
2016-06-30,VMBS,6,2016-12-30,2016-12-30,10,0.13546322864480709,0.084162838903927117,0.1510706535460894,159.98587196060572,0.13254434607489493,0.050000000000000003,0.0066272173037447467,0.27689302916673114,0.057304998023844901,73,1,False,-0.13616800002004484,0.14942243462753432,,False,True,I1
2016-06-30,VOO,6,2016-12-30,2016-12-30,10,0.0082187236419339893,0.043395298933532771,0.15623813648184676,16.768329368110066,0.099816717707689767,0.050000000000000003,0.0049908358853844887,0.5,0.0086066683027796083,64,1,False,,,,True,True,I1
2016-06-30,VWO,6,2016-12-30,2016-12-30,10,0.033870377269062057,0.1131661982071227,0.18052137370743274,16.768329368110066,0.14414076942435794,0.050000000000000003,0.007207038471217897,0.54013079192269886,-0.0074416861691270391,130,1,False,-0.23930392721777113,0.25371800416020696,0.54375047989474123,False,False,I1
2016-07-29,BND,6,2017-01-31,2017-01-31,10,0.20252146456333453,0.097484716246363512,0.13046954745939374,232.99518105153672,0.10722643795202534,0.050000000000000003,0.0053613218976012672,0.70466055615850853,0.028275951672301,106,1,False,-0.12761968618485534,0.13834232998005788,0.66083210473992926,False,False,I1
2016-07-29,DBC,6,2017-01-31,2017-01-31,10,0.065929940108925944,0.17808444289965858,0.16601827563696389,0.56898660290182934,0.17125280894708583,0.050000000000000003,0.0085626404473542923,0.43381905754826616,0.045421135010544025,120,1,False,-0.32364925793661381,0.34077453883132236,0.77689405739198369,False,False,I1
2016-07-29,GLD,6,2017-01-31,2017-01-31,10,0.28896725551578339,0.067619843235576654,0.15427448435884639,10000,0.10084462413700526,0.050000000000000003,0.0050422312068502638,0.61658394206301059,-0.011115548203980512,135,0,False,-0.2192821262177046,0.22936658863140513,0.50543166592814659,False,False,I1
2016-07-29,VDE,6,2017-01-31,2017-01-31,10,0.051247636942578056,0.11825329676566181,0.098216230902858748,35.564803062231285,0.10978804796517304,0.050000000000000003,0.0054894023982586526,0.57752053826385319,-0.0024177662783415339,136,0,False,-0.28516573502977671,0.29614453982629407,0.42621782700980754,False,False,I1
2016-07-29,VMBS,6,2017-01-31,2017-01-31,10,0.18797102666325971,0.10756797730909444,0.1045749923020546,159.98587196060572,0.10561987204698892,0.050000000000000003,0.0052809936023494458,0.34910958206494846,0.057216874032021144,74,1,False,-0.13751422372144012,0.14807621092613904,,False,True,I1
2016-07-29,VOO,6,2017-01-31,2017-01-31,10,0.10245451530670868,0.078077732712126202,0.15488372763297145,16.768329368110066,0.11648073017254883,0.050000000000000003,0.0058240365086274417,0.5,0.0075071464403895808,65,1,False,,,,True,True,I1
2016-07-29,VWO,6,2017-01-31,2017-01-31,10,0.12538700595675345,0.15458319469892096,0.1657333831160987,16.768329368110066,0.15954113531685632,0.050000000000000003,0.007977056765842816,0.55534916250408317,-0.0084644478935914265,131,1,False,-0.23850588964508837,0.25446000317677397,0.53555770987433771,False,False,I1
2016-08-31,BND,6,2017-02-28,2017-02-28,10,0.2511209151249264,0.10143184745756717,0.17245305428884156,232.99518105153672,0.12294205058506417,0.050000000000000003,0.0061471025292532087,0.69712985617663537,0.027723671094030632,107,1,False,-0.10939294425831447,0.1216871493168209,0.56848240477086764,False,False,I1
2016-08-31,DBC,6,2017-02-28,2017-02-28,10,0.17711131747883524,0.094761715429945756,0.20842714002275997,0.56898660290182934,0.15884341747736724,0.050000000000000003,0.0079421708738683632,0.43622519972997437,0.043582551043297481,121,1,False,-0.32426513895260767,0.34014948070034434,0.79763329055408672,False,False,I1
2016-08-31,GLD,6,2017-02-28,2017-02-28,10,0.28330523344017355,0.067538749751670263,0.19365615333234468,10000,0.11580072796816866,0.050000000000000003,0.0057900363984084331,0.61732499364668325,-0.011565359630340347,136,0,False,-0.20996849697608291,0.2215485697728998,0.43212222644409509,False,False,I1
2016-08-31,VDE,6,2017-02-28,2017-02-28,10,0.2044499742949053,0.054839096507910495,0.14776491829525987,35.564803062231285,0.093650576747296085,0.050000000000000003,0.0046825288373648043,0.58233912283066536,-0.0040895248389224269,137,0,False,-0.28596657805807141,0.29533163573280102,0.4836048466974206,False,False,I1
2016-08-31,VMBS,6,2017-02-28,2017-02-28,10,0.24213264577167037,0.11262883654521626,0.14203470744034044,159.98587196060572,0.12901110195224474,0.050000000000000003,0.0064505550976122379,0.4428913373980416,0.056285746199223038,75,1,False,-0.13634466222617733,0.14924577242140183,,False,True,I1
2016-08-31,VOO,6,2017-02-28,2017-02-28,10,0.1308497765108998,0.056591838150767772,0.15501716949387992,16.768329368110066,0.10580450382232384,0.050000000000000003,0.0052902251911161923,0.5,0.0055527654202778814,66,1,False,,,,True,True,I1
2016-08-31,VWO,6,2017-02-28,2017-02-28,10,0.16939650300649789,0.10459362227449247,0.18448607511417736,16.768329368110066,0.13939957216909454,0.050000000000000003,0.0069699786084547275,0.56433995130372372,-0.010165181800398621,132,1,False,-0.23388959093227743,0.24782954814918687,0.58280153751056496,False,False,I1
2016-09-30,BND,6,2017-03-31,2017-03-31,11,0.29042009484893472,0.05641188858345321,0.21119775446927008,10000,0.10464841720294686,0.050000000000000003,0.0052324208601473438,0.68836606402372036,0.026265456795744723,108,1,False,-0.12879596160709555,0.13926080332739027,0.51441394315128686,False,False,I1
2016-09-30,DBC,6,2017-03-31,2017-03-31,11,0.25276890301703614,0.12745327653180133,0.25191502675717553,10000,0.19570403442561662,0.050000000000000003,0.0097852017212808323,0.45163266810704938,0.041426692528280122,122,1,False,-0.31198367224116369,0.33155407568372536,0.81613746717763858,False,False,I1
2016-09-30,GLD,6,2017-03-31,2017-03-31,11,0.32117135402019859,0.089931560043676223,0.25727258577440804,10000,0.15366649323437628,0.050000000000000003,0.0076833246617188143,0.61913145379390788,-0.012759178647242152,137,0,False,-0.19765664917693301,0.21302329850037063,0.32306953920767489,False,False,I1
2016-09-30,VDE,6,2017-03-31,2017-03-31,11,0.26450016194127635,0.061650588971857351,0.16674387398620374,10000,0.10526484903278371,0.050000000000000003,0.0052632424516391857,0.58499479719401171,-0.0058854680563662724,138,0,False,-0.27885074554661649,0.28937723044989483,0.49521893078117785,False,False,I1
2016-09-30,VMBS,6,2017-03-31,2017-03-31,11,0.28135170818712341,0.057727244624361282,0.23099247382829066,10000,0.15283052407634007,0.050000000000000003,0.0076415262038170041,0.45111157103515387,0.053990197941992467,76,1,False,-0.11686575954229816,0.13214881194993217,,False,True,I1
2016-09-30,VOO,6,2017-03-31,2017-03-31,11,0.1654192488476689,0.0071579105715268848,0.14076850544830968,10000,0.028419962122194144,0.050000000000000003,0.0014209981061097073,0.84086552739118203,0.0029061987495286614,67,1,False,,,,True,True,I1
2016-09-30,VWO,6,2017-03-31,2017-03-31,11,0.20363942740866037,0.086589773496138306,0.13775388875791819,10000,0.10881668230083737,0.050000000000000003,0.0054408341150418687,0.56557621115940993,-0.011809085394059778,133,1,False,-0.22807120821629506,0.2389528764463788,0.61778372720476382,False,False,I1
2016-09-30,VXUS,6,2017-03-31,2017-03-31,11,0.20144351459253951,0.064870016504178701,0.14893755472300324,10000,0.10690378561359097,0.050000000000000003,0.0053451892806795492,0.5,0.0565970814101096,62,1,False,,,,True,True,I1
2016-10-31,BND,6,2017-04-28,2017-04-28,11,0.29133375615608192,0.056342848086616694,0.20285635461465307,10000,0.10249313567276835,0.050000000000000003,0.005124656783638418,0.6850100125252242,0.025580262838079126,109,1,False,-0.12888841634766504,0.13913772991494186,0.45021346751388547,False,False,I1
2016-10-31,DBC,6,2017-04-28,2017-04-28,11,0.30892200883662702,0.12732200928609899,0.28351289608656682,10000,0.21120898335104718,0.050000000000000003,0.01056044916755236,0.46292017554063253,0.040482167821421118,123,1,False,-0.29602779568899928,0.31714869402410406,0.80735805522246562,False,False,I1
2016-10-31,GLD,6,2017-04-28,2017-04-28,11,0.29183758696992113,0.089740775180340598,0.30384492495613646,10000,0.17057560585087692,0.050000000000000003,0.0085287802925438465,0.62245089245031271,-0.012798811588250443,138,0,False,-0.19229315076747266,0.20935071135256034,0.25602979513873042,False,False,I1
2016-10-31,VDE,6,2017-04-28,2017-04-28,11,0.29393083434972489,0.061459944758395064,0.17444604894419022,10000,0.10799055252668671,0.050000000000000003,0.0053995276263343363,0.58817406703592179,-0.0062314110046979227,139,0,False,-0.27001934243701514,0.28081839768968381,0.47736164504326517,False,False,I1
2016-10-31,VMBS,6,2017-04-28,2017-04-28,11,0.29178007806840078,0.057687263244293289,0.2256261900247612,10000,0.15096139135097347,0.050000000000000003,0.007548069567548674,0.44459494951632356,0.05267165934260231,77,1,False,-0.11657821760403161,0.13167435673912897,,False,True,I1
2016-10-31,VOO,6,2017-04-28,2017-04-28,11,0.15276458618571076,0.0070262852275601896,0.13481096057987266,10000,0.026218863338073571,0.050000000000000003,0.0013109431669036786,0.84980532244889362,0.001745221154620187,68,1,False,,,,True,True,I1
2016-10-31,VWO,6,2017-04-28,2017-04-28,11,0.20095095858220202,0.086290485521207383,0.16568277331300479,10000,0.12071640344043126,0.050000000000000003,0.0060358201720215636,0.56638208978806281,-0.012669355443308099,134,1,False,-0.22568385526124746,0.23775549560529058,0.57277285344874029,False,False,I1
2016-10-31,VXUS,6,2017-04-28,2017-04-28,11,0.1765937075592332,0.064751248326210362,0.15850572651764822,10000,0.1116284874219293,0.050000000000000003,0.0055814243710964649,0.5,0.054726661436085282,63,1,False,,,,True,True,I1
2016-11-30,BND,6,2017-05-31,2017-05-31,11,0.26337951653740377,0.056374433406805251,0.17745592543733663,10000,0.094493013645724391,0.050000000000000003,0.0047246506822862201,0.68518243705398552,0.025495980191002642,110,1,False,-0.12765521357569712,0.13710451494026957,0.52692337900995434,False,False,I1
2016-11-30,DBC,6,2017-05-31,2017-05-31,11,0.29655694768510088,0.1271821090034525,0.2522566332605497,10000,0.19382927288401636,0.050000000000000003,0.0096914636442008185,0.46714037669599973,0.040089778148706394,124,1,False,-0.28930527764525205,0.30868820493365368,0.78974527104485326,False,False,I1
2016-11-30,GLD,6,2017-05-31,2017-05-31,11,0.21680979868382222,0.089923573816908756,0.37431421955349176,10000,0.19684650328318862,0.050000000000000003,0.0098423251641594316,0.62402796621757628,-0.01247616836961621,139,0,False,-0.18508205685543927,0.20476670718375811,0.26903851762289255,False,False,I1
2016-11-30,VDE,6,2017-05-31,2017-05-31,11,0.36827799555910057,0.061295696920382309,0.15663842983431553,10000,0.10055934803109397,0.050000000000000003,0.0050279674015546987,0.58818412362738404,-0.0067834793612528976,140,0,False,-0.27037469860002883,0.28043063340313823,0.48746731750465833,False,False,I1
2016-11-30,VMBS,6,2017-05-31,2017-05-31,11,0.2684418521768861,0.057689873885099954,0.1829472621630901,10000,0.12823453414268565,0.050000000000000003,0.006411726707134283,0.43680240161943745,0.052200206907201001,78,1,False,-0.11741822823980776,0.13024168165407632,,False,True,I1
2016-11-30,VOO,6,2017-05-31,2017-05-31,11,0.18485457047058129,0.0069836538253067086,0.1404184079603028,10000,0.025886104242981114,0.050000000000000003,0.0012943052121490559,0.85833937687215445,0.0008544548159234275,69,0,False,,,,True,True,I1
2016-11-30,VWO,6,2017-05-31,2017-05-31,11,0.13652780607261339,0.086342616082996065,0.24167158298809985,10000,0.15371506291217352,0.050000000000000003,0.0076857531456086762,0.56625960906353179,-0.013172558966842314,135,1,False,-0.22315337425690379,0.23852488054812115,0.48378433712724311,False,False,I1
2016-11-30,VXUS,6,2017-05-31,2017-05-31,11,0.12030962266376988,0.064730478132386207,0.16097843801518469,10000,0.11285445807378544,0.050000000000000003,0.005642722903689272,0.5,0.053753090601107695,64,1,False,,,,True,True,I1
2016-12-30,BND,6,2017-06-30,2017-06-30,11,0.24084529330100835,0.05547144745312043,0.13901270778457725,10000,0.082154282992110458,0.050000000000000003,0.0041077141496055234,0.68060290887252972,0.02653978032083679,111,1,False,-0.13379947679293194,0.14201490509214301,0.59741473860592254,False,False,I1
2016-12-30,DBC,6,2017-06-30,2017-06-30,11,0.35197526209463059,0.12653627615062993,0.15526146669799934,10000,0.14164580737471297,0.050000000000000003,0.0070822903687356486,0.47399718030880916,0.040291334635997982,125,1,False,-0.2918949700284284,0.30605955076589969,0.77508735819784425,False,False,I1
2016-12-30,GLD,6,2017-06-30,2017-06-30,11,0.18749616079977338,0.088598604573076653,0.31539364448538176,10000,0.17519852335202771,0.050000000000000003,0.0087599261676013854,0.61815779210851951,-0.010596129959823454,140,0,False,-0.20694785077922356,0.22446770311442632,0.36241033121160904,False,False,I1
2016-12-30,VDE,6,2017-06-30,2017-06-30,11,0.40782717344904118,0.060708438499917201,0.070200898196798853,10000,0.064587641716369645,0.050000000000000003,0.0032293820858184824,0.59133845806827179,-0.0068837716036671565,141,0,False,-0.26267980208129915,0.26913856625293608,0.53220681645371548,False,False,I1
2016-12-30,VMBS,6,2017-06-30,2017-06-30,11,0.24860387729100553,0.05680549462879577,0.14316337358735565,10000,0.10723625160059801,0.050000000000000003,0.0053618125800299005,0.41602598882723607,0.053254169207677025,79,1,False,-0.12487011935930517,0.13559374451936498,,False,True,I1
2016-12-30,VOO,6,2017-06-30,2017-06-30,11,0.17278713510642518,0.0064933534103083805,0.12795366381917825,10000,0.02158285147537798,0.050000000000000003,0.0010791425737688991,0.87576601760464745,0.00095965865629500701,70,1,False,-0.17247215351951059,0.17463043866704839,,False,True,I1
2016-12-30,VWO,6,2017-06-30,2017-06-30,11,0.11396251680974845,0.085761803639501505,0.14475377642786927,10000,0.11118563677601792,0.050000000000000003,0.005559281838800896,0.56902893843330538,-0.012826655023931256,136,1,False,-0.2252766113757759,0.23639517505337768,0.59043206149400884,False,False,I1
2016-12-30,VXUS,6,2017-06-30,2017-06-30,11,0.11580130720262827,0.064289598571335399,0.046604285643777034,10000,0.055446942107556213,0.050000000000000003,0.0027723471053778107,0.5,0.053445114337998055,65,1,False,,,,True,True,I1
2017-01-31,BND,6,2017-07-31,2017-07-31,11,0.23726445473260283,0.05479967719470287,0.12489527091964175,10000,0.077675000776375749,0.10000000000000001,0.0077675000776375753,0.67365532744557932,0.028111045358716232,112,1,False,-0.1390528548546528,0.15458785500992794,0.63773305414689863,False,False,I1
2017-01-31,DBC,6,2017-07-31,2017-07-31,11,0.31568795550279227,0.1260502545959786,0.21838099773275499,10000,0.17464503332772829,0.10000000000000001,0.017464503332772829,0.47368799296066921,0.040494815631814875,126,1,False,-0.28026435239727759,0.31519335906282325,0.79939461197368289,False,False,I1
2017-01-31,GLD,6,2017-07-31,2017-07-31,11,0.20145259178289243,0.087709185592746916,0.30911055503247264,10000,0.17324013181818554,0.10000000000000001,0.017324013181818556,0.61368375253557961,-0.0084715669422659613,141,0,False,-0.20854171091889551,0.24318973728253263,0.41262018295160635,False,False,I1
2017-01-31,VDE,6,2017-07-31,2017-07-31,11,0.37405062295085989,0.060256006054321978,0.16429537339623063,10000,0.10293295016511769,0.10000000000000001,0.01029329501651177,0.58980004203077474,-0.006474395487144304,142,0,False,-0.251113586927392,0.27170017696041554,0.48738885290754491,False,False,I1
2017-01-31,VMBS,6,2017-07-31,2017-07-31,11,0.24415265992485202,0.056086709460084795,0.1255345922133996,10000,0.095947827442693701,0.10000000000000001,0.0095947827442693714,0.42602831933409369,0.054938129925871812,80,1,False,-0.13682723601016752,0.15601680149870625,,False,True,I1
2017-01-31,VOO,6,2017-07-31,2017-07-31,11,0.17649694615046374,0.0062340179723157979,0.13957916493717085,10000,0.023199804755790331,0.10000000000000001,0.0023199804755790333,0.87276787217500984,0.0023891636795402701,71,1,False,-0.17123131561770047,0.17587127656885851,,False,True,I1
2017-01-31,VWO,6,2017-07-31,2017-07-31,11,0.12616308519092878,0.085609950003855961,0.17106894904223702,10000,0.12241181120249309,0.10000000000000001,0.012241181120249309,0.56936236542966279,-0.011817796184656186,137,1,False,-0.21812202246974804,0.24260438471024665,0.59638313156415723,False,False,I1
2017-01-31,VXUS,6,2017-07-31,2017-07-31,11,0.1311628960226543,0.064051452868982783,0.053259217650315605,10000,0.058655335259649194,0.10000000000000001,0.0058655335259649201,0.5,0.054493785678414258,66,1,False,,,,True,True,I1
2017-02-28,BND,6,2017-08-31,2017-08-31,11,0.21665296901714703,0.054328489556765613,0.066646576820401426,10000,0.05849118714481439,0.14999999999999999,0.0087736780717221578,0.66206623650593299,0.030084584029213667,113,1,False,-0.23268963296799888,0.25023698911144321,0.68121987344083113,False,False,I1
2017-02-28,DBC,6,2017-08-31,2017-08-31,11,0.2973984031578002,0.12582312038438537,0.23207195870076228,10000,0.18198300139561299,0.14999999999999999,0.027297450209341947,0.4714306349025626,0.041570536118799288,127,1,False,-0.26363864119047092,0.31823354160915479,0.81075520296677372,False,False,I1
2017-02-28,GLD,6,2017-08-31,2017-08-31,11,0.21403979432148446,0.087041107350403199,0.23088265765329116,10000,0.14340617947642872,0.14999999999999999,0.021510926921464307,0.60814471196022779,-0.0064168007423896275,142,0,False,-0.23175005505921994,0.27477190890214853,0.49338825200800862,False,False,I1
2017-02-28,VDE,6,2017-08-31,2017-08-31,11,0.35215884489195337,0.060048018268195932,0.1513363823397999,10000,0.098003361878820569,0.14999999999999999,0.014700504281823085,0.58422583210217705,-0.0049993998942628372,143,0,False,-0.23591690583267413,0.2653179143963203,0.51387068457469209,False,False,I1
2017-02-28,VMBS,6,2017-08-31,2017-08-31,11,0.22408610333822954,0.055612929968058285,0.068842303266963931,10000,0.06329131103628538,0.14999999999999999,0.0094936966554428071,0.419596008462301,0.057249173331375504,81,1,False,-0.17761234120656305,0.19659973451744867,,False,True,I1
2017-02-28,VOO,6,2017-08-31,2017-08-31,11,0.19685978041847862,0.0060462684065033046,0.14422806120371717,10000,0.029534968679160202,0.14999999999999999,0.0044302453018740303,0.83001595364211767,0.0041733388577535968,72,1,False,-0.16912105079140546,0.17798154139515351,,False,True,I1
2017-02-28,VWO,6,2017-08-31,2017-08-31,11,0.1025842724113466,0.085456104181193204,0.15282536014806108,10000,0.11466338865681891,0.14999999999999999,0.017199508298522837,0.56645974404126087,-0.010504649089068115,138,1,False,-0.20784035894850958,0.24223937554555527,0.62478881071439485,False,False,I1
2017-02-28,VXUS,6,2017-08-31,2017-08-31,11,0.11544441808513617,0.063814753539313943,0.058990216983120236,10000,0.061402485261217089,0.14999999999999999,0.0092103727891825627,0.5,0.056390569059191334,67,1,False,,,,True,True,I1
2017-03-31,BND,6,2017-09-29,2017-09-29,12,0.21220216865643216,0.055865546389543767,0.086420248629849317,10000,0.066834148588578973,0.25,0.016708537147144743,0.64101753920657623,0.032368228860965603,114,1,False,-0.2684791368416426,0.30189621113593212,0.69469055481842634,False,False,I1
2017-03-31,DBC,6,2017-09-29,2017-09-29,12,0.22334282777208925,0.13728097670682632,-0.018609784187852741,10000,0.054002485762576852,0.25,0.013500621440644213,0.46578943828163738,0.043220523360191762,128,1,False,-0.27451856103341077,0.30151980391469924,0.74120773244343774,False,False,I1
2017-03-31,GLD,6,2017-09-29,2017-09-29,12,0.21174431299868335,0.11099318561369313,0.027180172234046108,339.32217718953228,0.077579624003686148,0.25,0.019394906000921537,0.60133205736615292,-0.0041259744853085912,143,0,False,-0.25853269810945551,0.29732251011129857,0.59718454035972413,False,False,I1
2017-03-31,VDE,6,2017-09-29,2017-09-29,12,0.25017925401698016,0.069818179152283597,-0.052855959359032895,10000,0.018022923306744265,0.25,0.0045057308266860663,0.57778178453838247,-0.0031278751592938212,144,0,False,-0.27083695596119695,0.27984841761456902,0.62366431625943985,False,False,I1
2017-03-31,VMBS,6,2017-09-29,2017-09-29,12,0.21996558938625288,0.058729639992384453,0.043458610546290015,10000,0.048839548904906077,0.25,0.012209887226226519,0.3523625160707311,0.059982131073518768,82,1,False,-0.26150029475707987,0.28592006920953289,,False,True,I1
2017-03-31,VOO,6,2017-09-29,2017-09-29,12,0.15893064693335668,0.0096420049148144057,0.071966562795058323,10000,0.026477983678113319,0.25,0.0066194959195283298,0.72986605383307979,0.0063821869398072309,73,1,False,-0.15874347558656235,0.17198246742561898,,False,True,I1
2017-03-31,VWO,6,2017-09-29,2017-09-29,12,0.1193094092786644,0.082499604253940872,-0.013802997291490648,10000,0.040430783783676483,0.25,0.010107695945919121,0.56316008295561892,-0.0089640442221779817,139,1,False,-0.20352979858997081,0.22374519048180905,0.72029754327118356,False,False,I1
2017-03-31,VXUS,6,2017-09-29,2017-09-29,12,0.11648041446295632,0.061571529150757739,-0.046628073178184126,10000,-0.032695141517503953,0.25,-0.0081737853793759883,0.12877063649755494,0.058523700611152335,68,1,False,,,,True,True,I1
2017-04-28,BND,6,2017-10-31,2017-10-31,12,0.21757296341207155,0.05507874564356921,0.094606211705104165,10000,0.070032113185380482,0.29999999999999999,0.021009633955614143,0.62169678373684745,0.034620103011357921,115,1,False,-0.26519946541682937,0.3072187333280576,0.70977457389863374,False,False,I1
2017-04-28,DBC,6,2017-10-31,2017-10-31,12,0.15476647342206284,0.13656846835745193,0.16614215666201948,10000,0.1525706264775232,0.29999999999999999,0.045771187943256957,0.45890556648628084,0.045280224797993596,129,1,False,-0.25219141194164618,0.34373378782816011,0.80881713571617708,False,False,I1
2017-04-28,GLD,6,2017-10-31,2017-10-31,12,0.23004139850861316,0.086789129841960702,0.095014547530734808,339.32217718953228,0.09012766532604069,0.29999999999999999,0.027038299597812208,0.59411964104432491,-0.0020706719752028252,144,0,False,-0.26134613120477557,0.31542273040040003,0.61756344551413989,False,False,I1
2017-04-28,VDE,6,2017-10-31,2017-10-31,12,0.22995767161836222,0.069225885100580295,0.10510884208080958,10000,0.08462158923548628,0.29999999999999999,0.025386476770645882,0.57094661559278159,-0.0010791944040592092,145,0,False,-0.26522077113380776,0.31599372467509951,0.56527335648630161,False,False,I1
2017-04-28,VMBS,6,2017-10-31,2017-10-31,12,0.22191111271758923,0.057963547949080999,0.042066054702737443,10000,0.046944704352107028,0.29999999999999999,0.014083411305632107,0.30688169347023853,0.062774877422854689,83,1,False,-0.27014859719522,0.29831541980648424,,False,True,I1
2017-04-28,VOO,6,2017-10-31,2017-10-31,12,0.13777051980841959,0.0092265043348433093,0.075868893810931551,10000,0.033156845405255389,0.29999999999999999,0.0099470536215766157,0.64091411999867665,0.0083603274701572784,74,1,False,-0.15524532778894762,0.17513943503210083,,False,True,I1
2017-04-28,VWO,6,2017-10-31,2017-10-31,12,0.10223128336234599,0.081939164530666936,0.023634498235353515,10000,0.056201205609815993,0.29999999999999999,0.016860361682944799,0.55856090847878193,-0.0074646513450038416,140,1,False,-0.1917265020443972,0.22544722541028681,0.70955908772651355,False,False,I1
2017-04-28,VXUS,6,2017-10-31,2017-10-31,12,0.1178497007355539,0.061155015087124745,0.03148301565594662,10000,0.033700165016669226,0.29999999999999999,0.010110049505000768,0.07472193998470214,0.060234860132139009,69,1,False,,,,True,True,I1
2017-05-31,BND,6,2017-11-30,2017-11-30,12,0.21241475983989244,0.054914301393779688,0.028569776609200043,10000,0.044540391678155482,0.40000000000000002,0.017816156671262195,0.60622141410968189,0.036592166921065213,116,1,False,-0.2683929427011813,0.30402525604370567,0.72782600134200071,False,False,I1
2017-05-31,DBC,6,2017-11-30,2017-11-30,12,0.12018661337581338,0.13676777369161974,-0.0684576987372396,10000,0.024632094318104467,0.40000000000000002,0.0098528377272417873,0.45359765507477784,0.04721312266635596,130,1,False,-0.28787653064444091,0.30758220609892445,0.72479219504654524,False,False,I1
2017-05-31,GLD,6,2017-11-30,2017-11-30,12,0.21100143915030145,0.081453093812792907,-0.078112741736934471,339.32217718953228,0.016707899428561261,0.40000000000000002,0.0066831597714245052,0.59424149811784521,-0.00056115148789920722,145,0,False,-0.27726278045500075,0.2906290999978498,0.67689695964398966,False,False,I1
2017-05-31,VDE,6,2017-11-30,2017-11-30,12,0.18829238069737975,0.069727395406710302,-0.12042495256710632,10000,-0.013054751190211664,0.40000000000000002,-0.0052219004760846663,0.56465356605367389,0.0014506493628117503,146,0,False,-0.3378691184344762,0.32742531748230685,0.64911239722586489,False,False,I1
2017-05-31,VMBS,6,2017-11-30,2017-11-30,12,0.21880767536343515,0.057777102703635994,-0.031309323844289791,10000,-0.0058289903590178077,0.40000000000000002,-0.0023315961436071232,0.28601813399221193,0.06522329378897411,84,1,False,-0.28656360464445924,0.281900412357245,,False,True,I1
2017-05-31,VOO,6,2017-11-30,2017-11-30,12,0.13790775834341784,0.0096255058869516158,0.03189149935429763,10000,0.019494086992026177,0.40000000000000002,0.0077976347968104712,0.55678684988625193,0.010713584043496266,75,1,False,-0.16686576898148597,0.18246103857510693,,False,True,I1
2017-05-31,VWO,6,2017-11-30,2017-11-30,12,0.096732879094743707,0.082248955268155038,-0.09021411890759605,10000,0.0065228008996192173,0.40000000000000002,0.0026091203598476872,0.56091380876484931,-0.0064434282427512386,141,1,False,-0.20491964050343606,0.21013788122313146,0.75659496391538927,False,False,I1
2017-05-31,VXUS,6,2017-11-30,2017-11-30,12,0.12504189691321099,0.061562225710325061,-0.066125236409011134,10000,-0.051041185062661837,0.40000000000000002,-0.020416474025064735,0.11813259576145235,0.061093071025448024,70,1,False,,,,True,True,I1
2017-06-30,BND,6,2017-12-29,2017-12-29,12,0.26541404067553809,0.054595386587431113,0.024424204991984638,10000,0.042381729009729842,0.5,0.021190864504864921,0.59518795977335559,0.038337920137987806,117,1,False,-0.26501823486757858,0.30739996387730839,0.736874395752802,False,False,I1
2017-06-30,DBC,6,2017-12-29,2017-12-29,12,0.12790619376377843,0.13644182712878708,-0.068005398016734248,10000,0.024648191380254109,0.5,0.012324095690127055,0.45319074069623316,0.04953955121160996,131,1,False,-0.30935473876815961,0.3340029301484137,0.72747040685227504,False,False,I1
2017-06-30,GLD,6,2017-12-29,2017-12-29,12,0.22968338360140472,0.071338052144175379,-0.078112741736934471,339.32217718953228,0.010734323369808464,0.5,0.0053671616849042319,0.59449041921732437,0.00072691229489306778,146,0,False,-0.27804728230073977,0.28878160567054828,0.68935326525700347,False,False,I1
2017-06-30,VDE,6,2017-12-29,2017-12-29,12,0.13889896455914652,0.069436349633493363,-0.1105793894474989,10000,-0.0093807624947552636,0.5,-0.0046903812473776318,0.56216543880761771,0.0042151155130582081,147,0,False,-0.40928817261060035,0.39990741011584507,0.64941246755877424,False,False,I1
2017-06-30,VMBS,6,2017-12-29,2017-12-29,12,0.26847079979612887,0.057461293760171867,-0.032438189761740434,10000,-0.0072186965821642076,0.5,-0.0036093482910821038,0.28052990063540434,0.067380712418409774,85,1,False,-0.28784135679193423,0.28062266020977,,False,True,I1
2017-06-30,VOO,6,2017-12-29,2017-12-29,12,0.16180870246282075,0.0095283622216617882,0.027385474290446066,10000,0.018566367505058586,0.5,0.0092831837525292928,0.49387083148814509,0.012846130768008487,76,1,False,-0.16526900925726548,0.18383537676232406,,False,True,I1
2017-06-30,VWO,6,2017-12-29,2017-12-29,12,0.13451302526164866,0.082114058604574672,-0.094015108356206134,10000,0.0047690156814146917,0.5,0.0023845078407073459,0.56086181375976973,-0.0055954990522406756,142,1,False,-0.19830771300731842,0.20307672868873311,0.7600767116826237,False,False,I1
2017-06-30,VXUS,6,2017-12-29,2017-12-29,12,0.16777223761729099,0.061391539808771517,-0.078288980711650663,10000,-0.049671335276168203,0.5,-0.024835667638084102,0.20487928688165488,0.061863609563154787,71,1,False,-0.22093399294994404,0.17126265767377585,,False,True,I1
2017-07-31,BND,6,2018-01-31,2018-01-31,12,0.16288825919893635,0.054607146175312163,0.028708980088531295,10000,0.043882986939757056,0.5,0.021941493469878528,0.58591047722761314,0.040023738227772679,118,1,False,-0.26426760590256498,0.30815059284232199,0.74469867503942144,False,False,I1
2017-07-31,DBC,6,2018-01-31,2018-01-31,12,0.007314371355031879,0.13639240307093548,-0.064778653203307612,10000,0.025689713631048369,0.5,0.012844856815524185,0.44970866341242693,0.051555827001694671,132,1,False,-0.29359344795252518,0.3192831615835735,0.73038262697011036,False,False,I1
2017-07-31,GLD,6,2018-01-31,2018-01-31,12,0.10001212848231944,0.072456209455397907,-0.030613092210816609,339.32217718953228,0.030567442983229692,0.5,0.015283721491614846,0.59358639483341824,0.0020923931077366023,147,0,False,-0.26502858703123827,0.29559603001446794,0.69425998820987833,False,False,I1
2017-07-31,VDE,6,2018-01-31,2018-01-31,12,-0.029724288276939292,0.069293646451062674,-0.11556208814861262,10000,-0.012782125737124228,0.5,-0.006391062868562114,0.55600094113428122,0.006714004076827141,148,0,False,-0.41098885423178483,0.3982067284946606,0.64866254802680667,False,False,I1
2017-07-31,VMBS,6,2018-01-31,2018-01-31,12,0.16458442422617037,0.057487016941967596,-0.035417536399265453,10000,-0.0093206019641511005,0.5,-0.0046603009820755503,0.28090048869038553,0.069436200180112595,86,1,False,-0.28889230948292766,0.27957170751877658,,False,True,I1
2017-07-31,VOO,6,2018-01-31,2018-01-31,12,-0.011722837686895859,0.00933804422831413,0.012744864498805849,10000,0.011255211909156331,0.5,0.0056276059545781656,0.43725599573073776,0.014971466032715701,77,1,False,-0.16803744824444772,0.17929266015360407,,False,True,I1
2017-07-31,VWO,6,2018-01-31,2018-01-31,12,-0.045564399655248833,0.082064215927275724,-0.087267242103034243,10000,0.007696821105407552,0.5,0.003848410552703776,0.56081760774447142,-0.0046741103512394893,143,1,False,-0.19199164472605079,0.19968846583145833,0.75953858473066382,False,False,I1
2017-07-31,VXUS,6,2018-01-31,2018-01-31,12,0.003151649708091453,0.061300515893675959,-0.078288980711650663,10000,-0.040312481260478213,0.5,-0.020156240630239106,0.27205843114791561,0.06282609965287006,72,1,False,-0.21625456594209905,0.17594208468162084,,False,True,I1
2017-08-31,BND,6,2018-02-28,2018-02-28,12,0.23745767878164148,0.054284750624451705,0.030514306455451598,10000,0.044355766922225606,0.5,0.022177883461112803,0.58229708996456853,0.041508017478103558,119,1,False,-0.26303107022316735,0.307386837145393,0.75147744694477414,False,False,I1
2017-08-31,DBC,6,2018-02-28,2018-02-28,12,0.076854121263358888,0.13643049538934912,-0.064778653203307612,10000,0.024878799623730477,0.5,0.012439399811865239,0.44559332144756264,0.053404267423921029,133,1,False,-0.28689673867457632,0.31177553829830684,0.7315937068021664,False,False,I1
2017-08-31,GLD,6,2018-02-28,2018-02-28,12,0.18911272228710962,0.068359643195030018,-0.011155783770282878,339.32217718953228,0.035717562896588326,0.5,0.017858781448294163,0.58948745489751087,0.0035244701429646298,148,0,False,-0.26006970387376793,0.29578726677035627,0.70229548091704785,False,False,I1
2017-08-31,VDE,6,2018-02-28,2018-02-28,12,0.096770135999149742,0.06953901183857511,-0.13870424202273055,10000,-0.024015596157542115,0.5,-0.012007798078771057,0.55074363149153172,0.0090324258272642278,149,0,False,-0.41019728590706922,0.3861816897495271,0.65067525857154629,False,False,I1
2017-08-31,VMBS,6,2018-02-28,2018-02-28,12,0.23506312288051057,0.057118633438262345,-0.035417536399265453,10000,-0.0080901810193989409,0.5,-0.0040450905096994704,0.29531539319000405,0.071213785273884042,87,1,False,-0.27833981841064726,0.2702496373912483,,False,True,I1
2017-08-31,VOO,6,2018-02-28,2018-02-28,12,0.081475896136507409,0.0094528846696158332,0.015353200405909227,10000,0.013049241715384892,0.5,0.0065246208576924458,0.39048057654821222,0.017303367499199841,78,1,False,-0.17777475022225414,0.19082399193763905,,False,True,I1
2017-08-31,VWO,6,2018-02-28,2018-02-28,12,0.098068656236901974,0.082268085972539623,-0.093406367292753562,10000,0.005373494037620905,0.5,0.0026867470188104525,0.56228927709371013,-0.0039292604709437497,144,1,False,-0.19222187696999626,0.19759537100761715,0.76300642170463784,False,False,I1
2017-08-31,VXUS,6,2018-02-28,2018-02-28,12,0.12185359994022704,0.061371082184557439,-0.065451089231063908,10000,-0.026659295334052865,0.5,-0.013329647667026432,0.3058754905708298,0.06354689853550384,73,1,False,-0.20942797297888638,0.18276867764483351,,False,True,I1
2017-09-29,BND,6,2018-03-30,2018-03-30,13,0.29610518425709298,0.066658496273344719,0.021933582690052196,3237.4575428176399,0.047760535717474399,0.5,0.0238802678587372,0.5774623349316016,0.042930468737922965,120,1,False,-0.23585756975693822,0.28361810547441263,0.75860632148810581,False,False,I1
2017-09-29,DBC,6,2018-03-30,2018-03-30,13,0.18157909901928759,0.13094471644824648,-0.023342799210791538,10000,0.046560750950202581,0.5,0.023280375475101291,0.45307327597052555,0.054672465635474524,134,1,False,-0.27496987367234677,0.32153062462254939,0.75426689018725956,False,False,I1
2017-09-29,GLD,6,2018-03-30,2018-03-30,13,0.24954909579336393,0.04249415733601572,0.08017657333626943,75.431200633546069,0.057891422370232537,0.5,0.028945711185116269,0.59139390016518201,0.0049219187527345543,149,0,False,-0.24041124789519255,0.29830267026542512,0.70751474080401544,False,False,I1
2017-09-29,VDE,6,2018-03-30,2018-03-30,13,0.28447903362983173,0.063106644590303448,-0.073923706421766378,10000,0.002126329589019843,0.5,0.0010631647945099215,0.55498679999796263,0.010640071348529,150,0,False,-0.39712508662562024,0.39925141621464005,0.64869590317674819,False,False,I1
2017-09-29,VMBS,6,2018-03-30,2018-03-30,13,0.29540019717779198,0.070554858423472408,-0.0080259835231519146,10000,0.016694324202850604,0.5,0.0083471621014253022,0.31458440904455665,0.07290414668425188,88,1,False,-0.26591680022490982,0.28261112442776037,,False,True,I1
2017-09-29,VOO,6,2018-03-30,2018-03-30,13,0.22529535641170217,0.010455346828963152,-0.076229130539633622,10000,-0.043453044356294712,0.5,-0.021726522178147356,0.37810790557079282,0.019096117871784106,79,1,False,-0.19734707240434707,0.15389402804805236,,False,True,I1
2017-09-29,VWO,6,2018-03-30,2018-03-30,13,0.19867155776997336,0.070358973347947731,-0.042147987953660815,10000,0.02159785912489031,0.5,0.010798929562445155,0.56659469192898493,-0.0030793386106016227,145,1,False,-0.16752636649016411,0.18912422561505443,0.75674424870125301,False,False,I1
2017-09-29,VXUS,6,2018-03-30,2018-03-30,13,0.23830934151146166,0.054601641886748299,-0.069235554633988866,10000,-0.013600337388319329,0.5,-0.0068001686941596643,0.44926095558335039,0.064262216318307253,74,1,False,-0.18139617218568543,0.16779583479736609,,False,True,I1
2017-10-31,BND,6,2018-04-30,2018-04-30,13,0.29152474529044847,0.067884130359447195,0.022883454362902261,3237.4575428176399,0.048626190803981104,0.5,0.024313095401990552,0.57205221635015713,0.04437379514018866,121,1,False,-0.23540308277847377,0.28402927358245489,0.76530172893633031,False,False,I1
2017-10-31,DBC,6,2018-04-30,2018-04-30,13,0.17531386638977131,0.13132754540355784,-0.010732344677610528,10000,0.053597992158981908,0.5,0.026798996079490954,0.45283955097977474,0.055413902730189993,135,1,False,-0.27114127164642349,0.32473926380540535,0.7629257199241164,False,False,I1
2017-10-31,GLD,6,2018-04-30,2018-04-30,13,0.23456658337895653,0.080353637201232189,0.083581525624929362,75.431200633546069,0.08167612755023429,0.5,0.040838063775117145,0.59029242172895791,0.0064227152844404146,150,0,False,-0.21643382960614685,0.29810995715638111,0.7146565718091632,False,False,I1
2017-10-31,VDE,6,2018-04-30,2018-04-30,13,0.15371733430467827,0.063328771958633567,-0.060143173331364597,10000,0.0081098014083895945,0.5,0.0040549007041947973,0.55278123770908971,0.012092505787402069,151,0,False,-0.3606305867463071,0.36874038815469667,0.64785329975377182,False,False,I1
2017-10-31,VMBS,6,2018-04-30,2018-04-30,13,0.28771240850934809,0.070936124500921058,-0.017019191370037882,10000,0.012146493225711675,0.5,0.0060732466128558373,0.33159661024399179,0.07457838225766017,89,1,False,-0.2681630266963278,0.28030951992203951,0.2036730206158068,False,False,I1
2017-10-31,VOO,6,2018-04-30,2018-04-30,13,0.22828364450659899,0.010592398948936701,-0.080925487210117109,10000,-0.047573061010272533,0.5,-0.023786530505136266,0.36443615122271955,0.020579547895992045,80,1,False,-0.19930396754909921,0.15173090653882668,,False,True,I1
2017-10-31,VWO,6,2018-04-30,2018-04-30,13,0.23777318495935829,0.07074947021802519,-0.043346983465306216,10000,0.021593934777801398,0.5,0.010796967388900699,0.56917560666125222,-0.0023580329806499279,146,1,False,-0.1572450495165362,0.17883898429433762,0.76014485123399911,False,False,I1
2017-10-31,VXUS,6,2018-04-30,2018-04-30,13,0.23234630328233896,0.054722011374208165,-0.088338037799493521,10000,-0.019488632974333186,0.5,-0.0097443164871665929,0.48126227568651442,0.064976716110537208,75,1,False,-0.18389235494076872,0.16440372196643555,,False,True,I1
2017-11-30,BND,6,2018-05-31,2018-05-31,13,0.24721775351044406,0.066809044130218986,0.00996392604843023,3237.4575428176399,0.042490142131473722,0.5,0.021245071065736861,0.57219014016726599,0.045751180096743602,122,1,False,-0.22453350936872712,0.26702365150020085,0.76966739542226936,False,False,I1
2017-11-30,DBC,6,2018-05-31,2018-05-31,13,0.13106659782038155,0.13114497854108503,-0.030702387170890067,10000,0.043844520427541445,0.5,0.021922260213770722,0.46060006766557943,0.055890172661407819,136,1,False,-0.27580902093933835,0.31965354136687973,0.75863492251813947,False,False,I1
2017-11-30,GLD,6,2018-05-31,2018-05-31,13,0.219897656397541,0.062804859902119037,0.054152014148681461,75.431200633546069,0.059293397476875467,0.5,0.029646698738437734,0.59418409557935847,0.0077775412703070439,151,0,False,-0.22361329568259686,0.28290669315947231,0.71994741840761067,False,False,I1
2017-11-30,VDE,6,2018-05-31,2018-05-31,13,0.10798294180132739,0.063370042596223308,-0.087465501926854469,10000,-0.0030273845410949628,0.5,-0.0015136922705474814,0.55980251639453926,0.013251715490757187,152,0,False,-0.36478401241916542,0.36175662787807045,0.66187805000057331,False,False,I1
2017-11-30,VMBS,6,2018-05-31,2018-05-31,13,0.24176445849825112,0.070562628173702374,-0.024491791976599651,10000,0.0099958449460166542,0.5,0.0049979224730083271,0.36281991798049729,0.07618092995883545,90,1,False,-0.25814458933136769,0.26814043427738438,0.48226400871819469,False,False,I1
2017-11-30,VOO,6,2018-05-31,2018-05-31,13,0.17171208868597154,0.010664645154388259,-0.079484819399834913,10000,-0.046364195183142019,0.5,-0.02318209759157101,0.36739679354136912,0.022028044321268907,81,1,False,-0.19861016987759539,0.15224597469445339,,False,True,I1
2017-11-30,VWO,6,2018-05-31,2018-05-31,13,0.22995222756721601,0.070682425775758992,-0.043346983465306216,10000,0.022446871213985416,0.5,0.011223435606992708,0.57699022661951505,-0.0016839451434023508,147,1,False,-0.1546979569243494,0.17714482813833482,0.76343135925309025,False,False,I1
2017-11-30,VXUS,6,2018-05-31,2018-05-31,13,0.21871616255147441,0.054760832658258859,-0.087243593648757986,10000,-0.0055741489837975089,0.5,-0.0027870744918987544,0.57511900712439246,0.065767047436888174,76,1,False,-0.17658669569378249,0.171012546709985,,False,True,I1
2017-12-29,BND,6,2018-06-29,2018-06-29,13,0.089890709538335889,0.066885330869503504,0.0034351490781980255,3237.4575428176399,0.039727119803306961,0.5,0.01986355990165348,0.57197583522261852,0.047537057012018359,123,1,False,-0.22589954422821842,0.26562666403152541,0.77415894015330833,False,False,I1
2017-12-29,DBC,6,2018-06-29,2018-06-29,13,0.007372771666467548,0.13133711243995158,-0.03649655353218173,10000,0.04219860327149498,0.5,0.02109930163574749,0.46888779046715845,0.056415837049016357,137,1,False,-0.26993948781678523,0.31213809108828017,0.76120211566229801,False,False,I1
2017-12-29,GLD,6,2018-06-29,2018-06-29,13,0.11222851288901015,0.070741139031136671,0.093339266678318142,75.431200633546069,0.07983698355124004,0.5,0.03991849177562002,0.59749565706883523,0.0092374481277484738,152,0,False,-0.21214525711070864,0.29198224066194867,0.72481209835206717,False,False,I1
2017-12-29,VDE,6,2018-06-29,2018-06-29,13,-0.0035755977246934023,0.063585457825497169,-0.099247597552058392,10000,-0.007012715606256794,0.5,-0.003506357803128397,0.56643831764956853,0.014072939340877378,153,0,False,-0.34232215565259644,0.33530944004633961,0.67344164174920906,False,False,I1
2017-12-29,VMBS,6,2018-06-29,2018-06-29,13,0.080939796520873464,0.070555442720740741,-0.039695051172400915,10000,0.0035215129143532451,0.5,0.0017607564571766226,0.39198521984528301,0.078294005451552962,91,1,False,-0.27242769036783643,0.27594920328218964,0.59821769105426792,False,False,I1
2017-12-29,VOO,6,2018-06-29,2018-06-29,13,0.045294046513665975,0.010836660963785478,-0.091316658934233075,10000,-0.053210417840137282,0.5,-0.026605208920068641,0.37302988421852479,0.023732686493726857,82,1,False,-0.20027381805989913,0.14706340021976183,,False,True,I1
2017-12-29,VWO,6,2018-06-29,2018-06-29,13,0.14491858253300738,0.071013469867611256,-0.052310169880963001,10000,0.019768844252961562,0.5,0.0098844221264807811,0.58447037632748644,-0.0007636953433682209,148,1,False,-0.1552284549442218,0.17499729919718335,0.7689006277818754,False,False,I1
2017-12-29,VXUS,6,2018-06-29,2018-06-29,13,0.10669401247108634,0.054811713132110626,-0.081861435971033666,10000,0.0052266448053266473,0.5,0.0026133224026633236,0.63719963539170965,0.067091790166503795,77,1,False,-0.19034362485836023,0.19557026966368687,,False,True,I1
2018-01-31,BND,6,2018-07-31,2018-07-31,13,0.12305268790425294,0.068706932990884068,0.0034351490781980255,3237.4575428176399,0.040812810477109683,0.5,0.020406405238554842,0.57264654278350491,0.048467308642558021,124,1,False,-0.22387342273777872,0.26468623321488838,0.77924201767726264,False,False,I1
2018-01-31,DBC,6,2018-07-31,2018-07-31,13,0.11431849289676843,0.13176766550537172,-0.033460715037517554,10000,0.043660278522926414,0.5,0.021830139261463207,0.46675391544145306,0.056060029326596178,138,1,False,-0.26620254503690977,0.30986282355983619,0.76621886618654678,False,False,I1
2018-01-31,GLD,6,2018-07-31,2018-07-31,13,0.20989122655804737,0.10688093934913287,0.082928267395353597,75.431200633546069,0.097305432422286897,0.5,0.048652716211143449,0.60023220184689474,0.0098307466921574351,153,0,False,-0.19782121613661313,0.29512664855890003,0.73078181942930309,False,False,I1
2018-01-31,VDE,6,2018-07-31,2018-07-31,13,0.1063670868113562,0.063978013506880885,-0.054746389588505626,10000,0.012379794524987095,0.5,0.0061898972624935475,0.56539500189831793,0.013788541758943505,154,0,False,-0.32591553380302229,0.33829532832800935,0.64706398196595083,False,False,I1
2018-01-31,VMBS,6,2018-07-31,2018-07-31,13,0.11689592140817806,0.071182779585098013,-0.017321507854319931,10000,0.019315533445046596,0.5,0.0096577667225232981,0.41395781333695214,0.079231944786059674,92,1,False,-0.26450988597893726,0.28382541942398382,0.70689590905682731,False,False,I1
2018-01-31,VOO,6,2018-07-31,2018-07-31,13,0.12345962317666437,0.011054974879192544,-0.074484139241597219,10000,-0.042363018432334296,0.5,-0.021181509216167148,0.37551383527195176,0.023305511503598872,83,1,False,-0.19484321758855344,0.15248019915621913,,False,True,I1
2018-01-31,VWO,6,2018-07-31,2018-07-31,13,0.24916309693458483,0.071181843074808959,-0.059852407644758805,10000,0.016101883315657064,0.5,0.0080509416578285319,0.57965219431802628,-0.001064371211233193,149,1,False,-0.14737407646900608,0.16347595978466312,0.7585692860612353,False,False,I1
2018-01-31,VXUS,6,2018-07-31,2018-07-31,13,0.19663751998622603,0.055155636766803656,-0.05105009604519984,10000,0.016822838549724842,0.5,0.0084114192748624209,0.63907034769081317,0.066272044776011341,78,1,False,-0.16652734065277219,0.18335017920249702,,False,True,I1
2018-02-28,BND,6,2018-08-31,2018-08-31,13,0.15956932974148086,0.068079958526693685,0.00996392604843023,3237.4575428176399,0.043222526506255625,0.5,0.021611263253127812,0.57227926683165731,0.049979231603670689,125,1,False,-0.22002989682706459,0.26325242333332022,0.78452071269345858,False,False,I1
2018-02-28,DBC,6,2018-08-31,2018-08-31,13,0.13931892045000205,0.13124032541992917,-0.056390888530437222,10000,0.03188153217027731,0.5,0.015940766085138655,0.47045701427943121,0.056209627110313895,139,1,False,-0.27208739579985647,0.30396892797013381,0.76032549589043796,False,False,I1
2018-02-28,GLD,6,2018-08-31,2018-08-31,13,0.27028799377059476,0.081433181912998767,0.058552187919074655,75.431200633546069,0.072319349811709802,0.5,0.036159674905854901,0.6016854816836591,0.010994915364851931,154,1,False,-0.19625032693568911,0.2685696767473989,0.73533524458935207,False,False,I1
2018-02-28,VDE,6,2018-08-31,2018-08-31,13,0.061950775727321883,0.063538445064983448,-0.050837978475524792,10000,0.014712223992232163,0.5,0.0073561119961160814,0.5731093912421672,0.01432390688307387,155,0,False,-0.31318686325545514,0.32789908724768729,0.65424574480051489,False,False,I1
2018-02-28,VMBS,6,2018-08-31,2018-08-31,13,0.15611587047575859,0.071032638714659008,-0.0077960439412106571,10000,0.026521138532437979,0.5,0.013260569266218989,0.43533877920378189,0.080907548851591404,93,1,False,-0.25895541497899993,0.28547655351143791,0.75371314131826583,False,False,I1
2018-02-28,VOO,6,2018-08-31,2018-08-31,13,0.10415112569295437,0.010862095026082636,-0.081255877033941437,10000,-0.046389155334429985,0.5,-0.023194577667214993,0.3785007520225509,0.023998016082562072,84,1,False,-0.19531219321334312,0.14892303787891312,,False,True,I1
2018-02-28,VWO,6,2018-08-31,2018-08-31,13,0.29880633437380189,0.070676064131469776,-0.068677894617590621,10000,0.013151911239643758,0.5,0.0065759556198218792,0.58720833331034539,-0.00040348436157895998,150,1,False,-0.13875157592021653,0.1519034871598603,0.76417008206984405,False,False,I1
2018-02-28,VXUS,6,2018-08-31,2018-08-31,13,0.22594440598958165,0.055093011143696531,-0.064107557915821095,10000,0.016773434864460906,0.5,0.0083867174322304529,0.67852857933838884,0.066975608765431793,79,1,False,-0.16622483610044603,0.18299827096490695,,False,True,I1
2018-03-30,BND,6,2018-09-28,2018-09-28,14,0.16733934294045572,0.24206377681131408,0.039002382591229588,7.9060432109076855,0.15533373349715435,0.5,0.077666866748577174,0.57288758088522285,0.051932612180285151,126,1,False,-0.19502942265306708,0.3503631561502214,0.81884148443318461,False,False,I1
2018-03-30,DBC,6,2018-09-28,2018-09-28,14,0.10762422730364873,0.16445843463346058,0.099036257296297087,35.564803062231285,0.1302520719671694,0.5,0.065126035983584699,0.47714423367471687,0.057105123338235142,140,1,False,-0.22194696253535451,0.35219903450252388,0.83461655753100938,False,False,I1
2018-03-30,GLD,6,2018-09-28,2018-09-28,14,0.26951345487655398,0.1714958969870824,0.02662804125481678,16.768329368110066,0.11345488819144868,0.5,0.05672744409572434,0.59935205431009531,0.012533974593422979,155,1,False,-0.16910301633147265,0.28255790452292134,0.74423002902546342,False,False,I1
2018-03-30,VDE,6,2018-09-28,2018-09-28,14,0.013578552259959853,0.43434217549861476,0.1659942318480819,2.559547922699533,0.32078406197508086,0.5,0.16039203098754043,0.57682510259359521,0.016055670516065906,156,0,False,-0.15558672144538141,0.47637078342046224,0.4824055411439685,False,False,I1
2018-03-30,VMBS,6,2018-09-28,2018-09-28,14,0.1641858185233831,0.23800549871317894,0.056870580263854296,7.9060432109076855,0.13880872948095452,0.5,0.069404364740477259,0.4523597654089192,0.08318938553591268,94,1,False,-0.21494048482339542,0.35374921430434991,0.84325806643465995,False,False,I1
2018-03-30,VOO,6,2018-09-28,2018-09-28,14,0.05278476061557269,0.09763295191152864,0.015940751543282328,24.420530945486497,0.049680202240520201,0.5,0.0248401011202601,0.41300700122104156,0.026366220086434307,85,1,False,-0.15081843817307947,0.20049864041359969,,False,True,I1
2018-03-30,VWO,6,2018-09-28,2018-09-28,14,0.27764543820154797,0.061980617271119989,0.0024625840985252286,109.85411419875572,0.03763380566220724,0.5,0.01881690283110362,0.5909338680881796,0.0009148934008816514,151,1,False,-0.14710079593523667,0.18473460159744393,0.7523337336463265,False,False,I1
2018-03-30,VXUS,6,2018-09-28,2018-09-28,14,0.19593575139417518,0.078593226586413351,0.021844227323795359,109.85411419875572,0.060990123890819536,0.5,0.030495061945409768,0.68980769838545108,0.069117280424757149,80,1,False,-0.16264983101096298,0.22363995490178251,,False,True,I1
2018-04-30,BND,6,2018-10-31,2018-10-31,14,0.11355598234571596,0.24292974327106936,0.046608608287085414,7.9060432109076855,0.15920488780289402,0.5,0.079602443901447009,0.57353111535848811,0.053819164409499042,127,1,False,-0.18787777383575543,0.34708266163864943,0.82652369192227038,False,False,I1
2018-04-30,DBC,6,2018-10-31,2018-10-31,14,0.11806774626185745,0.16669317749684182,0.10920811456240112,35.564803062231285,0.13698370353658301,0.5,0.068491851768291506,0.48317923920269135,0.057943483218033269,141,1,False,-0.20464337655177481,0.34162708008835785,0.84144994582606136,False,False,I1
2018-04-30,GLD,6,2018-10-31,2018-10-31,14,0.1864853344901799,0.14303732998777396,0.044177473328911115,16.768329368110066,0.10332792883142186,0.5,0.051663964415710931,0.59832633286756709,0.013957260547176401,156,1,False,-0.1732415976322616,0.27656952646368349,0.75067916058181716,False,False,I1
2018-04-30,VDE,6,2018-10-31,2018-10-31,14,0.20047745046031795,0.46165595320673702,0.18734278620713188,2.559547922699533,0.346637734684757,0.5,0.1733188673423785,0.58070471140692437,0.016932496400069809,157,0,False,-0.14265547161202952,0.48929320629678652,0.4496596412227637,False,False,I1
2018-04-30,VMBS,6,2018-10-31,2018-10-31,14,0.11298327553762388,0.24049950529761446,0.058724911387138236,7.9060432109076855,0.14383188206109898,0.5,0.071915941030549491,0.46820058206745779,0.08534225946194883,95,1,False,-0.21242456849243779,0.35625645055353677,0.84004546048536688,False,False,I1
2018-04-30,VOO,6,2018-10-31,2018-10-31,14,0.11264172582748966,0.12597702730212612,0.02446325916183141,24.420530945486497,0.069290381751374003,0.5,0.034645190875687001,0.44158662820584416,0.028714097114575756,86,1,False,-0.16324357858824218,0.23253396033961615,0.74732551725815444,False,False,I1
2018-04-30,VWO,6,2018-10-31,2018-10-31,14,0.28897255944465194,0.068030455910177756,0.034176075186726156,109.85411419875572,0.054294144679477706,0.5,0.027147072339738853,0.59425306453221771,0.0024731716348189948,152,1,False,-0.16776139836856493,0.22205554304804262,0.74444494077156342,False,False,I1
2018-04-30,VXUS,6,2018-10-31,2018-10-31,14,0.25094237401319786,0.090986876077057466,0.056597536481172807,109.85411419875572,0.080753585047202925,0.5,0.040376792523601462,0.70242839350485398,0.071132453546455698,81,1,False,-0.20192946227705522,0.28268304732425814,,False,True,I1
2018-05-31,BND,6,2018-11-30,2018-11-30,14,0.061629717620884428,0.24808185971593799,0.049177707996928222,7.9060432109076855,0.16361650079478807,0.75,0.12271237559609105,0.57534642594854712,0.055330090886850161,128,1,False,-0.13654296633154162,0.38196771752372372,0.83355176665415176,False,False,I1
2018-05-31,DBC,6,2018-11-30,2018-11-30,14,0.21468999516709164,0.22457504286184504,0.12206013780045234,35.564803062231285,0.1722795572486864,0.75,0.12920966793651481,0.4898743204040365,0.058458434729317423,142,1,False,-0.1359067107798487,0.39432604665287829,0.86391218451289364,False,False,I1
2018-05-31,GLD,6,2018-11-30,2018-11-30,14,0.12544310061378061,0.17412039701840765,0.069924027518396867,16.768329368110066,0.13219427551237445,0.75,0.099145706634280836,0.59762396994044142,0.015268982813739229,157,1,False,-0.12532919644002771,0.32362060970858941,0.76047469924215993,False,False,I1
2018-05-31,VDE,6,2018-11-30,2018-11-30,14,0.17871243598696407,0.53758470688824977,0.16172851905839888,2.559547922699533,0.38188361554408118,0.75,0.28641271165806087,0.58574290809692853,0.017508765041849918,158,1,False,-0.010230482657161144,0.58305590597328294,0.4005846055741008,False,False,I1
2018-05-31,VMBS,6,2018-11-30,2018-11-30,14,0.056757566974074747,0.24459744953116025,0.063686598921247686,7.9060432109076855,0.15100335285449196,0.75,0.11325251464086897,0.48265072901304434,0.086971657368576996,96,1,False,-0.16857870996705734,0.39508373924879525,0.83588139317687238,False,False,I1
2018-05-31,VOO,6,2018-11-30,2018-11-30,14,0.040248190456021682,0.15410601690509521,0.034652314157110599,24.420530945486497,0.090033197430402362,0.75,0.067524898072801764,0.46361797080606731,0.030357752190109038,87,1,False,-0.12525673006679397,0.26030652621239747,0.69775525868705446,False,False,I1
2018-05-31,VWO,6,2018-11-30,2018-11-30,14,0.16883374189971279,0.10724163244033967,0.037109903830093598,109.85411419875572,0.079013284460454566,0.75,0.059259963345340921,0.59749533429066204,0.0039599628500634173,153,1,False,-0.1492866164361242,0.26780654312680607,0.72998535223609562,False,False,I1
2018-05-31,VXUS,6,2018-11-30,2018-11-30,14,0.16016058040758863,0.11440936437157387,0.043530244743249069,109.85411419875572,0.094045950460392574,0.75,0.070534462845294438,0.71270221726846006,0.072932254875785196,82,1,False,-0.15371375856156302,0.29478268425215193,,False,True,I1
2018-06-29,BND,6,2018-12-31,2018-12-31,14,-0.0061577745180163568,0.25314514491034212,0.072361885114747351,7.9060432109076855,0.17706568957783314,0.75,0.13279926718337487,0.57916758764871623,0.055598002659342304,129,1,False,-0.12644572170852481,0.39204425607527454,0.84267680808364154,False,False,I1
2018-06-29,DBC,6,2018-12-31,2018-12-31,14,0.18069339171161791,0.25729837718296317,0.13965635172535265,35.564803062231285,0.19691310407773885,0.75,0.14768482805830413,0.48670321791609455,0.05810119233027651,143,1,False,-0.10861654812819393,0.40398620424480219,0.87849338790694997,False,False,I1
2018-06-29,GLD,6,2018-12-31,2018-12-31,14,-0.011858756174617291,0.16311934426957955,0.12241264401862097,16.768329368110066,0.14670511494210714,0.75,0.11002883620658035,0.59676836426735691,0.015882650725608027,158,1,False,-0.11412213210657904,0.33417980451973972,0.76997904102286963,False,False,I1
2018-06-29,VDE,6,2018-12-31,2018-12-31,14,0.26825864717666115,0.56383310047709745,0.17306717720213941,2.559547922699533,0.40217039853126829,0.75,0.3016277988984512,0.58629273353480971,0.017376158986714425,159,0,False,0.010865876917561912,0.5923897208793405,0.44807326411913334,False,False,I1
2018-06-29,VMBS,6,2018-12-31,2018-12-31,14,-0.0079102686423926372,0.24825155138399069,0.076259694775259831,7.9060432109076855,0.16179775534807705,0.75,0.12134831651105779,0.49733785226477417,0.086909473236126439,97,1,False,-0.16047604871431728,0.40317268173643284,0.82906858534650818,False,False,I1
2018-06-29,VOO,6,2018-12-31,2018-12-31,14,0.086600255911649771,0.18754533910292234,0.056393022662216075,24.420530945486497,0.11986175603866468,0.75,0.089896317028998515,0.48393147066634334,0.03052748280742219,88,1,False,-0.10286930688227945,0.28266194094027647,0.60481300043114061,False,False,I1
2018-06-29,VWO,6,2018-12-31,2018-12-31,14,0.087422222140168926,0.12421661353284381,0.12569684664315289,109.85411419875572,0.12480614382823184,0.75,0.093604607871173875,0.60173144940330858,0.0048752785622903257,154,1,False,-0.11391484445975171,0.30112406020209947,0.69753593466304087,False,False,I1
2018-06-29,VXUS,6,2018-12-31,2018-12-31,14,0.12408896131823799,0.13263270435727589,0.11486850245039955,109.85411419875572,0.12785479754038565,0.75,0.095891098155289234,0.73103735017553617,0.073339023039584006,83,1,False,-0.12818556172885048,0.31996775803942895,,False,True,I1
2018-07-31,BND,6,2019-01-31,2019-01-31,14,0.070443078878112075,0.29165994673368822,0.080727356309626533,7.9060432109076855,0.20363355345486298,0.75,0.15272516509114722,0.58267997798796378,0.056116884853533923,130,1,False,-0.093408058797699173,0.39885838897999359,0.85545655412201016,False,False,I1
2018-07-31,DBC,6,2019-01-31,2019-01-31,14,0.17771920196286828,0.30439616569049205,0.1611368847549757,35.564803062231285,0.23162456553761759,0.75,0.1737184241532132,0.49202872108767387,0.058491590250877148,144,1,False,-0.077830617281531511,0.42526746558795792,0.8960755109858094,False,False,I1
2018-07-31,GLD,6,2019-01-31,2019-01-31,14,0.030004115077329363,0.19038871699503285,0.054477090427137664,16.768329368110066,0.13559086164118125,0.75,0.10169314623088593,0.5968125999398799,0.017102830447824631,159,1,False,-0.11995819105914765,0.32334448352091949,0.77586945162855836,False,False,I1
2018-07-31,VDE,6,2019-01-31,2019-01-31,14,0.27198321267042613,0.63839629349251836,0.13132404862078956,2.559547922699533,0.43054920689350112,0.75,0.32291190517012586,0.59010360219657632,0.01793235228561843,160,1,False,0.034168309440868572,0.61165550089938314,0.41438102266362675,False,False,I1
2018-07-31,VMBS,6,2019-01-31,2019-01-31,14,0.069903927946587618,0.28701680663003054,0.099578014405198617,7.9060432109076855,0.19492607704475312,0.75,0.14619455778356483,0.50868905794690011,0.087215457401147375,98,1,False,-0.13562342112012465,0.42801253668725431,0.82338940711040842,False,False,I1
2018-07-31,VOO,6,2019-01-31,2019-01-31,14,0.1365405024512546,0.22965933686102677,0.12000222550176959,24.420530945486497,0.1748301409800001,0.75,0.13112260573500006,0.49999416178859563,0.031571664159885583,89,1,False,-0.053980141237896961,0.31622535270789709,0.40597683820475666,False,False,I1
2018-07-31,VWO,6,2019-01-31,2019-01-31,14,0.13621053171259423,0.14043254996430948,0.1400436690323465,109.85411419875572,0.14027901820132649,0.75,0.10520926365099487,0.60519596008991827,0.0064513290034019042,155,1,False,-0.11899946728734065,0.32941799458933041,0.68621863170125696,False,False,I1
2018-07-31,VXUS,6,2019-01-31,2019-01-31,14,0.16843964329945516,0.15550960489910148,0.1545675122568971,109.85411419875572,0.15525824284423759,0.75,0.11644368213317818,0.73318754058437197,0.074806862288948797,84,1,False,-0.10748159993679879,0.34036896420315516,,False,True,I1
2018-08-31,BND,6,2019-02-28,2019-02-28,14,0.087778964105356794,0.26967287864598155,0.034347355155185028,7.9060432109076855,0.1720674332372028,0.75,0.12905057492790212,0.58523221807431336,0.05690659817328924,131,1,False,-0.11524766488527105,0.37334881474107529,0.85174307573596897,False,False,I1
2018-08-31,DBC,6,2019-02-28,2019-02-28,14,0.17346358517349114,0.28303774891119382,0.014620548124203464,35.564803062231285,0.14871483449834125,0.75,0.11153612587375594,0.49957411813020086,0.059049020114319388,145,1,False,-0.13382740763927986,0.35689965938679175,0.85719584042850461,False,False,I1
2018-08-31,GLD,6,2019-02-28,2019-02-28,14,0.0054500197449185439,0.16957250793193779,0.00027123132930044849,16.768329368110066,0.10123135176789709,0.75,0.075923513825922814,0.59633407653243831,0.01868523771859195,160,1,False,-0.1498944997323845,0.3017415273842301,0.77524229941961531,False,False,I1
2018-08-31,VDE,6,2019-02-28,2019-02-28,14,0.23727432163249718,0.62149668512071243,0.034367916857863542,2.559547922699533,0.38305279033250811,0.75,0.2872895927493811,0.59388143167691532,0.018205758642399199,161,1,False,0.0031829777435130047,0.57139620775524924,0.42960427831482051,False,False,I1
2018-08-31,VMBS,6,2019-02-28,2019-02-28,14,0.087678875222807706,0.26641781969542155,0.053793296196248161,7.9060432109076855,0.16396745781691133,0.75,0.12297559336268349,0.51816300306061114,0.0879114211695778,99,1,False,-0.15152748661194149,0.39747867333730846,0.82149748956005686,False,False,I1
2018-08-31,VOO,6,2019-02-28,2019-02-28,14,0.13947370073039078,0.21778038473450431,0.03605293155019311,24.420530945486497,0.12974602005023472,0.75,0.097309515037676042,0.51556925967050471,0.032378102621364126,90,1,False,-0.087728961863784954,0.28234799193913707,0.54554664062122182,False,False,I1
2018-08-31,VWO,6,2019-02-28,2019-02-28,14,0.097650211017021649,0.13798487626928743,0.10703662607177025,109.85411419875572,0.12586421379813953,0.75,0.094398160348604654,0.60835709955193862,0.0083253995506480556,156,1,False,-0.13730978727477483,0.32610610797198414,0.69919799172721531,False,False,I1
2018-08-31,VXUS,6,2019-02-28,2019-02-28,14,0.14107144324955778,0.1554751742579886,0.074415378094585219,109.85411419875572,0.13392135322182738,0.75,0.10044101491637053,0.7340997380167078,0.076584951038368002,85,1,False,-0.11777426505531766,0.31865629488805869,,False,True,I1
2018-09-28,BND,6,2019-03-29,2019-03-29,15,0.0069007273279921844,0.1684751876947844,0.17125033176298327,51.794746792312019,0.16961959379000113,0.75,0.12721469534250085,0.58762281629598723,0.057743209876070803,132,1,False,-0.11448952501691706,0.36891891570191876,0.86233141583816597,False,False,I1
2018-09-28,DBC,6,2019-03-29,2019-03-29,15,0.15742857149205491,0.12829776135295426,0.050464095527735835,494.17133613238281,0.089198532704768796,0.75,0.066898899528576597,0.49765659584907868,0.059381727012876438,146,1,False,-0.17143512830463659,0.30523292736178981,0.82357057500104991,False,False,I1
2018-09-28,GLD,6,2019-03-29,2019-03-29,15,-0.028480833028893038,0.1010803168690627,0.0058724882515588037,719.68567300115137,0.062957503158987141,0.75,0.047218127369240359,0.59958320378008589,0.020243176955597929,161,1,False,-0.17768694526982165,0.27212320000830237,0.77237918514694037,False,False,I1
2018-09-28,VDE,6,2019-03-29,2019-03-29,15,0.19023625505064479,0.17963452575877578,0.039321499117248249,75.431200633546069,0.12098720376052945,0.75,0.090740402820397081,0.58202510912918426,0.018177195640038456,162,1,False,-0.1926788559164051,0.37415966155719926,0.65389810262421488,False,False,I1
2018-09-28,VMBS,6,2019-03-29,2019-03-29,15,0.011458843873307645,0.175787144827032,0.16319824351296031,51.794746792312019,0.16976727643513417,0.75,0.12732545732635064,0.52181145584413224,0.088674165143115852,100,1,False,-0.14715204529371567,0.40180295994641696,0.84564321803662312,False,False,I1
2018-09-28,VOO,6,2019-03-29,2019-03-29,15,0.0709689661010936,0.14298377018466493,0.067201659770672745,75.431200633546069,0.10615539793092557,0.75,0.079616548448194185,0.51402287357070642,0.03260235161031147,91,1,False,-0.09643707714340008,0.25567017403978842,0.64686598193114342,False,False,I1
2018-09-28,VWO,6,2019-03-29,2019-03-29,15,0.0078393146512552025,0.083238879725824375,0.11859737081006098,10000,0.097078592533626426,0.75,0.072808944400219816,0.60858870434174062,0.010040813809570982,157,1,False,-0.17342757886983132,0.31904546767027098,0.72533503236445818,False,False,I1
2018-09-28,VXUS,6,2019-03-29,2019-03-29,15,0.07910748093020803,0.12439877043046943,0.12027945730000818,159.98587196060572,0.12329263103958488,0.75,0.092469473279688658,0.73147479789654002,0.077972751042505298,86,1,False,-0.12571119661756075,0.31065014317693807,,False,True,I1
2018-10-31,BND,6,2019-04-30,2019-04-30,15,0.11144099352613779,0.1668627293316462,0.19488000787219936,51.794746792312019,0.1785622596210879,0.75,0.13392169471581594,0.58241731892312731,0.058162854781857606,133,1,False,-0.10777725900958798,0.3756206484412199,0.87510061634274972,False,False,I1
2018-10-31,DBC,6,2019-04-30,2019-04-30,15,0.23314237630964629,0.12651798909210998,0.061220896855787965,494.17133613238281,0.093613752588035143,0.75,0.07021031444102635,0.49608419950786725,0.05978095163361781,147,1,False,-0.16048213802189229,0.30090276690394502,0.82910863840669602,False,False,I1
2018-10-31,GLD,6,2019-04-30,2019-04-30,15,0.12358815502192022,0.091518981493102863,0.11004620514629145,719.68567300115137,0.098894704690428117,0.75,0.074171028517821092,0.60189808600621764,0.021269363113218809,162,1,False,-0.14997947597207312,0.2983215330077153,0.78680242445818782,False,False,I1
2018-10-31,VDE,6,2019-04-30,2019-04-30,15,0.17086802671497792,0.18344478351755766,0.053131157558090121,75.431200633546069,0.12768678166026151,0.75,0.09576508624519614,0.57212454609590113,0.019295602111328518,163,1,False,-0.1799960920039001,0.37152626449429238,0.68277485580017439,False,False,I1
2018-10-31,VMBS,6,2019-04-30,2019-04-30,15,0.11882882456885246,0.17647950223060235,0.18570869843964885,51.794746792312019,0.18097706126801263,0.75,0.13573279595100948,0.51268139331551332,0.088914849404447632,101,1,False,-0.13655110637321341,0.40801669827523235,0.86753059806285093,False,False,I1
2018-10-31,VOO,6,2019-04-30,2019-04-30,15,0.045208399644704578,0.15382973056702862,0.064266806969751955,75.431200633546069,0.11138148711035284,0.75,0.083536115332764629,0.52605116322970835,0.033472344808324277,92,1,False,-0.092445331031263858,0.25951756169679313,0.66149475187285967,False,False,I1
2018-10-31,VWO,6,2019-04-30,2019-04-30,15,-0.0089685739999016967,0.082753647604748445,0.07589126379597648,10000,0.080062587119280673,0.75,0.060046940339460508,0.60785339898536905,0.011806204604729722,158,1,False,-0.22674975266481878,0.3468436333437398,0.7418626768567973,False,False,I1
2018-10-31,VXUS,6,2019-04-30,2019-04-30,15,0.054325468695009871,0.13233946756115467,0.10215414017542473,159.98587196060572,0.12398380918280501,0.75,0.092987856887103759,0.72318808169363114,0.079960907628375322,87,1,False,-0.11897614601604359,0.30495185979025108,,False,True,I1
2018-11-30,BND,6,2019-05-31,2019-05-31,15,0.1754069707101642,0.12809993103346584,0.18729681475814872,51.794746792312019,0.15354901048018385,0.75,0.11516175786013788,0.57009427109240374,0.058188726892596611,134,1,False,-0.12216504159591873,0.3524885573161945,0.87365299917084382,False,False,I1
2018-11-30,DBC,6,2019-05-31,2019-05-31,15,0.24118292695474253,0.10922653467490639,0.089626111046824442,494.17133613238281,0.099413970100032237,0.75,0.074560477575024181,0.49936977072192079,0.060827634360195337,148,1,False,-0.14884666489468479,0.29796762004473315,0.83547943032952743,False,False,I1
2018-11-30,GLD,6,2019-05-31,2019-05-31,15,0.17595054294298751,0.073391060541032505,0.13278075584290114,719.68567300115137,0.097040854055039621,0.75,0.072780640541279723,0.60178624601795172,0.021908465797271338,163,1,False,-0.14886250585422955,0.294423786936789,0.79220346418679433,False,False,I1
2018-11-30,VDE,6,2019-05-31,2019-05-31,15,0.35242735296964456,0.098395004195495031,0.058606848955416728,75.431200633546069,0.08083818249389553,0.75,0.060628636870421651,0.55874250525908664,0.020267655976423854,164,1,False,-0.20562902143483142,0.32688629517567469,0.68128026981064838,False,False,I1
2018-11-30,VMBS,6,2019-05-31,2019-05-31,15,0.19414783420238724,0.14750876250014874,0.17329267129082365,51.794746792312019,0.16062059121158193,0.75,0.12046544340868645,0.49147242111811823,0.088599581929640042,102,1,False,-0.15181228454471793,0.3927431713620908,0.87882944156682985,False,False,I1
2018-11-30,VOO,6,2019-05-31,2019-05-31,15,0.23479142256051722,0.11501819591108048,0.063089271095093158,75.431200633546069,0.089476956071011374,0.75,0.067107717053258534,0.5081500352534597,0.033545203363675863,93,1,False,-0.10658261672482212,0.24079805083133921,0.75494973257449749,False,False,I1
2018-11-30,VWO,6,2019-05-31,2019-05-31,15,0.21042184023507104,0.081084656786967663,0.1324490032266491,10000,0.10112736116907052,0.75,0.075845520876802894,0.60979345068393798,0.012793799178912003,159,1,False,-0.18823189634980608,0.3399229381034119,0.72977906037039642,False,False,I1
2018-11-30,VXUS,6,2019-05-31,2019-05-31,15,0.22465414110855431,0.09759953967249313,0.12242871984423523,159.98587196060572,0.10434826168180344,0.75,0.078261196261352584,0.72819392494517521,0.080872267546320931,88,1,False,-0.1336362151459114,0.29015860766861656,,False,True,I1
2018-12-31,BND,6,2019-06-28,2019-06-28,15,0.32902598290896945,0.14667374396088187,0.19188010433550701,51.794746792312019,0.16669661072003808,0.75,0.12502245804002857,0.5570785483895031,0.057712086141406889,135,1,False,-0.10549270943474823,0.35553762551480539,0.81846586926671916,False,False,I1
2018-12-31,DBC,6,2019-06-28,2019-06-28,15,0.3045280222337341,0.12540235469421512,0.12921577154214797,494.17133613238281,0.127316790300053,0.75,0.095487592725039747,0.49797368549529747,0.061632102530339107,149,1,False,-0.12395170965130735,0.31492689510138683,0.8560724559865841,False,False,I1
2018-12-31,GLD,6,2019-06-28,2019-06-28,15,0.29282848464277755,0.082854755748659692,0.19437173332935637,719.68567300115137,0.12749300131923341,0.75,0.095619750989425059,0.59971793946556451,0.021702568102320803,164,1,False,-0.11956477221572608,0.31080427419457618,0.77341254698484818,False,False,I1
2018-12-31,VDE,6,2019-06-28,2019-06-28,15,0.26713656008256104,0.1491981868075519,0.059086626526176918,75.431200633546069,0.10871342775079186,0.75,0.081535070813093899,0.55072624499736056,0.021770631680667722,165,1,False,-0.17999397002624773,0.34306411165243555,0.7040138132974646,False,False,I1
2018-12-31,VMBS,6,2019-06-28,2019-06-28,15,0.35198882255299524,0.16460483610381776,0.19996564536840886,51.794746792312019,0.1832514924081908,0.75,0.13743861930614309,0.4726745034355011,0.087662593089134877,103,1,False,-0.1260694506661762,0.40094668927846239,0.76507632676763104,False,False,I1
2018-12-31,VOO,6,2019-06-28,2019-06-28,15,0.19869752766704729,0.1389973186525893,0.085787656646841515,75.431200633546069,0.11222418361232711,0.75,0.084168137709245333,0.49683696473452277,0.034109618816313886,94,1,False,-0.089517230437235279,0.25785350585572597,0.7581144872857285,False,False,I1
2018-12-31,VWO,6,2019-06-28,2019-06-28,15,0.26906380010332853,0.081660302884043898,0.13246065384617478,10000,0.10149667800504443,0.75,0.076122508503783326,0.60952287247409853,0.013260226822419879,160,1,False,-0.18548904736975391,0.33773406437732056,0.73623214117249025,False,False,I1
2018-12-31,VXUS,6,2019-06-28,2019-06-28,15,0.25673917584643879,0.11673782104615818,0.19717245620729332,159.98587196060572,0.13864472772249947,0.75,0.1039835457918746,0.72764336367716398,0.08135784837521888,89,1,False,-0.10785332789185903,0.31582041947560824,,False,True,I1
2019-01-31,BND,6,2019-07-31,2019-07-31,15,0.24426609976040581,0.083352372098860678,0.17032527440922621,51.794746792312019,0.12310255887224467,0.75,0.092326919154183507,0.54295894793145816,0.057805696382117959,136,1,False,-0.13418795901517877,0.31884179732354578,0.82219095804205922,False,False,I1
2019-01-31,DBC,6,2019-07-31,2019-07-31,15,0.30559543076867934,0.10055116643306636,0.10571878297811914,494.17133613238281,0.10316763844713173,0.75,0.077375728835348795,0.49367914758105497,0.062406016526555967,150,1,False,-0.1348344335898507,0.28958589126054829,0.84246316426075352,False,False,I1
2019-01-31,GLD,6,2019-07-31,2019-07-31,15,0.21463785115357892,0.068757024483423884,0.12433383442187425,719.68567300115137,0.091247540095121996,0.75,0.0684356550713415,0.59532553889642681,0.021752880508229943,165,1,False,-0.14374380604153361,0.28061511618421664,0.77338748565149484,False,False,I1
2019-01-31,VDE,6,2019-07-31,2019-07-31,15,0.3155952956637087,0.049846100830614935,0.015544961428903176,75.431200633546069,0.034130713257202315,0.75,0.025598034942901735,0.54184065463935116,0.023277936385425302,166,1,False,-0.22518350204490295,0.27637957193070645,0.66058756936536478,False,False,I1
2019-01-31,VMBS,6,2019-07-31,2019-07-31,15,0.26107390994624913,0.10298683793025606,0.16476372563030361,51.794746792312019,0.13676731287276825,0.75,0.10257548465457619,0.453185872578586,0.087491836693533456,104,1,False,-0.1608903583319555,0.36604132764110786,0.8143685992498082,False,False,I1
2019-01-31,VOO,6,2019-07-31,2019-07-31,15,0.15487844146846164,0.08527139742565204,0.10478380401792942,75.431200633546069,0.095319639939486514,0.75,0.071489729954614889,0.48503315230160443,0.035187838644050104,95,1,False,-0.10066319792026079,0.24364265782949057,0.82738050626122162,False,False,I1
2019-01-31,VWO,6,2019-07-31,2019-07-31,15,0.25370654984833929,0.080695297214242581,0.066932230666459674,10000,0.075320439135435638,0.75,0.056490329351576732,0.60947234686787355,0.014023893312420961,161,1,False,-0.20264816653467188,0.31562882523782532,0.75911749876238555,False,False,I1
2019-01-31,VXUS,6,2019-07-31,2019-07-31,15,0.2400954780715574,0.081434192387230972,0.15875402235308092,159.98587196060572,0.10255747367835323,0.75,0.076918105258764927,0.72680641821830372,0.082325423874377052,90,1,False,-0.12232527574390732,0.27616148626143716,,False,True,I1
2019-02-28,BND,6,2019-08-30,2019-08-30,15,-0.027470843334324702,0.135857879949347,0.17026185541108721,51.794746792312019,0.15187869859172412,0.75,0.1139090239437931,0.53433234306908939,0.058024479358200001,137,1,False,-0.11200591576828431,0.33982396365587053,0.83795018208642824,False,False,I1
2019-02-28,DBC,6,2019-08-30,2019-08-30,15,0.12992305366019374,0.11911924274821339,0.096183234462726322,494.17133613238281,0.10755150561136684,0.75,0.080663629208525128,0.49565168477175142,0.06314149711362177,151,1,False,-0.12687380857653102,0.28820106699358128,0.84775002514594044,False,False,I1
2019-02-28,GLD,6,2019-08-30,2019-08-30,15,-0.093804782044841994,0.086251661131844959,0.096250265676216973,719.68567300115137,0.090347533353893963,0.75,0.067760650015420476,0.5903556137386724,0.021654670503631679,166,1,False,-0.14079652982883495,0.2763178298596759,0.77817236491265629,False,False,I1
2019-02-28,VDE,6,2019-08-30,2019-08-30,15,0.18543193563656513,0.14307391888369203,-0.0013827194435425193,75.431200633546069,0.07585832676308088,0.75,0.05689374507231066,0.53470056551953604,0.024559351865946693,167,1,False,-0.19146538041186131,0.30525287055648265,0.69360234335098492,False,False,I1
2019-02-28,VMBS,6,2019-08-30,2019-08-30,15,0.0081704235414779003,0.15023219966531492,0.16476372563030361,51.794746792312019,0.15838393634286208,0.75,0.11878795225714656,0.43903092509434838,0.087493618012859875,105,1,False,-0.12758545591362511,0.36516136042791825,0.82615548527116067,False,False,I1
2019-02-28,VOO,6,2019-08-30,2019-08-30,15,-0.0063472895216216685,0.13144620888618169,0.103526192221571,75.431200633546069,0.11718533652013127,0.75,0.087889002390098447,0.48922407399110096,0.036274149707449486,96,1,False,-0.084249094306703243,0.26002709908690014,0.83347881478502583,False,False,I1
2019-02-28,VWO,6,2019-08-30,2019-08-30,15,0.077520657586741426,0.082171934717883435,0.077917690086240554,10000,0.08050443079661522,0.75,0.060378323097461412,0.60803760346422275,0.014540105150103681,162,1,False,-0.19553848739994553,0.31629513359486838,0.76074297322885176,False,False,I1
2019-02-28,VXUS,6,2019-08-30,2019-08-30,15,0.059112961532257979,0.11638650866464753,0.14146137716134677,159.98587196060572,0.12311413196254492,0.75,0.092335598971908683,0.73169856109981291,0.082970984526851574,91,1,False,-0.10114491129758763,0.28581610924140499,,False,True,I1
2019-03-29,BND,6,2019-09-30,2019-09-30,16,0.018281690369724268,0.26095057184572301,0.17128311764151533,3.7275937203149381,0.21914919206930661,0.75,0.16436189405197996,0.53381770289565278,0.057654017386966606,138,1,False,-0.06155287329373138,0.39027666139769129,0.86545073881946299,False,False,I1
2019-03-29,DBC,6,2019-09-30,2019-09-30,16,0.11697400554772952,0.14466973779673353,0.063548603280767182,159.98587196060572,0.10400138379731938,0.75,0.078001037847989535,0.49867128656330911,0.063761806813479871,152,1,False,-0.11539244998853687,0.27139452568451594,0.84751144170594395,False,False,I1
2019-03-29,GLD,6,2019-09-30,2019-09-30,16,-0.083814825556432826,0.14709161983394914,0.19764066866919261,16.768329368110066,0.16795626859232696,0.75,0.12596720144424522,0.58723953785198191,0.021354457907628542,167,1,False,-0.077483925977658547,0.32941832886614897,0.77770819950609693,False,False,I1
2019-03-29,VDE,6,2019-09-30,2019-09-30,16,0.17974445283655982,0.17952614872174355,0.097746035766886355,75.431200633546069,0.14185383971204146,0.75,0.1063903797840311,0.53934633190715586,0.025545523908712748,168,1,False,-0.13982163720064725,0.35260239676870941,0.74728903337008767,False,False,I1
2019-03-29,VMBS,6,2019-09-30,2019-09-30,16,0.040982179567136789,0.23329779884718732,0.17781606818998541,11.513953993264458,0.20221222716312595,0.75,0.15165917037234447,0.43971517622393719,0.086776308822864107,106,1,False,-0.094629606894108348,0.39794794763879726,0.8421908999665092,False,False,I1
2019-03-29,VOO,6,2019-09-30,2019-09-30,16,0.016855806284562069,0.35447916472262014,0.12200534350747355,1.7575106248547894,0.23340416409629153,0.75,0.17505312307221865,0.47918866737998067,0.036631828226971586,97,1,False,0.0090652615458602093,0.34104098459857712,0.80155592787565777,False,False,I1
2019-03-29,VWO,6,2019-09-30,2019-09-30,16,0.10949653098534307,0.17880817104869345,0.24052316147629069,109.85411419875572,0.20296194598065312,0.75,0.15222145948548985,0.60862385678733322,0.014498996005938965,163,1,False,-0.094041232820268633,0.3984841517912483,0.69797809062538008,False,False,I1
2019-03-29,VXUS,6,2019-09-30,2019-09-30,16,0.063524381821334019,0.38703206257793155,0.11811538056642942,7.9060432109076855,0.31388077029747086,0.75,0.23541057772310314,0.72797785643758661,0.082928989922540233,92,1,False,0.041964971654171679,0.42885618379203461,,False,True,I1
2019-04-30,BND,6,2019-10-31,2019-10-31,16,-0.13940685418586107,0.24174466361831676,0.16871004664096917,3.7275937203149381,0.20780031611235794,0.75,0.15585023708426846,0.53522933492638158,0.058040974049838337,139,1,False,-0.061304310444205368,0.37300478461274228,0.87123595347493998,False,False,I1
2019-04-30,DBC,6,2019-10-31,2019-10-31,16,-0.061908712629002327,0.15173560501192437,0.044049439826321549,159.98587196060572,0.098018826681160021,0.75,0.073514120010870015,0.50117289218925543,0.064868869359206438,153,1,False,-0.10198585719489472,0.24901409721663476,0.84545972007200298,False,False,I1
2019-04-30,GLD,6,2019-10-31,2019-10-31,16,-0.25693219454380833,0.16224451770740894,0.16033275544799711,16.768329368110066,0.16145419924073742,0.75,0.12109064943055306,0.58660211918051841,0.021962991819023128,168,1,False,-0.081349201092835222,0.32353049995394134,0.78322041625554906,False,False,I1
2019-04-30,VDE,6,2019-10-31,2019-10-31,16,0.025221071744130241,0.18682366312418186,0.065301115077000704,75.431200633546069,0.13126080335271859,0.75,0.098445602514538932,0.54277736383629016,0.026405420375022009,169,1,False,-0.1439780026225633,0.34086920765164119,0.74494571897242823,False,False,I1
2019-04-30,VMBS,6,2019-10-31,2019-10-31,16,-0.12106827579743529,0.21943985621964529,0.17266033604914932,11.513953993264458,0.19330848714494098,0.75,0.14498136535870573,0.44139296471053846,0.087075865044789244,107,1,False,-0.094888346959013742,0.38485107767642524,0.85821694399591675,False,False,I1
2019-04-30,VOO,6,2019-10-31,2019-10-31,16,-0.12622519844516877,0.32649394221586076,0.13041183594277814,1.7575106248547894,0.22188712097962665,0.75,0.16641534073471997,0.46651521026325227,0.036719344261846414,98,1,False,0.010663116140634477,0.32216756532880547,0.83268145484453227,False,False,I1
2019-04-30,VWO,6,2019-10-31,2019-10-31,16,-0.071652543067576069,0.19590324596591607,0.2197787082996521,109.85411419875572,0.20527187036939429,0.75,0.15395390277704571,0.60760448227047048,0.014355901066878963,164,1,False,-0.087687532381109046,0.39559533793520046,0.67663733046419561,False,False,I1
2019-04-30,VXUS,6,2019-10-31,2019-10-31,16,-0.1062953475278321,0.37298458253161104,0.1093445844544608,7.9060432109076855,0.29895333553572567,0.75,0.22421500165179425,0.71919569285453699,0.082621425178158181,93,1,False,0.034809184332427578,0.41362081897116093,,False,True,I1
2019-05-31,BND,6,2019-11-29,2019-11-29,16,-0.11516627744109653,0.25930234935160262,0.15551417720040242,3.7275937203149381,0.21082980343783925,0.75,0.15812235257837942,0.53296657115082591,0.058879302597412093,140,1,False,-0.05115123629278967,0.36739594144954851,0.87927274441871361,False,False,I1
2019-05-31,DBC,6,2019-11-29,2019-11-29,16,-0.088126651253856214,0.16343887045461206,0.11202262671689753,159.98587196060572,0.13782839108941861,0.75,0.10337129331706396,0.5018990594521433,0.066013765837099531,154,1,False,-0.064191486638405182,0.2709340732725331,0.87386415005609708,False,False,I1
2019-05-31,GLD,6,2019-11-29,2019-11-29,16,-0.19404375263779727,0.17753655787046618,0.17525018366126824,16.768329368110066,0.17658672909801015,0.75,0.13244004682350763,0.58456985359836733,0.022874160760585044,169,1,False,-0.068414018878543453,0.33329411252555874,0.79249491983179599,False,False,I1
2019-05-31,VDE,6,2019-11-29,2019-11-29,16,-0.067095441658188815,0.1976971098235257,0.053185284133405966,75.431200633546069,0.13170233940351092,0.75,0.098776754552633184,0.54332615960766439,0.028323196449108027,170,1,False,-0.1627583515235993,0.36031186062886567,0.7493452375179569,False,False,I1
2019-05-31,VMBS,6,2019-11-29,2019-11-29,16,-0.10259146354117032,0.2352287006795864,0.15201637939170712,11.513953993264458,0.18856528585604157,0.75,0.14142396439203117,0.43922469531754516,0.08806727216661886,108,1,False,-0.095822915708076717,0.37867084449213906,0.86890151444176866,False,False,I1
2019-05-31,VOO,6,2019-11-29,2019-11-29,16,-0.22898277272603507,0.35242311087545103,0.11964212778243723,1.7575106248547894,0.23024628571796088,0.75,0.17268471428847065,0.47514258452688479,0.038720072325469354,99,1,False,0.00402542404778225,0.34134400452915903,0.84687696559041392,False,False,I1
2019-05-31,VWO,6,2019-11-29,2019-11-29,16,-0.13128150602383803,0.21036335488239899,0.21292638724697702,109.85411419875572,0.21137637785680505,0.75,0.15853228339260378,0.60475607393555986,0.015544179486080128,165,1,False,-0.081686035741326268,0.39875060252653383,0.68188417665944479,False,False,I1
2019-05-31,VXUS,6,2019-11-29,2019-11-29,16,-0.16443671462238652,0.4184528020351066,0.12922811506706783,7.9060432109076855,0.33404813472414613,0.75,0.25053610104310958,0.708169215443605,0.084132411517843245,94,1,False,0.061173976931446689,0.4398982251547725,,False,True,I1
2019-06-28,BND,6,2019-12-31,2019-12-31,16,-0.12186736057929959,0.20321648055641839,0.14123409848606411,3.7275937203149381,0.17406400030281477,0.75,0.13054800022711108,0.52966505513593298,0.060795236500330939,141,1,False,-0.074230677857126615,0.33532667831134877,0.8731601818518685,False,False,I1
2019-06-28,DBC,6,2019-12-31,2019-12-31,16,-0.13338767270661978,0.13166944794968877,0.05005737869241457,159.98587196060572,0.091004781844041413,0.75,0.068253586383031056,0.50173220118392159,0.067552567491271365,155,1,False,-0.14106928723367773,0.27757645999973984,0.84446316405194111,False,False,I1
2019-06-28,GLD,6,2019-12-31,2019-12-31,16,-0.1635741076401348,0.10939201042052088,0.1716093135547673,16.768329368110066,0.13547881207723222,0.75,0.10160910905792417,0.58071468317384645,0.024462127371656765,170,1,False,-0.093415234926053053,0.29663345304190136,0.78992062610972391,False,False,I1
2019-06-28,VDE,6,2019-12-31,2019-12-31,16,-0.067294858914601741,0.13345539041662496,0.076628518543996993,75.431200633546069,0.10764765165747664,0.75,0.08073573874310748,0.54585325729359335,0.029719765827081433,171,1,False,-0.17005079551567931,0.33152227300189424,0.73523921521892288,False,False,I1
2019-06-28,VMBS,6,2019-12-31,2019-12-31,16,-0.11691297847045179,0.18721907417381117,0.13834167720596871,11.513953993264458,0.15974102641176713,0.75,0.11980576980882535,0.43781687514737183,0.090488570794016801,109,1,False,-0.11742910168941093,0.35704064130706159,0.87231163865912253,False,False,I1
2019-06-28,VOO,6,2019-12-31,2019-12-31,16,-0.20783475991880762,0.2647226025773986,0.10404229448082042,1.7575106248547894,0.18165135329571214,0.75,0.1362385149717841,0.48300292508926579,0.040319846878885131,100,1,False,-0.032392081600274014,0.30486911154384222,0.87091091595493153,False,False,I1
2019-06-28,VWO,6,2019-12-31,2019-12-31,16,-0.17032587729844029,0.16023972461482996,0.18741773668424574,109.85411419875572,0.1710698342300303,0.75,0.12830237567252273,0.60151207573464271,0.017071406116304515,166,1,False,-0.10340711902365068,0.36001187036869614,0.71389828663697763,False,False,I1
2019-06-28,VXUS,6,2019-12-31,2019-12-31,16,-0.17279245494659567,0.32552158641937712,0.11418704230260708,7.9060432109076855,0.26017589800815394,0.75,0.19513192350611547,0.6907950440174262,0.085949324826565296,95,1,False,0.019201406739913912,0.37106244027231705,,False,True,I1
2019-07-31,BND,6,2020-01-31,2020-01-31,16,-0.02555045740022277,0.26377086135806882,0.19549291119941684,3.7275937203149381,0.23128243495414408,0.75,0.17346182621560807,0.52417396350602208,0.062087284833148369,142,1,False,-0.025144101422633819,0.37206775385384994,0.89773601276686144,False,False,I1
2019-07-31,DBC,6,2020-01-31,2020-01-31,16,0.064725733050436163,0.15203338348738216,0.063662503074987289,159.98587196060572,0.10798201640400835,0.75,0.080986512303006269,0.50151716404994462,0.069078483281511158,156,1,False,-0.14229022334622607,0.30426324795223858,0.85859092800292691,False,False,I1
2019-07-31,GLD,6,2020-01-31,2020-01-31,16,-0.09721322002355981,0.17078726606545425,0.17075425894836749,16.768329368110066,0.17077335798077123,0.75,0.12808001848557843,0.57863376415329426,0.025574266107223562,171,1,False,-0.064903453960099555,0.32106349093125641,0.80365314035285562,False,False,I1
2019-07-31,VDE,6,2020-01-31,2020-01-31,16,0.13582369416035645,0.17399448871717837,0.099239172142070647,75.431200633546069,0.1400648621749512,0.75,0.10504864663121341,0.54612423441297853,0.031381832861015313,172,1,False,-0.17837076078547828,0.38846805404790508,0.76298494984602794,False,False,I1
2019-07-31,VMBS,6,2020-01-31,2020-01-31,16,-0.0050420499902714688,0.24316896081716971,0.18974524573246204,11.513953993264458,0.21290546311297837,0.75,0.15967909733473379,0.43351940882048168,0.092039346604491645,110,1,False,-0.076241042318852675,0.39559923698832022,0.89354963810179777,False,False,I1
2019-07-31,VOO,6,2020-01-31,2020-01-31,16,-0.056028107645134329,0.34417754796540484,0.12328257416641369,1.7575106248547894,0.22945609667952718,0.75,0.17209207250964539,0.48065159965897958,0.041454090389673015,101,1,False,0.0071461333997634713,0.33703801161952729,0.87969649354360335,False,False,I1
2019-07-31,VWO,6,2020-01-31,2020-01-31,16,0.0097061030200265019,0.19801231079510212,0.21001720020615713,109.85411419875572,0.20280656842606931,0.75,0.15210492631955197,0.60064124984339462,0.018488383024879571,167,1,False,-0.07870671441367072,0.38291656705277466,0.70116991609657708,False,False,I1
2019-07-31,VXUS,6,2020-01-31,2020-01-31,16,-0.01905190087196873,0.40150573127981615,0.1132657730095495,7.9060432109076855,0.30740724318362844,0.75,0.23055543238772133,0.67354114030242562,0.087555013922867311,96,1,False,0.054794509882832382,0.40631635489261031,,False,True,I1
2019-08-30,BND,6,2020-02-28,2020-02-28,16,-0.035913455195797472,0.31742536235138485,0.21925074496348965,3.7275937203149381,0.27085562280543918,0.75,0.20314171710407938,0.52564378874077833,0.061461004216592618,143,1,False,0.0064457624900051136,0.39983767171815365,0.86730976559049044,False,False,I1
2019-08-30,DBC,6,2020-02-28,2020-02-28,16,0.064790841295215174,0.17488923165371367,0.13914942883966727,159.98587196060572,0.15710345030576772,0.75,0.11782758772932579,0.50235367999971725,0.069466028315770298,157,1,False,-0.10156360415035041,0.33721877960900198,0.89122834354416058,False,False,I1
2019-08-30,GLD,6,2020-02-28,2020-02-28,16,-0.035223662202799377,0.21013769782537783,0.21169472451684121,16.768329368110066,0.21079460395057661,0.75,0.15809595296293247,0.57810220672494217,0.024880201873781323,172,1,False,-0.034322621064866415,0.35051452699073138,0.79207875155404173,False,False,I1
2019-08-30,VDE,6,2020-02-28,2020-02-28,16,0.17545201631062968,0.20781910745092474,0.16843049615320929,75.431200633546069,0.19011226098220574,0.75,0.14258419573665432,0.55045771137034238,0.032272295882839301,173,1,False,-0.13322285822657176,0.4183912496998804,0.80227592530520664,False,False,I1
2019-08-30,VMBS,6,2020-02-28,2020-02-28,16,-0.026682653962748826,0.27288841837398731,0.21456502789386683,11.513953993264458,0.24003239440836158,0.75,0.18002429580627119,0.43665785381896322,0.09128377072104106,111,1,False,-0.054801251253710381,0.41484984286625276,0.90915004038301406,False,False,I1
2019-08-30,VOO,6,2020-02-28,2020-02-28,16,-0.024394308598687187,0.42497925325678215,0.14190682967196727,1.7575106248547894,0.27711400841739714,0.75,0.20783550631304787,0.47764164743839399,0.040985449410150518,102,1,False,0.052123117594070928,0.36354789503202478,0.69906791111512645,False,False,I1
2019-08-30,VWO,6,2020-02-28,2020-02-28,16,-0.031218244157671493,0.2008783825601359,0.21885878619550284,109.85411419875572,0.20806223998044546,0.75,0.15604667998533409,0.6004618380101826,0.018839765611557324,168,1,False,-0.074306965837807493,0.38640032580847566,0.70408452163994129,False,False,I1
2019-08-30,VXUS,6,2020-02-28,2020-02-28,16,-0.013408877347270587,0.44936334769186936,0.13004990454012497,7.9060432109076855,0.34512358703592422,0.75,0.25884269027694318,0.67355035344876391,0.087261796887912579,97,1,False,0.091730522706366391,0.42595485784751996,,False,True,I1
2019-09-30,BND,6,2020-03-31,2020-03-31,17,-0.047936727733948081,0.12006391542746883,0.049131104212048242,494.17133613238281,0.086019966260315231,0.75,0.064514974695236427,0.52005357487153225,0.061161147870433807,144,1,False,-0.13122776455517277,0.26025771394564562,0.8233771025818446,False,False,I1
2019-09-30,DBC,6,2020-03-31,2020-03-31,17,0.22160980517894757,0.15616995697312375,0.15421194463342444,2222.9964825261909,0.15519738306723127,0.75,0.11639803730042345,0.50328509878450611,0.069766711715972568,158,1,False,-0.095675945964805609,0.3284720205656525,0.89203847646083279,False,False,I1
2019-09-30,GLD,6,2020-03-31,2020-03-31,17,-0.094062174908311813,0.1194526701486904,0.027433885691030949,10000,0.08065586419257309,0.75,0.060491898144429818,0.57838167299450838,0.024251906917537314,173,1,False,-0.14035355414841613,0.26133735043727579,0.74849069042371119,False,False,I1
2019-09-30,VDE,6,2020-03-31,2020-03-31,17,0.50015536695415796,0.3601473158485855,0.11142631329053745,24.420530945486497,0.24895937307897331,0.75,0.18671952980922998,0.55296118290749308,0.033119837014757236,174,1,False,-0.079577215079764424,0.45301627469822436,0.84561843820248128,False,False,I1
2019-09-30,VMBS,6,2020-03-31,2020-03-31,17,-0.048120632180372103,0.11965378026039436,0.053470108542406025,494.17133613238281,0.082167699456333537,0.75,0.061625774592250153,0.43360530126236058,0.090834649371452594,112,1,False,-0.17319354758681518,0.29644509677131547,0.8587885227019042,False,False,I1
2019-09-30,VOO,6,2020-03-31,2020-03-31,17,0.11896782937892614,0.17166202659205909,0.059754944111935993,51.794746792312019,0.11015007014282431,0.75,0.082612552607118236,0.45033008558541854,0.040751181030290441,103,1,False,-0.085941269013739954,0.25116637422797644,0.85127666536142477,False,False,I1
2019-09-30,VWO,6,2020-03-31,2020-03-31,17,0.15358242989952386,0.10118587677968117,0.12412947668461208,10000,0.11031728248981078,0.75,0.082737961867358087,0.60200640928335214,0.019376196175899248,169,1,False,-0.144887225287539,0.31036314902225515,0.76261932204802751,False,False,I1
2019-09-30,VXUS,6,2020-03-31,2020-03-31,17,0.16923606210687092,0.33698969913467908,0.056780443528794897,24.420530945486497,0.23302989781878969,0.75,0.17477242336409227,0.62899226475905778,0.087019578366825043,98,1,False,-0.0013305221659593025,0.35087536889414384,,False,True,I1
2019-10-31,BND,6,2020-04-30,2020-04-30,17,0.17922638361895982,0.12312650557997643,0.059973578283139921,494.17133613238281,0.092520524102446142,0.75,0.069390393076834603,0.5153671763515637,0.059777920270045568,145,1,False,-0.13988899329090726,0.27866977944457644,0.80113979419392989,False,False,I1
2019-10-31,DBC,6,2020-04-30,2020-04-30,17,0.53899332478398365,0.15705219329461384,0.13194152465625247,2222.9964825261909,0.1444809146552756,0.75,0.10836068599145671,0.49936503800885751,0.068938564393048199,159,1,False,-0.10095862241210743,0.31767999439502081,0.87501932466654486,False,False,I1
2019-10-31,GLD,6,2020-04-30,2020-04-30,17,0.088769029633306795,0.11962752843524659,0.10575694269685396,10000,0.11375442186117671,0.75,0.085315816395882538,0.5765783302277131,0.022635906334426133,174,1,False,-0.1251148895449492,0.29574652233671428,0.73092057062056326,False,False,I1
2019-10-31,VDE,6,2020-04-30,2020-04-30,17,0.63609646198944092,0.37329451751198717,0.10512045225230783,24.420530945486497,0.2522737195764706,0.75,0.18920528968235295,0.54872296163937684,0.033074701213210801,175,1,False,-0.072335262729046834,0.45074584209375274,0.85388896599330077,False,False,I1
2019-10-31,VMBS,6,2020-04-30,2020-04-30,17,0.20199681286740567,0.12291770287248889,0.059064284723374133,494.17133613238281,0.086727551652278689,0.75,0.065045663739209017,0.43323079219194593,0.088959402246064204,113,1,False,-0.17219985174704983,0.30229117922546783,0.84106919447273143,False,False,I1
2019-10-31,VOO,6,2020-04-30,2020-04-30,17,0.2876563822510575,0.17207828649991752,0.066631221627943646,51.794746792312019,0.11221643234472828,0.75,0.084162324258546209,0.43230421607401653,0.039145638919949481,104,1,False,-0.089504226757660552,0.25782887527475296,0.7980778212504106,False,False,I1
2019-10-31,VWO,6,2020-04-30,2020-04-30,17,0.38633298499327573,0.10089477760586665,0.11653200833473516,10000,0.107137577315588,0.75,0.080353182986691002,0.60077331990783545,0.018840733003878812,170,1,False,-0.14553280810810135,0.30623917408148338,0.74353675357466464,False,False,I1
2019-10-31,VXUS,6,2020-04-30,2020-04-30,17,0.39843882330248848,0.3084502821880295,0.07076888906501437,24.420530945486497,0.209729065558378,0.75,0.1572967991687835,0.58464894818856505,0.085066902347687101,99,1,False,-0.036074635473947653,0.35066823381151468,0.95533139174181114,False,False,I1
2019-11-29,BND,6,2020-05-29,2020-05-29,17,0.042071263941570791,0.12578818943435913,0.060021484631111691,494.17133613238281,0.093525431289131461,0.5,0.04676271564456573,0.50943629847736271,0.058579672340517197,146,1,False,-0.18379619726987706,0.27732162855900849,0.78029624455146207,False,False,I1
2019-11-29,DBC,6,2020-05-29,2020-05-29,17,0.31689500155472816,0.15491783087757213,0.15493004481263528,2222.9964825261909,0.15492396775338488,0.5,0.077461983876692439,0.49755129849431318,0.06795690679525504,160,1,False,-0.1297390495724659,0.28466301732585081,0.86692959886630816,False,False,I1
2019-11-29,GLD,6,2020-05-29,2020-05-29,17,-0.083256126440417688,0.11958329416524718,0.10575694269685396,10000,0.11370752599984149,0.5,0.056853762999920746,0.57503118745118031,0.021397736854584855,175,1,False,-0.16729254298587165,0.28100006898571317,0.71089647874129391,False,False,I1
2019-11-29,VDE,6,2020-05-29,2020-05-29,17,0.41500990540671978,0.33408789463020105,0.12187857348320662,24.420530945486497,0.23722402232984682,0.5,0.11861201116492341,0.54354562854824839,0.032505552674168763,176,1,False,-0.13217901558999895,0.3694030379198458,0.82477996211612759,False,False,I1
2019-11-29,VMBS,6,2020-05-29,2020-05-29,17,0.062061661190504713,0.12553685380604795,0.060728494014179069,494.17133613238281,0.088581461871521341,0.5,0.044290730935760671,0.42977430607396455,0.087279131493544604,114,1,False,-0.20252698328090427,0.29110844515242562,0.82696624688686282,False,False,I1
2019-11-29,VOO,6,2020-05-29,2020-05-29,17,0.12040981033073361,0.17773785696787842,0.070657873857179337,51.794746792312019,0.11512080161935299,0.5,0.057560400809676497,0.41523099341739694,0.036592034999511532,105,1,False,-0.12736436750385918,0.24248516912321219,0.76145372876655881,False,False,I1
2019-11-29,VWO,6,2020-05-29,2020-05-29,17,0.19740784369020947,0.10131261613807249,0.11845545306325728,10000,0.10819761041831957,0.5,0.054098805209159787,0.59837485998993367,0.01796282517330737,171,1,False,-0.17761134582092619,0.28580895623924579,0.72473373405797104,False,False,I1
2019-11-29,VXUS,6,2020-05-29,2020-05-29,17,0.20746876169157713,0.31396863491896698,0.074641979973599934,24.420530945486497,0.20456226189359877,0.5,0.10228113094679939,0.54285755153205451,0.082571866177986356,100,1,False,-0.10955574273693425,0.31411800463053302,0.96998749855982203,False,False,I1
2019-12-31,BND,6,2020-06-30,2020-06-30,17,0.054220729163718451,0.12708909181458283,0.040284939275064859,494.17133613238281,0.084209373387155548,0.5,0.042104686693577774,0.50601765960555745,0.057352141504327971,147,1,False,-0.20220738063268748,0.28641675401984301,0.76719874378553587,False,False,I1
2019-12-31,DBC,6,2020-06-30,2020-06-30,17,0.36578051133903511,0.15679210754538933,0.085552905470065596,2222.9964825261909,0.12079779040205786,0.5,0.060398895201028931,0.49474002943950157,0.066706319344932846,161,1,False,-0.13487581541409943,0.25567360581615728,0.83683250540884235,False,False,I1
2019-12-31,GLD,6,2020-06-30,2020-06-30,17,-0.054939039574981585,0.11994741918356132,0.12323732889553021,10000,0.12134415000043687,0.5,0.060672075000218435,0.57545010679346031,0.020346760465410299,176,1,False,-0.175893906462217,0.29723805646265389,0.69286479632597164,False,False,I1
2019-12-31,VDE,6,2020-06-30,2020-06-30,17,0.5029492426277139,0.31589446217091599,0.10485107203788398,24.420530945486497,0.21908674652448737,0.5,0.10954337326224368,0.54128998977221932,0.031941708540898867,177,1,False,-0.13881575222192827,0.35790249874641566,0.79957923086203875,False,False,I1
2019-12-31,VMBS,6,2020-06-30,2020-06-30,17,0.081912343227559248,0.12639360614901982,0.041538451230194895,494.17133613238281,0.077946405814002626,0.5,0.038973202907001313,0.42906002138157323,0.085503547928640289,115,1,False,-0.20440335975566576,0.2823497655696684,0.8209045674058717,False,False,I1
2019-12-31,VOO,6,2020-06-30,2020-06-30,17,0.17706274622498952,0.16746402415845218,0.067325682580345589,51.794746792312019,0.10803726996980244,0.5,0.054018634984901219,0.40655344144782285,0.034286121839904746,106,1,False,-0.19350807324713687,0.30154534321693932,0.7509833640841167,False,False,I1
2019-12-31,VWO,6,2020-06-30,2020-06-30,17,0.22313791767695967,0.10122309297416186,0.11457109246336908,10000,0.10660313294932863,0.5,0.053301566474664316,0.59694035203425733,0.016868123414750701,172,1,False,-0.20264104411655437,0.30924417706588303,0.7118768754241539,False,False,I1
2019-12-31,VXUS,6,2020-06-30,2020-06-30,17,0.23398806248320736,0.28462016160183806,0.060411006422103425,24.420530945486497,0.17628631327182398,0.5,0.08814315663591199,0.51681790940619921,0.080043506562891498,101,1,False,-0.13638763669071588,0.31267394996253983,0.94369649566079772,False,False,I1
2020-01-31,BND,6,2020-07-31,2020-07-31,17,0.063700481399795006,0.14473964501172437,0.039264338757832203,494.17133613238281,0.092265298778591215,0.5,0.046132649389295607,0.50249638425489951,0.056791988809026944,148,1,False,-0.19817826350637757,0.29044356228496876,0.74878193479224109,False,False,I1
2020-01-31,DBC,6,2020-07-31,2020-07-31,17,0.23496562621931594,0.15839677912638686,0.065477846918112856,2222.9964825261909,0.11117113953632377,0.5,0.055585569768161883,0.49175438774728109,0.066694093503608776,162,1,False,-0.13229147044190903,0.24346260997823282,0.8328966372935559,False,False,I1
2020-01-31,GLD,6,2020-07-31,2020-07-31,17,-0.11926369455935748,0.1212888297988977,0.071061975022719395,10000,0.099913284253515214,0.5,0.049956642126757607,0.57441998626757484,0.019682579784681652,177,1,False,-0.17962371618611464,0.27953700043962987,0.68254581206824849,False,False,I1
2020-01-31,VDE,6,2020-07-31,2020-07-31,17,0.43570062452964176,0.43876631601458771,0.12709760889672481,24.420530945486497,0.2957550896425884,0.5,0.1478775448212942,0.54114345423226218,0.032525315201682337,178,1,False,-0.09833222727002558,0.39408731691261401,0.84792359936263895,False,False,I1
2020-01-31,VMBS,6,2020-07-31,2020-07-31,17,0.094455960222751711,0.14220423432772356,0.027313908745394768,494.17133613238281,0.076424468800755638,0.5,0.038212234400377819,0.42745600908032017,0.084722982429339316,116,1,False,-0.20168756754061712,0.27811203634137277,0.82018710274948525,False,False,I1
2020-01-31,VOO,6,2020-07-31,2020-07-31,17,0.09792008554529863,0.24043366058718116,0.059443974881742939,51.794746792312019,0.13040250334245537,0.5,0.065201251671227686,0.39205841031293825,0.033442063620418405,107,1,False,-0.1652240136585606,0.295626517001016,0.67418427451885488,False,False,I1
2020-01-31,VWO,6,2020-07-31,2020-07-31,17,0.092387413861986456,0.10310829657942482,0.10846200763551597,10000,0.10527094978242868,0.5,0.05263547489121434,0.5960459613255914,0.016826724452931482,173,1,False,-0.19369908339587688,0.29897003317830556,0.72250672555582263,False,False,I1
2020-01-31,VXUS,6,2020-07-31,2020-07-31,17,0.16307784015064619,0.37132362163004595,0.041758380710325699,24.420530945486497,0.20221769323086913,0.5,0.10110884661543457,0.48688178423412731,0.079071982960588941,102,1,False,-0.14451470051065177,0.34673239374152087,0.87241853857783702,False,False,I1
2020-02-28,BND,6,2020-08-31,2020-08-31,17,0.25520425967367455,0.12304830358745622,0.061537612168649301,494.17133613238281,0.092152679519780956,0.5,0.046076339759890478,0.49771944754584713,0.056169804621075112,149,1,False,-0.19566615533170223,0.28781883485148319,0.73596784030045925,False,False,I1
2020-02-28,DBC,6,2020-08-31,2020-08-31,17,0.28819412030490699,0.15625398106884325,0.15014170500056437,2222.9964825261909,0.15314021089265112,0.5,0.076570105446325559,0.49057108327423199,0.066682417109692263,163,1,False,-0.09895784891487211,0.2520980598075232,0.86085914113642137,False,False,I1
2020-02-28,GLD,6,2020-08-31,2020-08-31,17,0.041097903400893809,0.1196290033074581,0.13482189796888572,10000,0.12610819786519345,0.5,0.063054098932596725,0.57353784765025695,0.019374117751044119,178,1,False,-0.16294246645342811,0.28905066431862159,0.65329439690657565,False,False,I1
2020-02-28,VDE,6,2020-08-31,2020-08-31,17,0.46226735035290656,0.36103206347256406,0.10385899710036763,24.420530945486497,0.24280951445407586,0.5,0.12140475722703793,0.54029964845778455,0.033323788392235112,179,1,False,-0.12101176747857588,0.36382128193265173,0.82802710619558495,False,False,I1
2020-02-28,VMBS,6,2020-08-31,2020-08-31,17,0.26345340782656379,0.12281204164013278,0.060771740415188943,494.17133613238281,0.087208588196505635,0.5,0.043604294098252817,0.4261237817892401,0.083770797502911221,117,1,False,-0.19627901641460077,0.28348760461110639,0.80886454502543215,False,False,I1
2020-02-28,VOO,6,2020-08-31,2020-08-31,17,0.087007197418536464,0.17329403188973658,0.061157039877125334,51.794746792312019,0.10314387266552627,0.5,0.051571936332763135,0.37442446096359522,0.03290654165542669,108,1,False,-0.20339612183384015,0.30653999449936642,0.74297701196609311,False,False,I1
2020-02-28,VWO,6,2020-08-31,2020-08-31,17,0.16292194064488297,0.10082218683387494,0.16791604667934146,10000,0.12799026558912449,0.5,0.063995132794562246,0.59507354595749518,0.016550603943675146,174,1,False,-0.17766785674790281,0.30565812233702727,0.68203418807863059,False,False,I1
2020-02-28,VXUS,6,2020-08-31,2020-08-31,17,0.19863342036002907,0.31348989471093375,0.072530421723672772,24.420530945486497,0.18275128417051337,0.5,0.091375642085256684,0.45742489838806938,0.07817411053041555,103,1,False,-0.24121326427620776,0.4239645484467211,0.92972385011548342,False,False,I1
2020-03-31,BND,6,2020-09-30,2020-09-30,18,0.22550997037105169,0.40548467657038378,0.2277238419580889,11.513953993264458,0.31560737581965559,0.5,0.15780368790982779,0.4943919961517112,0.055475761072041628,150,1,False,-0.081574872798370862,0.39718224861802642,0.49789797492622639,False,False,I1
2020-03-31,DBC,6,2020-09-30,2020-09-30,18,0.12845268262334852,0.18140365680379858,0.28213521010518672,10000,0.23270809055110292,0.5,0.11635404527555146,0.49068159811055617,0.0676270963052365,164,1,False,-0.051208180729652136,0.28391627128075503,0.90298770321280164,False,False,I1
2020-03-31,GLD,6,2020-09-30,2020-09-30,18,0.1133969655481859,0.13307924742685234,0.18592664533971928,10000,0.1557697974531263,0.5,0.077884898726563151,0.57064016541201579,0.018740395445684593,179,1,False,-0.14701923627471558,0.30278903372784188,0.62546321991867393,False,False,I1
2020-03-31,VDE,6,2020-09-30,2020-09-30,18,0.14654225698777124,0.16817327686734151,0.24527930118334693,10000,0.20307979380348318,0.5,0.10153989690174159,0.54729196264764668,0.035917297162023569,180,1,False,-0.16000557307442087,0.36308536687790405,0.81118704899940985,False,False,I1
2020-03-31,VMBS,6,2020-09-30,2020-09-30,18,0.25393119031417832,0.40682663880777153,0.25139690845895291,11.513953993264458,0.31713294520853408,0.5,0.15856647260426704,0.42293090647493886,0.082653073522544418,118,1,False,-0.078677956760765,0.39581090196929908,0.38411458791296632,False,False,I1
2020-03-31,VOO,6,2020-09-30,2020-09-30,18,-0.046721794812728312,0.16743872573342947,0.10704965230796495,51.794746792312019,0.12976185144123842,0.5,0.064880925720619209,0.3760978244070281,0.033696094753807415,109,1,False,-0.18261056183870805,0.31237241327994647,0.67326695825540916,False,False,I1
2020-03-31,VWO,6,2020-09-30,2020-09-30,18,-0.036214354809998683,0.12395279773604155,0.16791039129296279,10000,0.14179805089781719,0.5,0.070899025448908595,0.59403480223120964,0.01733364294913714,175,1,False,-0.16932434670979346,0.31112239760761068,0.67037112274510691,False,False,I1
2020-03-31,VXUS,6,2020-09-30,2020-09-30,18,0.0047539902993622984,0.28691498020940476,0.1362993216969734,35.564803062231285,0.20459507021152021,0.5,0.1022975351057601,0.45344387953467585,0.079049706218650678,104,1,False,-0.17467771750943301,0.37927278772095324,0.90845115748416061,False,False,I1
2020-04-30,BND,6,2020-10-30,2020-10-30,18,0.10041293341079194,0.28456213009148568,0.087497425327062422,11.513953993264458,0.18551770635440853,0.5,0.092758853177204267,0.49740150649768733,0.05629530161870995,151,1,False,-0.14432636494646961,0.32984407130087817,0.64254302949323816,False,False,I1
2020-04-30,DBC,6,2020-10-30,2020-10-30,18,-0.070698854435351954,0.17909975898163019,-0.086333423291229977,10000,0.044198525212435474,0.5,0.022099262606217737,0.49176951949240899,0.070483861326319827,165,1,False,-0.18116632024299123,0.22536484545542673,0.78897010417452695,False,False,I1
2020-04-30,GLD,6,2020-10-30,2020-10-30,18,0.028169812559237339,0.13058373461384201,-0.053541547811000047,10000,0.051448887344486209,0.5,0.025724443672243105,0.57021194358977945,0.019129443413393604,180,1,False,-0.19874223345575767,0.25019112080024386,0.6864311103958296,False,False,I1
2020-04-30,VDE,6,2020-10-30,2020-10-30,18,0.241590578203698,0.16534494857463858,-0.12043867158291252,10000,0.037942092838903804,0.5,0.018971046419451902,0.55419818789649944,0.039233204150020344,181,1,False,-0.26975760026512929,0.30769969310403311,0.6772110455473187,False,False,I1
2020-04-30,VMBS,6,2020-10-30,2020-10-30,18,0.1044867755618879,0.29685073973113019,0.12072050947356845,11.513953993264458,0.1961840779523979,0.5,0.098092038976198948,0.42845324376443661,0.083655962088467609,119,1,False,-0.13863722260719064,0.33482130055958853,0.617040171008711,False,False,I1
2020-04-30,VOO,6,2020-10-30,2020-10-30,18,-0.051948697887240325,0.073577129287479073,-0.051086346316195574,51.794746792312019,-0.0027518745368004254,0.5,-0.0013759372684002127,0.38771959104572257,0.036004824640146052,110,1,False,-0.24885675189660297,0.24610487735980255,0.93609070773419645,False,False,I1
2020-04-30,VWO,6,2020-10-30,2020-10-30,18,-0.15438619745283666,0.1215657353705081,-0.10426932461141053,10000,0.029373501308165482,0.5,0.014686750654082741,0.59177182643950876,0.019430230119842459,176,1,False,-0.24692792982361286,0.27630143113177835,0.7927221517153431,False,False,I1
2020-04-30,VXUS,6,2020-10-30,2020-10-30,18,-0.06147807539018979,0.17809922910636194,-0.073459562175969453,35.564803062231285,0.046341226907225773,0.5,0.023170613453612886,0.47623376019778801,0.082091507333734839,105,1,False,-0.2536803316618178,0.30002155856904356,0.9998258516822468,False,False,I1
2020-05-29,BND,6,2020-11-30,2020-11-30,18,0.12511593531995846,0.42545831145530622,0.077293554280079529,11.513953993264458,0.24940618588198166,0.5,0.12470309294099083,0.49434248600664693,0.056201722423465612,152,1,False,-0.1059559372504397,0.35536212313242133,0.58304108654280795,False,False,I1
2020-05-29,DBC,6,2020-11-30,2020-11-30,18,-0.049117850216836789,0.1785236229017563,-0.07179976922457737,10000,0.051323672020132667,0.5,0.025661836010066334,0.49185751359014773,0.071968265785527105,166,1,False,-0.19144022749452144,0.2427638995146541,0.79621210889112615,False,False,I1
2020-05-29,GLD,6,2020-11-30,2020-11-30,18,0.11107976115919871,0.13213096827592583,-0.056699511899961905,10000,0.050781494250184328,0.5,0.025390747125092164,0.56919309875202428,0.01856377728160459,181,1,False,-0.19875636798417978,0.24953786223436414,0.67884859227195349,False,False,I1
2020-05-29,VDE,6,2020-11-30,2020-11-30,18,0.088577038482994697,0.16581910581456721,-0.11537004175179044,10000,0.04205935159145615,0.5,0.021029675795728075,0.5598700899582012,0.041297911299782435,182,1,False,-0.27699087967493807,0.3190502312663942,0.68228898448643971,False,False,I1
2020-05-29,VMBS,6,2020-11-30,2020-11-30,18,0.14073189406765407,0.43767616102161,0.11363132798651064,11.513953993264458,0.25120573307617106,0.5,0.12560286653808553,0.42455361439063233,0.083476009580984611,120,1,False,-0.1103231435724947,0.36152887664866573,0.50974767173469582,False,False,I1
2020-05-29,VOO,6,2020-11-30,2020-11-30,18,-0.064746564623193725,0.14186709702542144,-0.037841293488107719,51.794746792312019,0.031899916741903789,0.5,0.015949958370951894,0.38807987779936803,0.036765229916637832,111,1,False,-0.2179234191716847,0.24982333591358849,0.90261584567329722,False,False,I1
2020-05-29,VWO,6,2020-11-30,2020-11-30,18,-0.18232123172851389,0.12196196476674487,-0.10761684536458066,10000,0.027989114207915118,0.5,0.013994557103957559,0.59067280423191215,0.020435753360353005,177,1,False,-0.24517552523485395,0.27316463944276909,0.79564910416684065,False,False,I1
2020-05-29,VXUS,6,2020-11-30,2020-11-30,18,-0.11086790829743198,0.20909906393421746,-0.07707246861330784,35.564803062231285,0.060008996125505087,0.5,0.030004498062752544,0.47901852262697525,0.08327431162012959,106,1,False,-0.22192532077278612,0.28193431689829118,0.99980485527628438,False,False,I1
2020-06-30,BND,6,2020-12-31,2020-12-31,18,0.25865439009357827,0.41710929294056076,0.067880095456021888,11.513953993264458,0.23956972637299362,0.5,0.11978486318649681,0.49162450377469596,0.056188774755101256,153,1,False,-0.10678952426971786,0.34635925064271145,0.59834265396459263,False,False,I1
2020-06-30,DBC,6,2020-12-31,2020-12-31,18,0.05251707015419349,0.17914914845692811,-0.049783282069780894,10000,0.06338070151399422,0.5,0.03169035075699711,0.49431172037712912,0.073727620549320569,167,1,False,-0.20540150307858568,0.2687822045925799,0.80766821412934253,False,False,I1
2020-06-30,GLD,6,2020-12-31,2020-12-31,18,0.20146014240777821,0.13340126857878887,-0.066948051201424039,10000,0.046985657984937722,0.5,0.023492828992468861,0.56867529828076901,0.018159915650524452,182,1,False,-0.19157939488883211,0.23856505287376981,0.67364010110475814,False,False,I1
2020-06-30,VDE,6,2020-12-31,2020-12-31,18,0.17868006535515613,0.16666608853493711,-0.12549593807169521,10000,0.039566845106769853,0.5,0.019783422553384927,0.56497001029057758,0.04382059617042687,183,1,False,-0.31913482489905204,0.35870167000582193,0.6805686252328077,False,False,I1
2020-06-30,VMBS,6,2020-12-31,2020-12-31,18,0.26827208352221565,0.41266438771389791,0.11307834948437154,11.513953993264458,0.24031575577289144,0.5,0.12015787788644572,0.42471073432012746,0.083463086718559606,121,1,False,-0.11576344146573989,0.35607919723863135,0.53085640685496638,False,False,I1
2020-06-30,VOO,6,2020-12-31,2020-12-31,18,0.015291643822863854,0.16838100675717849,-0.010322120884568962,51.794746792312019,0.060608752040418455,0.5,0.030304376020209228,0.39692015389448071,0.038017886312248117,112,1,False,-0.19835184345069512,0.25896059549111355,0.86456969553673968,False,False,I1
2020-06-30,VWO,6,2020-12-31,2020-12-31,18,-0.014485524201414579,0.12291615000795998,-0.030641598214714731,10000,0.059887816216444997,0.5,0.029943908108222499,0.58954637899406193,0.021574529564378886,178,1,False,-0.21642149831236543,0.27630931452881041,0.76921544923659713,False,False,I1
2020-06-30,VXUS,6,2020-12-31,2020-12-31,18,0.021488584433862146,0.2339690522546824,-0.029441883090412329,35.564803062231285,0.09960747499597053,0.5,0.049803737497985265,0.48991647942525723,0.084682851347821914,107,1,False,-0.2020680191981572,0.30167549419412776,0.99916685494543023,False,False,I1
2020-07-31,BND,6,2021-01-29,2021-01-29,18,0.022148526282360859,0.34242482861254342,0.035357838059932679,11.513953993264458,0.18552775363337631,0.5,0.092763876816688157,0.4890461045753941,0.056237552070975881,154,1,False,-0.13315203686919264,0.31867979050256895,0.65743553048295089,False,False,I1
2020-07-31,DBC,6,2021-01-29,2021-01-29,18,-0.16277668610836749,0.18033453249181192,-0.033234644150341004,10000,0.072987126776606334,0.5,0.036493563388303167,0.49736470682250111,0.074687370583070525,168,1,False,-0.1940121710164012,0.26699929779300752,0.81700794442876756,False,False,I1
2020-07-31,GLD,6,2021-01-29,2021-01-29,18,0.080239358890345058,0.1335712139578239,-0.018339457617609217,10000,0.067755488267028263,0.5,0.033877744133514132,0.56674718761865239,0.017408966960852965,183,1,False,-0.17828796344008455,0.24604345170711281,0.65275151524961683,False,False,I1
2020-07-31,VDE,6,2021-01-29,2021-01-29,18,-0.14519139330556574,0.1671442609717726,-0.11918852974060148,10000,0.04492108359738968,0.5,0.02246054179869484,0.57314292550880741,0.045950378933248694,184,1,False,-0.30964766855526582,0.35456875215265549,0.68704646116256096,False,False,I1
2020-07-31,VMBS,6,2021-01-29,2021-01-29,18,0.0077008797063464751,0.3300169642747588,0.064468355525879845,11.513953993264458,0.17774874279410507,0.5,0.088874371397052537,0.42659002358152431,0.083553192239085777,122,1,False,-0.14595925626306183,0.32370799905716691,0.65794291844636033,False,False,I1
2020-07-31,VOO,6,2021-01-29,2021-01-29,18,-0.13196520603752826,0.14701362175428825,-0.022263610191966966,51.794746792312019,0.043819780871158037,0.5,0.021909890435579019,0.39038558407019669,0.038547994270062724,113,1,False,-0.20673492394349285,0.25055470481465092,0.89430926798062327,False,False,I1
2020-07-31,VWO,6,2021-01-29,2021-01-29,18,-0.20936571516520264,0.12344298164523268,-0.027738040158179177,10000,0.061404694084340405,0.5,0.030702347042170203,0.58964235840683943,0.021970132269952113,179,1,False,-0.21096990887111985,0.27237460295546023,0.77022327448415895,False,False,I1
2020-07-31,VXUS,6,2021-01-29,2021-01-29,18,-0.18565831043157432,0.25133937095899062,0.040761539189108104,35.564803062231285,0.14246499064202989,0.5,0.071232495321014944,0.48297321041876029,0.085408730873773986,108,1,False,-0.17442552989120014,0.31689052053323002,0.99618249527137426,False,False,I1
2020-08-31,BND,6,2021-02-26,2021-02-26,18,-0.024621363001621988,0.37745873423606413,0.13474429042452299,11.513953993264458,0.25416293963998193,0.5,0.12708146981999097,0.49201294879748952,0.057521208249057813,155,1,False,-0.090221867566256331,0.34438480720623826,0.59517192844827138,False,False,I1
2020-08-31,DBC,6,2021-02-26,2021-02-26,18,-0.27349975862141529,0.18120081640769151,0.141445836838621,10000,0.16122726583718355,0.5,0.080613632918591777,0.49758367915129237,0.075950724131720437,169,1,False,-0.14748601490557334,0.30871328074275689,0.87828701260170039,False,False,I1
2020-08-31,GLD,6,2021-02-26,2021-02-26,18,0.083644422180986999,0.13465584633395822,0.073313172440674049,10000,0.10808432953233242,0.5,0.054042164766166211,0.56683471529377105,0.017537711180635789,184,1,False,-0.15638733991736894,0.26447166944970135,0.63197840967389141,False,False,I1
2020-08-31,VDE,6,2021-02-26,2021-02-26,18,-0.43044789387408866,0.16797902647230048,0.1819888642328828,10000,0.17387101315440709,0.5,0.086935506577203545,0.57943933521599089,0.048200740940922519,185,1,False,-0.30660073391789333,0.48047174707230045,0.8177002590097816,False,False,I1
2020-08-31,VMBS,6,2021-02-26,2021-02-26,18,-0.034613582499270268,0.35821174330793049,0.12552887623513734,11.513953993264458,0.22612035634257721,0.5,0.11306017817128861,0.43231150351938269,0.085015795617845752,123,1,False,-0.11155799110296785,0.33767834744554504,0.56014273599679187,False,False,I1
2020-08-31,VOO,6,2021-02-26,2021-02-26,18,-0.13309763324174428,0.1723286355247674,0.047730191348851189,51.794746792312019,0.09591849418763683,0.5,0.047959247093818415,0.38674883268004734,0.038973074999435302,114,1,False,-0.15912612038069027,0.25504461456832711,0.8057378051073556,False,False,I1
2020-08-31,VWO,6,2021-02-26,2021-02-26,18,-0.21991844628792923,0.12445258323431937,0.15955572072509269,10000,0.13892982123649075,0.5,0.069464910618245376,0.58757994193605456,0.022753197872035065,180,1,False,-0.17076063714834466,0.30969045838483539,0.69883367459912793,False,False,I1
2020-08-31,VXUS,6,2021-02-26,2021-02-26,18,-0.19775300192412948,0.30670718520504303,0.15840696658206049,35.564803062231285,0.23021730582236893,0.5,0.11510865291118447,0.48422274698642825,0.086447489492913934,109,1,False,-0.13053631241992125,0.36075361824229019,0.86819064925887401,False,False,I1
2020-09-30,BND,6,2021-03-31,2021-03-31,19,0.1055618189926808,0.1126225806594934,-0.0526738013340943,10000,0.027336792332329305,0.5,0.013668396166164653,0.48404322406480405,0.058598059288301363,156,1,False,-0.19668989882896834,0.22402669116129767,0.78923981820574274,False,False,I1
2020-09-30,DBC,6,2021-03-31,2021-03-31,19,-0.21736799501881454,0.14480518147549473,0.037697569506337555,1526.4179671752302,0.091338216184411403,0.5,0.045669108092205701,0.50081077984933753,0.076259559181671197,170,1,False,-0.1736932227524787,0.26503143893689007,0.83397107748401744,False,False,I1
2020-09-30,GLD,6,2021-03-31,2021-03-31,19,0.15020901869973335,0.10456696058255932,-0.13431430551667459,10000,0.0013589565753599645,0.5,0.00067947828767998223,0.56795270850446,0.018055869312352271,185,1,False,-0.20448945976025665,0.2058484163356166,0.7009799324149355,False,False,I1
2020-09-30,VDE,6,2021-03-31,2021-03-31,19,-0.68252971800391182,0.15179311693836611,0.046863184275399615,10000,0.10786223760295997,0.5,0.053931118801479987,0.58133129202978229,0.048729458769131387,186,1,False,-0.3109142290019003,0.41877646660486029,0.76029050778528418,False,False,I1
2020-09-30,VMBS,6,2021-03-31,2021-03-31,19,0.085720733361016155,0.11596527319964273,-0.039092855476435304,10000,0.026536832291079979,0.5,0.01326841614553999,0.42325860841915647,0.086378016542816183,124,1,False,-0.20693255879515224,0.23346939108623224,0.85785063706793718,False,False,I1
2020-09-30,VOO,6,2021-03-31,2021-03-31,19,-0.13690116552498499,0.07385421635144597,-0.086526291102441463,10000,-0.024713564239012508,0.5,-0.012356782119506254,0.38541296473451636,0.038227902218459966,115,1,False,-0.208655029085207,0.1839414648461945,0.95690764729779676,False,False,I1
2020-09-30,VWO,6,2021-03-31,2021-03-31,19,-0.16271405133132366,0.10895970835150545,-0.090563201530407353,10000,0.026748464293689527,0.5,0.013374232146844764,0.58796088075062425,0.022427410288156424,181,1,False,-0.22001646423558507,0.24676492852927462,0.79923755243432981,False,False,I1
2020-09-30,VXUS,6,2021-03-31,2021-03-31,19,-0.16191597515400735,0.10569921826785708,-0.098408995618631062,10000,-0.0018896337482701918,0.5,-0.00094481687413509592,0.47288328104247063,0.085704821318427091,110,1,False,-0.24345667716961028,0.24156704342134011,0.99999528208171196,False,False,I1
2020-10-30,BND,6,2021-04-30,2021-04-30,19,0.16313388852257882,0.11233086055610576,-0.029890464457283911,10000,0.037880501094491523,0.5,0.018940250547245761,0.47651760764706008,0.058864396066151618,157,1,False,-0.18591954822231369,0.22380004931680522,0.78502055662107273,False,False,I1
2020-10-30,DBC,6,2021-04-30,2021-04-30,19,-0.26742218495245296,0.14311075891881331,0.02648577367343392,1526.4179671752302,0.084028778997730771,0.5,0.042014389498865386,0.49340203733553462,0.075400153254086263,171,1,False,-0.17507468745800431,0.25910346645573507,0.82114055616080039,False,False,I1
2020-10-30,GLD,6,2021-04-30,2021-04-30,19,0.20820647992262142,0.10397691690027737,-0.12360966401252092,10000,0.0054681198108217912,0.5,0.0027340599054108956,0.56715902715195654,0.018110245351314024,186,1,False,-0.20069946170403311,0.2061675815148549,0.70154175662823826,False,False,I1
2020-10-30,VDE,6,2021-04-30,2021-04-30,19,-0.64303801106065062,0.15154287086985704,0.14218188182182512,10000,0.14768834546971132,0.5,0.073844172734855662,0.58823524091654689,0.049760801653808216,187,1,False,-0.28942891450345393,0.43711725997316525,0.80086445407380136,False,False,I1
2020-10-30,VMBS,6,2021-04-30,2021-04-30,19,0.14972407170613933,0.11572821656034836,-0.053408935817359685,10000,0.016458576980907993,0.5,0.0082292884904539964,0.41308199775199761,0.08652288661496875,125,1,False,-0.20786503449105395,0.22432361147196192,0.86304036913941595,False,False,I1
2020-10-30,VOO,6,2021-04-30,2021-04-30,19,-0.14059504603832607,0.07377905722028337,-0.051278011425602281,10000,-0.0040774149565948473,0.5,-0.0020387074782974236,0.3774324552789709,0.037450517734790141,116,1,False,-0.19830887323023494,0.19423145827364008,0.91186742682874178,False,False,I1
2020-10-30,VWO,6,2021-04-30,2021-04-30,19,-0.069773865559754844,0.10887221294622271,-0.029112244436564905,10000,0.050892681814000799,0.5,0.0254463409070004,0.57981114516848209,0.021455906948920196,182,1,False,-0.2053681795271623,0.2562608613411631,0.76878202965833953,False,False,I1
2020-10-30,VXUS,6,2021-04-30,2021-04-30,19,-0.13139178553145703,0.10573717886236375,-0.037579059259728757,10000,0.027757216101985577,0.5,0.013878608050992789,0.45588885263687795,0.084378849276007126,111,1,False,-0.22741432902477138,0.25517154512675694,0.99248505246685448,False,False,I1
2020-11-30,BND,6,2021-05-31,2021-05-31,19,0.19752633744304904,0.11206367580859143,0.063931854737440785,10000,0.086349766350915527,0.5,0.043174883175457764,0.46576071951101883,0.059283709605732676,158,1,False,-0.15698481222269722,0.24333457857361274,0.76410971092765956,False,False,I1
2020-11-30,DBC,6,2021-05-31,2021-05-31,19,-0.15289100693799496,0.14583483115411519,0.054914810906990699,1526.4179671752302,0.099195367149374464,0.5,0.049597683574687232,0.48702756688820925,0.074676211373441367,172,1,False,-0.16083845893246995,0.26003382608184439,0.82621501794527596,False,False,I1
2020-11-30,GLD,6,2021-05-31,2021-05-31,19,0.11067056240701656,0.10342335572926208,-0.063201100792374856,10000,0.031831334147956553,0.5,0.015915667073978276,0.5703390542071537,0.018607408537452439,187,1,False,-0.18491350151802799,0.21674483566598457,0.69002455426542175,False,False,I1
2020-11-30,VDE,6,2021-05-31,2021-05-31,19,-0.23438642942550403,0.1514512253255233,0.13180486226891691,10000,0.14341616710588667,0.5,0.071708083552943336,0.59101548737109744,0.049967270998644321,188,1,False,-0.27036464119625908,0.41378080830214575,0.7988182178846811,False,False,I1
2020-11-30,VMBS,6,2021-05-31,2021-05-31,19,0.17897742611675094,0.11555734606136994,-0.0075420901424932485,10000,0.0414694437213965,0.5,0.02073472186069825,0.39814588413485874,0.086953116832847205,126,1,False,-0.1953332517120602,0.23680269543345669,0.8410417381572628,False,False,I1
2020-11-30,VOO,6,2021-05-31,2021-05-31,19,0.0094761014537960708,0.073677375062421085,-0.046712181923878916,10000,-0.0025568777128299621,0.5,-0.001278438856414981,0.3667702192481172,0.036577038398397113,117,1,False,-0.1941429124131851,0.19158603470035512,0.88697469097434856,False,False,I1
2020-11-30,VWO,6,2021-05-31,2021-05-31,19,0.060695321711785155,0.10857083428429767,0.065400536880528895,10000,0.090075003453816763,0.5,0.045037501726908381,0.57156119038303832,0.020342370671994327,183,1,False,-0.18531672308490574,0.27539172653872251,0.7253077283196715,False,False,I1
2020-11-30,VXUS,6,2021-05-31,2021-05-31,19,0.028000136321554736,0.10555976550565205,0.0078971127454987803,10000,0.050450715321442526,0.5,0.025225357660721263,0.43572032269540983,0.082635574654815705,112,1,False,-0.21606422579410825,0.2665149411155508,0.9647638123191552,False,False,I1
2020-12-31,BND,6,2021-06-30,2021-06-30,19,0.047687206780919755,0.11272099208278345,0.050254230981922651,10000,0.079468652121621117,0.5,0.039734326060810558,0.46767946064192334,0.060537613256599621,159,1,False,-0.15786780478619597,0.2373364569078171,0.77080124856421006,False,False,I1
2020-12-31,DBC,6,2021-06-30,2021-06-30,19,-0.26572793372868553,0.1460373215295819,0.005227123235503733,1526.4179671752302,0.073711956510177978,0.5,0.036855978255088989,0.4863627358271706,0.07454812385194283,173,1,False,-0.172456752816049,0.24616870932622698,0.8069783958671487,False,False,I1
2020-12-31,GLD,6,2021-06-30,2021-06-30,19,0.0920989332818547,0.10414186018923512,-0.054229269358339556,10000,0.036753250544009554,0.5,0.018376625272004777,0.57448930346245952,0.019580029462294601,188,1,False,-0.17985529076557599,0.21660854130958557,0.69029780956332776,False,False,I1
2020-12-31,VDE,6,2021-06-30,2021-06-30,19,-0.50394680666862435,0.15231185748983783,0.064984454734435829,10000,0.11721724297741565,0.5,0.058608621488707824,0.59812597872949724,0.050648291074604695,189,1,False,-0.27353398255975675,0.3907512255371724,0.77623046149952057,False,False,I1
2020-12-31,VMBS,6,2021-06-30,2021-06-30,19,0.036659863658544345,0.11615892392191798,0.020592242391797518,10000,0.058882377443355706,0.5,0.029441188721677853,0.40066406448873082,0.088380825231976101,127,1,False,-0.18512138449777579,0.24400376194113152,0.82825199441555208,False,False,I1
2020-12-31,VOO,6,2021-06-30,2021-06-30,19,-0.12278927724638167,0.074396123729845304,-0.054652471481034526,10000,-0.0082447891660540045,0.5,-0.0041223945830270023,0.35961400617453593,0.03639665369860446,118,1,False,-0.18938828866033855,0.18114349949428457,0.89678447922116422,False,False,I1
2020-12-31,VWO,6,2021-06-30,2021-06-30,19,-0.069800938002764212,0.10959253354114715,0.064724299481898478,10000,0.090181321949331192,0.5,0.045090660974665596,0.56737295329735105,0.020153088634638851,184,1,False,-0.18253635598169132,0.27271767793102253,0.71826926830956006,False,False,I1
2020-12-31,VXUS,6,2021-06-30,2021-06-30,19,-0.089182621674964269,0.10646000216873198,-0.025963753561526064,10000,0.030344640285567395,0.5,0.015172320142783698,0.4252136902218015,0.082094450847550626,113,1,False,-0.20974635813369061,0.24009099841925799,0.97456246346761732,False,False,I1
2021-01-29,BND,6,2021-07-30,2021-07-30,19,0.091342016599453846,0.11224211639455478,0.16687049133581289,10000,0.14201223777345023,0.5,0.071006118886725117,0.45504288914127033,0.060297681463010636,160,1,False,-0.12570473743045216,0.26771697520390236,0.75179224461446958,False,False,I1
2021-01-29,DBC,6,2021-07-30,2021-07-30,19,-0.1900835754419683,0.14975694559232203,0.10956019875234219,1526.4179671752302,0.12885512166311694,0.5,0.06442756083155847,0.48001205141267689,0.073184188162515748,174,1,False,-0.14274768669153165,0.27160280835464856,0.84311721338901013,False,False,I1
2021-01-29,GLD,6,2021-07-30,2021-07-30,19,0.10981933254709464,0.10338874369506618,0.096187327045429954,10000,0.10033016973771355,0.5,0.050165084868856777,0.57528162774651537,0.019900978295247253,189,1,False,-0.14330289385406453,0.24363306359177805,0.65886048890134896,False,False,I1
2021-01-29,VDE,6,2021-07-30,2021-07-30,19,-0.20336229789190474,0.15219796263354612,0.17327625878728711,10000,0.16084934345923774,0.5,0.080424671729618868,0.58955976504978636,0.049617555893656427,190,1,False,-0.24015131451305693,0.40100065797229467,0.81176555245859106,False,False,I1
2021-01-29,VMBS,6,2021-07-30,2021-07-30,19,0.098503912859212117,0.11573502114555945,0.12734857354642534,10000,0.12285098808823194,0.5,0.061425494044115972,0.38727043224586993,0.087750513157557108,128,1,False,-0.14845314013102945,0.27130412821926142,0.79364617846059327,False,False,I1
2021-01-29,VOO,6,2021-07-30,2021-07-30,19,-0.099590711535425092,0.073781639871099133,-0.017705111706103453,10000,0.014499069947348949,0.5,0.0072495349736744746,0.35200923738423895,0.034981848154603347,119,1,False,-0.17798417742780917,0.19248324737515812,0.85138586731432564,False,False,I1
2021-01-29,VWO,6,2021-07-30,2021-07-30,19,0.09823150688248683,0.10859699670220901,0.11745947570801875,10000,0.11248258846949635,0.5,0.056241294234748176,0.56156829655221907,0.018912446451937012,185,1,False,-0.18381992089789106,0.29630250936738739,0.69015770813572885,False,False,I1
2021-01-29,VXUS,6,2021-07-30,2021-07-30,19,0.0057640217030747731,0.10546376242011628,0.047695850301879464,10000,0.071619517853980741,0.5,0.03580975892699037,0.41413419102174531,0.079745742415277612,114,1,False,-0.20987394145574612,0.28149345930972686,0.93833397153467202,False,False,I1
2021-02-26,BND,6,2021-08-31,2021-08-31,19,0.12033906975496333,0.11209616800400117,0.071257749123565736,10000,0.089472227547668842,0.5,0.044736113773834421,0.44601331107921921,0.059770233981863853,161,1,False,-0.15103088498861866,0.24050311253628753,0.76154981972151536,False,False,I1
2021-02-26,DBC,6,2021-08-31,2021-08-31,19,-0.011040507216180773,0.15058598949834362,0.095258125579404135,1526.4179671752302,0.12177922558807705,0.5,0.060889612794038525,0.47934436882524184,0.071203137038036143,175,1,False,-0.15845990590894388,0.28023913149702095,0.82565228815374903,False,False,I1
2021-02-26,GLD,6,2021-08-31,2021-08-31,19,0.084809329284850632,0.10367403114468933,-0.017716022041291971,10000,0.0519889087058003,0.5,0.02599445435290015,0.57422275481087048,0.020236470105172197,190,1,False,-0.16682574117132956,0.21881464987712987,0.68889322841257805,False,False,I1
2021-02-26,VDE,6,2021-08-31,2021-08-31,19,0.078147629498099835,0.15234371693832366,0.095208516875599267,10000,0.12875153873828765,0.5,0.064375769369143826,0.58708155088043867,0.047104124219479751,191,1,False,-0.32919477931796015,0.45794631805624775,0.76706607029765406,False,False,I1
2021-02-26,VMBS,6,2021-08-31,2021-08-31,19,0.13623508129809125,0.11553075362401916,0.052452950156992147,10000,0.076276978527267919,0.5,0.03813848926363396,0.37769273913809359,0.086801954276496424,129,1,False,-0.16964001265950379,0.24591699118677174,0.81920814507550765,False,False,I1
2021-02-26,VOO,6,2021-08-31,2021-08-31,19,-0.055375340967862563,0.074219551225419081,-0.09967805902605878,10000,-0.03903520411071059,0.5,-0.019517602055355295,0.34872736219693284,0.033581185809633776,120,1,False,-0.20108443117150251,0.16204922706079192,0.89889433428031762,False,False,I1
2021-02-26,VWO,6,2021-08-31,2021-08-31,19,0.15001545102103897,0.10968092763120517,-0.012542287004769906,10000,0.056058431242227612,0.5,0.028029215621113806,0.56127404643475676,0.017628409394195795,186,1,False,-0.23358514325989652,0.28964357450212413,0.737632240446912,False,False,I1
2021-02-26,VXUS,6,2021-08-31,2021-08-31,19,0.061752778271980002,0.1063206937370903,-0.010967755870712338,10000,0.037044536362322501,0.5,0.018522268181161251,0.40935226267873537,0.07733270985580451,115,1,False,-0.25711347337731066,0.29415800973963319,0.95927917328583245,False,False,I1
2021-03-31,BND,6,2021-09-30,2021-09-30,20,-0.060557710466585424,-0.0086622832076157646,-0.029789496870882781,5.4286754393238592,-0.020226997154342525,0.5,-0.010113498577171262,0.45261527946613062,0.060052898086868894,162,1,False,-0.20494815317630449,0.18472115602196199,0.81626662363043878,False,False,I1
2021-03-31,DBC,6,2021-09-30,2021-09-30,20,-0.22459726942292979,0.15966508853013633,0.0074204142357629146,6866.488450042998,0.079977071547537665,0.5,0.039988535773768832,0.47657928034633562,0.069563528333167687,176,1,False,-0.20038915919705469,0.28036623074459233,0.78657890781176287,False,False,I1
2021-03-31,GLD,6,2021-09-30,2021-09-30,20,-0.043295379601361872,0.085762294685562762,-0.0018247106844850075,10000,0.048904308944709256,0.5,0.024452154472354628,0.57918431409851723,0.0209169546527877,191,1,False,-0.16775682012147364,0.2166611290661829,0.69295231226426379,False,False,I1
2021-03-31,VDE,6,2021-09-30,2021-09-30,20,-0.086948349826425742,0.18545478146265149,0.13330094165897685,10000,0.16360356465920925,0.5,0.081801782329604625,0.58102381558677374,0.043303947957899581,192,1,False,-0.65465905447578709,0.81826261913499643,0.78659274451975902,False,False,I1
2021-03-31,VMBS,6,2021-09-30,2021-09-30,20,-0.040535513669490153,0.0046827600893479815,-0.019579171493707238,5.4286754393238592,-0.010261195597671408,0.5,-0.0051305977988357039,0.38405746319652467,0.086793637192531206,130,1,False,-0.21218140081080861,0.20192020521313719,0.87990612973595317,False,False,I1
2021-03-31,VOO,6,2021-09-30,2021-09-30,20,-0.16543128449700617,0.29942022647734473,-0.14912596478954118,0.82864277285468424,0.0039115843901248405,0.5,0.0019557921950624202,0.34118570653208014,0.032172240757281555,121,1,False,-0.17372224576942477,0.17763383015954962,0.82022433310612164,False,False,I1
2021-03-31,VWO,6,2021-09-30,2021-09-30,20,-0.021705938677005876,0.62310150194706626,-0.097027516158775043,0.019306977288832496,0.30235311194663433,0.5,0.15117655597331717,0.55459593776112803,0.016664011208497826,187,1,False,-0.1047674968591705,0.40712060880580481,0.46212010802483428,False,False,I1
2021-03-31,VXUS,6,2021-09-30,2021-09-30,20,-0.077123051600132109,0.61557749206553081,-0.12553659034448411,0.013257113655901081,0.16971371822600873,0.5,0.084856859113004363,0.39838712497591994,0.07527022119192682,116,1,False,-0.17360137132036288,0.34331508954637158,0.74901758289817888,False,False,I1
2021-04-30,BND,6,2021-10-29,2021-10-29,20,-0.066941809671645758,0.018673114596592905,0.043489962700254563,5.4286754393238592,0.032101398046875486,0.5,0.016050699023437743,0.45890455571989902,0.060685296801198406,163,1,False,-0.14748071597474319,0.17958211402161869,0.79522783531296448,False,False,I1
2021-04-30,DBC,6,2021-10-29,2021-10-29,20,-0.24825267373576076,0.16008264876586309,0.17996410044544964,6866.488450042998,0.17054614096265322,0.5,0.08527307048132661,0.47370582563980401,0.06765965424680824,177,1,False,-0.17947827628369661,0.35002441724634981,0.84232366876876452,False,False,I1
2021-04-30,GLD,6,2021-10-29,2021-10-29,20,-0.062157300899912449,0.086866190529062443,-0.090553560086962026,10000,0.01298768335947186,0.5,0.0064938416797359301,0.58359479757425659,0.021892420930234757,192,1,False,-0.19432310297030969,0.20731078632978156,0.71354732568595136,False,False,I1
2021-04-30,VDE,6,2021-10-29,2021-10-29,20,-0.27136714236974047,0.18598236533744888,0.20240845638133523,10000,0.19291922670103576,0.5,0.096459613350517878,0.577692504865987,0.039747772004435598,193,1,False,-0.62059135193645298,0.81351057863748877,0.79425880241515745,False,False,I1
2021-04-30,VMBS,6,2021-10-29,2021-10-29,20,-0.050811847371261099,0.032304463781672274,0.043181819206258958,5.4286754393238592,0.038885361824883453,0.5,0.019442680912441727,0.39499098941494348,0.087274022188818287,131,1,False,-0.17138211425927985,0.2102674760841633,0.85464142897161166,False,False,I1
2021-04-30,VOO,6,2021-10-29,2021-10-29,20,-0.16404556163776507,0.29810868421752429,-0.088471940131996468,0.82864277285468424,0.041635827325340269,0.5,0.020817913662670134,0.33656049802356847,0.030756115455678214,122,1,False,-0.15287862715491057,0.19451445448025084,0.74841794584306587,False,False,I1
2021-04-30,VWO,6,2021-10-29,2021-10-29,20,-0.026217110005611444,0.36702087057048116,-0.025596561836278141,0.019306977288832496,0.19037382687060722,0.5,0.095186913435303611,0.55007845011613199,0.016204235268241163,188,1,False,-0.15114037031975053,0.34151419719035775,0.58728615814544161,False,False,I1
2021-04-30,VXUS,6,2021-10-29,2021-10-29,20,-0.07960531638529289,0.42718220654844141,-0.0075267993406772649,0.013257113655901081,0.162736971282786,0.5,0.081368485641392999,0.39167297736383333,0.073503879254120108,117,1,False,-0.16911286431744499,0.33184983560023096,0.73752080707519574,False,False,I1
2021-05-31,BND,6,2021-11-30,2021-11-30,20,-0.052798441731804258,0.12585114750375276,0.039992888218542931,5.4286754393238592,0.079592709973377029,0.5,0.039796354986688515,0.46122320769733638,0.061519693390477984,164,1,False,-0.11197509493368199,0.19156780490705902,0.77387671997962315,False,False,I1
2021-05-31,DBC,6,2021-11-30,2021-11-30,20,-0.12018316221473324,0.16038653427999461,0.14110803477420369,6866.488450042998,0.15019807308092151,0.5,0.075099036540460753,0.47151171199746816,0.066420605588466644,178,1,False,-0.18072066005459486,0.33091873313551634,0.82134246123309884,False,False,I1
2021-05-31,GLD,6,2021-11-30,2021-11-30,20,0.021335849391515116,0.087947176976453156,-0.083869220105162942,10000,0.016993099388846911,0.5,0.0084965496944234553,0.58703547046268412,0.022352411300580771,193,1,False,-0.18645153209770687,0.20344463148655378,0.71408805975868161,False,False,I1
2021-05-31,VDE,6,2021-11-30,2021-11-30,20,-0.13861578497514959,0.18580533308455308,0.16631486653800029,10000,0.17753814203548968,0.5,0.088769071017744838,0.57583411206102653,0.038334709110466839,194,1,False,-0.43202456504626746,0.60956270708175708,0.77092656832901252,False,False,I1
2021-05-31,VMBS,6,2021-11-30,2021-11-30,20,-0.039536034677402521,0.13449055615742295,0.044646946321063231,5.4286754393238592,0.08087458224481317,0.5,0.040437291122406585,0.40322996804930933,0.087968744945848068,132,1,False,-0.13350262095502369,0.21437720319983683,0.82719669850491895,False,False,I1
2021-05-31,VOO,6,2021-11-30,2021-11-30,20,-0.14376864012799218,0.35959738379495976,-0.093969613177753125,0.82864277285468424,0.059019048007553233,0.5,0.029509524003776617,0.33730113126928046,0.030583107211760472,123,1,False,-0.14265120975429588,0.20167025776184913,0.7312324281753928,False,False,I1
2021-05-31,VWO,6,2021-11-30,2021-11-30,20,0.033367482582662311,0.57351156876065557,0.035311572918224128,0.019306977288832496,0.33062174344304174,0.5,0.16531087172152087,0.54869968934610591,0.016439637842016526,189,1,False,-0.07634552664169636,0.4069672700847381,0.4366723532360603,False,False,I1
2021-05-31,VXUS,6,2021-11-30,2021-11-30,20,0.0037559612924865649,0.60276428646599078,0.042540520318338007,0.013257113655901081,0.26037171314051749,0.5,0.13018585657025875,0.38882890370767992,0.073118254314013628,118,1,False,-0.12027835580624299,0.38065006894676046,0.5389473717523664,False,False,I1
2021-06-30,BND,6,2021-12-31,2021-12-31,20,0.074882733318036854,0.14978988980280514,0.047159937677349807,5.4286754393238592,0.094246768417555832,0.5,0.047123384208777916,0.45880203356859078,0.06143586013829884,165,1,False,-0.1006316451745629,0.19487841359211872,0.76866394794889104,False,False,I1
2021-06-30,DBC,6,2021-12-31,2021-12-31,20,-0.016357335815575524,0.16052276760373149,0.15820995746945235,6866.488450042998,0.1592926928997925,0.5,0.079646346449896252,0.46814713161812871,0.064565027156527247,179,1,False,-0.20832785050235514,0.36762054340214767,0.8209504046803856,False,False,I1
2021-06-30,GLD,6,2021-12-31,2021-12-31,20,0.051670734347884606,0.087863988176044155,-0.075079484248464931,10000,0.021017640009883053,0.5,0.010508820004941527,0.58975743445549378,0.022711929455123424,194,1,False,-0.18230820124190578,0.20332584125178882,0.71462647221667397,False,False,I1
2021-06-30,VDE,6,2021-12-31,2021-12-31,20,0.056919402779478157,0.18585840044285454,0.28348782226297908,10000,0.22767622753380665,0.5,0.11383811376690332,0.57166777892018494,0.035553778260317657,195,1,False,-0.62262272303848842,0.8502989505722951,0.79281662167588485,False,False,I1
2021-06-30,VMBS,6,2021-12-31,2021-12-31,20,0.080167673131738226,0.15898209431699611,0.059384375487478824,5.4286754393238592,0.099249634147099683,0.5,0.049624817073549841,0.40026276834571628,0.087582963883537521,133,1,False,-0.11672199105324502,0.21597162520034471,0.81485570921357187,False,False,I1
2021-06-30,VOO,6,2021-12-31,2021-12-31,20,-0.042899831016160794,0.37633726078507695,-0.061460015575366518,0.82864277285468424,0.08400642298680526,0.5,0.04200321149340263,0.33226894367978571,0.029346233143549651,124,1,False,-0.13014971638147305,0.21415613936827832,0.68122774768526306,False,False,I1
2021-06-30,VWO,6,2021-12-31,2021-12-31,20,0.15411733934054395,0.59885388108917836,0.097790913100649843,0.019306977288832496,0.37182440614868234,0.5,0.18591220307434117,0.54690430256323852,0.015985740074412419,190,1,False,-0.054149026106711851,0.42597343225539419,0.37626062575480779,False,False,I1
2021-06-30,VXUS,6,2021-12-31,2021-12-31,20,0.10103614573586928,0.63057571074900742,0.10249722521335611,0.013257113655901081,0.30457510291741546,0.5,0.15228755145870773,0.38266637107755597,0.071754381406543222,119,1,False,-0.093427434927269015,0.39800253784468448,0.46038229278954995,False,False,I1
2021-07-30,BND,6,2022-01-31,2022-01-31,20,0.1939474005271028,0.23126808132307058,0.16898818675384594,5.4286754393238592,0.19770943314005271,0.5,0.098854716570026355,0.46116401745482793,0.061616017707341937,166,1,False,-0.045914820410577831,0.24362425355063055,0.71514132411351483,False,False,I1
2021-07-30,DBC,6,2022-01-31,2022-01-31,20,0.016234400305348728,0.16126647728857213,0.24232311141938129,6866.488450042998,0.20442040235213052,0.5,0.10221020117606526,0.46760773468687838,0.063150312697646718,180,1,False,-0.18029372191477494,0.38471412426690549,0.83721795436161695,False,False,I1
2021-07-30,GLD,6,2022-01-31,2022-01-31,20,0.17789238507957428,0.088586259546034857,0.044313441623114701,10000,0.070429049417034387,0.5,0.035214524708517193,0.58987905037776145,0.023158634086364305,195,1,False,-0.15720123739596201,0.22763028681299638,0.69321945054641365,False,False,I1
2021-07-30,VDE,6,2022-01-31,2022-01-31,20,-0.1805630605226618,0.18646494420804649,0.28792349394149724,10000,0.22999579135749681,0.5,0.11499789567874841,0.57094944424286154,0.034334818688112438,196,1,False,-0.60204881461263915,0.83204460597013596,0.77873947428041745,False,False,I1
2021-07-30,VMBS,6,2022-01-31,2022-01-31,20,0.18522419688757563,0.23785707526188055,0.16461775299821788,5.4286754393238592,0.19399781952713355,0.5,0.096998909763566774,0.40115153473358184,0.087664463502758957,134,1,False,-0.063797135971182709,0.25779495549831627,0.71987137256917533,False,False,I1
2021-07-30,VOO,6,2022-01-31,2022-01-31,20,0.14728959450624335,0.47455837715087029,0.054505860045912784,0.82864277285468424,0.19291740941704488,0.5,0.096458704708522441,0.32951010584361651,0.028314737586117852,125,1,False,-0.072248124618752574,0.26516553403579746,0.53626221191061074,False,False,I1
2021-07-30,VWO,6,2022-01-31,2022-01-31,20,0.20225086807725978,0.65308735415223462,0.19613291052344367,0.019306977288832496,0.4461450273830897,0.5,0.22307251369154485,0.54712700652221802,0.016416346183355215,191,1,False,-0.010341585628697358,0.45648661301178706,0.31294074621250501,False,False,I1
2021-07-30,VXUS,6,2022-01-31,2022-01-31,20,0.20941146038178471,0.694053300849097,0.17471755016699106,0.013257113655901081,0.37219703785434266,0.5,0.18609851892717133,0.38025398295414498,0.071204461742347652,120,1,False,-0.056447782417596987,0.42864482027193962,0.33239561522805627,False,False,I1
2021-08-31,BND,6,2022-02-28,2022-02-28,20,0.16776747104488987,0.18546749363996801,0.15259000744461129,5.4286754393238592,0.16780888205688413,0.5,0.083904441028442064,0.46289654025988775,0.061967652749543266,167,1,False,-0.057948916983613444,0.22575779904049759,0.73508474324724704,False,False,I1
2021-08-31,DBC,6,2022-02-28,2022-02-28,20,-0.10372763803258778,0.16128105844129031,0.24959086103812431,6866.488450042998,0.20840784675312141,0.5,0.1042039233765607,0.4663470314050881,0.062740418664973638,181,1,False,-0.16835905125500056,0.37676689800812196,0.82925962201114756,False,False,I1
2021-08-31,GLD,6,2022-02-28,2022-02-28,20,0.081298197063481181,0.089333467711815759,0.049316089873671816,10000,0.072986943433502011,0.5,0.036493471716751005,0.59151435797643637,0.023473178449621886,196,1,False,-0.15447469816339104,0.22746164159689308,0.69479365627215417,False,False,I1
2021-08-31,VDE,6,2022-02-28,2022-02-28,20,-0.29265733759991064,0.1862855844016717,0.27068816568362197,10000,0.22262020165011301,0.5,0.1113101008250565,0.56950822241959587,0.034557218742985465,197,1,False,-0.45381743992624507,0.67643764157635811,0.77892495383795124,False,False,I1
2021-08-31,VMBS,6,2022-02-28,2022-02-28,20,0.15609253699567527,0.18324001254979494,0.15029407621802843,5.4286754393238592,0.16364222148736821,0.5,0.081821110743684103,0.4051530099167186,0.088024245856798453,135,1,False,-0.076518457541012622,0.24016067902838084,0.75653474658465081,False,False,I1
2021-08-31,VOO,6,2022-02-28,2022-02-28,20,0.1398015444496935,0.40013765256872502,0.059483716445218458,0.82864277285468424,0.17066291328963676,0.5,0.085331456644818379,0.32636991695909678,0.027650530613467211,126,1,False,-0.07964958203426066,0.25031249532389743,0.57622608384592522,False,False,I1
2021-08-31,VWO,6,2022-02-28,2022-02-28,20,0.16063163879465336,0.56751151840742708,0.13196975785068246,0.019306977288832496,0.37171916676452454,0.5,0.18585958338226227,0.55046250583956646,0.017112174854384807,192,1,False,-0.045851999862182968,0.41757116662670751,0.38868757557136396,False,False,I1
2021-08-31,VXUS,6,2022-02-28,2022-02-28,20,0.17356305478748291,0.60684376135804641,0.12839309211163644,0.013257113655901081,0.31151357151530812,0.5,0.15575678575765406,0.38273638469792098,0.071126348655815685,121,1,False,-0.086781077039424198,0.39829464855473229,0.44356501363555362,False,False,I1
2021-09-30,BND,6,2022-03-31,2022-03-31,21,0.36955292915676419,-0.016032550450009717,0.16223224804627925,0.26826957952797248,0.079843155047064268,0.5,0.039921577523532134,0.46217253038282891,0.061238335111352023,168,1,False,-0.10116806706707125,0.18101122211413551,0.7721491276521284,False,False,I1
2021-09-30,DBC,6,2022-03-31,2022-03-31,21,-0.067594157321755333,0.17067976627730116,0.19844797846759854,109.85411419875572,0.18559537353950706,0.5,0.092797686769753529,0.46285316605951199,0.061161640158996153,182,1,False,-0.17303502139690813,0.35863039493641519,0.81058752771884524,False,False,I1
2021-09-30,GLD,6,2022-03-31,2022-03-31,21,0.17901948647572485,0.084210696084738065,0.11951237091221384,10000,0.098712709746140506,0.5,0.049356354873070253,0.58919757398832195,0.023134251759007754,197,1,False,-0.14001781559436907,0.23873052534050956,0.67500982210088889,False,False,I1
2021-09-30,VDE,6,2022-03-31,2022-03-31,21,-0.27189938836579852,0.18012031662615058,0.31233064101599595,232.99518105153672,0.23729222646109177,0.5,0.11864611323054589,0.56756849286323685,0.033943554255261174,198,1,False,-0.39985725484982126,0.63714948131091298,0.77189748259754742,False,False,I1
2021-09-30,VMBS,6,2022-03-31,2022-03-31,21,0.36119496559785347,0.015508325882044788,0.181868410498954,0.56898660290182934,0.11462902147182237,0.5,0.057314510735911185,0.40417981982859158,0.087078953507340476,136,1,False,-0.094730157051013258,0.20935917852283562,0.79033628272314305,False,False,I1
2021-09-30,VOO,6,2022-03-31,2022-03-31,21,0.2692353190250858,0.18687310061094997,0.031691222377311444,2.559547922699533,0.079250579191202264,0.5,0.039625289595601132,0.30647493995585279,0.026130201360628838,127,1,False,-0.13250575621326377,0.21175633540446603,0.64906622277589587,False,False,I1
2021-09-30,VWO,6,2022-03-31,2022-03-31,21,0.36960454563888423,0.22494318017368964,0.1043982591712304,0.02811768697974228,0.16863235526760276,0.5,0.084316177633801379,0.5328643924787333,0.016911044732460502,193,1,False,-0.14603835341995519,0.31467070868755798,0.58940912531976175,False,False,I1
2021-09-30,VXUS,6,2022-03-31,2022-03-31,21,0.35568065435294616,0.22679794177537463,0.058332267125879612,0.086851137375135209,0.11762381371172295,0.5,0.058811906855861476,0.35195031100076429,0.069911189637324303,122,1,False,-0.18248534201824723,0.30010915572997016,0.77943388551723058,False,False,I1
2021-10-29,BND,6,2022-04-29,2022-04-29,21,0.24726646313054612,-0.027711087732684173,0.19054946867728909,0.26826957952797248,0.089395437117033946,0.5,0.044697718558516973,0.46345539122630491,0.060479872716186357,169,1,False,-0.095161707927088779,0.18455714504412274,0.76050084371125792,False,False,I1
2021-10-29,DBC,6,2022-04-29,2022-04-29,21,-0.1390002428379411,0.18239630851819269,0.19475400839160206,109.85411419875572,0.18901782984178525,0.5,0.094508914920892625,0.46417849669254602,0.059470851558478352,183,1,False,-0.19619415813861107,0.38521198798039635,0.79801001277495631,False,False,I1
2021-10-29,GLD,6,2022-04-29,2022-04-29,21,0.08889495886021459,0.08469678687754896,0.17717927025799485,10000,0.12297130281487355,0.5,0.061485651407436774,0.58614307771262553,0.022703486341538459,198,1,False,-0.12056462268628207,0.24353592550115563,0.65702753350865017,False,False,I1
2021-10-29,VDE,6,2022-04-29,2022-04-29,21,-0.17101420775826059,0.18364584641839879,0.30379473563394166,232.99518105153672,0.23572541879898604,0.5,0.11786270939949302,0.56654137445117503,0.032409329649105381,199,1,False,-0.28846841724831429,0.5241938360473003,0.75300731157481759,False,False,I1
2021-10-29,VMBS,6,2022-04-29,2022-04-29,21,0.23611921612710807,0.0045784725201483273,0.19835234420408784,0.56898660290182934,0.11974109818995778,0.5,0.059870549094978888,0.40568547932174892,0.086072451311146297,137,1,False,-0.087978094135296142,0.2077191923252539,0.77460340967165731,False,False,I1
2021-10-29,VOO,6,2022-04-29,2022-04-29,21,0.24715047056351536,0.18330760600458962,0.049981799406400476,2.559547922699533,0.088914913373291701,0.5,0.044457456686645851,0.29201483913932702,0.024644453212203887,128,1,False,-0.1370839497630206,0.22599886313631232,0.63147988512857267,False,False,I1
2021-10-29,VWO,6,2022-04-29,2022-04-29,21,0.28211493293654444,0.11499371441016927,0.14405415431451749,0.02811768697974228,0.12890834611072863,0.5,0.064454173055364314,0.52118303279788425,0.016688734656491056,194,1,False,-0.16317381379575552,0.29208215990648417,0.62817810072972102,False,False,I1
2021-10-29,VXUS,6,2022-04-29,2022-04-29,21,0.2778257098054433,0.12337651828647442,0.060332518242197944,0.086851137375135209,0.081375907888561749,0.5,0.040687953944280875,0.3337889352132607,0.068695608287546936,123,1,False,-0.18432220936522287,0.26569811725378462,0.81649250558021336,False,False,I1
2021-11-30,BND,6,2022-05-31,2022-05-31,21,0.37785400790999668,0.064368338921002646,0.21606986942401535,0.26826957952797248,0.14621623500563954,0.5,0.073108117502819772,0.46046756540131656,0.059813529690021704,170,1,False,-0.06579234897800755,0.21200858398364708,0.73104845300518317,False,False,I1
2021-11-30,DBC,6,2022-05-31,2022-05-31,21,-0.15432091188845543,0.20619404197983365,0.21933860013897721,109.85411419875572,0.2132371260901042,0.5,0.1066185630450521,0.46418251378261366,0.058494471048841333,184,1,False,-0.18135584146463299,0.39459296755473716,0.79744030191406168,False,False,I1
2021-11-30,GLD,6,2022-05-31,2022-05-31,21,0.25754690221298748,0.084990878893108732,0.18396763348191,10000,0.12590084430766441,0.5,0.062950422153832203,0.58667097557890169,0.022696613794050909,199,1,False,-0.11605043513163987,0.24195127943930428,0.65784593246024914,False,False,I1
2021-11-30,VDE,6,2022-05-31,2022-05-31,21,-0.31732852918035936,0.19917917549108793,0.31691311519701038,232.99518105153672,0.2503689704890969,0.5,0.12518448524454845,0.56520783109890338,0.031554204075984103,200,1,False,-0.27323174777924858,0.52360071826834553,0.74369746793795644,False,False,I1
2021-11-30,VMBS,6,2022-05-31,2022-05-31,21,0.36276211585067952,0.10415776829787973,0.21367055875644939,0.56898660290182934,0.16962145849047014,0.5,0.08481072924523507,0.40222790490069465,0.085162244890939431,138,1,False,-0.058009740726188572,0.2276311992166587,0.73784692899720494,False,False,I1
2021-11-30,VOO,6,2022-05-31,2022-05-31,21,0.38275914392891164,0.2755231590298397,0.062546232144247454,2.559547922699533,0.1212511526614513,0.5,0.060625576330725649,0.27563981401956827,0.023338925356853533,129,1,False,-0.1149710542741402,0.23622220693559151,0.59849836096633768,False,False,I1
2021-11-30,VWO,6,2022-05-31,2022-05-31,21,0.40473594879714203,0.29021775467922539,0.14562905987900288,0.02811768697974228,0.21872868435151038,0.5,0.10936434217575519,0.50556943316701852,0.016774266697138086,195,1,False,-0.114577684318483,0.33330636866999341,0.54725892334646109,False,False,I1
2021-11-30,VXUS,6,2022-05-31,2022-05-31,21,0.37124594416806034,0.31006383661544779,0.10608613160139035,0.086851137375135209,0.16962825375916529,0.5,0.084814126879582646,0.31151503618199766,0.068171901456941617,124,1,False,-0.1335049833154219,0.30313323707458717,0.69366801847355219,False,False,I1
2021-12-31,BND,6,2022-06-30,2022-06-30,21,0.24066851720955063,-0.0020354450821278153,0.24791807664875437,0.26826957952797248,0.13324478602137968,0.5,0.06662239301068984,0.45877845542356532,0.059901653687846355,171,1,False,-0.071663799228405434,0.20490858524978511,0.73896792764714858,False,False,I1
2021-12-31,DBC,6,2022-06-30,2022-06-30,21,-0.2009736594648921,0.20165857893158817,0.21629419552445497,109.85411419875572,0.20949677254115348,0.5,0.10474838627057674,0.46444390915613848,0.058089866687412048,185,1,False,-0.17775262966670696,0.38724940220786047,0.78190846517073154,False,False,I1
2021-12-31,GLD,6,2022-06-30,2022-06-30,21,0.13712776225238299,0.085038447579015825,0.17274807241846812,10000,0.12114278914451383,0.5,0.060571394572256916,0.58836511236269606,0.022841484396820072,200,1,False,-0.11771836967593033,0.23886115882044415,0.66251773589713958,False,False,I1
2021-12-31,VDE,6,2022-06-30,2022-06-30,21,-0.17426025034944725,0.19842343771186313,0.3190692369771912,232.99518105153672,0.25068647907195379,0.5,0.1253432395359769,0.56680595861317862,0.031680399094409444,201,1,False,-0.26832757760905734,0.51901405668101108,0.75155049687856124,False,False,I1
2021-12-31,VMBS,6,2022-06-30,2022-06-30,21,0.22884416193716572,0.036294941998582797,0.2417393169259851,0.56898660290182934,0.15962462467584029,0.5,0.079812312337920147,0.39969306669584703,0.085126312720009922,139,1,False,-0.062239799781238433,0.22186442445707871,0.74615984908615285,False,False,I1
2021-12-31,VOO,6,2022-06-30,2022-06-30,21,0.30466523709830351,0.23611867307790063,0.056779363224638973,2.559547922699533,0.10372117009766658,0.5,0.051860585048833292,0.26174856427983451,0.022829396461676497,130,1,False,-0.12371386329150164,0.22743503338916821,0.60001337977028335,False,False,I1
2021-12-31,VWO,6,2022-06-30,2022-06-30,21,0.27026079624900867,0.20434168035209305,0.11439212462208505,0.02811768697974228,0.15888183864946887,0.5,0.079440919324734433,0.49460737928404974,0.017474996659604447,196,1,False,-0.14032587054541701,0.29920770919488587,0.6419214806215654,False,False,I1
2021-12-31,VXUS,6,2022-06-30,2022-06-30,21,0.29595459652258849,0.2282346768351243,0.095846814919155893,0.086851137375135209,0.13446558699759276,0.5,0.067232793498796378,0.29170931171129333,0.06843481541117305,125,1,False,-0.15107318873693829,0.28553877573453101,0.75717873863125129,False,False,I1
2022-01-31,BND,6,2022-07-29,2022-07-29,21,0.12362534706739425,0.040711029092682871,0.15158074170878877,0.26826957952797248,0.10075850802482846,0.5,0.050379254012414228,0.45839600811391862,0.060680989425283889,172,1,False,-0.087447990443065365,0.18820649846789381,0.75478393720999692,False,False,I1
2022-01-31,DBC,6,2022-07-29,2022-07-29,21,-0.10862788299161164,0.22225241228969383,0.2076088652579719,109.85411419875572,0.21444471476674687,0.5,0.10722235738337343,0.46681650927651747,0.057864837298261175,186,1,False,-0.16533151397473783,0.3797762287414847,0.78923442867033855,False,False,I1
2022-01-31,GLD,6,2022-07-29,2022-07-29,21,0.07808103371751407,0.08539946704468733,0.12372573143025906,10000,0.1011552369731281,0.5,0.050577618486564051,0.5889041058128226,0.023612881912654666,201,1,False,-0.11952123519351757,0.22067647216664568,0.67633171168233863,False,False,I1
2022-01-31,VDE,6,2022-07-29,2022-07-29,21,-0.17279877443972547,0.21498272617956185,0.2929315744067999,232.99518105153672,0.24867504893436107,0.5,0.12433752446718054,0.56776368707105551,0.030629688898285327,202,1,False,-0.2397128022677531,0.4883878512021142,0.72962275125283416,False,False,I1
2022-01-31,VMBS,6,2022-07-29,2022-07-29,21,0.10581291439706675,0.085046196160198873,0.13840917160603089,0.56898660290182934,0.11714905727376652,0.5,0.058574528636883262,0.39840571397382429,0.085841297606921108,140,1,False,-0.080360460726695809,0.19750951800046232,0.77175398836057629,False,False,I1
2022-01-31,VOO,6,2022-07-29,2022-07-29,21,0.1208982298563378,0.30224774048360953,0.087344512089306936,2.559547922699533,0.14235983485908391,0.5,0.071179917429541953,0.25600044811255845,0.023779474309344947,131,1,False,-0.10250613826592943,0.24486597312501335,0.58968361605050812,False,False,I1
2022-01-31,VWO,6,2022-07-29,2022-07-29,21,0.19279751118898303,0.053804041797698335,0.13826556010640417,0.02811768697974228,0.09752332013404405,0.5,0.048761660067022025,0.48237636249265281,0.018412945245480872,197,1,False,-0.15977821646584922,0.25730153659989324,0.70018170956441639,False,False,I1
2022-01-31,VXUS,6,2022-07-29,2022-07-29,21,0.16599438138675138,0.17263662580294181,0.1650958616081869,0.086851137375135209,0.16718313428357831,0.5,0.083591567141789155,0.27679856066089908,0.06955367767284458,126,1,False,-0.12839613781921494,0.29557927210279328,0.72896308983875913,False,False,I1
2022-02-28,BND,6,2022-08-31,2022-08-31,21,0.23350403302496225,-0.051527685730980669,0.12371374874105122,0.26826957952797248,0.043391653052327415,0.40000000000000002,0.017356661220930967,0.45835105111253249,0.06129998642886543,173,1,False,-0.11703356856014166,0.15174689100200359,0.77435738913009577,False,False,I1
2022-02-28,DBC,6,2022-08-31,2022-08-31,21,0.034460976414263378,0.24480548457997953,0.14461974811851011,109.85411419875572,0.19165848858596343,0.40000000000000002,0.076663395434385384,0.46951534348947965,0.057000706414138985,187,1,False,-0.18684304121745027,0.34016983208622104,0.76155251565337889,False,False,I1
2022-02-28,GLD,6,2022-08-31,2022-08-31,21,0.2528732447920875,0.085771970357457011,0.12932480295108351,10000,0.10365681267414115,0.40000000000000002,0.04146272506965646,0.58935294786540737,0.023898452779737962,202,1,False,-0.12139475784937998,0.20432020798869288,0.67859103604992532,False,False,I1
2022-02-28,VDE,6,2022-08-31,2022-08-31,21,-0.077702613546104082,0.22489971784258406,0.11045632338325177,232.99518105153672,0.175464879529276,0.40000000000000002,0.070185951811710404,0.56804113905521347,0.029037141969722784,203,1,False,-0.37894306900789249,0.51931497263131332,0.68793958379944087,False,False,I1
2022-02-28,VMBS,6,2022-08-31,2022-08-31,21,0.22340924638991755,-0.0013895613090405268,0.11757158184005277,0.56898660290182934,0.070288334225328403,0.40000000000000002,0.028115333690131361,0.39746799974395458,0.086339533347266892,141,1,False,-0.10456216878542848,0.16079283616569121,0.79340720744840143,False,False,I1
2022-02-28,VOO,6,2022-08-31,2022-08-31,21,0.23651338128946287,0.31153528137023723,0.059703031926955856,2.559547922699533,0.12316801670015308,0.40000000000000002,0.049267206680061237,0.25201293683989051,0.024658429386165769,132,1,False,-0.12407303289750546,0.22260744625762793,0.61289155318306465,False,False,I1
2022-02-28,VWO,6,2022-08-31,2022-08-31,21,0.29667533217521846,0.10151841544647242,0.095143314500119175,0.02811768697974228,0.098154033695644946,0.40000000000000002,0.039261613478257983,0.47226219958885507,0.019131221475527194,198,1,False,-0.16825465289665212,0.2467778798531681,0.70569320061353058,False,False,I1
2022-02-28,VXUS,6,2022-08-31,2022-08-31,21,0.30411472968168052,0.23522427408654795,0.12719550318174133,0.086851137375135209,0.15583923776193193,0.40000000000000002,0.06233569510477277,0.26514912962798631,0.070372649146188182,127,1,False,-0.13689720237893011,0.26156859258847565,0.75052734295891521,False,False,I1
2022-03-31,BND,6,2022-09-30,2022-09-30,22,0.080429977086604043,0.17067538472000127,0.071242785656622523,339.32217718953228,0.11623624149905847,0.5,0.058118120749529233,0.45250205934732668,0.063071555065232668,174,1,False,-0.080957972267455852,0.19719421376651433,0.75582407934978268,False,False,I1
2022-03-31,DBC,6,2022-09-30,2022-09-30,22,0.11742465654158951,0.51375639216995461,0.12051384176907375,11.513953993264458,0.30556296270085376,0.5,0.15278148135042688,0.47057247681650038,0.05633796777724593,188,1,False,-0.11028937442215167,0.4158523371230054,0.78150418339907446,False,False,I1
2022-03-31,GLD,6,2022-09-30,2022-09-30,22,0.14969890921863782,0.14174706293371381,0.0075983982865038867,494.17133613238281,0.086514285645521008,0.5,0.043257142822760504,0.58827188154689125,0.024662595802870908,203,1,False,-0.11812809616714687,0.20464238181266786,0.69056704826469306,False,False,I1
2022-03-31,VDE,6,2022-09-30,2022-09-30,22,0.058413502200869494,0.67118756180957995,0.10870232693622393,11.513953993264458,0.42891408121964575,0.5,0.21445704060982287,0.56928028405139863,0.027561962899450627,204,1,False,-0.19180584449134694,0.62071992571099266,0.7301480884358742,False,False,I1
2022-03-31,VMBS,6,2022-09-30,2022-09-30,22,0.077848987353601684,0.18666888176139207,0.079975515372684144,232.99518105153672,0.12177776081735396,0.5,0.060888880408676981,0.39179798013284944,0.088275134982834402,142,1,False,-0.081931028922955063,0.20370878974030904,0.77660227481153454,False,False,I1
2022-03-31,VOO,6,2022-09-30,2022-09-30,22,0.20224326847377183,0.20865005710646906,0.076288285921975285,51.794746792312019,0.11101857726310457,0.5,0.055509288631552287,0.26238914023536397,0.026497353368413287,133,1,False,-0.12603332310695525,0.2370519003700598,0.62434741958796613,False,False,I1
2022-03-31,VWO,6,2022-09-30,2022-09-30,22,0.18956913382150131,0.15865476448772164,0.0061472984633026452,109.85411419875572,0.078713644357178453,0.5,0.039356822178589226,0.47582159605390545,0.020892393958760143,199,1,False,-0.18827159234266228,0.2669852366998407,0.71603650803690611,False,False,I1
2022-03-31,VXUS,6,2022-09-30,2022-09-30,22,0.22002496042003639,0.22616387665448728,0.054362732173959968,51.794746792312019,0.10187026899357275,0.5,0.050935134496786376,0.27652631164513286,0.072601617936865953,128,1,False,-0.17410952316943348,0.27597979216300622,0.80336792957015746,False,False,I1
2022-04-29,BND,6,2022-10-31,2022-10-31,22,0.27274110875503144,0.16891979864801482,0.15201409824301595,339.32217718953228,0.15953544818369153,0.5,0.079767724091845765,0.4449002265798806,0.064124097397034466,175,1,False,-0.064988255584589205,0.22452370376828074,0.74549787165490833,False,False,I1
2022-04-29,DBC,6,2022-10-31,2022-10-31,22,0.29114759156461911,0.60503431139018027,0.25543682256576955,11.513953993264458,0.42021459798145988,0.5,0.21010729899072994,0.47133569514411428,0.055304432271345468,189,1,False,-0.046500386505131219,0.4667149844865911,0.7848925694477662,False,False,I1
2022-04-29,GLD,6,2022-10-31,2022-10-31,22,0.34439410207479515,0.13869640641591907,0.10445754657639816,494.17133613238281,0.1246562448713921,0.5,0.062328122435696048,0.58993489823160394,0.024977460327661807,204,1,False,-0.096014875707054859,0.22067112057844696,0.6781958570961456,False,False,I1
2022-04-29,VDE,6,2022-10-31,2022-10-31,22,-0.0028211863608795795,0.8350466820618474,0.33881737153936103,11.513953993264458,0.62192540103324534,0.5,0.31096270051662267,0.57051855561654774,0.026593298652339843,205,1,False,-0.093034285702325192,0.71495968673557053,0.72613167544906021,False,False,I1
2022-04-29,VMBS,6,2022-10-31,2022-10-31,22,0.27455430811768866,0.1855286627008767,0.16873833615538372,232.99518105153672,0.17517964174714043,0.5,0.087589820873570215,0.38363194273227119,0.089309009676150991,143,1,False,-0.07074618700358716,0.2459258287507276,0.75820444399099152,False,False,I1
2022-04-29,VOO,6,2022-10-31,2022-10-31,22,0.25859022462107406,0.21907504007932793,0.10551182130882424,51.794746792312019,0.1362911824866393,0.5,0.068145591243319648,0.27103283537618006,0.028144018422108081,134,1,False,-0.12789548144588864,0.26418666393252793,0.61922519999059711,False,False,I1
2022-04-29,VWO,6,2022-10-31,2022-10-31,22,0.37403251950121486,0.16514722715157154,0.05801786670952179,109.85411419875572,0.10893017124180727,0.5,0.054465085620903637,0.47524137474736289,0.022198506653649076,200,1,False,-0.16947600249257969,0.27840617373438697,0.7074661701024455,False,False,I1
2022-04-29,VXUS,6,2022-10-31,2022-10-31,22,0.34102481281661656,0.24052625210187217,0.10155361770008826,51.794746792312019,0.14084775604742117,0.5,0.070423878023710584,0.28274730860846736,0.074192502369955712,129,1,False,-0.17210496777684403,0.3129527238242652,0.77215529464032284,False,False,I1
2022-05-31,BND,6,2022-11-30,2022-11-30,22,0.14253194053198359,0.17202240594038731,0.071201426521170189,339.32217718953228,0.11559121142150516,0.5,0.057795605710752582,0.44028321442663942,0.065906653706767196,176,1,False,-0.13703314760261809,0.25262435902412328,0.76157818170650304,False,False,I1
2022-05-31,DBC,6,2022-11-30,2022-11-30,22,0.24139022119554365,0.57164287838082428,0.13737719453902469,11.513953993264458,0.34241408175818561,0.5,0.1712070408790928,0.4721461880323351,0.054201140986293889,190,1,False,-0.10126706077463934,0.44368114253282498,0.73882535273457217,False,False,I1
2022-05-31,GLD,6,2022-11-30,2022-11-30,22,0.15089637063745565,0.14216507660090039,0.021644450596527313,494.17133613238281,0.092424971082011032,0.5,0.046212485541005516,0.58728968502798395,0.026111945410029255,205,1,False,-0.12785170428331905,0.22027667536533008,0.69638297709726915,False,False,I1
2022-05-31,VDE,6,2022-11-30,2022-11-30,22,0.026834844076990549,0.82991831862727539,0.11653180748137125,11.513953993264458,0.52403234694237033,0.5,0.26201617347118517,0.57121985500740102,0.024923775216258777,206,1,False,-0.45501778282827371,0.97905012977064398,0.67291917235870358,False,False,I1
2022-05-31,VMBS,6,2022-11-30,2022-11-30,22,0.14458317422101219,0.19113611636513106,0.086130415957273831,232.99518105153672,0.12610130535584249,0.5,0.063050652677921246,0.38065447155074433,0.091207989580140758,144,1,False,-0.11525925148341788,0.24136055683926039,0.78160940907516685,False,False,I1
2022-05-31,VOO,6,2022-11-30,2022-11-30,22,0.1185537787843659,0.2258004740170422,0.076288285921975285,51.794746792312019,0.11885734846869861,0.5,0.059428674234349305,0.28471968131224129,0.030770797129565885,135,1,False,-0.16886424206822229,0.28772159053692092,0.63448878191061597,False,False,I1
2022-05-31,VWO,6,2022-11-30,2022-11-30,22,0.17540293384026806,0.1715359764675744,0.045271674358373454,109.85411419875572,0.10579260138623611,0.5,0.052896300693118056,0.47931938019599968,0.024101678007596807,201,1,False,-0.18053757320248498,0.28633017458872112,0.71222983262733752,False,False,I1
2022-05-31,VXUS,6,2022-11-30,2022-11-30,22,0.15054919529523936,0.24885492602530848,0.078158597304201688,51.794746792312019,0.12838068745853495,0.5,0.064190343729267477,0.2942189239253582,0.076477528845325743,130,1,False,-0.20941172386297141,0.33779241132150634,0.78781444947121049,False,False,I1
2022-06-30,BND,6,2022-12-30,2022-12-30,22,0.14548155724252676,0.18241053869745916,0.12096139859712562,339.32217718953228,0.14752349306213663,0.5,0.073761746531068317,0.43226145104131142,0.066894008867799878,177,1,False,-0.10571333437678798,0.25323682743892462,0.75636887772137351,False,False,I1
2022-06-30,DBC,6,2022-12-30,2022-12-30,22,0.22497266429397245,0.65346637160874188,0.098088879736810033,11.513953993264458,0.36079223719062226,0.5,0.18039611859531113,0.47301765249498207,0.052865147266654172,191,1,False,-0.11753112332283983,0.47832336051346208,0.71130655293485612,False,False,I1
2022-06-30,GLD,6,2022-12-30,2022-12-30,22,0.12283868775932105,0.15031805921381119,0.060485151946063104,494.17133613238281,0.11319576430851437,0.5,0.056597882154257186,0.5867628463292035,0.026650857142273689,206,1,False,-0.10991986626780229,0.22311563057631664,0.69261199601943624,False,False,I1
2022-06-30,VDE,6,2022-12-30,2022-12-30,22,-0.12704454027565792,0.95984450809389132,0.024893119832662177,11.513953993264458,0.56000071223329273,0.5,0.28000035611664637,0.57233734194009167,0.023961533546859225,207,1,False,-0.28492932981973523,0.84493004205302791,0.63353814113770868,False,False,I1
2022-06-30,VMBS,6,2022-12-30,2022-12-30,22,0.14478157914132239,0.20538111052593827,0.13430597218515883,232.99518105153672,0.16083524958725601,0.5,0.080417624793628004,0.37325678178632504,0.092157204561913342,145,1,False,-0.091131028646158421,0.25196627823341444,0.77345658997405364,False,False,I1
2022-06-30,VOO,6,2022-12-30,2022-12-30,22,0.13147869994412997,0.26934662817284433,0.065749133318639033,51.794746792312019,0.12593342854912448,0.5,0.062966714274562241,0.29560430138682692,0.03278472683521836,136,1,False,-0.18915592338272547,0.31508935193184995,0.63835138790569612,False,False,I1
2022-06-30,VWO,6,2022-12-30,2022-12-30,22,0.16890755144078828,0.1966241045547773,0.070300370351861596,109.85411419875572,0.13116462406392429,0.5,0.065582312031962145,0.48181170463418638,0.02532028750384142,202,1,False,-0.16613011020195984,0.2972947342658841,0.70743123885505543,False,False,I1
2022-06-30,VXUS,6,2022-12-30,2022-12-30,22,0.11676419360476409,0.2883291565457386,0.10729495802382162,51.794746792312019,0.16197769056434622,0.5,0.080988845282173108,0.30205747304647751,0.078152926308510964,131,1,False,-0.1775820438001251,0.33955973436447129,0.75999826669353854,False,False,I1
2022-07-29,BND,6,2023-01-31,2023-01-31,22,0.19956313726860675,0.1772630918078314,0.087000303510494384,339.32217718953228,0.12586264867238123,0.5,0.062931324336190614,0.43054669476716539,0.06721272425094367,178,1,False,-0.089684194679761298,0.21554684335214253,0.76435515947525046,False,False,I1
2022-07-29,DBC,6,2023-01-31,2023-01-31,22,0.22146587965620346,0.6164588867424029,0.19216136265251832,11.513953993264458,0.39288907973853593,0.5,0.19644453986926796,0.47308246145573729,0.052024037734059038,192,1,False,-0.1012795712226644,0.49416865096120033,0.67902085571267257,False,False,I1
2022-07-29,GLD,6,2023-01-31,2023-01-31,22,0.083686291880335384,0.14504848266218184,0.027832340051588161,494.17133613238281,0.096696352617047523,0.5,0.048348176308523762,0.58749597992005254,0.026899312101574365,207,1,False,-0.11303507800307327,0.20973143062012078,0.70233260727007352,False,False,I1
2022-07-29,VDE,6,2023-01-31,2023-01-31,22,-0.0013021456999602332,1.0192696812069062,0.083066762486534121,11.513953993264458,0.619169245272984,0.5,0.309584622636492,0.57263491927498955,0.023015570527692951,208,1,False,-0.1394589841177471,0.75862822939073116,0.58814851671077994,False,False,I1
2022-07-29,VMBS,6,2023-01-31,2023-01-31,22,0.2038393833772163,0.200541003475249,0.10304662483034147,232.99518105153672,0.13952377160460572,0.5,0.069761885802302859,0.37414615366821047,0.092250736821058235,146,1,False,-0.090918532929629453,0.23044230453423517,0.78343935310662405,False,False,I1
2022-07-29,VOO,6,2023-01-31,2023-01-31,22,0.18252519931427924,0.26471893659672713,0.077856823400746178,51.794746792312019,0.13227327041776371,0.5,0.066136635208881855,0.29121177153736649,0.03342789109084697,137,1,False,-0.18131185998000027,0.31358513039776398,0.64489105915601441,False,False,I1
2022-07-29,VWO,6,2023-01-31,2023-01-31,22,0.10707975139504677,0.19221295781487704,-0.0052537350408672859,109.85411419875572,0.089468797739595596,0.5,0.044734398869797798,0.47968865741657346,0.026145298457955417,203,1,False,-0.18562039167140626,0.27508918941100186,0.72220851043732326,False,False,I1
2022-07-29,VXUS,6,2023-01-31,2023-01-31,22,0.10038593213249425,0.28648386058175412,0.11902804544954397,51.794746792312019,0.16958025818539355,0.5,0.084790129092696773,0.3018838891676438,0.07881839187728551,132,1,False,-0.16571363155073471,0.33529388973612828,0.75686695110852353,False,False,I1
2022-08-31,BND,6,2023-02-28,2023-02-28,22,0.16515431248733936,0.15538137691394255,0.061873844301532525,339.32217718953228,0.10164163544340138,0.5,0.05082081772170069,0.42528970694486057,0.068141725975938178,179,1,False,-0.14588618898884165,0.24752782443224303,0.77207954335658158,False,False,I1
2022-08-31,DBC,6,2023-02-28,2023-02-28,22,0.2407093895147564,0.51747036139562752,0.15609666271204689,11.513953993264458,0.32630419896281954,0.5,0.16315209948140977,0.47100145049517467,0.051933037416339888,193,1,False,-0.1248140027309301,0.45111820169374961,0.69168769515671158,False,False,I1
2022-08-31,GLD,6,2023-02-28,2023-02-28,22,0.094139601282954066,0.12870800615887626,0.031013304441027699,494.17133613238281,0.088262414568831452,0.5,0.044131207284415726,0.58600015273238193,0.027985725239509526,208,1,False,-0.13486127735917389,0.22312369192800532,0.70862744336192074,False,False,I1
2022-08-31,VDE,6,2023-02-28,2023-02-28,22,0.10147948184372102,0.82317625877114486,0.11576021813006969,11.513953993264458,0.51887673999001171,0.5,0.25943836999500586,0.56984362624097329,0.022533665340736989,209,1,False,-0.18324048374362095,0.70211722373363261,0.57556069683798972,False,False,I1
2022-08-31,VMBS,6,2023-02-28,2023-02-28,22,0.16863907369219044,0.17094845043973578,0.075208938896242278,232.99518105153672,0.11068655226076753,0.5,0.055343276130383763,0.37056396875816655,0.093142971580030057,147,1,False,-0.13122487374248831,0.24191142600325583,0.79527327930238312,False,False,I1
2022-08-31,VOO,6,2023-02-28,2023-02-28,22,0.14823766989845233,0.20681387866831874,0.04650904417204723,51.794746792312019,0.094264603371087038,0.5,0.047132301685543519,0.29790467236439172,0.03489952507779346,138,1,False,-0.18653563052823052,0.28080023389931758,0.66184915038427361,False,False,I1
2022-08-31,VWO,6,2023-02-28,2023-02-28,22,0.16219633168022052,0.16322934118442156,-0.0018237689147474856,109.85411419875572,0.077412181787051171,0.5,0.038706090893525585,0.48006336054007848,0.027471426074216508,204,1,False,-0.20297359059638523,0.28038577238343643,0.72781564265114485,False,False,I1
2022-08-31,VXUS,6,2023-02-28,2023-02-28,22,0.082382651046722266,0.23666679531855822,0.069813041156734618,51.794746792312019,0.12127406031464041,0.5,0.060637030157320207,0.30841990590152479,0.080512349304386222,133,1,False,-0.18508581955567416,0.30635987987031454,0.80485488291908214,False,False,I1
2022-09-30,BND,6,2023-03-31,2023-03-31,23,0.1836432495137712,0.12311687732353993,0.18338516199340452,10000,0.15791070286366513,0.5,0.078955351431832563,0.42268432342620077,0.068209994037664104,180,1,False,-0.11680325112858871,0.27471395399225385,0.76076428523873307,False,False,I1
2022-09-30,DBC,6,2023-03-31,2023-03-31,23,0.23422103897102187,0.3967585956016827,0.16010975156182974,1.7575106248547894,0.26953931689869853,0.5,0.13476965844934927,0.46241326798300453,0.052270623081933955,194,1,False,-0.15226149222428112,0.42180080912297968,0.70570134300472409,False,False,I1
2022-09-30,GLD,6,2023-03-31,2023-03-31,23,0.048469926127491458,0.098328358849254879,0.19234529204255899,10000,0.13700597267634704,0.5,0.068502986338173519,0.58861013103279192,0.028568084971467077,209,1,False,-0.10552716120520704,0.24253313388155406,0.69606516006394381,False,False,I1
2022-09-30,VDE,6,2023-03-31,2023-03-31,23,0.084561576633281232,0.64730749747969252,-0.0081782301138876873,7.9060432109076855,0.3580018872352761,0.5,0.17900094361763805,0.55863934473979249,0.022704521706737618,210,1,False,-0.22499967127776357,0.5830015585130397,0.62415871572566062,False,False,I1
2022-09-30,VMBS,6,2023-03-31,2023-03-31,23,0.18564353771525988,0.12871344942560337,0.23582305739867124,10000,0.19658894124753098,0.5,0.098294470623765492,0.36629875595292483,0.093039633848770412,148,1,False,-0.079992603379496943,0.27658154462702794,0.76833447046813808,False,False,I1
2022-09-30,VOO,6,2023-03-31,2023-03-31,23,0.077429070420003798,0.38194626965558265,0.14790131983826013,3.7275937203149381,0.21910121806372432,0.5,0.10955060903186216,0.30421463176640801,0.036103436900786108,139,1,False,-0.12409762294489753,0.34319884100862186,0.6391481517631642,False,False,I1
2022-09-30,VWO,6,2023-03-31,2023-03-31,23,0.10730222998163241,0.090713221241779218,0.19796255644646785,10000,0.14604193366690918,0.5,0.07302096683345459,0.48411137169723789,0.028262146599813021,205,1,False,-0.1672119521743472,0.31325388584125641,0.70993224484483597,False,False,I1
2022-09-30,VXUS,6,2023-03-31,2023-03-31,23,0.0094248185322627354,0.20708118640933076,0.2144105095461098,159.98587196060572,0.21209145975657184,0.5,0.10604572987828592,0.31640708783881988,0.081553488193308973,134,1,False,-0.13966796551370284,0.35175942527027471,0.71947602692673285,False,False,I1
2022-10-31,BND,6,2023-04-28,2023-04-28,23,-0.01140740586786948,0.1241298405234972,0.13834475430707513,10000,0.13231917880490321,0.5,0.066159589402451605,0.42389110436484584,0.069340000196323595,181,1,False,-0.12866683916198229,0.26098601796688548,0.77042673564589681,False,False,I1
2022-10-31,DBC,6,2023-04-28,2023-04-28,23,0.11640266045263392,0.52584853988573588,0.10368538767965754,1.7575106248547894,0.29640533073619857,0.5,0.14820266536809928,0.45650583678242251,0.053495633176716947,195,1,False,-0.12426644468679376,0.42067177542299233,0.72642468861161369,False,False,I1
2022-10-31,GLD,6,2023-04-28,2023-04-28,23,-0.1533772219467453,0.09928698084786125,0.12967652021942466,10000,0.11179253429538183,0.5,0.055896267147690915,0.58849151036417235,0.030072018386244834,210,1,False,-0.13345597479781088,0.24524850909319271,0.70834748314475438,False,False,I1
2022-10-31,VDE,6,2023-04-28,2023-04-28,23,0.096831150543607691,0.92999485223378542,-0.091573055826125474,7.9060432109076855,0.46867303363738183,0.5,0.23433651681869092,0.54841786340712961,0.022583546786985879,211,1,False,-0.16411305401291895,0.63278608765030075,0.54632776064143551,False,False,I1
2022-10-31,VMBS,6,2023-04-28,2023-04-28,23,-0.00820163954098585,0.12979935003473203,0.19536250389686499,10000,0.17121660181862425,0.5,0.085608300909312124,0.36828463330203826,0.09425785313916582,149,1,False,-0.12138705576723463,0.29260365758585888,0.78225827411121829,False,False,I1
2022-10-31,VOO,6,2023-04-28,2023-04-28,23,-0.025270616844599969,0.49018117068338879,0.1497186528501297,3.7275937203149381,0.25551733740211868,0.5,0.12775866870105934,0.31074987409863336,0.037692628241645307,140,1,False,-0.10213458078056051,0.35765191818267916,0.6449612291580743,False,False,I1
2022-10-31,VWO,6,2023-04-28,2023-04-28,23,-0.09677011974255656,0.092584542800833544,0.12049435583439723,10000,0.10690077353595701,0.5,0.053450386767978503,0.48705386460643424,0.029940643555645071,206,1,False,-0.20816525129984723,0.31506602483580426,0.72369880352040938,False,False,I1
2022-10-31,VXUS,6,2023-04-28,2023-04-28,23,-0.14228314554823052,0.26468286965148669,0.15423353777903293,159.98587196060572,0.1901028636895363,0.5,0.09505143184476815,0.32475819728746791,0.083475498005333479,135,1,False,-0.17571942103371363,0.36582228472324996,0.74661169734573651,False,False,I1
2022-11-30,BND,6,2023-05-31,2023-05-31,23,-0.032907576371519531,0.12376637958099217,0.15983193876781268,10000,0.144481498411759,0.5,0.072240749205879501,0.42562601834448294,0.069742153714651395,182,1,False,-0.10692085079415023,0.2514023492059092,0.77044750965689168,False,False,I1
2022-11-30,DBC,6,2023-05-31,2023-05-31,23,0.050453542518885897,0.61753362537666823,0.31291051455787189,1.7575106248547894,0.45058047194283873,0.5,0.22529023597141937,0.45193536700128839,0.054454279033955867,196,1,False,-0.040492655558994478,0.49107312750183318,0.76854622516193227,False,False,I1
2022-11-30,GLD,6,2023-05-31,2023-05-31,23,-0.13041611151209287,0.098994710613784315,0.13755625069016081,10000,0.11477446751059112,0.5,0.057387233755295558,0.59079028312788351,0.030644645648098916,211,1,False,-0.12460588960057517,0.23938035711116629,0.71084319078385216,False,False,I1
2022-11-30,VDE,6,2023-05-31,2023-05-31,23,0.11440339654069742,0.91418000516822184,0.43508219454854163,7.9060432109076855,0.69135955960784634,0.5,0.34567977980392317,0.53491658567136324,0.022603600076089674,212,1,False,-0.048038980272651133,0.73939853988049742,0.56223905623116988,False,False,I1
2022-11-30,VMBS,6,2023-05-31,2023-05-31,23,-0.026417905701970112,0.12943365122308056,0.21995405816319086,10000,0.1865093895127457,0.5,0.093254694756372852,0.36947103731617842,0.094593355279711466,150,1,False,-0.10527995686430688,0.29178934637705256,0.78057449124469647,False,False,I1
2022-11-30,VOO,6,2023-05-31,2023-05-31,23,-0.074648083269012955,0.47628555747185009,0.16871446223827524,3.7275937203149381,0.26382583350886474,0.5,0.13191291675443237,0.30923377633506249,0.03826611157882772,141,1,False,-0.096386045313311963,0.3602118788221767,0.65465994097866498,False,False,I1
2022-11-30,VWO,6,2023-05-31,2023-05-31,23,-0.066829922379939899,0.092850930683045896,0.14283551288312038,10000,0.11832780881809166,0.5,0.059163904409045828,0.49030526987164053,0.030643359933831653,207,1,False,-0.19843845651104586,0.31676626532913754,0.72278142978942472,False,False,I1
2022-11-30,VXUS,6,2023-05-31,2023-05-31,23,-0.088435047709528258,0.26658918876805704,0.18692106739716607,159.98587196060572,0.21281016386025711,0.5,0.10640508193012856,0.32496180426504168,0.083968686955994562,136,1,False,-0.15207530400104818,0.36488546786130527,0.72552709242488955,False,False,I1
2022-12-30,BND,6,2023-06-30,2023-06-30,23,-0.0021730065174077051,0.12332068529223367,0.12003619378416144,10000,0.12143326213025152,0.5,0.060716631065125759,0.42535300902941414,0.070156030236661643,183,1,False,-0.099086026487013201,0.22051928861726472,0.77804069372316365,False,False,I1
2022-12-30,DBC,6,2023-06-30,2023-06-30,23,0.10111544334527001,0.68579085231450998,0.2000408724953287,1.7575106248547894,0.41666543385532784,0.5,0.20833271692766392,0.44595897140466562,0.05531985459365138,197,1,False,-0.05473688543042704,0.47140231928575488,0.77879740683510612,False,False,I1
2022-12-30,GLD,6,2023-06-30,2023-06-30,23,-0.028864497472010253,0.098358006360283426,0.073158442892048953,10000,0.088060326968503799,0.5,0.0440301634842519,0.59135485006474564,0.031079523205227323,212,1,False,-0.1358434161893908,0.2239037431578946,0.72139003431493132,False,False,I1
2022-12-30,VDE,6,2023-06-30,2023-06-30,23,0.073944163420745723,0.97505584179771632,0.31646432747516878,7.9060432109076855,0.65747556677393493,0.5,0.32873778338696746,0.51778869281293938,0.021901026647208232,213,1,False,-0.12022668974789136,0.77770225652182634,0.49136345045530716,False,False,I1
2022-12-30,VMBS,6,2023-06-30,2023-06-30,23,-0.0013588306307765752,0.12899421438583739,0.11558960114028134,10000,0.12051740534597116,0.5,0.060258702672985581,0.36762002121348047,0.09492572762316584,151,1,False,-0.12914366519230389,0.24966107053827505,0.80291473858924067,False,False,I1
2022-12-30,VOO,6,2023-06-30,2023-06-30,23,-0.14654472618684777,0.47265215310192765,0.086049563063681681,3.7275937203149381,0.20508295563277174,0.5,0.10254147781638587,0.30789600389721722,0.038922538257456611,142,1,False,-0.10419285940800296,0.30927581504077473,0.67210050379060904,False,False,I1
2022-12-30,VWO,6,2023-06-30,2023-06-30,23,-0.028006323982755266,0.092235755173658396,-0.014699452397382455,10000,0.037926736820399438,0.5,0.018963368410199719,0.49213154781431967,0.031308091623768942,208,1,False,-0.23681377988466915,0.2747405167050686,0.7459631245190238,False,False,I1
2022-12-30,VXUS,6,2023-06-30,2023-06-30,23,-0.076445328426301584,0.25087930907375583,0.029704225687772222,159.98587196060572,0.10042025545626294,0.5,0.050210127728131472,0.31972873565093529,0.084208070216204564,137,1,False,-0.2082475499147797,0.30866780537104266,0.83385977364581032,False,False,I1
2023-01-31,BND,6,2023-07-31,2023-07-31,23,-0.063103389260131926,0.12260005611730067,0.096120048774245778,10000,0.1074759096509853,0.5,0.053737954825492651,0.42884659092505623,0.070859329731400481,184,1,False,-0.098033899915519501,0.2055098095665048,0.78292495185367417,False,False,I1
2023-01-31,DBC,6,2023-07-31,2023-07-31,23,-0.065314417377166922,0.50074924887071071,0.22961783088932669,1.7575106248547894,0.3485340210220173,0.5,0.17426701051100865,0.4385924398509044,0.056158975932351141,198,1,False,-0.081814406961902814,0.43034842798392015,0.77601146559966316,False,False,I1
2023-01-31,GLD,6,2023-07-31,2023-07-31,23,-0.087715485442403152,0.097656068919017042,0.034082015035419556,10000,0.071654934615690155,0.5,0.035827467307845078,0.59101028304826497,0.031326503339852242,213,1,False,-0.14244853710693467,0.21410347172262484,0.72812448725619849,False,False,I1
2023-01-31,VDE,6,2023-07-31,2023-07-31,23,-0.039043478068140125,0.70389961799759904,0.32614342007659453,7.9060432109076855,0.51552821533819282,0.5,0.25776410766909641,0.50134133153574878,0.021792600608202768,214,1,False,-0.18490869353983252,0.70043690887802534,0.47834487925404245,False,False,I1
2023-01-31,VMBS,6,2023-07-31,2023-07-31,23,-0.057468836327228656,0.12825121346732213,0.092515431678275098,10000,0.10583329039765166,0.5,0.052916645198825829,0.37267573431004331,0.095642264832074081,152,1,False,-0.13106087406184594,0.2368941644594976,0.80902669647733716,False,False,I1
2023-01-31,VOO,6,2023-07-31,2023-07-31,23,-0.20810088205889832,0.34951959786527204,0.067753167239011911,3.7275937203149381,0.15521174570910581,0.5,0.077605872854552907,0.31039388998791151,0.039926752670441379,143,1,False,-0.12520157589597969,0.28041332160508553,0.68432602736921888,False,False,I1
2023-01-31,VWO,6,2023-07-31,2023-07-31,23,-0.082169200431775113,0.091243978827712804,-0.022130668365612508,10000,0.033746723738526239,0.5,0.01687336186926312,0.49285614983089809,0.031670635450425769,209,1,False,-0.22481294766401297,0.25855967140253922,0.74882547224731211,False,False,I1
2023-01-31,VXUS,6,2023-07-31,2023-07-31,23,-0.11722522250886214,0.21479741962331722,-0.0011831215525508554,159.98587196060572,0.066760144906375329,0.5,0.033380072453187665,0.31458049919229308,0.084325301099655942,138,1,False,-0.21715051788306708,0.28391066278944244,0.86031003216838609,False,False,I1
2023-02-28,BND,6,2023-08-31,2023-08-31,23,-0.066938611207320475,0.12222579866640587,0.14035303263966051,10000,0.13251529794264569,0.5,0.066257648971322844,0.43237345027811647,0.07136903234089205,185,1,False,-0.081499479191092003,0.21401477713373768,0.78075365515687756,False,False,I1
2023-02-28,DBC,6,2023-08-31,2023-08-31,23,-0.094989998359070071,0.50903488323514579,0.15547592682172595,1.7575106248547894,0.30926577757421503,0.5,0.15463288878710751,0.43497653775361056,0.057086364945328053,199,1,False,-0.09911975722818156,0.40838553480239659,0.77419376712073085,False,False,I1
2023-02-28,GLD,6,2023-08-31,2023-08-31,23,-0.11879065105706132,0.097332802432109317,0.043312314986395227,10000,0.075261293444121011,0.5,0.037630646722060505,0.59142336488229108,0.031620022489119076,214,1,False,-0.1324296568966917,0.20769095034081272,0.72979726901754283,False,False,I1
2023-02-28,VDE,6,2023-08-31,2023-08-31,23,-0.12286387036358204,0.74039955003175928,0.27147494481845813,7.9060432109076855,0.50092049384823267,0.5,0.25046024692411634,0.48930157743675223,0.02216323726511216,215,1,False,-0.15426167295507426,0.65518216680330688,0.52048224971028834,False,False,I1
2023-02-28,VMBS,6,2023-08-31,2023-08-31,23,-0.060262628101555915,0.1278895824279587,0.11495617920912453,10000,0.11983680005854663,0.5,0.059918400029273317,0.37736555234856767,0.096119368157957186,153,1,False,-0.11157759219379226,0.2314143922523389,0.80787284396567505,False,False,I1
2023-02-28,VOO,6,2023-08-31,2023-08-31,23,-0.18240041958353426,0.39947316591312237,0.033699504597534465,3.7275937203149381,0.14837068546349741,0.5,0.074185342731748705,0.31350311133262587,0.040678911817858134,144,1,False,-0.12190866317645946,0.27027934863995684,0.68957946993174535,False,False,I1
2023-02-28,VWO,6,2023-08-31,2023-08-31,23,-0.089494544806962395,0.091537230935318098,-0.015450368003923978,10000,0.037719938292812179,0.5,0.018859969146406089,0.49697634888442915,0.032292186384853365,210,1,False,-0.22137454268072354,0.25909448097353571,0.74973761724517496,False,False,I1
2023-02-28,VXUS,6,2023-08-31,2023-08-31,23,-0.09848655717070498,0.22041518556012463,0.0060700966580224322,159.98587196060572,0.07257540025349983,0.5,0.036287700126749915,0.31027211276976052,0.084311325199994555,139,1,False,-0.20944650772526985,0.28202190797876969,0.85906286625311323,False,False,I1
