date,benchmark,horizon,available,target_end,fold,y_true,ridge,gbt,ridge_alpha,z,alpha,y_hat,ridge_weight,naive,n_mature_labels,base_prediction,shrinkage_warmup,lower,upper,probability,interval_warmup,calibration_warmup,candidate
2011-03-31,GLD,6,2011-09-30,2011-09-30,0,-0.28401701071603003,-0.10648201250220943,0.10269044598440873,10000,-0.0018957832589003507,1,-0.0018957832589003507,0.5,-0.08862737846908135,71,0,True,,,,True,True,I5
2011-03-31,VDE,6,2011-09-30,2011-09-30,0,0.099415418834995273,0.068278986431144523,0.094686742027582246,75.431200633546069,0.081482864229363378,1,0.081482864229363378,0.5,-0.059909679005032385,72,0,True,,,,True,True,I5
2011-03-31,VWO,6,2011-09-30,2011-09-30,0,0.10124383219870758,-0.091607032158026791,0.066601842256238011,4714.8663634573895,-0.01250259495089439,1,-0.01250259495089439,0.5,-0.094106099527342946,67,0,True,,,,True,True,I5
2011-04-29,GLD,6,2011-10-31,2011-10-31,0,-0.22579102504943327,-0.10638074913607717,0.086092392941901949,10000,-0.010144178097087612,1,-0.010144178097087612,0.5,-0.087959807040398574,72,0,True,,,,True,True,I5
2011-04-29,VDE,6,2011-10-31,2011-10-31,0,-0.017906208921042222,0.079711563555652093,0.080143509061935389,75.431200633546069,0.079927536308793734,1,0.079927536308793734,0.5,-0.062748359131225201,73,0,True,,,,True,True,I5
2011-04-29,VWO,6,2011-10-31,2011-10-31,0,0.033072410923070894,-0.090880201654933837,0.06361204469509732,4714.8663634573895,-0.013634078479918259,1,-0.013634078479918259,0.5,-0.092573075258765736,68,0,True,,,,True,True,I5
2011-05-31,GLD,6,2011-11-30,2011-11-30,0,-0.27687317792830035,-0.10647990474583392,0.062927772312045771,10000,-0.021776066216894076,1,-0.021776066216894076,0.5,-0.086858114955066387,73,0,True,,,,True,True,I5
2011-05-31,VDE,6,2011-11-30,2011-11-30,0,-0.023523657548478738,0.089216598431738375,0.094059715080586595,75.431200633546069,0.091638156756162492,1,0.091638156756162492,0.5,-0.063352363754367411,74,0,True,,,,True,True,I5
2011-05-31,VWO,6,2011-11-30,2011-11-30,0,0.048390600145445495,-0.091349902480156883,0.083246434557329718,4714.8663634573895,-0.0040517339614135825,1,-0.0040517339614135825,0.5,-0.090657515881009121,69,0,True,,,,True,True,I5
2011-06-30,GLD,6,2011-12-30,2011-12-30,0,-0.090246847333861346,-0.10640662029960414,0.060295078761468009,10000,-0.023055770769068066,1,-0.023055770769068066,0.5,-0.085665748859487204,74,0,True,,,,True,True,I5
2011-06-30,VDE,6,2011-12-30,2011-12-30,0,-0.034335473599712785,0.076497537091285595,0.094679194025050567,75.431200633546069,0.085588365558168081,1,0.085588365558168081,0.5,-0.062373273911676096,75,0,True,,,,True,True,I5
2011-06-30,VWO,6,2011-12-30,2011-12-30,0,0.11034683099729881,-0.091364907749861543,0.033108726739253767,4714.8663634573895,-0.029128090505303888,1,-0.029128090505303888,0.5,-0.088119395257021602,70,0,True,,,,True,True,I5
2011-07-29,GLD,6,2012-01-31,2012-01-31,0,-0.0090676162106111402,-0.10558224001574251,0.019584503682480662,10000,-0.042998868166630927,1,-0.042998868166630927,0.5,-0.087376621152653836,75,0,True,,,,True,True,I5
2011-07-29,VDE,6,2012-01-31,2012-01-31,0,0.11529533139232195,0.093433600319321602,-0.0030597403672855492,75.431200633546069,0.045186929976018024,1,0.045186929976018024,0.5,-0.06260854359753168,76,0,True,,,,True,True,I5
2011-07-29,VWO,6,2012-01-31,2012-01-31,0,0.15534467397140495,-0.089031823825594006,0.035838921235366993,4714.8663634573895,-0.026596451295113507,1,-0.026596451295113507,0.5,-0.087571082406287401,71,0,True,,,,True,True,I5
2011-08-31,GLD,6,2012-02-29,2012-02-29,0,0.22737844487220649,-0.10515491527061797,0.003798261153089808,10000,-0.050678327058764086,1,-0.050678327058764086,0.5,-0.091476613022922648,76,0,True,,,,True,True,I5
2011-08-31,VDE,6,2012-02-29,2012-02-29,0,0.024229365829836258,0.091267853939928006,0.017613749503289828,75.431200633546069,0.054440801721608915,1,0.054440801721608915,0.5,-0.061172759211664311,77,0,True,,,,True,True,I5
2011-08-31,VWO,6,2012-02-29,2012-02-29,0,0.10266186127514487,-0.089197871411380858,0.035985243670503174,4714.8663634573895,-0.026606313870438842,1,-0.026606313870438842,0.5,-0.086511726361531122,72,0,True,,,,True,True,I5
2011-09-30,DBC,6,2012-03-30,2012-03-30,1,0.2122481903060931,0.057058853896901504,-0.025670706915819057,109.85411419875572,0.015694073490541222,1,0.015694073490541222,0.5,-0.046954632560350075,62,0,True,,,,True,True,I5
2011-09-30,GLD,6,2012-03-30,2012-03-30,1,0.30500834406360688,-0.054675185719510043,-0.042928206917468098,232.99518105153672,-0.052630302869058107,1,-0.052630302869058107,0.82592265765419837,-0.093977137668287691,77,0,True,,,,True,True,I5
2011-09-30,VDE,6,2012-03-30,2012-03-30,1,0.092356368390046573,0.022847784878124611,-0.1280298388783648,109.85411419875572,-0.12462839397235057,1,-0.12462839397235057,0.02254439605639624,-0.059113936416194314,78,0,True,,,,True,True,I5
2011-09-30,VWO,6,2012-03-30,2012-03-30,1,0.088841029688532913,-0.079574000154745098,-0.18223892818033127,2222.9964825261909,-0.17902976039037236,1,-0.17902976039037236,0.031258657183874328,-0.083939732408651144,73,0,True,,,,True,True,I5
2011-10-31,DBC,6,2012-04-30,2012-04-30,1,0.12104495917566793,0.054708407444808427,-0.037238389641954681,109.85411419875572,0.0087350089014268731,1,0.0087350089014268731,0.5,-0.046130351155516003,63,0,True,,,,True,True,I5
2011-10-31,GLD,6,2012-04-30,2012-04-30,1,0.17495273296235625,-0.051221098647321363,-0.013695848517422782,232.99518105153672,-0.045478626771662742,1,-0.045478626771662742,0.84697045707143048,-0.095667059301379309,78,0,True,,,,True,True,I5
2011-10-31,VDE,6,2012-04-30,2012-04-30,1,0.14132043265264094,0.0227963696083609,-0.13846360544440697,109.85411419875572,-0.075700603903050001,1,-0.075700603903050001,0.38920384007761089,-0.058592319612458213,79,0,True,,,,True,True,I5
2011-10-31,VWO,6,2012-04-30,2012-04-30,1,0.11580262722532919,-0.081105252917617332,-0.10342717693059218,2222.9964825261909,-0.10252061817443608,1,-0.10252061817443608,0.040612930840063559,-0.082358487228492733,74,0,True,,,,True,True,I5
2011-11-30,DBC,6,2012-05-31,2012-05-31,1,0.27541495190717158,0.079703592694600797,-0.022364220609702584,109.85411419875572,0.028669686042449107,1,0.028669686042449107,0.5,-0.046518863008323197,64,0,True,,,,True,True,I5
2011-11-30,GLD,6,2012-05-31,2012-05-31,1,0.31887367991302329,-0.048059743589597165,-0.0055199527373123152,232.99518105153672,-0.040894491509731783,1,-0.040894491509731783,0.83156353295797802,-0.097960807638428946,79,0,True,,,,True,True,I5
2011-11-30,VDE,6,2012-05-31,2012-05-31,1,0.22273860392432687,0.032023521877875605,-0.10004659479574303,109.85411419875572,-0.040041911415044061,1,-0.040041911415044061,0.45433959545130825,-0.058153961336658476,80,0,True,,,,True,True,I5
2011-11-30,VWO,6,2012-05-31,2012-05-31,1,0.21418601098807111,-0.079119205228788306,-0.021909462009350244,2222.9964825261909,-0.024530439728516568,1,-0.024530439728516568,0.045813485110623595,-0.080615166063506882,75,0,True,,,,True,True,I5
2011-12-30,DBC,6,2012-06-29,2012-06-29,1,0.12913998782389102,0.06606416385780281,-0.018322000208648302,109.85411419875572,0.023871081824577256,1,0.023871081824577256,0.5,-0.045815839561753259,65,0,True,,,,True,True,I5
2011-12-30,GLD,6,2012-06-29,2012-06-29,1,0.067474942796318826,-0.054956663811736979,-0.053365236771725104,232.99518105153672,-0.054730826868785921,1,-0.054730826868785921,0.85809155099603629,-0.097864383134621827,80,0,True,-0.33685205432591564,0.22739040058834378,,False,True,I5
2011-12-30,VDE,6,2012-06-29,2012-06-29,1,0.12344613042352826,0.020407738320673843,-0.1349829478412149,109.85411419875572,-0.057941093323257732,1,-0.057941093323257732,0.49579454483966684,-0.057859905932498651,81,0,True,-0.1778649324811386,0.061982745834623133,,False,True,I5
2011-12-30,VWO,6,2012-06-29,2012-06-29,1,0.043514565370284419,-0.079161026546066368,-0.061802058589846422,2222.9964825261909,-0.062975938143783189,1,-0.062975938143783189,0.067623810176812044,-0.078102508207443647,76,0,True,-0.20245085964638587,0.076498983358819495,,False,True,I5
2012-01-31,DBC,6,2012-07-31,2012-07-31,1,-0.0045013063407751686,0.072943060869895882,-0.019182964970711848,109.85411419875572,0.026880047949592017,1,0.026880047949592017,0.5,-0.043190964140973363,66,0,True,,,,True,True,I5
2012-01-31,GLD,6,2012-07-31,2012-07-31,1,0.035829187182332634,-0.063427251120068029,-0.034907294999676278,232.99518105153672,-0.058152424968673587,1,-0.058152424968673587,0.81504788685060614,-0.096768126752843922,81,0,True,-0.34027365242580326,0.2239688024884561,,False,True,I5
2012-01-31,VDE,6,2012-07-31,2012-07-31,1,-0.010698659940103217,0.022247416890280564,-0.12460203588355903,109.85411419875572,-0.035060433184110916,1,-0.035060433184110916,0.60975101376339247,-0.05574825669683011,82,0,True,-0.15498427234199177,0.084863405973769956,,False,True,I5
2012-01-31,VWO,6,2012-07-31,2012-07-31,1,0.020729199067342829,-0.080690390995145786,-0.025592672984604551,2222.9964825261909,-0.030967983960736436,1,-0.030967983960736436,0.097559593577060386,-0.075070726620705353,77,0,True,-0.21290910922725489,0.15097314130578202,,False,True,I5
2012-02-29,DBC,6,2012-08-31,2012-08-31,1,-0.058674233038552015,0.067988112231994996,-0.0197958017980009,109.85411419875572,0.024096155216997046,1,0.024096155216997046,0.5,-0.03963103024804672,67,0,True,,,,True,True,I5
2012-02-29,GLD,6,2012-08-31,2012-08-31,1,-0.042147642746985903,-0.066861208891893287,-0.098799790949350694,232.99518105153672,-0.076001861114405295,1,-0.076001861114405295,0.71380532153656606,-0.092815119781806718,82,0,True,-0.35812308857153496,0.2061193663427244,,False,True,I5
2012-02-29,VDE,6,2012-08-31,2012-08-31,1,-0.018401669947444299,0.020004410986167065,-0.1269736722756605,109.85411419875572,-0.048174884983443411,1,-0.048174884983443411,0.5361261049502497,-0.054784670883255816,83,0,True,-0.16809872414132426,0.071748954174437454,,False,True,I5
2012-02-29,VWO,6,2012-08-31,2012-08-31,1,0.010238367842802854,-0.078527758104622036,0.0001596844810578549,2222.9964825261909,-0.0076558273704837422,1,-0.0076558273704837422,0.099323495525115976,-0.072792103698963675,78,0,True,-0.18959695263700219,0.17428529789603472,,False,True,I5
2012-03-30,DBC,6,2012-09-28,2012-09-28,2,-0.10109649122807041,0.015126004066765411,-0.076183304865317519,159.98587196060572,-0.012127588906040168,1,-0.012127588906040168,0.70152448538322465,-0.035926924063427013,68,0,True,,,,True,True,I5
2012-03-30,GLD,6,2012-09-28,2012-09-28,2,-0.16552715986858357,-0.057701545720323773,-0.15256425462840942,109.85411419875572,-0.089560284147959981,1,-0.089560284147959981,0.66415951226414205,-0.088022066000536678,83,0,True,-0.44719893108062497,0.26807836278470504,,False,True,I5
2012-03-30,VDE,6,2012-09-28,2012-09-28,2,-0.1223766775752847,-0.0013608771531640612,-0.1531517694143362,75.431200633546069,-0.05461517686356674,1,-0.05461517686356674,0.64916011153835851,-0.05303299184428794,84,0,True,-0.27159993922596387,0.1623695854988304,,False,True,I5
2012-03-30,VWO,6,2012-09-28,2012-09-28,2,-0.076818068648375593,0.11107630121851765,-0.00086095598707626637,75.431200633546069,0.021701546112384427,1,0.021701546112384427,0.20156382836878337,-0.070746114668742199,79,0,True,-0.24616924396652082,0.28957233619128969,,False,True,I5
2012-04-30,DBC,6,2012-10-31,2012-10-31,2,0.075186001087504839,0.020253110468423798,-0.088882965150764853,159.98587196060572,-0.0057391958113924123,1,-0.0057391958113924123,0.7618357987278942,-0.033651969233874909,69,0,True,,,,True,True,I5
2012-04-30,GLD,6,2012-10-31,2012-10-31,2,0.021549981018549769,-0.06105845516659994,-0.16869208956009762,109.85411419875572,-0.10030999766185965,1,-0.10030999766185965,0.63532270635998367,-0.084891413631930812,84,0,True,-0.45794864459452467,0.25732864927080534,,False,True,I5
2012-04-30,VDE,6,2012-10-31,2012-10-31,2,0.040863996094121502,0.012776115433088882,-0.1531517694143362,75.431200633546069,-0.036049431397943019,1,-0.036049431397943019,0.70574236587220873,-0.050746480967853481,85,0,True,-0.25307046795363397,0.18097160515774791,,False,True,I5
2012-04-30,VWO,6,2012-10-31,2012-10-31,2,0.06423822246614741,0.111925544247773,-0.061739376933163864,75.431200633546069,-0.017477610653608876,1,-0.017477610653608876,0.25486877821134546,-0.06841425539506632,80,0,True,-0.28534840073251411,0.25039317942529637,,False,True,I5
2012-05-31,DBC,6,2012-11-30,2012-11-30,2,-0.051746630125066639,0.023640754181934696,-0.088882965150764853,159.98587196060572,-0.0062341787680437076,1,-0.0062341787680437076,0.73450101785520427,-0.029236727503288533,70,0,True,,,,True,True,I5
2012-05-31,GLD,6,2012-11-30,2012-11-30,2,-0.060620583753068003,-0.062649550124588879,-0.19592522564275608,109.85411419875572,-0.11547011250367817,1,-0.11547011250367817,0.60367439764438358,-0.080141236060813692,85,0,True,-0.47523828392643325,0.24429805891907691,,False,True,I5
2012-05-31,VDE,6,2012-11-30,2012-11-30,2,-0.057956479063156818,0.018101395302984068,-0.1531517694143362,75.431200633546069,-0.030784564977171539,1,-0.030784564977171539,0.71453981384315191,-0.047566421841200218,86,0,True,-0.29356508031654244,0.23199595036219939,,False,True,I5
2012-05-31,VWO,6,2012-11-30,2012-11-30,2,-0.10512854512816872,0.11430280251776818,-0.03077763804198622,75.431200633546069,0.009662968976728319,1,0.009662968976728319,0.27874610018197621,-0.064925363217496729,81,0,True,-0.25820782110217694,0.27753375905563354,,False,True,I5
2012-06-29,DBC,6,2012-12-31,2012-12-31,2,-0.027661078234145098,0.019084959311670445,-0.04641465917788782,159.98587196060572,0.0029878471387473882,1,0.0029878471387473882,0.7542411308015603,-0.027006069540933892,71,0,True,-0.24375741872597509,0.24973311300346987,,False,True,I5
2012-06-29,GLD,6,2012-12-31,2012-12-31,2,0.010874759764625042,-0.056008721100406944,-0.30661967820026159,109.85411419875572,-0.15682443991866618,1,-0.15682443991866618,0.59772022745960895,-0.078424768864800529,86,0,True,-0.51467603930034023,0.20102715946300781,,False,True,I5
2012-06-29,VDE,6,2012-12-31,2012-12-31,2,-0.0042991290954275119,0.00500116002336113,-0.11013382210513269,75.431200633546069,-0.024975034444604777,1,-0.024975034444604777,0.73964303538509557,-0.045600760320915978,87,0,True,-0.28775554978397566,0.23780548089476614,,False,True,I5
2012-06-29,VWO,6,2012-12-31,2012-12-31,2,-0.078547651734469426,0.098564860310455596,0.006915457342517097,75.431200633546069,0.03337903663886245,1,0.03337903663886245,0.28874797259293705,-0.063602925063987195,82,0,True,-0.2344917534400428,0.30124982671776768,,False,True,I5
2012-07-31,DBC,6,2013-01-31,2013-01-31,2,0.18826481687196672,0.024080061091357248,-0.026699034717705714,159.98587196060572,0.0089494274217883554,0.050000000000000003,0.00044747137108941778,0.70203026602792706,-0.026693503385376127,72,0,False,-0.24629779449363307,0.24719273723581189,,False,True,I5
2012-07-31,GLD,6,2013-01-31,2013-01-31,2,0.1900409394910052,-0.054259915483553321,-0.24256600087196781,109.85411419875572,-0.13182517226029858,0.050000000000000003,-0.0065912586130149296,0.58808948411437023,-0.077111505002189801,87,0,False,-0.36442349868114265,0.35124098145511284,,False,True,I5
2012-07-31,VDE,6,2013-01-31,2013-01-31,2,0.10885906189877703,0.013308163296556007,-0.10130234857683176,75.431200633546069,-0.01498759235895962,0.050000000000000003,-0.00074937961794798108,0.75311378343048985,-0.045204145543861284,88,0,False,-0.26352989495731888,0.26203113572142295,,False,True,I5
2012-07-31,VWO,6,2013-01-31,2013-01-31,2,0.081467235293686491,0.13505429725845691,-0.045512744344874373,75.431200633546069,0.0055471947750537339,0.050000000000000003,0.00027735973875268671,0.28277552019762447,-0.062586875375657922,83,0,False,-0.26759343034015254,0.26814814981765794,,False,True,I5
2012-08-31,DBC,6,2013-02-28,2013-02-28,2,0.37976193880378017,0.038068037918546301,0.0037054748143775262,159.98587196060572,0.025388277212790061,0.050000000000000003,0.0012694138606395031,0.63100072985481215,-0.027131595572405933,73,0,False,-0.24547585200408298,0.24801467972536198,,False,True,I5
2012-08-31,GLD,6,2013-02-28,2013-02-28,2,0.40693380548149616,-0.044117861902415206,-0.22676089388037726,109.85411419875572,-0.11840618235562946,0.050000000000000003,-0.0059203091177814733,0.59325948737985257,-0.076714188385653401,88,0,False,-0.36373641642462062,0.3518957981890577,,False,True,I5
2012-08-31,VDE,6,2013-02-28,2013-02-28,2,0.24332157842173729,0.025231425771049927,-0.086082516664237482,75.431200633546069,-0.0012848145554944016,0.050000000000000003,-6.4240727774720081e-05,0.76178868750462592,-0.044902994132665588,89,0,False,-0.26284475606714564,0.26271627461159619,,False,True,I5
2012-08-31,VWO,6,2013-02-28,2013-02-28,2,0.22436459453226609,0.14949791428798731,-0.032302897866891431,75.431200633546069,0.016505251769604084,0.050000000000000003,0.00082526258848020424,0.26847047082999359,-0.061719908194485772,84,0,False,-0.24032071640830058,0.24197124158526098,,False,True,I5
2012-09-28,DBC,6,2013-03-29,2013-03-29,3,0.33615249051031937,0.010541818433695789,0.037031929571947703,339.32217718953228,0.021959281404767238,0.050000000000000003,0.0010979640702383619,0.5689915036036014,-0.028131121189374369,74,0,False,-0.24564730179448413,0.24784322993496083,,False,True,I5
2012-09-28,GLD,6,2013-03-29,2013-03-29,3,0.38972789344916159,-0.095664775324970586,0.012374475285174076,10000,-0.049370588741736041,0.050000000000000003,-0.0024685294370868022,0.5715058525323794,-0.077712086941641376,89,0,False,-0.29620782142891422,0.2912707625547406,,False,True,I5
2012-09-28,VDE,6,2013-03-29,2013-03-29,3,0.20880842163514335,0.0066952413367939514,-0.072217478060608589,159.98587196060572,-0.01504141667708995,0.050000000000000003,-0.00075207083385449758,0.72454810606109488,-0.04576381283758358,90,0,False,-0.26353258617322539,0.26202844450551643,,False,True,I5
2012-09-28,VWO,6,2013-03-29,2013-03-29,3,0.24821654988322761,0.11264295642345856,0.050263436879313242,109.85411419875572,0.066330361106682598,0.050000000000000003,0.0033165180553341301,0.25756729684330076,-0.061897533611590352,85,0,False,-0.23764257415066259,0.24427561026133082,,False,True,I5
2012-10-31,DBC,6,2013-04-30,2013-04-30,3,0.2325866241015071,0.018100572243804514,0.059919203058898335,339.32217718953228,0.034152521296189682,0.050000000000000003,0.0017076260648094842,0.61615316571791123,-0.026753559559015982,75,0,False,-0.245037639799913,0.24845289192953196,,False,True,I5
2012-10-31,GLD,6,2013-04-30,2013-04-30,3,0.33043618952149034,-0.095346381406610725,-0.051849765524844403,10000,-0.077450980376110923,0.050000000000000003,-0.0038725490188055464,0.58857946376463932,-0.076609175075417035,90,0,False,-0.29678197925815458,0.28903688122054344,,False,True,I5
2012-10-31,VDE,6,2013-04-30,2013-04-30,3,0.10411570921812041,0.012366632434525092,-0.067527095773924031,159.98587196060572,-0.0072710056707971467,0.050000000000000003,-0.00036355028353985737,0.75420300759921888,-0.044811858893279127,91,0,False,-0.26314406562291076,0.26241696505583106,,False,True,I5
2012-10-31,VWO,6,2013-04-30,2013-04-30,3,0.13826999901114378,0.12795763667748805,0.04056553390490826,109.85411419875572,0.065482719941327483,0.050000000000000003,0.0032741359970663744,0.28511942436333343,-0.060430838773477123,86,0,False,-0.2375247675311154,0.24407303952524817,,False,True,I5
2012-11-30,DBC,6,2013-05-31,2013-05-31,3,0.29426522999731686,0.020728780379138681,0.090843083337646902,339.32217718953228,0.049344004227728368,0.050000000000000003,0.0024672002113864185,0.5918775108479164,-0.027082415750674545,76,0,False,-0.19966371094296217,0.204598111365735,,False,True,I5
2012-11-30,GLD,6,2013-05-31,2013-05-31,3,0.4080458624655634,-0.095276469429044747,-0.063864965557684575,10000,-0.083063021867976108,0.050000000000000003,-0.0041531510933988059,0.6111791523549307,-0.076433476269676934,91,0,False,-0.29634336781393317,0.28803706562713555,,False,True,I5
2012-11-30,VDE,6,2013-05-31,2013-05-31,3,0.077908839046333389,0.020166716258272425,-0.023105377997072067,159.98587196060572,0.0092397209054967573,0.050000000000000003,0.00046198604527483787,0.74748170753427112,-0.044954735199473454,92,0,False,-0.26231852929409605,0.26324250138464578,,False,True,I5
2012-11-30,VWO,6,2013-05-31,2013-05-31,3,0.21433677585018152,0.1378867715585631,0.040264507823872461,109.85411419875572,0.066489190528880929,0.050000000000000003,0.0033244595264440464,0.26863424081498105,-0.060944605513186222,87,0,False,-0.21771787991556418,0.2243667989684523,,False,True,I5
2012-12-31,DBC,6,2013-06-28,2013-06-28,3,0.32493265191947918,0.020790466054327328,0.099736895457655711,339.32217718953228,0.054253124429257449,0.050000000000000003,0.0027126562214628727,0.57613461903421648,-0.027089930847862476,77,0,False,-0.19886057549900604,0.20428588794193181,,False,True,I5
2012-12-31,GLD,6,2013-06-28,2013-06-28,3,0.49251781655632898,-0.09544083893039905,-0.053614106702771773,10000,-0.080654118968489438,0.050000000000000003,-0.0040327059484244719,0.64647680623391546,-0.075484473704086702,92,0,False,-0.28285156329054989,0.27478615139370094,,False,True,I5
2012-12-31,VDE,6,2013-06-28,2013-06-28,3,0.11218359969344638,0.025328065477807908,-0.074917719530391627,159.98587196060572,0.0015562839410510894,0.050000000000000003,7.7814197052554474e-05,0.76286502684564317,-0.044517578144591237,93,0,False,-0.26270270114231836,0.26285832953642346,,False,True,I5
2012-12-31,VWO,6,2013-06-28,2013-06-28,3,0.3372885676530778,0.14369753718139402,0.0587324860917562,109.85411419875572,0.081110137851156408,0.050000000000000003,0.0040555068925578206,0.26337478142385695,-0.061144640129337173,88,0,False,-0.21681688917181025,0.22492790295692588,,False,True,I5
2013-01-31,DBC,6,2013-07-31,2013-07-31,3,0.22603268228646956,0.017021515012369884,0.068813015178907116,339.32217718953228,0.038531874544154424,0.050000000000000003,0.0019265937272077212,0.58467394335716683,-0.024328972543762102,78,0,False,-0.18747925564906498,0.19133244310348041,,False,True,I5
2013-01-31,GLD,6,2013-07-31,2013-07-31,3,0.34729894118004645,-0.095494352074409872,-0.10031742142908695,10000,-0.097137128068525425,0.050000000000000003,-0.0048568564034262712,0.65939200262121045,-0.072629361734247,93,0,False,-0.28363088519195429,0.27391717238510177,,False,True,I5
2013-01-31,VDE,6,2013-07-31,2013-07-31,3,0.067482958701918783,0.015858858542477622,-0.074362045328190921,159.98587196060572,-0.005011563562805685,0.050000000000000003,-0.00025057817814028426,0.76867420730786495,-0.042885911761151141,94,0,False,-0.26303109351751119,0.26252993716123063,,False,True,I5
2013-01-31,VWO,6,2013-07-31,2013-07-31,3,0.23663801286909691,0.13218667367242826,0.05173557313380802,109.85411419875572,0.074721318164695308,0.050000000000000003,0.0037360659082347654,0.28571075941780394,-0.059542259506606562,89,0,False,-0.216986380117039,0.22445851193350855,,False,True,I5
2013-02-28,DBC,6,2013-08-30,2013-08-30,3,0.048216547066272764,0.020893744855943593,0.056000246717100022,339.32217718953228,0.03576194426045997,0.050000000000000003,0.0017880972130229985,0.5764830268957305,-0.01921389771657802,79,0,False,-0.25593610690823421,0.25951230133428016,,False,True,I5
2013-02-28,GLD,6,2013-08-30,2013-08-30,3,0.13411673778283828,-0.095706334866023132,-0.16052131126950456,10000,-0.11774117360274537,0.050000000000000003,-0.0058870586801372691,0.66003476419473506,-0.067527625912802924,94,0,False,-0.30059452271652293,0.28882040535624837,,False,True,I5
2013-02-28,VDE,6,2013-08-30,2013-08-30,3,-0.035373124236404374,0.027756256338432546,-0.083111554673508836,159.98587196060572,0.0011295533422381134,0.050000000000000003,5.6477667111905676e-05,0.759833780849822,-0.039873201338173368,95,0,False,-0.26272403767225899,0.26283699300648283,,False,True,I5
2013-02-28,VWO,6,2013-08-30,2013-08-30,3,0.13806252523931739,0.14098819082119132,-0.010553216974390288,109.85411419875572,0.039903166878315001,0.050000000000000003,0.00199515834391575,0.33295443527070367,-0.056387738906174649,90,0,False,-0.22323052013018144,0.22722083681801294,,False,True,I5
2013-03-29,BND,6,2013-09-30,2013-09-30,4,0.10127215270764489,-0.005567563758300525,-0.13473761111502572,10000,-0.070152587436663125,0.050000000000000003,-0.0035076293718331562,0.5,0.0066418126404495081,66,1,False,,,,True,True,I5
2013-03-29,DBC,6,2013-09-30,2013-09-30,4,0.13385180077136882,0.092814065389561384,0.097429810237801909,109.85411419875572,0.094857331266577555,0.050000000000000003,0.0047428665633288784,0.55732694414531003,-0.014771817863741802,80,0,False,-0.33365304437698745,0.34313877750364524,,False,True,I5
2013-03-29,GLD,6,2013-09-30,2013-09-30,4,0.24620446046169997,-0.054833932114446135,-0.18392485099310149,494.17133613238281,-0.10239897477087219,0.050000000000000003,-0.00511994873854361,0.63153842989422926,-0.062714409919519085,95,0,False,-0.36830162031535058,0.35806172283826337,,False,True,I5
2013-03-29,VDE,6,2013-09-30,2013-09-30,4,0.019964211771014373,0.084286976844049705,0.032076511099212161,75.431200633546069,0.071253226694850014,0.050000000000000003,0.003562661334742501,0.75036135067443932,-0.037282767765534658,96,0,False,-0.24084393129844625,0.24796925396793126,,False,True,I5
2013-03-29,VWO,6,2013-09-30,2013-09-30,4,0.11607772792845594,0.13761396670912787,-0.12624946094964154,109.85411419875572,-0.03272214621083331,0.050000000000000003,-0.0016361073105416657,0.35445349728329384,-0.053040439029368031,91,0,False,-0.24774512641480417,0.24447291179372083,,False,True,I5
2013-04-30,BND,6,2013-10-31,2013-10-31,4,0.069064409114923064,-0.0058103265682412173,-0.12016206968589682,10000,-0.062986198127069015,0.050000000000000003,-0.0031493099063534509,0.5,0.0090580605694564748,67,1,False,,,,True,True,I5
2013-04-30,DBC,6,2013-10-31,2013-10-31,4,0.05997390733944219,0.083274574721856232,0.097429810237801909,109.85411419875572,0.089753747486159483,0.050000000000000003,0.0044876873743079741,0.54227728976995393,-0.011718009938244902,81,0,False,-0.33366955324456299,0.34264492799317897,,False,True,I5
2013-04-30,GLD,6,2013-10-31,2013-10-31,4,0.12418066101221636,-0.061180910283020654,-0.18392485099310149,494.17133613238281,-0.10837866325549009,0.050000000000000003,-0.0054189331627745047,0.6154779396895057,-0.058619091175341899,96,0,False,-0.36842992973187899,0.35759206340632993,0.80719883496382971,False,False,I5
2013-04-30,VDE,6,2013-10-31,2013-10-31,4,-0.080635695327173851,0.077389196497753096,-0.0048262800514274748,75.431200633546069,0.056986219788112191,0.050000000000000003,0.0028493109894056098,0.75183532874815817,-0.035825051507971203,97,0,False,-0.24150624296959936,0.24720486494841057,0.49312518011327633,False,False,I5
2013-04-30,VWO,6,2013-10-31,2013-10-31,4,0.043811268332934583,0.13954087459686554,-0.19560409555377728,109.85411419875572,-0.070595006866521481,0.050000000000000003,-0.0035297503433260741,0.37300004422285082,-0.05096097774631899,92,0,False,-0.24957832008377018,0.242518819397118,0.97450285184068297,False,False,I5
2013-05-31,BND,6,2013-11-29,2013-11-29,4,0.1004965959212375,-0.00588081993048843,-0.15769300077305262,10000,-0.08178691035177052,0.050000000000000003,-0.0040893455175885262,0.5,0.012254851549905056,68,1,False,,,,True,True,I5
2013-05-31,DBC,6,2013-11-29,2013-11-29,4,0.10925822934672236,0.074147446923671922,0.070747036637700225,109.85411419875572,0.072525921698386481,0.050000000000000003,0.0036262960849193244,0.52313836010466153,-0.0079865070122014659,82,0,False,-0.29393926658823116,0.30119185875806981,,False,True,I5
2013-05-31,GLD,6,2013-11-29,2013-11-29,4,0.19443946439510806,-0.063400201558474589,-0.23276167517492058,494.17133613238281,-0.13090491813921928,0.050000000000000003,-0.0065452459069609645,0.60141633667156769,-0.053808112271827413,97,0,False,-0.40064667742870591,0.38755618561478394,0.89160702840868888,False,False,I5
2013-05-31,VDE,6,2013-11-29,2013-11-29,4,0.0079571611051172386,0.069546141495578806,-0.0048262800514274748,75.431200633546069,0.051093826835529661,0.050000000000000003,0.0025546913417764834,0.75189305018949049,-0.03466450160435585,98,0,False,-0.24175468476915737,0.24686406745271036,0.52915582871185141,False,False,I5
2013-05-31,VWO,6,2013-11-29,2013-11-29,4,0.075438547674787415,0.13281340871455749,-0.19560409555377728,109.85411419875572,-0.065678932447746849,0.050000000000000003,-0.0032839466223873424,0.3956097388763864,-0.048108313729152315,93,0,False,-0.24258930982576604,0.23602141658099135,0.95883772209928908,False,False,I5
2013-06-28,BND,6,2013-12-31,2013-12-31,4,0.060708907927270905,-0.0057743123376985481,-0.11134349273649363,10000,-0.058558902537096093,0.050000000000000003,-0.0029279451268548048,0.5,0.01587129979897179,69,1,False,,,,True,True,I5
2013-06-28,DBC,6,2013-12-31,2013-12-31,4,0.036258505339504365,0.064362855978598116,0.07828510132232018,109.85411419875572,0.07124432388391079,0.050000000000000003,0.0035622161941955399,0.50572140230126572,-0.0039754328082053127,83,0,False,-0.33420718515232667,0.34133161754071778,,False,True,I5
2013-06-28,GLD,6,2013-12-31,2013-12-31,4,0.081616765466351215,-0.067658185169211793,-0.18392485099310149,494.17133613238281,-0.11560830326346049,0.050000000000000003,-0.0057804151631730243,0.58758499046597568,-0.048233357896029901,98,0,False,-0.42243891193997235,0.41087808161362632,0.86927137859989889,False,False,I5
2013-06-28,VDE,6,2013-12-31,2013-12-31,4,-0.078978943951848901,0.057903033612735993,0.022836116317397341,75.431200633546069,0.049337478832491802,0.050000000000000003,0.0024668739416245904,0.75573687563968484,-0.033181187449832596,99,0,False,-0.21695096103168643,0.22188470891493561,0.55215034785091188,False,False,I5
2013-06-28,VWO,6,2013-12-31,2013-12-31,4,0.0022070385248151858,0.10837081058961584,-0.1106697794109477,109.85411419875572,-0.019214134968219349,0.050000000000000003,-0.0009607067484109675,0.41752829666178792,-0.044008346905937107,94,0,False,-0.27180250913102605,0.26988109563420409,0.89989018641368657,False,False,I5
2013-07-31,BND,6,2014-01-31,2014-01-31,4,-0.08765649048181412,-0.00592580177302208,-0.124346256625712,10000,-0.065136029199367035,0.050000000000000003,-0.0032568014599683517,0.5,0.018026480975858624,70,1,False,,,,True,True,I5
2013-07-31,DBC,6,2014-01-31,2014-01-31,4,-0.032587484581307335,0.040429245796277921,0.097389297365679042,109.85411419875572,0.06913158179154702,0.050000000000000003,0.0034565790895773512,0.49609708551092729,-0.0012372409618401359,84,0,False,-0.33415312373303652,0.34106628191219124,,False,True,I5
2013-07-31,GLD,6,2014-01-31,2014-01-31,4,-0.002632240260478369,-0.079572535800167307,-0.16181294606422225,494.17133613238281,-0.11398401576246121,0.050000000000000003,-0.0056992007881230614,0.58157455864086027,-0.044238082147786711,99,0,False,-0.42219228964416061,0.41079388806791445,0.87979016599857385,False,False,I5
2013-07-31,VDE,6,2014-01-31,2014-01-31,4,-0.084067451355699485,0.039224332735952827,0.032076511099212161,75.431200633546069,0.037515519762266247,0.050000000000000003,0.0018757759881133124,0.76093234267303511,-0.032174545988315081,100,0,False,-0.21743785035834465,0.22118940233457127,0.58785076349399457,False,False,I5
2013-07-31,VWO,6,2014-01-31,2014-01-31,4,-0.023342215149227408,0.074923147740176235,-0.1106697794109477,109.85411419875572,-0.030141844223211176,0.050000000000000003,-0.0015070922111605589,0.43389549603991384,-0.041054174697778854,95,0,False,-0.27221972014578827,0.26920553572346712,0.91011721864288053,False,False,I5
2013-08-30,BND,6,2014-02-28,2014-02-28,4,-0.014542823539740901,-0.0062368171572110111,-0.1206649187165684,10000,-0.063450867936889699,0.050000000000000003,-0.0031725433968444851,0.5,0.018334550071582276,71,1,False,,,,True,True,I5
2013-08-30,DBC,6,2014-02-28,2014-02-28,4,0.036134457427679401,0.022027162959878312,0.12835657029516143,109.85411419875572,0.075972997069381681,0.050000000000000003,0.0037986498534690843,0.49265367444964009,-0.00065543169092116061,85,0,False,-0.31984740481588775,0.32744470452282587,,False,True,I5
2013-08-30,GLD,6,2014-02-28,2014-02-28,4,0.068252704639162887,-0.086470938655333257,-0.21764322246180792,494.17133613238281,-0.14113385514637228,0.050000000000000003,-0.0070566927573186139,0.5832738829821239,-0.042454533948480463,100,0,False,-0.41931029806964043,0.40519691255500317,0.94544765152949928,False,False,I5
2013-08-30,VDE,6,2014-02-28,2014-02-28,4,-0.077872074844086203,0.026232037043888039,0.049628763517449728,75.431200633546069,0.031975828888363679,0.050000000000000003,0.0015987914444181841,0.75450446664125714,-0.032206215079880328,101,0,False,-0.21761931032742449,0.22081689321626086,0.56728522458486252,False,False,I5
2013-08-30,VWO,6,2014-02-28,2014-02-28,4,-0.02889770901575206,0.072312406083404432,-0.077271041089533254,109.85411419875572,-0.0087757771487321414,0.050000000000000003,-0.00043878885743660708,0.45790670849837939,-0.039188375740100763,96,0,False,-0.24725305053958108,0.24637547282470784,0.89368064249996904,False,False,I5
2013-09-30,BND,6,2014-03-31,2014-03-31,5,-0.10519925241864547,0.015128722728956731,-0.043517704886770904,10000,0.0051543575866071084,0.050000000000000003,0.00025771787933035541,0.82992373878754844,0.019486461219305366,72,1,False,,,,True,True,I5
2013-09-30,DBC,6,2014-03-31,2014-03-31,5,-0.097298604510697051,0.047035807473762611,0.1749422669161475,75.431200633546069,0.11201928750413982,0.050000000000000003,0.0056009643752069913,0.49194528318838471,0.00090860589584965319,86,1,False,-0.31797003455881606,0.3291719633092301,,False,True,I5
2013-09-30,GLD,6,2014-03-31,2014-03-31,5,-0.052667806524847371,-0.18776770343888113,-0.13353171602229205,24.420530945486497,-0.16543712266909624,0.050000000000000003,-0.0082718561334548125,0.58827004294652729,-0.039596524102835109,101,0,False,-0.42052327777564225,0.4039795655087326,0.97612330813709414,False,False,I5
2013-09-30,VDE,6,2014-03-31,2014-03-31,5,-0.17338934754132185,0.015763965589212604,0.10678188629092543,10000,0.039029226491575073,0.050000000000000003,0.0019514613245787537,0.74438813012870064,-0.031694740306832336,102,0,False,-0.21503765394101365,0.21894057659017113,0.59542746096710208,False,False,I5
2013-09-30,VWO,6,2014-03-31,2014-03-31,5,-0.089152415617970493,0.036469964851892876,0.090229352014854824,339.32217718953228,0.063753628268313323,0.050000000000000003,0.0031876814134156662,0.49248559449320151,-0.037587694258981626,97,0,False,-0.24355001107455881,0.24992537390139014,0.79872004668262575,False,False,I5
2013-10-31,BND,6,2014-04-30,2014-04-30,5,-0.078578135240947811,0.014891764335977699,-0.052084988292085077,10000,0.0045498273931394058,0.050000000000000003,0.00022749136965697031,0.84558915538545998,0.02016561119047821,73,1,False,,,,True,True,I5
2013-10-31,DBC,6,2014-04-30,2014-04-30,5,-0.091755182193545837,0.026635844027162053,0.17309775346007256,75.431200633546069,0.10067497264646924,0.050000000000000003,0.005033748632323462,0.49448201989185359,0.0015875174066955443,87,1,False,-0.31846970013989928,0.32853719740454623,0.9989313811278836,False,False,I5
2013-10-31,GLD,6,2014-04-30,2014-04-30,5,-0.02574377322114163,-0.18250709343368404,-0.15427000178376313,24.420530945486497,-0.17103880371657351,0.050000000000000003,-0.0085519401858286763,0.59385726195556565,-0.037990865425236567,102,0,False,-0.40305635430354397,0.38595247393188664,0.98266555416526558,False,False,I5
2013-10-31,VDE,6,2014-04-30,2014-04-30,5,-0.15766994572410709,0.015662658837757748,0.10007785343132977,10000,0.038893616308803794,0.050000000000000003,0.0019446808154401898,0.72480123296647569,-0.032169895209942456,103,0,False,-0.21504426703079854,0.21893362866167893,0.55750166632031595,False,False,I5
2013-10-31,VWO,6,2014-04-30,2014-04-30,5,-0.032705847771132501,0.036960243024473219,0.11371329081450476,339.32217718953228,0.074316951717181473,0.050000000000000003,0.0037158475858590739,0.51328696685892328,-0.036757092599880442,98,0,False,-0.23571409325895618,0.24314578843067433,0.77459517600573213,False,False,I5
2013-11-29,BND,6,2014-05-30,2014-05-30,5,-0.098584988173251342,0.014980517167866478,0.026381338808725587,10000,0.016700728981824817,0.050000000000000003,0.00083503644909124091,0.84911510168764381,0.021251165038191171,74,1,False,,,,True,True,I5
2013-11-29,DBC,6,2014-05-30,2014-05-30,5,-0.088079322631185453,0.0099167839672298294,0.13006474723511449,75.431200633546069,0.070575508609672155,0.050000000000000003,0.003528775430483608,0.49513314256358854,0.002811048224195849,88,1,False,-0.2926152494857448,0.29967280034671206,0.99162104554440289,False,False,I5
2013-11-29,GLD,6,2014-05-30,2014-05-30,5,-0.065458208439405308,-0.17350495555742609,-0.061711740686950567,24.420530945486497,-0.1288865950300975,0.050000000000000003,-0.0064443297515048752,0.60088489646689403,-0.035734260281349725,103,0,False,-0.40086326271249928,0.38797460320948951,0.94387818104865739,False,False,I5
2013-11-29,VDE,6,2014-05-30,2014-05-30,5,-0.18088455934804515,0.015293258875371241,0.09720352789975073,10000,0.038588480013381742,0.050000000000000003,0.0019294240006690871,0.71560072484834603,-0.031784058129989953,104,0,False,-0.20873096030438792,0.2125898083057261,0.58527163077912159,False,False,I5
2013-11-29,VWO,6,2014-05-30,2014-05-30,5,-0.093575359287833559,0.044454613538369991,0.09069915807152662,339.32217718953228,0.065649882641263868,0.050000000000000003,0.0032824941320631937,0.54166984847916066,-0.035623803304176728,99,0,False,-0.23612102115244735,0.24268600941657373,0.78946347307605158,False,False,I5
2013-12-31,BND,6,2014-06-30,2014-06-30,5,-0.068016739484255573,0.015006610739256444,0.077345417820004619,10000,0.024145788257105973,0.050000000000000003,0.0012072894128552988,0.85339505284386585,0.021777268276712235,75,1,False,-0.10357249266662275,0.10598707149233336,,False,True,I5
2013-12-31,DBC,6,2014-06-30,2014-06-30,5,-0.063666622880501511,0.015064959411981303,0.13693718164357685,75.431200633546069,0.076300380179713773,0.050000000000000003,0.0038150190089856887,0.49754406995741884,0.0031868623490869559,89,1,False,-0.29213146067404738,0.29976149869201874,0.99463099050560744,False,False,I5
2013-12-31,GLD,6,2014-06-30,2014-06-30,5,-0.11069214052644127,-0.17331625699009595,-0.039935789503676926,24.420530945486497,-0.12072487800141622,0.050000000000000003,-0.0060362439000708114,0.60570404362966668,-0.03460588503377568,104,0,False,-0.40037580150125285,0.38830331370111126,0.93354090978333859,False,False,I5
2013-12-31,VDE,6,2014-06-30,2014-06-30,5,-0.16699636159794318,0.015282816431437599,0.090134233819610693,10000,0.037474758897035179,0.050000000000000003,0.001873737944851759,0.70352007697446739,-0.032233533233055271,105,0,False,-0.2087473645089174,0.21249484039862093,0.55586503574689872,False,False,I5
2013-12-31,VWO,6,2014-06-30,2014-06-30,5,-0.10453980420936515,0.044631708030823683,0.11005980684315214,339.32217718953228,0.074640260535464201,0.050000000000000003,0.0037320130267732101,0.54135068801684205,-0.035245494885886804,100,0,False,-0.23564696423745438,0.24311099029100078,0.77013971874081488,False,False,I5
2014-01-31,BND,6,2014-07-31,2014-07-31,5,0.016830375365321393,0.015036711308257532,0.09373730813824678,10000,0.030226063734982111,0.050000000000000003,0.0015113031867491056,0.80699825619446131,0.020337350398310573,76,1,False,-0.10326847889272894,0.10629108526622716,,False,True,I5
2014-01-31,DBC,6,2014-07-31,2014-07-31,5,0.0083215268054304126,0.041718882471039234,0.19534880518022441,75.431200633546069,0.11746857862129213,0.050000000000000003,0.0058734289310646073,0.5069339695389693,0.0027893696054159083,90,1,False,-0.24870710022430279,0.26045395808643201,0.97999500096536651,False,False,I5
2014-01-31,GLD,6,2014-07-31,2014-07-31,5,-0.0065949318848497196,-0.13714275838644116,-0.011005223656975323,24.420530945486497,-0.087866933608496872,0.050000000000000003,-0.0043933466804248434,0.60934843951383,-0.034301374131172846,105,0,False,-0.36863438037400659,0.35984768701315689,0.76710570620329832,False,False,I5
2014-01-31,VDE,6,2014-07-31,2014-07-31,5,-0.16901435004788756,0.015800116799642432,0.13085769930445423,10000,0.05079770384400599,0.050000000000000003,0.0025398851922002995,0.69582546163005021,-0.032722532460627389,106,0,False,-0.18370479867910497,0.18878456906350558,0.50427017201327862,False,False,I5
2014-01-31,VWO,6,2014-07-31,2014-07-31,5,-0.16574585754803861,0.049066396940578919,0.15182189212779687,339.32217718953228,0.09644054892016532,0.050000000000000003,0.0048220274460082663,0.53896235044878249,-0.035127640631068394,101,0,False,-0.22888192003288499,0.23852597492490152,0.74685966226956146,False,False,I5
2014-02-28,BND,6,2014-08-29,2014-08-29,5,-0.0048417650304533044,0.015007594475093112,-0.016948298898006989,10000,0.0097181141196624153,0.050000000000000003,0.00048590570598312078,0.83447559128848248,0.019884361126387827,77,1,False,-0.10429387637349494,0.10526568778546117,,False,True,I5
2014-02-28,DBC,6,2014-08-29,2014-08-29,5,0.063738692597258062,0.024986167673074891,0.21385781764497463,75.431200633546069,0.11576608374118125,0.050000000000000003,0.0057883041870590629,0.51935657849331773,0.0031557991419242982,91,1,False,-0.2484657556645315,0.26004236403864961,0.98219692554730875,False,False,I5
2014-02-28,GLD,6,2014-08-29,2014-08-29,5,0.051103953018957093,-0.12076428741814593,-0.17100671033089013,24.420530945486497,-0.14013513374710188,0.050000000000000003,-0.0070067566873550941,0.6144523849377802,-0.033333882822018733,106,0,False,-0.37109869497190928,0.35708518159719904,0.92675586437141244,False,False,I5
2014-02-28,VDE,6,2014-08-29,2014-08-29,5,-0.11380507765063852,0.015759608470704678,0.1412642427688382,10000,0.054320856403257539,0.050000000000000003,0.002716042820162877,0.69275040600531557,-0.033144490800659718,107,0,False,-0.18336672571365845,0.18879881135398421,0.47109186699528921,False,False,I5
2014-02-28,VWO,6,2014-08-29,2014-08-29,5,-0.16014501164003891,0.04483876609594064,0.14679351829533588,339.32217718953228,0.09259715119046176,0.050000000000000003,0.0046298575595230878,0.53157274119877262,-0.035066562870133919,102,0,False,-0.22904735656876912,0.23830707168781529,0.72856625538278796,False,False,I5
2014-03-31,BND,6,2014-09-30,2014-09-30,6,0.040370512285731408,0.021463947258594226,0.18447699178047447,0.0001,0.057526092807005401,0.050000000000000003,0.0028763046403502703,0.77877754719456971,0.01828072505529766,78,1,False,-0.10258066565762555,0.10833327493832609,,False,True,I5
2014-03-31,DBC,6,2014-09-30,2014-09-30,6,0.16309529810930201,0.086853510218333041,0.24828367104721374,16.768329368110066,0.16153841943431657,0.050000000000000003,0.0080769209717158289,0.53735467503404732,0.0020639034500479795,92,1,False,-0.22597533063058681,0.24212917257401848,0.90042130584063329,False,False,I5
2014-03-31,GLD,6,2014-09-30,2014-09-30,6,0.12193004446544264,0.03007173029196835,0.1352316413834769,0.0001,0.07112519776712653,0.050000000000000003,0.0035562598883563269,0.60960914621319851,-0.03351457369774611,107,0,False,-0.3544258587362587,0.36153837851297138,0.18810643640098332,False,False,I5
2014-03-31,VDE,6,2014-09-30,2014-09-30,6,0.024637783700070193,0.033334249862265519,0.10887254989658796,51.794746792312019,0.056571521956217057,0.050000000000000003,0.0028285760978108529,0.69237761396016062,-0.034443054288999179,108,0,False,-0.17368250661600304,0.17933965881162472,0.44052463467418779,False,False,I5
2014-03-31,VWO,6,2014-09-30,2014-09-30,6,-0.015073778779815639,0.14004946471690963,0.22938638824172383,0.0001,0.18141922641132491,0.050000000000000003,0.0090709613205662461,0.53692426309123553,-0.035591668236617774,103,0,False,-0.21597846981952229,0.2341203924606548,0.38864037485932157,False,False,I5
2014-04-30,BND,6,2014-10-31,2014-10-31,6,0.089099354532733654,-0.029717236190539953,0.16620241274533223,0.0001,0.022907669187504389,0.050000000000000003,0.0011453834593752195,0.73139546919426457,0.017054663532560375,79,1,False,-0.1043115868386006,0.10660235375735104,,False,True,I5
2014-04-30,DBC,6,2014-10-31,2014-10-31,6,0.27008514313313869,0.1190500038977348,0.24338974522298049,16.768329368110066,0.174252183889261,0.050000000000000003,0.0087126091944630512,0.55603751943532409,0.0010550960775362178,93,1,False,-0.22521759419377785,0.24264281258270393,0.7303843758259092,False,False,I5
2014-04-30,GLD,6,2014-10-31,2014-10-31,6,0.21194008122776431,-0.006949197754483178,0.1441505489978126,0.0001,0.052583321950274042,0.050000000000000003,0.0026291660975137025,0.60600516556555584,-0.033442621841481251,108,0,False,-0.35534221903672791,0.36060055123175527,0.39082979574457943,False,False,I5
2014-04-30,VDE,6,2014-10-31,2014-10-31,6,0.17044231700314461,0.058797407568476324,0.13161992445025819,51.794746792312019,0.081214518962986065,0.050000000000000003,0.0040607259481493033,0.69216785749246945,-0.03557357622877081,109,0,False,-0.17241378570791729,0.18053523760421589,0.35977938251725594,False,False,I5
2014-04-30,VWO,6,2014-10-31,2014-10-31,6,0.035356267948500442,0.18795897287285501,0.23585046478302624,0.0001,0.20974775023895198,0.050000000000000003,0.0104873875119476,0.5450386593308556,-0.035563919962911181,104,0,False,-0.21451485302825646,0.23548962805215168,0.17287942542582932,False,False,I5
2014-05-30,BND,6,2014-11-28,2014-11-28,6,0.069000587370568134,-0.067568246526754971,0.076927879590902554,0.0001,-0.025837508251307453,0.050000000000000003,-0.0012918754125653728,0.71119822104111075,0.015609167886237724,80,1,False,-0.10614690062743207,0.10356314980230133,,False,True,I5
2014-05-30,DBC,6,2014-11-28,2014-11-28,6,0.30381460035126473,0.10630441427572779,0.21937357029452106,16.768329368110066,0.15494492474988183,0.050000000000000003,0.0077472462374940923,0.56981627716342487,0.00010685758063492351,94,1,False,-0.21786393331675347,0.23335842579174165,0.62798313160810637,False,False,I5
2014-05-30,GLD,6,2014-11-28,2014-11-28,6,0.15737982311287058,-0.060753441905493116,0.10790456427296703,0.0001,0.0068730253792088193,0.050000000000000003,0.00034365126896044099,0.59903197709366296,-0.033736342819443856,109,0,False,-0.35280902801436542,0.35349633055228635,0.50878626856473663,False,False,I5
2014-05-30,VDE,6,2014-11-28,2014-11-28,6,0.25228965636406442,0.056765234765192185,0.13161992445025819,51.794746792312019,0.079911802187990835,0.050000000000000003,0.0039955901093995418,0.69077999628102749,-0.036894585166218755,110,0,False,-0.18287089462117587,0.19086207483997494,0.33851569984000424,False,False,I5
2014-05-30,VWO,6,2014-11-28,2014-11-28,6,0.069435017344225081,0.17840607370192846,0.22741077106709925,0.0001,0.20052503012112127,0.050000000000000003,0.010026251506056065,0.54863599596651225,-0.036116409861243773,105,0,False,-0.20924537326534931,0.22929787627746145,0.11891195696363215,False,False,I5
2014-06-30,BND,6,2014-12-31,2014-12-31,6,0.052622394938154349,-0.064484714206597571,-0.066143340184899244,0.0001,-0.064956150851643857,0.050000000000000003,-0.0032478075425821928,0.7157667544017281,0.01457674927672546,81,1,False,-0.10809530844391002,0.10159969335874564,,False,True,I5
2014-06-30,DBC,6,2014-12-31,2014-12-31,6,0.36658689790723964,0.10235084827039115,0.21205845911063806,16.768329368110066,0.14809882578503539,0.050000000000000003,0.0074049412892517701,0.58300087692857383,-0.00056444221369282848,95,0,False,-0.2181524850151749,0.23296236759367842,0.53445006956486552,False,False,I5
2014-06-30,GLD,6,2014-12-31,2014-12-31,6,0.16267914588328747,-0.04601428805860569,0.086665941670579838,0.0001,0.0072274391099179094,0.050000000000000003,0.00036137195549589549,0.59872147284342481,-0.034435940980416559,110,0,False,-0.3376217610936893,0.33834450500468111,0.52306047151855906,False,False,I5
2014-06-30,VDE,6,2014-12-31,2014-12-31,6,0.26760164753706051,0.051000944515161163,0.11314607916259732,51.794746792312019,0.070295707150013445,0.050000000000000003,0.0035147853575006726,0.6895209456972623,-0.038066673242180236,111,0,False,-0.17812421949550794,0.18515379021050926,0.34008427179386641,False,False,I5
2014-06-30,VWO,6,2014-12-31,2014-12-31,6,0.12891974344561663,0.16222627670865317,0.21611127425885865,0.0001,0.18626837422335146,0.050000000000000003,0.0093134187111675731,0.55382576583959386,-0.03676191358150907,106,0,False,-0.20320408889292851,0.22183092631526369,0.096536833441344699,False,False,I5
2014-07-31,BND,6,2015-01-30,2015-01-30,6,0.030804202815141624,-0.013009053414368761,-0.11091756696095531,0.0001,-0.038774115884057041,0.050000000000000003,-0.0019387057942028521,0.73684553532284192,0.014604232521708336,82,1,False,-0.10655989098587469,0.10268247939746898,,False,True,I5
2014-07-31,DBC,6,2015-01-30,2015-01-30,6,0.39545099286159224,0.10778670428143244,0.14588884731324936,16.768329368110066,0.12303481602345344,0.050000000000000003,0.0061517408011726726,0.59980960311633491,-0.00047188003641029469,96,1,False,-0.19705285195251604,0.20935633355486138,0.64064648440940475,False,False,I5
2014-07-31,GLD,6,2015-01-30,2015-01-30,6,0.091367572179354872,0.010863429334141871,0.026471093989172766,0.0001,0.017255588338279029,0.050000000000000003,0.00086277941691395143,0.59044744070172328,-0.034185121078654693,111,0,False,-0.33701537093201739,0.33874092976584524,0.49566592623460642,False,False,I5
2014-07-31,VDE,6,2015-01-30,2015-01-30,6,0.31767123077915393,0.05018573201756997,0.067358864258736662,51.794746792312019,0.055484880145444553,0.050000000000000003,0.0027742440072722279,0.69142797869035821,-0.039235848927945481,112,0,False,-0.17885756709984432,0.18440605511438876,0.35816512150114416,False,False,I5
2014-07-31,VWO,6,2015-01-30,2015-01-30,6,0.17026103937254422,0.18057442328353918,0.17680956644878182,0.0001,0.17892322999851715,0.050000000000000003,0.008946161499925857,0.56141936931621905,-0.037967371001757011,107,0,False,-0.20352834063901717,0.22142066363886889,0.077342385128190319,False,False,I5
2014-08-29,BND,6,2015-02-27,2015-02-27,6,0.072215346301668148,0.01363723432125186,-0.099490362531158602,0.0001,-0.016773025961580562,0.050000000000000003,-0.00083865129807902819,0.73118619038194077,0.014369943394573859,83,1,False,-0.10545689951034705,0.10377959691418899,,False,True,I5
2014-08-29,DBC,6,2015-02-27,2015-02-27,6,0.3673848721342694,0.12471071025749453,0.20119702894821404,16.768329368110066,0.15446982932015724,0.050000000000000003,0.0077234914660078624,0.61092232477553454,0.00019008462991618324,97,1,False,-0.1952594187564097,0.21070640168842544,0.70562838257385918,False,False,I5
2014-08-29,GLD,6,2015-02-27,2015-02-27,6,0.15548072017168668,0.035365399403307962,0.026618150927801426,0.0001,0.031790203330675004,0.050000000000000003,0.0015895101665337503,0.59127763631683905,-0.03342361148849745,112,0,False,-0.29212894197574396,0.29530796230881146,0.45741874187463999,False,False,I5
2014-08-29,VDE,6,2015-02-27,2015-02-27,6,0.29377923051332178,0.059131148060121611,0.1090824156316437,51.794746792312019,0.074317787681145719,0.050000000000000003,0.003715889384057286,0.69597088603849133,-0.039895753606907371,113,0,False,-0.17280061126423771,0.18023239003235228,0.28891122632628424,False,False,I5
2014-08-29,VWO,6,2015-02-27,2015-02-27,6,0.15919059987898121,0.21969780236336886,0.21137676504312555,0.0001,0.21610526995082921,0.050000000000000003,0.010805263497541462,0.56825906743624188,-0.039098645452111475,108,0,False,-0.17759612644835898,0.19920665344344191,0.025912155373024978,False,False,I5
2014-09-30,BND,6,2015-03-31,2015-03-31,7,0.058515058989930591,-0.026944951744889173,-0.013212998816997886,0.56898660290182934,-0.023637541869848278,0.050000000000000003,-0.0011818770934924139,0.759144974323125,0.014679473976611448,84,1,False,-0.10579764016934183,0.10343388598235699,,False,True,I5
2014-09-30,DBC,6,2015-03-31,2015-03-31,7,0.35836409104025613,0.099177312827793351,0.10503690588805688,16.768329368110066,0.10146347928874683,0.050000000000000003,0.0050731739644373419,0.60984211063103066,0.00185238272664461,98,1,False,-0.18499882219829145,0.19514517012716615,0.72517138659945457,False,False,I5
2014-09-30,GLD,6,2015-03-31,2015-03-31,7,0.1068243996789584,-0.018556368918225513,0.0036327433770823574,0.56898660290182934,-0.0093741813681665082,0.050000000000000003,-0.00046870906840832543,0.58618499794601164,-0.032048800373860813,113,0,False,-0.29387372270568218,0.29293630456886549,0.60254310442324865,False,False,I5
2014-09-30,VDE,6,2015-03-31,2015-03-31,7,0.2620592540534421,0.014426435750402908,0.044073187365688063,10000,0.023286820796546356,0.050000000000000003,0.0011643410398273178,0.70113470908646702,-0.039329669946319847,114,0,False,-0.1712086128220579,0.17353729490171255,0.45947840244398303,False,False,I5
2014-09-30,VWO,6,2015-03-31,2015-03-31,7,0.14156164725645226,0.12572969477703938,0.1136143315487677,16.768329368110066,0.12056896171719748,0.050000000000000003,0.0060284480858598744,0.57403397961696145,-0.038878233831264722,109,0,False,-0.18219834011194921,0.19425523628366895,0.17664051017237234,False,False,I5
2014-10-31,BND,6,2015-04-30,2015-04-30,7,0.013894980162948878,-0.041600834501791098,-0.06718055519264679,0.56898660290182934,-0.048512789538351073,0.050000000000000003,-0.0024256394769175539,0.72978770487392841,0.015555001983154062,85,1,False,-0.10295264627422088,0.098101367320385768,,False,True,I5
2014-10-31,DBC,6,2015-04-30,2015-04-30,7,0.23748111241028669,0.0451299330904847,0.094689285200319134,16.768329368110066,0.065292713915154496,0.050000000000000003,0.003264635695757725,0.59315891014909483,0.0045618045489324291,99,1,False,-0.22232302681169319,0.22885229820320863,0.70441151073077746,False,False,I5
2014-10-31,GLD,6,2015-04-30,2015-04-30,7,0.04047098201509236,-0.071959123337952707,0.010727947158852955,0.56898660290182934,-0.036912811896011664,0.050000000000000003,-0.0018456405948005833,0.57615729724884934,-0.029908547026478133,114,0,False,-0.28086504672933515,0.277173765539734,0.6424227783765919,False,False,I5
2014-10-31,VDE,6,2015-04-30,2015-04-30,7,0.1058023353500861,0.014053071787896854,0.041227938053614452,10000,0.022430495482981507,0.050000000000000003,0.0011215247741490754,0.69172162198813947,-0.037505565711976677,115,0,False,-0.17122988386084673,0.17347293340914485,0.48444798997013622,False,False,I5
2014-10-31,VWO,6,2015-04-30,2015-04-30,7,-0.01010479432175182,0.077206040855338443,0.075222303885370115,16.768329368110066,0.076364896771057164,0.050000000000000003,0.0038182448385528584,0.57598003313175816,-0.038203374724175954,110,0,False,-0.16944330232528995,0.17707979200239568,0.51527678205766603,False,False,I5
2014-11-28,BND,6,2015-05-29,2015-05-29,7,0.021818504408631201,-0.044830069968159234,-0.071487539970764485,0.56898660290182934,-0.053379960030811135,0.050000000000000003,-0.0026689980015405569,0.67926851040941538,0.016176462278356552,86,1,False,-0.10312220598717983,0.09778420998409873,,False,True,I5
2014-11-28,DBC,6,2015-05-29,2015-05-29,7,0.16292433306334331,0.080806047015985774,0.1026548168958907,16.768329368110066,0.090039780982453813,0.050000000000000003,0.0045019890491226908,0.57737968694701614,0.0075543325069557521,100,1,False,-0.2449027801017731,0.25390675820001851,0.75163079473760541,False,False,I5
2014-11-28,GLD,6,2015-05-29,2015-05-29,7,0.012460882927663341,-0.055058930231680861,0.0032279141625678031,0.56898660290182934,-0.029732909333371443,0.050000000000000003,-0.0014866454666685723,0.56549336026830077,-0.028279952503527276,115,0,False,-0.26247084954206562,0.25949755860872853,0.66572600465565079,False,False,I5
2014-11-28,VDE,6,2015-05-29,2015-05-29,7,0.037788978226456327,0.014381819062011397,0.039868552134662297,10000,0.022550128027792056,0.050000000000000003,0.0011275064013896029,0.67950741499522194,-0.035007331038907352,116,0,False,-0.18051580240215273,0.18277081520493196,0.50326926680709605,False,False,I5
2014-11-28,VWO,6,2015-05-29,2015-05-29,7,0.020017814051038529,0.10697552023891781,0.075186709536633353,16.768329368110066,0.093576291790550978,0.050000000000000003,0.0046788145895275491,0.57849230114784012,-0.037233659480316483,111,0,False,-0.16158144327528698,0.17093907245434206,0.54733581154000821,False,False,I5
2014-12-31,BND,6,2015-06-30,2015-06-30,7,0.080502162255515763,-0.10943854343128952,0.03588699569396455,0.56898660290182934,-0.061012147082485202,0.050000000000000003,-0.0030506073541242602,0.66677297988850903,0.016595381044561125,87,1,False,-0.093871091814728733,0.087769877106480224,,False,True,I5
2014-12-31,DBC,6,2015-06-30,2015-06-30,7,0.13423580277786407,0.067008353445297569,0.10070702072129187,16.768329368110066,0.081771097886358876,0.050000000000000003,0.0040885548943179438,0.56191904207506349,0.011109110382206088,101,1,False,-0.28833731670453022,0.29651442649316606,0.75045308696314306,False,False,I5
2014-12-31,GLD,6,2015-06-30,2015-06-30,7,0.095994576432066769,-0.11134895584127515,0.0032279141625678031,0.56898660290182934,-0.060598512866027542,0.050000000000000003,-0.0030299256433013772,0.55706205821868393,-0.026633753379503012,116,0,False,-0.26386695240959873,0.25780710112299593,0.66282677072525753,False,False,I5
2014-12-31,VDE,6,2015-06-30,2015-06-30,7,0.11678950370315144,0.014341738945946555,0.032821828681470641,10000,0.020474413937424184,0.050000000000000003,0.0010237206968712093,0.66814690408732968,-0.032420929512617033,117,0,False,-0.21596557593968765,0.21801301733343006,0.52234881579491743,False,False,I5
2014-12-31,VWO,6,2015-06-30,2015-06-30,7,0.034552967687867531,0.093738802723562303,0.075186709536633353,16.768329368110066,0.085990366289558334,0.050000000000000003,0.0042995183144779172,0.58234166053762582,-0.035750146954192076,112,0,False,-0.1619236048337053,0.17052264146266113,0.61087488210280327,False,False,I5
2015-01-30,BND,6,2015-07-31,2015-07-31,7,0.22461693392553495,-0.087477574152306461,0.096579105111077215,0.56898660290182934,-0.029536701137925128,0.050000000000000003,-0.0014768350568962565,0.68520092155162493,0.016756844928317725,88,1,False,-0.092128701082956843,0.089175030969164321,,False,True,I5
2015-01-30,DBC,6,2015-07-31,2015-07-31,7,0.30239382758863897,0.12569806600828026,0.13782830775672311,16.768329368110066,0.13110144640771454,0.050000000000000003,0.006555072320385727,0.55455295026350826,0.01487716805357262,102,1,False,-0.31713172689100938,0.33024187153178081,0.83688219727744628,False,False,I5
2015-01-30,GLD,6,2015-07-31,2015-07-31,7,0.35643706720819746,-0.0089398196277043485,0.12578696411228871,0.56898660290182934,0.05091418638411465,0.050000000000000003,0.0025457093192057328,0.5557378841067695,-0.025625195041393115,117,0,False,-0.24979088835964247,0.25488230699805392,0.7649666468852625,False,False,I5
2015-01-30,VDE,6,2015-07-31,2015-07-31,7,0.28532453737498897,0.014657372204818556,0.097083688219954084,10000,0.042746757023852423,0.050000000000000003,0.0021373378511926212,0.6592182427044786,-0.029454046798279992,118,0,False,-0.24172733467443189,0.24600201037681715,0.5058865327295391,False,False,I5
2015-01-30,VWO,6,2015-07-31,2015-07-31,7,0.23631108608304485,0.15970636488875661,0.11873165565274263,16.768329368110066,0.14257462496447484,0.050000000000000003,0.0071287312482237429,0.58189477744422569,-0.033927039110592638,113,0,False,-0.15511443698040386,0.16937189947685136,0.56142532987154015,False,False,I5
2015-02-27,BND,6,2015-08-31,2015-08-31,7,0.13389313709191508,-0.035858699665486937,0.19258545346080086,0.56898660290182934,0.032047260573159854,0.14999999999999999,0.0048070890859739776,0.70274590393606085,0.017379974157231772,89,1,False,-0.080579900505736421,0.090194078677684378,,False,True,I5
2015-02-27,DBC,6,2015-08-31,2015-08-31,7,0.28443169110578548,0.050021873784618323,0.21192247314113893,16.768329368110066,0.12372612858651555,0.14999999999999999,0.018558919287977333,0.54475613373367804,0.018299572947559968,103,1,False,-0.34214863606222196,0.37926647463817659,0.8381284631890431,False,False,I5
2015-02-27,GLD,6,2015-08-31,2015-08-31,7,0.19180150042123434,-0.0016051911058000898,0.19886303788621881,0.56898660290182934,0.087511863587889316,0.14999999999999999,0.013126779538183397,0.55545546971815984,-0.024090399149756844,118,0,False,-0.21613116575761404,0.24238472483398082,0.81851394053675808,False,False,I5
2015-02-27,VDE,6,2015-08-31,2015-08-31,7,0.29641556894879606,0.014162797290980422,0.11917186975470639,10000,0.050959436045936272,0.14999999999999999,0.0076439154068904409,0.64958609869002715,-0.026737800770451403,119,0,False,-0.25767992196075046,0.27296775277453139,0.5159049954239564,False,False,I5
2015-02-27,VWO,6,2015-08-31,2015-08-31,7,0.29038411755581606,0.095030094529688122,0.15957809427345579,16.768329368110066,0.12211543279882156,0.14999999999999999,0.018317314919823233,0.58038454519655935,-0.032233024733491107,114,0,False,-0.13376217617338182,0.17039680601302831,0.63342482772557007,False,False,I5
2015-03-31,BND,6,2015-09-30,2015-09-30,8,0.14266612343861773,0.013113487999542782,0.074987631800280188,11.513953993264458,0.032211837175127718,0.20000000000000001,0.0064423674350255443,0.69133554013950926,0.017837030655372871,90,1,False,-0.078892658968797241,0.091777393838848337,,False,True,I5
2015-03-31,DBC,6,2015-09-30,2015-09-30,8,0.25282583875028697,-0.075120422605097131,0.16816136740312043,3.7275937203149381,0.036294854463405475,0.20000000000000001,0.0072589708926810957,0.54203199070206109,0.021569424083066661,104,1,False,-0.35196185794559925,0.3664797997309614,0.67548269492834645,False,False,I5
2015-03-31,GLD,6,2015-09-30,2015-09-30,8,0.18029355463754893,-0.0082156204831667634,0.23200105586858372,5.4286754393238592,0.099023546506058421,0.20000000000000001,0.019804709301211684,0.5535731797729383,-0.022990274789851675,119,0,False,-0.19728861825954686,0.2368980368619702,0.84522120781820331,False,False,I5
2015-03-31,VDE,6,2015-09-30,2015-09-30,8,0.32020516687159351,-0.011467466240923256,0.07925137643646997,10000,0.021042947486266055,0.20000000000000001,0.0042085894972532113,0.64163548864043451,-0.024331158646918961,120,0,False,-0.25866306631934016,0.26708024531384661,0.55821148425387956,False,False,I5
2015-03-31,VWO,6,2015-09-30,2015-09-30,8,0.30008663919744016,0.05767350707309344,0.14316083087990805,2.559547922699533,0.093482693786422863,0.20000000000000001,0.018696538757284574,0.58111699935476413,-0.030721766716187253,115,0,False,-0.1234722291040363,0.16086530661860546,0.67625658829904345,False,False,I5
2015-04-30,BND,6,2015-10-30,2015-10-30,8,0.24080313908503836,-0.0017581782924642603,0.097776791889447476,11.513953993264458,0.029001917415142062,0.20000000000000001,0.0058003834830284125,0.69096192371998832,0.017793711419192389,91,1,False,-0.074683461850948651,0.086284228817005482,0.50530981957970456,False,False,I5
2015-04-30,DBC,6,2015-10-30,2015-10-30,8,0.3889881691073056,-0.1488825691099335,0.17482458500502945,3.7275937203149381,0.0012534715248447386,0.20000000000000001,0.0002506943049689477,0.53619795322330688,0.023625725876659232,105,1,False,-0.35896911158014577,0.35947050019008364,0.58992240050142841,False,False,I5
2015-04-30,GLD,6,2015-10-30,2015-10-30,8,0.26660377675387292,-0.066542338729896094,0.23957403265542032,5.4286754393238592,0.071597470444273781,0.20000000000000001,0.014319494088854757,0.5487343308395296,-0.022461430983143807,120,0,False,-0.20274095891262167,0.23137994709033116,0.83635702253886379,False,False,I5
2015-04-30,VDE,6,2015-10-30,2015-10-30,8,0.39862569818593929,-0.011954065308653946,0.10144104101722022,10000,0.029124014022485781,0.20000000000000001,0.0058248028044971568,0.6377438086870364,-0.023255675225456109,121,0,False,-0.25704478163761391,0.26869438724660821,0.5600082373274009,False,False,I5
2015-04-30,VWO,6,2015-10-30,2015-10-30,8,0.43535549320910982,0.0049700647839640219,0.19854062540844908,2.559547922699533,0.086315525759239342,0.20000000000000001,0.017263105151847868,0.57976326197101591,-0.03054403419554557,116,0,False,-0.12484443892859304,0.15937064923228877,0.66257544440566807,False,False,I5
2015-05-29,BND,6,2015-11-30,2015-11-30,8,0.13823566817533073,0.0010801054160040763,0.059877395582536852,11.513953993264458,0.0193184632867025,0.20000000000000001,0.0038636926573404999,0.68980955042245073,0.017837459169077592,92,1,False,-0.076540237499333141,0.084267622814014148,0.53725917069606388,False,False,I5
2015-05-29,DBC,6,2015-11-30,2015-11-30,8,0.33193485055703198,-0.12563597115095962,0.12114548901754797,3.7275937203149381,-0.010574820084917355,0.20000000000000001,-0.002114964016983471,0.53375285571502784,0.024939863680307196,106,1,False,-0.35601009027661445,0.35178016224264752,0.55582514574024788,False,False,I5
2015-05-29,GLD,6,2015-11-30,2015-11-30,8,0.2508794695549984,-0.048398793393735429,0.12281388667001082,5.4286754393238592,0.029430951800431659,0.20000000000000001,0.0058861903600863318,0.54542067114895132,-0.022172816818591682,121,0,False,-0.20539590355926049,0.21716828427943316,0.8104117576316674,False,False,I5
2015-05-29,VDE,6,2015-11-30,2015-11-30,8,0.27499604996297344,-0.01178611658516281,0.086648461415334777,10000,0.024064190612590335,0.20000000000000001,0.0048128381225180676,0.63579559209801328,-0.022755309213555189,122,0,False,-0.25624968398671943,0.26587536023175562,0.57499768732252021,False,False,I5
2015-05-29,VWO,6,2015-11-30,2015-11-30,8,0.31680547429583028,0.01226358373161595,0.12464226262132798,2.559547922699533,0.059893461954906052,0.20000000000000001,0.011978692390981212,0.57616623817019719,-0.030111881646429469,117,0,False,-0.12514880260443853,0.14910618738640094,0.69637914954622826,False,False,I5
2015-06-30,BND,6,2015-12-31,2015-12-31,8,0.10979512004855208,-0.017038851758269094,0.0086056479662336149,11.513953993264458,-0.0080074430494309727,0.20000000000000001,-0.0016014886098861946,0.64782277658515497,0.018511273180759725,93,1,False,-0.085385236241036874,0.082182259021264484,0.63583759183063004,False,False,I5
2015-06-30,DBC,6,2015-12-31,2015-12-31,8,0.36807909604519762,-0.14432534035712397,0.092814597262049742,3.7275937203149381,-0.032969771714437018,0.20000000000000001,-0.0065939543428874042,0.53042254391786847,0.025961321055050716,107,1,False,-0.36047397537292308,0.34728606668714829,0.48732641889121625,False,False,I5
2015-06-30,GLD,6,2015-12-31,2015-12-31,8,0.22149542842687286,-0.075408616081680868,0.09154081006020999,5.4286754393238592,0.0016100548839786,0.20000000000000001,0.00032201097679572001,0.53867064568283662,-0.021204231628012517,122,0,False,-0.20337776611707165,0.20402178807066307,0.78901843728789267,False,False,I5
2015-06-30,VDE,6,2015-12-31,2015-12-31,8,0.33224392579817208,-0.011822185995820404,0.076060129883499777,10000,0.020485385216602394,0.20000000000000001,0.0040970770433204793,0.63237687936231113,-0.021620798539435621,123,0,False,-0.245566646467752,0.25376080055439298,0.58793465999246597,False,False,I5
2015-06-30,VWO,6,2015-12-31,2015-12-31,8,0.3150798405095443,-0.0016685637926659239,0.11358229473324757,2.559547922699533,0.047428296987332093,0.20000000000000001,0.0094856593974664196,0.57400004296749885,-0.029563874448681193,118,0,False,-0.12622172490078115,0.14519304369571401,0.71432519294461061,False,False,I5
2015-07-31,BND,6,2016-01-29,2016-01-29,8,0.01240819892785483,-0.019731413086147676,-0.021155569695056803,11.513953993264458,-0.020306921881700222,0.25,-0.0050767304704250555,0.5958950076471049,0.020703886592938182,94,1,False,-0.095523321880519207,0.085369860939669084,0.69139217158772537,False,False,I5
2015-07-31,DBC,6,2016-01-29,2016-01-29,8,0.21212989692870465,-0.14572320512180004,0.053561903544189632,3.7275937203149381,-0.051752369915469006,0.25,-0.012938092478867251,0.52846032583483116,0.02852088130073209,108,1,False,-0.3502165689964773,0.32434038403874282,0.4175523849824655,False,False,I5
2015-07-31,GLD,6,2016-01-29,2016-01-29,8,0.0053468588739096212,-0.049517518468803826,0.015344209227154697,5.4286754393238592,-0.019071692840450415,0.25,-0.0047679232101126038,0.53060415271284145,-0.018133977165929509,123,0,False,-0.23374416896670447,0.22420832254647927,0.77538168911673289,False,False,I5
2015-07-31,VDE,6,2016-01-29,2016-01-29,8,0.18205000469054933,-0.012142068759063806,0.024352665654873006,10000,0.0016684112750080418,0.25,0.00041710281875201045,0.62157609156903948,-0.019145432927222518,124,0,False,-0.26488892982958889,0.26572313546709292,0.61459173458508376,False,False,I5
2015-07-31,VWO,6,2016-01-29,2016-01-29,8,0.20500120979274106,-0.039859197790707623,0.044141208293890809,2.559547922699533,-0.0042562931375044527,0.25,-0.0010640732843761132,0.57615794598246584,-0.027329631082868368,119,0,False,-0.15302566582295041,0.1508975192541982,0.75587405226642057,False,False,I5
2015-08-31,BND,6,2016-02-29,2016-02-29,8,0.077602064870867071,-0.064828540360315101,0.072028907404001016,11.513953993264458,-0.0058315446359208907,0.29999999999999999,-0.0017494633907762672,0.5689164405141206,0.021895352387664255,95,1,False,-0.10636771160304428,0.10286878482149175,0.67250489888160014,False,False,I5
2015-08-31,DBC,6,2016-02-29,2016-02-29,8,0.27712167015913447,-0.24241042945694066,0.12491336434790486,3.7275937203149381,-0.063877797022340685,0.29999999999999999,-0.019163339106702204,0.51396387752258677,0.030868686895273865,109,1,False,-0.35638886443199008,0.31806218621858567,0.36749388470737693,False,False,I5
2015-08-31,GLD,6,2016-02-29,2016-02-29,8,0.021554331494978651,-0.11510141470241234,0.21698807302736958,5.4286754393238592,0.044019383562282223,0.29999999999999999,0.013205815068684667,0.52084963799224615,-0.016440949120871733,124,0,False,-0.20383651477831571,0.23024814491568507,0.85570926349456189,False,False,I5
2015-08-31,VDE,6,2016-02-29,2016-02-29,8,0.22082797022739786,-0.012635722298011704,0.023454155648031126,10000,0.001446913446603994,0.29999999999999999,0.00043407403398119818,0.60978987610680391,-0.016620944912214369,125,0,False,-0.29014663471283764,0.29101478278080006,0.62127191067362841,False,False,I5
2015-08-31,VWO,6,2016-02-29,2016-02-29,8,0.20001469812866679,-0.15381613423206805,0.087990975441056316,2.559547922699533,-0.049611249315933789,0.29999999999999999,-0.014883374794780135,0.5690578120014802,-0.024682016510879326,120,0,False,-0.18110649794296335,0.15133974835340308,0.78336793883377454,False,False,I5
2015-09-30,BND,6,2016-03-31,2016-03-31,9,0.14410752179273167,0.038031594189720082,0.17054881380888778,232.99518105153672,0.097124137721174716,0.40000000000000002,0.038849655088469888,0.55407649133239667,0.023153381252778354,96,1,False,-0.069442804534461805,0.14714211471140157,0.45734999920178093,False,False,I5
2015-09-30,DBC,6,2016-03-31,2016-03-31,9,0.28605621584739516,0.02365900548923866,0.14027686753546956,232.99518105153672,0.082726096706793692,0.40000000000000002,0.03309043868271748,0.49349876441621765,0.03288647918486489,110,1,False,-0.29092042177000543,0.35710129913544042,0.81554271310426574,False,False,I5
2015-09-30,GLD,6,2016-03-31,2016-03-31,9,0.10786905007681558,0.052276830826635916,0.28035062037409164,1048.1131341546852,0.16317956493487371,0.40000000000000002,0.065271825973949482,0.51374187131151228,-0.014867073090804367,125,0,False,-0.14597866012224858,0.27652231207014755,0.94510198812108825,False,False,I5
2015-09-30,VDE,6,2016-03-31,2016-03-31,9,0.15748675125643241,-0.099795956503055006,0.16655846697586577,109.85411419875572,0.0070323848034911877,0.40000000000000002,0.0028129539213964752,0.59892409552942694,-0.01394772180281907,126,0,False,-0.31318362345294382,0.31880953129573675,0.62496962337304374,False,False,I5
2015-09-30,VMBS,6,2016-03-31,2016-03-31,9,0.15295580985304502,0.042136433752883867,0.1259221622526441,232.99518105153672,0.084029298002763986,0.40000000000000002,0.033611719201105596,0.5,0.053156553894716262,64,1,False,,,,True,True,I5
2015-09-30,VWO,6,2016-03-31,2016-03-31,9,0.12617592949877454,-0.12367615084958999,0.14189598267392683,11.513953993264458,-0.0069126065074522321,0.40000000000000002,-0.0027650426029808932,0.56033209210258439,-0.021997978033951066,121,0,False,-0.2152693852687648,0.20973930006280303,0.76404036634030048,False,False,I5
2015-10-30,BND,6,2016-04-29,2016-04-29,9,-0.015915026060930426,0.047528655248002059,0.05102193202642067,232.99518105153672,0.049163618191352919,0.40000000000000002,0.019665447276541168,0.53196867953560711,0.025397193189193406,97,1,False,-0.11024418242143659,0.14957507697451894,0.61929580624752312,False,False,I5
2015-10-30,DBC,6,2016-04-29,2016-04-29,9,0.052759598646480277,0.052572643856239797,0.0091217104836337111,232.99518105153672,0.029493744432933941,0.40000000000000002,0.011797497773173578,0.46885146918717074,0.036094602517499498,111,1,False,-0.34742804284938461,0.37102303839573175,0.70322104674608998,False,False,I5
2015-10-30,GLD,6,2016-04-29,2016-04-29,9,-0.11931990248512259,0.05747177547014877,0.23857198678528305,1048.1131341546852,0.14830869574051012,0.40000000000000002,0.059323478296204046,0.49841626571989411,-0.012633177457116453,126,0,False,-0.19225049800488092,0.31089745459728901,0.94460790385353,False,False,I5
2015-10-30,VDE,6,2016-04-29,2016-04-29,9,-0.0055527179300820517,-0.031337735019553649,-0.091506106726456052,109.85411419875572,-0.056216679960393312,0.40000000000000002,-0.022486671984157325,0.58651124776930608,-0.010699112196608374,127,0,False,-0.41528756736559946,0.37031422339728481,0.68076041838605195,False,False,I5
2015-10-30,VMBS,6,2016-04-29,2016-04-29,9,-0.0064417503071541038,0.04769273841584417,0.064000173361606461,232.99518105153672,0.055846455888725319,0.40000000000000002,0.02233858235549013,0.5,0.055901840974295368,65,1,False,,,,True,True,I5
2015-10-30,VWO,6,2016-04-29,2016-04-29,9,0.0027943924472966231,-0.023758096961909045,0.05453211855754192,11.513953993264458,0.01201178981538591,0.40000000000000002,0.0048047159261543643,0.54311165782385618,-0.018249179089335814,122,1,False,-0.22497277364883331,0.23458220550114203,0.7585854589509875,False,False,I5
2015-11-30,BND,6,2016-05-31,2016-05-31,9,0.068327331400474201,0.029738101615236354,0.10180007040197252,232.99518105153672,0.064304056611886318,0.5,0.032152028305943159,0.52033013282018137,0.026548606199256034,98,1,False,-0.11072876569608142,0.17503282230796774,0.62834533735481324,False,False,I5
2015-11-30,DBC,6,2016-05-31,2016-05-31,9,0.062397927746934201,0.038632589419963892,0.073537074766049607,232.99518105153672,0.057749710005193015,0.5,0.028874855002596508,0.45230189198669923,0.038736033303566744,112,1,False,-0.32507062202235215,0.38282033202754517,0.77621837231247559,False,False,I5
2015-11-30,GLD,6,2016-05-31,2016-05-31,9,-0.043113432352661185,0.052905417720717357,0.25642817017413227,1048.1131341546852,0.15666393303056006,0.5,0.07833196651528003,0.49018714586423273,-0.010558274724737596,127,0,False,-0.16839926993599752,0.32506320296655761,0.95348177326802708,False,False,I5
2015-11-30,VDE,6,2016-05-31,2016-05-31,9,0.087127097917405916,-0.073306735694978559,-0.066134272997604576,109.85411419875572,-0.070275144089449501,0.5,-0.035137572044724751,0.57732905231574017,-0.0084671187422366411,128,0,False,-0.42793846742616687,0.35766332333671741,0.69772980361849402,False,False,I5
2015-11-30,VMBS,6,2016-05-31,2016-05-31,9,0.074341481315624014,0.033304121614560686,0.097544320159243081,232.99518105153672,0.06542422088690189,0.5,0.032712110443450945,0.5,0.057110029581720387,66,1,False,,,,True,True,I5
2015-11-30,VWO,6,2016-05-31,2016-05-31,9,0.10052886897366986,-0.11604873275715127,0.055005225278770914,11.513953993264458,-0.036265143956203394,0.5,-0.018132571978101697,0.53357648243256128,-0.015525157517098691,123,1,False,-0.26573504595317304,0.22946990199696965,0.78620891703110751,False,False,I5
2015-12-31,BND,6,2016-06-30,2016-06-30,9,-0.022414284328777567,0.045954795253264916,0.13833609933723542,232.99518105153672,0.090744196000914934,0.5,0.045372098000457467,0.51516812636744747,0.027389480076521651,99,1,False,-0.097270944644480495,0.18801514064539543,0.60264146093876958,False,False,I5
2015-12-31,DBC,6,2016-06-30,2016-06-30,9,-0.098961433257259035,0.051533562929628504,0.083552945649888397,232.99518105153672,0.069510843939966177,0.5,0.034755421969983089,0.43855004428418465,0.041650573681811263,113,1,False,-0.34016672458473601,0.40967756852470222,0.79970625945877194,False,False,I5
2015-12-31,GLD,6,2016-06-30,2016-06-30,9,-0.21742571699020719,0.0593224351658104,0.28879659467507657,1048.1131341546852,0.17807639127261848,0.5,0.089038195636309242,0.48249529985962197,-0.0087453551688656365,128,0,False,-0.13900633577862417,0.31708272705124263,0.96537971929422395,False,False,I5
2015-12-31,VDE,6,2016-06-30,2016-06-30,9,-0.10704557158169736,-0.051980892794685075,0.14520924652914988,109.85411419875572,0.033047745614695742,0.5,0.016523872807347871,0.5687987304996891,-0.0058259478543264956,129,0,False,-0.37627702257409429,0.40932476818878999,0.62640831662161678,False,False,I5
2015-12-31,VMBS,6,2016-06-30,2016-06-30,9,-0.0033007501656627802,0.04875128012323994,0.10230905236332363,232.99518105153672,0.075530166243281793,0.5,0.037765083121640897,0.5,0.057872005410554449,67,1,False,,,,True,True,I5
2015-12-31,VWO,6,2016-06-30,2016-06-30,9,-0.0074197667340689666,-0.07955015715349692,0.14225216452217751,11.513953993264458,0.025929098408573961,0.5,0.01296454920428698,0.52444476340375912,-0.012858988178174151,124,1,False,-0.27022837288699897,0.2961574712955729,0.76139920332151279,False,False,I5
2016-01-29,BND,6,2016-07-29,2016-07-29,9,0.021576543086043287,0.031862260473503115,0.1957479759952272,232.99518105153672,0.11130747016405371,0.5,0.055653735082026853,0.51524018162510554,0.027239667265034982,100,1,False,-0.086767952851140237,0.19807542301519393,0.57454037080265097,False,False,I5
2016-01-29,DBC,6,2016-07-29,2016-07-29,9,-0.047482500850779319,0.015574146229117111,0.23890650500805527,232.99518105153672,0.14344107725975211,0.5,0.071720538629876054,0.42745900446427487,0.043146006341871733,114,1,False,-0.28921843095071087,0.43265950821046295,0.86813713552867056,False,False,I5
2016-01-29,GLD,6,2016-07-29,2016-07-29,9,-0.13610473454028016,0.046992949874988713,0.32642200297120566,1048.1131341546852,0.19217426099519339,0.5,0.096087130497596693,0.48043587625724166,-0.0086361131995417971,129,0,False,-0.12456824666013798,0.31674250765533135,0.97244593220297437,False,False,I5
2016-01-29,VDE,6,2016-07-29,2016-07-29,9,-0.11216247522633682,-0.11524764985740377,0.23865101682316228,109.85411419875572,0.038691500938087833,0.5,0.019345750469043917,0.56501912753901595,-0.0043807482193659103,130,0,False,-0.31002098595800748,0.3487124868960953,0.62746554190855641,False,False,I5
2016-01-29,VMBS,6,2016-07-29,2016-07-29,9,0.050783822628887032,0.02958789312822219,0.15820984701675428,232.99518105153672,0.093898870072488233,0.5,0.046949435036244117,0.5,0.057141292256466081,68,1,False,,,,True,True,I5
2016-01-29,VWO,6,2016-07-29,2016-07-29,9,-0.141423472073962,-0.15459438625091051,0.21646020158979268,11.513953993264458,0.024198765167412054,0.5,0.012099382583706027,0.51814865715909175,-0.01111610659440683,125,1,False,-0.26084697644890598,0.28504574161631802,0.76736995365973204,False,False,I5
2016-02-29,BND,6,2016-08-31,2016-08-31,9,-0.030818070202628833,0.059061238256410832,0.1738566066224855,232.99518105153672,0.11733792760649975,0.40000000000000002,0.046935171042599901,0.49234285163623931,0.027738304865092725,101,1,False,-0.087621982523950537,0.18149232460915032,0.58236877741632675,False,False,I5
2016-02-29,DBC,6,2016-08-31,2016-08-31,9,-0.1770475250262884,0.042771119037740619,0.12709422067101125,232.99518105153672,0.092738741431640986,0.40000000000000002,0.037095496572656393,0.40742665502018138,0.045180577331587063,115,1,False,-0.32381685657225706,0.39800784971756981,0.82087394107706324,False,False,I5
2016-02-29,GLD,6,2016-08-31,2016-08-31,9,-0.072289902188917621,0.061239267863137645,0.27099317501214637,1048.1131341546852,0.16958497569217879,0.40000000000000002,0.067833990276871522,0.48346274307027526,-0.0084038790095839443,130,0,False,-0.14931909218081574,0.28498707273455881,0.96892638498103267,False,False,I5
2016-02-29,VDE,6,2016-08-31,2016-08-31,9,-0.23144868907792415,-0.06541417065283292,0.06709136971475993,109.85411419875572,-0.0072611531669477857,0.40000000000000002,-0.0029044612667791145,0.561127653043346,-0.00266159769687153,131,0,False,-0.33224860718138244,0.32643968464782419,0.6750542103871684,False,False,I5
2016-02-29,VMBS,6,2016-08-31,2016-08-31,9,-0.012617713427836463,0.060352125628640854,0.11881284478624983,232.99518105153672,0.089582485207445342,0.40000000000000002,0.035832994082978138,0.5,0.057474058913693116,69,1,False,,,,True,True,I5
2016-02-29,VWO,6,2016-08-31,2016-08-31,9,-0.23296132359214106,-0.095959116600825151,0.17555735601165293,11.513953993264458,0.039292803490906365,0.40000000000000002,0.015717121396362548,0.5018647716274296,-0.009440465287080849,126,1,False,-0.25261989229999682,0.28405413509272193,0.76371144663577828,False,False,I5
2016-03-31,BND,6,2016-09-30,2016-09-30,10,-0.12976347312084746,0.077375627833857125,0.079647720236865324,159.98587196060572,0.078557832816167392,0.5,0.039278916408083696,0.47968446144837285,0.028879179540853891,102,1,False,-0.095272263673029295,0.1738300964891967,0.73094278589186301,False,False,I5
2016-03-31,DBC,6,2016-09-30,2016-09-30,10,-0.21943218778882057,-0.10053029356442099,0.14905952853998122,11.513953993264458,0.048563425297292476,0.5,0.024281712648646238,0.4026450373471227,0.047257091456723341,116,1,False,-0.33494916479079812,0.38351259008809063,0.79076829023659934,False,False,I5
2016-03-31,GLD,6,2016-09-30,2016-09-30,10,-0.17511856494588796,0.067798491052734916,0.16621212579919317,1048.1131341546852,0.11808772294747451,0.5,0.059043861473737254,0.48900137644240976,-0.0075162993982373829,131,0,False,-0.15234063134374445,0.27042835429121898,0.95054850212907016,False,False,I5
2016-03-31,VDE,6,2016-09-30,2016-09-30,10,-0.25192968884617306,-0.13174765448636278,-0.053117568480934289,24.420530945486497,-0.095994619823583066,0.5,-0.047997309911791533,0.54530083230086523,-0.0014483526290434683,132,0,False,-0.36443571533633223,0.26844109551274919,0.75897738365187251,False,False,I5
2016-03-31,VMBS,6,2016-09-30,2016-09-30,10,-0.11817592135030086,0.079168479326564817,0.11628230681995951,109.85411419875572,0.11419777150711856,0.5,0.057098885753559279,0.056166002097518437,0.058838083927112428,70,1,False,,,,True,True,I5
2016-03-31,VOO,6,2016-09-30,2016-09-30,10,-0.17176720151991987,-0.063481162520807849,0.087004644856826102,11.513953993264458,0.011761741168009127,0.5,0.0058808705840045633,0.5,0.0072558617821697497,61,1,False,,,,True,True,I5
2016-03-31,VWO,6,2016-09-30,2016-09-30,10,-0.22880435975733215,-0.0020385109190766207,0.12483378802976661,11.513953993264458,0.063065433472107052,0.5,0.031532716736053526,0.48685453853536198,-0.0083726196588457674,127,1,False,-0.23679582016726131,0.29986125363936833,0.75317259952443716,False,False,I5
2016-04-29,BND,6,2016-10-31,2016-10-31,10,-0.048420684589805529,0.086678961746259497,0.16631200827107129,159.98587196060572,0.1280361721970949,0.40000000000000002,0.05121446887883796,0.4806526654992474,0.028444284340836568,103,1,False,-0.078532320066109301,0.18096125782378522,0.55922878721021307,False,False,I5
2016-04-29,DBC,6,2016-10-31,2016-10-31,10,-0.074749846415377186,0.045639916441502157,0.18022002519967534,11.513953993264458,0.12564180368385972,0.40000000000000002,0.050256721473543889,0.40554448959383121,0.047304121432704169,117,1,False,-0.30374112034733519,0.40425456329442294,0.85072507461325286,False,False,I5
2016-04-29,GLD,6,2016-10-31,2016-10-31,10,-0.01822852450638679,0.078208748618590576,0.28042566826894133,1048.1131341546852,0.17984660966486662,0.40000000000000002,0.071938643865946658,0.4973820132261137,-0.0083632963913198508,132,0,False,-0.13940882077854883,0.28328610851044211,0.9144162901816949,False,False,I5
2016-04-29,VDE,6,2016-10-31,2016-10-31,10,-0.053971537874465736,0.0091619498328749209,0.074038496036132356,24.420530945486497,0.038448436112717158,0.40000000000000002,0.015379374445086864,0.5485812979610839,-0.0014792125185249631,133,0,False,-0.3010511411928431,0.33180989008301681,0.63395520054843635,False,False,I5
2016-04-29,VMBS,6,2016-10-31,2016-10-31,10,-0.047537274211049696,0.091758597659298197,0.16966359559805189,109.85411419875572,0.14950048396203558,0.40000000000000002,0.059800193584814233,0.25881666349401433,0.05791864964212276,71,1,False,,,,True,True,I5
2016-04-29,VOO,6,2016-10-31,2016-10-31,10,-0.076040277704247594,-0.0014220000130036707,0.15332251719967116,11.513953993264458,0.07595025859333375,0.40000000000000002,0.030380103437333501,0.5,0.0072644708840580918,62,1,False,,,,True,True,I5
2016-04-29,VWO,6,2016-10-31,2016-10-31,10,-0.12708527199333475,0.085099779873391304,0.16674791297059174,11.513953993264458,0.12686094287039074,0.40000000000000002,0.0507443771481563,0.48852274494404413,-0.0082853773767665312,128,1,False,-0.19702699946111366,0.29851575375742623,0.71290169097232148,False,False,I5
2016-05-31,BND,6,2016-11-30,2016-11-30,10,0.016309171659666166,0.08670919966199328,0.11507711456542501,159.98587196060572,0.10145845395828802,0.40000000000000002,0.04058338158331521,0.48007266848821217,0.028827775177948468,104,1,False,-0.089143384908934892,0.1703101480755653,0.65945556027758057,False,False,I5
2016-05-31,DBC,6,2016-11-30,2016-11-30,10,-0.0081741515952040711,0.076443542336919232,0.074308146028982974,11.513953993264458,0.075172940450874998,0.40000000000000002,0.030069176180350002,0.40498076103157199,0.047432035045536627,118,1,False,-0.32391480437101811,0.38405315673171808,0.82006570567271675,False,False,I5
2016-05-31,GLD,6,2016-11-30,2016-11-30,10,0.032048595801907664,0.080884277140062882,0.2084818727643972,1048.1131341546852,0.1438674921728266,0.40000000000000002,0.057546996869130645,0.5063918350139186,-0.0086245756090742969,133,0,False,-0.1462131150423322,0.26130710878059349,0.81402668446797566,False,False,I5
2016-05-31,VDE,6,2016-11-30,2016-11-30,10,-0.083520980922394683,0.0026228189823413583,-0.031092069688568862,24.420530945486497,-0.012640931284275346,0.40000000000000002,-0.0050563725137101386,0.54726974140102891,-0.00081797139586876259,134,0,False,-0.32001123247519497,0.30989848744777465,0.67112186837173282,False,False,I5
2016-05-31,VMBS,6,2016-11-30,2016-11-30,10,0.015898369381300625,0.092203763344092124,0.11957042818154337,109.85411419875572,0.11257781955995047,0.40000000000000002,0.045031127823980194,0.25551555745380899,0.058146744526476946,72,1,False,,,,True,True,I5
2016-05-31,VOO,6,2016-11-30,2016-11-30,10,-0.059717656215456216,0.0012733918762597666,0.12854240001216077,11.513953993264458,0.064907895944210273,0.40000000000000002,0.02596315837768411,0.5,0.0084865841288250601,63,1,False,,,,True,True,I5
2016-05-31,VWO,6,2016-11-30,2016-11-30,10,-0.080601831120427514,0.082320599935556571,0.13798443258194215,11.513953993264458,0.11137663250665999,0.40000000000000002,0.044550653002664004,0.47800876817650961,-0.0074418560872282664,129,1,False,-0.19503366874708941,0.28413497475241745,0.72476583342410905,False,False,I5
2016-06-30,BND,6,2016-12-30,2016-12-30,10,0.14135779460259301,0.080480201308575014,0.1865760235112762,159.98587196060572,0.13409372998807781,0.40000000000000002,0.053637491995231129,0.49466880442218014,0.028339755563598693,105,1,False,-0.060360504802545761,0.16763548879300802,0.46313178534804011,False,False,I5
2016-06-30,DBC,6,2016-12-30,2016-12-30,10,0.065284339060155183,0.1316306886457361,0.23325762548129678,11.513953993264458,0.19171432593817278,0.40000000000000002,0.076685730375269115,0.4087823645648585,0.046201837832908092,119,1,False,-0.26082369480423817,0.41419515555477637,0.87160474284698897,False,False,I5
2016-06-30,GLD,6,2016-12-30,2016-12-30,10,0.25072920900137008,0.082002362245721896,0.27995927766723772,1048.1131341546852,0.17782428973691311,0.40000000000000002,0.071129715894765244,0.51594554154799499,-0.010182793082067826,134,0,False,-0.14951914351465012,0.29177857530418061,0.73285864226146069,False,False,I5
2016-06-30,VDE,6,2016-12-30,2016-12-30,10,-0.020924685541663157,0.067680171238103687,0.10941305223540564,24.420530945486497,0.086137135601003834,0.40000000000000002,0.034454854240401532,0.55773567695713611,-0.0016048425083563819,135,0,False,-0.2573211521055952,0.32623086058639822,0.5836719316825657,False,False,I5
2016-06-30,VMBS,6,2016-12-30,2016-12-30,10,0.13546322864480709,0.08508884533443159,0.16800520139374323,109.85411419875572,0.13196013897097514,0.40000000000000002,0.052784055588390055,0.43471594913052314,0.057304998023844901,73,1,False,-0.066560035063549378,0.17212814624032949,,False,True,I5
2016-06-30,VOO,6,2016-12-30,2016-12-30,10,0.0082187236419339893,0.039700958105918685,0.16508475908033582,11.513953993264458,0.10239285859312725,0.40000000000000002,0.040957143437250904,0.5,0.0086066683027796083,64,1,False,,,,True,True,I5
2016-06-30,VWO,6,2016-12-30,2016-12-30,10,0.033870377269062057,0.10570060888021486,0.24463453536791449,11.513953993264458,0.17751645197225435,0.40000000000000002,0.071006580788901749,0.48309354736045951,-0.0074416861691270391,130,1,False,-0.16279761675474541,0.30481077833254888,0.66315056291918473,False,False,I5
2016-07-29,BND,6,2017-01-31,2017-01-31,10,0.20252146456333453,0.10363259890864956,0.15670053067513867,159.98587196060572,0.12916752635937115,0.29999999999999999,0.038750257907811343,0.51882565231520539,0.028275951672301,106,1,False,-0.075173413514555892,0.15267392933017859,0.58372187694784505,False,False,I5
2016-07-29,DBC,6,2017-01-31,2017-01-31,10,0.065929940108925944,0.20464754723291628,0.16572310893072328,11.513953993264458,0.18221645615504919,0.29999999999999999,0.054664936846514758,0.42372730201726966,0.045421135010544025,120,1,False,-0.27953653234879361,0.3888664060418231,0.8085168456166294,False,False,I5
2016-07-29,GLD,6,2017-01-31,2017-01-31,10,0.28896725551578339,0.091247384652569402,0.23534450240654881,1048.1131341546852,0.15939346683858632,0.29999999999999999,0.047818040051575895,0.52708226751374443,-0.011115548203980512,135,0,False,-0.19878484846672553,0.29442092856987734,0.65095136973100332,False,False,I5
2016-07-29,VDE,6,2017-01-31,2017-01-31,10,0.051247636942578056,0.12793059510044491,0.070585741128036714,24.420530945486497,0.10361726017883445,0.29999999999999999,0.031085178053650332,0.57601540090573833,-0.0024177662783415339,136,0,False,-0.2577959405380314,0.3199662966453321,0.54959542526863214,False,False,I5
2016-07-29,VMBS,6,2017-01-31,2017-01-31,10,0.18797102666325971,0.1127072569788324,0.14319850786267652,109.85411419875572,0.12526426714683714,0.29999999999999999,0.037579280144051139,0.58817661447080538,0.057216874032021144,74,1,False,-0.081764810507888294,0.15692337079599056,,False,True,I5
2016-07-29,VOO,6,2017-01-31,2017-01-31,10,0.10245451530670868,0.076017254689688965,0.15581364236973766,11.513953993264458,0.11591544852971331,0.29999999999999999,0.03477463455891399,0.5,0.0075071464403895808,65,1,False,,,,True,True,I5
2016-07-29,VWO,6,2017-01-31,2017-01-31,10,0.12538700595675345,0.14788214467952215,0.2217020040228273,11.513953993264458,0.18447605518617063,0.29999999999999999,0.055342816555851188,0.50428095051677668,-0.0084644478935914265,131,1,False,-0.17844608860503688,0.28913172171673929,0.64991071316007698,False,False,I5
2016-08-31,BND,6,2017-02-28,2017-02-28,10,0.2511209151249264,0.10793217951890015,0.20085006448288339,159.98587196060572,0.15121876299240888,0.29999999999999999,0.045365628897722665,0.53414153270613696,0.027723671094030632,107,1,False,-0.0610812811269969,0.15181253892244223,0.41906403078482907,False,False,I5
2016-08-31,DBC,6,2017-02-28,2017-02-28,10,0.17711131747883524,0.1848678010378933,0.2250255134061534,11.513953993264458,0.2077244355039819,0.29999999999999999,0.062317330651194568,0.43082827386965294,0.043582551043297481,121,1,False,-0.27188133012520099,0.39651599142759009,0.78111098476349994,False,False,I5
2016-08-31,GLD,6,2017-02-28,2017-02-28,10,0.28330523344017355,0.09035503934401462,0.29446854504256764,1048.1131341546852,0.18525609676502003,0.29999999999999999,0.05557682902950601,0.53505743240155346,-0.011565359630340347,136,0,False,-0.18002874645024691,0.29118240450925892,0.57744656983499232,False,False,I5
2016-08-31,VDE,6,2017-02-28,2017-02-28,10,0.2044499742949053,0.053749494944454052,0.130883291190701,24.420530945486497,0.086047948873308591,0.29999999999999999,0.025814384661992578,0.58126715524615347,-0.0040895248389224269,137,0,False,-0.26306490951219291,0.3146936788361781,0.56481182470584845,False,False,I5
2016-08-31,VMBS,6,2017-02-28,2017-02-28,10,0.24213264577167037,0.11801431964251928,0.18640189222031656,109.85411419875572,0.14293585053547381,0.29999999999999999,0.042880755160642138,0.63558392331290969,0.056285746199223038,75,1,False,-0.076463335491297302,0.16222484581258156,,False,True,I5
2016-08-31,VOO,6,2017-02-28,2017-02-28,10,0.1308497765108998,0.043098092291182305,0.19159805258634846,11.513953993264458,0.11734807243876538,0.29999999999999999,0.035204421731629611,0.5,0.0055527654202778814,66,1,False,,,,True,True,I5
2016-08-31,VWO,6,2017-02-28,2017-02-28,10,0.16939650300649789,0.086252375675509446,0.22798058902860269,11.513953993264458,0.15428083389606398,0.29999999999999999,0.046284250168819194,0.52000764977490788,-0.010165181800398621,132,1,False,-0.20463330174689792,0.29720180208453634,0.6592449985011708,False,False,I5
2016-09-30,BND,6,2017-03-31,2017-03-31,11,0.29042009484893472,0.055996817090983877,0.2285467500887188,10000,0.13665380474425584,0.25,0.03416345118606396,0.53255856868787799,0.026265456795744723,108,1,False,-0.095636911348532472,0.16396381372066038,0.3781396780342397,False,False,I5
2016-09-30,DBC,6,2017-03-31,2017-03-31,11,0.25276890301703614,0.12733203922012071,0.30149141515199135,10000,0.22370799571592129,0.25,0.055926998928980322,0.446622061085578,0.041426692528280122,122,1,False,-0.26822878531238126,0.38008278317034194,0.77809503922094603,False,False,I5
2016-09-30,GLD,6,2017-03-31,2017-03-31,11,0.32117135402019859,0.089346670138053141,0.31705597540769476,10000,0.19451708587771405,0.25,0.048629271469428512,0.53813738259346278,-0.012759178647242152,137,0,False,-0.18411176641254218,0.28137030935139917,0.52356190632937283,False,False,I5
2016-09-30,VDE,6,2017-03-31,2017-03-31,11,0.26450016194127635,0.061614847055932113,0.20247910573489444,10000,0.12020633764182433,0.25,0.030051584410456082,0.58405708349748564,-0.0058854680563662724,138,0,False,-0.25368490567249857,0.31378807449341073,0.58771352792033693,False,False,I5
2016-09-30,VMBS,6,2017-03-31,2017-03-31,11,0.28135170818712341,0.057289281612003203,0.22615137125274651,10000,0.12172499935356809,0.25,0.030431249838392023,0.61841217363439671,0.053990197941992467,76,1,False,-0.14484355726546813,0.20570605694225216,,False,True,I5
2016-09-30,VOO,6,2017-03-31,2017-03-31,11,0.1654192488476689,0.007009559347517515,0.17474524252910717,10000,0.032004829534952296,0.25,0.0080012073837380741,0.85098418110370089,0.0029061987495286614,67,1,False,,,,True,True,I5
2016-09-30,VWO,6,2017-03-31,2017-03-31,11,0.20363942740866037,0.086390682498144661,0.18848965338853407,10000,0.13473321531004945,0.25,0.033683303827512362,0.5265130256425018,-0.011809085394059778,133,1,False,-0.23914770354652662,0.30651431120155137,0.65636353789840751,False,False,I5
2016-09-30,VXUS,6,2017-03-31,2017-03-31,11,0.20144351459253951,0.064857163425415976,0.17993491752528412,10000,0.12239604047535005,0.25,0.030599010118837512,0.5,0.0565970814101096,62,1,False,,,,True,True,I5
2016-10-31,BND,6,2017-04-28,2017-04-28,11,0.29133375615608192,0.055907991613972072,0.20288096063752872,10000,0.12334249625635094,0.25,0.030835624064087734,0.54117750297627498,0.025580262838079126,109,1,False,-0.098945940719754599,0.16061718884793008,0.35232908469851743,False,False,I5
2016-10-31,DBC,6,2017-04-28,2017-04-28,11,0.30892200883662702,0.12719499302343851,0.30497171829618602,10000,0.22406620681126702,0.25,0.056016551702816754,0.45509619642724686,0.040482167821421118,123,1,False,-0.24489970514019474,0.35693280854582826,0.72050701791297922,False,False,I5
2016-10-31,GLD,6,2017-04-28,2017-04-28,11,0.29183758696992113,0.089128005655429179,0.28433272471003596,10000,0.17786571546515959,0.25,0.044466428866289896,0.545412066678025,-0.012798811588250443,138,0,False,-0.17990589272218072,0.26883875045476052,0.48687809191956755,False,False,I5
2016-10-31,VDE,6,2017-04-28,2017-04-28,11,0.29393083434972489,0.061422499152597503,0.21072610826634561,10000,0.12314265584580841,0.25,0.030785663961452103,0.58661309623005187,-0.0062314110046979227,139,0,False,-0.24086574003679978,0.30243706795970399,0.56720572123794299,False,False,I5
2016-10-31,VMBS,6,2017-04-28,2017-04-28,11,0.29178007806840078,0.057228424094512557,0.1903830615084286,10000,0.10527526843147458,0.25,0.026318817107868646,0.63916506950030827,0.05267165934260231,77,1,False,-0.14895598999599149,0.2015936242117288,,False,True,I5
2016-10-31,VOO,6,2017-04-28,2017-04-28,11,0.15276458618571076,0.0068708626289099243,0.16283817821259658,10000,0.026072791245622711,0.25,0.0065181978114056778,0.87688491947910918,0.001745221154620187,68,1,False,,,,True,True,I5
2016-10-31,VWO,6,2017-04-28,2017-04-28,11,0.20095095858220202,0.086081904564207043,0.19185892747576144,10000,0.13577027133339978,0.25,0.033942567833349944,0.5302536845762833,-0.012669355443308099,134,1,False,-0.23887611365781727,0.30676124932451715,0.62977240693670211,False,False,I5
2016-10-31,VXUS,6,2017-04-28,2017-04-28,11,0.1765937075592332,0.064737772104254937,0.17993491752528412,10000,0.12233634481476953,0.25,0.030584086203692382,0.5,0.054726661436085282,63,1,False,,,,True,True,I5
2016-11-30,BND,6,2017-05-31,2017-05-31,11,0.26337951653740377,0.055911446065209217,0.16779649605854025,10000,0.10695125434717681,0.20000000000000001,0.021390250869435364,0.54381922978083441,0.025495980191002642,110,1,False,-0.092727809996311028,0.13550831173518174,0.45843075095018493,False,False,I5
2016-11-30,DBC,6,2017-05-31,2017-05-31,11,0.29655694768510088,0.12704687605766929,0.27037562250680841,10000,0.20510531625375458,0.20000000000000001,0.041021063250750917,0.45538880280527194,0.040089778148706394,124,1,False,-0.25508829448885706,0.33713042099035884,0.70107168203750703,False,False,I5
2016-11-30,GLD,6,2017-05-31,2017-05-31,11,0.21680979868382222,0.08927116422616628,0.25319238708210545,10000,0.16304767925696126,0.20000000000000001,0.03260953585139225,0.5499270091729801,-0.01247616836961621,139,0,False,-0.18804561906683476,0.25326469076961927,0.53337530292341417,False,False,I5
2016-11-30,VDE,6,2017-05-31,2017-05-31,11,0.36827799555910057,0.061255828958023992,0.16680553969776538,10000,0.1051406097611027,0.20000000000000001,0.021028121952220542,0.5842264228341908,-0.0067834793612528976,140,0,False,-0.25059997740860601,0.29265622131304708,0.57375939239736617,False,False,I5
2016-11-30,VMBS,6,2017-05-31,2017-05-31,11,0.2684418521768861,0.057201352426777832,0.15255711938467345,10000,0.091517815088489177,0.20000000000000001,0.018303563017697835,0.64012179067403674,0.052200206907201001,78,1,False,-0.10725505168445498,0.14386217771985066,,False,True,I5
2016-11-30,VOO,6,2017-05-31,2017-05-31,11,0.18485457047058129,0.0068181769374144607,0.15399363080198575,10000,0.023752052189393063,0.20000000000000001,0.0047504104378786128,0.88494090007997595,0.0008544548159234275,69,0,False,,,,True,True,I5
2016-11-30,VWO,6,2017-05-31,2017-05-31,11,0.13652780607261339,0.086120542022095375,0.18980064831037255,10000,0.13457841131708254,0.20000000000000001,0.026915682263416507,0.53262133855985294,-0.013172558966842314,135,1,False,-0.24135472805902086,0.29518609258585388,0.60891339065520556,False,False,I5
2016-11-30,VXUS,6,2017-05-31,2017-05-31,11,0.12030962266376988,0.064716121635277651,0.1370482005446515,10000,0.10088216108996458,0.20000000000000001,0.020176432217992916,0.5,0.053753090601107695,64,1,False,,,,True,True,I5
2016-12-30,BND,6,2017-06-30,2017-06-30,11,0.24084529330100835,0.055041564263343341,0.14316109598702134,10000,0.095458233025640354,0.25,0.023864558256410089,0.54134267430024363,0.02653978032083679,111,1,False,-0.090185466304153583,0.13791458281697377,0.55001688880577038,False,False,I5
2016-12-30,DBC,6,2017-06-30,2017-06-30,11,0.35197526209463059,0.12641071252313238,0.16863868739042714,10000,0.14915428172053274,0.25,0.037288570430133186,0.46140990021723521,0.040291334635997982,125,1,False,-0.25882006310902933,0.33339720396929567,0.73043125378817508,False,False,I5
2016-12-30,GLD,6,2017-06-30,2017-06-30,11,0.18749616079977338,0.087992843052809758,0.20323516264819996,10000,0.1405178261092265,0.25,0.035129456527306625,0.54422140025617982,-0.010596129959823454,140,0,False,-0.18201255066931196,0.25227146372392523,0.58198184134803521,False,False,I5
2016-12-30,VDE,6,2017-06-30,2017-06-30,11,0.40782717344904118,0.060671421144821866,0.075341135081808605,10000,0.066753198221206345,0.25,0.016688299555301586,0.58541951789185875,-0.0068837716036671565,141,0,False,-0.2481606063318702,0.2815372054424734,0.55696794267012306,False,False,I5
2016-12-30,VMBS,6,2017-06-30,2017-06-30,11,0.24860387729100553,0.056351903042351693,0.13178000893560055,10000,0.084631586102621642,0.25,0.021157896525655411,0.62507764545627931,0.053254169207677025,79,1,False,-0.10377926577147609,0.14609505882278689,,False,True,I5
2016-12-30,VOO,6,2017-06-30,2017-06-30,11,0.17278713510642518,0.0063397083189409079,0.12125375992136535,10000,0.017654628634528886,0.25,0.0044136571586322216,0.90153579864423428,0.00095965865629500701,70,1,False,-0.17323441494529218,0.18206172926255665,,False,True,I5
2016-12-30,VWO,6,2017-06-30,2017-06-30,11,0.11396251680974845,0.085555608141072437,0.1558236715937972,10000,0.1179159897317768,0.25,0.029478997432944201,0.53947241462722351,-0.012826655023931256,136,1,False,-0.23168207898385768,0.29064007384974605,0.64441727427206053,False,False,I5
2016-12-30,VXUS,6,2017-06-30,2017-06-30,11,0.11580130720262827,0.064276281394331544,0.032727357237348154,10000,0.048501819315839849,0.25,0.012125454828959962,0.5,0.053445114337998055,65,1,False,,,,True,True,I5
2017-01-31,BND,6,2017-07-31,2017-07-31,11,0.23726445473260283,0.054374258805734772,0.13188142060503019,10000,0.090472377328705014,0.29999999999999999,0.027141713198611504,0.53426086460956712,0.028111045358716232,112,1,False,-0.10745608920786678,0.16173951560508978,0.60183586876835937,False,False,I5
2017-01-31,DBC,6,2017-07-31,2017-07-31,11,0.31568795550279227,0.12592599508224722,0.24788095899028495,10000,0.19180195185477927,0.29999999999999999,0.057540585556433779,0.4598337397548905,0.040494815631814875,126,1,False,-0.23834466439226371,0.35342583550513124,0.75660080611337854,False,False,I5
2017-01-31,GLD,6,2017-07-31,2017-07-31,11,0.20145259178289243,0.087109715559539919,0.20635904456735424,10000,0.14216225962781712,0.29999999999999999,0.042648677888345136,0.53834084831898998,-0.0084715669422659613,141,0,False,-0.19008888107063127,0.27538623684732155,0.60552037503407674,False,False,I5
2017-01-31,VDE,6,2017-07-31,2017-07-31,11,0.37405062295085989,0.060219373164404413,0.19338698674936519,10000,0.11587614490098483,0.29999999999999999,0.03476284347029545,0.58205474861144468,-0.006474395487144304,142,0,False,-0.22819855066233241,0.29772423760292333,0.5680360766033139,False,False,I5
2017-01-31,VMBS,6,2017-07-31,2017-07-31,11,0.24415265992485202,0.055637828911732627,0.1210518558222765,10000,0.081608688643601393,0.29999999999999999,0.024482606593080419,0.6029772059838957,0.054938129925871812,80,1,False,-0.12817123634291464,0.17713644952907545,,False,True,I5
2017-01-31,VOO,6,2017-07-31,2017-07-31,11,0.17649694615046374,0.0060819686510192403,0.16021855742365221,10000,0.022088410474825119,0.29999999999999999,0.006626523142447536,0.89615417110717943,0.0023891636795402701,71,1,False,-0.17102154896147687,0.18427459524637196,,False,True,I5
2017-01-31,VWO,6,2017-07-31,2017-07-31,11,0.12616308519092878,0.08540589606818183,0.22412937968686453,10000,0.14878917722288165,0.29999999999999999,0.044636753166864496,0.54309624079997054,-0.011817796184656186,137,1,False,-0.20547660031454767,0.29475010664827667,0.6380155262829359,False,False,I5
2017-01-31,VXUS,6,2017-07-31,2017-07-31,11,0.1311628960226543,0.064038273746446536,0.1176608108316653,10000,0.090849542289055923,0.29999999999999999,0.027254862686716775,0.5,0.054493785678414258,66,1,False,,,,True,True,I5
2017-02-28,BND,6,2017-08-31,2017-08-31,11,0.21665296901714703,0.053951212018706243,0.11627437869920135,10000,0.08370592177474534,0.40000000000000002,0.033482368709898139,0.52257384627807701,0.030084584029213667,113,1,False,-0.13818237058319527,0.20514710800299157,0.64817855921658596,False,False,I5
2017-02-28,DBC,6,2017-08-31,2017-08-31,11,0.2973984031578002,0.12571292222502808,0.23362076206263394,10000,0.1837590561126885,0.40000000000000002,0.073503622445075398,0.4620767687035901,0.041570536118799288,127,1,False,-0.21916989786202501,0.36617714275217583,0.77518583381346551,False,False,I5
2017-02-28,GLD,6,2017-08-31,2017-08-31,11,0.21403979432148446,0.08650947405919239,0.15311314172815788,10000,0.11773312102227249,0.40000000000000002,0.047093248408908994,0.53120228876481235,-0.0064168007423896275,142,0,False,-0.18192009163686426,0.27610658845468228,0.63843837564714001,False,False,I5
2017-02-28,VDE,6,2017-08-31,2017-08-31,11,0.35215884489195337,0.060015530799674359,0.17494444504649967,10000,0.10860798241696572,0.40000000000000002,0.043443192966786288,0.57719559141633814,-0.0049993998942628372,143,0,False,-0.21773741736891278,0.30462380330248534,0.59186505908075393,False,False,I5
2017-02-28,VMBS,6,2017-08-31,2017-08-31,11,0.22408610333822954,0.055214845276477763,0.11815568357858321,10000,0.082678347070126681,0.40000000000000002,0.033071338828050675,0.56366164584861855,0.057249173331375504,81,1,False,-0.14420155856807343,0.21034423622417481,,False,True,I5
2017-02-28,VOO,6,2017-08-31,2017-08-31,11,0.19685978041847862,0.0059114251672594429,0.14334746270355986,10000,0.025789636565122884,0.40000000000000002,0.010315854626049155,0.85536390779155647,0.0041733388577535968,72,1,False,-0.16733221747787527,0.18796392672997356,,False,True,I5
2017-02-28,VWO,6,2017-08-31,2017-08-31,11,0.1025842724113466,0.085275141231591522,0.23012800201049388,10000,0.15169015276007905,0.40000000000000002,0.06067606110403162,0.54150017354603175,-0.010504649089068115,138,1,False,-0.18473920888212692,0.30609133109019016,0.6513035950350724,False,False,I5
2017-02-28,VXUS,6,2017-08-31,2017-08-31,11,0.11544441808513617,0.063803085262807702,0.12956905773619151,10000,0.096686071499499607,0.40000000000000002,0.038674428599799845,0.5,0.056390569059191334,67,1,False,,,,True,True,I5
2017-03-31,BND,6,2017-09-29,2017-09-29,12,0.21220216865643216,0.055491567997760075,0.037387182437019419,10000,0.046479246814574035,0.5,0.023239623407287018,0.50220231706016882,0.032368228860965603,114,1,False,-0.20326851704582227,0.24974776386039632,0.7033608600464295,False,False,I5
2017-03-31,DBC,6,2017-09-29,2017-09-29,12,0.22334282777208925,0.13721928103927042,-0.011446248402281027,10000,0.056702443209334749,0.5,0.028351221604667375,0.45840277748049696,0.043220523360191762,128,1,False,-0.24347160941893933,0.30017405262827407,0.73132289908941139,False,False,I5
2017-03-31,GLD,6,2017-09-29,2017-09-29,12,0.21174431299868335,0.11725031958233104,0.035435780924289013,159.98587196060572,0.078177157950452963,0.5,0.039088578975226482,0.52241787006596596,-0.0041259744853085912,143,0,False,-0.20741661186274979,0.28559376981320278,0.66680082426128906,False,False,I5
2017-03-31,VDE,6,2017-09-29,2017-09-29,12,0.25017925401698016,0.069861368406112068,0.018738274935263512,10000,0.047831496451845139,0.5,0.023915748225922569,0.56908178948856403,-0.0031278751592938212,144,0,False,-0.22644711376528631,0.27427861021713146,0.60379879403893377,False,False,I5
2017-03-31,VMBS,6,2017-09-29,2017-09-29,12,0.21996558938625288,0.058345193411564057,0.038289926076449272,10000,0.048069726380446286,0.5,0.024034863190223143,0.4876424801814308,0.059982131073518768,82,1,False,-0.22688559515850826,0.27495532153895452,,False,True,I5
2017-03-31,VOO,6,2017-09-29,2017-09-29,12,0.15893064693335668,0.0095546099392913014,0.086677398668375413,10000,0.028606424287823763,0.5,0.014303212143911882,0.75296777175087093,0.0063821869398072309,73,1,False,-0.14600483369716086,0.17461125798498464,,False,True,I5
2017-03-31,VWO,6,2017-09-29,2017-09-29,12,0.1193094092786644,0.082324173183542931,0.068711209154214234,10000,0.076006885199706345,0.5,0.038003442599853172,0.53593589388569729,-0.0089640442221779817,139,1,False,-0.20740413726454018,0.28341102246424654,0.70409909436148366,False,False,I5
2017-03-31,VXUS,6,2017-09-29,2017-09-29,12,0.11648041446295632,0.061566930850389015,0.076570182857445074,10000,0.076207140860307165,0.5,0.038103570430153583,0.024197553768154509,0.058523700611152335,68,1,False,,,,True,True,I5
2017-04-28,BND,6,2017-10-31,2017-10-31,12,0.21757296341207155,0.054848788240654332,0.037214357968440033,10000,0.045784815690728398,0.5,0.022892407845364199,0.48600706628965551,0.034620103011357921,115,1,False,-0.23760572424662998,0.28339053993735841,0.71517091955245748,False,False,I5
2017-04-28,DBC,6,2017-10-31,2017-10-31,12,0.15476647342206284,0.13653053200659865,0.19362260811675364,10000,0.16795449039113805,0.5,0.083977245195569025,0.44959159789689268,0.045280224797993596,129,1,False,-0.17848405597192901,0.34643854636306709,0.79808878551651663,False,False,I5
2017-04-28,GLD,6,2017-10-31,2017-10-31,12,0.23004139850861316,0.081079609902213801,0.036810295217380065,159.98587196060572,0.059608875061856643,0.5,0.029804437530928322,0.51499735215659792,-0.0020706719752028252,144,0,False,-0.22305895699658151,0.28266783205843815,0.68163413744004853,False,False,I5
2017-04-28,VDE,6,2017-10-31,2017-10-31,12,0.22995767161836222,0.069252441952158961,0.19250040110329819,10000,0.12340965673019269,0.5,0.061704828365096345,0.56058327333744618,-0.0010791944040592092,145,0,False,-0.20309925142162771,0.32650890815182038,0.64889236607014356,False,False,I5
2017-04-28,VMBS,6,2017-10-31,2017-10-31,12,0.22191111271758923,0.057727153710196481,0.053587541578920671,10000,0.055415176803520746,0.5,0.027707588401760373,0.44149914693500902,0.062774877422854689,83,1,False,-0.23775367255877175,0.29316884936229248,,False,True,I5
2017-04-28,VOO,6,2017-10-31,2017-10-31,12,0.13777051980841959,0.0091727656107869551,0.11886035558947917,10000,0.046465237168078322,0.5,0.023232618584039161,0.6600119342166626,0.0083603274701572784,74,1,False,-0.13671417670989086,0.18317941387796918,,False,True,I5
2017-04-28,VWO,6,2017-10-31,2017-10-31,12,0.10223128336234599,0.081831292861539534,0.060366997836346081,10000,0.071748761517059445,0.5,0.035874380758529723,0.53026496641767928,-0.0074646513450038416,140,1,False,-0.20375142012148528,0.27550018163854473,0.71217378244349427,False,False,I5
2017-04-28,VXUS,6,2017-10-31,2017-10-31,12,0.1178497007355539,0.061152187615715038,0.14564130966198169,10000,0.14480441172355796,0.5,0.072402205861778979,0.0099053927671945031,0.060234860132139009,69,1,False,,,,True,True,I5
2017-05-31,BND,6,2017-11-30,2017-11-30,12,0.21241475983989244,0.054964508173669616,0.028313347458374386,10000,0.040961837675669466,0.5,0.020480918837834733,0.47459434703104902,0.036592166921065213,116,1,False,-0.24001721325415945,0.28097905092982889,0.72676942209920536,False,False,I5
2017-05-31,DBC,6,2017-11-30,2017-11-30,12,0.12018661337581338,0.13677605636481474,-0.010961507654458625,10000,0.054451213625262757,0.5,0.027225606812631378,0.44276296088913342,0.04721312266635596,130,1,False,-0.22979260130535684,0.28424381493061956,0.73345361287320832,False,False,I5
2017-05-31,GLD,6,2017-11-30,2017-11-30,12,0.21100143915030145,0.083613163966980514,0.016606136884322331,159.98587196060572,0.05088303162208923,0.5,0.025441515811044615,0.51154179240759012,-0.00056115148789920722,145,0,False,-0.22609156153371515,0.27697459315580436,0.69135722412014888,False,False,I5
2017-05-31,VDE,6,2017-11-30,2017-11-30,12,0.18829238069737975,0.069721597228504781,-0.028262745665945263,10000,0.026016635811505602,0.5,0.013008317905752801,0.5539597437104955,0.0014506493628117503,146,0,False,-0.27587565629592314,0.30189229210742874,0.61059212867043744,False,False,I5
2017-05-31,VMBS,6,2017-11-30,2017-11-30,12,0.21880767536343515,0.05782871484296475,0.042381221034051085,10000,0.048828832276538635,0.5,0.024414416138269317,0.417388821917966,0.06522329378897411,84,1,False,-0.24104684482226282,0.28987567709880147,,False,True,I5
2017-05-31,VOO,6,2017-11-30,2017-11-30,12,0.13790775834341784,0.0096372387046650826,0.06170372096691739,10000,0.032184880897821538,0.5,0.016092440448910769,0.56694515908359588,0.010713584043496266,75,1,False,-0.16182853031376676,0.19401341121158833,,False,True,I5
2017-05-31,VWO,6,2017-11-30,2017-11-30,12,0.096732879094743707,0.082272506974164883,-0.023438072331794582,10000,0.032615055176584119,0.5,0.01630752758829206,0.53025087816559424,-0.0064434282427512386,141,1,False,-0.21752136924667123,0.25013642442325534,0.73265832559560029,False,False,I5
2017-05-31,VXUS,6,2017-11-30,2017-11-30,12,0.12504189691321099,0.061562843034372525,0.041611939028179071,10000,0.041978381936788156,0.5,0.020989190968394078,0.018367233309093661,0.061093071025448024,70,1,False,,,,True,True,I5
2017-06-30,BND,6,2017-12-29,2017-12-29,12,0.26541404067553809,0.054657790836699041,0.028313347458374386,10000,0.040597191616467444,0.75,0.030447893712350585,0.46627837155974233,0.038337920137987806,117,1,False,-0.22590095622071854,0.28679674364541968,0.73442275924646139,False,False,I5
2017-06-30,DBC,6,2017-12-29,2017-12-29,12,0.12790619376377843,0.13645212203325616,-0.010961507654458625,10000,0.054169471876358073,0.75,0.040627103907268557,0.44182467841536782,0.04953955121160996,131,1,False,-0.25525808550148044,0.33651229331601751,0.73568142936434444,False,False,I5
2017-06-30,GLD,6,2017-12-29,2017-12-29,12,0.22968338360140472,0.067706620712508159,0.016606136884322331,159.98587196060572,0.042586304185891981,0.75,0.031939728139418984,0.50841333301113667,0.00072691229489306778,146,0,False,-0.2163350302148665,0.28021448649370445,0.69885764985342713,False,False,I5
2017-06-30,VDE,6,2017-12-29,2017-12-29,12,0.13889896455914652,0.069429142818819511,-0.022443498236287523,10000,0.028227887332174455,0.75,0.021170915499130839,0.55153944619996587,0.0042151155130582081,147,0,False,-0.30779463432080773,0.35013646531906945,0.61766033190227376,False,False,I5
2017-06-30,VMBS,6,2017-12-29,2017-12-29,12,0.26847079979612887,0.057525444793458294,0.038289926076449272,10000,0.046045752137416858,0.75,0.034534314103062645,0.40320337470855405,0.067380712418409774,85,1,False,-0.23092694685746948,0.29999557506359475,,False,True,I5
2017-06-30,VOO,6,2017-12-29,2017-12-29,12,0.16180870246282075,0.0095429454648574621,0.059004252466146274,10000,0.034017516452659463,0.75,0.025513137339494597,0.50517743117535741,0.012846130768008487,76,1,False,-0.15238054355730765,0.20340681823629683,,False,True,I5
2017-06-30,VWO,6,2017-12-29,2017-12-29,12,0.13451302526164866,0.082143332071937955,-0.022899612308083205,10000,0.032860192625658702,0.75,0.024645144469244026,0.53082865548794766,-0.0055954990522406756,142,1,False,-0.20517485473004127,0.25446514366852935,0.73581809643708851,False,False,I5
2017-06-30,VXUS,6,2017-12-29,2017-12-29,12,0.16777223761729099,0.061392307108403585,0.030623284039594755,10000,0.033991542526822613,0.75,0.02549365689511696,0.10946913978046739,0.061863609563154787,71,1,False,-0.14535084757858505,0.19633816136881896,,False,True,I5
2017-07-31,BND,6,2018-01-31,2018-01-31,12,0.16288825919893635,0.054692948405900201,0.028313347458374386,10000,0.040435401695624894,0.75,0.030326551271718669,0.45952379118105852,0.040023738227772679,118,1,False,-0.22602033682581429,0.28667343936925166,0.74128805541966236,False,False,I5
2017-07-31,DBC,6,2018-01-31,2018-01-31,12,0.007314371355031879,0.13640655796867879,-0.023055798857166087,10000,0.046557169118699712,0.75,0.034917876839024781,0.43654796882183844,0.051555827001694671,132,1,False,-0.25775046305079052,0.32758621672884014,0.73064408667864855,False,False,I5
2017-07-31,GLD,6,2018-01-31,2018-01-31,12,0.10001212848231944,0.069046792924896086,0.021827750444933729,159.98587196060572,0.045643623329655943,0.75,0.034232717497241959,0.50437009379909803,0.0020923931077366023,147,0,False,-0.21132991298567327,0.27979534798015721,0.70524793951644682,False,False,I5
2017-07-31,VDE,6,2018-01-31,2018-01-31,12,-0.029724288276939292,0.069283737498039358,-0.037128409063824745,10000,0.020784631645508356,0.75,0.015588473734131268,0.54423336602522709,0.006714004076827141,148,0,False,-0.37721242164731089,0.40838936911557339,0.61657535853331558,False,False,I5
2017-07-31,VMBS,6,2018-01-31,2018-01-31,12,0.16458442422617037,0.057575220899471681,0.038289926076449272,10000,0.045890715252493823,0.75,0.034418036439370366,0.39412356646842028,0.069436200180112595,86,1,False,-0.23104322452116177,0.29987929739990249,,False,True,I5
2017-07-31,VOO,6,2018-01-31,2018-01-31,12,-0.011722837686895859,0.0093580953435839324,0.036179058113605674,10000,0.024452236818041918,0.75,0.018339177613531439,0.43722596374023631,0.014971466032715701,77,1,False,-0.15294536341192261,0.18962371863898547,,False,True,I5
2017-07-31,VWO,6,2018-01-31,2018-01-31,12,-0.045564399655248833,0.082104465250459349,-0.019041985424595502,10000,0.034920526711431837,0.75,0.026190395033573878,0.53350870718527144,-0.0046741103512394893,143,1,False,-0.19838216645364101,0.25076295652078878,0.73804183101937015,False,False,I5
2017-07-31,VXUS,6,2018-01-31,2018-01-31,12,0.003151649708091453,0.061301570886256332,0.027255893230419621,10000,0.030542386073056815,0.75,0.022906789554792611,0.09653186744760725,0.06282609965287006,72,1,False,-0.14793771491890939,0.19375129402849461,,False,True,I5
2017-08-31,BND,6,2018-02-28,2018-02-28,12,0.23745767878164148,0.054538217064889226,0.028313347458374386,10000,0.040232936514627317,0.75,0.030174702385970489,0.45451471199276589,0.041508017478103558,119,1,False,-0.2124090373651189,0.27275844213705991,0.74755836745349469,False,False,I5
2017-08-31,DBC,6,2018-02-28,2018-02-28,12,0.076854121263358888,0.13647231005455271,-0.010961507654458625,10000,0.052733533043882549,0.75,0.039550149782911909,0.43202463103855482,0.053404267423921029,133,1,False,-0.23221472611856039,0.31131502568438418,0.73761402696980172,False,False,I5
2017-08-31,GLD,6,2018-02-28,2018-02-28,12,0.18911272228710962,0.069463531184965815,0.021827750444933729,159.98587196060572,0.045737017723206388,0.75,0.034302763292404795,0.5019182410120514,0.0035244701429646298,148,0,False,-0.2112519595337326,0.27985748611854222,0.71110276415228379,False,False,I5
2017-08-31,VDE,6,2018-02-28,2018-02-28,12,0.096770135999149742,0.06950974002321475,-0.037128409063824745,10000,0.02025437913818123,0.75,0.015190784353635921,0.5381075036774069,0.0090324258272642278,149,0,False,-0.37597117317187734,0.40635274187914916,0.61997346128992603,False,False,I5
2017-08-31,VMBS,6,2018-02-28,2018-02-28,12,0.23506312288051057,0.057379194766188697,0.038289926076449272,10000,0.045659589652067914,0.75,0.034244692239050939,0.38606316959537962,0.071213785273884042,87,1,False,-0.21748358847700269,0.2859729729551046,,False,True,I5
2017-08-31,VOO,6,2018-02-28,2018-02-28,12,0.081475896136507409,0.0095121172184599329,0.048731898339132322,10000,0.033440304658340955,0.75,0.025080228493755716,0.38989492658670932,0.017303367499199841,78,1,False,-0.15556057868559087,0.20572103567310229,,False,True,I5
2017-08-31,VWO,6,2018-02-28,2018-02-28,12,0.098068656236901974,0.082386985593300668,-0.019041985424595502,10000,0.035608054554663461,0.75,0.026706040915997598,0.53880108839531149,-0.0039292604709437497,144,1,False,-0.19263144353399389,0.24604352536598909,0.74059794489237907,False,False,I5
2017-08-31,VXUS,6,2018-02-28,2018-02-28,12,0.12185359994022704,0.061374198714421541,0.017110156665966974,10000,0.021246584748458711,0.75,0.015934938561344033,0.093448946166364746,0.06354689853550384,73,1,False,-0.15490956591235797,0.18677944303504604,,False,True,I5
2017-09-29,BND,6,2018-03-30,2018-03-30,13,0.29610518425709298,0.066100910129119145,0.061562356796398751,2222.9964825261909,0.063639352660653001,0.75,0.047729514495489747,0.45763390049430175,0.042930468737922965,120,1,False,-0.18770098662076257,0.28316001561174203,0.74799053242424485,False,False,I5
2017-09-29,DBC,6,2018-03-30,2018-03-30,13,0.18157909901928759,0.13095169515096369,0.049351931908534777,10000,0.085272645964752827,0.75,0.063954484473564624,0.4402061063522863,0.054672465635474524,134,1,False,-0.19849273313773969,0.32640170208486891,0.77058749929993942,False,False,I5
2017-09-29,GLD,6,2018-03-30,2018-03-30,13,0.24954909579336393,0.046721300383343364,0.10817653342759068,51.794746792312019,0.077151133966799013,0.75,0.057863350475099259,0.50484552614833644,0.0049219187527345543,149,0,False,-0.18423371631996688,0.29996041727016542,0.71889416956354124,False,False,I5
2017-09-29,VDE,6,2018-03-30,2018-03-30,13,0.28447903362983173,0.063069137701271719,-0.041740254501881457,10000,0.01482298241659807,0.75,0.011117236812448552,0.53967717710682261,0.010640071348529,150,0,False,-0.38004440449893079,0.40227887812382784,0.61916332778514427,False,False,I5
2017-09-29,VMBS,6,2018-03-30,2018-03-30,13,0.29540019717779198,0.070844359152320374,0.030907888382970938,10000,0.046854915629712085,0.75,0.035141186722284064,0.39930987740109031,0.07290414668425188,88,1,False,-0.21654457702706842,0.28682695047163653,,False,True,I5
2017-09-29,VOO,6,2018-03-30,2018-03-30,13,0.22529535641170217,0.010531522219775463,-0.015438437242592442,10000,-0.005788291533559491,0.75,-0.0043412186501696187,0.371588785997784,0.019096117871784106,79,1,False,-0.18236715043544455,0.17368471313510531,,False,True,I5
2017-09-29,VWO,6,2018-03-30,2018-03-30,13,0.19867155776997336,0.070465868058403963,0.04896490586960791,10000,0.060560616981385686,0.75,0.045420462736039266,0.5393112647684295,-0.0030793386106016227,145,1,False,-0.17018141275103471,0.26102233822311321,0.73888014062581497,False,False,I5
2017-09-29,VXUS,6,2018-03-30,2018-03-30,13,0.23830934151146166,0.054613837803067528,-0.045793026758743118,10000,-0.034093759909692357,0.75,-0.02557031993226927,0.11651859561702249,0.064262216318307253,74,1,False,-0.17512778173326168,0.12398714186872314,,False,True,I5
2017-10-31,BND,6,2018-04-30,2018-04-30,13,0.29152474529044847,0.0675777193343855,0.041159470740400647,2222.9964825261909,0.053326783810086147,0.75,0.039995087857564608,0.46056471254706355,0.04437379514018866,121,1,False,-0.19542685834840282,0.27541703406353202,0.75557050288888172,False,False,I5
2017-10-31,DBC,6,2018-04-30,2018-04-30,13,0.17531386638977131,0.13133288010293862,0.032648057930750006,10000,0.076203419625755608,0.75,0.057152564719316706,0.44135826296579561,0.055413902730189993,135,1,False,-0.20180109622512107,0.31610622566375446,0.76571822132532641,False,False,I5
2017-10-31,GLD,6,2018-04-30,2018-04-30,13,0.23456658337895653,0.089252540509982423,0.07820840461710471,51.794746792312019,0.083800725535594062,0.75,0.062850544151695553,0.50636111079507806,0.0064227152844404146,150,0,False,-0.16987390504341057,0.29557499334680171,0.72478799675527694,False,False,I5
2017-10-31,VDE,6,2018-04-30,2018-04-30,13,0.15371733430467827,0.063300100730498465,-0.020659140433416448,10000,0.024167763079449189,0.75,0.018125822309586891,0.53391268062260577,0.012092505787402069,151,0,False,-0.33031024049423552,0.36656188511340926,0.63238747183011745,False,False,I5
2017-10-31,VMBS,6,2018-04-30,2018-04-30,13,0.28771240850934809,0.07115742628457615,0.028320632345332504,10000,0.045763354400538372,0.75,0.034322515800403783,0.40719018514656491,0.07457838225766017,89,1,False,-0.21732498267891764,0.28597001427972524,0.77015416232811063,False,False,I5
2017-10-31,VOO,6,2018-04-30,2018-04-30,13,0.22828364450659899,0.010650629371790803,0.017706338295908071,10000,0.015291713484299543,0.75,0.011468785113224658,0.34222284926678964,0.020579547895992045,80,1,False,-0.16653015669481094,0.18946772692126027,,False,True,I5
2017-10-31,VWO,6,2018-04-30,2018-04-30,13,0.23777318495935829,0.070831183276853726,0.077412168574378812,10000,0.073856737141258968,0.75,0.05539255285594423,0.54025822462434814,-0.0023580329806499279,146,1,False,-0.15645992705691958,0.26724503276880807,0.73981962117963229,False,False,I5
2017-10-31,VXUS,6,2018-04-30,2018-04-30,13,0.23234630328233896,0.054731334245502812,-0.011749811398419022,10000,-0.0035362175450350483,0.75,-0.0026521631587762863,0.12354771828657433,0.064976716110537208,75,1,False,-0.15176614490408727,0.1464618185865347,,False,True,I5
2017-11-30,BND,6,2018-05-31,2018-05-31,13,0.24721775351044406,0.066543922188575799,0.039293425662851406,2222.9964825261909,0.051940675919913915,0.75,0.038955506939935436,0.46411081886612748,0.045751180096743602,122,1,False,-0.18783700609109016,0.26574801997096104,0.76084016252673226,False,False,I5
2017-11-30,DBC,6,2018-05-31,2018-05-31,13,0.13106659782038155,0.13115320493875735,0.048426134414117299,10000,0.085424078397505585,0.75,0.064068058798129185,0.44722898742520478,0.055890172661407819,136,1,False,-0.19214908272630996,0.32028520032256835,0.7774784798622022,False,False,I5
2017-11-30,GLD,6,2018-05-31,2018-05-31,13,0.219897656397541,0.073781230463478648,0.07820840461710471,51.794746792312019,0.075956543398698381,0.75,0.056967407549023782,0.50864527580464702,0.0077775412703070439,151,0,False,-0.17201076583726238,0.28594558093530997,0.72879997452978917,False,False,I5
2017-11-30,VDE,6,2018-05-31,2018-05-31,13,0.10798294180132739,0.06332582999724487,-0.020659140433416448,10000,0.024496676632437254,0.75,0.018372507474327941,0.53766545173859071,0.013251715490757187,152,0,False,-0.32123375577128904,0.35797877071994494,0.63772872492556654,False,False,I5
2017-11-30,VMBS,6,2018-05-31,2018-05-31,13,0.24176445849825112,0.070903887605208105,0.026167264225271908,10000,0.044792969793306277,0.75,0.033594727344979709,0.41634133648959659,0.07618092995883545,90,1,False,-0.21661805411797458,0.28380750880793398,0.80694797013125208,False,False,I5
2017-11-30,VOO,6,2018-05-31,2018-05-31,13,0.17171208868597154,0.010754439645292586,0.0082710331262021534,10000,0.0091068744596076428,0.75,0.0068301558447057317,0.3365704837207335,0.022028044321268907,81,1,False,-0.17114539464972245,0.1848057063391339,,False,True,I5
2017-11-30,VWO,6,2018-05-31,2018-05-31,13,0.22995222756721601,0.070808431773279015,0.05034502251976989,10000,0.061501996435683937,0.75,0.046126497326762952,0.54521579360002392,-0.0016839451434023508,147,1,False,-0.1610601132862548,0.25331310793978074,0.74557083229151078,False,False,I5
2017-11-30,VXUS,6,2018-05-31,2018-05-31,13,0.21871616255147441,0.054775209034741063,-0.040473586002870966,10000,-0.023406836013894046,0.75,-0.017555127010420536,0.1791807443048237,0.065767047436888174,76,1,False,-0.16632417982353481,0.13121392580269375,,False,True,I5
2017-12-29,BND,6,2018-06-29,2018-06-29,13,0.089890709538335889,0.066518718949879874,0.039293425662851406,2222.9964825261909,0.052027222696050132,0.75,0.039020417022037596,0.46771937032780325,0.047537057012018359,123,1,False,-0.20351759395342708,0.2815584279975023,0.76561787801222392,False,False,I5
2017-12-29,DBC,6,2018-06-29,2018-06-29,13,0.007372771666467548,0.13134449168590559,0.020042199082981847,10000,0.070548357663934275,0.75,0.052911268247950706,0.45377464740223789,0.056415837049016357,137,1,False,-0.20075210946135227,0.3065746459572537,0.76793390614915646,False,False,I5
2017-12-29,GLD,6,2018-06-29,2018-06-29,13,0.11222851288901015,0.082253428464974271,0.095833639004357013,51.794746792312019,0.08890357597970372,0.75,0.06667768198477779,0.51030600774237256,0.0092374481277484738,152,0,False,-0.15639323169073344,0.28974859566028899,0.73498737446051943,False,False,I5
2017-12-29,VDE,6,2018-06-29,2018-06-29,13,-0.0035755977246934023,0.063545798225375247,-0.040765283609233739,10000,0.015691044784964876,0.75,0.011768283588723658,0.54123039854685107,0.014072939340877378,153,0,False,-0.31696492994116549,0.34050149711861283,0.63244627867131842,False,False,I5
2017-12-29,VMBS,6,2018-06-29,2018-06-29,13,0.080939796520873464,0.070861559368575688,0.026167264225271908,10000,0.045228401402786902,0.75,0.03392130105209018,0.42647807995179426,0.078294005451552962,91,1,False,-0.2162880943970566,0.28413069650123696,0.83269328489895933,False,False,I5
2017-12-29,VOO,6,2018-06-29,2018-06-29,13,0.045294046513665975,0.010917208447640783,-0.00612064284927077,10000,-0.00041704231755551586,0.75,-0.0003127817381666369,0.33476055356517548,0.023732686493726857,82,1,False,-0.1716415139516656,0.17101595047533236,,False,True,I5
2017-12-29,VWO,6,2018-06-29,2018-06-29,13,0.14491858253300738,0.071126499809077592,0.032888880354128,10000,0.053915134417897137,0.75,0.040436350813422853,0.54988397194918559,-0.0007636953433682209,148,1,False,-0.14721839077665844,0.22809109240350417,0.75044628470727293,False,False,I5
2017-12-29,VXUS,6,2018-06-29,2018-06-29,13,0.10669401247108634,0.05482460903408564,-0.049388134807988322,10000,-0.022957883740873618,0.75,-0.017218412805655212,0.2536182245346848,0.067091790166503795,77,1,False,-0.16024320165450262,0.12580637604319217,,False,True,I5
2018-01-31,BND,6,2018-07-31,2018-07-31,13,0.12305268790425294,0.069047436205959031,0.043656311421106569,2222.9964825261909,0.055604669896120368,0.75,0.041703502422090276,0.47057224034997486,0.048467308642558021,124,1,False,-0.20082415486832725,0.28423115971250779,0.76964737010331952,False,False,I5
2018-01-31,DBC,6,2018-07-31,2018-07-31,13,0.11431849289676843,0.13177460057862872,0.044151219194808751,10000,0.083535958573628694,0.75,0.062651968930221513,0.44947751110290413,0.056060029326596178,138,1,False,-0.19027047976157957,0.3155744176220226,0.78245468735157686,False,False,I5
2018-01-31,GLD,6,2018-07-31,2018-07-31,13,0.20989122655804737,0.1254404737524191,0.094099460338859228,51.794746792312019,0.11014290433091987,0.75,0.082607178248189903,0.51189933715159841,0.0098307466921574351,153,0,False,-0.138045835089327,0.30326019158570677,0.74255542760918669,False,False,I5
2018-01-31,VDE,6,2018-07-31,2018-07-31,13,0.1063670868113562,0.063940741103453227,-0.045729236503959152,10000,0.013178228145787287,0.75,0.0098836711093404656,0.5371339170015933,0.013788541758943505,154,0,False,-0.3069018849260719,0.32666922714475283,0.62083132554755271,False,False,I5
2018-01-31,VMBS,6,2018-07-31,2018-07-31,13,0.11689592140817806,0.071470470413017337,0.026167264225271908,10000,0.045774425826749052,0.75,0.034330819370061785,0.43279854234204068,0.079231944786059674,92,1,False,-0.20171894503597687,0.27038058377610041,0.85125234114674242,False,False,I5
2018-01-31,VOO,6,2018-07-31,2018-07-31,13,0.12345962317666437,0.011130674036624997,0.00053160248187268102,10000,0.0041900745984531284,0.75,0.0031425559488398461,0.34516911200020112,0.023305511503598872,83,1,False,-0.16810039337021895,0.17438550526789867,,False,True,I5
2018-01-31,VWO,6,2018-07-31,2018-07-31,13,0.24916309693458483,0.071288069500813914,0.060167073555421384,10000,0.066223618799358813,0.75,0.04966771409951911,0.54460457261893624,-0.001064371211233193,149,1,False,-0.12917645512477091,0.22851188332380915,0.73824789772847799,False,False,I5
2018-01-31,VXUS,6,2018-07-31,2018-07-31,13,0.19663751998622603,0.055167756436681786,-0.02687349577496603,10000,-0.0067074199142144655,0.75,-0.0050305649356608487,0.24580409631885752,0.066272044776011341,78,1,False,-0.14798751668208338,0.13792638681076169,,False,True,I5
2018-02-28,BND,6,2018-08-31,2018-08-31,13,0.15956932974148086,0.068061031599889243,0.041159470740400647,2222.9964825261909,0.053900655833474045,0.75,0.040425491875105538,0.47362252174224245,0.049979231603670689,125,1,False,-0.19496540317501321,0.27581638692522431,0.77436641095977732,False,False,I5
2018-02-28,DBC,6,2018-08-31,2018-08-31,13,0.13931892045000205,0.13124682371347232,0.028567270948818561,10000,0.074890453948766075,0.75,0.056167840461574553,0.45114320965267907,0.056209627110313895,139,1,False,-0.1923741478566319,0.30470982877978103,0.77857243118244379,False,False,I5
2018-02-28,GLD,6,2018-08-31,2018-08-31,13,0.27028799377059476,0.097029729676929966,0.081328975740743215,51.794746792312019,0.089389942768058298,0.75,0.067042457076043727,0.51341273546974986,0.010994915364851931,154,1,False,-0.15007654765527834,0.28416146180736579,0.7440882363695932,False,False,I5
2018-02-28,VDE,6,2018-08-31,2018-08-31,13,0.061950775727321883,0.063503520124819801,-0.020897544763314548,10000,0.024797117871844295,0.75,0.01859783840388322,0.54139912447458816,0.01432390688307387,155,0,False,-0.2963837322604953,0.33357940906826178,0.63926818436206956,False,False,I5
2018-02-28,VMBS,6,2018-08-31,2018-08-31,13,0.15611587047575859,0.071302210409175976,0.023876595761556662,10000,0.044744861943425897,0.75,0.033558646457569424,0.44002099576197656,0.080907548851591404,93,1,False,-0.20240306466876204,0.26952035758390092,0.86769290878706318,False,False,I5
2018-02-28,VOO,6,2018-08-31,2018-08-31,13,0.10415112569295437,0.010933026554522931,0.0080249898547199404,10000,0.0090114961751396917,0.75,0.0067586221313547688,0.33923448094261749,0.023998016082562072,84,1,False,-0.16194751027426554,0.1754647545369751,,False,True,I5
2018-02-28,VWO,6,2018-08-31,2018-08-31,13,0.29880633437380189,0.070775600282370871,0.015253559115234664,10000,0.045746624382309635,0.75,0.034309968286732224,0.54920648855978982,-0.00040348436157895998,150,1,False,-0.13811990751435163,0.20673984408781607,0.74550557934187078,False,False,I5
2018-02-28,VXUS,6,2018-08-31,2018-08-31,13,0.22594440598958165,0.055104367501386697,-0.028807521856476313,10000,-0.0038205185893843839,0.75,-0.0028653889420382881,0.29777667334516411,0.066975608765431793,79,1,False,-0.11787403015674405,0.11214325227266747,,False,True,I5
2018-03-30,BND,6,2018-09-28,2018-09-28,14,0.16733934294045572,0.2424036063352665,0.18973230163026086,7.9060432109076855,0.21474751288200644,0.75,0.16106063466150483,0.47493054124722006,0.051932612180285151,126,1,False,-0.095273126972804545,0.41739439629581421,0.75982393443529272,False,False,I5
2018-03-30,DBC,6,2018-09-28,2018-09-28,14,0.10762422730364873,0.16816703537611255,0.17907999749270304,35.564803062231285,0.17411088988472956,0.75,0.13058316741354717,0.45533994848375664,0.057105123338235142,140,1,False,-0.11533883409003906,0.37650516891713337,0.85268495794583876,False,False,I5
2018-03-30,GLD,6,2018-09-28,2018-09-28,14,0.26951345487655398,0.17237710430725361,0.17874132486730152,16.768329368110066,0.17548807677542166,0.75,0.13161605758156625,0.51117777286074029,0.012533974593422979,155,1,False,-0.079699899264537216,0.34293201442766974,0.76354423943081584,False,False,I5
2018-03-30,VDE,6,2018-09-28,2018-09-28,14,0.013578552259959853,0.40444407829962076,0.27476373238765078,3.7275937203149381,0.34541304784951915,0.75,0.25905978588713935,0.54479585911828765,0.016055670516065906,156,0,False,-0.050203579252293573,0.56832315102657227,0.89687045399699905,False,False,I5
2018-03-30,VMBS,6,2018-09-28,2018-09-28,14,0.1641858185233831,0.24019640647014606,0.18155081251089231,7.9060432109076855,0.2079709576067007,0.75,0.15597821820502553,0.45050520102439046,0.08318938553591268,94,1,False,-0.095689324312247998,0.40764576072229908,0.45278040673958908,False,False,I5
2018-03-30,VOO,6,2018-09-28,2018-09-28,14,0.05278476061557269,0.11940052588176955,0.086293792464501709,16.768329368110066,0.098310614090618323,0.75,0.073732960567963746,0.36297213242575227,0.026366220086434307,85,1,False,-0.10430291489313617,0.25176883602906364,,False,True,I5
2018-03-30,VWO,6,2018-09-28,2018-09-28,14,0.27764543820154797,0.063570269162598531,0.13985268722472133,109.85411419875572,0.097929643287019225,0.75,0.073447232465264412,0.54957675703935949,0.0009148934008816514,151,1,False,-0.096671511238299757,0.24356597616882858,0.73842221188333401,False,False,I5
2018-03-30,VXUS,6,2018-09-28,2018-09-28,14,0.19593575139417518,0.078969948584329847,0.048474555263027796,109.85411419875572,0.060495315760778573,0.75,0.04537148682058393,0.39418283184935599,0.069117280424757149,80,1,False,-0.10445888578390478,0.19520185942507262,,False,True,I5
2018-04-30,BND,6,2018-10-31,2018-10-31,14,0.11355598234571596,0.24324451921364043,0.19208441386125588,7.9060432109076855,0.21652912792737228,0.75,0.16239684594552922,0.47780812603383427,0.053819164409499042,127,1,False,-0.093935538582147315,0.41872923047320576,0.76773821273307774,False,False,I5
2018-04-30,DBC,6,2018-10-31,2018-10-31,14,0.11806774626185745,0.17015026058037269,0.19004712668787083,35.564803062231285,0.18088932032219868,0.75,0.13566699024164902,0.46026375793025087,0.057943483218033269,141,1,False,-0.10862283250207722,0.37995681298537526,0.85937034358390296,False,False,I5
2018-04-30,GLD,6,2018-10-31,2018-10-31,14,0.1864853344901799,0.1438530796426811,0.17087093599001288,16.768329368110066,0.15705306755163131,0.75,0.11778980066372349,0.51143466975114704,0.013957260547176401,156,1,False,-0.085900926207504558,0.32148052753495154,0.76672657165785452,False,False,I5
2018-04-30,VDE,6,2018-10-31,2018-10-31,14,0.20047745046031795,0.43371266966673366,0.29818349121163962,3.7275937203149381,0.3724186217067898,0.75,0.27931396628009236,0.54774279119346303,0.016932496400069809,157,0,False,-0.029942552444162218,0.58857048500434694,0.91005267509256416,False,False,I5
2018-04-30,VMBS,6,2018-10-31,2018-10-31,14,0.11298327553762388,0.24252889063843075,0.19443371178674182,7.9060432109076855,0.21655249895141174,0.75,0.16241437421355881,0.45989614120944611,0.08534225946194883,95,1,False,-0.098044722799834672,0.42287347122695229,0.39178707706187177,False,False,I5
2018-04-30,VOO,6,2018-10-31,2018-10-31,14,0.11264172582748966,0.15001008128781143,0.090107177956579493,16.768329368110066,0.11253047012257532,0.75,0.084397852591931485,0.37432730166694383,0.028714097114575756,86,1,False,-0.10517316656059252,0.2739688717444555,0.77468577352728707,False,False,I5
2018-04-30,VWO,6,2018-10-31,2018-10-31,14,0.28897255944465194,0.069614698628899047,0.14005869266018672,109.85411419875572,0.10141961425409511,0.75,0.07606471069057133,0.54850777468594525,0.0024731716348189948,152,1,False,-0.11164496788192596,0.26377438926306862,0.74138693439496861,False,False,I5
2018-04-30,VXUS,6,2018-10-31,2018-10-31,14,0.25094237401319786,0.091362316187801607,0.070016845285964968,109.85411419875572,0.079430467921832795,0.75,0.0595728509413746,0.44101264756158842,0.071132453546455698,81,1,False,-0.12043650524195784,0.23958220712470704,,False,True,I5
2018-05-31,BND,6,2018-11-30,2018-11-30,14,0.061629717620884428,0.24817206985145082,0.18908599348444891,7.9060432109076855,0.21747254272650995,0.75,0.16310440704488247,0.48042704791808122,0.055330090886850161,128,1,False,-0.088591109553965847,0.41479992364373075,0.77519409898213454,False,False,I5
2018-05-31,DBC,6,2018-11-30,2018-11-30,14,0.21468999516709164,0.22521802166164759,0.19864287358431318,35.564803062231285,0.21097910874938747,0.75,0.15823433156204059,0.46420193517550717,0.058458434729317423,142,1,False,-0.079021320743828505,0.39548998386790968,0.87908318030631694,False,False,I5
2018-05-31,GLD,6,2018-11-30,2018-11-30,14,0.12544310061378061,0.17431396903033203,0.17848617770423622,16.768329368110066,0.1763534336179573,0.75,0.13226507521346798,0.51117867129190642,0.015268982813739229,157,1,False,-0.068221135539011601,0.33275128596594755,0.77626095643928894,False,False,I5
2018-05-31,VDE,6,2018-11-30,2018-11-30,14,0.17871243598696407,0.50481512961120911,0.24274374765156947,3.7275937203149381,0.38709609550252222,0.75,0.29032207162689166,0.5508130905845483,0.017508765041849918,158,1,False,-0.0015834730377704553,0.58222761629155384,0.91728312253070809,False,False,I5
2018-05-31,VMBS,6,2018-11-30,2018-11-30,14,0.056757566974074747,0.24517904139331947,0.18771944299342636,7.9060432109076855,0.21460972045996779,0.75,0.16095729034497586,0.46798582335012406,0.086971657368576996,96,1,False,-0.09294142590075094,0.41485600659070265,0.37028507948368322,False,False,I5
2018-05-31,VOO,6,2018-11-30,2018-11-30,14,0.040248190456021682,0.17532796670307721,0.078417957503681454,16.768329368110066,0.11555405577367331,0.75,0.086665541830254988,0.3832018857162941,0.030357752190109038,87,1,False,-0.094358584739551526,0.26768966840006148,0.76336830033423753,False,False,I5
2018-05-31,VWO,6,2018-11-30,2018-11-30,14,0.16883374189971279,0.10760183111177427,0.12596745087848024,109.85411419875572,0.11589038844285754,0.75,0.086917791332143154,0.5486916621180874,0.0039599628500634173,153,1,False,-0.0958018144083541,0.26963739707264039,0.74202090759161543,False,False,I5
2018-05-31,VXUS,6,2018-11-30,2018-11-30,14,0.16016058040758863,0.11449472567858526,0.073091290551213481,109.85411419875572,0.093149213447052084,0.75,0.069861910085289067,0.48445069434778176,0.072932254875785196,82,1,False,-0.16530626610526344,0.30503008627584161,,False,True,I5
2018-06-29,BND,6,2018-12-31,2018-12-31,14,-0.0061577745180163568,0.25321142091867221,0.19713522284747442,7.9060432109076855,0.22419251469891746,0.75,0.1681443860241881,0.48250938512431668,0.055598002659342304,129,1,False,-0.080394421030757224,0.41668319307913343,0.78204857154512952,False,False,I5
2018-06-29,DBC,6,2018-12-31,2018-12-31,14,0.18069339171161791,0.25793336004735867,0.20824956151634877,35.564803062231285,0.23107189934865194,0.75,0.17330392451148896,0.45935171035803019,0.05810119233027651,143,1,False,-0.058672928353442649,0.40528077737642054,0.89113328756958698,False,False,I5
2018-06-29,GLD,6,2018-12-31,2018-12-31,14,-0.011858756174617291,0.16326876687045094,0.1756794909288325,16.768329368110066,0.16934118801515002,0.75,0.1270058910113625,0.51071177506375387,0.015882650725608027,158,1,False,-0.071589137065740022,0.325600919088465,0.78097968402186335,False,False,I5
2018-06-29,VDE,6,2018-12-31,2018-12-31,14,0.26825864717666115,0.53813398542954138,0.25825543858418298,3.7275937203149381,0.41201786690246262,0.75,0.30901340017684698,0.54938983373826833,0.017376158986714425,159,0,False,0.020099976046084933,0.59792682430760902,0.92675466650863536,False,False,I5
2018-06-29,VMBS,6,2018-12-31,2018-12-31,14,-0.0079102686423926372,0.24867883803955321,0.18712398932028668,7.9060432109076855,0.21631448199315761,0.75,0.16223586149486821,0.4742192252961282,0.086909473236126439,97,1,False,-0.091644682481687806,0.41611640547142426,0.33916834694470127,False,False,I5
2018-06-29,VOO,6,2018-12-31,2018-12-31,14,0.086600255911649771,0.21159729008883105,0.079316177191661466,16.768329368110066,0.13072446748791078,0.75,0.098043350615933084,0.38862910335666895,0.03052748280742219,88,1,False,-0.082938959293095998,0.27902566052496214,0.7345886107354116,False,False,I5
2018-06-29,VWO,6,2018-12-31,2018-12-31,14,0.087422222140168926,0.12479904239738021,0.16650056701913496,109.85411419875572,0.14356375640516403,0.75,0.10767281730387301,0.55002331022701467,0.0048752785622903257,154,1,False,-0.074375504752132171,0.2897211393598782,0.739787647886055,False,False,I5
2018-06-29,VXUS,6,2018-12-31,2018-12-31,14,0.12408896131823799,0.13277073065515196,0.090127309457145532,109.85411419875572,0.1123310328930128,0.75,0.084248274669759593,0.52068344452872573,0.073339023039584006,83,1,False,-0.15090929466145311,0.31940584400097227,,False,True,I5
2018-07-31,BND,6,2019-01-31,2019-01-31,14,0.070443078878112075,0.29171000664285196,0.20374911211871993,7.9060432109076855,0.24636651096609316,0.75,0.18477488322456986,0.48450392731830605,0.056116884853533923,130,1,False,-0.06376115879150529,0.43331092524064502,0.78895247473023689,False,False,I5
2018-07-31,DBC,6,2019-01-31,2019-01-31,14,0.17771920196286828,0.30518290297646455,0.18149192794509217,35.564803062231285,0.23862554817116438,0.75,0.1789691611283733,0.46190613512086187,0.058491590250877148,144,1,False,-0.045474217338737521,0.40341253959548412,0.89743525092538468,False,False,I5
2018-07-31,GLD,6,2019-01-31,2019-01-31,14,0.030004115077329363,0.19053610760083323,0.16858455334449671,16.768329368110066,0.17981655447032868,0.75,0.1348624158527465,0.51167224856480231,0.017102830447824631,159,1,False,-0.058611203966393605,0.32833603567188663,0.78991094714021148,False,False,I5
2018-07-31,VDE,6,2019-01-31,2019-01-31,14,0.27198321267042613,0.61219939066394391,0.16512213669724032,3.7275937203149381,0.41253297503765868,0.75,0.30939973127824399,0.55339616620004661,0.01793235228561843,160,1,False,0.025539705969133297,0.59325975658735475,0.92603095804061542,False,False,I5
2018-07-31,VMBS,6,2019-01-31,2019-01-31,14,0.069903927946587618,0.28733954681465157,0.20779980979827103,7.9060432109076855,0.24602779505629649,0.75,0.18452084629222237,0.48061493150464779,0.087215457401147375,98,1,False,-0.069342778675105632,0.43838447125955038,0.21418789026644453,False,False,I5
2018-07-31,VOO,6,2019-01-31,2019-01-31,14,0.1365405024512546,0.25883185381379825,0.10827688664525542,16.768329368110066,0.16785515180342725,0.75,0.12589136385257044,0.39572434094104192,0.031571664159885583,89,1,False,-0.052183853978098022,0.30396658168323887,0.66802837926211234,False,False,I5
2018-07-31,VWO,6,2019-01-31,2019-01-31,14,0.13621053171259423,0.14116525148826858,0.13486759770966539,109.85411419875572,0.13832939679373799,0.75,0.10374704759530348,0.54969663398047774,0.0064513290034019042,155,1,False,-0.10333148325521779,0.31082557844582476,0.74424130316932557,False,False,I5
2018-07-31,VXUS,6,2019-01-31,2019-01-31,14,0.16843964329945516,0.15568324340666523,0.12078925991559869,109.85411419875572,0.13973618916996622,0.75,0.10480214187747466,0.54298556251733965,0.074806862288948797,84,1,False,-0.13034606846020289,0.33995035221515224,,False,True,I5
2018-08-31,BND,6,2019-02-28,2019-02-28,14,0.087778964105356794,0.26950593408524459,0.16411835618781279,7.9060432109076855,0.2154043150044429,0.75,0.16155323625333218,0.48664140347303597,0.05690659817328924,131,1,False,-0.080861789687545232,0.40396826219420956,0.7969719268179859,False,False,I5
2018-08-31,DBC,6,2019-02-28,2019-02-28,14,0.17346358517349114,0.28167432852888019,0.11618730391377104,35.564803062231285,0.19342840369620717,0.75,0.14507130277215538,0.46675018758772197,0.059049020114319388,145,1,False,-0.078899332039326309,0.36904193758363707,0.87671718197814785,False,False,I5
2018-08-31,GLD,6,2019-02-28,2019-02-28,14,0.0054500197449185439,0.16919193985755032,0.10821133547307225,16.768329368110066,0.13943616104024192,0.75,0.10457712078018144,0.51204519670384907,0.01868523771859195,160,1,False,-0.097134283719471082,0.30628852527983397,0.78572369378100282,False,False,I5
2018-08-31,VDE,6,2019-02-28,2019-02-28,14,0.23727432163249718,0.58663655503070788,0.14872614213316829,3.7275937203149381,0.39240443265864028,0.75,0.29430332449398022,0.55645694495619769,0.018205758642399199,161,1,False,0.019654867798376274,0.56895178118958412,0.9204737872486729,False,False,I5
2018-08-31,VMBS,6,2019-02-28,2019-02-28,14,0.087678875222807706,0.26534151493870639,0.16155273053706082,7.9060432109076855,0.2121183772713183,0.75,0.15908878295348872,0.48719760064417655,0.0879114211695778,99,1,False,-0.092078618831263948,0.41025618473824138,0.31494974280343635,False,False,I5
2018-08-31,VOO,6,2019-02-28,2019-02-28,14,0.13947370073039078,0.24048012902412169,0.054019701549460335,16.768329368110066,0.12859498387254931,0.75,0.09644623790441198,0.39995232947335824,0.032378102621364126,90,1,False,-0.081611182187642156,0.27450365799646614,0.7140278479650346,False,False,I5
2018-08-31,VWO,6,2019-02-28,2019-02-28,14,0.097650211017021649,0.13786804679841408,0.1197427151399406,109.85411419875572,0.1297300305169502,0.75,0.097297522887712651,0.55101421398491135,0.0083253995506480556,156,1,False,-0.12718231287124579,0.32177735864667112,0.74833605062648589,False,False,I5
2018-08-31,VXUS,6,2019-02-28,2019-02-28,14,0.14107144324955778,0.15544748754750892,0.062806428793076713,109.85411419875572,0.11471413670367087,0.75,0.086035602527753149,0.56030995984392007,0.076584951038368002,85,1,False,-0.14380563765544935,0.31587684271095562,,False,True,I5
2018-09-28,BND,6,2019-03-29,2019-03-29,15,0.0069007273279921844,0.30246952607692823,0.19702583365710913,0.0001,0.24795782322877438,0.75,0.18596836742158079,0.48302547457160283,0.057743209876070803,132,1,False,-0.049607052939933977,0.42154378778309554,0.82807842120192987,False,False,I5
2018-09-28,DBC,6,2019-03-29,2019-03-29,15,0.15742857149205491,0.13731282016731597,0.056750216121713125,719.68567300115137,0.094408243040810289,0.75,0.070806182280607713,0.46743805473046346,0.059381727012876438,146,1,False,-0.14691659899301579,0.28852896355423124,0.81430342989186677,False,False,I5
2018-09-28,GLD,6,2019-03-29,2019-03-29,15,-0.028480833028893038,0.11496816873597636,0.031979126543456513,1048.1131341546852,0.07445013146996643,0.75,0.055837598602474822,0.51176641884822249,0.020243176955597929,161,1,False,-0.14464567979971305,0.25632087700466266,0.77345649951711504,False,False,I5
2018-09-28,VDE,6,2019-03-29,2019-03-29,15,0.19023625505064479,0.18718413863271632,0.074289508034284302,75.431200633546069,0.13637940736249191,0.75,0.10228455552186894,0.54998097782933864,0.018177195640038456,162,1,False,-0.16834739772709389,0.37291650877083177,0.77799588542462961,False,False,I5
2018-09-28,VMBS,6,2019-03-29,2019-03-29,15,0.011458843873307645,0.3126300930733697,0.19236203423478895,0.0001,0.25008589853064894,0.75,0.18756442389798672,0.47996005633827321,0.088674165143115852,100,1,False,-0.063595011969474979,0.43872385976544842,0.53340319457938423,False,False,I5
2018-09-28,VOO,6,2019-03-29,2019-03-29,15,0.0709689661010936,0.1478880030650902,0.051803634579187879,75.431200633546069,0.08983215256421373,0.75,0.067374114423160297,0.39578256676168372,0.03260235161031147,91,1,False,-0.10405183840403756,0.23880006725035816,0.80352677798256777,False,False,I5
2018-09-28,VWO,6,2019-03-29,2019-03-29,15,0.0078393146512552025,0.08355539197420267,0.073301582245084679,10000,0.078909801011612851,0.75,0.059182350758709638,0.54694000714703916,0.010040813809570982,157,1,False,-0.16006138050176513,0.2784260820191844,0.7610991442932008,False,False,I5
2018-09-28,VXUS,6,2019-03-29,2019-03-29,15,0.07910748093020803,0.12646859567811342,0.061144341137592539,159.98587196060572,0.097978926510046582,0.75,0.073484194882534937,0.5638730304929146,0.077972751042505298,86,1,False,-0.15630275870847898,0.30327114847354886,,False,True,I5
2018-10-31,BND,6,2019-04-30,2019-04-30,15,0.11144099352613779,0.37384712899799366,0.21485575376203853,0.0001,0.29112753171929817,0.75,0.21834564878947363,0.47972273869615023,0.058162854781857606,133,1,False,-0.017220535043662,0.45391183262260926,0.85839907435504459,False,False,I5
2018-10-31,DBC,6,2019-04-30,2019-04-30,15,0.23314237630964629,0.1377140772044752,0.073946145597580948,719.68567300115137,0.10382193983068384,0.75,0.077866454873012886,0.46850812752209253,0.05978095163361781,147,1,False,-0.1254633682816263,0.28119627802765207,0.82473684745924136,False,False,I5
2018-10-31,GLD,6,2019-04-30,2019-04-30,15,0.12358815502192022,0.11123504563632557,0.14146421738961806,1048.1131341546852,0.12602095148216963,0.75,0.094515713611627222,0.51087294198744937,0.021269363113218809,162,1,False,-0.10406870766379192,0.29310013488704634,0.79421939268319974,False,False,I5
2018-10-31,VDE,6,2019-04-30,2019-04-30,15,0.17086802671497792,0.19955840353262111,0.097581047512693211,75.431200633546069,0.15307033074869075,0.75,0.11480274806151806,0.54413337824873675,0.019295602111328518,163,1,False,-0.15020565534585151,0.37981115146888766,0.80239134826211334,False,False,I5
2018-10-31,VMBS,6,2019-04-30,2019-04-30,15,0.11882882456885246,0.38303257395375961,0.2110860256606796,0.0001,0.29268860646651462,0.75,0.21951645484988597,0.47458109287977551,0.088914849404447632,101,1,False,-0.03071960545799518,0.46975251515776711,0.66108142628570787,False,False,I5
2018-10-31,VOO,6,2019-04-30,2019-04-30,15,0.045208399644704578,0.16429714742933271,0.07960414434384358,75.431200633546069,0.11299493252809759,0.75,0.084746199396073196,0.39425675047263747,0.033472344808324277,92,1,False,-0.086619925361156119,0.25611232415330254,0.82360973905620916,False,False,I5
2018-10-31,VWO,6,2019-04-30,2019-04-30,15,-0.0089685739999016967,0.083237345859423328,0.097285901773492056,10000,0.089654686264744821,0.75,0.067241014698558615,0.54320284272813035,0.011806204604729722,158,1,False,-0.14829429961583127,0.28277632901294847,0.76293000415454781,False,False,I5
2018-10-31,VXUS,6,2019-04-30,2019-04-30,15,0.054325468695009871,0.13616194651717248,0.061269763101154014,159.98587196060572,0.10349107874142656,0.75,0.077618309056069923,0.56376131278931252,0.079960907628375322,87,1,False,-0.12947811786776359,0.28471473597990343,,False,True,I5
2018-11-30,BND,6,2019-05-31,2019-05-31,15,0.1754069707101642,0.43212575488537147,0.23096224462332895,0.0001,0.32674552443161309,0.75,0.24505914332370982,0.47614639296914985,0.058188726892596611,134,1,False,0.010089509823491605,0.48002877682392803,0.88476825612120125,False,False,I5
2018-11-30,DBC,6,2019-05-31,2019-05-31,15,0.24118292695474253,0.12394592661248963,0.11773938889602698,719.68567300115137,0.12064896384085748,0.75,0.090486722880643106,0.46879195418613756,0.060827634360195337,148,1,False,-0.10617753474290412,0.2871509805041903,0.84121620799413477,False,False,I5
2018-11-30,GLD,6,2019-05-31,2019-05-31,15,0.17595054294298751,0.096585797631132855,0.19015443573341276,1048.1131341546852,0.14234353408665909,0.75,0.10675765056499431,0.51097143889698993,0.021908465797271338,163,1,False,-0.090257808696944997,0.30377310982693362,0.8050925972515629,False,False,I5
2018-11-30,VDE,6,2019-05-31,2019-05-31,15,0.35242735296964456,0.10902454713888635,0.12793587245341864,75.431200633546069,0.11784606131326869,0.75,0.088384545984951518,0.53353273619572761,0.020267655976423854,164,1,False,-0.17491216101341342,0.35168125298331643,0.77306631017101768,False,False,I5
2018-11-30,VMBS,6,2019-05-31,2019-05-31,15,0.19414783420238724,0.45773921892498703,0.23345417258390808,0.0001,0.33859106852815141,0.75,0.25394330139611354,0.46876462635122634,0.088599581929640042,102,1,False,0.0037102038503139534,0.50417639894191313,0.74813366885311139,False,False,I5
2018-11-30,VOO,6,2019-05-31,2019-05-31,15,0.23479142256051722,0.12192315314230645,0.095179687538939003,75.431200633546069,0.1053617040758463,0.75,0.07902127805688472,0.38072913540514386,0.033545203363675863,93,1,False,-0.089684854348735604,0.24772741046250504,0.85127310040670134,False,False,I5
2018-11-30,VWO,6,2019-05-31,2019-05-31,15,0.21042184023507104,0.081481379977810561,0.10553553872913403,10000,0.092492587191734615,0.75,0.069369440393800968,0.54223270380144917,0.012793799178912003,159,1,False,-0.14392730273820181,0.28266618352580375,0.76632356464847351,False,False,I5
2018-11-30,VXUS,6,2019-05-31,2019-05-31,15,0.22465414110855431,0.10038270744285474,0.055499905058054778,159.98587196060572,0.081127336605241199,0.75,0.060845502453930903,0.57098554870685669,0.080872267546320931,88,1,False,-0.14599243199361939,0.26768343690148122,,False,True,I5
2018-12-31,BND,6,2019-06-28,2019-06-28,15,0.32902598290896945,0.43711011242663866,0.25814088942404068,0.0001,0.34282657235940156,0.75,0.25711992926955118,0.47318573280128473,0.057712086141406889,135,1,False,0.030055743945474778,0.48418411459362759,0.75778802741779649,False,False,I5
2018-12-31,DBC,6,2019-06-28,2019-06-28,15,0.3045280222337341,0.1359984424331771,0.20922687130759871,719.68567300115137,0.17504898016428053,0.75,0.1312867351232104,0.46672981612003922,0.061632102530339107,149,1,False,-0.059417812841032369,0.32199128308745317,0.8836322558334111,False,False,I5
2018-12-31,GLD,6,2019-06-28,2019-06-28,15,0.29282848464277755,0.10365930039678389,0.23979655471951125,1048.1131341546852,0.1701978333584141,0.75,0.12764837501881057,0.51123934963537776,0.021702568102320803,164,1,False,-0.065779870712617955,0.32107662075023913,0.78788094352255911,False,False,I5
2018-12-31,VDE,6,2019-06-28,2019-06-28,15,0.26713656008256104,0.16250584359213932,0.17155467610262329,75.431200633546069,0.1668185145789349,0.75,0.12511388593420117,0.52340028597071087,0.021770631680667722,165,1,False,-0.137728786515778,0.38795655838418031,0.82725906811582173,False,False,I5
2018-12-31,VMBS,6,2019-06-28,2019-06-28,15,0.35198882255299524,0.46068433687173765,0.25396028622003403,0.0001,0.34976886578779431,0.75,0.26232664934084571,0.46346121443402899,0.087662593089134877,103,1,False,0.026007545490996875,0.49864575319069454,0.37156897110568038,False,False,I5
2018-12-31,VOO,6,2019-06-28,2019-06-28,15,0.19869752766704729,0.14764198018081998,0.14156548387264745,75.431200633546069,0.1437760003041661,0.75,0.10783200022812457,0.36378141603503389,0.034109618816313886,94,1,False,-0.060862251661144798,0.27652625211739396,0.8798454930959676,False,False,I5
2018-12-31,VWO,6,2019-06-28,2019-06-28,15,0.26906380010332853,0.082053775100639756,0.16948404220261085,10000,0.12194079656563223,0.75,0.091455597424224169,0.54378474655153786,0.013260226822419879,160,1,False,-0.11994444144208348,0.3028556362905318,0.76852321576997895,False,False,I5
2018-12-31,VXUS,6,2019-06-28,2019-06-28,15,0.25673917584643879,0.11987359578513579,0.1796229126209771,159.98587196060572,0.14521870064740841,0.75,0.10891402548555632,0.57580929449106211,0.08135784837521888,89,1,False,-0.097688915801736609,0.31551696677284924,,False,True,I5
2019-01-31,BND,6,2019-07-31,2019-07-31,15,0.24426609976040581,0.34836135998730788,0.21368483024247734,0.0001,0.27673357434013646,0.75,0.20755018075510234,0.46814945571523547,0.057805696382117959,136,1,False,-0.01055215846645996,0.42565251997666465,0.79761741660028218,False,False,I5
2019-01-31,DBC,6,2019-07-31,2019-07-31,15,0.30559543076867934,0.11829280883994492,0.13950525550948359,719.68567300115137,0.12971649810669283,0.75,0.097287373580019626,0.46146291162384034,0.062406016526555967,150,1,False,-0.073176296344397762,0.26775104350443701,0.85412680571180166,False,False,I5
2019-01-31,GLD,6,2019-07-31,2019-07-31,15,0.21463785115357892,0.094241589029067679,0.18888486765348078,1048.1131341546852,0.1405749116408874,0.75,0.10543118373066554,0.51044254504653097,0.021752880508229943,165,1,False,-0.079273222885194616,0.2901355903465257,0.78713156624413116,False,False,I5
2019-01-31,VDE,6,2019-07-31,2019-07-31,15,0.3155952956637087,0.065563040407322637,0.12455937775673499,75.431200633546069,0.094213718999854285,0.75,0.070660289249890706,0.51436513045132237,0.023277936385425302,166,1,False,-0.18004068031828152,0.32136125881806293,0.75277096323479109,False,False,I5
2019-01-31,VMBS,6,2019-07-31,2019-07-31,15,0.26107390994624913,0.37467956379803735,0.21238073412443542,0.0001,0.28644044812117186,0.75,0.2148303360908789,0.45631699344768811,0.087491836693533456,104,1,False,-0.02142069295449045,0.45108136513624825,0.63351980613403747,False,False,I5
2019-01-31,VOO,6,2019-07-31,2019-07-31,15,0.15487844146846164,0.09548113044624279,0.14443100470272791,75.431200633546069,0.12719791740272404,0.75,0.095398438052043039,0.35205580324286001,0.035187838644050104,95,1,False,-0.070326281539074137,0.26112315764316019,0.89590777350044548,False,False,I5
2019-01-31,VWO,6,2019-07-31,2019-07-31,15,0.25370654984833929,0.08112165945937555,0.083866159694510181,10000,0.082374192480581809,0.75,0.061780644360436357,0.5436207273107343,0.014023893312420961,161,1,False,-0.14534074693786941,0.26890203565874216,0.77459950077695039,False,False,I5
2019-01-31,VXUS,6,2019-07-31,2019-07-31,15,0.2400954780715574,0.085004244300348919,0.10129248369539884,159.98587196060572,0.091808234499823962,0.75,0.068856175874867975,0.58227589646411892,0.082325423874377052,90,1,False,-0.12475216499044739,0.26246451674018334,,False,True,I5
2019-02-28,BND,6,2019-08-30,2019-08-30,15,-0.027470843334324702,0.32112277185977778,0.2106724154026216,0.0001,0.26170272761798075,0.75,0.19627704571348556,0.46202034879945236,0.058024479358200001,137,1,False,-0.014780876753770378,0.4073349681807415,0.81710619546070196,False,False,I5
2019-02-28,DBC,6,2019-08-30,2019-08-30,15,0.12992305366019374,0.13145450596090189,0.11639118818908609,719.68567300115137,0.12331297008220392,0.75,0.092484727561652935,0.45951243928935975,0.06314149711362177,151,1,False,-0.06395196910786427,0.24892142423117014,0.85150443049542801,False,False,I5
2019-02-28,GLD,6,2019-08-30,2019-08-30,15,-0.093804782044841994,0.10598874938864335,0.13934773056042651,1048.1131341546852,0.12238629052232185,0.75,0.091789717891741382,0.50845198031562078,0.021654670503631679,166,1,False,-0.089547843777952954,0.27312727956143573,0.78713335645333105,False,False,I5
2019-02-28,VDE,6,2019-08-30,2019-08-30,15,0.18543193563656513,0.15666213347881922,0.12514897709748951,75.431200633546069,0.14105107159509522,0.75,0.10578830369632142,0.50461763668418458,0.024559351865946693,167,1,False,-0.14025549645635516,0.35183210384899799,0.81017004469164511,False,False,I5
2019-02-28,VMBS,6,2019-08-30,2019-08-30,15,0.0081704235414779003,0.34118256219967769,0.20631269001619632,0.0001,0.26655103042707778,0.75,0.19991327282030835,0.44664045005493347,0.087493618012859875,105,1,False,-0.028614458766327788,0.42844100440694449,0.71230032010334909,False,False,I5
2019-02-28,VOO,6,2019-08-30,2019-08-30,15,-0.0063472895216216685,0.14027312093007238,0.1264226145960568,75.431200633546069,0.13132590281879047,0.75,0.098494427114092856,0.3540150882925947,0.036274149707449486,96,1,False,-0.067202199585362624,0.26419105381354835,0.90908229871446788,False,False,I5
2019-02-28,VWO,6,2019-08-30,2019-08-30,15,0.077520657586741426,0.082560006899739441,0.040288811861409417,10000,0.063231224931670965,0.75,0.047423418698753224,0.5427434225471548,0.014540105150103681,162,1,False,-0.15718969311327116,0.25203653051077762,0.7777845168410098,False,False,I5
2019-02-28,VXUS,6,2019-08-30,2019-08-30,15,0.059112961532257979,0.11952180480645735,0.072492327058696585,159.98587196060572,0.10042715667624956,0.75,0.075320367507187166,0.5939855374830959,0.082970984526851574,91,1,False,-0.10065539161604516,0.2512961266304195,,False,True,I5
2019-03-29,BND,6,2019-09-30,2019-09-30,16,0.018281690369724268,0.28849872283156042,0.17506189116493254,0.82864277285468424,0.22686901475586208,0.75,0.17015176106689656,0.4567046066940772,0.057654017386966606,138,1,False,-0.040892203475982269,0.38119572560977538,0.83044208707433476,False,False,I5
2019-03-29,DBC,6,2019-09-30,2019-09-30,16,0.11697400554772952,0.14330347301039079,0.088603139586158786,232.99518105153672,0.11394226328489203,0.75,0.085456697463669018,0.46323526955885297,0.063761806813479871,152,1,False,-0.057281978807954104,0.22819537373529214,0.84566469586073323,False,False,I5
2019-03-29,GLD,6,2019-09-30,2019-09-30,16,-0.083814825556432826,0.21657681804420176,0.20935451423417789,1.2067926406393288,0.21300772793827344,0.75,0.15975579595370509,0.50582387562057818,0.021354457907628542,167,1,False,-0.019274606553789653,0.33878619846119984,0.79692845551981184,False,False,I5
2019-03-29,VDE,6,2019-09-30,2019-09-30,16,0.17974445283655982,0.21115545672083541,0.18971480236764546,51.794746792312019,0.20062167081607679,0.75,0.15046625311205758,0.50870035348564902,0.025545523908712748,168,1,False,-0.093357070159165223,0.39428957638328038,0.87197472784951002,False,False,I5
2019-03-29,VMBS,6,2019-09-30,2019-09-30,16,0.040982179567136789,0.30890879132874782,0.18302903629149531,0.56898660290182934,0.23807514060521492,0.75,0.17855635545391119,0.43729116169180204,0.086776308822864107,106,1,False,-0.049942139624041537,0.40705485053186391,0.78153640225305532,False,False,I5
2019-03-29,VOO,6,2019-09-30,2019-09-30,16,0.016855806284562069,0.35155263461296815,0.080152767466357189,1.7575106248547894,0.17444221188868694,0.75,0.13083165891651521,0.3474189041197811,0.036631828226971586,97,1,False,-0.028512548064147214,0.29017586589717764,0.93437226608739687,False,False,I5
2019-03-29,VWO,6,2019-09-30,2019-09-30,16,0.10949653098534307,0.17757269537238896,0.098176459889328799,109.85411419875572,0.14121410115686669,0.75,0.10591057586765001,0.54206148447328284,0.014498996005938965,163,1,False,-0.081703422033038958,0.29352457376833896,0.78118776108778309,False,False,I5
2019-03-29,VXUS,6,2019-09-30,2019-09-30,16,0.063524381821334019,0.38779802828079624,0.075052957048053523,7.9060432109076855,0.25853488117714507,0.75,0.1939011608828588,0.58668206474322193,0.082928989922540233,92,1,False,0.018130651945607645,0.36967166982010996,,False,True,I5
2019-04-30,BND,6,2019-10-31,2019-10-31,16,-0.13940685418586107,0.25811825042421632,0.14008140600149085,0.82864277285468424,0.1929813742035543,0.75,0.14473603065266571,0.44816487987947845,0.058040974049838337,139,1,False,-0.063799818118355084,0.35327187942368654,0.83795206821871637,False,False,I5
2019-04-30,DBC,6,2019-10-31,2019-10-31,16,-0.061908712629002327,0.14864853613218085,0.041422229749040591,232.99518105153672,0.091431372779189043,0.75,0.068573529584391779,0.46638875027044341,0.064868869359206438,153,1,False,-0.12199672989318283,0.25914378906196639,0.82681203719486362,False,False,I5
2019-04-30,GLD,6,2019-10-31,2019-10-31,16,-0.25693219454380833,0.21647171369961471,0.13577694051908992,1.2067926406393288,0.17660765727740113,0.75,0.13245574295805085,0.50598960935137061,0.021962991819023128,168,1,False,-0.042608066391940591,0.30751955230804229,0.79371989332829884,False,False,I5
2019-04-30,VDE,6,2019-10-31,2019-10-31,16,0.025221071744130241,0.21203439523919621,0.12038500753258587,51.794746792312019,0.16715210536192984,0.75,0.12536407902144739,0.51028270891515004,0.026405420375022009,169,1,False,-0.11102737712213198,0.36175553516502679,0.84907121646693551,False,False,I5
2019-04-30,VMBS,6,2019-10-31,2019-10-31,16,-0.12106827579743529,0.26913129569616245,0.13551734606114685,0.56898660290182934,0.19204546937731037,0.75,0.14403410203298278,0.4230705212335813,0.087075865044789244,107,1,False,-0.077068358983921698,0.36513656304988729,0.82792385863656548,False,False,I5
2019-04-30,VOO,6,2019-10-31,2019-10-31,16,-0.12622519844516877,0.31630539672128066,0.056973016721705877,1.7575106248547894,0.14475475141817332,0.75,0.10856606356362999,0.33849122387497999,0.036719344261846414,98,1,False,-0.04082235224213232,0.25795447936939231,0.93043542567681492,False,False,I5
2019-04-30,VWO,6,2019-10-31,2019-10-31,16,-0.071652543067576069,0.19503854158258388,0.089462686788087817,109.85411419875572,0.14671620149807715,0.75,0.11003715112355786,0.54229742985679463,0.014355901066878963,164,1,False,-0.072704755514115954,0.2927790577612317,0.76875610410406403,False,False,I5
2019-04-30,VXUS,6,2019-10-31,2019-10-31,16,-0.1062953475278321,0.37742680947048196,0.037505904845778322,7.9060432109076855,0.23123734917281552,0.75,0.17342801187961165,0.56993095067492305,0.082621425178158181,93,1,False,0.017403682717529095,0.32945234104169419,,False,True,I5
2019-05-31,BND,6,2019-11-29,2019-11-29,16,-0.11516627744109653,0.27386725272220785,0.15239052903665148,0.82864277285468424,0.20552044228877034,0.75,0.15414033171657776,0.43736702505778907,0.058879302597412093,140,1,False,-0.053298760214212287,0.36157942364736784,0.85133429366009294,False,False,I5
2019-05-31,DBC,6,2019-11-29,2019-11-29,16,-0.088126651253856214,0.15833952342517146,0.1012166246569334,232.99518105153672,0.12789298395047652,0.75,0.095919737962857382,0.46699939724305328,0.066013765837099531,154,1,False,-0.060621985660161692,0.25246146158587646,0.86234137122979082,False,False,I5
2019-05-31,GLD,6,2019-11-29,2019-11-29,16,-0.19404375263779727,0.22880704532843749,0.17020576793397757,1.2067926406393288,0.19973836965205713,0.75,0.14980377723904284,0.50395832703932697,0.022874160760585044,169,1,False,-0.022296223302792795,0.32190377778087848,0.80556498562829959,False,False,I5
2019-05-31,VDE,6,2019-11-29,2019-11-29,16,-0.067095441658188815,0.22655534503599276,0.090108372971299283,51.794746792312019,0.15961967525831589,0.75,0.11971475644373691,0.50943821790387034,0.028323196449108027,170,1,False,-0.14312849524813326,0.38255800813560709,0.84739657472120122,False,False,I5
2019-05-31,VMBS,6,2019-11-29,2019-11-29,16,-0.10259146354117032,0.28057241922246334,0.144951868640983,0.56898660290182934,0.19983133776607473,0.75,0.14987350332455604,0.40465452241414052,0.08806727216661886,108,1,False,-0.060655268275587204,0.36040227492469928,0.8466815926486092,False,False,I5
2019-05-31,VOO,6,2019-11-29,2019-11-29,16,-0.22898277272603507,0.33936719163333118,0.065704178081521777,1.7575106248547894,0.16099401780631253,0.75,0.12074551335473441,0.34820138274458723,0.038720072325469354,99,1,False,-0.03848195632188367,0.27997298303135248,0.94383239544547215,False,False,I5
2019-05-31,VWO,6,2019-11-29,2019-11-29,16,-0.13128150602383803,0.209233355677583,0.10208392208827048,109.85411419875572,0.16004122199470561,0.75,0.12003091649602921,0.54090159849632657,0.015544179486080128,165,1,False,-0.062023629889688126,0.30208546288174654,0.77223266180806027,False,False,I5
2019-05-31,VXUS,6,2019-11-29,2019-11-29,16,-0.16443671462238652,0.42393987591333981,0.062734176195681585,7.9060432109076855,0.27027603327121119,0.75,0.20270702495340839,0.57458079215737112,0.084132411517843245,94,1,False,0.027301405235679449,0.37811264467113737,,False,True,I5
2019-06-28,BND,6,2019-12-31,2019-12-31,16,-0.12186736057929959,0.21196740740282238,0.13555595782305285,0.82864277285468424,0.16886151430527074,0.75,0.12664613572895306,0.43587128192678321,0.060795236500330939,141,1,False,-0.079371040241416502,0.33266331169932262,0.84966157267618092,False,False,I5
2019-06-28,DBC,6,2019-12-31,2019-12-31,16,-0.13338767270661978,0.13189112703373129,0.042267297009018379,232.99518105153672,0.083877573563017269,0.75,0.062908180172262948,0.46427692883159816,0.067552567491271365,155,1,False,-0.13374731625064828,0.25956367659517415,0.82281095080041977,False,False,I5
2019-06-28,GLD,6,2019-12-31,2019-12-31,16,-0.1635741076401348,0.15191256051818558,0.16592705798504984,1.2067926406393288,0.15892328115963553,0.75,0.11919246086972665,0.49975226310996773,0.024462127371656765,170,1,False,-0.050173299900956286,0.28855822164040956,0.79983316946963967,False,False,I5
2019-06-28,VDE,6,2019-12-31,2019-12-31,16,-0.067294858914601741,0.14390209061691331,0.084957564457763896,51.794746792312019,0.11496336789958637,0.75,0.086222525924689777,0.50905156758419312,0.029719765827081433,171,1,False,-0.16448446843275272,0.33692952028213224,0.80261304399682942,False,False,I5
2019-06-28,VMBS,6,2019-12-31,2019-12-31,16,-0.11691297847045179,0.22012694199407509,0.12660010967170127,0.56898660290182934,0.16452340429992993,0.75,0.12339255322494744,0.40548037056908315,0.090488570794016801,109,1,False,-0.08707724236402406,0.33386234881391896,0.85565868899647357,False,False,I5
2019-06-28,VOO,6,2019-12-31,2019-12-31,16,-0.20783475991880762,0.24741273210430387,0.055725230139692952,1.7575106248547894,0.12308583292019763,0.75,0.092314374690148221,0.35140842303292524,0.040319846878885131,100,1,False,-0.066859876509626132,0.2514886258899226,0.93186243860404872,False,False,I5
2019-06-28,VWO,6,2019-12-31,2019-12-31,16,-0.17032587729844029,0.15984830654354149,0.14744612163572707,109.85411419875572,0.15410449168949383,0.75,0.11557836876712038,0.53687072908995559,0.017071406116304515,166,1,False,-0.06334475806719711,0.2945014956014379,0.77729005129046835,False,False,I5
2019-06-28,VXUS,6,2019-12-31,2019-12-31,16,-0.17279245494659567,0.33381917818197238,0.030463749776767308,7.9060432109076855,0.20052718592257113,0.75,0.15039538944192835,0.56060785541191205,0.085949324826565296,95,1,False,-0.024847333302799673,0.32563811218665639,,False,True,I5
2019-07-31,BND,6,2020-01-31,2020-01-31,16,-0.02555045740022277,0.27263020339809729,0.15616985875642556,0.82864277285468424,0.20650007641474979,0.75,0.15487505731106235,0.43216614044189544,0.062087284833148369,142,1,False,-0.041833265841369704,0.35158338046349441,0.86704469915956828,False,False,I5
2019-07-31,DBC,6,2020-01-31,2020-01-31,16,0.064725733050436163,0.14752861778465295,0.053752518785727482,232.99518105153672,0.097257186002150012,0.75,0.072942889501612512,0.46392063309139187,0.069078483281511158,156,1,False,-0.15101837008418012,0.29690414908740514,0.83852494497158758,False,False,I5
2019-07-31,GLD,6,2020-01-31,2020-01-31,16,-0.09721322002355981,0.21330085241821309,0.15515409390718157,1.2067926406393288,0.18404504881126105,0.75,0.13803378660844579,0.49686269095461794,0.025574266107223562,171,1,False,-0.027908679729552216,0.30397625294644381,0.81229327825439401,False,False,I5
2019-07-31,VDE,6,2020-01-31,2020-01-31,16,0.13582369416035645,0.1884666085541285,0.090416593833955269,51.794746792312019,0.14011413884528565,0.75,0.10508560413396423,0.50685912850868131,0.031381832861015313,172,1,False,-0.14095819601871235,0.3511294042866408,0.83710878580780179,False,False,I5
2019-07-31,VMBS,6,2020-01-31,2020-01-31,16,-0.0050420499902714688,0.27387217412282344,0.1429221228548348,0.56898660290182934,0.19544947444092889,0.75,0.14658710583069667,0.40112509370918165,0.092039346604491645,110,1,False,-0.055845024923111886,0.34901923658450523,0.86775559427841087,False,False,I5
2019-07-31,VOO,6,2020-01-31,2020-01-31,16,-0.056028107645134329,0.32136483912420344,0.068361358517023144,1.7575106248547894,0.1559260334236087,0.75,0.11694452506770653,0.34610067298852981,0.041454090389673015,101,1,False,-0.039249364368574124,0.27313841450398718,0.95256035434771924,False,False,I5
2019-07-31,VWO,6,2020-01-31,2020-01-31,16,0.0097061030200265019,0.19773903798711839,0.14118821229119055,109.85411419875572,0.17151379660241686,0.75,0.12863534745181265,0.53625360793644472,0.018488383024879571,167,1,False,-0.065043489632275353,0.32231418453590066,0.78079978066773514,False,False,I5
2019-07-31,VXUS,6,2020-01-31,2020-01-31,16,-0.01905190087196873,0.41199568818193971,0.030463749776767308,7.9060432109076855,0.24206686701782851,0.75,0.18155015026337137,0.55461442658136462,0.087555013922867311,96,1,False,0.010610349787568973,0.35248995073917377,,False,True,I5
2019-08-30,BND,6,2020-02-28,2020-02-28,16,-0.035913455195797472,0.3469355002173945,0.17974831782851514,0.82864277285468424,0.25135092426342026,0.75,0.18851319319756521,0.4282780857467689,0.061461004216592618,143,1,False,-0.022562047435121552,0.399588433830252,0.82891746680617751,False,False,I5
2019-08-30,DBC,6,2020-02-28,2020-02-28,16,0.064790841295215174,0.16472772634518082,0.16177791569805161,232.99518105153672,0.16314793086019413,0.75,0.1223609481451456,0.46444173068390937,0.069466028315770298,157,1,False,-0.094924306946017209,0.3396462032363084,0.89654906122515243,False,False,I5
2019-08-30,GLD,6,2020-02-28,2020-02-28,16,-0.035223662202799377,0.29844250471372158,0.19518282789456359,1.2067926406393288,0.24659677171484737,0.75,0.18494757878613552,0.4979092071954348,0.024880201873781323,172,1,False,0.006292119007269309,0.36360303856500176,0.81058939883225101,False,False,I5
2019-08-30,VDE,6,2020-02-28,2020-02-28,16,0.17545201631062968,0.23572482444179221,0.17518151005939389,51.794746792312019,0.20593336289018804,0.75,0.15445002216764103,0.50793143957336107,0.032272295882839301,173,1,False,-0.090598781582293925,0.39949882591757602,0.90256694026001716,False,False,I5
2019-08-30,VMBS,6,2020-02-28,2020-02-28,16,-0.026682653962748826,0.35255569912011742,0.1617888002905252,0.56898660290182934,0.23700259487292208,0.75,0.17775194615469156,0.39427067821437745,0.09128377072104106,111,1,False,-0.021872930177867955,0.37737682248725107,0.88367216506759672,False,False,I5
2019-08-30,VOO,6,2020-02-28,2020-02-28,16,-0.024394308598687187,0.40820648190956732,0.1091354053435936,1.7575106248547894,0.2138447628143835,0.75,0.16038357211078763,0.35011529256889362,0.040985449410150518,102,1,False,0.011491695922780487,0.30927544829879478,0.88447660412513962,False,False,I5
2019-08-30,VWO,6,2020-02-28,2020-02-28,16,-0.031218244157671493,0.20053185158314646,0.21654251690321089,109.85411419875572,0.20793708832767469,0.75,0.15595281624575602,0.53748101053314501,0.018839765611557324,168,1,False,-0.029813580981065207,0.34171921347257728,0.78386364890856408,False,False,I5
2019-08-30,VXUS,6,2020-02-28,2020-02-28,16,-0.013408877347270587,0.4568783906028297,0.088087310099160557,7.9060432109076855,0.28935495384884663,0.75,0.21701621538663496,0.54574976020246679,0.087261796887912579,97,1,False,0.046079591444235901,0.38795283932903402,,False,True,I5
2019-09-30,BND,6,2020-03-31,2020-03-31,17,-0.047936727733948081,0.12860112374706381,0.10345114487691771,232.99518105153672,0.1141105157757718,0.75,0.085582886831828853,0.42383220096885055,0.061161147870433807,144,1,False,-0.122959708294821,0.29412548195847871,0.81575937543239552,False,False,I5
2019-09-30,DBC,6,2020-03-31,2020-03-31,17,0.22160980517894757,0.15616810127971092,0.18535441139667416,2222.9964825261909,0.17179424555419881,0.75,0.12884568416564912,0.46460706365872922,0.069766711715972568,158,1,False,-0.071902272077557505,0.32959364040885575,0.90451676072498566,False,False,I5
2019-09-30,GLD,6,2020-03-31,2020-03-31,17,-0.094062174908311813,0.34182483972833,0.054985979683299976,0.82864277285468424,0.19775488090079121,0.75,0.14831616067559342,0.49773207575528061,0.024251906917537314,173,1,False,-0.037255882295716025,0.33388820364690286,0.77054905643602245,False,False,I5
2019-09-30,VDE,6,2020-03-31,2020-03-31,17,0.50015536695415796,0.33300714519184127,0.19651768510291129,24.420530945486497,0.26574202005320174,0.75,0.19930651503990132,0.50717714690341076,0.033119837014757236,174,1,False,-0.04441469516683158,0.44302772524663425,0.94212962932962341,False,False,I5
2019-09-30,VMBS,6,2020-03-31,2020-03-31,17,-0.048120632180372103,0.12296611759400959,0.072855582189078061,339.32217718953228,0.092281608072548191,0.75,0.06921120605441114,0.38766350681534234,0.090834649371452594,112,1,False,-0.13040499619160115,0.2688274083004234,0.85016922159919184,False,False,I5
2019-09-30,VOO,6,2020-03-31,2020-03-31,17,0.11896782937892614,0.16656921114201517,0.092809930166138963,51.794746792312019,0.11670657290644035,0.75,0.087529929679830254,0.32398150340046084,0.040751181030290441,103,1,False,-0.061290446837536289,0.2363503061971968,0.87942731914400374,False,False,I5
2019-09-30,VWO,6,2020-03-31,2020-03-31,17,0.15358242989952386,0.10118518363852615,0.14507212776598508,10000,0.12158836605425778,0.75,0.09119127454069334,0.53509676234290648,0.019376196175899248,169,1,False,-0.091546907617245821,0.2739294566986325,0.78655047051734117,False,False,I5
2019-09-30,VXUS,6,2020-03-31,2020-03-31,17,0.16923606210687092,0.3427629773516363,0.088510253905669994,24.420530945486497,0.21351070379534418,0.75,0.16013302784650812,0.49163858776222413,0.087019578366825043,98,1,False,-0.0054913181162646041,0.32575737380928083,,False,True,I5
2019-10-31,BND,6,2020-04-30,2020-04-30,17,0.17922638361895982,0.12878078096525594,0.12958686834103172,232.99518105153672,0.12924798405437835,0.75,0.096935988040783766,0.42040639369548638,0.059777920270045568,145,1,False,-0.13011695693956707,0.32398893302113463,0.79957172336996618,False,False,I5
2019-10-31,DBC,6,2020-04-30,2020-04-30,17,0.53899332478398365,0.15654273546609354,0.18192396904499561,2222.9964825261909,0.17023142442948525,0.75,0.12767356832211393,0.46067676652366113,0.068938564393048199,159,1,False,-0.068980648414308871,0.32432778505853677,0.89471110380788677,False,False,I5
2019-10-31,GLD,6,2020-04-30,2020-04-30,17,0.088769029633306795,0.31774920358743963,0.17299042581861238,0.82864277285468424,0.24471244870760944,0.75,0.18353433653070708,0.49545888680777372,0.022635906334426133,174,1,False,-0.016931527301381089,0.38400020036279525,0.75148892666711464,False,False,I5
2019-10-31,VDE,6,2020-04-30,2020-04-30,17,0.63609646198944092,0.33325430455284111,0.19794437883235971,24.420530945486497,0.26613551171262712,0.75,0.19960163378447032,0.50396253280882231,0.033074701213210801,175,1,False,-0.036853263293403132,0.43605653086234375,0.94562297619082891,False,False,I5
2019-10-31,VMBS,6,2020-04-30,2020-04-30,17,0.20199681286740567,0.12327233964646628,0.1112187239956663,339.32217718953228,0.11583641200352847,0.75,0.086877309002646355,0.3830956736666562,0.088959402246064204,113,1,False,-0.12364476077804555,0.29739937878333828,0.83881762012538907,False,False,I5
2019-10-31,VOO,6,2020-04-30,2020-04-30,17,0.2876563822510575,0.16273464690409434,0.097404572244617973,51.794746792312019,0.11750757987988605,0.75,0.088130684909914547,0.30771444453495767,0.039145638919949481,104,1,False,-0.071055120301279834,0.24731649012110893,0.82718279838641062,False,False,I5
2019-10-31,VWO,6,2020-04-30,2020-04-30,17,0.38633298499327573,0.10092321794073134,0.15887167248187622,10000,0.12813809869604015,0.75,0.096103574022030111,0.53036054247166231,0.018840733003878812,170,1,False,-0.085949670335533149,0.27815681837959338,0.77063716886002986,False,False,I5
2019-10-31,VXUS,6,2020-04-30,2020-04-30,17,0.39843882330248848,0.31696766743969229,0.12002750602113786,24.420530945486497,0.20702442323446421,0.75,0.15526831742584815,0.44174289584557053,0.085066902347687101,99,1,False,-0.020374470587276788,0.33091110543897306,0.83582808993590763,False,False,I5
2019-11-29,BND,6,2020-05-29,2020-05-29,17,0.042071263941570791,0.13434496881465852,0.13241261732760964,232.99518105153672,0.13321834071947508,0.75,0.099913755539606311,0.41696523498214477,0.058579672340517197,146,1,False,-0.14867218006674898,0.34849969114596158,0.78173089325487377,False,False,I5
2019-11-29,DBC,6,2020-05-29,2020-05-29,17,0.31689500155472816,0.1546235629571201,0.20723818605605396,2222.9964825261909,0.18308426759656687,0.75,0.13731320069742514,0.45907234599151797,0.06795690679525504,160,1,False,-0.058232844732236388,0.33285924612708667,0.8888706610733923,False,False,I5
2019-11-29,GLD,6,2020-05-29,2020-05-29,17,-0.083256126440417688,0.25894222631783526,0.17036436738764776,0.82864277285468424,0.21411345690517741,0.75,0.16058509267888305,0.49390547531760093,0.021397736854584855,175,1,False,-0.056366621395737199,0.37753680675350332,0.72337030990699047,False,False,I5
2019-11-29,VDE,6,2020-05-29,2020-05-29,17,0.41500990540671978,0.29501093080442536,0.19188779957934451,24.420530945486497,0.24337621298202525,0.75,0.18253215973651893,0.49929063238295163,0.032505552674168763,176,1,False,-0.044284248362438633,0.40934856783547646,0.9101637245000096,False,False,I5
2019-11-29,VMBS,6,2020-05-29,2020-05-29,17,0.062061661190504713,0.1279829319819252,0.1112187239956663,339.32217718953228,0.11756731660350685,0.75,0.088175487452630139,0.3786992271298642,0.087279131493544604,114,1,False,-0.14828127877961067,0.32463225368487092,0.82266607582264206,False,False,I5
2019-11-29,VOO,6,2020-05-29,2020-05-29,17,0.12040981033073361,0.16925928028157633,0.11122175884153936,51.794746792312019,0.12849893493115805,0.75,0.096374201198368536,0.29768976449948947,0.036592034999511532,105,1,False,-0.072306342402803536,0.26505474479954061,0.7687457285423962,False,False,I5
2019-11-29,VWO,6,2020-05-29,2020-05-29,17,0.19740784369020947,0.10132831170010889,0.15724727161110835,10000,0.12785782972192261,0.75,0.095893372291441958,0.52557204096717713,0.01796282517330737,171,1,False,-0.10464708229944997,0.29643382688233388,0.75404643901439916,False,False,I5
2019-11-29,VXUS,6,2020-05-29,2020-05-29,17,0.20746876169157713,0.32228111706557844,0.11845135394323385,24.420530945486497,0.20012962516000238,0.75,0.15009721887000177,0.40071807946782939,0.082571866177986356,100,1,False,-0.056505722417291154,0.35670016015729467,0.83780501602187973,False,False,I5
2019-12-31,BND,6,2020-06-30,2020-06-30,17,0.054220729163718451,0.13583045000634722,0.1295361206002098,232.99518105153672,0.13215241338149913,0.5,0.066076206690749567,0.4156587004706615,0.057352141504327971,147,1,False,-0.1823103441140102,0.31446275749550934,0.76712115897465372,False,False,I5
2019-12-31,DBC,6,2020-06-30,2020-06-30,17,0.36578051133903511,0.15640073067855281,0.10520991654911345,2222.9964825261909,0.12856579578773034,0.5,0.064282897893865168,0.45625137313815683,0.066706319344932846,161,1,False,-0.14588738197892803,0.2744531777666584,0.84055874725552826,False,False,I5
2019-12-31,GLD,6,2020-06-30,2020-06-30,17,-0.054939039574981585,0.30442026901872227,0.15802812351144138,0.82864277285468424,0.23040484089367128,0.5,0.11520242044683564,0.4944030100209863,0.020346760465410299,176,1,False,-0.12056696745304353,0.35097180834671482,0.70126663884554175,False,False,I5
2019-12-31,VDE,6,2020-06-30,2020-06-30,17,0.5029492426277139,0.27446268670644997,0.11647608508750884,24.420530945486497,0.19504775903802565,0.5,0.097523879519012827,0.49733124926649969,0.031941708540898867,177,1,False,-0.12433741907381408,0.31938517811183975,0.85873760237281582,False,False,I5
2019-12-31,VMBS,6,2020-06-30,2020-06-30,17,0.081912343227559248,0.12846145175233659,0.092305854604695897,339.32217718953228,0.10594292633845094,0.5,0.05297146316922547,0.37717733379062507,0.085503547928640289,115,1,False,-0.19726884805816408,0.30321177439661501,0.8070882388224585,False,False,I5
2019-12-31,VOO,6,2020-06-30,2020-06-30,17,0.17706274622498952,0.15829267883489223,0.095568449004412151,51.794746792312019,0.11401410583703732,0.5,0.057007052918518659,0.29407546146802954,0.034286121839904746,106,1,False,-0.12406307197814304,0.23807717781518034,0.75397624691928722,False,False,I5
2019-12-31,VWO,6,2020-06-30,2020-06-30,17,0.22313791767695967,0.10124455352950519,0.13814481678800417,10000,0.1187911920006192,0.5,0.059395596000309601,0.5244847347512458,0.016868123414750701,172,1,False,-0.1561190079688746,0.27491019996949378,0.74201381994186089,False,False,I5
2019-12-31,VXUS,6,2020-06-30,2020-06-30,17,0.23398806248320736,0.29343356111225805,0.11082927620698803,24.420530945486497,0.17903542510907358,0.5,0.089517712554536791,0.37351888504406666,0.080043506562891498,101,1,False,-0.14566793375728132,0.32470335886635493,0.81829769221951631,False,False,I5
2020-01-31,BND,6,2020-07-31,2020-07-31,17,0.063700481399795006,0.16482226298509314,0.10533403774472348,232.99518105153672,0.12984805891602547,0.5,0.064924029458012733,0.41208190481813839,0.056791988809026944,148,1,False,-0.17764581840028615,0.30749387731631161,0.75261890800034492,False,False,I5
2020-01-31,DBC,6,2020-07-31,2020-07-31,17,0.23496562621931594,0.15794945832181193,0.084834483819257192,2222.9964825261909,0.1179989346756892,0.5,0.058999467337844599,0.45359313987414723,0.066694093503608776,162,1,False,-0.14158402355146088,0.25958295822715011,0.83349515417467301,False,False,I5
2020-01-31,GLD,6,2020-07-31,2020-07-31,17,-0.11926369455935748,0.49015651582903552,0.12760946256062455,0.82864277285468424,0.30630952729844302,0.5,0.15315476364922151,0.49290171614087908,0.019682579784681652,177,1,False,-0.081265384801068347,0.38757491209951134,0.66295635009097209,False,False,I5
2020-01-31,VDE,6,2020-07-31,2020-07-31,17,0.43570062452964176,0.39015292188589656,0.13050977833611288,24.420530945486497,0.25957816829318964,0.5,0.12978908414659482,0.49709916538708571,0.032525315201682337,178,1,False,-0.088100213305936398,0.34767838159912601,0.9087770576755162,False,False,I5
2020-01-31,VMBS,6,2020-07-31,2020-07-31,17,0.094455960222751711,0.14852901814418085,0.07223151684145418,339.32217718953228,0.10061308825100762,0.5,0.05030654412550381,0.37198559487477162,0.084722982429339316,116,1,False,-0.19993159641958361,0.30054468467059126,0.79560388026458218,False,False,I5
2020-01-31,VOO,6,2020-07-31,2020-07-31,17,0.09792008554529863,0.22972703517103568,0.066513491521436319,51.794746792312019,0.11249257334216127,0.5,0.056246286671080635,0.28171119131777894,0.033442063620418405,107,1,False,-0.12182111751824495,0.23431369086040624,0.726646992127847,False,False,I5
2020-01-31,VWO,6,2020-07-31,2020-07-31,17,0.092387413861986456,0.10313255742043856,0.12961884965379833,10000,0.11579042129770566,0.5,0.057895210648852828,0.5220975527361893,0.016826724452931482,173,1,False,-0.15538703671134621,0.27117745800905185,0.74839150352351158,False,False,I5
2020-01-31,VXUS,6,2020-07-31,2020-07-31,17,0.16307784015064619,0.38166470064996688,0.10684724789144481,24.420530945486497,0.20001668258023764,0.5,0.10000834129011882,0.33902299054732671,0.079071982960588941,102,1,False,-0.13517195702539353,0.33518863960563117,0.61562269248745272,False,False,I5
2020-02-28,BND,6,2020-08-31,2020-08-31,17,0.25520425967367455,0.12956338203647796,0.14959560885646539,232.99518105153672,0.14144545908722972,0.5,0.07072272954361486,0.40685191129643911,0.056169804621075112,149,1,False,-0.16499659119336518,0.3064420502805949,0.73274134504059785,False,False,I5
2020-02-28,DBC,6,2020-08-31,2020-08-31,17,0.28819412030490699,0.15572132486969234,0.20266787620742582,2222.9964825261909,0.18136189330158112,0.5,0.090680946650790559,0.45383488879874223,0.066682417109692263,163,1,False,-0.10596909925559596,0.28733099255717709,0.88573499966879066,False,False,I5
2020-02-28,GLD,6,2020-08-31,2020-08-31,17,0.041097903400893809,0.40661641005365973,0.19179118267437398,0.82864277285468424,0.29710572064197682,0.5,0.14855286032098841,0.49023356917790761,0.019374117751044119,178,1,False,-0.08412198544770913,0.38122770608968592,0.62762407928083641,False,False,I5
2020-02-28,VDE,6,2020-08-31,2020-08-31,17,0.46226735035290656,0.32048382171545453,0.18322898530869844,24.420530945486497,0.25118554527849263,0.5,0.12559277263924631,0.49511231624949242,0.033323788392235112,179,1,False,-0.091401591715493308,0.34258713699398591,0.90832073955682902,False,False,I5
2020-02-28,VMBS,6,2020-08-31,2020-08-31,17,0.26345340782656379,0.12327899273938078,0.11376199369838294,339.32217718953228,0.11723108921011081,0.5,0.058615544605055407,0.36451569415773954,0.083770797502911221,117,1,False,-0.18312393088714635,0.30035502009725717,0.78174233129292758,False,False,I5
2020-02-28,VOO,6,2020-08-31,2020-08-31,17,0.087007197418536464,0.163801346810721,0.10005623128155355,51.794746792312019,0.11716116706959585,0.5,0.058580583534797927,0.26833327771153997,0.03290654165542669,108,1,False,-0.13156702482917265,0.24872819189876849,0.69267990462035267,False,False,I5
2020-02-28,VWO,6,2020-08-31,2020-08-31,17,0.16292194064488297,0.10085187003393239,0.17544941519056428,10000,0.13648751590394295,0.5,0.068243757951971476,0.52229465734848668,0.016550603943675146,174,1,False,-0.14314023139732346,0.27962774730126644,0.72279007263156725,False,False,I5
2020-02-28,VXUS,6,2020-08-31,2020-08-31,17,0.19863342036002907,0.32211534824374205,0.10853954425509522,24.420530945486497,0.1752060647966229,0.5,0.087603032398311451,0.31214453742649384,0.07817411053041555,103,1,False,-0.14358428928679573,0.3187903540834186,0.81586120301061438,False,False,I5
2020-03-31,BND,6,2020-09-30,2020-09-30,18,0.22550997037105169,0.39638510572771624,0.26809528786138642,11.513953993264458,0.32032299337923353,0.5,0.16016149668961677,0.40710717644221162,0.055475761072041628,150,1,False,-0.074808820877993565,0.3951318142572271,0.62872095281149809,False,False,I5
2020-03-31,DBC,6,2020-09-30,2020-09-30,18,0.12845268262334852,0.18141222538637686,0.2934850510956778,10000,0.24272889189229199,0.5,0.121364445946146,0.45288551334503852,0.0676270963052365,164,1,False,-0.074084318862406504,0.31681321075469848,0.92382059454916876,False,False,I5
2020-03-31,GLD,6,2020-09-30,2020-09-30,18,0.1133969655481859,0.13300010522169992,0.22466228801227836,10000,0.18040814910325687,0.5,0.090204074551628433,0.48279604043610225,0.018740395445684593,179,1,False,-0.15365660337967704,0.33406475248293388,0.64667234095163051,False,False,I5
2020-03-31,VDE,6,2020-09-30,2020-09-30,18,0.14654225698777124,0.16816272163716051,0.26041872079379724,10000,0.21432294634821136,0.5,0.10716147317410568,0.49965069878352586,0.035917297162023569,180,1,False,-0.129282799087102,0.34360574543531336,0.88746127796924701,False,False,I5
2020-03-31,VMBS,6,2020-09-30,2020-09-30,18,0.25393119031417832,0.12873229591226973,0.29247507950997448,10000,0.23288837004245611,0.5,0.11644418502122805,0.36390433922215093,0.082653073522544418,118,1,False,-0.11853214491711705,0.35142051495957316,0.72513534358910714,False,False,I5
2020-03-31,VOO,6,2020-09-30,2020-09-30,18,-0.046721794812728312,0.16259606324145215,0.12636484718026772,51.794746792312019,0.13607752395824668,0.5,0.068038761979123341,0.26807482149031292,0.033696094753807415,109,1,False,-0.11698554362564748,0.25306306758389419,0.65096537453705683,False,False,I5
2020-03-31,VWO,6,2020-09-30,2020-09-30,18,-0.036214354809998683,0.12404528739031126,0.25381573476780872,10000,0.18625080990726173,0.5,0.093125404953630864,0.52064954869118329,0.01733364294913714,175,1,False,-0.11394849655240888,0.30019930645967063,0.70286383271103836,False,False,I5
2020-03-31,VXUS,6,2020-09-30,2020-09-30,18,0.0047539902993622984,0.35367614230831468,0.22876915786212421,24.420530945486497,0.26725285519578618,0.5,0.13362642759789309,0.30809884254503472,0.079049706218650678,104,1,False,-0.09754029330474917,0.36479314850053535,0.12128463457307516,False,False,I5
2020-04-30,BND,6,2020-10-30,2020-10-30,18,0.10041293341079194,0.28022817870431876,0.19140297355796113,11.513953993264458,0.2275985098380536,0.5,0.1137992549190268,0.40749172738135508,0.05629530161870995,151,1,False,-0.11340356131099892,0.34100207114905251,0.6843161316239853,False,False,I5
2020-04-30,DBC,6,2020-10-30,2020-10-30,18,-0.070698854435351954,0.17910268213850405,-0.096016754888393174,10000,0.028679755773875978,0.5,0.014339877886937989,0.45324500518688587,0.070483861326319827,165,1,False,-0.2027883760937762,0.23146813186765219,0.73744416868017404,False,False,I5
2020-04-30,GLD,6,2020-10-30,2020-10-30,18,0.028169812559237339,0.13055673538977081,-0.00062456887742519396,10000,0.062229788483558937,0.5,0.031114894241779469,0.47914112237334933,0.019129443413393604,180,1,False,-0.21030614586428428,0.27253593434784323,0.69668805173997805,False,False,I5
2020-04-30,VDE,6,2020-10-30,2020-10-30,18,0.241590578203698,0.16534134767642969,-0.10712402886901745,10000,0.030192772820634307,0.5,0.015096386410317153,0.50397890341398055,0.039233204150020344,181,1,False,-0.23562091960568424,0.26581369242631853,0.66864070033475864,False,False,I5
2020-04-30,VMBS,6,2020-10-30,2020-10-30,18,0.1044867755618879,0.12734770812099799,0.21767008664311244,10000,0.18460278837124666,0.5,0.092301394185623331,0.36610305012915045,0.083655962088467609,119,1,False,-0.14265413886781614,0.3272569272390628,0.7455074276792294,False,False,I5
2020-04-30,VOO,6,2020-10-30,2020-10-30,18,-0.051948697887240325,0.071752223729351264,0.053344903287326911,51.794746792312019,0.058479817300242709,0.5,0.029239908650121355,0.27896042930793247,0.036004824640146052,110,1,False,-0.18874056125857086,0.24722037855881357,0.83562353178611315,False,False,I5
2020-04-30,VWO,6,2020-10-30,2020-10-30,18,-0.15438619745283666,0.12159728805336659,0.027123325997192867,10000,0.076079960526010335,0.5,0.038039980263005167,0.51820240692041819,0.019430230119842459,176,1,False,-0.18642176888412307,0.26250172941013339,0.75759700802940355,False,False,I5
2020-04-30,VXUS,6,2020-10-30,2020-10-30,18,-0.06147807539018979,0.23013345695457701,0.0079010118115532893,24.420530945486497,0.081826364453084208,0.5,0.040913182226542104,0.33264878399710829,0.082091507333734839,105,1,False,-0.19626589895571409,0.27809226340879828,0.99780084581174566,False,False,I5
2020-05-29,BND,6,2020-11-30,2020-11-30,18,0.12511593531995846,0.42945123116679534,0.19588888445984251,11.513953993264458,0.29122062417995459,0.75,0.21841546813496593,0.40816399160316447,0.056201722423465612,152,1,False,-0.0062375793507393751,0.44306851562067123,0.65838583967207431,False,False,I5
2020-05-29,DBC,6,2020-11-30,2020-11-30,18,-0.049117850216836789,0.17852501209574367,-0.089529402806773739,10000,0.031566285117543037,0.75,0.02367471383815728,0.4517578565842883,0.071968265785527105,166,1,False,-0.17687342155514435,0.22422284923145891,0.74110001006920756,False,False,I5
2020-05-29,GLD,6,2020-11-30,2020-11-30,18,0.11107976115919871,0.13211813723012086,-0.0018788233086645511,10000,0.062061267745335789,0.75,0.04654595080900184,0.47717568217148393,0.01856377728160459,181,1,False,-0.20154055749306399,0.29463245911106767,0.68979811011206871,False,False,I5
2020-05-29,VDE,6,2020-11-30,2020-11-30,18,0.088577038482994697,0.16581739453243055,-0.07935591150102371,10000,0.044994073677533011,0.75,0.033745555258149762,0.50719218658163778,0.041297911299782435,182,1,False,-0.21229824489452681,0.27978935541082633,0.69419158733386177,False,False,I5
2020-05-29,VMBS,6,2020-11-30,2020-11-30,18,0.14073189406765407,0.12885574631634908,0.23192752364512531,10000,0.19419939819427473,0.75,0.14564954864570606,0.36603740062137691,0.083476009580984611,120,1,False,-0.082941815342182146,0.37424091263359427,0.74616486905350821,False,False,I5
2020-05-29,VOO,6,2020-11-30,2020-11-30,18,-0.064746564623193725,0.14429144239396496,0.055504537547647448,51.794746792312019,0.080095350321792005,0.75,0.060071512741344008,0.27696441064939858,0.036765229916637832,111,1,False,-0.14137520260560235,0.26151822808829039,0.80149781299763045,False,False,I5
2020-05-29,VWO,6,2020-11-30,2020-11-30,18,-0.18232123172851389,0.1219769597872669,0.019073806812141051,10000,0.072184903287455152,0.75,0.054138677465591367,0.51612700816030699,0.020435753360353005,177,1,False,-0.1613791885726179,0.26965654350380064,0.76167398452206336,False,False,I5
2020-05-29,VXUS,6,2020-11-30,2020-11-30,18,-0.11086790829743198,0.25114119501643406,0.0054622666665942385,24.420530945486497,0.087395316548409721,0.75,0.065546487411307294,0.33349644770977327,0.08327431162012959,106,1,False,-0.16964779797146634,0.30074077279408096,0.99813142644143915,False,False,I5
2020-06-30,BND,6,2020-12-31,2020-12-31,18,0.25865439009357827,0.4199195202708344,0.15075901566114805,11.513953993264458,0.26071866515977149,0.75,0.19553899886982862,0.4085281741393581,0.056188774755101256,153,1,False,-0.028308220813916152,0.41938621855357339,0.67977731754477577,False,False,I5
2020-06-30,DBC,6,2020-12-31,2020-12-31,18,0.05251707015419349,0.17915117664761554,-0.075876093270818734,10000,0.040025478088394517,0.75,0.030019108566295888,0.4544673649852512,0.073727620549320569,167,1,False,-0.19667596325743122,0.25671418039002303,0.75381207384826321,False,False,I5
2020-06-30,GLD,6,2020-12-31,2020-12-31,18,0.20146014240777821,0.1333825355524095,-0.028732289400974043,10000,0.048075412835609593,0.75,0.036056559626707195,0.47378580125950753,0.018159915650524452,182,1,False,-0.20938537596607643,0.28149849521949083,0.69000758746272095,False,False,I5
2020-06-30,VDE,6,2020-12-31,2020-12-31,18,0.17868006535515613,0.16666359010309484,-0.064353280842928823,10000,0.053915370890545294,0.75,0.040436528167908971,0.51194811551710095,0.04382059617042687,183,1,False,-0.2236133442725646,0.30448640060838256,0.71053424679945831,False,False,I5
2020-06-30,VMBS,6,2020-12-31,2020-12-31,18,0.26827208352221565,0.1292698544677392,0.20856151374169421,10000,0.17967541319830052,0.75,0.1347565598987254,0.36430188001983116,0.083463086718559606,121,1,False,-0.086408864093349774,0.35592198389080054,0.75503522846842153,False,False,I5
2020-06-30,VOO,6,2020-12-31,2020-12-31,18,0.015291643822863854,0.17043968253552738,0.016473618820960122,51.794746792312019,0.060126420746343411,0.75,0.045094815559757556,0.28352223127760035,0.038017886312248117,112,1,False,-0.1431423847825041,0.23333201590201921,0.84074803597720382,False,False,I5
2020-06-30,VWO,6,2020-12-31,2020-12-31,18,-0.014485524201414579,0.12293804238674719,0.063806244866143322,10000,0.094241809947997995,0.75,0.07068135746099849,0.51470725325489575,0.021574529564378886,178,1,False,-0.14260200528730219,0.28396472020929919,0.75595257592928944,False,False,I5
2020-06-30,VXUS,6,2020-12-31,2020-12-31,18,0.021488584433862146,0.27504124151081344,0.058964832578541931,24.420530945486497,0.13286709577650738,0.75,0.09965032183238054,0.34201911982501465,0.084682851347821914,107,1,False,-0.13553906807685165,0.33483971174161276,0.98858523483939476,False,False,I5
2020-07-31,BND,6,2021-01-29,2021-01-29,18,0.022148526282360859,0.33953103545987001,0.077238268139992336,11.513953993264458,0.18385905065318126,0.75,0.13789428798988596,0.40649532048727888,0.056237552070975881,154,1,False,-0.080146362741962379,0.35593493872173432,0.71995902064151229,False,False,I5
2020-07-31,DBC,6,2021-01-29,2021-01-29,18,-0.16277668610836749,0.1803318066809726,-0.052707909145724284,10000,0.053908789895898229,0.75,0.040431592421923672,0.45750441577481782,0.074687370583070525,168,1,False,-0.18395068548982321,0.26481387033367054,0.77361066842662674,False,False,I5
2020-07-31,GLD,6,2021-01-29,2021-01-29,18,0.080239358890345058,0.13359639042997454,-0.031137857625461215,10000,0.045518216020527719,0.75,0.034138662015395789,0.46533173611957673,0.017408966960852965,183,1,False,-0.23829828207612769,0.30657560610691925,0.68736875221385318,False,False,I5
2020-07-31,VDE,6,2021-01-29,2021-01-29,18,-0.14519139330556574,0.16714761876876832,-0.062932735553665339,10000,0.056656291940019504,0.75,0.042492218955014628,0.51977070291752625,0.045950378933248694,184,1,False,-0.24643636859283177,0.33142080650286104,0.71631385814698811,False,False,I5
2020-07-31,VMBS,6,2021-01-29,2021-01-29,18,0.0077008797063464751,0.12873977092241418,0.11525923242419146,10000,0.12015277369281528,0.75,0.090114580269611458,0.36300784788893831,0.083553192239085777,122,1,False,-0.13102262918170327,0.31125178972092621,0.78116905772255385,False,False,I5
2020-07-31,VOO,6,2021-01-29,2021-01-29,18,-0.13196520603752826,0.14735063222201764,-0.015597176465505732,51.794746792312019,0.029829470899732365,0.75,0.022372103174799273,0.27878035139674961,0.038547994270062724,113,1,False,-0.16582907004938086,0.21057327639897938,0.8855453279608565,False,False,I5
2020-07-31,VWO,6,2021-01-29,2021-01-29,18,-0.20936571516520264,0.12341355912408283,0.068880802980335457,10000,0.096998731003946237,0.75,0.072749048252959678,0.51561538443962796,0.021970132269952113,179,1,False,-0.13863528845430306,0.28413338496022245,0.75775392839605604,False,False,I5
2020-07-31,VXUS,6,2021-01-29,2021-01-29,18,-0.18565831043157432,0.29993856055561741,0.075543323116902997,24.420530945486497,0.14998372083971814,0.75,0.11248779062978861,0.3317378682920839,0.085408730873773986,108,1,False,-0.11871812200534787,0.3436937032649251,0.98043570071189923,False,False,I5
2020-08-31,BND,6,2021-02-26,2021-02-26,18,-0.024621363001621988,0.37326066837644167,0.13309686621305775,11.513953993264458,0.23074091838071126,0.75,0.17305568878553346,0.40657272781360304,0.057521208249057813,155,1,False,-0.038210051666892397,0.38432142923795931,0.70489120841944408,False,False,I5
2020-08-31,DBC,6,2021-02-26,2021-02-26,18,-0.27349975862141529,0.18119125537663067,0.10848384013856144,10000,0.14164893797262934,0.75,0.10623670347947201,0.45614464116863318,0.075950724131720437,169,1,False,-0.11772022659988132,0.33019363355882536,0.86979086665521665,False,False,I5
2020-08-31,GLD,6,2021-02-26,2021-02-26,18,0.083644422180986999,0.13474415511487658,0.10136493643462832,10000,0.11673625096105313,0.75,0.087552188220789848,0.4605055221235777,0.017537711180635789,184,1,False,-0.17027143173554171,0.34537580817712143,0.6541143843216175,False,False,I5
2020-08-31,VDE,6,2021-02-26,2021-02-26,18,-0.43044789387408866,0.16799080425266183,0.19745985038081965,10000,0.18202790945898742,0.75,0.13652093209424057,0.52366611578536704,0.048200740940922519,185,1,False,-0.18037566538235986,0.45341752957084103,0.87755951017163492,False,False,I5
2020-08-31,VMBS,6,2021-02-26,2021-02-26,18,-0.034613582499270268,0.1292097381684531,0.14327539486199392,10000,0.13812747017377155,0.75,0.10359560263032866,0.3659924879715275,0.085015795617845752,123,1,False,-0.1069167867444891,0.31410799200514639,0.77860638054303488,False,False,I5
2020-08-31,VOO,6,2021-02-26,2021-02-26,18,-0.13309763324174428,0.17317009207051265,0.060986863826448294,51.794746792312019,0.091906485086843348,0.75,0.068929863815132511,0.27561714655890218,0.038973074999435302,114,1,False,-0.11610556513560653,0.25396529276587154,0.79533777557213581,False,False,I5
2020-08-31,VWO,6,2021-02-26,2021-02-26,18,-0.21991844628792923,0.12434938104781995,0.13196234082615144,10000,0.12805054480024067,0.75,0.096037908600180494,0.51383379655371142,0.022753197872035065,180,1,False,-0.11103510347161855,0.30311092067197953,0.75069595000307265,False,False,I5
2020-08-31,VXUS,6,2021-02-26,2021-02-26,18,-0.19775300192412948,0.36184935403734197,0.12197189172660612,24.420530945486497,0.20162237315267614,0.75,0.1512167798645071,0.33204654017429636,0.086447489492913934,109,1,False,-0.077900690838976744,0.38033425056799097,0.81326734417681756,False,False,I5
2020-09-30,BND,6,2021-03-31,2021-03-31,19,0.1055618189926808,0.11276802853532684,-0.030170075652977062,10000,0.027280676466991543,0.75,0.020460507350243656,0.40192748075267665,0.058598059288301363,156,1,False,-0.18813006186087955,0.22905107656136686,0.78325032683839624,False,False,I5
2020-09-30,DBC,6,2021-03-31,2021-03-31,19,-0.21736799501881454,0.14651079026238825,0.043848776773537095,2222.9964825261909,0.091124999392140499,0.75,0.068343749544105381,0.4605035593202883,0.076259559181671197,170,1,False,-0.1417771121215361,0.27846461120974686,0.8208058275283231,False,False,I5
2020-09-30,GLD,6,2021-03-31,2021-03-31,19,0.15020901869973335,0.10474642834631835,-0.13523056404067002,10000,-0.024152227253896822,0.75,-0.018114170440422617,0.46287077641029678,0.018055869312352271,185,1,False,-0.27086295698466084,0.23463461610381559,0.72480624951152139,False,False,I5
2020-09-30,VDE,6,2021-03-31,2021-03-31,19,-0.68252971800391182,0.15183910285403357,0.067730474523303358,10000,0.11200057108294592,0.75,0.084000428312209441,0.52634429354339962,0.048729458769131387,186,1,False,-0.22528231855302322,0.3932831751774421,0.80326545752410738,False,False,I5
2020-09-30,VMBS,6,2021-03-31,2021-03-31,19,0.085720733361016155,0.11610044678226601,-0.022529969285530853,10000,0.02768124339992984,0.75,0.020760932549947382,0.36219477737775108,0.086378016542816183,124,1,False,-0.18480388367485476,0.22632574877474951,0.81671350711761925,False,False,I5
2020-09-30,VOO,6,2021-03-31,2021-03-31,19,-0.13690116552498499,0.073917173293505362,-0.060637828406669092,10000,-0.023028247500864529,0.75,-0.017271185625648396,0.27951083520186826,0.038227902218459966,115,1,False,-0.19813840209537512,0.16359603084407834,0.93807101271699966,False,False,I5
2020-09-30,VWO,6,2021-03-31,2021-03-31,19,-0.16271405133132366,0.10890870056462262,-0.059657525144319684,10000,0.027677673946730718,0.75,0.020758255460048038,0.51810615515500236,0.022427410288156424,181,1,False,-0.17977261131657021,0.22128912223666627,0.78232036191433796,False,False,I5
2020-09-30,VXUS,6,2021-03-31,2021-03-31,19,-0.16191597515400735,0.10567583329011984,-0.091697410572484164,10000,-0.026571214401265038,0.75,-0.01992841080094878,0.32996466439268202,0.085704821318427091,110,1,False,-0.24903872625392418,0.2091819046520266,0.99996097445256993,False,False,I5
2020-10-30,BND,6,2021-04-30,2021-04-30,19,0.16313388852257882,0.11254954975380373,-0.022193207600128984,10000,0.031609836286061739,0.75,0.023707377214546306,0.3993019360949005,0.058864396066151618,157,1,False,-0.18375778898109449,0.23117254341018709,0.78280397706699678,False,False,I5
2020-10-30,DBC,6,2021-04-30,2021-04-30,19,-0.26742218495245296,0.14543297766034777,0.077953015601616146,2222.9964825261909,0.10851659991392969,0.75,0.081387449935447262,0.4529282972286251,0.075400153254086263,171,1,False,-0.1195510233017454,0.28232592317263994,0.83571951323291205,False,False,I5
2020-10-30,GLD,6,2021-04-30,2021-04-30,19,0.20820647992262142,0.10424675694465213,-0.080537218016933587,10000,0.0046847231073849915,0.75,0.0035135423305387437,0.4611976830893218,0.018110245351314024,186,1,False,-0.24457638869974929,0.25160347336082678,0.71485447016282222,False,False,I5
2020-10-30,VDE,6,2021-04-30,2021-04-30,19,-0.64303801106065062,0.15161201332343427,0.1313245003809905,10000,0.14215997585921736,0.75,0.10661998189441302,0.53409580114464417,0.049760801653808216,187,1,False,-0.19957196964284596,0.412811933431672,0.84216695865742031,False,False,I5
2020-10-30,VMBS,6,2021-04-30,2021-04-30,19,0.14972407170613933,0.11593145777074387,-0.0034522642327549499,10000,0.040553882767526604,0.75,0.030415412075644951,0.36861094847580522,0.08652288661496875,125,1,False,-0.17411280269095408,0.23494362684224396,0.8146144380638255,False,False,I5
2020-10-30,VOO,6,2021-04-30,2021-04-30,19,-0.14059504603832607,0.073873716582406004,-0.04316446402895549,10000,-0.010163429184378223,0.75,-0.007622571888283667,0.28196811221938706,0.037450517734790141,116,1,False,-0.18847452722926988,0.17322938345270256,0.90625333478237702,False,False,I5
2020-10-30,VWO,6,2021-04-30,2021-04-30,19,-0.069773865559754844,0.10879551982213387,-0.010911637474421896,10000,0.050690616315221551,0.75,0.038017962236416167,0.51460794142019006,0.021455906948920196,182,1,False,-0.15601485300652196,0.23205077747935426,0.76547930738172754,False,False,I5
2020-10-30,VXUS,6,2021-04-30,2021-04-30,19,-0.13139178553145703,0.10570201821123539,-0.027145380136015879,10000,0.015052079198657763,0.75,0.011289059398993322,0.3176385827622551,0.084378849276007126,111,1,False,-0.19593073893397528,0.21850885773196194,0.99346806228472118,False,False,I5
2020-11-30,BND,6,2021-05-31,2021-05-31,19,0.19752633744304904,0.11227693387243132,0.029438165801156088,10000,0.061843805922242583,0.75,0.046382854441681935,0.3911893051476138,0.059283709605732676,158,1,False,-0.15967094595637174,0.2524366548397356,0.77658571548495492,False,False,I5
2020-11-30,DBC,6,2021-05-31,2021-05-31,19,-0.15289100693799496,0.14730107065717965,0.11955027990508972,2222.9964825261909,0.13194953144727975,0.75,0.098962148585459819,0.44680714336964383,0.074676211373441367,172,1,False,-0.097687897320926698,0.29561219449184634,0.85860417750423812,False,False,I5
2020-11-30,GLD,6,2021-05-31,2021-05-31,19,0.11067056240701656,0.10368649431139407,-0.02767948109184808,10000,0.033215876854931957,0.75,0.024911907641198966,0.46355502450200758,0.018607408537452439,187,1,False,-0.22053124053644377,0.27035505581884167,0.70478234157078479,False,False,I5
2020-11-30,VDE,6,2021-05-31,2021-05-31,19,-0.23438642942550403,0.15151865063017589,0.16001653277090799,10000,0.15545726428482423,0.75,0.11659294821361818,0.53651820660470817,0.049967270998644321,188,1,False,-0.18480322137294011,0.41798911780017645,0.85848138395959539,False,False,I5
2020-11-30,VMBS,6,2021-05-31,2021-05-31,19,0.17897742611675094,0.11575553978779846,0.04199900151077985,10000,0.069588516220034563,0.75,0.052191387165025922,0.37406195238763235,0.086953116832847205,126,1,False,-0.1495152254529904,0.25389799978304223,0.80848576875888634,False,False,I5
2020-11-30,VOO,6,2021-05-31,2021-05-31,19,0.0094761014537960708,0.073769683564638339,-0.026062913350856379,10000,0.0019959632804556161,0.75,0.0014969724603417121,0.28105926819737032,0.036577038398397113,117,1,False,-0.1765845269251318,0.17957847184581524,0.87966322319343804,False,False,I5
2020-11-30,VWO,6,2021-05-31,2021-05-31,19,0.060695321711785155,0.10849604582960863,0.061626601663765435,10000,0.085572939414521598,0.75,0.064179704560891199,0.51091576136521411,0.020342370671994327,183,1,False,-0.14910467309009656,0.27746408221187896,0.74257396973454626,False,False,I5
2020-11-30,VXUS,6,2021-05-31,2021-05-31,19,0.028000136321554736,0.10552547806730614,0.059033446511374113,10000,0.073271042339102477,0.75,0.054953281754326858,0.30623733468389913,0.082635574654815705,112,1,False,-0.14588566577802364,0.25579222928667733,0.95088057634708378,False,False,I5
2020-12-31,BND,6,2021-06-30,2021-06-30,19,0.047687206780919755,0.11305606946945521,-0.033748904060032045,10000,0.023537097254928165,0.75,0.017652822941196123,0.39021839613256526,0.060537613256599621,159,1,False,-0.17929301844243092,0.21459866432482319,0.78394276324078704,False,False,I5
2020-12-31,DBC,6,2021-06-30,2021-06-30,19,-0.26572793372868553,0.1476212002094375,0.016710236662767265,2222.9964825261909,0.075272016057735897,0.75,0.056454012043301922,0.44734052678552882,0.07454812385194283,173,1,False,-0.13992955311595903,0.25283757720256289,0.78932627911966002,False,False,I5
2020-12-31,GLD,6,2021-06-30,2021-06-30,19,0.0920989332818547,0.10455531132372305,-0.067226480704393562,10000,0.013120410073593011,0.75,0.0098403075551947577,0.46772646756901742,0.019580029462294601,188,1,False,-0.23422720907895822,0.25390782418934771,0.71653776247062995,False,False,I5
2020-12-31,VDE,6,2021-06-30,2021-06-30,19,-0.50394680666862435,0.15241779812566533,0.041631613249185934,10000,0.1017869831886517,0.75,0.076340237391488777,0.54298620361858074,0.050648291074604695,189,1,False,-0.21497499338246229,0.36765546816543981,0.79689172312553391,False,False,I5
2020-12-31,VMBS,6,2021-06-30,2021-06-30,19,0.036659863658544345,0.11647033177543888,-0.0077461149734883153,10000,0.038331227075116603,0.75,0.028748420306337452,0.37094397122579797,0.088380825231976101,127,1,False,-0.17294287882932441,0.23043971944199931,0.81787941922363616,False,False,I5
2020-12-31,VOO,6,2021-06-30,2021-06-30,19,-0.12278927724638167,0.074541161582734008,-0.059481989107477248,10000,-0.022879684748910129,0.75,-0.017159763561682598,0.27310434182503118,0.03639665369860446,118,1,False,-0.19103151923434725,0.15671199211098202,0.90903375225061622,False,False,I5
2020-12-31,VWO,6,2021-06-30,2021-06-30,19,-0.069800938002764212,0.1094750237058837,0.045526572275319907,10000,0.078068133551536217,0.75,0.058551100163652163,0.50887176386984811,0.020153088634638851,184,1,False,-0.15283355288747411,0.26993575321477842,0.73933729975231277,False,False,I5
2020-12-31,VXUS,6,2021-06-30,2021-06-30,19,-0.089182621674964269,0.1064061287299989,0.013662254966165018,10000,0.041033311410036855,0.75,0.030774983557527641,0.29512522318800716,0.082094450847550626,113,1,False,-0.17005881405314871,0.23160878116820399,0.97202544449412476,False,False,I5
2021-01-29,BND,6,2021-07-30,2021-07-30,19,0.091342016599453846,0.11263002876808846,0.10558482314468169,10000,0.10827151862058924,0.75,0.081203638965441929,0.38135089584629944,0.060297681463010636,160,1,False,-0.11131657930322637,0.27372385723411025,0.77363613940242459,False,False,I5
2021-01-29,DBC,6,2021-07-30,2021-07-30,19,-0.1900835754419683,0.1503487850589777,0.12185995538746386,2222.9964825261909,0.13440079417224376,0.75,0.10080059562918282,0.44020196439727971,0.073184188162515748,174,1,False,-0.10925249764479573,0.3108536889031614,0.85829118880533817,False,False,I5
2021-01-29,GLD,6,2021-07-30,2021-07-30,19,0.10981933254709464,0.10386738778535365,0.077907651682489851,10000,0.090089221629589461,0.75,0.067566916222192103,0.469248604794399,0.019900978295247253,189,1,False,-0.17506464823100149,0.31019848067538569,0.68359500771311765,False,False,I5
2021-01-29,VDE,6,2021-07-30,2021-07-30,19,-0.20336229789190474,0.15232060798394026,0.16961325557645721,10000,0.16034682594478841,0.75,0.1202601194585913,0.5358595080419416,0.049617555893656427,190,1,False,-0.16867156617378351,0.40919180509096609,0.85968133962257431,False,False,I5
2021-01-29,VMBS,6,2021-07-30,2021-07-30,19,0.098503912859212117,0.11609553177504771,0.13116112906348101,10000,0.12555842952164842,0.75,0.094168822141236314,0.37188698427071992,0.087750513157557108,128,1,False,-0.10548134135888465,0.29381898564135728,0.80103772027564335,False,False,I5
2021-01-29,VOO,6,2021-07-30,2021-07-30,19,-0.099590711535425092,0.073949547285935821,0.015045244296721751,10000,0.030872984986440168,0.75,0.023154738739830125,0.26870262249969457,0.034981848154603347,119,1,False,-0.15070005234868689,0.19700952982834713,0.81920323913508353,False,False,I5
2021-01-29,VWO,6,2021-07-30,2021-07-30,19,0.09823150688248683,0.10846095792154595,0.096228143864048987,10000,0.10242917992788965,0.75,0.07682188494591724,0.50691819843695762,0.018912446451937012,185,1,False,-0.15295297128951216,0.30659674118134661,0.71985232956167544,False,False,I5
2021-01-29,VXUS,6,2021-07-30,2021-07-30,19,0.0057640217030747731,0.10540139422005078,0.094216823170414632,10000,0.09747024340674923,0.75,0.073102682555061915,0.29088466798558527,0.079745742415277612,114,1,False,-0.15601642472167654,0.30222178983180037,0.91482099844160292,False,False,I5
2021-02-26,BND,6,2021-08-31,2021-08-31,19,0.12033906975496333,0.11259352824685399,0.046410487257750446,10000,0.071202121254111295,0.5,0.035601060627055647,0.37459194418767455,0.059770233981863853,161,1,False,-0.17185600824414204,0.24305812949825334,0.77320308020226725,False,False,I5
2021-02-26,DBC,6,2021-08-31,2021-08-31,19,-0.011040507216180773,0.15104032253335115,0.10106553010751697,2222.9964825261909,0.12302728048470007,0.5,0.061513640242350037,0.43945656022035035,0.071203137038036143,175,1,False,-0.1702306300441557,0.29325791052885575,0.83307196402123129,False,False,I5
2021-02-26,GLD,6,2021-08-31,2021-08-31,19,0.084809329284850632,0.10428772268233444,-0.0040471969001598385,10000,0.046707559487068791,0.5,0.023353779743534395,0.46849858367763103,0.020236470105172197,190,1,False,-0.21806497960657173,0.26477253909364051,0.70675402301727519,False,False,I5
2021-02-26,VDE,6,2021-08-31,2021-08-31,19,0.078147629498099835,0.15250096616629008,0.095554421133972237,10000,0.12604664738186161,0.5,0.063023323690930805,0.53545348941862336,0.047104124219479751,191,1,False,-0.25197011839695604,0.3780167657788176,0.80140863843584154,False,False,I5
2021-02-26,VMBS,6,2021-08-31,2021-08-31,19,0.13623508129809125,0.11599298083425211,0.081646043525684678,10000,0.094531906268915528,0.5,0.047265953134457764,0.37516773700858119,0.086801954276496424,129,1,False,-0.14955041690557158,0.24408232317448708,0.79531746716040852,False,False,I5
2021-02-26,VOO,6,2021-08-31,2021-08-31,19,-0.055375340967862563,0.074434833021818692,-0.086057417676972475,10000,-0.042827981633293433,0.5,-0.021413990816646716,0.26935528572536022,0.033581185809633776,120,1,False,-0.20645350783470739,0.16362552620141396,0.8866567555947843,False,False,I5
2021-02-26,VWO,6,2021-08-31,2021-08-31,19,0.15001545102103897,0.10950650607209986,0.0063621745743937105,10000,0.058657104342450521,0.5,0.02932855217122526,0.50700730722385656,0.017628409394195795,186,1,False,-0.22301299755614851,0.28167010189859903,0.73804734817948947,False,False,I5
2021-02-26,VXUS,6,2021-08-31,2021-08-31,19,0.061752778271980002,0.10624072860772796,-0.03232027189063353,10000,0.0075835094738065864,0.5,0.0037917547369032932,0.28798710474750061,0.07733270985580451,115,1,False,-0.23348567053755864,0.24106918001136524,0.97772906908052226,False,False,I5
2021-03-31,BND,6,2021-09-30,2021-09-30,20,-0.060557710466585424,-0.014681033139374161,-0.016208148447582837,7.9060432109076855,-0.015627417075388551,0.5,-0.0078137085376942753,0.38027997563294158,0.060052898086868894,162,1,False,-0.21385438743373256,0.198226970358344,0.79634060067949219,False,False,I5
2021-03-31,DBC,6,2021-09-30,2021-09-30,20,-0.22459726942292979,0.76434534822213918,-0.0013038397243671914,0.0001,0.33355936615655296,0.5,0.16677968307827648,0.43735853332390134,0.069563528333167687,176,1,False,-0.086139055530220138,0.41969842168677307,0.9613146393724411,False,False,I5
2021-03-31,GLD,6,2021-09-30,2021-09-30,20,-0.043295379601361872,0.086300640035200715,-0.01591389430746246,10000,0.03258299827465537,0.5,0.016291499137327685,0.47446180618049127,0.0209169546527877,191,1,False,-0.22028991992630617,0.25287291820096153,0.71578663034486667,False,False,I5
2021-03-31,VDE,6,2021-09-30,2021-09-30,20,-0.086948349826425742,1.1134770190736867,0.11750515811442575,0.0001,0.6470683789574555,0.5,0.32353418947872775,0.53170500252184427,0.043303947957899581,192,1,False,-0.067676946218824974,0.71474532517628053,0.99259667538334051,False,False,I5
2021-03-31,VMBS,6,2021-09-30,2021-09-30,20,-0.040535513669490153,0.0020739486335455831,0.034530030768734801,7.9060432109076855,0.022180885981133325,0.5,0.011090442990566662,0.38048784619670439,0.086793637192531206,130,1,False,-0.18373129063631535,0.20591217661744868,0.82085344367104018,False,False,I5
2021-03-31,VOO,6,2021-09-30,2021-09-30,20,-0.16543128449700617,0.26504137954000823,-0.14338369791972341,1.2067926406393288,-0.034967366010042487,0.5,-0.017483683005021244,0.26544974315483888,0.032172240757281555,121,1,False,-0.198352633693923,0.16338526768388054,0.82243282903551085,False,False,I5
2021-03-31,VWO,6,2021-09-30,2021-09-30,20,-0.021705938677005876,0.11866575731311707,-0.068627459393998641,10000,0.025321920049658039,0.5,0.01266096002482902,0.50161656196322524,0.016664011208497826,187,1,False,-0.23273190830227444,0.25805382835193247,0.74742237182465832,False,False,I5
2021-03-31,VXUS,6,2021-09-30,2021-09-30,20,-0.077123051600132109,0.12295874019307278,-0.050629271402619198,10000,-0.0019009466431799658,0.5,-0.00095047332158998291,0.28071250031329092,0.07527022119192682,116,1,False,-0.23615674761915906,0.23425580097597909,0.94744476291926971,False,False,I5
2021-04-30,BND,6,2021-10-29,2021-10-29,20,-0.066941809671645758,0.035316650352477663,0.056024322461146164,7.9060432109076855,0.048019104171010726,0.5,0.024009552085505363,0.38658224102285038,0.060685296801198406,163,1,False,-0.17524802383122476,0.2232671280022355,0.78457726473128375,False,False,I5
2021-04-30,DBC,6,2021-10-29,2021-10-29,20,-0.24825267373576076,0.64434567268932219,0.19563039223071688,0.0001,0.39159885198611927,0.5,0.19579942599305963,0.4367323072998866,0.06765965424680824,177,1,False,-0.073680431778405303,0.46527928376452454,0.97129355328163747,False,False,I5
2021-04-30,GLD,6,2021-10-29,2021-10-29,20,-0.062157300899912449,0.087091931490118707,-0.060492958409035257,10000,0.010209337905021822,0.5,0.005104668952510911,0.47906189015940981,0.021892420930234757,192,1,False,-0.22756284883268452,0.23777218673770634,0.72864281822247223,False,False,I5
2021-04-30,VDE,6,2021-10-29,2021-10-29,20,-0.27136714236974047,0.90684945829956454,0.21287206912439588,0.0001,0.58061616541951255,0.5,0.29030808270975628,0.52990789329923449,0.039747772004435598,193,1,False,-0.45949535984324752,1.04011152526276,0.98388915239609864,False,False,I5
2021-04-30,VMBS,6,2021-10-29,2021-10-29,20,-0.050811847371261099,0.046681098025076084,0.052480233202790876,7.9060432109076855,0.05022808846194296,0.5,0.02511404423097148,0.38835872450474562,0.087274022188818287,131,1,False,-0.16914456441337455,0.21937265287531754,0.81964246227545634,False,False,I5
2021-04-30,VOO,6,2021-10-29,2021-10-29,20,-0.16404556163776507,0.31556425788245285,-0.0033948828909159704,1.2067926406393288,0.080532496417620308,0.5,0.040266248208810154,0.26312893590395486,0.030756115455678214,122,1,False,-0.13782041102525322,0.21835290744287356,0.69690924446865421,False,False,I5
2021-04-30,VWO,6,2021-10-29,2021-10-29,20,-0.026217110005611444,0.11920770495573033,0.0043482226942074256,10000,0.061532486153331734,0.5,0.030766243076665867,0.49786280012060113,0.016204235268241163,188,1,False,-0.20880311537941221,0.27033560153274394,0.7220141194903984,False,False,I5
2021-04-30,VXUS,6,2021-10-29,2021-10-29,20,-0.07960531638529289,0.12337472242097887,0.02662333669622283,10000,0.053481331432979513,0.5,0.026740665716489757,0.27759803681948148,0.073503879254120108,117,1,False,-0.20846145242395023,0.26194278385692976,0.87022292962402403,False,False,I5
2021-05-31,BND,6,2021-11-30,2021-11-30,20,-0.052798441731804258,0.14103951728089786,0.032793415715159327,7.9060432109076855,0.075103876046524159,0.5,0.03755193802326208,0.39087283254879551,0.061519693390477984,164,1,False,-0.15774080494332177,0.2328446809898459,0.78030125930333805,False,False,I5
2021-05-31,DBC,6,2021-11-30,2021-11-30,20,-0.12018316221473324,0.79009933092971674,0.14460103137802999,0.0001,0.42668392678338857,0.5,0.21334196339169428,0.43700021456488974,0.066420605588466644,178,1,False,-0.04888196690249294,0.47556589368588154,0.97195023800862934,False,False,I5
2021-05-31,GLD,6,2021-11-30,2021-11-30,20,0.021335849391515116,0.08795604807525996,-0.012332149601345497,10000,0.036029457027559976,0.5,0.018014728513779988,0.48222630129274857,0.022352411300580771,193,1,False,-0.2108200037446574,0.24684946077221739,0.71937361614667006,False,False,I5
2021-05-31,VDE,6,2021-11-30,2021-11-30,20,-0.13861578497514959,1.0508980779403476,0.18863061124437486,0.0001,0.64523077351842717,0.5,0.32261538675921358,0.52953425695584688,0.038334709110466839,194,1,False,-0.24747633095247729,0.89270710447090451,0.98459198320197805,False,False,I5
2021-05-31,VMBS,6,2021-11-30,2021-11-30,20,-0.039536034677402521,0.14754716192446982,0.060641473057565419,7.9060432109076855,0.094853041464708618,0.5,0.047426520732354309,0.39366316351899627,0.087968744945848068,132,1,False,-0.1450584368909677,0.23991147835567633,0.80979351748884199,False,False,I5
2021-05-31,VOO,6,2021-11-30,2021-11-30,20,-0.14376864012799218,0.37578862309413613,-0.00018365251240943441,1.2067926406393288,0.098666286643631321,0.5,0.04933314332181566,0.2629181606451404,0.030583107211760472,123,1,False,-0.12454176716825185,0.22320805381188316,0.68677953604138242,False,False,I5
2021-05-31,VWO,6,2021-11-30,2021-11-30,20,0.033367482582662311,0.11917626564111208,0.11024088495963931,10000,0.11467643725172941,0.5,0.057338218625864704,0.49640328153976448,0.016439637842016526,189,1,False,-0.17944956412278923,0.29412600137451866,0.69735006316049652,False,False,I5
2021-05-31,VXUS,6,2021-11-30,2021-11-30,20,0.0037559612924865649,0.1233742729763742,0.08186667732605489,10000,0.093339329833237283,0.5,0.046669664916618642,0.27639886934993185,0.073118254314013628,118,1,False,-0.18456249376561801,0.27790182359885529,0.83135242573473944,False,False,I5
2021-06-30,BND,6,2021-12-31,2021-12-31,20,0.074882733318036854,0.16414811440613922,0.05825082467902401,7.9060432109076855,0.099773709488137102,0.5,0.049886854744068551,0.39210526460226369,0.06143586013829884,165,1,False,-0.14263139361216992,0.24240510310030705,0.77605604300021014,False,False,I5
2021-06-30,DBC,6,2021-12-31,2021-12-31,20,-0.016357335815575524,0.79475679779716268,0.17728054329393322,0.0001,0.44548740337617188,0.5,0.22274370168808594,0.43435979622895105,0.064565027156527247,179,1,False,-0.073356689368409056,0.51884409274458099,0.97481576622601496,False,False,I5
2021-06-30,GLD,6,2021-12-31,2021-12-31,20,0.051670734347884606,0.087908927731841349,0.029048114610657042,10000,0.057639339210125609,0.5,0.028819669605062805,0.48574294311232402,0.022711929455123424,194,1,False,-0.19180663749503929,0.24944597670516488,0.71160138883947133,False,False,I5
2021-06-30,VDE,6,2021-12-31,2021-12-31,20,0.056919402779478157,1.047483866744348,0.29324567356138753,0.0001,0.68994661509124766,0.5,0.34497330754562383,0.5259624149444655,0.035553778260317657,195,1,False,-0.42155683877049743,1.111503453861745,0.9858239988210391,False,False,I5
2021-06-30,VMBS,6,2021-12-31,2021-12-31,20,0.080167673131738226,0.17136129481776297,0.073979277219881637,7.9060432109076855,0.11219753326144176,0.5,0.05609876663072088,0.39245701603117744,0.087582963883537521,133,1,False,-0.13514352436966159,0.24734105763110337,0.80743451535098276,False,False,I5
2021-06-30,VOO,6,2021-12-31,2021-12-31,20,-0.042899831016160794,0.39457391340989478,0.013576779462837215,1.2067926406393288,0.1122600557142869,0.5,0.056130027857143452,0.25901317217037773,0.029346233143549651,124,1,False,-0.11772932611952359,0.22998938183381051,0.67547640672790266,False,False,I5
2021-06-30,VWO,6,2021-12-31,2021-12-31,20,0.15411733934054395,0.11910341163237376,0.16793179747349271,10000,0.14378818641043675,0.5,0.071894093205218376,0.49445851316109535,0.015985740074412419,190,1,False,-0.15788717900582966,0.30167536541626644,0.67525904947195492,False,False,I5
2021-06-30,VXUS,6,2021-12-31,2021-12-31,20,0.10103614573586928,0.12328943364277462,0.15419156035481665,10000,0.14568870323235897,0.5,0.072844351616179484,0.2751544319810279,0.071754381406543222,119,1,False,-0.15627607750818767,0.30196478074054667,0.74015740592508428,False,False,I5
2021-07-30,BND,6,2022-01-31,2022-01-31,20,0.1939474005271028,0.25408118884526881,0.19536406597146794,7.9060432109076855,0.21838026963439897,0.5,0.10919013481719948,0.39198452745035067,0.061616017707341937,166,1,False,-0.076329104077279983,0.29470937371167893,0.74401203037348584,False,False,I5
2021-07-30,DBC,6,2022-01-31,2022-01-31,20,0.016234400305348728,0.8702515645539346,0.22573231237726726,0.0001,0.50596418295288503,0.5,0.25298209147644252,0.43479208670527697,0.063150312697646718,180,1,False,-0.042893077767202914,0.54885726072008789,0.97848707420717296,False,False,I5
2021-07-30,GLD,6,2022-01-31,2022-01-31,20,0.17789238507957428,0.088374053514492817,0.15611732601284703,10000,0.12316943076202179,0.5,0.061584715381010895,0.48636409248793933,0.023158634086364305,195,1,False,-0.15865647350576173,0.28182590426778353,0.68198204515911642,False,False,I5
2021-07-30,VDE,6,2022-01-31,2022-01-31,20,-0.1805630605226618,1.1305047045295027,0.26383786546100113,0.0001,0.71963799400841233,0.5,0.35981899700420616,0.52592312062765401,0.034334818688112438,196,1,False,-0.38998077875221082,1.1096187727606233,0.98296450368691057,False,False,I5
2021-07-30,VMBS,6,2022-01-31,2022-01-31,20,0.18522419688757563,0.25701833151760178,0.17610269646853363,7.9060432109076855,0.20794925773346504,0.5,0.10397462886673252,0.39357735060250465,0.087664463502758957,134,1,False,-0.076947764607108046,0.28489702234057307,0.77013807555429148,False,False,I5
2021-07-30,VOO,6,2022-01-31,2022-01-31,20,0.14728959450624335,0.51520151320872287,0.018776020303289759,1.2067926406393288,0.14777647025195173,0.5,0.073888235125975865,0.25985863295146283,0.028314737586117852,125,1,False,-0.096613145788106342,0.24438961604005807,0.66046472971184644,False,False,I5
2021-07-30,VWO,6,2022-01-31,2022-01-31,20,0.20225086807725978,0.11938882672977033,0.19138657619495036,10000,0.15580483263503142,0.5,0.07790241631751571,0.49420633039546885,0.016416346183355215,191,1,False,-0.14658532283484751,0.30239015546987891,0.67254048448791171,False,False,I5
2021-07-30,VXUS,6,2022-01-31,2022-01-31,20,0.20941146038178471,0.12355061215578962,0.15091025046862724,10000,0.14333157902939023,0.5,0.071665789514695113,0.277001886961384,0.071204461742347652,120,1,False,-0.15744877858716738,0.30078035761655764,0.74749643598787674,False,False,I5
2021-08-31,BND,6,2022-02-28,2022-02-28,20,0.16776747104488987,0.22019994872373794,0.18240105327206013,7.9060432109076855,0.19732565928780521,0.5,0.098662829643902605,0.39484238460948495,0.061967652749543266,167,1,False,-0.084821847600061367,0.28214750688786661,0.75217262183468048,False,False,I5
2021-08-31,DBC,6,2022-02-28,2022-02-28,20,-0.10372763803258778,0.77175334754905311,0.21878696031514977,0.0001,0.45868959743039567,0.5,0.22934479871519783,0.43384669060140846,0.062740418664973638,181,1,False,-0.063126685317786452,0.52181628274818215,0.96545867696274823,False,False,I5
2021-08-31,GLD,6,2022-02-28,2022-02-28,20,0.081298197063481181,0.088859383470044115,0.14071313799725954,10000,0.11540742294752908,0.5,0.057703711473764539,0.48802088258524789,0.023473178449621886,196,1,False,-0.15340238433941297,0.26880980728694204,0.68822026020102112,False,False,I5
2021-08-31,VDE,6,2022-02-28,2022-02-28,20,-0.29265733759991064,1.02998726098836,0.21984262909516528,0.0001,0.64476572784460817,0.5,0.32238286392230409,0.52450276410084573,0.034557218742985465,197,1,False,-0.26072702928605807,0.90549275713066624,0.97695129208845188,False,False,I5
2021-08-31,VMBS,6,2022-02-28,2022-02-28,20,0.15609253699567527,0.21369952354419286,0.15654847440635852,7.9060432109076855,0.17917364839055838,0.5,0.089586824195279191,0.39588379085803804,0.088024245856798453,135,1,False,-0.085964907215520608,0.26513855560607902,0.78511873523667797,False,False,I5
2021-08-31,VOO,6,2022-02-28,2022-02-28,20,0.1398015444496935,0.45257889890249364,0.018776020303289759,1.2067926406393288,0.13011370968787897,0.5,0.065056854843939485,0.25665502668887441,0.027650530613467211,126,1,False,-0.10364096120023518,0.23375467088811414,0.67512612843212183,False,False,I5
2021-08-31,VWO,6,2022-02-28,2022-02-28,20,0.16063163879465336,0.11911424691617054,0.10056890680031239,10000,0.10979353559520587,0.5,0.054896767797602934,0.49740952375446013,0.017112174854384807,192,1,False,-0.16433929274736592,0.2741328283425718,0.69872724331977532,False,False,I5
2021-08-31,VXUS,6,2022-02-28,2022-02-28,20,0.17356305478748291,0.12325867695525732,0.11720480873403903,10000,0.1189090850435707,0.5,0.05945454252178535,0.28151856750999782,0.071126348655815685,121,1,False,-0.147742409253936,0.26665149429750667,0.78219230747258672,False,False,I5
2021-09-30,BND,6,2022-03-31,2022-03-31,21,0.36955292915676419,0.17460450797992524,0.19647750814549372,16.768329368110066,0.18783442271356771,0.5,0.093917211356783853,0.39514860176939048,0.061238335111352023,168,1,False,-0.087187499790616019,0.27502192250418372,0.75406690088586892,False,False,I5
2021-09-30,DBC,6,2022-03-31,2022-03-31,21,-0.067594157321755333,0.14620393969853163,0.2572201494151411,109.85411419875572,0.21121347433199467,0.5,0.10560673716599733,0.41441403197413623,0.061161640158996153,182,1,False,-0.21005759633860743,0.4212710706706021,0.81390245519579962,False,False,I5
2021-09-30,GLD,6,2022-03-31,2022-03-31,21,0.17901948647572485,0.083489564887650192,0.11619442448491189,10000,0.10031021499261188,0.5,0.050155107496305938,0.48568346380028349,0.023134251759007754,197,1,False,-0.15587360872251951,0.25618382371513138,0.68997058430912239,False,False,I5
2021-09-30,VDE,6,2022-03-31,2022-03-31,21,-0.27189938836579852,0.15572392032841567,0.30854897815882093,339.32217718953228,0.23204373084366678,0.5,0.11602186542183339,0.50060669631844301,0.033943554255261174,198,1,False,-0.45127716430083747,0.68332089514450423,0.7593844326282212,False,False,I5
2021-09-30,VMBS,6,2022-03-31,2022-03-31,21,0.36119496559785347,0.16766178571160387,0.20710684143681765,11.513953993264458,0.19139545448453896,0.5,0.095697727242269479,0.3983106795875509,0.087078953507340476,136,1,False,-0.076208993495465768,0.26760444798000471,0.77786845275591288,False,False,I5
2021-09-30,VOO,6,2022-03-31,2022-03-31,21,0.2692353190250858,0.17831947607205761,0.026659178698100139,2.559547922699533,0.063263137780220732,0.5,0.031631568890110366,0.24135492093797045,0.026130201360628838,127,1,False,-0.13405170217232559,0.19731483995254634,0.65243408771072486,False,False,I5
2021-09-30,VWO,6,2022-03-31,2022-03-31,21,0.36960454563888423,0.072209706889010655,0.12727453412340486,159.98587196060572,0.10004121294970056,0.5,0.050020606474850279,0.4945683577246206,0.016911044732460502,193,1,False,-0.16326554935274623,0.26330676230244676,0.69895419082400723,False,False,I5
2021-09-30,VXUS,6,2022-03-31,2022-03-31,21,0.35568065435294616,0.096744434824481043,0.089074094762771422,75.431200633546069,0.091183063898430269,0.5,0.045591531949215135,0.27495119104129806,0.069911189637324303,122,1,False,-0.15524310837591698,0.24642617227434727,0.78855186073020711,False,False,I5
2021-10-29,BND,6,2022-04-29,2022-04-29,21,0.24726646313054612,0.1925547665474564,0.1788581277375702,16.768329368110066,0.18429332586469413,0.5,0.092146662932347065,0.39682714880389447,0.060479872716186357,169,1,False,-0.087267373747388619,0.27156069961208273,0.74962210914882965,False,False,I5
2021-10-29,DBC,6,2022-04-29,2022-04-29,21,-0.1390002428379411,0.14312251411904486,0.27109648928135127,109.85411419875572,0.21921947010255968,0.5,0.10960973505127984,0.40537163210720911,0.059470851558478352,183,1,False,-0.24418903026093286,0.46340850036349257,0.76436556057147975,False,False,I5
2021-10-29,GLD,6,2022-04-29,2022-04-29,21,0.08889495886021459,0.083738301147530517,0.12152014644090528,10000,0.10329764766524364,0.5,0.051648823832621822,0.48230833179704552,0.022703486341538459,198,1,False,-0.15002154693274092,0.25331919459798458,0.68318760372434484,False,False,I5
2021-10-29,VDE,6,2022-04-29,2022-04-29,21,-0.17101420775826059,0.15095062354188205,0.31463286341777108,339.32217718953228,0.2352335707601711,0.5,0.11761678538008555,0.48508190453529942,0.032409329649105381,199,1,False,-0.32400838695908674,0.55924195771925789,0.71178681349189432,False,False,I5
2021-10-29,VMBS,6,2022-04-29,2022-04-29,21,0.23611921612710807,0.18414245774036198,0.19569247969527906,11.513953993264458,0.19107562377747281,0.5,0.095537811888736404,0.39972702526688791,0.086072451311146297,137,1,False,-0.062626746632099731,0.25370237040957255,0.77437865610904166,False,False,I5
2021-10-29,VOO,6,2022-04-29,2022-04-29,21,0.24715047056351536,0.16176748498633042,0.020059031326175963,2.559547922699533,0.053278221561291507,0.5,0.026639110780645753,0.23441925571202607,0.024644453212203887,128,1,False,-0.147238445685308,0.20051666724659953,0.63752987493032898,False,False,I5
2021-10-29,VWO,6,2022-04-29,2022-04-29,21,0.28211493293654444,0.075741036014421254,0.10470607060725158,159.98587196060572,0.090481160570690611,0.5,0.045240580285345305,0.49110626783377131,0.016688734656491056,194,1,False,-0.16614462766403343,0.25662578823472404,0.69750418674476411,False,False,I5
2021-10-29,VXUS,6,2022-04-29,2022-04-29,21,0.2778257098054433,0.099219934715108038,0.08420816446238677,75.431200633546069,0.088317295379635535,0.5,0.044158647689817768,0.2737272718721418,0.068695608287546936,123,1,False,-0.14935414082532195,0.23767143620495745,0.77225939987939773,False,False,I5
2021-11-30,BND,6,2022-05-31,2022-05-31,21,0.37785400790999668,0.24687040675045524,0.19161166771508881,16.768329368110066,0.21337711982440047,0.5,0.10668855991220023,0.39388253313890231,0.059813529690021704,170,1,False,-0.063788312620350965,0.27716543244475145,0.73804458272448592,False,False,I5
2021-11-30,DBC,6,2022-05-31,2022-05-31,21,-0.15432091188845543,0.16174931349241464,0.24686689022026914,109.85411419875572,0.21354638000761003,0.5,0.10677319000380502,0.39146450702179175,0.058494471048841333,184,1,False,-0.24245776201287383,0.45600414202048389,0.71743983845605175,False,False,I5
2021-11-30,GLD,6,2022-05-31,2022-05-31,21,0.25754690221298748,0.083942092927587295,0.11048812093849163,10000,0.097703910381591277,0.5,0.048851955190795639,0.48158656924678006,0.022696613794050909,199,1,False,-0.15161601777328432,0.24931992815487558,0.68807225383745463,False,False,I5
2021-11-30,VDE,6,2022-05-31,2022-05-31,21,-0.31732852918035936,0.15962691785940003,0.31433136667500028,339.32217718953228,0.2420890923626047,0.5,0.12104454618130235,0.46696959825961198,0.031554204075984103,200,1,False,-0.64548560013481893,0.8875746924974236,0.67381971201171864,False,False,I5
2021-11-30,VMBS,6,2022-05-31,2022-05-31,21,0.36276211585067952,0.24957921864685456,0.20716203605982936,11.513953993264458,0.22398806660378881,0.5,0.11199403330189441,0.39667958873596432,0.085162244890939431,138,1,False,-0.038846049920850237,0.26283411652463906,0.76597563108913835,False,False,I5
2021-11-30,VOO,6,2022-05-31,2022-05-31,21,0.38275914392891164,0.2531177198540866,0.016873961631611051,2.559547922699533,0.070213929187451896,0.5,0.035106964593725948,0.22578360570106371,0.023338925356853533,129,1,False,-0.1523737980069004,0.2225877271943523,0.63450100173924373,False,False,I5
2021-11-30,VWO,6,2022-05-31,2022-05-31,21,0.40473594879714203,0.092326138145271214,0.11142047862891097,159.98587196060572,0.10204745263496096,0.5,0.051023726317480478,0.49087979770659923,0.016774266697138086,195,1,False,-0.15356914617377601,0.25561659880873699,0.69559714657913962,False,False,I5
2021-11-30,VXUS,6,2022-05-31,2022-05-31,21,0.37124594416806034,0.12435432021300905,0.089589586946886152,75.431200633546069,0.099116116652807187,0.5,0.049558058326403594,0.27402855741753435,0.068171901456941617,124,1,False,-0.13052952655923353,0.2296456432120407,0.76735584913783106,False,False,I5
2021-12-31,BND,6,2022-06-30,2022-06-30,21,0.24066851720955063,0.23493201366789451,0.19882475316894413,16.768329368110066,0.21296490019912892,0.40000000000000002,0.085185960079651568,0.39161506120343453,0.059901653687846355,171,1,False,-0.080061177780425874,0.25043309793972901,0.74078337294180141,False,False,I5
2021-12-31,DBC,6,2022-06-30,2022-06-30,21,-0.2009736594648921,0.14595865677524317,0.15703127232390787,109.85411419875572,0.15283802554715956,0.40000000000000002,0.061135210218863825,0.37870426895242282,0.058089866687412048,185,1,False,-0.27302529295056566,0.39529571338829328,0.70521970907470788,False,False,I5
2021-12-31,GLD,6,2022-06-30,2022-06-30,21,0.13712776225238299,0.083797938109904643,0.10355040507848746,10000,0.094043604421168298,0.40000000000000002,0.037617441768467319,0.48129687660990222,0.022841484396820072,200,1,False,-0.15937329096715461,0.23460817450408925,0.69224905312502649,False,False,I5
2021-12-31,VDE,6,2022-06-30,2022-06-30,21,-0.17426025034944725,0.15276378946951485,0.26137907977212294,339.32217718953228,0.21228280466844943,0.40000000000000002,0.084913121867379773,0.45201992248870854,0.031680399094409444,201,1,False,-0.66488093684059579,0.83470718057535531,0.68368145072981468,False,False,I5
2021-12-31,VMBS,6,2022-06-30,2022-06-30,21,0.22884416193716572,0.23245012392377745,0.2079088494343089,11.513953993264458,0.21754778030858485,0.40000000000000002,0.087019112123433939,0.3927640709292553,0.085126312720009922,139,1,False,-0.055715024379448586,0.22975324862631646,0.76864000969152746,False,False,I5
2021-12-31,VOO,6,2022-06-30,2022-06-30,21,0.30466523709830351,0.2064939050527399,-0.0092656777983189421,2.559547922699533,0.037218467290779371,0.40000000000000002,0.014887386916311749,0.2154441739034452,0.022829396461676497,130,1,False,-0.17016643833737474,0.19994121216999824,0.61646320860139436,False,False,I5
2021-12-31,VWO,6,2022-06-30,2022-06-30,21,0.27026079624900867,0.072463647781536675,0.066073976260723685,159.98587196060572,0.069206532386857991,0.40000000000000002,0.027682612954743196,0.49025307731871431,0.017474996659604447,196,1,False,-0.17283677164107156,0.22820199755055795,0.71148147501443115,False,False,I5
2021-12-31,VXUS,6,2022-06-30,2022-06-30,21,0.29595459652258849,0.10414557074266195,0.040647898983805511,75.431200633546069,0.058209230679702892,0.40000000000000002,0.023283692271881158,0.27656654503159767,0.06843481541117305,125,1,False,-0.15674056176587839,0.20330794630964069,0.80460429435810499,False,False,I5
2022-01-31,BND,6,2022-07-29,2022-07-29,21,0.12362534706739425,0.27647546954460034,0.081435212446143837,16.768329368110066,0.15744221720434304,0.40000000000000002,0.062976886881737221,0.38969905951175399,0.060680989425283889,172,1,False,-0.092310341664862461,0.2182641154283369,0.75425567446098585,False,False,I5
2022-01-31,DBC,6,2022-07-29,2022-07-29,21,-0.10862788299161164,0.14984053994677721,0.11602489783209027,109.85411419875572,0.12840998855351371,0.40000000000000002,0.051363995421405489,0.36625330607116574,0.057864837298261175,186,1,False,-0.28222285829885596,0.38495084914166688,0.71961139676504327,False,False,I5
2022-01-31,GLD,6,2022-07-29,2022-07-29,21,0.07808103371751407,0.083952509129016376,0.073276568285795068,10000,0.078398703445245105,0.40000000000000002,0.031359481378098041,0.47978302190596489,0.023612881912654666,201,1,False,-0.16194870045389442,0.22466766321009052,0.70235222283227505,False,False,I5
2022-01-31,VDE,6,2022-07-29,2022-07-29,21,-0.17279877443972547,0.15851511811748803,0.23269198240484293,339.32217718953228,0.20032947625625752,0.40000000000000002,0.08013179050250302,0.43628840959380266,0.030629688898285327,202,1,False,-0.5028651887399278,0.66312876974493373,0.66016594509197046,False,False,I5
2022-01-31,VMBS,6,2022-07-29,2022-07-29,21,0.10581291439706675,0.28045887134404174,0.12135655673254217,11.513953993264458,0.18340054359448116,0.40000000000000002,0.07336021743779246,0.38996281740740057,0.085841297606921108,140,1,False,-0.064455440837098296,0.2111758757126832,0.77504653942823354,False,False,I5
2022-01-31,VOO,6,2022-07-29,2022-07-29,21,0.1208982298563378,0.25389507298108865,0.072643219174693685,2.559547922699533,0.11104570461098948,0.40000000000000002,0.044418281844395793,0.2118736146959114,0.023779474309344947,131,1,False,-0.1364768155336068,0.22531337922239841,0.64417809292319761,False,False,I5
2022-01-31,VWO,6,2022-07-29,2022-07-29,21,0.19279751118898303,0.092741168346211544,0.12541989093174766,159.98587196060572,0.10946898936588552,0.40000000000000002,0.043787595746354213,0.48811276279575716,0.018412945245480872,197,1,False,-0.14825437289843055,0.23582956439113897,0.70043384070147896,False,False,I5
2022-01-31,VXUS,6,2022-07-29,2022-07-29,21,0.16599438138675138,0.11947317352280891,0.10950232597297481,75.431200633546069,0.1122633677319634,0.40000000000000002,0.044905347092785361,0.2769114405960918,0.06955367767284458,126,1,False,-0.12764965684425572,0.21746035102982642,0.7648439357010961,False,False,I5
2022-02-28,BND,6,2022-08-31,2022-08-31,21,0.23350403302496225,0.27235499813214187,0.029296864268886155,16.768329368110066,0.12374574774042398,0.40000000000000002,0.049498299096169596,0.38858556992243953,0.06129998642886543,173,1,False,-0.10185888616866962,0.20085548436100881,0.76171089080515164,False,False,I5
2022-02-28,DBC,6,2022-08-31,2022-08-31,21,0.034460976414263378,0.1606791926876377,0.047860963174112002,109.85411419875572,0.088155962943703842,0.40000000000000002,0.035262385177481537,0.35716745372928321,0.057000706414138985,187,1,False,-0.29786663767763433,0.3683914080325974,0.72719887948115636,False,False,I5
2022-02-28,GLD,6,2022-08-31,2022-08-31,21,0.2528732447920875,0.084138623003613147,0.043801048645303473,10000,0.063203738931044542,0.40000000000000002,0.025281495572417819,0.48100785915859245,0.023898452779737962,202,1,False,-0.1602902277167203,0.21085321886155595,0.71159715087591446,False,False,I5
2022-02-28,VDE,6,2022-08-31,2022-08-31,21,-0.077702613546104082,0.15956781666424061,0.039986067902404956,339.32217718953228,0.090560997585103345,0.40000000000000002,0.036224399034041337,0.42293184542254586,0.029037141969722784,203,1,False,-0.73030574728207998,0.80275454535016255,0.66110562875932588,False,False,I5
2022-02-28,VMBS,6,2022-08-31,2022-08-31,21,0.22340924638991755,0.26970070813970703,0.04646052555806994,11.513953993264458,0.13293073084218757,0.40000000000000002,0.053172292336875031,0.3873415810905646,0.086339533347266892,141,1,False,-0.08434861263145127,0.19069319730520135,0.77782931404010003,False,False,I5
2022-02-28,VOO,6,2022-08-31,2022-08-31,21,0.23651338128946287,0.25884227799630533,0.037822990777466071,2.559547922699533,0.084159914619271942,0.40000000000000002,0.033663965847708775,0.20965104188362524,0.024658429386165769,132,1,False,-0.14443066769781168,0.21175859939322925,0.64089011931127704,False,False,I5
2022-02-28,VWO,6,2022-08-31,2022-08-31,21,0.29667533217521846,0.10317695725028549,0.061591326062205715,159.98587196060572,0.081914459976479045,0.40000000000000002,0.032765783990591622,0.48870567389870018,0.019131221475527194,198,1,False,-0.15553738238532999,0.22106895036651325,0.71207678861194701,False,False,I5
2022-02-28,VXUS,6,2022-08-31,2022-08-31,21,0.30411472968168052,0.13744941456804174,0.040309575301868274,75.431200633546069,0.067364035630005745,0.40000000000000002,0.026945614252002301,0.27851044980633932,0.070372649146188182,127,1,False,-0.14400416961449636,0.19789539811850093,0.80474150102403952,False,False,I5
2022-03-31,BND,6,2022-09-30,2022-09-30,22,0.080429977086604043,0.14669504401493971,0.014368620740321804,339.32217718953228,0.065882959905562047,0.40000000000000002,0.026353183962224819,0.3892974501270407,0.063071555065232668,174,1,False,-0.14919817995752696,0.20190454788197662,0.76947807732906914,False,False,I5
2022-03-31,DBC,6,2022-09-30,2022-09-30,22,0.11742465654158951,0.28870979908444805,0.076786541735218219,11.513953993264458,0.1534009454004388,0.40000000000000002,0.061360378160175526,0.36151956431552562,0.05633796777724593,188,1,False,-0.26082691346918785,0.38354766978953891,0.69534845688604763,False,False,I5
2022-03-31,GLD,6,2022-09-30,2022-09-30,22,0.14969890921863782,0.13209174277410554,0.029030140274828458,339.32217718953228,0.078533382334203594,0.40000000000000002,0.031413352933681436,0.4803267255593312,0.024662595802870908,203,1,False,-0.14981633417026297,0.21264304003762585,0.70763469185574368,False,False,I5
2022-03-31,VDE,6,2022-09-30,2022-09-30,22,0.058413502200869494,0.31906373404785193,-0.0043732749902908371,16.768329368110066,0.1338283241531279,0.40000000000000002,0.05353132966125116,0.42729061697179094,0.027561962899450627,204,1,False,-0.69625951489508064,0.80332217421758301,0.64929982552916776,False,False,I5
2022-03-31,VMBS,6,2022-09-30,2022-09-30,22,0.077848987353601684,0.15753826002640031,-0.011308707617983266,232.99518105153672,0.054094692142960678,0.40000000000000002,0.021637876857184272,0.38735312024491358,0.088275134982834402,142,1,False,-0.12919459078319895,0.17247034449756748,0.77612659367884118,False,False,I5
2022-03-31,VOO,6,2022-09-30,2022-09-30,22,0.20224326847377183,0.13004188126701721,0.029689641190671676,51.794746792312019,0.051783532460212028,0.40000000000000002,0.020713412984084814,0.22016340893568356,0.026497353368413287,133,1,False,-0.17325128427202174,0.2146781102401914,0.63249319343398935,False,False,I5
2022-03-31,VWO,6,2022-09-30,2022-09-30,22,0.18956913382150131,0.1364050000429296,0.066812450762520598,109.85411419875572,0.10072206891780498,0.40000000000000002,0.040288827567121994,0.48725931879075857,0.020892393958760143,199,1,False,-0.17109662506180112,0.2516742801960451,0.70881538903386287,False,False,I5
2022-03-31,VXUS,6,2022-09-30,2022-09-30,22,0.22002496042003639,0.16998116440450567,0.059495916491659029,51.794746792312019,0.090988407128069826,0.40000000000000002,0.036395362851227929,0.28503796870015458,0.072601617936865953,128,1,False,-0.15709310108763197,0.22988382679008784,0.79035523193155655,False,False,I5
2022-04-29,BND,6,2022-10-31,2022-10-31,22,0.27274110875503144,0.14715386287755652,0.10634693461644794,339.32217718953228,0.12227345092733544,0.40000000000000002,0.048909380370934175,0.39028951674528273,0.064124097397034466,175,1,False,-0.1215491013538782,0.21936786209574655,0.76753988247048355,False,False,I5
2022-04-29,DBC,6,2022-10-31,2022-10-31,22,0.29114759156461911,0.43132697492237726,0.19959960826209858,11.513953993264458,0.28455948603962639,0.40000000000000002,0.11382379441585055,0.36663722115343539,0.055304432271345468,189,1,False,-0.20196875441204698,0.42961634324374809,0.61909933033254716,False,False,I5
2022-04-29,GLD,6,2022-10-31,2022-10-31,22,0.34439410207479515,0.12962058299050316,0.15545055352167964,339.32217718953228,0.14302702851373325,0.40000000000000002,0.057210811405493306,0.48097325519405221,0.024977460327661807,204,1,False,-0.12179624949539733,0.23621787230638394,0.68305794954428889,False,False,I5
2022-04-29,VDE,6,2022-10-31,2022-10-31,22,-0.0028211863608795795,0.52786955514633171,0.1696917262911162,16.768329368110066,0.32422293281999037,0.40000000000000002,0.12968917312799616,0.43143710771483729,0.026593298652339843,205,1,False,-0.48745443138535688,0.74683277764134925,0.60649742352970581,False,False,I5
2022-04-29,VMBS,6,2022-10-31,2022-10-31,22,0.27455430811768866,0.15937282769326488,0.093536506075613937,232.99518105153672,0.11903506913365311,0.40000000000000002,0.047614027653461247,0.38730236488793934,0.089309009676150991,143,1,False,-0.096546825795486027,0.19177488110240853,0.78262928706699397,False,False,I5
2022-04-29,VOO,6,2022-10-31,2022-10-31,22,0.25859022462107406,0.15304708115419627,0.060918355448820793,51.794746792312019,0.082097657702884144,0.40000000000000002,0.032839063081153662,0.22988814934653548,0.028144018422108081,134,1,False,-0.17275982539523907,0.23843795155754641,0.65043024362513502,False,False,I5
2022-04-29,VWO,6,2022-10-31,2022-10-31,22,0.37403251950121486,0.14573968707277796,0.12056694192268773,109.85411419875572,0.13281489884526235,0.40000000000000002,0.053125959538104943,0.48655626748482422,0.022198506653649076,200,1,False,-0.18033191902170143,0.28658383809791133,0.70172881206274951,False,False,I5
2022-04-29,VXUS,6,2022-10-31,2022-10-31,22,0.34102481281661656,0.19333485277057658,0.17087964236094164,51.794746792312019,0.1773902158607979,0.40000000000000002,0.070956086344319158,0.28993598283375516,0.074192502369955712,129,1,False,-0.1581663468716141,0.30007851956025244,0.71532490504481738,False,False,I5
2022-05-31,BND,6,2022-11-30,2022-11-30,22,0.14253194053198359,0.15291091697043344,0.01955396763121988,339.32217718953228,0.072032675888056397,0.40000000000000002,0.028813070355222559,0.39352061153820334,0.065906653706767196,176,1,False,-0.15669269180205664,0.21431883251250178,0.77243266847489567,False,False,I5
2022-05-31,DBC,6,2022-11-30,2022-11-30,22,0.24139022119554365,0.39637310678016613,0.14241608035456196,11.513953993264458,0.23656338787393646,0.40000000000000002,0.094625355149574597,0.37072141237625739,0.054201140986293889,190,1,False,-0.20250723203160081,0.39175794233075001,0.63317891647966307,False,False,I5
2022-05-31,GLD,6,2022-11-30,2022-11-30,22,0.15089637063745565,0.13689021756099262,0.049262074920252613,339.32217718953228,0.091368115403759664,0.40000000000000002,0.036547246161503864,0.48050819308283671,0.026111945410029255,205,1,False,-0.16043820583148208,0.23353269815448982,0.70747307172300233,False,False,I5
2022-05-31,VDE,6,2022-11-30,2022-11-30,22,0.026834844076990549,0.53413279818111581,0.033952619184639939,16.768329368110066,0.25186026259572025,0.40000000000000002,0.10074410503828811,0.43565829387376748,0.024923775216258777,206,1,False,-0.46663768893288704,0.66812589900946329,0.61248303142030591,False,False,I5
2022-05-31,VMBS,6,2022-11-30,2022-11-30,22,0.14458317422101219,0.16810326231824146,-0.007702700179176734,232.99518105153672,0.061027877389947319,0.40000000000000002,0.024411150955978927,0.39094565731883746,0.091207989580140758,144,1,False,-0.15112950348254328,0.19995180539450114,0.77731855606244071,False,False,I5
2022-05-31,VOO,6,2022-11-30,2022-11-30,22,0.1185537787843659,0.16520653887133663,0.03981486442655495,51.794746792312019,0.070604885543416318,0.40000000000000002,0.028241954217366527,0.24555076127020117,0.030770797129565885,135,1,False,-0.20671235058135551,0.26319625901608856,0.65112306833290023,False,False,I5
2022-05-31,VWO,6,2022-11-30,2022-11-30,22,0.17540293384026806,0.15421867911181353,0.12827099489475116,109.85411419875572,0.14088785077809807,0.40000000000000002,0.056355140311239227,0.48624207762827892,0.024101678007596807,201,1,False,-0.19600666057764182,0.30871694120012028,0.70241895191094994,False,False,I5
2022-05-31,VXUS,6,2022-11-30,2022-11-30,22,0.15054919529523936,0.20554732365404652,0.079947340522029564,51.794746792312019,0.11728246805090838,0.40000000000000002,0.046912987220363356,0.29725423999170614,0.076477528845325743,130,1,False,-0.19034390467220946,0.28416987911293617,0.77554300824210642,False,False,I5
2022-06-30,BND,6,2022-12-30,2022-12-30,22,0.14548155724252676,0.16279670011968478,0.070525091103033843,339.32217718953228,0.10697169346404328,0.40000000000000002,0.042788677385617313,0.39499259576618456,0.066894008867799878,177,1,False,-0.14069110448361527,0.2262684592548499,0.77342288470839637,False,False,I5
2022-06-30,DBC,6,2022-12-30,2022-12-30,22,0.22497266429397245,0.48149185634915526,0.065970052576240168,11.513953993264458,0.22096448027365512,0.40000000000000002,0.088385792109462055,0.37301153944287418,0.052865147266654172,191,1,False,-0.20771842295748105,0.38449000717640519,0.63459036363971222,False,False,I5
2022-06-30,GLD,6,2022-12-30,2022-12-30,22,0.12283868775932105,0.14712458148381691,0.082589613434758888,339.32217718953228,0.11357273649694469,0.40000000000000002,0.045429094598777878,0.48009821649920315,0.026650857142273689,206,1,False,-0.14218020188713082,0.23303839108468655,0.70106422457659434,False,False,I5
2022-06-30,VDE,6,2022-12-30,2022-12-30,22,-0.12704454027565792,0.65843961347274937,-0.098765429423017026,16.768329368110066,0.23327382973822514,0.40000000000000002,0.093309531895290065,0.43850640229683374,0.023961533546859225,207,1,False,-0.46856929321839264,0.65518835700897271,0.60947766354087385,False,False,I5
2022-06-30,VMBS,6,2022-12-30,2022-12-30,22,0.14478157914132239,0.1818616758669947,0.050832837741552409,232.99518105153672,0.10218889005498723,0.40000000000000002,0.040875556021994892,0.39194465163667547,0.092157204561913342,145,1,False,-0.13095763890691045,0.21270875095090022,0.78427896041165412,False,False,I5
2022-06-30,VOO,6,2022-12-30,2022-12-30,22,0.13147869994412997,0.20896522725138986,0.075036112426746862,51.794746792312019,0.10974311555679128,0.40000000000000002,0.043897246222716513,0.25914457192886875,0.03278472683521836,136,1,False,-0.30378459178026324,0.39157908422569626,0.66907287359038037,False,False,I5
2022-06-30,VWO,6,2022-12-30,2022-12-30,22,0.16890755144078828,0.17915247312922555,0.14965464164468428,109.85411419875572,0.16400770362700742,0.40000000000000002,0.065603081450802972,0.4865802420033844,0.02532028750384142,202,1,False,-0.17979105055963185,0.31099721346123782,0.69767634681286539,False,False,I5
2022-06-30,VXUS,6,2022-12-30,2022-12-30,22,0.11676419360476409,0.24517345630217341,0.15265649233168299,51.794746792312019,0.18085634232355063,0.40000000000000002,0.072342536929420262,0.30480734323342457,0.078152926308510964,131,1,False,-0.20109972960405509,0.34578480346289564,0.71640062171105556,False,False,I5
2022-07-29,BND,6,2023-01-31,2023-01-31,22,0.19956313726860675,0.16198202472855278,0.041033314974570342,339.32217718953228,0.088421776458056975,0.40000000000000002,0.035368710583222794,0.39180625886690201,0.06721272425094367,178,1,False,-0.1440415707690369,0.2147789919354825,0.7757458144873679,False,False,I5
2022-07-29,DBC,6,2023-01-31,2023-01-31,22,0.22146587965620346,0.48062226429214205,0.071446380096884615,11.513953993264458,0.22432900156430052,0.40000000000000002,0.08973160062572022,0.37363546428963251,0.052024037734059038,192,1,False,-0.20614738803934413,0.38561058929078457,0.62612111292435169,False,False,I5
2022-07-29,GLD,6,2023-01-31,2023-01-31,22,0.083686291880335384,0.14364505995407642,0.080678845209936373,339.32217718953228,0.11090759144508339,0.40000000000000002,0.044363036578033359,0.48007882255555562,0.026899312101574365,207,1,False,-0.1403042852071234,0.22903035836319013,0.7045410923167954,False,False,I5
2022-07-29,VDE,6,2023-01-31,2023-01-31,22,-0.0013021456999602332,0.76777036770116591,0.10716537291911753,16.768329368110066,0.39825316519449078,0.40000000000000002,0.15930126607779632,0.44063819464672843,0.023015570527692951,208,1,False,-0.38205605103163504,0.70065858318722762,0.55923685517430788,False,False,I5
2022-07-29,VMBS,6,2023-01-31,2023-01-31,22,0.2038393833772163,0.18233371353171918,0.015275916705328987,232.99518105153672,0.079614960825581199,0.40000000000000002,0.031845984330232481,0.38513044791985757,0.092250736821058235,146,1,False,-0.11897965895712553,0.18267162761759048,0.78199652534794883,False,False,I5
2022-07-29,VOO,6,2023-01-31,2023-01-31,22,0.18252519931427924,0.21847873281409097,0.023717487822383771,51.794746792312019,0.07388013253576875,0.40000000000000002,0.029552053014307501,0.25755968398908557,0.03342789109084697,137,1,False,-0.27193519553059869,0.33103930155921374,0.66219014917337626,False,False,I5
2022-07-29,VWO,6,2023-01-31,2023-01-31,22,0.10707975139504677,0.17883035674968495,0.059917529682765029,109.85411419875572,0.11767599954147015,0.40000000000000002,0.04707039981658806,0.48572110581645411,0.026145298457955417,203,1,False,-0.19582681610061867,0.28996761573379481,0.71397911880131992,False,False,I5
2022-07-29,VXUS,6,2023-01-31,2023-01-31,22,0.10038593213249425,0.25343513459673361,0.080412666857810539,51.794746792312019,0.13340666136109083,0.40000000000000002,0.053362664544436333,0.30628389015491286,0.07881839187728551,132,1,False,-0.2115989960139994,0.31832432510287206,0.76733253546173885,False,False,I5
2022-08-31,BND,6,2023-02-28,2023-02-28,22,0.16515431248733936,0.14410895118369851,0.024240651843657549,339.32217718953228,0.072014684848185503,0.40000000000000002,0.028805873939274203,0.39855435730345301,0.068141725975938178,179,1,False,-0.16368748299261954,0.22129923087116793,0.7777789239331302,False,False,I5
2022-08-31,DBC,6,2023-02-28,2023-02-28,22,0.2407093895147564,0.42210016475467049,0.1112129063892493,11.513953993264458,0.22672937269243487,0.40000000000000002,0.090691749076973957,0.37157028213554483,0.051933037416339888,193,1,False,-0.20036649032080178,0.38174998847474972,0.62628502365965011,False,False,I5
2022-08-31,GLD,6,2023-02-28,2023-02-28,22,0.094139601282954066,0.12568928584066444,0.089309563821311305,339.32217718953228,0.1068138888871674,0.40000000000000002,0.042725555554866963,0.48115609724956765,0.027985725239509526,208,1,False,-0.15773799612717673,0.24318910723691065,0.70837485917726317,False,False,I5
2022-08-31,VDE,6,2023-02-28,2023-02-28,22,0.10147948184372102,0.63308344432933528,-0.037379662020414782,16.768329368110066,0.25688358424743357,0.40000000000000002,0.10275343369897344,0.43889550891163376,0.022533665340736989,209,1,False,-0.33700498083679142,0.5425118482347383,0.59216652179024853,False,False,I5
2022-08-31,VMBS,6,2023-02-28,2023-02-28,22,0.16863907369219044,0.15754135322738666,0.018373312274077399,232.99518105153672,0.073033417988274632,0.40000000000000002,0.029213367195309856,0.3927633481061622,0.093142971580030057,147,1,False,-0.14631706234572533,0.20474379673634507,0.7834808887248772,False,False,I5
2022-08-31,VOO,6,2023-02-28,2023-02-28,22,0.14823766989845233,0.17341221690572428,0.026560597536789736,51.794746792312019,0.065800772116191258,0.40000000000000002,0.026320308846476504,0.2672096824538151,0.03489952507779346,138,1,False,-0.26388967818663878,0.31653029587959181,0.66368457848723961,False,False,I5
2022-08-31,VWO,6,2023-02-28,2023-02-28,22,0.16219633168022052,0.15344263472615163,0.066416606240844001,109.85411419875572,0.10880279594496953,0.40000000000000002,0.043521118377987812,0.48705186760626984,0.027471426074216508,204,1,False,-0.22130757734464143,0.30834981410061707,0.71857177747536949,False,False,I5
2022-08-31,VXUS,6,2023-02-28,2023-02-28,22,0.082382651046722266,0.21279401196696657,0.080571485565012035,51.794746792312019,0.12221207349472438,0.40000000000000002,0.048884829397889754,0.3149280917770817,0.080512349304386222,133,1,False,-0.25016604600759196,0.34793570480337144,0.78046470158254933,False,False,I5
2022-09-30,BND,6,2023-03-31,2023-03-31,23,0.1836432495137712,0.12260860967930214,0.18181733792766014,10000,0.15819170077865929,0.40000000000000002,0.063276680311463718,0.39902287801049041,0.068209994037664104,180,1,False,-0.12219149534940374,0.24874485597233117,0.77941568450763832,False,False,I5
2022-09-30,DBC,6,2023-03-31,2023-03-31,23,0.23422103897102187,0.3564028558390625,0.13118696023757184,0.82864277285468424,0.21436908976283753,0.40000000000000002,0.085747635905135011,0.36934395462233582,0.052270623081933955,194,1,False,-0.20098230285231861,0.37247757466258863,0.63764485320105646,False,False,I5
2022-09-30,GLD,6,2023-03-31,2023-03-31,23,0.048469926127491458,0.097932392581432881,0.11171390743523776,10000,0.10505016888650355,0.40000000000000002,0.042020067554601422,0.48352729140617329,0.028568084971467077,209,1,False,-0.15649220088590809,0.24053233599511092,0.71143034922404313,False,False,I5
2022-09-30,VDE,6,2023-03-31,2023-03-31,23,0.084561576633281232,0.11906242286704102,-0.015022652273856494,10000,0.04340690192862718,0.40000000000000002,0.017362760771450873,0.4357647869539954,0.022704521706737618,210,1,False,-0.4192591668651755,0.45398468840807726,0.64830928478822858,False,False,I5
2022-09-30,VMBS,6,2023-03-31,2023-03-31,23,0.18564353771525988,0.12821836972059492,0.20974139982501422,10000,0.17761235557189445,0.40000000000000002,0.071044942228757776,0.39411003506576092,0.093039633848770412,148,1,False,-0.10078626911884726,0.24287615357636283,0.80382338599612158,False,False,I5
2022-09-30,VOO,6,2023-03-31,2023-03-31,23,0.077429070420003798,0.22780794430902429,0.09504114699233468,75.431200633546069,0.13140186715809146,0.40000000000000002,0.052560746863236585,0.27386907646062503,0.036103436900786108,139,1,False,-0.18790185806883555,0.2930233517953087,0.69185761877514051,False,False,I5
2022-09-30,VWO,6,2023-03-31,2023-03-31,23,0.10730222998163241,0.090441322397347534,0.20002343012054105,10000,0.14643261355792397,0.40000000000000002,0.058573045423169594,0.48904714169204083,0.028262146599813021,205,1,False,-0.20216694141133346,0.31931303225767266,0.71146873315045078,False,False,I5
2022-09-30,VXUS,6,2023-03-31,2023-03-31,23,0.0094248185322627354,0.19876055307571144,0.16866229846656419,159.98587196060572,0.17835432383108246,0.40000000000000002,0.071341729532432993,0.32201287052614547,0.081553488193308973,134,1,False,-0.21003142763506311,0.35271488669992912,0.72689891394059314,False,False,I5
2022-10-31,BND,6,2023-04-28,2023-04-28,23,-0.01140740586786948,0.12355883041941157,0.10175617469816305,10000,0.11050939079782421,0.40000000000000002,0.044203756319129685,0.40147476580710412,0.069340000196323595,181,1,False,-0.16182929175688629,0.25023680439514567,0.7817839429943364,False,False,I5
2022-10-31,DBC,6,2023-04-28,2023-04-28,23,0.11640266045263392,0.46506285983074586,0.048840063030378272,0.82864277285468424,0.20241008299333133,0.40000000000000002,0.08096403319733253,0.36896109762245832,0.053495633176716947,195,1,False,-0.18193878459282503,0.34386685098749009,0.652607768029558,False,False,I5
2022-10-31,GLD,6,2023-04-28,2023-04-28,23,-0.1533772219467453,0.09884213502230707,0.08031394269861776,10000,0.089264926572575079,0.40000000000000002,0.035705970629030033,0.48310076436938726,0.030072018386244834,210,1,False,-0.17530713513999235,0.24671907639805241,0.72030300738672159,False,False,I5
2022-10-31,VDE,6,2023-04-28,2023-04-28,23,0.096831150543607691,0.12346726678729175,-0.077428538418413281,10000,0.0090251231084549303,0.40000000000000002,0.0036100492433819723,0.43034079999004932,0.022583546786985879,211,1,False,-0.4022304551948786,0.40945055368164257,0.65593088356491969,False,False,I5
2022-10-31,VMBS,6,2023-04-28,2023-04-28,23,-0.00820163954098585,0.12924315583844104,0.15337871491184712,10000,0.14375398438629114,0.40000000000000002,0.05750159375451646,0.39877802276231755,0.09425785313916582,149,1,False,-0.13491794115948855,0.24992112866852148,0.80144097051486163,False,False,I5
2022-10-31,VOO,6,2023-04-28,2023-04-28,23,-0.025270616844599969,0.29935694150864295,0.079961910735381919,75.431200633546069,0.14153768574163955,0.40000000000000002,0.056615074296655826,0.28066166671703052,0.037692628241645307,140,1,False,-0.17836622069364136,0.29159636928695298,0.70049105104632348,False,False,I5
2022-10-31,VWO,6,2023-04-28,2023-04-28,23,-0.09677011974255656,0.092279079745650236,0.046185257453166949,10000,0.068765764223206183,0.40000000000000002,0.027506305689282473,0.48988141245386635,0.029940643555645071,206,1,False,-0.25868843652666001,0.31370104790522496,0.73293707324341928,False,False,I5
2022-10-31,VXUS,6,2023-04-28,2023-04-28,23,-0.14228314554823052,0.25468896160583182,0.061642009594281434,159.98587196060572,0.12453209446275522,0.40000000000000002,0.049812837785102093,0.32577610893701625,0.083475498005333479,135,1,False,-0.22761921452464023,0.32724489009484442,0.78561756672414662,False,False,I5
2022-11-30,BND,6,2023-05-31,2023-05-31,23,-0.032907576371519531,0.12328195691859144,0.15469159170523369,10000,0.14194447828430948,0.40000000000000002,0.056777791313723791,0.40583449974863195,0.069742153714651395,182,1,False,-0.14242757509722462,0.25598315772467217,0.7834724134267792,False,False,I5
2022-11-30,DBC,6,2023-05-31,2023-05-31,23,0.050453542518885897,0.59349415068387246,0.28826730880002349,0.82864277285468424,0.40073983989747386,0.40000000000000002,0.16029593595898955,0.36848833609545595,0.054454279033955867,196,1,False,-0.10123642279257172,0.42182829471055083,0.55193624215954784,False,False,I5
2022-11-30,GLD,6,2023-05-31,2023-05-31,23,-0.13041611151209287,0.098617320795931829,0.10208636178724707,10000,0.10040357101428612,0.40000000000000002,0.040161428405714454,0.48508817773378943,0.030644645648098916,211,1,False,-0.16565800072965825,0.24598085754108717,0.71853559720840643,False,False,I5
2022-11-30,VDE,6,2023-05-31,2023-05-31,23,0.11440339654069742,0.12363654660197966,0.40978225392050188,10000,0.2889178553320963,0.40000000000000002,0.11556714213283853,0.42238760008328829,0.022603600076089674,212,1,False,-0.27835592815769328,0.50949021242337034,0.58254485014708823,False,False,I5
2022-11-30,VMBS,6,2023-05-31,2023-05-31,23,-0.026417905701970112,0.12896179779798125,0.18836290918072929,10000,0.16426005436507846,0.40000000000000002,0.065704021746031391,0.40576437468223953,0.094593355279711466,150,1,False,-0.12551748288364112,0.25692552637570393,0.80580511205913885,False,False,I5
2022-11-30,VOO,6,2023-05-31,2023-05-31,23,-0.074648083269012955,0.30344380423536033,0.14541308399769856,75.431200633546069,0.19016498131591059,0.40000000000000002,0.076065992526364243,0.28318479629093513,0.03826611157882772,141,1,False,-0.15891276869084631,0.31104475374357476,0.72124430031525777,False,False,I5
2022-11-30,VWO,6,2023-05-31,2023-05-31,23,-0.066829922379939899,0.092591787761759206,0.14410700837046031,10000,0.11883312906859042,0.40000000000000002,0.047533251627436171,0.49060994019311349,0.030643359933831653,207,1,False,-0.2339158954257422,0.32898239868061452,0.72509303816223858,False,False,I5
2022-11-30,VXUS,6,2023-05-31,2023-05-31,23,-0.088435047709528258,0.25891855198380659,0.12938109992477356,159.98587196060572,0.17181061244678819,0.40000000000000002,0.068724244978715279,0.32754629528052304,0.083968686955994562,136,1,False,-0.20446819100288727,0.3419166809603178,0.74429569323889666,False,False,I5
2022-12-30,BND,6,2023-06-30,2023-06-30,23,-0.0021730065174077051,0.12290981521912885,0.14331431350257801,10000,0.13498659148357439,0.40000000000000002,0.053994636593429762,0.40813167289482088,0.070156030236661643,183,1,False,-0.14127451644515132,0.24926378963201085,0.78551043620864991,False,False,I5
2022-12-30,DBC,6,2023-06-30,2023-06-30,23,0.10111544334527001,0.68647864850576412,0.19257151388173729,0.82864277285468424,0.37413304314341789,0.40000000000000002,0.14965321725736716,0.36760256439682593,0.05531985459365138,197,1,False,-0.10917416775343028,0.40848060226816463,0.57725870499868159,False,False,I5
2022-12-30,GLD,6,2023-06-30,2023-06-30,23,-0.028864497472010253,0.098037917739157363,0.096566036382249504,10000,0.097280580589119467,0.40000000000000002,0.038912232235647791,0.48546318187703374,0.031079523205227323,212,1,False,-0.16273742700538651,0.24056189147668211,0.72214458731890774,False,False,I5
2022-12-30,VDE,6,2023-06-30,2023-06-30,23,0.073944163420745723,0.12316401237336963,0.28672896738699943,10000,0.21954893001259407,0.40000000000000002,0.087819572005037635,0.41072390701790179,0.021901026647208232,213,1,False,-0.30043290738175243,0.47607205139182773,0.59494176607447047,False,False,I5
2022-12-30,VMBS,6,2023-06-30,2023-06-30,23,-0.0013588306307765752,0.1285940050927698,0.074156552586115712,10000,0.096424403619254043,0.40000000000000002,0.03856976144770162,0.40905387757475331,0.09492572762316584,151,1,False,-0.14189948232883098,0.21903900522423425,0.80143173724251993,False,False,I5
2022-12-30,VOO,6,2023-06-30,2023-06-30,23,-0.14654472618684777,0.29287734353807782,0.096665729459537636,75.431200633546069,0.15230662247983751,0.40000000000000002,0.060922648991935002,0.28357594060679686,0.038922538257456611,142,1,False,-0.16912087503943105,0.29096617302330108,0.71570868744605376,False,False,I5
2022-12-30,VWO,6,2023-06-30,2023-06-30,23,-0.028006323982755266,0.092015959364589547,0.025266876315805521,10000,0.058031576196469939,0.40000000000000002,0.023212630478587976,0.49086367009293763,0.031308091623768942,208,1,False,-0.24967681608130146,0.29610207703847741,0.73815643999321823,False,False,I5
2022-12-30,VXUS,6,2023-06-30,2023-06-30,23,-0.076445328426301584,0.24540308753766624,0.016183730762944847,159.98587196060572,0.090597388525468489,0.40000000000000002,0.036238955410187394,0.32463950169643818,0.084208070216204564,137,1,False,-0.2369460301181166,0.3094239409384914,0.81952802501102107,False,False,I5
2023-01-31,BND,6,2023-07-31,2023-07-31,23,-0.063103389260131926,0.12234586771582497,0.089550655617923747,10000,0.10309246435950171,0.40000000000000002,0.041236985743800691,0.41292029766883581,0.070859329731400481,184,1,False,-0.14835663116967987,0.23083060265728125,0.78755968953094213,False,False,I5
2023-01-31,DBC,6,2023-07-31,2023-07-31,23,-0.065314417377166922,0.49151360994512799,0.19001341825128129,0.82864277285468424,0.3005049500642839,0.40000000000000002,0.12020198002571357,0.36647250932828379,0.056158975932351141,198,1,False,-0.13339160960178481,0.37379556965321198,0.6230850030102707,False,False,I5
2023-01-31,GLD,6,2023-07-31,2023-07-31,23,-0.087715485442403152,0.097458043265019514,0.0347883809837541,10000,0.065134500410205368,0.40000000000000002,0.026053800164082149,0.48422343956882929,0.031326503339852242,213,1,False,-0.1744069398084914,0.2265145401366557,0.7353815837095441,False,False,I5
2023-01-31,VDE,6,2023-07-31,2023-07-31,23,-0.039043478068140125,0.12145573401180618,0.27663068820008663,10000,0.2143830155626941,0.40000000000000002,0.085753206225077649,0.40114510078646293,0.021792600608202768,214,1,False,-0.26927090237921014,0.44077731482936544,0.5882301777289225,False,False,I5
2023-01-31,VMBS,6,2023-07-31,2023-07-31,23,-0.057468836327228656,0.12800362045162295,0.069389651360431986,10000,0.093880574472630027,0.40000000000000002,0.037552229789052011,0.41783423801407016,0.095642264832074081,152,1,False,-0.13797281012228371,0.21307726970038773,0.80440780414070168,False,False,I5
2023-01-31,VOO,6,2023-07-31,2023-07-31,23,-0.20810088205889832,0.25145840119812624,0.087192699503604851,75.431200633546069,0.13490051697485067,0.40000000000000002,0.05396020678994027,0.2904307897455442,0.039926752670441379,143,1,False,-0.17214417416106664,0.28006458774094717,0.71295833127265551,False,False,I5
2023-01-31,VWO,6,2023-07-31,2023-07-31,23,-0.082169200431775113,0.091108000208155335,0.0066815939957817023,10000,0.048069404496457691,0.40000000000000002,0.019227761798583078,0.49022352552310994,0.031670635450425769,209,1,False,-0.24561343593728732,0.28406895953445349,0.74113599851536405,False,False,I5
2023-01-31,VXUS,6,2023-07-31,2023-07-31,23,-0.11722522250886214,0.2128396272351718,0.0076946668028000237,159.98587196060572,0.073346740652031478,0.40000000000000002,0.029338696260812591,0.32002771947631814,0.084325301099655942,138,1,False,-0.24105988373269172,0.2997372762543169,0.83454138560512148,False,False,I5
2023-02-28,BND,6,2023-08-31,2023-08-31,23,-0.066938611207320475,0.12202145048766959,0.14242281604390761,10000,0.13390482063806439,0.40000000000000002,0.053561928255225759,0.41752084596311317,0.07136903234089205,185,1,False,-0.13190228062901929,0.23902613713947082,0.78903682610667802,False,False,I5
2023-02-28,DBC,6,2023-08-31,2023-08-31,23,-0.094989998359070071,0.48868091631335914,0.20457722875507142,0.82864277285468424,0.30863665774737942,0.40000000000000002,0.12345466309895177,0.36627271503105285,0.057086364945328053,199,1,False,-0.12946587404257531,0.37637520024047882,0.6274155735623036,False,False,I5
2023-02-28,GLD,6,2023-08-31,2023-08-31,23,-0.11879065105706132,0.097173604838896852,0.053166933064756935,10000,0.074450562142798757,0.40000000000000002,0.029780224857119505,0.48364550691945146,0.031620022489119076,214,1,False,-0.16719829691641164,0.22675874663065065,0.73438565070838191,False,False,I5
2023-02-28,VDE,6,2023-08-31,2023-08-31,23,-0.12286387036358204,0.12137722506367636,0.25958518808033276,10000,0.20487371109081659,0.40000000000000002,0.081949484436326644,0.39586342056805002,0.02216323726511216,215,1,False,-0.25831913272646512,0.42221810159911843,0.59605660567036001,False,False,I5
2023-02-28,VMBS,6,2023-08-31,2023-08-31,23,-0.060262628101555915,0.1276905364387152,0.10270368295495542,10000,0.11332297141038164,0.40000000000000002,0.045329188564152662,0.42499502637770048,0.096119368157957186,153,1,False,-0.12547233709408528,0.21613071422239061,0.80857437882951766,False,False,I5
2023-02-28,VOO,6,2023-08-31,2023-08-31,23,-0.18240041958353426,0.2474925660434511,0.061319416908900179,75.431200633546069,0.11637485707225828,0.40000000000000002,0.046549942828903318,0.29572170003725118,0.040678911817858134,144,1,False,-0.174498832518792,0.26759871817659864,0.7092014634415037,False,False,I5
2023-02-28,VWO,6,2023-08-31,2023-08-31,23,-0.089494544806962395,0.091427914447656494,0.003591399752766373,10000,0.046860991599497651,0.40000000000000002,0.018744396639799061,0.49261508151858036,0.032292186384853365,210,1,False,-0.24522893609944116,0.28271772937903927,0.74282136907831642,False,False,I5
2023-02-28,VXUS,6,2023-08-31,2023-08-31,23,-0.09848655717070498,0.2180850217644959,0.014573501813270369,159.98587196060572,0.07875533721253912,0.40000000000000002,0.031502134885015652,0.31537200161765216,0.084311325199994555,139,1,False,-0.23323711892379398,0.29624138869382527,0.83335678924060985,False,False,I5
