date,benchmark,horizon,available,target_end,fold,y_true,ridge,gbt,ridge_alpha,z,alpha,y_hat,ridge_weight,naive,n_mature_labels,base_prediction,shrinkage_warmup,lower,upper,probability,interval_warmup,calibration_warmup,candidate
2011-03-31,GLD,6,2011-09-30,2011-09-30,0,-0.28401701071603003,-0.10627323995861261,0.13429323351179145,10000,0.014009996776589421,1,0.014009996776589421,0.5,-0.08862737846908135,71,0,True,,,,True,True,I8
2011-03-31,VDE,6,2011-09-30,2011-09-30,0,0.099415418834995273,0.015508707263801068,0.14498756958849435,109.85411419875572,0.080248138426147711,1,0.080248138426147711,0.5,-0.059909679005032385,72,0,True,,,,True,True,I8
2011-03-31,VWO,6,2011-09-30,2011-09-30,0,0.10124383219870758,-0.095446377381339167,0.10044643859519913,6866.488450042998,0.0025000306069299788,1,0.0025000306069299788,0.5,-0.094106099527342946,67,0,True,,,,True,True,I8
2011-04-29,GLD,6,2011-10-31,2011-10-31,0,-0.22579102504943327,-0.10607254955892093,0.12299745825841692,10000,0.0084624543497479957,1,0.0084624543497479957,0.5,-0.087959807040398574,72,0,True,,,,True,True,I8
2011-04-29,VDE,6,2011-10-31,2011-10-31,0,-0.017906208921042222,0.028694835250549243,0.12261421209787945,109.85411419875572,0.075654523674214352,1,0.075654523674214352,0.5,-0.062748359131225201,73,0,True,,,,True,True,I8
2011-04-29,VWO,6,2011-10-31,2011-10-31,0,0.033072410923070894,-0.094805436889161876,0.062742816994454137,6866.488450042998,-0.016031309947353869,1,-0.016031309947353869,0.5,-0.092573075258765736,68,0,True,,,,True,True,I8
2011-05-31,GLD,6,2011-11-30,2011-11-30,0,-0.27687317792830035,-0.10610951425399524,0.070089298737464209,10000,-0.018010107758265517,1,-0.018010107758265517,0.5,-0.086858114955066387,73,0,True,,,,True,True,I8
2011-05-31,VDE,6,2011-11-30,2011-11-30,0,-0.023523657548478738,0.045434014035029273,0.14862058354948973,109.85411419875572,0.097027298792259506,1,0.097027298792259506,0.5,-0.063352363754367411,74,0,True,,,,True,True,I8
2011-05-31,VWO,6,2011-11-30,2011-11-30,0,0.048390600145445495,-0.09455058093213671,0.12294425918375687,6866.488450042998,0.01419683912581008,1,0.01419683912581008,0.5,-0.090657515881009121,69,0,True,,,,True,True,I8
2011-06-30,GLD,6,2011-12-30,2011-12-30,0,-0.090246847333861346,-0.10598845076220963,0.061545566893216906,10000,-0.02222144193449636,1,-0.02222144193449636,0.5,-0.085665748859487204,74,0,True,,,,True,True,I8
2011-06-30,VDE,6,2011-12-30,2011-12-30,0,-0.034335473599712785,0.04257586559997751,0.08462103417942865,109.85411419875572,0.063598449889703076,1,0.063598449889703076,0.5,-0.062373273911676096,75,0,True,,,,True,True,I8
2011-06-30,VWO,6,2011-12-30,2011-12-30,0,0.11034683099729881,-0.09431966948160847,-0.057746205228683803,6866.488450042998,-0.07603293735514613,1,-0.07603293735514613,0.5,-0.088119395257021602,70,0,True,,,,True,True,I8
2011-07-29,GLD,6,2012-01-31,2012-01-31,0,-0.0090676162106111402,-0.10520400170570098,0.080996647469670502,10000,-0.012103677118015237,1,-0.012103677118015237,0.5,-0.087376621152653836,75,0,True,,,,True,True,I8
2011-07-29,VDE,6,2012-01-31,2012-01-31,0,0.11529533139232195,0.059194916863362416,0.0080945880710380363,109.85411419875572,0.033644752467200223,1,0.033644752467200223,0.5,-0.06260854359753168,76,0,True,,,,True,True,I8
2011-07-29,VWO,6,2012-01-31,2012-01-31,0,0.15534467397140495,-0.092533486042725821,-0.12444761051528082,6866.488450042998,-0.10849054827900331,1,-0.10849054827900331,0.5,-0.087571082406287401,71,0,True,,,,True,True,I8
2011-08-31,GLD,6,2012-02-29,2012-02-29,0,0.22737844487220649,-0.10478947189259508,0.057599147022278106,10000,-0.023595162435158485,1,-0.023595162435158485,0.5,-0.091476613022922648,76,0,True,,,,True,True,I8
2011-08-31,VDE,6,2012-02-29,2012-02-29,0,0.024229365829836258,0.058363648447077719,0.0040795083588259272,109.85411419875572,0.031221578402951825,1,0.031221578402951825,0.5,-0.061172759211664311,77,0,True,,,,True,True,I8
2011-08-31,VWO,6,2012-02-29,2012-02-29,0,0.10266186127514487,-0.092611718898329851,-0.1451286662513154,6866.488450042998,-0.11887019257482262,1,-0.11887019257482262,0.5,-0.086511726361531122,72,0,True,,,,True,True,I8
2011-09-30,DBC,6,2012-03-30,2012-03-30,1,0.2122481903060931,0.071685723281846636,-0.038755787064727945,35.564803062231285,0.016464968108559346,1,0.016464968108559346,0.5,-0.046954632560350075,62,0,True,,,,True,True,I8
2011-09-30,GLD,6,2012-03-30,2012-03-30,1,0.30500834406360688,-0.027240581089676433,0.019891865462754423,109.85411419875572,-0.020032357490055535,1,-0.020032357490055535,0.84706451442951602,-0.093977137668287691,77,0,True,,,,True,True,I8
2011-09-30,VDE,6,2012-03-30,2012-03-30,1,0.092356368390046573,0.015761491458687604,-0.12752659353615833,75.431200633546069,-0.094886628299300543,1,-0.094886628299300543,0.22779259865209209,-0.059113936416194314,78,0,True,,,,True,True,I8
2011-09-30,VWO,6,2012-03-30,2012-03-30,1,0.088841029688532913,-0.091423926326158644,-0.23266439305722647,6866.488450042998,-0.2326620717532509,1,-0.2326620717532509,1.6435119688278776e-05,-0.083939732408651144,73,0,True,,,,True,True,I8
2011-10-31,DBC,6,2012-04-30,2012-04-30,1,0.12104495917566793,0.081879849578699149,-0.023640711309877101,35.564803062231285,0.029119569134411022,1,0.029119569134411022,0.5,-0.046130351155516003,63,0,True,,,,True,True,I8
2011-10-31,GLD,6,2012-04-30,2012-04-30,1,0.17495273296235625,-0.023787043980583469,0.060501781431204799,109.85411419875572,-0.012769275595511106,1,-0.012769275595511106,0.8692855389638463,-0.095667059301379309,78,0,True,,,,True,True,I8
2011-10-31,VDE,6,2012-04-30,2012-04-30,1,0.14132043265264094,0.02363434861169772,-0.13803160887939719,75.431200633546069,-0.029664025088257114,1,-0.029664025088257114,0.67031789173740752,-0.058592319612458213,79,0,True,,,,True,True,I8
2011-10-31,VWO,6,2012-04-30,2012-04-30,1,0.11580262722532919,-0.091743658206081116,-0.21192431154298122,6866.488450042998,-0.21087453954202703,1,-0.21087453954202703,0.0087349500257034238,-0.082358487228492733,74,0,True,,,,True,True,I8
2011-11-30,DBC,6,2012-05-31,2012-05-31,1,0.27541495190717158,0.098516556936693034,-0.03342171709010594,35.564803062231285,0.032547419923293547,1,0.032547419923293547,0.5,-0.046518863008323197,64,0,True,,,,True,True,I8
2011-11-30,GLD,6,2012-05-31,2012-05-31,1,0.31887367991302329,-0.021775920374715499,0.029495679482271241,109.85411419875572,-0.014078849516516855,1,-0.014078849516516855,0.84987652268179081,-0.097960807638428946,79,0,True,,,,True,True,I8
2011-11-30,VDE,6,2012-05-31,2012-05-31,1,0.22273860392432687,0.025806675089910372,-0.079803695704346256,75.431200633546069,0.00081345194487125131,1,0.00081345194487125131,0.76334499200150219,-0.058153961336658476,80,0,True,,,,True,True,I8
2011-11-30,VWO,6,2012-05-31,2012-05-31,1,0.21418601098807111,-0.091205094737910289,-0.10320750315120586,6866.488450042998,-0.10263091832132271,1,-0.10263091832132271,0.048039094324140497,-0.080615166063506882,75,0,True,,,,True,True,I8
2011-12-30,DBC,6,2012-06-29,2012-06-29,1,0.12913998782389102,0.10760435395656986,-0.01613746311881847,35.564803062231285,0.045733445418875696,1,0.045733445418875696,0.5,-0.045815839561753259,65,0,True,,,,True,True,I8
2011-12-30,GLD,6,2012-06-29,2012-06-29,1,0.067474942796318826,-0.028540398620820931,-0.00707898050449188,109.85411419875572,-0.025803404235650647,1,-0.025803404235650647,0.87246908054562233,-0.097864383134621827,80,0,True,-0.3238304117282701,0.27222360325696882,,False,True,I8
2011-12-30,VDE,6,2012-06-29,2012-06-29,1,0.12344613042352826,0.022844228213288728,-0.13657065397578549,75.431200633546069,-0.017198066535225955,1,-0.017198066535225955,0.74881708533948244,-0.057859905932498651,81,0,True,-0.13774902287596419,0.10335288980551229,,False,True,I8
2011-12-30,VWO,6,2012-06-29,2012-06-29,1,0.043514565370284419,-0.091181660784430546,-0.1091951315206597,6866.488450042998,-0.10664265754662612,1,-0.10664265754662612,0.14169806648643091,-0.078102508207443647,76,0,True,-0.29302242589907107,0.079737110805818814,,False,True,I8
2012-01-31,DBC,6,2012-07-31,2012-07-31,1,-0.0045013063407751686,0.056665593514536823,-0.046598840969284731,35.564803062231285,0.0050333762726260459,1,0.0050333762726260459,0.5,-0.043190964140973363,66,0,True,,,,True,True,I8
2012-01-31,GLD,6,2012-07-31,2012-07-31,1,0.035829187182332634,-0.034491474135253497,-0.005435649401279277,109.85411419875572,-0.029995966306597739,1,-0.029995966306597739,0.84528032262669595,-0.096768126752843922,81,0,True,-0.32802297379921719,0.26803104118602172,,False,True,I8
2012-01-31,VDE,6,2012-07-31,2012-07-31,1,-0.010698659940103217,-0.024181773386239488,-0.18085162336038949,75.431200633546069,-0.062492063250145238,1,-0.062492063250145238,0.75547120348792807,-0.05574825669683011,82,0,True,-0.18304301959088348,0.058058893090593006,,False,True,I8
2012-01-31,VWO,6,2012-07-31,2012-07-31,1,0.020729199067342829,-0.092707872367471814,-0.096131930781957503,6866.488450042998,-0.095223451122308816,1,-0.095223451122308816,0.26532247691958288,-0.075070726620705353,77,0,True,-0.35905867337271702,0.16861177112809941,,False,True,I8
2012-02-29,DBC,6,2012-08-31,2012-08-31,1,-0.058674233038552015,0.063676009986117693,-0.028317705350501546,35.564803062231285,0.017679152317808075,1,0.017679152317808075,0.5,-0.03963103024804672,67,0,True,,,,True,True,I8
2012-02-29,GLD,6,2012-08-31,2012-08-31,1,-0.042147642746985903,-0.033151697263484298,-0.072893312522282872,109.85411419875572,-0.04361835640424571,1,-0.04361835640424571,0.73663226638871571,-0.092815119781806718,82,0,True,-0.34164536389686517,0.25440865108837374,,False,True,I8
2012-02-29,VDE,6,2012-08-31,2012-08-31,1,-0.018401669947444299,-0.026496716593734412,-0.17307551491808099,75.431200633546069,-0.06590793011336013,1,-0.06590793011336013,0.73112609756550606,-0.054784670883255816,83,0,True,-0.18645888645409836,0.054643026227378114,,False,True,I8
2012-02-29,VWO,6,2012-08-31,2012-08-31,1,0.010238367842802854,-0.092135905399960499,-0.084438686488402886,6866.488450042998,-0.087056524273208383,1,-0.087056524273208383,0.3401017711572083,-0.072792103698963675,78,0,True,-0.3508917465236166,0.17677869797719986,,False,True,I8
2012-03-30,DBC,6,2012-09-28,2012-09-28,2,-0.10109649122807041,0.01919816553137034,-0.02098375393266589,75.431200633546069,0.0096053803148501964,1,0.0096053803148501964,0.76126612803786253,-0.035926924063427013,68,0,True,,,,True,True,I8
2012-03-30,GLD,6,2012-09-28,2012-09-28,2,-0.16552715986858357,-0.053601911949520908,-0.078276823542590218,75.431200633546069,-0.061517872072124613,1,-0.061517872072124613,0.67918992970871905,-0.088022066000536678,83,0,True,-0.38655857362578705,0.26352282948153782,,False,True,I8
2012-03-30,VDE,6,2012-09-28,2012-09-28,2,-0.1223766775752847,-0.087516917438084929,-0.1276892208226959,0.26826957952797248,-0.096523898707897765,1,-0.096523898707897765,0.77579126634637574,-0.05303299184428794,84,0,True,-0.28376689539724487,0.090719097981449365,,False,True,I8
2012-03-30,VWO,6,2012-09-28,2012-09-28,2,-0.076818068648375593,-0.065342769401222522,-0.017843371447823487,3237.4575428176399,-0.038204128689004746,1,-0.038204128689004746,0.42865295389968738,-0.070746114668742199,79,0,True,-0.35970723013078859,0.2832989727527791,,False,True,I8
2012-04-30,DBC,6,2012-10-31,2012-10-31,2,0.075186001087504839,0.0017178503968471592,-0.084231821048698627,75.431200633546069,-0.012981745325055956,1,-0.012981745325055956,0.82897438146443425,-0.033651969233874909,69,0,True,,,,True,True,I8
2012-04-30,GLD,6,2012-10-31,2012-10-31,2,0.021549981018549769,-0.062495480115406496,-0.063889407175734922,75.431200633546069,-0.062996987804011889,1,-0.062996987804011889,0.64021956178450812,-0.084891413631930812,84,0,True,-0.38803768935767435,0.26204371374965052,,False,True,I8
2012-04-30,VDE,6,2012-10-31,2012-10-31,2,0.040863996094121502,-0.090413783197296815,-0.14064973161036806,0.26826957952797248,-0.10072362338837132,1,-0.10072362338837132,0.79477166219097606,-0.050746480967853481,85,0,True,-0.28796662007771845,0.08651937330097581,,False,True,I8
2012-04-30,VWO,6,2012-10-31,2012-10-31,2,0.06423822246614741,-0.066266799153585021,-0.040960232313090997,3237.4575428176399,-0.053157684294289465,1,-0.053157684294289465,0.48198762234634096,-0.06841425539506632,80,0,True,-0.37983485106164572,0.27351948247306679,,False,True,I8
2012-05-31,DBC,6,2012-11-30,2012-11-30,2,-0.051746630125066639,-0.0086848084723921484,-0.092903156877225654,75.431200633546069,-0.025862656055410542,1,-0.025862656055410542,0.79603200598941559,-0.029236727503288533,70,0,True,,,,True,True,I8
2012-05-31,GLD,6,2012-11-30,2012-11-30,2,-0.060620583753068003,-0.065135291455566471,-0.052694332372378479,75.431200633546069,-0.060239605170914694,1,-0.060239605170914694,0.60648642504840888,-0.080141236060813692,85,0,True,-0.39319213460045482,0.27271292425862542,,False,True,I8
2012-05-31,VDE,6,2012-11-30,2012-11-30,2,-0.057956479063156818,-0.16016062294894862,-0.18648366596819207,0.26826957952797248,-0.16608422969327918,1,-0.16608422969327918,0.7749649711851283,-0.047566421841200218,86,0,True,-0.3880093816727348,0.055840922286176431,,False,True,I8
2012-05-31,VWO,6,2012-11-30,2012-11-30,2,-0.10512854512816872,-0.066582187077394508,-0.024802089564095894,3237.4575428176399,-0.045210745769260596,1,-0.045210745769260596,0.48847794571730291,-0.064925363217496729,81,0,True,-0.37188791253661685,0.28146642099809566,,False,True,I8
2012-06-29,DBC,6,2012-12-31,2012-12-31,2,-0.027661078234145098,-0.019756652065020412,-0.074903458105236062,75.431200633546069,-0.028871983234595232,1,-0.028871983234595232,0.83470790379179005,-0.027006069540933892,71,0,True,-0.27173951521847328,0.21399554874928281,,False,True,I8
2012-06-29,GLD,6,2012-12-31,2012-12-31,2,0.010874759764625042,-0.052619507232717591,-0.16548608542538876,75.431200633546069,-0.098078753905024768,1,-0.098078753905024768,0.59723022173397466,-0.078424768864800529,86,0,True,-0.42391063824627495,0.22775313043622544,,False,True,I8
2012-06-29,VDE,6,2012-12-31,2012-12-31,2,-0.0042991290954275119,-0.24374281867995057,-0.16977663087816047,0.26826957952797248,-0.22823003908847547,1,-0.22823003908847547,0.79027201411210701,-0.045600760320915978,87,0,True,-0.45015519106793112,-0.0063048871090198577,,False,True,I8
2012-06-29,VWO,6,2012-12-31,2012-12-31,2,-0.078547651734469426,-0.067522193260417251,0.00058213975500117732,3237.4575428176399,-0.033061175398339623,1,-0.033061175398339623,0.49399669101412608,-0.063602925063987195,82,0,True,-0.35973834216569589,0.29361599136901662,,False,True,I8
2012-07-31,DBC,6,2013-01-31,2013-01-31,2,0.18826481687196672,-0.010990711618347151,-0.071035942996486565,75.431200633546069,-0.022714871353108516,0.050000000000000003,-0.0011357435676554257,0.8047445323188519,-0.026693503385376127,72,0,False,-0.24400327555153345,0.24173178841622261,,False,True,I8
2012-07-31,GLD,6,2013-01-31,2013-01-31,2,0.1900409394910052,-0.048780178801171213,-0.10900110706795275,75.431200633546069,-0.073583648011975034,0.050000000000000003,-0.0036791824005987517,0.58812542541816548,-0.077111505002189801,87,0,False,-0.32943914103388638,0.32208077623268894,,False,True,I8
2012-07-31,VDE,6,2013-01-31,2013-01-31,2,0.10885906189877703,-0.19974715720045683,-0.15941409081640387,0.26826957952797248,-0.19232813959575268,0.050000000000000003,-0.0096164069797876339,0.81605619731314272,-0.045204145543861284,88,0,False,-0.23154155895924325,0.21230874499966798,,False,True,I8
2012-07-31,VWO,6,2013-01-31,2013-01-31,2,0.081467235293686491,-0.065479362608061975,-0.091959219326587571,3237.4575428176399,-0.078847167797954906,0.050000000000000003,-0.0039423583898977451,0.49517078842270801,-0.062586875375657922,83,0,False,-0.33061952515725401,0.32273480837745849,,False,True,I8
2012-08-31,DBC,6,2013-02-28,2013-02-28,2,0.37976193880378017,-0.00062787904767287739,-0.030828337266150217,75.431200633546069,-0.0087988775125479503,0.050000000000000003,-0.00043994387562739756,0.72944124205784844,-0.027131595572405933,73,0,False,-0.24330747585950543,0.24242758810825063,,False,True,I8
2012-08-31,GLD,6,2013-02-28,2013-02-28,2,0.40693380548149616,-0.042871109697173726,-0.10084038133645752,75.431200633546069,-0.066508697631268127,0.050000000000000003,-0.0033254348815634064,0.59223934912999632,-0.076714188385653401,88,0,False,-0.32902545542488232,0.32237458566175553,,False,True,I8
2012-08-31,VDE,6,2013-02-28,2013-02-28,2,0.24332157842173729,-0.23054496451869594,-0.13140115370952862,0.26826957952797248,-0.21434420763718395,0.050000000000000003,-0.010717210381859198,0.83659336120642658,-0.044902994132665588,89,0,False,-0.2326423623613148,0.21120794159759643,,False,True,I8
2012-08-31,VWO,6,2013-02-28,2013-02-28,2,0.22436459453226609,-0.064492039951973903,-0.079563945593370378,3237.4575428176399,-0.072124471634957124,0.050000000000000003,-0.0036062235817478565,0.49359876152488735,-0.061719908194485772,84,0,False,-0.33028339034910409,0.32307094318560842,,False,True,I8
2012-09-28,DBC,6,2013-03-29,2013-03-29,3,0.33615249051031937,0.0017950589823109431,0.012669197272133208,109.85411419875572,0.0052358737892511708,0.050000000000000003,0.00026179368946255857,0.6835781635993462,-0.028131121189374369,74,0,False,-0.24260573829441548,0.24312932567334058,,False,True,I8
2012-09-28,GLD,6,2013-03-29,2013-03-29,3,0.38972789344916159,-0.095601232095086114,0.021941065908943631,10000,-0.046574396403231237,0.050000000000000003,-0.0023287198201615619,0.58290048327816368,-0.077712086941641376,89,0,False,-0.30451168024524916,0.29985424060492599,,False,True,I8
2012-09-28,VDE,6,2013-03-29,2013-03-29,3,0.20880842163514335,-0.049490334500008053,-0.11679981010146576,232.99518105153672,-0.061171370051393635,0.050000000000000003,-0.0030585685025696818,0.82645778403401171,-0.04576381283758358,90,0,False,-0.22498372048202531,0.21886658347688592,,False,True,I8
2012-09-28,VWO,6,2013-03-29,2013-03-29,3,0.24821654988322761,-0.044245709701664054,0.033761038421970216,10000,-0.0056006617793318289,0.050000000000000003,-0.00028003308896659148,0.50459352745889352,-0.061897533611590352,85,0,False,-0.32695719985632282,0.32639713367838968,,False,True,I8
2012-10-31,DBC,6,2013-04-30,2013-04-30,3,0.2325866241015071,-0.0011423502609330047,0.043228543520847498,109.85411419875572,0.012043198975963185,0.050000000000000003,0.00060215994879815929,0.70283336410251851,-0.026753559559015982,75,0,False,-0.24226537203507986,0.2434696919326762,,False,True,I8
2012-10-31,GLD,6,2013-04-30,2013-04-30,3,0.33043618952149034,-0.095462858162802269,-0.058030204215982491,10000,-0.079749936626788545,0.050000000000000003,-0.0039874968313394271,0.58023490510886777,-0.076609175075417035,90,0,False,-0.30587360347553644,0.2978986098128576,,False,True,I8
2012-10-31,VDE,6,2013-04-30,2013-04-30,3,0.10411570921812041,-0.05616473268105529,-0.086729790691745953,232.99518105153672,-0.061894513981750776,0.050000000000000003,-0.0030947256990875392,0.8125381833500398,-0.044811858893279127,91,0,False,-0.22501987767854315,0.21883042628036808,,False,True,I8
2012-10-31,VWO,6,2013-04-30,2013-04-30,3,0.13826999901114378,-0.043974379239436485,0.016079060244548755,10000,-0.013878765014315361,0.050000000000000003,-0.00069393825071576809,0.49885278039492015,-0.060430838773477123,86,0,False,-0.32737110501807204,0.32598322851664047,,False,True,I8
2012-11-30,DBC,6,2013-05-31,2013-05-31,3,0.29426522999731686,0.00032269524866351817,0.032277122447939871,109.85411419875572,0.010096064213417742,0.050000000000000003,0.00050480321067088716,0.69414663878013261,-0.027082415750674545,76,0,False,-0.20051000896312332,0.20151961538446511,,False,True,I8
2012-11-30,GLD,6,2013-05-31,2013-05-31,3,0.4080458624655634,-0.095256985503908514,-0.066686342535095186,10000,-0.083278367968401115,0.050000000000000003,-0.0041639183984200556,0.58073685815951603,-0.076433476269676934,91,0,False,-0.30579275176584525,0.29746491496900512,,False,True,I8
2012-11-30,VDE,6,2013-05-31,2013-05-31,3,0.077908839046333389,-0.05064518897392855,-0.06234816794541799,232.99518105153672,-0.052969837631577685,0.050000000000000003,-0.0026484918815788843,0.80136265618246416,-0.044954735199473454,92,0,False,-0.19220363225693324,0.18690664849377545,,False,True,I8
2012-11-30,VWO,6,2013-05-31,2013-05-31,3,0.21433677585018152,-0.04383483638140151,0.0035048141557995033,10000,-0.020531474161832354,0.050000000000000003,-0.0010265737080916177,0.50774114394324421,-0.060944605513186222,87,0,False,-0.32287461283824698,0.32082146542206375,,False,True,I8
2012-12-31,DBC,6,2013-06-28,2013-06-28,3,0.32493265191947918,0.0032538268589862515,0.063716703444349071,109.85411419875572,0.021018836864743238,0.050000000000000003,0.0010509418432371619,0.70618318199472452,-0.027089930847862476,77,0,False,-0.19944071133293098,0.20154259501940533,,False,True,I8
2012-12-31,GLD,6,2013-06-28,2013-06-28,3,0.49251781655632898,-0.095326501460572241,-0.084042358234598616,10000,-0.090803492386729606,0.050000000000000003,-0.0045401746193364807,0.59917124559074675,-0.075484473704086702,92,0,False,-0.27074648303735593,0.26166613379868298,,False,True,I8
2012-12-31,VDE,6,2013-06-28,2013-06-28,3,0.11218359969344638,-0.048859402847483087,-0.071489326767361888,232.99518105153672,-0.054282550587724861,0.050000000000000003,-0.0027141275293862434,0.76035501668311334,-0.044517578144591237,93,0,False,-0.2266450375224342,0.22121678246366172,,False,True,I8
2012-12-31,VWO,6,2013-06-28,2013-06-28,3,0.3372885676530778,-0.043805920544299964,0.020741484418286028,10000,-0.012936600272093797,0.050000000000000003,-0.0006468300136046899,0.52175737676674783,-0.061144640129337173,88,0,False,-0.32247331053823686,0.32117965051102743,,False,True,I8
2013-01-31,DBC,6,2013-07-31,2013-07-31,3,0.22603268228646956,-0.015071891576283507,0.049295441225762918,109.85411419875572,0.0047153994095039632,0.050000000000000003,0.00023576997047519818,0.69258799262910609,-0.024328972543762102,78,0,False,-0.19032527442513086,0.19079681436608126,,False,True,I8
2013-01-31,GLD,6,2013-07-31,2013-07-31,3,0.34729894118004645,-0.095639942713697274,-0.12883534187525483,10000,-0.10890832274897538,0.050000000000000003,-0.0054454161374487692,0.60029460797556111,-0.072629361734247,93,0,False,-0.27121976936441028,0.26032893708951277,,False,True,I8
2013-01-31,VDE,6,2013-07-31,2013-07-31,3,0.067482958701918783,-0.060710887006602064,-0.13728446453368318,232.99518105153672,-0.08192624003788955,0.050000000000000003,-0.004096312001894478,0.72294159791888479,-0.042885911761151141,94,0,False,-0.22802722199494244,0.21983459799115349,,False,True,I8
2013-01-31,VWO,6,2013-07-31,2013-07-31,3,0.23663801286909691,-0.044175476576486968,0.020531883160307698,10000,-0.013475469205929345,0.050000000000000003,-0.0006737734602964673,0.52555617327868476,-0.059542259506606562,89,0,False,-0.32248123168593751,0.3211336847653446,,False,True,I8
2013-02-28,DBC,6,2013-08-30,2013-08-30,3,0.048216547066272764,0.0047487638276503749,0.035608872424748327,109.85411419875572,0.015320864352582144,0.050000000000000003,0.00076604321762910722,0.65741855730455989,-0.01921389771657802,79,0,False,-0.25354601799087623,0.25507810442613449,,False,True,I8
2013-02-28,GLD,6,2013-08-30,2013-08-30,3,0.13411673778283828,-0.095585600243158542,-0.15576891450430691,10000,-0.11999595001895011,0.050000000000000003,-0.005999797500947506,0.59440004134917201,-0.067527625912802924,94,0,False,-0.30852908733707413,0.29652949233517917,,False,True,I8
2013-02-28,VDE,6,2013-08-30,2013-08-30,3,-0.035373124236404374,-0.047106556750464212,-0.13728446453368318,232.99518105153672,-0.076575456101824521,0.050000000000000003,-0.0038287728050912261,0.67321376071175487,-0.039873201338173368,95,0,False,-0.25786756160868773,0.25021001599850523,,False,True,I8
2013-02-28,VWO,6,2013-08-30,2013-08-30,3,0.13806252523931739,-0.043879296826704904,0.019865236525698257,10000,-0.013635125085756324,0.050000000000000003,-0.00068175625428781622,0.52554093425160542,-0.056387738906174649,90,0,False,-0.31801937135616937,0.31665585884759379,,False,True,I8
2013-03-29,BND,6,2013-09-30,2013-09-30,4,0.10127215270764489,-0.0046943442837562403,-0.10362741531630855,10000,-0.054160879800032397,0.050000000000000003,-0.00270804399000162,0.5,0.0066418126404495081,66,1,False,,,,True,True,I8
2013-03-29,DBC,6,2013-09-30,2013-09-30,4,0.13385180077136882,0.012630732336804732,0.10800682667533942,109.85411419875572,0.047946870894606752,0.050000000000000003,0.0023973435447303378,0.62971708159438355,-0.014771817863741802,80,0,False,-0.33690190603447656,0.34169659312393719,,False,True,I8
2013-03-29,GLD,6,2013-09-30,2013-09-30,4,0.24620446046169997,-0.053295626223049508,-0.24690243929277367,494.17133613238281,-0.13699718185782386,0.050000000000000003,-0.0068498590928911937,0.56767246819650574,-0.062714409919519085,95,0,False,-0.34602387103188215,0.33232415284609973,,False,True,I8
2013-03-29,VDE,6,2013-09-30,2013-09-30,4,0.019964211771014373,-0.033052762184193521,-0.12655815875354101,159.98587196060572,-0.064147579657650958,0.050000000000000003,-0.0032073789828825482,0.66745430088202207,-0.037282767765534658,96,0,False,-0.25724616778647902,0.25083140982071395,,False,True,I8
2013-03-29,VWO,6,2013-09-30,2013-09-30,4,0.11607772792845594,0.014686496333964282,-0.11981133618899072,719.68567300115137,-0.051090218614684255,0.050000000000000003,-0.0025545109307342131,0.51094591106200693,-0.053040439029368031,91,0,False,-0.31986472151722173,0.31475569965575328,,False,True,I8
2013-04-30,BND,6,2013-10-31,2013-10-31,4,0.069064409114923064,-0.0049146292932374901,-0.051577106420978361,10000,-0.028245867857107927,0.050000000000000003,-0.0014122933928553964,0.5,0.0090580605694564748,67,1,False,,,,True,True,I8
2013-04-30,DBC,6,2013-10-31,2013-10-31,4,0.05997390733944219,0.0090769786850015445,0.10800682667533942,109.85411419875572,0.04787230778180987,0.050000000000000003,0.0023936153890904937,0.6078501090934928,-0.011718009938244902,81,0,False,-0.33666216613594852,0.34144939691412951,,False,True,I8
2013-04-30,GLD,6,2013-10-31,2013-10-31,4,0.12418066101221636,-0.058776783866210866,-0.24690243929277367,494.17133613238281,-0.14223783378821084,0.050000000000000003,-0.0071118916894105421,0.55635476866375611,-0.058619091175341899,96,0,False,-0.34729887073388976,0.33307508735506863,0.96995329947697284,False,False,I8
2013-04-30,VDE,6,2013-10-31,2013-10-31,4,-0.080635695327173851,-0.033704281089622506,-0.12916314497396125,159.98587196060572,-0.065870755509695775,0.050000000000000003,-0.0032935377754847888,0.6630331316424708,-0.035825051507971203,97,0,False,-0.25733232657908128,0.25074525102811168,0.60176727677355613,False,False,I8
2013-04-30,VWO,6,2013-10-31,2013-10-31,4,0.043811268332934583,0.016240524110596372,-0.1697414012289358,719.68567300115137,-0.076519680941244839,0.050000000000000003,-0.0038259840470622423,0.50124075292533721,-0.05096097774631899,92,0,False,-0.32111153056969505,0.31345956247557055,0.88400146905475852,False,False,I8
2013-05-31,BND,6,2013-11-29,2013-11-29,4,0.1004965959212375,-0.004966676723163449,-0.051939312731007922,10000,-0.028452994727085686,0.050000000000000003,-0.0014226497363542844,0.5,0.012254851549905056,68,1,False,,,,True,True,I8
2013-05-31,DBC,6,2013-11-29,2013-11-29,4,0.10925822934672236,-0.0017775293471846802,0.096308313592639999,109.85411419875572,0.038470704965465716,0.050000000000000003,0.0019235352482732859,0.5896631653831782,-0.0079865070122014659,82,0,False,-0.29745426087626747,0.30130133137281401,,False,True,I8
2013-05-31,GLD,6,2013-11-29,2013-11-29,4,0.19443946439510806,-0.061006133456791525,-0.26348089384710327,494.17133613238281,-0.1526875952972335,0.050000000000000003,-0.007634379764861675,0.54719560273237466,-0.053808112271827413,97,0,False,-0.40142457656692165,0.38615581703719826,0.98344874055893639,False,False,I8
2013-05-31,VDE,6,2013-11-29,2013-11-29,4,0.0079571611051172386,-0.040462802551912633,-0.12916314497396125,159.98587196060572,-0.070772161268530545,0.050000000000000003,-0.0035386080634265274,0.65829490744915331,-0.03466450160435585,98,0,False,-0.22890322657126252,0.22182601044440944,0.62147483674457848,False,False,I8
2013-05-31,VWO,6,2013-11-29,2013-11-29,4,0.075438547674787415,0.014635297972596202,-0.1605910142859098,719.68567300115137,-0.073960122071920195,0.050000000000000003,-0.00369800610359601,0.49439431268852879,-0.048108313729152315,93,0,False,-0.275102043648145,0.26770603144095301,0.88609934742764418,False,False,I8
2013-06-28,BND,6,2013-12-31,2013-12-31,4,0.060708907927270905,-0.0048382608172439726,-0.049980445645625954,10000,-0.027409353231434962,0.050000000000000003,-0.0013704676615717481,0.5,0.01587129979897179,69,1,False,,,,True,True,I8
2013-06-28,DBC,6,2013-12-31,2013-12-31,4,0.036258505339504365,-0.0046630688497066135,0.10003409877940747,109.85411419875572,0.040400833930206381,0.050000000000000003,0.0020200416965103192,0.56957858745949808,-0.0039754328082053127,83,0,False,-0.33664010424050589,0.34068018763352653,,False,True,I8
2013-06-28,GLD,6,2013-12-31,2013-12-31,4,0.081616765466351215,-0.06425852141974249,-0.24163334095047395,494.17133613238281,-0.14571668345768501,0.050000000000000003,-0.0072858341728842509,0.54075689969156349,-0.048233357896029901,98,0,False,-0.42335235186921699,0.40878068352344848,0.98361991243261537,False,False,I8
2013-06-28,VDE,6,2013-12-31,2013-12-31,4,-0.078978943951848901,-0.042404894584254504,-0.11519745995074712,159.98587196060572,-0.067607822223138395,0.050000000000000003,-0.00338039111115692,0.65377058066310245,-0.033181187449832596,99,0,False,-0.22867984105013894,0.22191905882782509,0.63854695758443569,False,False,I8
2013-06-28,VWO,6,2013-12-31,2013-12-31,4,0.0022070385248151858,0.0086157984628986665,-0.11066094924596467,719.68567300115137,-0.05263059406140707,0.050000000000000003,-0.0026315297030703537,0.48651859058230695,-0.044008346905937107,94,0,False,-0.32460500071990622,0.31934194131376553,0.86180579573933558,False,False,I8
2013-07-31,BND,6,2014-01-31,2014-01-31,4,-0.08765649048181412,-0.0050477625635021867,-0.038862209938284507,10000,-0.021954986250893347,0.050000000000000003,-0.0010977493125446673,0.5,0.018026480975858624,70,1,False,,,,True,True,I8
2013-07-31,DBC,6,2014-01-31,2014-01-31,4,-0.032587484581307335,-0.0291293134069514,0.12073817392138847,109.85411419875572,0.037709265002802764,0.050000000000000003,0.0018854632501401382,0.55401548660571276,-0.0012372409618401359,84,0,False,-0.33661177391533725,0.34038270041561758,,False,True,I8
2013-07-31,GLD,6,2014-01-31,2014-01-31,4,-0.002632240260478369,-0.077451816916270483,-0.23496891596251976,494.17133613238281,-0.14985117796633091,0.050000000000000003,-0.007492558898316546,0.54037141689104506,-0.044238082147786711,99,0,False,-0.42339139238454715,0.40840627458791401,0.9876395856148561,False,False,I8
2013-07-31,VDE,6,2014-01-31,2014-01-31,4,-0.084067451355699485,-0.054870273933028915,-0.15459923569331291,159.98587196060572,-0.089088461208489247,0.050000000000000003,-0.0044544230604244622,0.65688816296203179,-0.032174545988315081,100,0,False,-0.22969437126262673,0.22078552514177782,0.65909399967295912,False,False,I8
2013-07-31,VWO,6,2014-01-31,2014-01-31,4,-0.023342215149227408,-0.00086738515571999422,-0.11953652017910023,719.68567300115137,-0.062641135611884724,0.050000000000000003,-0.0031320567805942362,0.47944551509544547,-0.041054174697778854,95,0,False,-0.32056022593334327,0.31429611237215477,0.8819686845957907,False,False,I8
2013-08-30,BND,6,2014-02-28,2014-02-28,4,-0.014542823539740901,-0.0053696180238190219,-0.042415864039164634,10000,-0.023892741031491829,0.050000000000000003,-0.0011946370515745915,0.5,0.018334550071582276,71,1,False,,,,True,True,I8
2013-08-30,DBC,6,2014-02-28,2014-02-28,4,0.036134457427679401,-0.039376225767731796,0.14713551060074923,109.85411419875572,0.044850575163155867,0.050000000000000003,0.0022425287581577936,0.54841018280755593,-0.00065543169092116061,85,0,False,-0.32297351317859696,0.32745857069491252,,False,True,I8
2013-08-30,GLD,6,2014-02-28,2014-02-28,4,0.068252704639162887,-0.083479734495851429,-0.26084796788167225,494.17133613238281,-0.16441181709804811,0.050000000000000003,-0.0082205908549024057,0.54370587642856583,-0.042454533948480463,100,0,False,-0.41864237625970563,0.40220119454990083,0.99323704571921401,False,False,I8
2013-08-30,VDE,6,2014-02-28,2014-02-28,4,-0.077872074844086203,-0.057111585072299451,-0.10823699564306742,159.98587196060572,-0.07418835377452114,0.050000000000000003,-0.0037094176887260571,0.66598275668448714,-0.032206215079880328,101,0,False,-0.22580171616931438,0.21838288079186224,0.62714507276198095,False,False,I8
2013-08-30,VWO,6,2014-02-28,2014-02-28,4,-0.02889770901575206,-0.00014923960181336716,-0.081485703032412468,719.68567300115137,-0.043039648106287583,0.050000000000000003,-0.002151982405314379,0.47267920566683169,-0.039188375740100763,96,0,False,-0.31955468323125696,0.31525071842062818,0.86501241175828125,False,False,I8
2013-09-30,BND,6,2014-03-31,2014-03-31,5,-0.10519925241864547,0.01606529231304106,0.08854789557944201,10000,0.0313605002761215,0.050000000000000003,0.001568025013806075,0.78898097924456756,0.019486461219305366,72,1,False,,,,True,True,I8
2013-09-30,DBC,6,2014-03-31,2014-03-31,5,-0.097298604510697051,-0.012694452674559376,0.21120634866123902,35.564803062231285,0.0921326036895775,0.050000000000000003,0.0046066301844788753,0.53181473340543794,0.00090860589584965319,86,1,False,-0.32053918375961732,0.32975244412857507,,False,True,I8
2013-09-30,GLD,6,2014-03-31,2014-03-31,5,-0.052667806524847371,-0.14011502239483334,-0.069086394406671997,35.564803062231285,-0.1086027416115153,0.050000000000000003,-0.0054301370805757655,0.55634394643564933,-0.039596524102835109,101,0,False,-0.41584542068370922,0.40498514652255768,0.95663106686714228,False,False,I8
2013-09-30,VDE,6,2014-03-31,2014-03-31,5,-0.17338934754132185,0.014265910201128482,0.068461454644043282,10000,0.031975182051215086,0.050000000000000003,0.0015987591025607543,0.67323380487965923,-0.031694740306832336,102,0,False,-0.22048685351798225,0.22368437172310374,0.62964281647050224,False,False,I8
2013-09-30,VWO,6,2014-03-31,2014-03-31,5,-0.089152415617970493,0.014809583270947679,0.13284123878558693,232.99518105153672,0.075131544488452953,0.050000000000000003,0.0037565772244226477,0.48893404100374022,-0.037587694258981626,97,0,False,-0.31362269274085797,0.32113584718970323,0.65663318542335436,False,False,I8
2013-10-31,BND,6,2014-04-30,2014-04-30,5,-0.078578135240947811,0.015810702980789196,0.097466562309732802,10000,0.034920986744500983,0.050000000000000003,0.0017460493372250493,0.76596555445301662,0.02016561119047821,73,1,False,,,,True,True,I8
2013-10-31,DBC,6,2014-04-30,2014-04-30,5,-0.091755182193545837,-0.022821840721911318,0.20837763019933633,35.564803062231285,0.08564433144214012,0.050000000000000003,0.004282216572107006,0.53085458313614498,0.0015875174066955443,87,1,False,-0.32080039217859646,0.32936482532281053,0.99261577036584947,False,False,I8
2013-10-31,GLD,6,2014-04-30,2014-04-30,5,-0.02574377322114163,-0.13418472151940677,-0.083922373343863793,35.564803062231285,-0.11248323908472894,0.050000000000000003,-0.0056241619542364476,0.56823580229708615,-0.037990865425236567,102,0,False,-0.3997810783497599,0.38853275444128704,0.96316939730255058,False,False,I8
2013-10-31,VDE,6,2014-04-30,2014-04-30,5,-0.15766994572410709,0.01436874114351709,0.087670222598692935,10000,0.038457398080884199,0.050000000000000003,0.0019228699040442099,0.67137557851272878,-0.032169895209942456,103,0,False,-0.21110467736925448,0.21495041717734292,0.60795726218132029,False,False,I8
2013-10-31,VWO,6,2014-04-30,2014-04-30,5,-0.032705847771132501,0.018035298193057433,0.12667988988001083,232.99518105153672,0.071300956067963661,0.050000000000000003,0.0035650478033981831,0.50972563799231763,-0.036757092599880442,98,0,False,-0.26842120630223859,0.27555130190903493,0.65640979541350553,False,False,I8
2013-11-29,BND,6,2014-05-30,2014-05-30,5,-0.098584988173251342,0.015834664175514299,0.081577938175291576,10000,0.033114364171236921,0.050000000000000003,0.0016557182085618462,0.73716398736422595,0.021251165038191171,74,1,False,,,,True,True,I8
2013-11-29,DBC,6,2014-05-30,2014-05-30,5,-0.088079322631185453,-0.036744499581737061,0.16961266415550738,35.564803062231285,0.063363290718990911,0.050000000000000003,0.0031681645359495458,0.5148809545173062,0.002811048224195849,88,1,False,-0.29489530272063874,0.30123163179253781,0.98160742056421002,False,False,I8
2013-11-29,GLD,6,2014-05-30,2014-05-30,5,-0.065458208439405308,-0.13800806191522838,0.0025387871749445521,35.564803062231285,-0.078869496341948828,0.050000000000000003,-0.0039434748170974416,0.57922524797879271,-0.035734260281349725,103,0,False,-0.39802260220794689,0.39013565257375199,0.88904933511271367,False,False,I8
2013-11-29,VDE,6,2014-05-30,2014-05-30,5,-0.18088455934804515,0.013934390349325317,0.057695882528112065,10000,0.028029390924292852,0.050000000000000003,0.0014014695462146428,0.67791316353238884,-0.031784058129989953,104,0,False,-0.2115830941294698,0.21438603322189909,0.62025202324212092,False,False,I8
2013-11-29,VWO,6,2014-05-30,2014-05-30,5,-0.093575359287833559,0.028037568447509861,0.09021512039152306,232.99518105153672,0.057379249763152264,0.050000000000000003,0.0028689624881576134,0.52809847930226228,-0.035623803304176728,99,0,False,-0.26881540154876704,0.27455332652508224,0.68473292114207318,False,False,I8
2013-12-31,BND,6,2014-06-30,2014-06-30,5,-0.068016739484255573,0.015840891353452052,0.1068697932336054,10000,0.039711622782841349,0.050000000000000003,0.0019855811391420674,0.73776755583828757,0.021777268276712235,75,1,False,-0.10199461555850443,0.10596577783678858,,False,True,I8
2013-12-31,DBC,6,2014-06-30,2014-06-30,5,-0.063666622880501511,-0.026782883691948041,0.18383011829667975,35.564803062231285,0.074697321805852854,0.050000000000000003,0.003734866090292643,0.51816742300040719,0.0031868623490869559,89,1,False,-0.29413300841766188,0.30160274059824721,0.99074097771068037,False,False,I8
2013-12-31,GLD,6,2014-06-30,2014-06-30,5,-0.11069214052644127,-0.13783369559768724,0.032754057228004889,35.564803062231285,-0.067698744191667506,0.050000000000000003,-0.0033849372095833756,0.58886291516083122,-0.03460588503377568,104,0,False,-0.39739183195323546,0.3906219575340687,0.84464557810386731,False,False,I8
2013-12-31,VDE,6,2014-06-30,2014-06-30,5,-0.16699636159794318,0.013949238344431431,0.091494262167751902,10000,0.039048575884425507,0.050000000000000003,0.0019524287942212755,0.67632561958868298,-0.032233533233055271,105,0,False,-0.21099222154082134,0.2148970791292639,0.60043120422451357,False,False,I8
2013-12-31,VWO,6,2014-06-30,2014-06-30,5,-0.10453980420936515,0.028905616698344655,0.11241485688289712,232.99518105153672,0.067409403412485344,0.050000000000000003,0.0033704701706242673,0.53892782847684073,-0.035245494885886804,100,0,False,-0.24786515552982238,0.25460609587107091,0.66052709960166922,False,False,I8
2014-01-31,BND,6,2014-07-31,2014-07-31,5,0.016830375365321393,0.01582090754462627,0.17543939008363291,10000,0.066305650337320374,0.050000000000000003,0.0033152825168660189,0.68371618380498678,0.020337350398310573,76,1,False,-0.10066491418078048,0.10729547921451253,,False,True,I8
2014-01-31,DBC,6,2014-07-31,2014-07-31,5,0.0083215268054304126,-0.0092640289915035534,0.26516701007626936,35.564803062231285,0.11689786779036354,0.050000000000000003,0.0058448933895181776,0.54027832562077505,0.0027893696054159083,90,1,False,-0.24587357682092822,0.25756336359996457,0.98886621864978519,False,False,I8
2014-01-31,GLD,6,2014-07-31,2014-07-31,5,-0.0065949318848497196,-0.10242784924262402,0.044333192415363695,35.564803062231285,-0.043368413254995193,0.050000000000000003,-0.0021684206627497599,0.59758097026007018,-0.034301374131172846,105,0,False,-0.36033515811153155,0.35599831678603205,0.6365366500519577,False,False,I8
2014-01-31,VDE,6,2014-07-31,2014-07-31,5,-0.16901435004788756,0.014576703684386776,0.096305432409913461,10000,0.04081439554821481,0.050000000000000003,0.0020407197774107407,0.67896610808736213,-0.032722532460627389,106,0,False,-0.18859868980136615,0.19268012935618764,0.58959305113017157,False,False,I8
2014-01-31,VWO,6,2014-07-31,2014-07-31,5,-0.16574585754803861,0.035515240181025254,0.10983940550369101,232.99518105153672,0.069252426122204988,0.050000000000000003,0.0034626213061102495,0.54608052717826749,-0.035127640631068394,101,0,False,-0.24767855464508637,0.25460379725730686,0.66924678742740984,False,False,I8
2014-02-28,BND,6,2014-08-29,2014-08-29,5,-0.0048417650304533044,0.015824013378090529,0.1220329594926349,10000,0.048420237686460324,0.050000000000000003,0.0024210118843230165,0.69309342102674321,0.019884361126387827,77,1,False,-0.10155918481332349,0.10640120858196953,,False,True,I8
2014-02-28,DBC,6,2014-08-29,2014-08-29,5,0.063738692597258062,-0.024136687277263452,0.25436769062631037,35.564803062231285,0.10276156364156745,0.050000000000000003,0.0051380781820783731,0.54435814663291682,0.0031557991419242982,91,1,False,-0.24621160293559438,0.25648775929975115,0.98565895540646209,False,False,I8
2014-02-28,GLD,6,2014-08-29,2014-08-29,5,0.051103953018957093,-0.083793738885800717,-0.03515609099901458,35.564803062231285,-0.064629302904428851,0.050000000000000003,-0.0032314651452214427,0.60597527195433187,-0.033333882822018733,106,0,False,-0.36121745658962701,0.35475452629918414,0.72740827119037321,False,False,I8
2014-02-28,VDE,6,2014-08-29,2014-08-29,5,-0.11380507765063852,0.014637693619852968,0.1040349585222993,10000,0.043335817888178557,0.050000000000000003,0.002166790894408928,0.67898207736397664,-0.033144490800659718,107,0,False,-0.18835940492138697,0.19269298671020485,0.57554036554722665,False,False,I8
2014-02-28,VWO,6,2014-08-29,2014-08-29,5,-0.16014501164003891,0.030950192522268313,0.11415345992146081,232.99518105153672,0.068546451724778218,0.050000000000000003,0.0034273225862389112,0.54813962987618448,-0.035066562870133919,102,0,False,-0.23612142307171466,0.24297606824419246,0.60550486206770182,False,False,I8
2014-03-31,BND,6,2014-09-30,2014-09-30,6,0.040370512285731408,0.038863183576438441,0.10563681434692743,0.82864277285468424,0.058975138284049045,0.050000000000000003,0.0029487569142024523,0.69880393689032105,0.01828072505529766,78,1,False,-0.10381852051824909,0.10971603434665399,,False,True,I8
2014-03-31,DBC,6,2014-09-30,2014-09-30,6,0.16309529810930201,0.060493365281376263,0.24019862185068358,1.7575106248547894,0.1372841100267253,0.050000000000000003,0.0068642055013362659,0.57268503876105059,0.0020639034500479795,92,1,False,-0.22729687221760653,0.24102528322027905,0.85532365109012165,False,False,I8
2014-03-31,GLD,6,2014-09-30,2014-09-30,6,0.12193004446544264,0.023724643237478072,0.081493200861605081,1.2067926406393288,0.046790974913034876,0.050000000000000003,0.0023395487456517438,0.60071131036993097,-0.03351457369774611,107,0,False,-0.33503908453696285,0.33971818202826631,0.2859668006276529,False,False,I8
2014-03-31,VDE,6,2014-09-30,2014-09-30,6,0.024637783700070193,0.031650984122609888,0.11431152893416723,10000,0.058411371091930529,0.050000000000000003,0.0029205685545965268,0.67626166715539127,-0.034443054288999179,108,0,False,-0.17404413325790941,0.17988527036710245,0.53000338744097997,False,False,I8
2014-03-31,VWO,6,2014-09-30,2014-09-30,6,-0.015073778779815639,0.098510045268761073,0.16686842253039202,75.431200633546069,0.1287061206791271,0.050000000000000003,0.0064353060339563551,0.55826810670482574,-0.035591668236617774,103,0,False,-0.22364476296740132,0.23651537503531406,0.19543445584388855,False,False,I8
2014-04-30,BND,6,2014-10-31,2014-10-31,6,0.089099354532733654,0.030806336175884755,0.079430680990048574,0.82864277285468424,0.044811746327751763,0.050000000000000003,0.0022405873163875881,0.71196711841786353,0.017054663532560375,79,1,False,-0.10452669011606396,0.10900786474883913,,False,True,I8
2014-04-30,DBC,6,2014-10-31,2014-10-31,6,0.27008514313313869,0.015050989668326797,0.24019862185068358,1.7575106248547894,0.10532931570147883,0.050000000000000003,0.0052664657850739413,0.59902609164447396,0.0010550960775362178,93,1,False,-0.2288108960274752,0.2393438275976231,0.61314672621940047,False,False,I8
2014-04-30,GLD,6,2014-10-31,2014-10-31,6,0.21194008122776431,-0.0054951288767424687,0.065798503602463448,1.2067926406393288,0.02327619660896213,0.050000000000000003,0.0011638098304481066,0.59643905794677698,-0.033442621841481251,108,0,False,-0.33612248136061063,0.33845010102150686,0.39390997138693912,False,False,I8
2014-04-30,VDE,6,2014-10-31,2014-10-31,6,0.17044231700314461,0.031739205792235214,0.13687644173865987,10000,0.065805344334866039,0.050000000000000003,0.0032902672167433021,0.67598407704012609,-0.03557357622877081,109,0,False,-0.17361266599674313,0.18019320043022974,0.4846398973415243,False,False,I8
2014-04-30,VWO,6,2014-10-31,2014-10-31,6,0.035356267948500442,0.096239963489521421,0.16836565108197923,75.431200633546069,0.12742855131648512,0.050000000000000003,0.0063714275658242562,0.56758002775386962,-0.035563919962911181,104,0,False,-0.22364272734530394,0.23638558247695246,0.11316515544893174,False,False,I8
2014-05-30,BND,6,2014-11-28,2014-11-28,6,0.069000587370568134,-0.015216371668110559,0.011410121217217729,0.82864277285468424,-0.0075495093163459592,0.050000000000000003,-0.00037747546581729798,0.71205887366453768,0.015609167886237724,80,1,False,-0.10466734780066436,0.10391239686902976,,False,True,I8
2014-05-30,DBC,6,2014-11-28,2014-11-28,6,0.30381460035126473,0.021812187736759685,0.23984288334468046,1.7575106248547894,0.10456441439600948,0.050000000000000003,0.0052282207198004749,0.62045607189154195,0.00010685758063492351,94,1,False,-0.22194370311546377,0.23240014455506472,0.49447853161555927,False,False,I8
2014-05-30,GLD,6,2014-11-28,2014-11-28,6,0.15737982311287058,-0.049798593686111878,0.039994476276700157,1.2067926406393288,-0.013458323283844794,0.050000000000000003,-0.00067291616419223974,0.59528869636245341,-0.033736342819443856,109,0,False,-0.33389292867069409,0.33254709634230961,0.4877593263695128,False,False,I8
2014-05-30,VDE,6,2014-11-28,2014-11-28,6,0.25228965636406442,0.031969475660581989,0.14503574634381186,10000,0.068992882904585287,0.050000000000000003,0.0034496441452292644,0.67255126555178169,-0.036894585166218755,110,0,False,-0.18677807902270765,0.1936773673131662,0.44670374670002638,False,False,I8
2014-05-30,VWO,6,2014-11-28,2014-11-28,6,0.069435017344225081,0.1063791474402826,0.17120025862667992,75.431200633546069,0.13415767826219693,0.050000000000000003,0.0067078839131098468,0.57145858326872279,-0.036116409861243773,105,0,False,-0.21638508248571742,0.22980085031193709,0.063295137720231209,False,False,I8
2014-06-30,BND,6,2014-12-31,2014-12-31,6,0.052622394938154349,-0.023386037360341665,-0.038868655622867204,0.82864277285468424,-0.027647255672194886,0.050000000000000003,-0.0013823627836097444,0.72477405051268562,0.01457674927672546,81,1,False,-0.10564126755473675,0.10287654198751726,,False,True,I8
2014-06-30,DBC,6,2014-12-31,2014-12-31,6,0.36658689790723964,0.016400150152824325,0.2100070295983342,1.7575106248547894,0.085932241158231684,0.050000000000000003,0.0042966120579115844,0.64085939918794577,-0.00056444221369282848,95,0,False,-0.22282620422309304,0.23141942833891624,0.44843297412802186,False,False,I8
2014-06-30,GLD,6,2014-12-31,2014-12-31,6,0.16267914588328747,-0.035466300450111954,0.028697452799569728,1.2067926406393288,-0.009897821444839628,0.050000000000000003,-0.0004948910722419814,0.60151210441544467,-0.034435940980416559,110,0,False,-0.32716449836505568,0.3261747162205717,0.45840616135670609,False,False,I8
2014-06-30,VDE,6,2014-12-31,2014-12-31,6,0.26760164753706051,0.031868436640166239,0.14159800166494596,10000,0.067806272226986625,0.050000000000000003,0.0033903136113493312,0.67248721364470265,-0.038066673242180236,111,0,False,-0.17962468113512917,0.18640530835782784,0.41312734792447431,False,False,I8
2014-06-30,VWO,6,2014-12-31,2014-12-31,6,0.12891974344561663,0.12291614431208921,0.15191925455537894,75.431200633546069,0.13519223033264174,0.050000000000000003,0.0067596115166320874,0.57673208433247969,-0.03676191358150907,106,0,False,-0.21628744568958161,0.2298066687228458,0.044066291673972538,False,False,I8
2014-07-31,BND,6,2015-01-30,2015-01-30,6,0.030804202815141624,0.021907142746056645,-0.055284355708118224,0.82864277285468424,0.0037907606486382943,0.050000000000000003,0.00018953803243191474,0.76530599275549449,0.014604232521708336,82,1,False,-0.1021044259960789,0.10248350206094274,,False,True,I8
2014-07-31,DBC,6,2015-01-30,2015-01-30,6,0.39545099286159224,0.046236304016469533,0.14272313662368516,1.7575106248547894,0.078766093805219276,0.050000000000000003,0.0039383046902609639,0.66285772980885438,-0.00047188003641029469,96,1,False,-0.19908960132897011,0.20696621070949203,0.58247113823164254,False,False,I8
2014-07-31,GLD,6,2015-01-30,2015-01-30,6,0.091367572179354872,0.017570534407649073,-0.022677319050280788,1.2067926406393288,0.0013834317844543644,0.050000000000000003,6.9171589222718216e-05,0.59781451102442751,-0.034185121078654693,111,0,False,-0.32655389553961528,0.32669223871806069,0.39952413122808672,False,False,I8
2014-07-31,VDE,6,2015-01-30,2015-01-30,6,0.31767123077915393,0.031970876032522265,0.059352807177686914,10000,0.040934281094610156,0.050000000000000003,0.0020467140547305077,0.67265256001964902,-0.039235848927945481,112,0,False,-0.18094745309597032,0.18504088120543133,0.40702567524560029,False,False,I8
2014-07-31,VWO,6,2015-01-30,2015-01-30,6,0.17026103937254422,0.12905087867772175,0.13355973270108831,75.431200633546069,0.13094471262662044,0.050000000000000003,0.0065472356313310224,0.57997443716648611,-0.037967371001757011,107,0,False,-0.21040235217337783,0.22349682343603988,0.0376240755466992,False,False,I8
2014-08-29,BND,6,2015-02-27,2015-02-27,6,0.072215346301668148,0.065536930845509822,-0.013702212070617323,0.82864277285468424,0.048457698507239605,0.050000000000000003,0.0024228849253619803,0.78445965327580336,0.014369943394573859,83,1,False,-0.099839852572238916,0.10468562242296288,,False,True,I8
2014-08-29,DBC,6,2015-02-27,2015-02-27,6,0.3673848721342694,0.054702737446313821,0.19650237056952879,1.7575106248547894,0.10167332300895536,0.050000000000000003,0.0050836661504477685,0.66875382870823763,0.00019008462991618324,97,1,False,-0.19770275040806015,0.20787008270895571,0.62212758630256704,False,False,I8
2014-08-29,GLD,6,2015-02-27,2015-02-27,6,0.15548072017168668,0.053095201577072981,-0.033280517767669472,1.2067926406393288,0.01798501973514172,0.050000000000000003,0.00089925098675708607,0.59351792253330315,-0.03342361148849745,112,0,False,-0.30313079963053857,0.30492930160405274,0.36447550451943944,False,False,I8
2014-08-29,VDE,6,2015-02-27,2015-02-27,6,0.29377923051332178,0.032077750389951677,0.14840881007065312,10000,0.069879509253257754,0.050000000000000003,0.0034939754626628879,0.67505016315451694,-0.039895753606907371,113,0,False,-0.17271045155628256,0.17969840248160834,0.35384330535911696,False,False,I8
2014-08-29,VWO,6,2015-02-27,2015-02-27,6,0.15919059987898121,0.11887946743536454,0.1509308792378008,75.431200633546069,0.132220370651319,0.050000000000000003,0.0066110185325659503,0.58376550467769373,-0.039098645452111475,108,0,False,-0.18781974459927572,0.20104178166440764,0.02915789933461253,False,False,I8
2014-09-30,BND,6,2015-03-31,2015-03-31,7,0.058515058989930591,0.0019315145201185685,0.066018061997228733,1.7575106248547894,0.014970248579133127,0.050000000000000003,0.00074851242895665644,0.79654491352227064,0.014679473976611448,84,1,False,-0.10148780261941277,0.10298482747732608,,False,True,I8
2014-09-30,DBC,6,2015-03-31,2015-03-31,7,0.35836409104025613,-0.0085920348354078524,0.12895408049659643,1.7575106248547894,0.037772900352330323,0.050000000000000003,0.0018886450176165163,0.66291352485074539,0.00185238272664461,98,1,False,-0.18915905394017637,0.1929363439754094,0.67814146550731513,False,False,I8
2014-09-30,GLD,6,2015-03-31,2015-03-31,7,0.1068243996789584,-0.030393299692706689,0.029732203316802555,0.82864277285468424,-0.0056952712118295973,0.050000000000000003,-0.00028476356059147986,0.5892254160938839,-0.032048800373860813,113,0,False,-0.30415256976911215,0.30358304264792918,0.50611010009616353,False,False,I8
2014-09-30,VDE,6,2015-03-31,2015-03-31,7,0.2620592540534421,-0.10692213361875183,0.021725631947004137,1.7575106248547894,-0.065833504048602956,0.050000000000000003,-0.0032916752024301481,0.68061140129832132,-0.039329669946319847,114,0,False,-0.17946322869772524,0.17287987829286494,0.50901188769882355,False,False,I8
2014-09-30,VWO,6,2015-03-31,2015-03-31,7,0.14156164725645226,0.093779943109744079,0.09105352078450496,1.2067926406393288,0.092654667706241547,0.050000000000000003,0.0046327333853120774,0.5872703237918776,-0.038878233831264722,109,0,False,-0.18958043529303237,0.19884590206365654,0.078594714074389338,False,False,I8
2014-10-31,BND,6,2015-04-30,2015-04-30,7,0.013894980162948878,-0.017028526306282959,0.02215645589583291,1.7575106248547894,-0.0082858249986520697,0.050000000000000003,-0.00041429124993260348,0.77688642902691407,0.015555001983154062,85,1,False,-0.10101468461941263,0.10018610211954743,,False,True,I8
2014-10-31,DBC,6,2015-04-30,2015-04-30,7,0.23748111241028669,-0.052205960114618463,0.091393061448416399,1.7575106248547894,0.00017508744637142427,0.050000000000000003,8.7543723185712129e-06,0.63522698838169678,0.0045618045489324291,99,1,False,-0.22714168490795711,0.22715919365259424,0.66718461260286421,False,False,I8
2014-10-31,GLD,6,2015-04-30,2015-04-30,7,0.04047098201509236,-0.067703666063850421,0.024836169319672405,0.82864277285468424,-0.029118830435944886,0.050000000000000003,-0.0014559415217972444,0.58304620417797115,-0.029908547026478133,114,0,False,-0.26959468105770751,0.26668279801411304,0.58366705387739626,False,False,I8
2014-10-31,VDE,6,2015-04-30,2015-04-30,7,0.1058023353500861,-0.1365696313312911,0.016155960288901119,1.7575106248547894,-0.086023637299312006,0.050000000000000003,-0.0043011818649656003,0.66904044374121585,-0.037505565711976677,115,0,False,-0.17608075847263471,0.16747839474270348,0.52917790200717041,False,False,I8
2014-10-31,VWO,6,2015-04-30,2015-04-30,7,-0.01010479432175182,0.053382228987623286,0.069413129248501459,1.2067926406393288,0.059928675131605644,0.050000000000000003,0.0029964337565802825,0.59163577606690487,-0.038203374724175954,110,0,False,-0.17118268153128588,0.17717554904444646,0.3256592371562681,False,False,I8
2014-11-28,BND,6,2015-05-29,2015-05-29,7,0.021818504408631201,-0.012891323673263386,-0.012875855260551501,1.7575106248547894,-0.012887576545087917,0.050000000000000003,-0.00064437882725439587,0.75775612887610411,0.016176462278356552,86,1,False,-0.1012207930642233,0.099932035409714515,,False,True,I8
2014-11-28,DBC,6,2015-05-29,2015-05-29,7,0.16292433306334331,-0.035211563472703225,0.096493025669277338,1.7575106248547894,0.016334820123479376,0.050000000000000003,0.00081674100617396884,0.60862120346759963,0.0075543325069557521,100,1,False,-0.24604190831664716,0.24767539032899508,0.67871403112121664,False,False,I8
2014-11-28,GLD,6,2015-05-29,2015-05-29,7,0.012460882927663341,-0.051802923780867573,0.012433103937723443,0.82864277285468424,-0.024580334045712391,0.050000000000000003,-0.0012290167022856197,0.57620994476162957,-0.028279952503527276,115,0,False,-0.25577275949160594,0.25331472608703465,0.59603806113529234,False,False,I8
2014-11-28,VDE,6,2015-05-29,2015-05-29,7,0.037788978226456327,-0.12845956996273755,-0.0068828684977936035,1.7575106248547894,-0.086506854774937636,0.050000000000000003,-0.0043253427387468816,0.65492800279750329,-0.035007331038907352,116,0,False,-0.18737398206302011,0.17872329658552635,0.5320917633415615,False,False,I8
2014-11-28,VWO,6,2015-05-29,2015-05-29,7,0.020017814051038529,0.078141383028617145,0.069413129248501459,1.2067926406393288,0.074612568227261755,0.050000000000000003,0.0037306284113630878,0.59570208540515057,-0.037233659480316483,111,0,False,-0.16157590416195194,0.16903716098467814,0.38201831584429785,False,False,I8
2014-12-31,BND,6,2015-06-30,2015-06-30,7,0.080502162255515763,-0.067148922748724818,0.036293768035338174,1.7575106248547894,-0.041231959153646906,0.050000000000000003,-0.0020615979576823454,0.74945582526290166,0.016595381044561125,87,1,False,-0.092265849965395191,0.088142654050030494,,False,True,I8
2014-12-31,DBC,6,2015-06-30,2015-06-30,7,0.13423580277786407,-0.080452258104855998,0.11814132558369206,1.7575106248547894,0.0020636818438401201,0.050000000000000003,0.00010318409219200602,0.58449845953681523,0.011109110382206088,101,1,False,-0.29436694164222138,0.2945733098266054,0.66598022169440674,False,False,I8
2014-12-31,GLD,6,2015-06-30,2015-06-30,7,0.095994576432066769,-0.10476232872613023,0.015683124006563985,0.82864277285468424,-0.053098160332603277,0.050000000000000003,-0.0026549080166301639,0.57105754329982261,-0.026633753379503012,116,0,False,-0.25716141522508223,0.25185159919182193,0.64310257307313434,False,False,I8
2014-12-31,VDE,6,2015-06-30,2015-06-30,7,0.11678950370315144,-0.14695215288514599,0.0087555622029932591,1.7575106248547894,-0.091100586038267387,0.050000000000000003,-0.0045550293019133697,0.64130507717447716,-0.032420929512617033,117,0,False,-0.22668075708272822,0.21757069847890148,0.53536054107476849,False,False,I8
2014-12-31,VWO,6,2015-06-30,2015-06-30,7,0.034552967687867531,0.048845506435287254,0.062818882409714616,1.2067926406393288,0.054479463196261638,0.050000000000000003,0.0027239731598130822,0.59680775989388191,-0.035750146954192076,112,0,False,-0.16253920445482603,0.16798715077445217,0.52349571143010809,False,False,I8
2015-01-30,BND,6,2015-07-31,2015-07-31,7,0.22461693392553495,-0.018634169594254762,0.051615871893601291,1.7575106248547894,-0.001972461982542654,0.050000000000000003,-9.8623099127132712e-05,0.76282280751973108,0.016756844928317725,88,1,False,-0.090106081883818398,0.08990883568556414,,False,True,I8
2015-01-30,DBC,6,2015-07-31,2015-07-31,7,0.30239382758863897,-0.20336323280862395,0.1278756539806486,1.7575106248547894,-0.061220311004373723,0.050000000000000003,-0.0030610155502186864,0.57087489581294637,0.01487716805357262,102,1,False,-0.32831518125441667,0.32219315015397926,0.57741551141355307,False,False,I8
2015-01-30,GLD,6,2015-07-31,2015-07-31,7,0.35643706720819746,-0.060996159816473557,0.09640279558188021,0.82864277285468424,0.00627857857397975,0.050000000000000003,0.0003139289286989875,0.57258459422306351,-0.025625195041393115,117,0,False,-0.251217918249873,0.25184577610727094,0.60676002418826058,False,False,I8
2015-01-30,VDE,6,2015-07-31,2015-07-31,7,0.28532453737498897,-0.28776718098940424,0.035316947179585848,1.7575106248547894,-0.16919089658485337,0.050000000000000003,-0.0084595448292426687,0.63298635226510047,-0.029454046798279992,118,0,False,-0.25767995533476767,0.24076086567628235,0.5434387140583139,False,False,I8
2015-01-30,VWO,6,2015-07-31,2015-07-31,7,0.23631108608304485,0.016782576330928181,0.10898349286931397,1.2067926406393288,0.054043795940085522,0.050000000000000003,0.0027021897970042762,0.59586931444825209,-0.033927039110592638,113,0,False,-0.16091500061693598,0.16631938021094456,0.57208784200485197,False,False,I8
2015-02-27,BND,6,2015-08-31,2015-08-31,7,0.13389313709191508,0.028732778126012014,0.12440983830221619,1.7575106248547894,0.050191078423588081,0.050000000000000003,0.0025095539211794043,0.77572157570417322,0.017379974157231772,89,1,False,-0.084132527816722438,0.089151635659081255,,False,True,I8
2015-02-27,DBC,6,2015-08-31,2015-08-31,7,0.28443169110578548,-0.23023656121218666,0.2178911012054166,1.7575106248547894,-0.03092220699216541,0.050000000000000003,-0.0015461103496082706,0.55522863028642211,0.018299572947559968,103,1,False,-0.36484179837207364,0.36174957767285709,0.61110293595398546,False,False,I8
2015-02-27,GLD,6,2015-08-31,2015-08-31,7,0.19180150042123434,0.0048851012745363895,0.238930708933002,0.82864277285468424,0.10406762245841818,0.050000000000000003,0.0052033811229209095,0.57622566739805992,-0.024090399149756844,118,0,False,-0.23382727767859854,0.24423403992444034,0.57945930179670191,False,False,I8
2015-02-27,VDE,6,2015-08-31,2015-08-31,7,0.29641556894879606,-0.34675955276601667,0.075959131814467409,1.7575106248547894,-0.18605699908414292,0.050000000000000003,-0.0093028499542071458,0.61983569796220683,-0.026737800770451403,119,0,False,-0.30019142075900335,0.28158572085058903,0.53040167396472193,False,False,I8
2015-02-27,VWO,6,2015-08-31,2015-08-31,7,0.29038411755581606,-0.0017664296800437729,0.21274169124547529,1.2067926406393288,0.085531458488496706,0.050000000000000003,0.0042765729244248355,0.59303224608987259,-0.032233024733491107,114,0,False,-0.15196725938194458,0.16052040523079428,0.544626779920518,False,False,I8
2015-03-31,BND,6,2015-09-30,2015-09-30,8,0.14266612343861773,0.0063190837642213421,0.083481888834188708,7.9060432109076855,0.024889422970538557,0.050000000000000003,0.001244471148526928,0.75933561267661853,0.017837030655372871,90,1,False,-0.085393224243657431,0.087882166540711279,,False,True,I8
2015-03-31,DBC,6,2015-09-30,2015-09-30,8,0.25282583875028697,-0.35235170528696852,0.17967047471207032,0.82864277285468424,-0.10803755354710429,0.050000000000000003,-0.0054018776773552147,0.54078201826039352,0.021569424083066661,104,1,False,-0.36769304894299354,0.35688929358828309,0.48421305543791965,False,False,I8
2015-03-31,GLD,6,2015-09-30,2015-09-30,8,0.18029355463754893,-0.075679136833572969,0.22528872322718835,2.559547922699533,0.053136091239088641,0.050000000000000003,0.0026568045619544322,0.57199673065869705,-0.022990274789851675,119,0,False,-0.21521722739406521,0.22053083651797409,0.63365981772880786,False,False,I8
2015-03-31,VDE,6,2015-09-30,2015-09-30,8,0.32020516687159351,-0.49952135544364829,0.033889967990619545,0.39069399370546132,-0.28874653025839769,0.050000000000000003,-0.014437326512919886,0.60485498540185312,-0.024331158646918961,120,0,False,-0.28094799185227065,0.25207333882643085,0.5457795464859968,False,False,I8
2015-03-31,VWO,6,2015-09-30,2015-09-30,8,0.30008663919744016,-0.015609481010778418,0.1456476310653268,3.7275937203149381,0.050097308591352446,0.050000000000000003,0.0025048654295676226,0.59253400512889887,-0.030721766716187253,115,0,False,-0.1484973662418213,0.15350709710095656,0.63617532280730382,False,False,I8
2015-04-30,BND,6,2015-10-30,2015-10-30,8,0.24080313908503836,0.0037761642816393493,0.090249934341963725,7.9060432109076855,0.02529410212319182,0.050000000000000003,0.0012647051061595912,0.75116225617847487,0.017793711419192389,91,1,False,-0.080929846449342244,0.083459256661661416,0.61012889824801464,False,False,I8
2015-04-30,DBC,6,2015-10-30,2015-10-30,8,0.3889881691073056,-0.33660580830782372,0.21008155108806545,0.82864277285468424,-0.078327453103987962,0.050000000000000003,-0.0039163726551993986,0.52755747729517033,0.023625725876659232,105,1,False,-0.36620752062040851,0.35837477531000972,0.57426856744503219,False,False,I8
2015-04-30,GLD,6,2015-10-30,2015-10-30,8,0.26660377675387292,-0.091569662154565828,0.23575038864207559,2.559547922699533,0.050350833682214276,0.050000000000000003,0.0025175416841107141,0.56641673648965374,-0.022461430983143807,120,0,False,-0.21519517753193837,0.22023026090015982,0.65058299592822955,False,False,I8
2015-04-30,VDE,6,2015-10-30,2015-10-30,8,0.39862569818593929,-0.46025730273625837,0.054924050706920649,0.39069399370546132,-0.24964386285110005,0.050000000000000003,-0.012482193142555003,0.59118582519041518,-0.023255675225456109,121,0,False,-0.27896650084364483,0.25400211455853483,0.5769270807722674,False,False,I8
2015-04-30,VWO,6,2015-10-30,2015-10-30,8,0.43535549320910982,-0.026358613428576701,0.17582923210054932,3.7275937203149381,0.055984928005445328,0.050000000000000003,0.0027992464002722667,0.59273743078606522,-0.03054403419554557,116,0,False,-0.14023497655433309,0.14583346935487762,0.6021719354769649,False,False,I8
2015-05-29,BND,6,2015-11-30,2015-11-30,8,0.13823566817533073,-0.0062702780505344904,0.055184743937327668,7.9060432109076855,0.0092993183658863117,0.050000000000000003,0.00046496591829431561,0.74665054355531901,0.017837459169077592,92,1,False,-0.081640520543049003,0.082570452379637629,0.67442024596010208,False,False,I8
2015-05-29,DBC,6,2015-11-30,2015-11-30,8,0.33193485055703198,-0.35700044287509031,0.17280324492893342,0.82864277285468424,-0.10078082271208369,0.050000000000000003,-0.0050390411356041852,0.51638762420660389,0.024939863680307196,106,1,False,-0.36211088098662203,0.35203279871541371,0.56434618937106096,False,False,I8
2015-05-29,GLD,6,2015-11-30,2015-11-30,8,0.2508794695549984,-0.11523199057408925,0.22450119847363298,2.559547922699533,0.033348332368062207,0.050000000000000003,0.0016674166184031105,0.5626558495546915,-0.022172816818591682,121,0,False,-0.20311384934874108,0.2064486825855473,0.67042447150195839,False,False,I8
2015-05-29,VDE,6,2015-11-30,2015-11-30,8,0.27499604996297344,-0.47267483090847101,0.047773287665480384,0.39069399370546132,-0.25461882815638598,0.050000000000000003,-0.0127309414078193,0.58102259385706467,-0.022755309213555189,122,0,False,-0.27701824835554117,0.25155636553990263,0.60487088302073677,False,False,I8
2015-05-29,VWO,6,2015-11-30,2015-11-30,8,0.31680547429583028,-0.04448893678471369,0.15013307239179571,3.7275937203149381,0.035048357931363461,0.050000000000000003,0.001752417896568173,0.59132425437072722,-0.030111881646429469,117,0,False,-0.14119135426486507,0.14469619005800144,0.65601277643382905,False,False,I8
2015-06-30,BND,6,2015-12-31,2015-12-31,8,0.10979512004855208,-0.036569956145440979,0.030899497438777339,7.9060432109076855,-0.017017934134255501,0.050000000000000003,-0.00085089670671277507,0.71020927290036828,0.018511273180759725,93,1,False,-0.084504197180657617,0.082802403767232066,0.7707010648298126,False,False,I8
2015-06-30,DBC,6,2015-12-31,2015-12-31,8,0.36807909604519762,-0.40080491564853005,0.17474041882290919,0.82864277285468424,-0.11326378811453065,0.050000000000000003,-0.005663189405726533,0.50040229620127641,0.025961321055050716,107,1,False,-0.36272011941103494,0.35139374059958189,0.58441958322538401,False,False,I8
2015-06-30,GLD,6,2015-12-31,2015-12-31,8,0.22149542842687286,-0.17839976268447921,0.20560410966610504,2.559547922699533,-0.0075856067554025521,0.050000000000000003,-0.00037928033777012764,0.55517595464993552,-0.021204231628012517,122,0,False,-0.19682344209949335,0.19606488142395309,0.68611173588403362,False,False,I8
2015-06-30,VDE,6,2015-12-31,2015-12-31,8,0.33224392579817208,-0.49931413215783738,0.029709521207612461,0.39069399370546132,-0.27071974853259695,0.050000000000000003,-0.013535987426629849,0.56789383202242694,-0.021620798539435621,123,0,False,-0.27782164278691679,0.25074966793365705,0.63503623201211035,False,False,I8
2015-06-30,VWO,6,2015-12-31,2015-12-31,8,0.3150798405095443,-0.071917526256916692,0.13673711303429839,3.7275937203149381,0.01319725100558633,0.050000000000000003,0.00065986255027931657,0.5920781941315475,-0.029563874448681193,118,0,False,-0.13816559607507206,0.13948532117563067,0.70179133147088246,False,False,I8
2015-07-31,BND,6,2016-01-29,2016-01-29,8,0.01240819892785483,-0.037561069802046765,0.038975611503711587,7.9060432109076855,-0.012607735600078624,0.050000000000000003,-0.00063038678000393127,0.67396895480375707,0.020703886592938182,94,1,False,-0.090398271206234185,0.089137497646226319,0.77221232445720611,False,False,I8
2015-07-31,DBC,6,2016-01-29,2016-01-29,8,0.21212989692870465,-0.42028629968672626,0.10603254760679347,0.82864277285468424,-0.14426373970795689,0.050000000000000003,-0.0072131869853978448,0.47556018296104086,0.02852088130073209,108,1,False,-0.34561421907476481,0.33118784510396909,0.65365059184819574,False,False,I8
2015-07-31,GLD,6,2016-01-29,2016-01-29,8,0.0053468588739096212,-0.14251253399778677,0.053140179583599977,2.559547922699533,-0.053484592335533931,0.050000000000000003,-0.0026742296167766967,0.54496955328340291,-0.018133977165929509,123,0,False,-0.24155242524588114,0.23620396601232777,0.70208653958175027,False,False,I8
2015-07-31,VDE,6,2016-01-29,2016-01-29,8,0.18205000469054933,-0.55119583712694797,-0.011144560454616141,0.39069399370546132,-0.30408627993336573,0.050000000000000003,-0.015204313996668287,0.5424331579841587,-0.019145432927222518,124,0,False,-0.30945308629707419,0.27904445830373764,0.69069723951579842,False,False,I8
2015-07-31,VWO,6,2016-01-29,2016-01-29,8,0.20500120979274106,-0.12583787492477547,0.076050667726063587,3.7275937203149381,-0.041644287626113663,0.050000000000000003,-0.0020822143813056834,0.58296995860596013,-0.027329631082868368,119,0,False,-0.15306406995506888,0.14889964119245752,0.78368881768939369,False,False,I8
2015-08-31,BND,6,2016-02-29,2016-02-29,8,0.077602064870867071,-0.078196342735974839,0.11413067886322241,7.9060432109076855,-0.010443035307236316,0.050000000000000003,-0.0005221517653618158,0.64771821002909291,0.021895352387664255,95,1,False,-0.10278488926296271,0.10174058573223908,0.76956156935409503,False,False,I8
2015-08-31,DBC,6,2016-02-29,2016-02-29,8,0.27712167015913447,-0.50289861222610022,0.12932982902608303,0.82864277285468424,-0.1517216473933849,0.050000000000000003,-0.0075860823696692449,0.44454102043056004,0.030868686895273865,109,1,False,-0.34592734457169066,0.3307551798323522,0.70356126977044575,False,False,I8
2015-08-31,GLD,6,2016-02-29,2016-02-29,8,0.021554331494978651,-0.18823527996014675,0.20659092077800845,2.559547922699533,-0.0054991946744761067,0.050000000000000003,-0.00027495973372380537,0.53717335641851338,-0.016440949120871733,124,0,False,-0.21789875013158408,0.21734883066413649,0.72015988659886476,False,False,I8
2015-08-31,VDE,6,2016-02-29,2016-02-29,8,0.22082797022739786,-0.65648793325818589,-0.011750752954914673,0.39069399370546132,-0.34256145466008325,0.050000000000000003,-0.017128072733004162,0.5130938804390992,-0.016620944912214369,125,0,False,-0.33275258945742758,0.29849644399141928,0.74966173299988437,False,False,I8
2015-08-31,VWO,6,2016-02-29,2016-02-29,8,0.20001469812866679,-0.2089439561574252,0.086406940256125053,3.7275937203149381,-0.080576566858310758,0.050000000000000003,-0.0040288283429155379,0.56537328696854716,-0.024682016510879326,120,0,False,-0.16934524565873499,0.16128758897290391,0.8268603068274275,False,False,I8
2015-09-30,BND,6,2016-03-31,2016-03-31,9,0.14410752179273167,0.043292787873772068,0.18356010279632692,232.99518105153672,0.096010342231725151,0.050000000000000003,0.0048005171115862583,0.62416365931678541,0.023153381252778354,96,1,False,-0.1049207170094594,0.11452175123263192,0.44572703853471463,False,False,I8
2015-09-30,DBC,6,2016-03-31,2016-03-31,9,0.28605621584739516,0.036122164504820233,0.19436485117555638,494.17133613238281,0.12929275566506024,0.050000000000000003,0.0064646377832530124,0.4112170797876748,0.03288647918486489,110,1,False,-0.31909274486200495,0.33202202042851098,0.75976134559904795,False,False,I8
2015-09-30,GLD,6,2016-03-31,2016-03-31,9,0.10786905007681558,0.05882673150083903,0.30421670884158086,3237.4575428176399,0.17518929691643623,0.050000000000000003,0.0087594648458218117,0.52580554969439808,-0.014867073090804367,125,0,False,-0.19597838765211112,0.21349731734375477,0.79989100047116846,False,False,I8
2015-09-30,VDE,6,2016-03-31,2016-03-31,9,0.15748675125643241,-0.17430318457678873,0.13463782174922362,109.85411419875572,-0.013760736388147314,0.050000000000000003,-0.00068803681940736569,0.48034594015911314,-0.01394772180281907,126,0,False,-0.33533053020392078,0.33395445656510603,0.59387309414216871,False,False,I8
2015-09-30,VMBS,6,2016-03-31,2016-03-31,9,0.15295580985304502,0.0538858001175304,0.14709125374625076,232.99518105153672,0.10048852693189059,0.050000000000000003,0.0050244263465945294,0.5,0.053156553894716262,64,1,False,,,,True,True,I8
2015-09-30,VWO,6,2016-03-31,2016-03-31,9,0.12617592949877454,-0.10629345801928539,0.13030115107011697,35.564803062231285,-0.00029179819964510309,0.050000000000000003,-1.4589909982255156e-05,0.55196925142286191,-0.021997978033951066,121,0,False,-0.1940838798068307,0.19405469998686617,0.74332502604112294,False,False,I8
2015-10-30,BND,6,2016-04-29,2016-04-29,9,-0.015915026060930426,0.046033104775478173,0.08315860798961279,232.99518105153672,0.061024013490533005,0.050000000000000003,0.0030512006745266503,0.59620995226409712,0.025397193189193406,97,1,False,-0.12949062124074998,0.1355930225898033,0.58797656179483448,False,False,I8
2015-10-30,DBC,6,2016-04-29,2016-04-29,9,0.052759598646480277,0.042341723804069045,0.053484541456175781,494.17133613238281,0.049226377364572471,0.050000000000000003,0.0024613188682286236,0.3821442856330175,0.036094602517499498,111,1,False,-0.35982995972059884,0.36475259745705613,0.76749212414259516,False,False,I8
2015-10-30,GLD,6,2016-04-29,2016-04-29,9,-0.11931990248512259,0.059509908014919899,0.24102488898206206,3237.4575428176399,0.14866141384327658,0.050000000000000003,0.0074330706921638297,0.50884767001961739,-0.012633177457116453,126,0,False,-0.24408152179947992,0.25894766318380757,0.81703993899640714,False,False,I8
2015-10-30,VDE,6,2016-04-29,2016-04-29,9,-0.0055527179300820517,-0.14876476201748073,-0.11084134839814469,109.85411419875572,-0.1280216257709573,0.050000000000000003,-0.0064010812885478656,0.45302560432093791,-0.010699112196608374,127,0,False,-0.41750897261704217,0.40470681003994641,0.68786793025655513,False,False,I8
2015-10-30,VMBS,6,2016-04-29,2016-04-29,9,-0.0064417503071541038,0.053127019849219373,0.057973341494293291,232.99518105153672,0.055550180671756336,0.050000000000000003,0.002777509033587817,0.5,0.055901840974295368,65,1,False,,,,True,True,I8
2015-10-30,VWO,6,2016-04-29,2016-04-29,9,0.0027943924472966231,-0.063292366890807583,0.062981089164638987,35.564803062231285,-0.0046986695493108832,0.050000000000000003,-0.00023493347746554417,0.53597771715562881,-0.018249179089335814,122,1,False,-0.22944612878932533,0.22897626183439426,0.75457639847988711,False,False,I8
2015-11-30,BND,6,2016-05-31,2016-05-31,9,0.068327331400474201,0.038007038441899149,0.12480374621177201,232.99518105153672,0.07450270080736987,0.050000000000000003,0.0037251350403684938,0.57952711222373854,0.026548606199256034,98,1,False,-0.14386643611894967,0.15131670619968668,0.55195697109135944,False,False,I8
2015-11-30,DBC,6,2016-05-31,2016-05-31,9,0.062397927746934201,0.043335598434892791,0.092119537416335232,494.17133613238281,0.074689687081158029,0.050000000000000003,0.0037344843540579016,0.35728665415491728,0.038736033303566744,112,1,False,-0.35338705498265816,0.36085602369077391,0.75564537068718385,False,False,I8
2015-11-30,GLD,6,2016-05-31,2016-05-31,9,-0.043113432352661185,0.060176860840106761,0.28594587933056731,3237.4575428176399,0.17488670041662155,0.050000000000000003,0.0087443350208310771,0.49191505396316526,-0.010558274724737596,127,0,False,-0.24095128186068138,0.25843995190234353,0.84765561501163245,False,False,I8
2015-11-30,VDE,6,2016-05-31,2016-05-31,9,0.087127097917405916,-0.16066474584113666,-0.061497639336445566,109.85411419875572,-0.10396013014809723,0.050000000000000003,-0.0051980065074048619,0.42819128548076552,-0.0084671187422366411,128,0,False,-0.41630589783589916,0.40590988482108942,0.68023674787166277,False,False,I8
2015-11-30,VMBS,6,2016-05-31,2016-05-31,9,0.074341481315624014,0.049859677432497203,0.093779824156499894,232.99518105153672,0.071819750794498552,0.050000000000000003,0.0035909875397249279,0.5,0.057110029581720387,66,1,False,,,,True,True,I8
2015-11-30,VWO,6,2016-05-31,2016-05-31,9,0.10052886897366986,-0.096936883579094857,0.066163526919667426,35.564803062231285,-0.019002759234564355,0.050000000000000003,-0.00095013796172821777,0.52217088782175736,-0.015525157517098691,123,1,False,-0.25215353963007775,0.25025326370662132,0.77579500349530806,False,False,I8
2015-12-31,BND,6,2016-06-30,2016-06-30,9,-0.022414284328777567,0.052033687284136022,0.12837501652217764,232.99518105153672,0.085389135822429435,0.050000000000000003,0.0042694567911214718,0.56307482629380157,0.027389480076521651,99,1,False,-0.14310176012286738,0.15164067370511033,0.50336673343901683,False,False,I8
2015-12-31,DBC,6,2016-06-30,2016-06-30,9,-0.098961433257259035,0.045771100586224502,0.13337769930462329,494.17133613238281,0.10412074203483433,0.050000000000000003,0.0052060371017417168,0.33395837411553964,0.041650573681811263,113,1,False,-0.36895752642930091,0.37936960063278435,0.73114182065421585,False,False,I8
2015-12-31,GLD,6,2016-06-30,2016-06-30,9,-0.21742571699020719,0.062121487297237314,0.33155434760305624,3237.4575428176399,0.20396988327984206,0.050000000000000003,0.010198494163992104,0.4735297104384365,-0.0087453551688656365,128,0,False,-0.2283699583709817,0.2487669466989659,0.87144499767893435,False,False,I8
2015-12-31,VDE,6,2016-06-30,2016-06-30,9,-0.10704557158169736,-0.16223857480205725,0.12157404515603844,109.85411419875572,0.0062504645676316334,0.050000000000000003,0.0003125232283815817,0.40633704239590918,-0.0058259478543264956,129,0,False,-0.41079536810011269,0.41142041455687589,0.57691575915622406,False,False,I8
2015-12-31,VMBS,6,2016-06-30,2016-06-30,9,-0.0033007501656627802,0.063680773135363147,0.11680528426177153,232.99518105153672,0.090243028698567346,0.050000000000000003,0.0045121514349283675,0.5,0.057872005410554449,67,1,False,,,,True,True,I8
2015-12-31,VWO,6,2016-06-30,2016-06-30,9,-0.0074197667340689666,-0.084166991754067777,0.09568184422805226,35.564803062231285,0.0042546741191121671,0.050000000000000003,0.00021273370595560837,0.50835563994436683,-0.012858988178174151,124,1,False,-0.29963572139537364,0.30006118880728483,0.75508049097490604,False,False,I8
2016-01-29,BND,6,2016-07-29,2016-07-29,9,0.021576543086043287,0.058872574430060914,0.18680584970005951,232.99518105153672,0.1154580745155861,0.050000000000000003,0.0057729037257793049,0.55769521286699242,0.027239667265034982,100,1,False,-0.14139315578738521,0.15293896323894379,0.37784727720568684,False,False,I8
2016-01-29,DBC,6,2016-07-29,2016-07-29,9,-0.047482500850779319,0.05313682882349223,0.24542615382662888,494.17133613238281,0.18507055434880845,0.050000000000000003,0.0092535277174404223,0.31387909587199342,0.043146006341871733,114,1,False,-0.35402138715719844,0.37252844259207929,0.64431665786755943,False,False,I8
2016-01-29,GLD,6,2016-07-29,2016-07-29,9,-0.13610473454028016,0.061355327896781033,0.34253286341547273,3237.4575428176399,0.21066157435103067,0.050000000000000003,0.010533078717551533,0.46899653210622777,-0.0086361131995417971,129,0,False,-0.21507861740846146,0.2361447748435645,0.87635772187603178,False,False,I8
2016-01-29,VDE,6,2016-07-29,2016-07-29,9,-0.11216247522633682,-0.12136816132492508,0.22482750128700732,109.85411419875572,0.09138325548059377,0.050000000000000003,0.0045691627740296883,0.38545903434959466,-0.0043807482193659103,130,0,False,-0.34244335381121926,0.35158167935927864,0.47451827828395982,False,False,I8
2016-01-29,VMBS,6,2016-07-29,2016-07-29,9,0.050783822628887032,0.064527367775436772,0.1649845442006104,232.99518105153672,0.11475595598802359,0.050000000000000003,0.00573779779940118,0.5,0.057141292256466081,68,1,False,,,,True,True,I8
2016-01-29,VWO,6,2016-07-29,2016-07-29,9,-0.141423472073962,-0.059663571902952323,0.20557929141018147,35.564803062231285,0.07405688652684686,0.050000000000000003,0.0037028443263423432,0.49585652650742645,-0.01111610659440683,125,1,False,-0.2841366594199895,0.29154234807267415,0.668742929207223,False,False,I8
2016-02-29,BND,6,2016-08-31,2016-08-31,9,-0.030818070202628833,0.060194248217215002,0.17084748938186947,232.99518105153672,0.11179869330438258,0.050000000000000003,0.0055899346652191293,0.53363819673045976,0.027738304865092725,101,1,False,-0.13254586259512274,0.14372573192556098,0.37883805617152261,False,False,I8
2016-02-29,DBC,6,2016-08-31,2016-08-31,9,-0.1770475250262884,0.047795199483733675,0.16990503640932311,494.17133613238281,0.13414928069905513,0.050000000000000003,0.0067074640349527566,0.29281634150454749,0.045180577331587063,115,1,False,-0.35654716523779406,0.36996209330769958,0.68245590399366962,False,False,I8
2016-02-29,GLD,6,2016-08-31,2016-08-31,9,-0.072289902188917621,0.060816239845619881,0.30898325901802454,3237.4575428176399,0.19273917965988441,0.050000000000000003,0.0096369589829942218,0.46841066853200158,-0.0084038790095839443,130,0,False,-0.20463326491885081,0.22390718288483924,0.87980103063453019,False,False,I8
2016-02-29,VDE,6,2016-08-31,2016-08-31,9,-0.23144868907792415,-0.13258179579877039,0.047983705210147359,109.85411419875572,-0.017598461131127514,0.050000000000000003,-0.00087992305655637581,0.36320429968533086,-0.00266159769687153,131,0,False,-0.34786961365364893,0.34610976754053618,0.60392067085051471,False,False,I8
2016-02-29,VMBS,6,2016-08-31,2016-08-31,9,-0.012617713427836463,0.066418181739375956,0.14260552681400085,232.99518105153672,0.10451185427668841,0.050000000000000003,0.0052255927138344207,0.5,0.057474058913693116,69,1,False,,,,True,True,I8
2016-02-29,VWO,6,2016-08-31,2016-08-31,9,-0.23296132359214106,-0.067931443790393981,0.179511054489916,35.564803062231285,0.061084806920395654,0.050000000000000003,0.0030542403460197829,0.47860108264572926,-0.009440465287080849,126,1,False,-0.28475319008336858,0.2908616707754082,0.68797485086135968,False,False,I8
2016-03-31,BND,6,2016-09-30,2016-09-30,10,-0.12976347312084746,0.09493393258743435,0.12921079816845413,159.98587196060572,0.1113283076049247,0.050000000000000003,0.0055664153802462354,0.52170728741987293,0.028879179540853891,102,1,False,-0.14122903721530061,0.1523618679757931,0.55294716284876699,False,False,I8
2016-03-31,DBC,6,2016-09-30,2016-09-30,10,-0.21943218778882057,-0.033744667297896297,0.18376486495491429,51.794746792312019,0.12089553909908733,0.050000000000000003,0.0060447769549543673,0.28904170407922236,0.047257091456723341,116,1,False,-0.35624662319381178,0.36833617710372052,0.72324656642615937,False,False,I8
2016-03-31,GLD,6,2016-09-30,2016-09-30,10,-0.17511856494588796,0.069997701221622285,0.2035422198976316,2222.9964825261909,0.14002850916411155,0.050000000000000003,0.007001425458205578,0.47559953312355602,-0.0075162993982373829,131,0,False,-0.197920485797623,0.21192333671403418,0.87347334376749408,False,False,I8
2016-03-31,VDE,6,2016-09-30,2016-09-30,10,-0.25192968884617306,-0.12276055462818711,-0.014823921475176876,75.431200633546069,-0.052854556064776972,0.050000000000000003,-0.0026427278032388488,0.35234223524174713,-0.0014483526290434683,132,0,False,-0.33769021827285373,0.33240476266637597,0.65350077586687016,False,False,I8
2016-03-31,VMBS,6,2016-09-30,2016-09-30,10,-0.11817592135030086,0.096407580383097491,0.10593656361395366,109.85411419875572,0.10590328898215363,0.050000000000000003,0.0052951644491076822,0.0034919393805088661,0.058838083927112428,70,1,False,,,,True,True,I8
2016-03-31,VOO,6,2016-09-30,2016-09-30,10,-0.17176720151991987,-0.057256043905666049,0.12232285252732941,16.768329368110066,0.032533404310831682,0.050000000000000003,0.0016266702155415841,0.5,0.0072558617821697497,61,1,False,,,,True,True,I8
2016-03-31,VWO,6,2016-09-30,2016-09-30,10,-0.22880435975733215,0.00019805820466060192,0.18908556814332927,24.420530945486497,0.10112745004228769,0.050000000000000003,0.0050563725021143847,0.46566402473938795,-0.0083726196588457674,127,1,False,-0.26242341159245469,0.27253615659668345,0.63216467248013242,False,False,I8
2016-04-29,BND,6,2016-10-31,2016-10-31,10,-0.048420684589805529,0.10973720382167494,0.18173161327266213,159.98587196060572,0.14374667694345178,0.050000000000000003,0.0071873338471725896,0.52760952716849474,0.028444284340836568,103,1,False,-0.13944018748882889,0.15381485518317409,0.32645069137300098,False,False,I8
2016-04-29,DBC,6,2016-10-31,2016-10-31,10,-0.074749846415377186,0.059775231569963769,0.24165122082823712,51.794746792312019,0.18914023284373327,0.050000000000000003,0.0094570116421866645,0.28871863844509743,0.047304121432704169,117,1,False,-0.34771621515965551,0.36663023844402881,0.67398297617924197,False,False,I8
2016-04-29,GLD,6,2016-10-31,2016-10-31,10,-0.01822852450638679,0.076676655056376219,0.26700743017097062,2222.9964825261909,0.17480845633168215,0.050000000000000003,0.0087404228165841088,0.48441442947824548,-0.0083632963913198508,132,0,False,-0.19613063009824705,0.21361147573141526,0.77442853453440053,False,False,I8
2016-04-29,VDE,6,2016-10-31,2016-10-31,10,-0.053971537874465736,-0.044647688990845411,0.056496645256274042,75.431200633546069,0.020860863614030264,0.050000000000000003,0.0010430431807015132,0.35232602901094945,-0.0014792125185249631,133,0,False,-0.33399721519810788,0.33608330155951094,0.55953419758724543,False,False,I8
2016-04-29,VMBS,6,2016-10-31,2016-10-31,10,-0.047537274211049696,0.11523713210554565,0.1740441536959971,109.85411419875572,0.16439603543945999,0.050000000000000003,0.008219801771973,0.16406405214209474,0.05791864964212276,71,1,False,,,,True,True,I8
2016-04-29,VOO,6,2016-10-31,2016-10-31,10,-0.076040277704247594,-0.0032033307109432365,0.14736231754758466,16.768329368110066,0.07207949341832072,0.050000000000000003,0.0036039746709160361,0.5,0.0072644708840580918,62,1,False,,,,True,True,I8
2016-04-29,VWO,6,2016-10-31,2016-10-31,10,-0.12708527199333475,0.071422100743256361,0.18207431029826462,24.420530945486497,0.13055746922824857,0.050000000000000003,0.0065278734614124291,0.46557444516646207,-0.0082853773767665312,128,1,False,-0.24470775223903418,0.25776349916185903,0.58798323315874412,False,False,I8
2016-05-31,BND,6,2016-11-30,2016-11-30,10,0.016309171659666166,0.11382528596384275,0.11780325212257454,159.98587196060572,0.11568811452030585,0.050000000000000003,0.0057844057260152924,0.53171332230312296,0.028827775177948468,104,1,False,-0.13371483964685243,0.14528365109888303,0.50418071200762904,False,False,I8
2016-05-31,DBC,6,2016-11-30,2016-11-30,10,-0.0081741515952040711,0.088183763113110727,0.12093854960927403,51.794746792312019,0.11145025593087479,0.050000000000000003,0.0055725127965437398,0.28967655397511555,0.047432035045536627,118,1,False,-0.35158703202923564,0.36273205762232313,0.74910967881801616,False,False,I8
2016-05-31,GLD,6,2016-11-30,2016-11-30,10,0.032048595801907664,0.079393919183961936,0.19351255760933617,2222.9964825261909,0.13705249611770165,0.050000000000000003,0.0068526248058850825,0.49474881816571564,-0.0086245756090742969,133,0,False,-0.1896520711751741,0.20335732078694427,0.66458630554579479,False,False,I8
2016-05-31,VDE,6,2016-11-30,2016-11-30,10,-0.083520980922394683,-0.031234425507432082,-0.020484210493734209,75.431200633546069,-0.024254704477487562,0.050000000000000003,-0.0012127352238743782,0.35073661121652056,-0.00081797139586876259,134,0,False,-0.31783819808830244,0.31541272764055367,0.6139070283637964,False,False,I8
2016-05-31,VMBS,6,2016-11-30,2016-11-30,10,0.015898369381300625,0.12000650074624611,0.12199969383404542,109.85411419875572,0.12161386186576786,0.050000000000000003,0.0060806930932883934,0.19357480749822864,0.058146744526476946,72,1,False,,,,True,True,I8
2016-05-31,VOO,6,2016-11-30,2016-11-30,10,-0.059717656215456216,0.0031669124269961321,0.15910146944816611,16.768329368110066,0.081134190937581119,0.050000000000000003,0.0040567095468790563,0.5,0.0084865841288250601,63,1,False,,,,True,True,I8
2016-05-31,VWO,6,2016-11-30,2016-11-30,10,-0.080601831120427514,0.079352463225088057,0.15268700519098233,24.420530945486497,0.11918856073419611,0.050000000000000003,0.0059594280367098055,0.45678944135718941,-0.0074418560872282664,129,1,False,-0.2335108278202416,0.24542968389366124,0.60864983759991509,False,False,I8
2016-06-30,BND,6,2016-12-30,2016-12-30,10,0.14135779460259301,0.10968410080236465,0.18054059878086468,159.98587196060572,0.1420515041801195,0.050000000000000003,0.0071025752090059756,0.54319781105219045,0.028339755563598693,105,1,False,-0.13239101602586992,0.14659616644388188,0.29984544956863862,False,False,I8
2016-06-30,DBC,6,2016-12-30,2016-12-30,10,0.065284339060155183,0.13479538955181447,0.23452165090668278,51.794746792312019,0.20488334871624439,0.050000000000000003,0.01024416743581222,0.29719656375137499,0.046201837832908092,119,1,False,-0.32935493349355516,0.34984326836517965,0.59318681844746191,False,False,I8
2016-06-30,GLD,6,2016-12-30,2016-12-30,10,0.25072920900137008,0.08040859290249916,0.23804947299866855,2222.9964825261909,0.15820608388273547,0.050000000000000003,0.0079103041941367743,0.50648911035782318,-0.010182793082067826,134,0,False,-0.21564960354675547,0.23147021193502901,0.56414738593278158,False,False,I8
2016-06-30,VDE,6,2016-12-30,2016-12-30,10,-0.020924685541663157,0.020770321020518189,0.10693483896444381,75.431200633546069,0.07596485990938906,0.050000000000000003,0.0037982429954694532,0.35942844913505451,-0.0016048425083563819,135,0,False,-0.30260335506763175,0.31019984105857062,0.48064886719579492,False,False,I8
2016-06-30,VMBS,6,2016-12-30,2016-12-30,10,0.13546322864480709,0.11590475282309291,0.17087000836994889,109.85411419875572,0.14816433257466652,0.050000000000000003,0.0074082166287333263,0.41309142601777915,0.057304998023844901,73,1,False,-0.14052316687771715,0.15533960013518383,,False,True,I8
2016-06-30,VOO,6,2016-12-30,2016-12-30,10,0.0082187236419339893,0.043700071660385753,0.17158264304479007,16.768329368110066,0.10764135735258791,0.050000000000000003,0.0053820678676293962,0.5,0.0086066683027796083,64,1,False,,,,True,True,I8
2016-06-30,VWO,6,2016-12-30,2016-12-30,10,0.033870377269062057,0.11247995746603381,0.23398819294295148,24.420530945486497,0.17825213485643127,0.050000000000000003,0.0089126067428215629,0.45870189677067724,-0.0074416861691270391,130,1,False,-0.23052043412227541,0.24834564760791855,0.49522003012486809,False,False,I8
2016-07-29,BND,6,2017-01-31,2017-01-31,10,0.20252146456333453,0.12518423474954044,0.12690550333267669,159.98587196060572,0.12593771831697242,0.050000000000000003,0.0062968859158486212,0.56225101950151335,0.028275951672301,106,1,False,-0.13164939376108598,0.14424316559278322,0.49231876815521414,False,False,I8
2016-07-29,DBC,6,2017-01-31,2017-01-31,10,0.065929940108925944,0.15782358699851184,0.16381202815344595,51.794746792312019,0.16196000716888609,0.050000000000000003,0.0080980003584443048,0.30926595697344633,0.045421135010544025,120,1,False,-0.32795619757513389,0.34415219829202254,0.55960906236055075,False,False,I8
2016-07-29,GLD,6,2017-01-31,2017-01-31,10,0.28896725551578339,0.083044187806964945,0.21016527914470687,2222.9964825261909,0.14431417417495615,0.050000000000000003,0.0072157087087478082,0.51801871960644275,-0.011115548203980512,135,0,False,-0.20694652663114269,0.22137794404863828,0.51399575081911331,False,False,I8
2016-07-29,VDE,6,2017-01-31,2017-01-31,10,0.051247636942578056,0.035743383680510804,0.033850240123853105,75.431200633546069,0.034559223766229066,0.050000000000000003,0.0017279611883114533,0.37450072916163718,-0.0024177662783415339,136,0,False,-0.29306750548191773,0.29652342785854069,0.51248381351928007,False,False,I8
2016-07-29,VMBS,6,2017-01-31,2017-01-31,10,0.18797102666325971,0.13490575784025577,0.12257091978617164,109.85411419875572,0.12998793626244834,0.050000000000000003,0.0064993968131224177,0.60130635228087925,0.057216874032021144,74,1,False,-0.14143198669332807,0.15443078031957291,,False,True,I8
2016-07-29,VOO,6,2017-01-31,2017-01-31,10,0.10245451530670868,0.066680982833610347,0.16884986817075556,16.768329368110066,0.11776542550218295,0.050000000000000003,0.0058882712751091477,0.5,0.0075071464403895808,65,1,False,,,,True,True,I8
2016-07-29,VWO,6,2017-01-31,2017-01-31,10,0.12538700595675345,0.12911156712505273,0.22310079560525986,24.420530945486497,0.17853017293373163,0.050000000000000003,0.0089265086466865824,0.47420990034952964,-0.0084644478935914265,131,1,False,-0.22543551781766299,0.24328853511103618,0.45382811327312,False,False,I8
2016-08-31,BND,6,2017-02-28,2017-02-28,10,0.2511209151249264,0.13288965002123976,0.1766203589394581,159.98587196060572,0.15141978507363418,0.050000000000000003,0.0075709892536817095,0.57626721562991368,0.027723671094030632,107,1,False,-0.13037041327270016,0.14551239178006359,0.31276551514200984,False,False,I8
2016-08-31,DBC,6,2017-02-28,2017-02-28,10,0.17711131747883524,0.1592591065196628,0.22057821830724264,51.794746792312019,0.20099050341161326,0.050000000000000003,0.010049525170580664,0.31943898606171334,0.043582551043297481,121,1,False,-0.32600164496461381,0.34610069530577514,0.41102188434423986,False,False,I8
2016-08-31,GLD,6,2017-02-28,2017-02-28,10,0.28330523344017355,0.083767782750719985,0.27493571238114195,2222.9964825261909,0.17404680535329031,0.050000000000000003,0.0087023402676645167,0.52775016825728305,-0.011565359630340347,136,0,False,-0.19612727251746498,0.21353195305279399,0.42691717354449066,False,False,I8
2016-08-31,VDE,6,2017-02-28,2017-02-28,10,0.2044499742949053,0.0091480347227067878,0.061683785732636671,75.431200633546069,0.041531963968437391,0.050000000000000003,0.0020765981984218695,0.38358301493378005,-0.0040895248389224269,137,0,False,-0.29270201206404067,0.29685520846088442,0.48966706474693705,False,False,I8
2016-08-31,VMBS,6,2017-02-28,2017-02-28,10,0.24213264577167037,0.14338045441216332,0.15756838723951958,109.85411419875572,0.14818408512843417,0.050000000000000003,0.0074092042564217094,0.66142842831840742,0.056285746199223038,75,1,False,-0.14052217925002877,0.15534058776287221,,False,True,I8
2016-08-31,VOO,6,2017-02-28,2017-02-28,10,0.1308497765108998,0.044382516564991085,0.18005681723600758,16.768329368110066,0.11221966690049934,0.050000000000000003,0.0056109833450249669,0.5,0.0055527654202778814,66,1,False,,,,True,True,I8
2016-08-31,VWO,6,2017-02-28,2017-02-28,10,0.16939650300649789,0.090056940867006718,0.22796628516108025,24.420530945486497,0.16064209775183039,0.050000000000000003,0.0080321048875915194,0.48817712645845007,-0.010165181800398621,132,1,False,-0.24302091796430511,0.25908512773948816,0.45541298635725436,False,False,I8
2016-09-30,BND,6,2017-03-31,2017-03-31,11,0.29042009484893472,0.056666604391567788,0.2067449446666888,10000,0.12031949303824845,0.050000000000000003,0.0060159746519124228,0.57586891932577822,0.026265456795744723,108,1,False,-0.1296437535459303,0.14167570284975514,0.34809502483033944,False,False,I8
2016-09-30,DBC,6,2017-03-31,2017-03-31,11,0.25276890301703614,0.12796293142833212,0.23620003316862573,10000,0.20011332868710122,0.050000000000000003,0.010005666434355062,0.33340420152889633,0.041426692528280122,122,1,False,-0.31584115056373296,0.33585248343244312,0.35707212735804106,False,False,I8
2016-09-30,GLD,6,2017-03-31,2017-03-31,11,0.32117135402019859,0.09049079217183395,0.28753237467835718,10000,0.18263496767837401,0.050000000000000003,0.0091317483839187009,0.53236177696913523,-0.012759178647242152,137,0,False,-0.18732729884157565,0.20559079560941304,0.37481486810627496,False,False,I8
2016-09-30,VDE,6,2017-03-31,2017-03-31,11,0.26450016194127635,0.061712465027985497,0.16464672153104909,10000,0.12455108925293053,0.050000000000000003,0.0062275544626465267,0.38952661281354095,-0.0058854680563662724,138,0,False,-0.28440184752115072,0.29685695644644372,0.36907362751160122,False,False,I8
2016-09-30,VMBS,6,2017-03-31,2017-03-31,11,0.28135170818712341,0.057853758917548771,0.21378074349769308,10000,0.1180126833444804,0.050000000000000003,0.0059006341672240203,0.6141852894230071,0.053990197941992467,76,1,False,-0.12106477987604765,0.13286604821049569,,False,True,I8
2016-09-30,VOO,6,2017-03-31,2017-03-31,11,0.1654192488476689,0.0073397893946026763,0.18025729183685227,10000,0.030104782825032327,0.050000000000000003,0.0015052391412516165,0.86834766227303894,0.0029061987495286614,67,1,False,,,,True,True,I8
2016-09-30,VWO,6,2017-03-31,2017-03-31,11,0.20363942740866037,0.087017190501149144,0.30615079639438986,10000,0.1969561867122113,0.050000000000000003,0.0098478093356105662,0.49830152357086133,-0.011809085394059778,133,1,False,-0.2294809075359272,0.24917652620714836,0.34426538432118875,False,False,I8
2016-09-30,VXUS,6,2017-03-31,2017-03-31,11,0.20144351459253951,0.064867250953166769,0.16660764790160493,10000,0.11573744942738584,0.050000000000000003,0.0057868724713692928,0.5,0.0565970814101096,62,1,False,,,,True,True,I8
2016-10-31,BND,6,2017-04-28,2017-04-28,11,0.29133375615608192,0.0566725862513432,0.17788432678189134,10000,0.10739817501513135,0.050000000000000003,0.0053699087507565677,0.58151257838753556,0.025580262838079126,109,1,False,-0.13028113945506645,0.1410209569565796,0.35851880456044005,False,False,I8
2016-10-31,DBC,6,2017-04-28,2017-04-28,11,0.30892200883662702,0.12803924257172825,0.2322351094964398,10000,0.19635223093702872,0.050000000000000003,0.0098176115468514361,0.3443790969687775,0.040482167821421118,123,1,False,-0.29892774354511048,0.31856296663881339,0.31490550698489622,False,False,I8
2016-10-31,GLD,6,2017-04-28,2017-04-28,11,0.29183758696992113,0.090473606290064318,0.25192483658851017,10000,0.16485223525647993,0.050000000000000003,0.0082426117628239971,0.53931209549208603,-0.012798811588250443,138,0,False,-0.18151101582743798,0.197996239353086,0.36836888766428844,False,False,I8
2016-10-31,VDE,6,2017-04-28,2017-04-28,11,0.29393083434972489,0.061808613341409323,0.18116209248804699,10000,0.13413389625002572,0.050000000000000003,0.0067066948125012868,0.39402451084180329,-0.0062314110046979227,139,0,False,-0.2813091327802118,0.2947225224052144,0.33837995174370733,False,False,I8
2016-10-31,VMBS,6,2017-04-28,2017-04-28,11,0.29178007806840078,0.05788977413442304,0.18012957619510464,10000,0.10403181441610061,0.050000000000000003,0.005201590720805031,0.62252850950485017,0.05267165934260231,77,1,False,-0.12132703229198374,0.13173021373359381,,False,True,I8
2016-10-31,VOO,6,2017-04-28,2017-04-28,11,0.15276458618571076,0.0073153753380803604,0.16958559522392802,10000,0.026118979134132154,0.050000000000000003,0.0013059489567066077,0.88412165948083654,0.001745221154620187,68,1,False,,,,True,True,I8
2016-10-31,VWO,6,2017-04-28,2017-04-28,11,0.20095095858220202,0.086850495790050275,0.29740498640351837,10000,0.19130647243797272,0.050000000000000003,0.0095653236218986373,0.50390050412327358,-0.012669355443308099,134,1,False,-0.22670112206940399,0.24583176931320125,0.3159661688684966,False,False,I8
2016-10-31,VXUS,6,2017-04-28,2017-04-28,11,0.1765937075592332,0.064934458079863366,0.16660764790160493,10000,0.11577105299073415,0.050000000000000003,0.005788552649536708,0.5,0.054726661436085282,63,1,False,,,,True,True,I8
2016-11-30,BND,6,2017-05-31,2017-05-31,11,0.26337951653740377,0.056316062454446036,0.1480045512768462,10000,0.094833322779971724,0.050000000000000003,0.0047416661389985864,0.57991171170752642,0.025495980191002642,110,1,False,-0.12724904092871522,0.13673237320671242,0.47601373989322449,False,False,I8
2016-11-30,DBC,6,2017-05-31,2017-05-31,11,0.29655694768510088,0.12732013965446404,0.18766610439308093,10000,0.16670912366371352,0.050000000000000003,0.0083354561831856765,0.34728056499122478,0.040089778148706394,124,1,False,-0.29157641640584575,0.30824732877221706,0.36123251508099308,False,False,I8
2016-11-30,GLD,6,2017-05-31,2017-05-31,11,0.21680979868382222,0.089923774598084177,0.23178772991029686,10000,0.15469774081521212,0.050000000000000003,0.007734887040760606,0.54340786512984141,-0.01247616836961621,139,0,False,-0.17925570152279388,0.19472547560431511,0.42312556424670505,False,False,I8
2016-11-30,VDE,6,2017-05-31,2017-05-31,11,0.36827799555910057,0.061114459396194983,0.14691231849981881,10000,0.11302821504144789,0.050000000000000003,0.0056514107520723948,0.39492947507520904,-0.0067834793612528976,140,0,False,-0.28235983213870547,0.29366265364285021,0.35372512352580648,False,False,I8
2016-11-30,VMBS,6,2017-05-31,2017-05-31,11,0.2684418521768861,0.0575333697276324,0.14609816668523548,10000,0.09207035251681045,0.050000000000000003,0.0046035176258405223,0.61003712563456458,0.052200206907201001,78,1,False,-0.12158537902990602,0.13079241428158705,,False,True,I8
2016-11-30,VOO,6,2017-05-31,2017-05-31,11,0.18485457047058129,0.006968805290404426,0.16456887094109185,10000,0.023286288155717951,0.050000000000000003,0.0011643144077858976,0.8964627153044441,0.0008544548159234275,69,0,False,,,,True,True,I8
2016-11-30,VWO,6,2017-05-31,2017-05-31,11,0.13652780607261339,0.086459241112372534,0.30665038646225801,10000,0.19491760445718403,0.050000000000000003,0.0097458802228592017,0.50743540039963797,-0.013172558966842314,135,1,False,-0.22455949984330614,0.24405126028902457,0.27633581455067602,False,False,I8
2016-11-30,VXUS,6,2017-05-31,2017-05-31,11,0.12030962266376988,0.064597755710022908,0.17392292620117236,10000,0.11926034095559764,0.050000000000000003,0.0059630170477798818,0.5,0.053753090601107695,64,1,False,,,,True,True,I8
2016-12-30,BND,6,2017-06-30,2017-06-30,11,0.24084529330100835,0.055594607579046697,0.11726563209470614,10000,0.081487544672862858,0.050000000000000003,0.0040743772336431427,0.58014420390824806,0.02653978032083679,111,1,False,-0.13384995526580418,0.14199870973309048,0.58074267407270874,False,False,I8
2016-12-30,DBC,6,2017-06-30,2017-06-30,11,0.35197526209463059,0.12692595897736308,0.12286543475141856,10000,0.12429891944891742,0.050000000000000003,0.0062149459724458716,0.35302946558961179,0.040291334635997982,125,1,False,-0.29367407328973094,0.30610396523462269,0.54882750138380332,False,False,I8
2016-12-30,GLD,6,2017-06-30,2017-06-30,11,0.18749616079977338,0.088932305416229124,0.19795936395728822,10000,0.13940676321929846,0.050000000000000003,0.0069703381609649232,0.53704650498242268,-0.010596129959823454,140,0,False,-0.19782301451067558,0.21176369083260543,0.48324729588249804,False,False,I8
2016-12-30,VDE,6,2017-06-30,2017-06-30,11,0.40782717344904118,0.060770987240243809,0.086577000455081696,10000,0.076280725547657191,0.050000000000000003,0.0038140362773828596,0.39898743063125969,-0.0068837716036671565,141,0,False,-0.26433390074285446,0.27196197329762017,0.38677445939849026,False,False,I8
2016-12-30,VMBS,6,2017-06-30,2017-06-30,11,0.24860387729100553,0.056821948759637406,0.098563550924677099,10000,0.072895232959654319,0.050000000000000003,0.0036447616479827159,0.61493370243754208,0.053254169207677025,79,1,False,-0.12639788751712869,0.13368741081309413,,False,True,I8
2016-12-30,VOO,6,2017-06-30,2017-06-30,11,0.17278713510642518,0.006617368194827819,0.1437687605938979,10000,0.019182348464603555,0.050000000000000003,0.00095911742323017779,0.90838605390738325,0.00095965865629500701,70,1,False,-0.17243475431223126,0.17435298915869163,,False,True,I8
2016-12-30,VWO,6,2017-06-30,2017-06-30,11,0.11396251680974845,0.086075927688924192,0.26056893507493228,10000,0.1710130980342193,0.050000000000000003,0.0085506549017109659,0.51323453233057226,-0.012826655023931256,136,1,False,-0.22574777754247441,0.24284908734589636,0.38805058098006079,False,False,I8
2016-12-30,VXUS,6,2017-06-30,2017-06-30,11,0.11580130720262827,0.064305026688799588,0.10580394875933533,10000,0.085054487724067457,0.050000000000000003,0.0042527243862033734,0.5,0.053445114337998055,65,1,False,,,,True,True,I8
2017-01-31,BND,6,2017-07-31,2017-07-31,11,0.23726445473260283,0.05515234618680797,0.097258083982875582,10000,0.07290524905597591,0.050000000000000003,0.0036452624527987957,0.57837330971015677,0.028111045358716232,112,1,False,-0.14178636005856504,0.14907688496416266,0.63409104033082853,False,False,I8
2017-01-31,DBC,6,2017-07-31,2017-07-31,11,0.31568795550279227,0.12664600432300716,0.17523722610155812,10000,0.15801311988314914,0.050000000000000003,0.0079006559941574572,0.35446950267902066,0.040494815631814875,126,1,False,-0.28684132052363798,0.30264263251195289,0.50321937608376577,False,False,I8
2017-01-31,GLD,6,2017-07-31,2017-07-31,11,0.20145259178289243,0.088433944025934949,0.1729641781431564,10000,0.12801031029180504,0.050000000000000003,0.0064005155145902522,0.53180815504440726,-0.0084715669422659613,141,0,False,-0.22305949299975789,0.2358605240289384,0.52610709918329668,False,False,I8
2017-01-31,VDE,6,2017-07-31,2017-07-31,11,0.37405062295085989,0.060311417347078559,0.21039559553390647,10000,0.15048319528077106,0.050000000000000003,0.0075241597640385537,0.39919197997376638,-0.006474395487144304,142,0,False,-0.25684496428431031,0.27189328381238737,0.30566331451407253,False,False,I8
2017-01-31,VMBS,6,2017-07-31,2017-07-31,11,0.24415265992485202,0.056292893714258656,0.090015346919755546,10000,0.069301670783958491,0.050000000000000003,0.0034650835391979249,0.614239895584484,0.054938129925871812,80,1,False,-0.14751541327122408,0.15444558034961992,,False,True,I8
2017-01-31,VOO,6,2017-07-31,2017-07-31,11,0.17649694615046374,0.0064604174672067303,0.16913119455756176,10000,0.022678770820565602,0.050000000000000003,0.0011339385410282803,0.90029952740466446,0.0023891636795402701,71,1,False,-0.17225993319443317,0.17452781027648973,,False,True,I8
2017-01-31,VWO,6,2017-07-31,2017-07-31,11,0.12616308519092878,0.086129400005006865,0.27383119780605025,10000,0.17665626693593603,0.050000000000000003,0.0088328133467968015,0.51770911098633088,-0.011817796184656186,137,1,False,-0.22483032453351581,0.24249595122710943,0.42995984743387961,False,False,I8
2017-01-31,VXUS,6,2017-07-31,2017-07-31,11,0.1311628960226543,0.064032695825086319,0.1623939200069302,10000,0.11321330791600825,0.050000000000000003,0.0056606653958004129,0.5,0.054493785678414258,66,1,False,,,,True,True,I8
2017-02-28,BND,6,2017-08-31,2017-08-31,11,0.21665296901714703,0.054888985529010607,0.079725719615251406,10000,0.065541101129965376,0.050000000000000003,0.0032770550564982688,0.57111448051231961,0.030084584029213667,113,1,False,-0.23635689063410351,0.24291100074710006,0.67529016410289822,False,False,I8
2017-02-28,DBC,6,2017-08-31,2017-08-31,11,0.2973984031578002,0.12670473793241391,0.15465404677394304,10000,0.14470641270872553,0.050000000000000003,0.0072353206354362765,0.35591699678943689,0.041570536118799288,127,1,False,-0.2804287163083955,0.294899357579268,0.57583137006395524,False,False,I8
2017-02-28,GLD,6,2017-08-31,2017-08-31,11,0.21403979432148446,0.088145457613097111,0.13002707539955571,10000,0.10806714212479974,0.050000000000000003,0.0054033571062399874,0.52433345308490364,-0.0064168007423896275,142,0,False,-0.24604313934822183,0.25684985356070184,0.57592428422189434,False,False,I8
2017-02-28,VDE,6,2017-08-31,2017-08-31,11,0.35215884489195337,0.060396876200956094,0.20941985095781537,10000,0.15003473036357129,0.050000000000000003,0.0075017365181785645,0.3984964109804866,-0.0049993998942628372,143,0,False,-0.2480783470008899,0.26308182003724701,0.3274973416685078,False,False,I8
2017-02-28,VMBS,6,2017-08-31,2017-08-31,11,0.22408610333822954,0.056020682871021923,0.069416139350659545,10000,0.061395201714921271,0.050000000000000003,0.0030697600857460638,0.5987804632063769,0.057249173331375504,81,1,False,-0.1828395207364838,0.1889790409079759,,False,True,I8
2017-02-28,VOO,6,2017-08-31,2017-08-31,11,0.19685978041847862,0.0064339887102398026,0.15748769703062435,10000,0.027432221201956271,0.050000000000000003,0.0013716110600978137,0.86098830194106013,0.0041733388577535968,72,1,False,-0.17202226067536364,0.17476548279555926,,False,True,I8
2017-02-28,VWO,6,2017-08-31,2017-08-31,11,0.1025842724113466,0.086199792065946468,0.27612937744527166,10000,0.17801259004590375,0.050000000000000003,0.0089006295022951883,0.51659559622272744,-0.010504649089068115,138,1,False,-0.22035157001445208,0.23815282901904247,0.46727133517275865,False,False,I8
2017-02-28,VXUS,6,2017-08-31,2017-08-31,11,0.11544441808513617,0.063976701981678291,0.12626968376692868,10000,0.095123192874303486,0.050000000000000003,0.0047561596437151743,0.5,0.056390569059191334,67,1,False,,,,True,True,I8
2017-03-31,BND,6,2017-09-29,2017-09-29,12,0.21220216865643216,0.055745291754243129,0.049018032348304659,10000,0.052721597918647431,0.050000000000000003,0.0026360798959323716,0.55053110737389799,0.032368228860965603,114,1,False,-0.28176804030108987,0.28704020009295467,0.70826315782216831,False,False,I8
2017-03-31,DBC,6,2017-09-29,2017-09-29,12,0.22334282777208925,0.13717717633484267,0.0033144939426168383,10000,0.050474361612053202,0.050000000000000003,0.0025237180806026603,0.35230033364530283,0.043220523360191762,128,1,False,-0.28247552108709056,0.28752295724829585,0.7415629404156957,False,False,I8
2017-03-31,GLD,6,2017-09-29,2017-09-29,12,0.21174431299868335,0.08985045005179576,-0.058607848373532258,10000,0.018102272690750477,0.050000000000000003,0.0009051136345375239,0.51671157407793278,-0.0041259744853085912,143,0,False,-0.26522166703725014,0.26703189430632523,0.67515266151130071,False,False,I8
2017-03-31,VDE,6,2017-09-29,2017-09-29,12,0.25017925401698016,0.069585492374571567,-0.062102758316827815,10000,-0.0099845351862971592,0.050000000000000003,-0.00049922675931485803,0.3957697277995243,-0.0031278751592938212,144,0,False,-0.28849349941009361,0.28749504589146391,0.55611288132076087,False,False,I8
2017-03-31,VMBS,6,2017-09-29,2017-09-29,12,0.21996558938625288,0.058582743475435697,0.025378484374369424,10000,0.04283911173549218,0.050000000000000003,0.002141955586774609,0.52585505094321017,0.059982131073518768,82,1,False,-0.27330911843312478,0.27759302960667398,,False,True,I8
2017-03-31,VOO,6,2017-09-29,2017-09-29,12,0.15893064693335668,0.0097491863563917772,0.068398910920948949,10000,0.023350781474910588,0.050000000000000003,0.0011675390737455294,0.76808765566243697,0.0063821869398072309,73,1,False,-0.16410073663682093,0.16643581478431199,,False,True,I8
2017-03-31,VWO,6,2017-09-29,2017-09-29,12,0.1193094092786644,0.082331312939821308,0.035570325805390837,10000,0.059687444443280939,0.050000000000000003,0.002984372222164047,0.51575298375453849,-0.0089640442221779817,139,1,False,-0.22008529697444137,0.22605404141876947,0.67328006250630135,False,False,I8
2017-03-31,VXUS,6,2017-09-29,2017-09-29,12,0.11648041446295632,0.061493828942248356,-0.025804707110622212,10000,-0.020472139626084993,0.050000000000000003,-0.0010236069813042497,0.061084271577104825,0.058523700611152335,68,1,False,,,,True,True,I8
2017-04-28,BND,6,2017-10-31,2017-10-31,12,0.21757296341207155,0.05518251515903308,0.056948586669969332,10000,0.056004510251083758,0.050000000000000003,0.0028002255125541883,0.53456296250715596,0.034620103011357921,115,1,False,-0.28316362189277117,0.28876407291787959,0.71366257978590797,False,False,I8
2017-04-28,DBC,6,2017-10-31,2017-10-31,12,0.15476647342206284,0.13661093878552072,0.20573321696785885,10000,0.18156543690033944,0.050000000000000003,0.0090782718450169719,0.34963807187846219,0.045280224797993596,129,1,False,-0.28960836926870109,0.30776491295873504,0.58634397263493609,False,False,I8
2017-04-28,GLD,6,2017-10-31,2017-10-31,12,0.23004139850861316,0.088992165594137362,-0.086131157566620709,10000,0.0032805158317101581,0.050000000000000003,0.00016402579158550791,0.51056405157554929,-0.0020706719752028252,144,0,False,-0.29992365789863107,0.30025170948180213,0.69298083658306675,False,False,I8
2017-04-28,VDE,6,2017-10-31,2017-10-31,12,0.22995767161836222,0.069142718685482663,0.15120315098117534,10000,0.11898053225309474,0.050000000000000003,0.0059490266126547373,0.39266937580795513,-0.0010791944040592092,145,0,False,-0.28133427196381228,0.29323232518912173,0.43710616849997852,False,False,I8
2017-04-28,VMBS,6,2017-10-31,2017-10-31,12,0.22191111271758923,0.058034771225407469,0.044267187417615372,10000,0.050873319469935237,0.050000000000000003,0.002543665973496762,0.47983234709498995,0.062774877422854689,83,1,False,-0.28403482137409902,0.28912215332109253,,False,True,I8
2017-04-28,VOO,6,2017-10-31,2017-10-31,12,0.13777051980841959,0.009471042923179223,0.10769071353995402,10000,0.040501491090385533,0.050000000000000003,0.0020250745545192768,0.68407094045063244,0.0083603274701572784,74,1,False,-0.16307391790552853,0.16712406701456708,,False,True,I8
2017-04-28,VWO,6,2017-10-31,2017-10-31,12,0.10223128336234599,0.081968711121410243,0.041721509051491058,10000,0.062439459985108782,0.050000000000000003,0.0031219729992554394,0.51476748365328839,-0.0074646513450038416,140,1,False,-0.21378355263194129,0.22002749863045215,0.68285565378193858,False,False,I8
2017-04-28,VXUS,6,2017-10-31,2017-10-31,12,0.1178497007355539,0.061177257348454681,0.077908587485493008,10000,0.077380324193475569,0.050000000000000003,0.0038690162096737786,0.03157329917530001,0.060234860132139009,69,1,False,,,,True,True,I8
2017-05-31,BND,6,2017-11-30,2017-11-30,12,0.21241475983989244,0.055084955320355046,0.03595121216177815,10000,0.045960575354491932,0.050000000000000003,0.0022980287677245967,0.52312624402648489,0.036592166921065213,116,1,False,-0.28366581863760076,0.28826187617304999,0.73292064502670518,False,False,I8
2017-05-31,DBC,6,2017-11-30,2017-11-30,12,0.12018661337581338,0.13659994291726379,0.010807423429107203,10000,0.054700552816689764,0.050000000000000003,0.0027350276408344885,0.3489327470837017,0.04721312266635596,130,1,False,-0.2920212306852184,0.2974912859668874,0.74790257775941149,False,False,I8
2017-05-31,GLD,6,2017-11-30,2017-11-30,12,0.21100143915030145,0.088607082217538838,-0.11988234476690776,10000,-0.014309182834509122,0.050000000000000003,-0.00071545914172545613,0.50637177846085424,-0.00056115148789920722,145,0,False,-0.28661119311897826,0.28518027483552738,0.70877909244370962,False,False,I8
2017-05-31,VDE,6,2017-11-30,2017-11-30,12,0.18829238069737975,0.069335889542979465,-0.10645682590181023,10000,-0.03761090877038991,0.050000000000000003,-0.0018805454385194956,0.39163122861619593,0.0014506493628117503,146,0,False,-0.29670239605133991,0.29294130517430089,0.60584331633446453,False,False,I8
2017-05-31,VMBS,6,2017-11-30,2017-11-30,12,0.21880767536343515,0.057949397822559832,0.026380596803444813,10000,0.040719164396009443,0.050000000000000003,0.0020359582198004721,0.45420057555820942,0.06522329378897411,84,1,False,-0.28454252912779532,0.28861444556739624,,False,True,I8
2017-05-31,VOO,6,2017-11-30,2017-11-30,12,0.13790775834341784,0.0096857540814212582,0.03996833424480925,10000,0.022096925675313593,0.050000000000000003,0.0011048462837656796,0.59015475144691976,0.010713584043496266,75,1,False,-0.17343306815473289,0.17564276072226423,,False,True,I8
2017-05-31,VWO,6,2017-11-30,2017-11-30,12,0.096732879094743707,0.082145756731360528,-0.080157253714799398,10000,0.004272882929024063,0.050000000000000003,0.00021364414645120316,0.52020068150141374,-0.0064434282427512386,141,1,False,-0.20902976056261111,0.2094570488555135,0.74377400248399095,False,False,I8
2017-05-31,VXUS,6,2017-11-30,2017-11-30,12,0.12504189691321099,0.061412499925713258,-0.040796566807613746,10000,-0.03109420384240837,0.050000000000000003,-0.0015547101921204185,0.094926636895332858,0.061093071025448024,70,1,False,,,,True,True,I8
2017-06-30,BND,6,2017-12-29,2017-12-29,12,0.26541404067553809,0.054841294954341639,0.040264886931427879,10000,0.047782204352231829,0.050000000000000003,0.0023891102176115918,0.51571809796946599,0.038337920137987806,117,1,False,-0.28357473718771381,0.28835295762293695,0.73764196720621045,False,False,I8
2017-06-30,DBC,6,2017-12-29,2017-12-29,12,0.12790619376377843,0.13633196570674616,0.0010995356972432033,10000,0.048683426290154819,0.050000000000000003,0.0024341713145077412,0.35186745213088189,0.04953955121160996,131,1,False,-0.32332394294058031,0.32819228556959579,0.75791292473807215,False,False,I8
2017-06-30,GLD,6,2017-12-29,2017-12-29,12,0.22968338360140472,0.08813957998027884,-0.11988234476690776,10000,-0.015226098013657492,0.050000000000000003,-0.00076130490068287461,0.50310200177428988,0.00072691229489306778,146,0,False,-0.28282886800487189,0.28130625820350613,0.71285246231632804,False,False,I8
2017-06-30,VDE,6,2017-12-29,2017-12-29,12,0.13889896455914652,0.069094347009679077,-0.12023144304414179,10000,-0.045764957100008087,0.050000000000000003,-0.0022882478550004044,0.393324575183152,0.0042151155130582081,147,0,False,-0.34879016129046925,0.3442136655804684,0.61932329215511617,False,False,I8
2017-06-30,VMBS,6,2017-12-29,2017-12-29,12,0.26847079979612887,0.057702517654568332,0.020410863475929093,10000,0.037075068261254972,0.050000000000000003,0.0018537534130627486,0.44686150701438127,0.067380712418409774,85,1,False,-0.28472473393453301,0.28843224076065854,,False,True,I8
2017-06-30,VOO,6,2017-12-29,2017-12-29,12,0.16180870246282075,0.0096599532216706946,0.031783232864951605,10000,0.020303267777835081,0.050000000000000003,0.001015163388891754,0.51890882691089235,0.012846130768008487,76,1,False,-0.17340834677930309,0.17543867355708662,,False,True,I8
2017-06-30,VWO,6,2017-12-29,2017-12-29,12,0.13451302526164866,0.08207893686071277,-0.043884435802130806,10000,0.022310882793965647,0.050000000000000003,0.0011155441396982825,0.52551243426354055,-0.0055954990522406756,142,1,False,-0.20375309742255296,0.20598418570194951,0.73354113019599765,False,False,I8
2017-06-30,VXUS,6,2017-12-29,2017-12-29,12,0.16777223761729099,0.061280248243944312,-0.041879840661414258,10000,-0.033096807394082856,0.050000000000000003,-0.0016548403697041428,0.08513983809561429,0.061863609563154787,71,1,False,-0.19731148249087435,0.19400180175146606,,False,True,I8
2017-07-31,BND,6,2018-01-31,2018-01-31,12,0.16288825919893635,0.054977385388084651,0.040264886931427879,10000,0.047780142938626008,0.10000000000000001,0.0047780142938626015,0.51080759867796577,0.040023738227772679,118,1,False,-0.28118583311146278,0.29074186169918798,0.74376234501767202,False,False,I8
2017-07-31,DBC,6,2018-01-31,2018-01-31,12,0.007314371355031879,0.13645753365544858,0.0010995356972432033,10000,0.048734674547153432,0.10000000000000001,0.0048734674547153438,0.35191964692487976,0.051555827001694671,132,1,False,-0.30563750153459152,0.3153844364440222,0.76194932390772652,False,False,I8
2017-07-31,GLD,6,2018-01-31,2018-01-31,12,0.10001212848231944,0.088529865734900695,-0.11175626669097771,10000,-0.011615373173490231,0.10000000000000001,-0.0011615373173490232,0.49998915204250333,0.0020923931077366023,147,0,False,-0.27707333890181363,0.27475026426711557,0.71469253277308087,False,False,I8
2017-07-31,VDE,6,2018-01-31,2018-01-31,12,-0.029724288276939292,0.069220196544052315,-0.14704124747216199,10000,-0.062726763916453807,0.10000000000000001,-0.0062726763916453807,0.38987293338051821,0.006714004076827141,148,0,False,-0.41738056772013965,0.40483521493684893,0.63649793794612497,False,False,I8
2017-07-31,VMBS,6,2018-01-31,2018-01-31,12,0.16458442422617037,0.057842094238038093,0.020410863475929093,10000,0.036988752011225194,0.10000000000000001,0.0036988752011225196,0.44288921838171608,0.069436200180112595,86,1,False,-0.28287961214647328,0.29027736254871828,,False,True,I8
2017-07-31,VOO,6,2018-01-31,2018-01-31,12,-0.011722837686895859,0.0096151964553148912,0.0093738216935404933,10000,0.0094819039528759343,0.10000000000000001,0.00094819039528759347,0.44777779806349366,0.014971466032715701,77,1,False,-0.17517183980081694,0.17706822059139213,,False,True,I8
2017-07-31,VWO,6,2018-01-31,2018-01-31,12,-0.045564399655248833,0.082234501023840528,-0.043884435802130806,10000,0.022985127238369707,0.10000000000000001,0.0022985127238369708,0.53021032941922364,-0.0046741103512394893,143,1,False,-0.19438096686992623,0.19897799231760016,0.73730571221041519,False,False,I8
2017-07-31,VXUS,6,2018-01-31,2018-01-31,12,0.003151649708091453,0.061348257447302074,-0.038748502452695129,10000,-0.028891206633561432,0.10000000000000001,-0.0028891206633561432,0.098477671295072317,0.06282609965287006,72,1,False,-0.19854576278452635,0.19276752145781406,,False,True,I8
2017-08-31,BND,6,2018-02-28,2018-02-28,12,0.23745767878164148,0.0545781569545397,0.040264886931427879,10000,0.047535646593943194,0.14999999999999999,0.0071303469890914789,0.50797334576760755,0.041508017478103558,119,1,False,-0.27730626752477044,0.29156696150295341,0.74967251346261399,False,False,I8
2017-08-31,DBC,6,2018-02-28,2018-02-28,12,0.076854121263358888,0.13618825293749054,0.010807423429107203,10000,0.055025713648985078,0.14999999999999999,0.008253857047347761,0.35267185895369518,0.053404267423921029,133,1,False,-0.29762506906783304,0.31413278316252857,0.76111520676995259,False,False,I8
2017-08-31,GLD,6,2018-02-28,2018-02-28,12,0.18911272228710962,0.087989489476386046,-0.11175626669097771,10000,-0.012189679118051605,0.14999999999999999,-0.0018284518677077408,0.49846659815641275,0.0035244701429646298,148,0,False,-0.26795959267967068,0.26430268894425518,0.71857787170526966,False,False,I8
2017-08-31,VDE,6,2018-02-28,2018-02-28,12,0.096770135999149742,0.069001288875040395,-0.14704124747216199,10000,-0.063559436093321736,0.14999999999999999,-0.0095339154139982597,0.38641377198366372,0.0090324258272642278,149,0,False,-0.41364559083783486,0.3945777600098383,0.64056000017837111,False,False,I8
2017-08-31,VMBS,6,2018-02-28,2018-02-28,12,0.23506312288051057,0.057429850454241801,0.020410863475929093,10000,0.036850787218066408,0.14999999999999999,0.005527618082709961,0.44409437113361644,0.071213785273884042,87,1,False,-0.27054164556650584,0.28159688173192576,,False,True,I8
2017-08-31,VOO,6,2018-02-28,2018-02-28,12,0.081475896136507409,0.0094631749066997166,0.031783232864951605,10000,0.022977769243398873,0.14999999999999999,0.0034466653865098309,0.39450899446689341,0.017303367499199841,78,1,False,-0.18122675011758432,0.188120080890604,,False,True,I8
2017-08-31,VWO,6,2018-02-28,2018-02-28,12,0.098068656236901974,0.082151051527073124,-0.035163927504468881,10000,0.027841272551659076,0.14999999999999999,0.0041761908827488616,0.5370601484673837,-0.0039292604709437497,144,1,False,-0.18791118915210556,0.1962635709176033,0.73851704871749568,False,False,I8
2017-08-31,VXUS,6,2018-02-28,2018-02-28,12,0.12185359994022704,0.061149127363060711,-0.03723018258185546,10000,-0.028223205935718386,0.14999999999999999,-0.0042334808903577575,0.091553566000617329,0.06354689853550384,73,1,False,-0.19989012301152798,0.19142316123081243,,False,True,I8
2017-09-29,BND,6,2018-03-30,2018-03-30,13,0.29610518425709298,0.061115094834621422,0.024712093508514436,1048.1131341546852,0.043218729628754393,0.14999999999999999,0.0064828094443131591,0.50838215108839491,0.042930468737922965,120,1,False,-0.25320672543566819,0.26617234432429454,0.7586581314773293,False,False,I8
2017-09-29,DBC,6,2018-03-30,2018-03-30,13,0.18157909901928759,0.13041180205727546,-0.014482884516431701,10000,0.037612980515729762,0.14999999999999999,0.0056419470773594639,0.3595429636797659,0.054672465635474524,134,1,False,-0.29469462627268572,0.3059785204274047,0.77742484984955229,False,False,I8
2017-09-29,GLD,6,2018-03-30,2018-03-30,13,0.24954909579336393,0.034699609736123335,0.076354699605402268,51.794746792312019,0.055368468145071834,0.14999999999999999,0.0083052702217607747,0.50380953506975867,0.0049219187527345543,149,0,False,-0.25163105300986188,0.26824159345338339,0.69341898508458011,False,False,I8
2017-09-29,VDE,6,2018-03-30,2018-03-30,13,0.28447903362983173,0.062534213170004793,-0.06543728365678661,10000,-0.015171600054854332,0.14999999999999999,-0.0022757400082281496,0.39278811960734161,0.010640071348529,150,0,False,-0.40638606559299384,0.40183458557653751,0.61950554015677084,False,False,I8
2017-09-29,VMBS,6,2018-03-30,2018-03-30,13,0.29540019717779198,0.0667594298912801,0.047045561316999378,2222.9964825261909,0.056029270821046973,0.14999999999999999,0.0084043906231570462,0.45570505201439737,0.07290414668425188,88,1,False,-0.26763233672977893,0.28444111797609306,,False,True,I8
2017-09-29,VOO,6,2018-03-30,2018-03-30,13,0.22529535641170217,0.01052032168144375,-0.057895913744740124,10000,-0.03168348007152437,0.14999999999999999,-0.0047525220107286553,0.38313177435050561,0.019096117871784106,79,1,False,-0.18935030986549214,0.17984526584403485,,False,True,I8
2017-09-29,VWO,6,2018-03-30,2018-03-30,13,0.19867155776997336,0.070292892159612291,-0.026145361938357155,10000,0.025831062759460097,0.14999999999999999,0.0038746594139190144,0.53896065605890764,-0.0030793386106016227,145,1,False,-0.18401372627240106,0.19176304510023909,0.74338081203260187,False,False,I8
2017-09-29,VXUS,6,2018-03-30,2018-03-30,13,0.23830934151146166,0.054511517151667813,-0.041738153533052352,10000,-0.019171195014481064,0.14999999999999999,-0.0028756792521721594,0.23446270889063767,0.064262216318307253,74,1,False,-0.17723104662065062,0.17147968811630629,,False,True,I8
2017-10-31,BND,6,2018-04-30,2018-04-30,13,0.29152474529044847,0.063499882467374896,0.014817444961720128,1048.1131341546852,0.039546071874125434,0.20000000000000001,0.0079092143748250871,0.50795786282338318,0.04437379514018866,121,1,False,-0.25175928681552473,0.26757771556517496,0.76671152147695387,False,False,I8
2017-10-31,DBC,6,2018-04-30,2018-04-30,13,0.17531386638977131,0.13067824808975248,-0.028418580840502698,10000,0.029043298237973018,0.20000000000000001,0.0058086596475946037,0.36117551471541798,0.055413902730189993,135,1,False,-0.29288437067822792,0.30450168997341709,0.78503114343129832,False,False,I8
2017-10-31,GLD,6,2018-04-30,2018-04-30,13,0.23456658337895653,0.067117447689572785,0.044641138928287263,51.794746792312019,0.056102330236596519,0.20000000000000001,0.011220466047319305,0.50992320091503029,0.0064227152844404146,150,0,False,-0.24308979958628674,0.26553073168092534,0.69693799011026025,False,False,I8
2017-10-31,VDE,6,2018-04-30,2018-04-30,13,0.15371733430467827,0.062608555694659423,-0.06155719431875508,10000,-0.013020309890248277,0.20000000000000001,-0.0026040619780496555,0.39090396847168418,0.012092505787402069,151,0,False,-0.3701436785158127,0.36493555455971344,0.62584919130662664,False,False,I8
2017-10-31,VMBS,6,2018-04-30,2018-04-30,13,0.28771240850934809,0.067865582479131978,0.042339166869236521,2222.9964825261909,0.054122020886300776,0.20000000000000001,0.010824404177260155,0.46159453787536747,0.07457838225766017,89,1,False,-0.26518304050902403,0.28683184886354435,0.8043950572127061,False,False,I8
2017-10-31,VOO,6,2018-04-30,2018-04-30,13,0.22828364450659899,0.010564358373217699,-0.065818855272621463,10000,-0.038501814886346061,0.20000000000000001,-0.0077003629772692123,0.3576314622337633,0.020579547895992045,80,1,False,-0.19223332713260644,0.17683260117806798,,False,True,I8
2017-10-31,VWO,6,2018-04-30,2018-04-30,13,0.23777318495935829,0.070558721516281536,-0.033166122052704902,10000,0.022909740180913886,0.20000000000000001,0.004581948036182777,0.54062132372678151,-0.0023580329806499279,146,1,False,-0.16996355322959858,0.17912744930196414,0.74855272272331475,False,False,I8
2017-10-31,VXUS,6,2018-04-30,2018-04-30,13,0.23234630328233896,0.054554669776457114,-0.045360698097579949,10000,-0.020984502266512856,0.20000000000000001,-0.0041969004533025716,0.24396843398302928,0.064976716110537208,75,1,False,-0.17810849126443329,0.16971469035782816,,False,True,I8
2017-11-30,BND,6,2018-05-31,2018-05-31,13,0.24721775351044406,0.061021349763926071,0.0099340613356969365,1048.1131341546852,0.035961631628360594,0.20000000000000001,0.0071923263256721192,0.5094725340380698,0.045751180096743602,122,1,False,-0.23724512451775842,0.25162977716910268,0.77439109317680555,False,False,I8
2017-11-30,DBC,6,2018-05-31,2018-05-31,13,0.13106659782038155,0.13033158941336584,-0.0075850310290286856,10000,0.04280949347088648,0.20000000000000001,0.0085618986941772956,0.36539848742134828,0.055890172661407819,136,1,False,-0.28624764827612487,0.30337144566447943,0.77988867425764663,False,False,I8
2017-11-30,GLD,6,2018-05-31,2018-05-31,13,0.219897656397541,0.048836883719330967,0.044641138928287263,51.794746792312019,0.046810339629542237,0.20000000000000001,0.0093620679259084471,0.51700015355685502,0.0077775412703070439,151,0,False,-0.24208316749082781,0.26080730334264468,0.70453842191703075,False,False,I8
2017-11-30,VDE,6,2018-05-31,2018-05-31,13,0.10798294180132739,0.062430276940071756,-0.030566029790965846,10000,0.0064700755113181654,0.20000000000000001,0.0012940151022636332,0.39825350709248308,0.013251715490757187,152,0,False,-0.36148856483995628,0.36407659504448353,0.62158863126044073,False,False,I8
2017-11-30,VMBS,6,2018-05-31,2018-05-31,13,0.24176445849825112,0.066522751159956123,0.042339166869236521,2222.9964825261909,0.053709880011048254,0.20000000000000001,0.010741976002209651,0.47018312112548277,0.07618092995883545,90,1,False,-0.25420233373634576,0.27568628574076509,0.82838960477617674,False,False,I8
2017-11-30,VOO,6,2018-05-31,2018-05-31,13,0.17171208868597154,0.010659171973317817,-0.039299587086149675,10000,-0.021394499102631161,0.20000000000000001,-0.0042788998205262321,0.35839737256494936,0.022028044321268907,81,1,False,-0.18075220722374302,0.17219440758269056,,False,True,I8
2017-11-30,VWO,6,2018-05-31,2018-05-31,13,0.22995222756721601,0.070486569316604616,-0.022709501605552546,10000,0.028312728220849567,0.20000000000000001,0.0056625456441699133,0.54747189791959017,-0.0016839451434023508,147,1,False,-0.15980955413318271,0.17113464542152251,0.7490816071146793,False,False,I8
2017-11-30,VXUS,6,2018-05-31,2018-05-31,13,0.21871616255147441,0.054557090901510195,-0.023539903225689638,10000,0.0054244082508757936,0.20000000000000001,0.0010848816501751587,0.37087613678690434,0.065767047436888174,76,1,False,-0.17248154961635176,0.17465131291670205,,False,True,I8
2017-12-29,BND,6,2018-06-29,2018-06-29,13,0.089890709538335889,0.061397468647813855,0.0048136351470467673,1048.1131341546852,0.033693795341936124,0.20000000000000001,0.0067387590683872251,0.51039596308895963,0.047537057012018359,123,1,False,-0.27769535588264088,0.29117287401941533,0.78074784566149269,False,False,I8
2017-12-29,DBC,6,2018-06-29,2018-06-29,13,0.007372771666467548,0.13049257684122564,0.005517457544621459,10000,0.051834610936027627,0.20000000000000001,0.010366922187205526,0.37061099562930916,0.056415837049016357,137,1,False,-0.28061841045270858,0.30135225482711964,0.77746733816918057,False,False,I8
2017-12-29,GLD,6,2018-06-29,2018-06-29,13,0.11222851288901015,0.067210132468212211,0.061404726640325646,51.794746792312019,0.064445634847105346,0.20000000000000001,0.01288912696942107,0.52380631034828595,0.0092374481277484738,152,0,False,-0.23674013621288281,0.26251839015172496,0.69968990978297751,False,False,I8
2017-12-29,VDE,6,2018-06-29,2018-06-29,13,-0.0035755977246934023,0.062664215980042071,-0.04823806779670952,10000,-0.0032549869857020036,0.20000000000000001,-0.00065099739714040081,0.40561004948788359,0.014072939340877378,153,0,False,-0.34731757754732273,0.34601558275304189,0.63078045470451638,False,False,I8
2017-12-29,VMBS,6,2018-06-29,2018-06-29,13,0.080939796520873464,0.066489992642098025,0.029051396381961105,2222.9964825261909,0.046988724067866416,0.20000000000000001,0.0093977448135732847,0.47911325417412176,0.078294005451552962,91,1,False,-0.2665591207212214,0.28535461034836801,0.85540240806812617,False,False,I8
2017-12-29,VOO,6,2018-06-29,2018-06-29,13,0.045294046513665975,0.010906239580920452,-0.066696529333033244,10000,-0.038490271220837077,0.20000000000000001,-0.0076980542441674156,0.36346973834749896,0.023732686493726857,82,1,False,-0.18410196791027286,0.16870585942193803,,False,True,I8
2017-12-29,VWO,6,2018-06-29,2018-06-29,13,0.14491858253300738,0.07086976653374201,-0.031766490591309496,10000,0.024940999008040959,0.20000000000000001,0.0049881998016081917,0.55250932942983622,-0.0007636953433682209,148,1,False,-0.15863067044931942,0.16860707005253581,0.75424940584246059,False,False,I8
2017-12-29,VXUS,6,2018-06-29,2018-06-29,13,0.10669401247108634,0.054661186557991084,-0.0405839850295555,10000,0.0039441005832845152,0.20000000000000001,0.00078882011665690308,0.46751016214938623,0.067091790166503795,77,1,False,-0.1689138732548785,0.1704915134881923,,False,True,I8
2018-01-31,BND,6,2018-07-31,2018-07-31,13,0.12305268790425294,0.06602130731924874,0.0092902762686100076,1048.1131341546852,0.038306076051128318,0.20000000000000001,0.007661215210225664,0.51146258485269713,0.048467308642558021,124,1,False,-0.27677233380204758,0.29209476422249891,0.78136095331466704,False,False,I8
2018-01-31,DBC,6,2018-07-31,2018-07-31,13,0.11431849289676843,0.13090468799937732,0.034068893321404087,10000,0.069571720865624506,0.20000000000000001,0.013914344173124902,0.36662917531977524,0.056060029326596178,138,1,False,-0.27477203531960198,0.30260072366585183,0.76899186367116612,False,False,I8
2018-01-31,GLD,6,2018-07-31,2018-07-31,13,0.20989122655804737,0.099183202867528478,0.063602493729796691,51.794746792312019,0.08247434621015827,0.20000000000000001,0.016494869242031654,0.53039562554274133,0.0098307466921574351,153,0,False,-0.22790156562309621,0.26089130410715949,0.69427321161345246,False,False,I8
2018-01-31,VDE,6,2018-07-31,2018-07-31,13,0.1063670868113562,0.063011768973505008,-0.026763544509770611,10000,0.0097650194700423763,0.20000000000000001,0.0019530038940084754,0.40688873769979039,0.013788541758943505,154,0,False,-0.34277701388567716,0.34668302167369414,0.61673212928282428,False,False,I8
2018-01-31,VMBS,6,2018-07-31,2018-07-31,13,0.11689592140817806,0.068970881100675466,0.039334635393796918,2222.9964825261909,0.053746148696640746,0.20000000000000001,0.01074922973932815,0.48627999124392896,0.079231944786059674,92,1,False,-0.26518564486003632,0.28668410433869257,0.85922341608330544,False,False,I8
2018-01-31,VOO,6,2018-07-31,2018-07-31,13,0.12345962317666437,0.011032811587400762,-0.021344795584526052,10000,-0.0095271415076320538,0.20000000000000001,-0.0019054283015264109,0.36499467098175686,0.023305511503598872,83,1,False,-0.17824811219959244,0.17443725559653964,,False,True,I8
2018-01-31,VWO,6,2018-07-31,2018-07-31,13,0.24916309693458483,0.07094549350098979,-0.029795217419678235,10000,0.025281509696559575,0.20000000000000001,0.0050563019393119156,0.54671767364844193,-0.001064371211233193,149,1,False,-0.15060366970395084,0.16071627358257468,0.7439835717243044,False,False,I8
2018-01-31,VXUS,6,2018-07-31,2018-07-31,13,0.19663751998622603,0.054941860644029013,-0.0072457231663133181,10000,0.021311213656327651,0.20000000000000001,0.0042622427312655302,0.45920640540936575,0.066272044776011341,78,1,False,-0.16541539469622077,0.17393988015875181,,False,True,I8
2018-02-28,BND,6,2018-08-31,2018-08-31,13,0.15956932974148086,0.064115658583884419,0.026670051148049146,1048.1131341546852,0.045853335174417385,0.20000000000000001,0.0091706670348834767,0.51229731175384607,0.049979231603670689,125,1,False,-0.25464608526523169,0.27298741933499859,0.77941497080658717,False,False,I8
2018-02-28,DBC,6,2018-08-31,2018-08-31,13,0.13931892045000205,0.13028558605227558,-0.0018087595122117666,10000,0.046738946373154962,0.20000000000000001,0.009347789274630992,0.36752296760247127,0.056209627110313895,139,1,False,-0.27933213344044572,0.29802771198970768,0.78713489588529939,False,False,I8
2018-02-28,GLD,6,2018-08-31,2018-08-31,13,0.27028799377059476,0.070545791662715879,0.050685336684338708,51.794746792312019,0.061343263548998855,0.20000000000000001,0.012268652709799772,0.5366406195761293,0.010994915364851931,154,1,False,-0.22418108961452304,0.24871839503412257,0.70751433121944518,False,False,I8
2018-02-28,VDE,6,2018-08-31,2018-08-31,13,0.061950775727321883,0.062517436194388792,-0.043189848916107373,10000,0.00065360447213882729,0.20000000000000001,0.00013072089442776546,0.41476283628338856,0.01432390688307387,155,0,False,-0.33528212748925962,0.33554356927811518,0.62508916078328469,False,False,I8
2018-02-28,VMBS,6,2018-08-31,2018-08-31,13,0.15611587047575859,0.06823719366487345,0.042339166869236521,2222.9964825261909,0.055105971072949858,0.20000000000000001,0.011021194214589972,0.49296435996676669,0.080907548851591404,93,1,False,-0.25633202113821224,0.27837440956739218,0.86773205072907433,False,False,I8
2018-02-28,VOO,6,2018-08-31,2018-08-31,13,0.10415112569295437,0.010907597286126915,-0.035889746340441057,10000,-0.018876887794772389,0.20000000000000001,-0.0037753775589544781,0.3635432532544447,0.023998016082562072,84,1,False,-0.17749743860674494,0.16994668348883596,,False,True,I8
2018-02-28,VWO,6,2018-08-31,2018-08-31,13,0.29880633437380189,0.070470550488894501,-0.036487759482253752,10000,0.022499104204354119,0.20000000000000001,0.0044998208408708242,0.55149397650841192,-0.00040348436157895998,150,1,False,-0.14652696664047729,0.15552660832221896,0.74883002668491649,False,False,I8
2018-02-28,VXUS,6,2018-08-31,2018-08-31,13,0.22594440598958165,0.054913215371859211,-0.00040150846228500874,10000,0.0283241761902682,0.20000000000000001,0.0056648352380536402,0.51931353284316051,0.066975608765431793,79,1,False,-0.13163938958769369,0.14296906006380097,,False,True,I8
2018-03-30,BND,6,2018-09-28,2018-09-28,14,0.16733934294045572,0.13365250586162361,0.19881501569554111,51.794746792312019,0.16527431959304206,0.20000000000000001,0.033054863918608415,0.51472382184151089,0.051932612180285151,126,1,False,-0.2565675108941714,0.32267723873138821,0.66964103967805877,False,False,I8
2018-03-30,DBC,6,2018-09-28,2018-09-28,14,0.10762422730364873,0.11563728378204718,0.11935641850871892,75.431200633546069,0.11796476127081081,0.20000000000000001,0.023592952254162164,0.37418844440558974,0.057105123338235142,140,1,False,-0.26293808784283967,0.31012399235116395,0.74042819758028988,False,False,I8
2018-03-30,GLD,6,2018-09-28,2018-09-28,14,0.26951345487655398,0.071368911490182929,0.14101287888367803,232.99518105153672,0.103767017414404,0.20000000000000001,0.020753403482880801,0.53480384394001168,0.012533974593422979,155,1,False,-0.23066795202958346,0.27217475899534505,0.69219365692145596,False,False,I8
2018-03-30,VDE,6,2018-09-28,2018-09-28,14,0.013578552259959853,0.094906246781702272,0.27389056324970351,75.431200633546069,0.19863708869792121,0.20000000000000001,0.039727417739584242,0.42044731089741089,0.016055670516065906,156,0,False,-0.27758223615725208,0.35703707163642062,0.53613780162732583,False,False,I8
2018-03-30,VMBS,6,2018-09-28,2018-09-28,14,0.1641858185233831,0.13981144559403386,0.16466245553748288,51.794746792312019,0.15232771702112349,0.20000000000000001,0.0304655434042247,0.49634757478381525,0.08318938553591268,94,1,False,-0.25612963671165268,0.31706072352010206,0.62165481266841982,False,False,I8
2018-03-30,VOO,6,2018-09-28,2018-09-28,14,0.05278476061557269,0.06572108735216585,0.080748904641799554,75.431200633546069,0.074806464450886095,0.20000000000000001,0.014961292890177219,0.39542936118957167,0.026366220086434307,85,1,False,-0.16997084878267979,0.19989343456303424,,False,True,I8
2018-03-30,VWO,6,2018-09-28,2018-09-28,14,0.27764543820154797,0.071886855652862347,0.083726548303805798,1048.1131341546852,0.077157604309695357,0.20000000000000001,0.015431520861939073,0.55482386137675632,0.0009148934008816514,151,1,False,-0.15002110411754491,0.18088414584142307,0.72193235926658594,False,False,I8
2018-03-30,VXUS,6,2018-09-28,2018-09-28,14,0.19593575139417518,0.075322577100088869,0.031070334059530809,232.99518105153672,0.055761228118930195,0.20000000000000001,0.01115224562378604,0.55795802343329115,0.069117280424757149,80,1,False,-0.16347621501075257,0.18578070625832463,,False,True,I8
2018-04-30,BND,6,2018-10-31,2018-10-31,14,0.11355598234571596,0.1325910115694128,0.20482616270823145,51.794746792312019,0.16741481089644331,0.20000000000000001,0.033482962179288665,0.51791061861132504,0.053819164409499042,127,1,False,-0.25613941263349116,0.32310533699206845,0.66977413804713415,False,False,I8
2018-04-30,DBC,6,2018-10-31,2018-10-31,14,0.11806774626185745,0.11507192344380313,0.12896970411173905,75.431200633546069,0.12367054264466316,0.20000000000000001,0.024734108528932635,0.38129551715417331,0.057943483218033269,141,1,False,-0.25624021939052338,0.30570843644838869,0.73812969517156413,False,False,I8
2018-04-30,GLD,6,2018-10-31,2018-10-31,14,0.1864853344901799,0.056224892899593037,0.16418444097234869,232.99518105153672,0.10641210761118862,0.20000000000000001,0.021282421522237725,0.5351294479505081,0.013957260547176401,156,1,False,-0.22832598114778074,0.27089082419225619,0.69618995924178206,False,False,I8
2018-04-30,VDE,6,2018-10-31,2018-10-31,14,0.20047745046031795,0.11710345868599009,0.28715306452710654,75.431200633546069,0.21485045381704734,0.20000000000000001,0.04297009076340947,0.42518540606094757,0.016932496400069809,157,0,False,-0.27431849891877169,0.36025868044559062,0.53505000846343964,False,False,I8
2018-04-30,VMBS,6,2018-10-31,2018-10-31,14,0.11298327553762388,0.13924987978060971,0.18052260072589146,51.794746792312019,0.15988271253753,0.20000000000000001,0.031976542507505999,0.50008547330148823,0.08534225946194883,95,1,False,-0.25461799557882209,0.31857108059383404,0.58751792724137808,False,False,I8
2018-04-30,VOO,6,2018-10-31,2018-10-31,14,0.11264172582748966,0.085856632711905218,0.085149255282744502,75.431200633546069,0.085448373041611972,0.20000000000000001,0.017089674608322395,0.42285454205453454,0.028714097114575756,86,1,False,-0.2132550102671803,0.24743435948382508,0.73246988181439032,False,False,I8
2018-04-30,VWO,6,2018-10-31,2018-10-31,14,0.28897255944465194,0.072832367711728338,0.079370282246154458,1048.1131341546852,0.075721156542046003,0.20000000000000001,0.015144231308409202,0.55814827264773303,0.0024731716348189948,152,1,False,-0.17892383884246685,0.20921230145928524,0.72585573283985361,False,False,I8
2018-04-30,VXUS,6,2018-10-31,2018-10-31,14,0.25094237401319786,0.084516310197805963,0.045995661012719846,232.99518105153672,0.068518672024555013,0.20000000000000001,0.013703734404911003,0.58469967376757781,0.071132453546455698,81,1,False,-0.18779384508975511,0.21520131389957708,,False,True,I8
2018-05-31,BND,6,2018-11-30,2018-11-30,14,0.061629717620884428,0.17026801806407105,0.19863207585547435,51.794746792312019,0.18384976057970623,0.25,0.045962440144926557,0.52116362843712705,0.055330090886850161,128,1,False,-0.24006559195175764,0.33199047224161077,0.65266197244470281,False,False,I8
2018-05-31,DBC,6,2018-11-30,2018-11-30,14,0.21468999516709164,0.17779598394255955,0.14716185501428852,75.431200633546069,0.15901888820599153,0.25,0.039754722051497882,0.38705305508982851,0.058458434729317423,142,1,False,-0.22920036749706857,0.30870981160006433,0.71196798406692197,False,False,I8
2018-05-31,GLD,6,2018-11-30,2018-11-30,14,0.12544310061378061,0.084917754638830292,0.14877692883640939,232.99518105153672,0.1146203842538692,0.25,0.028655096063467299,0.53487294522256856,0.015268982813739229,157,1,False,-0.21566343608275212,0.27297362820968674,0.69725580690070754,False,False,I8
2018-05-31,VDE,6,2018-11-30,2018-11-30,14,0.17871243598696407,0.19725976731913097,0.29115570214945496,75.431200633546069,0.25091414113832577,0.25,0.062728535284581444,0.42857617940380766,0.017508765041849918,158,1,False,-0.24396826365016694,0.36942533421932983,0.52724999226417701,False,False,I8
2018-05-31,VMBS,6,2018-11-30,2018-11-30,14,0.056757566974074747,0.17141897869298303,0.17433767082435386,51.794746792312019,0.17286887079897792,0.25,0.04321721769974448,0.50323910822553242,0.086971657368576996,96,1,False,-0.2343886001890477,0.32082303558853664,0.52651079998730232,False,False,I8
2018-05-31,VOO,6,2018-11-30,2018-11-30,14,0.040248190456021682,0.12607698299723,0.091181732368261159,75.431200633546069,0.1064783090080301,0.25,0.026619577252007524,0.43835697878811763,0.030357752190109038,87,1,False,-0.17215999296961612,0.22539914747363118,0.68554034929945618,False,False,I8
2018-05-31,VWO,6,2018-11-30,2018-11-30,14,0.16883374189971279,0.083218503857508758,0.073927766282362986,1048.1131341546852,0.079139709875235859,0.25,0.019784927468808965,0.56098275844273804,0.0039599628500634173,153,1,False,-0.19702540210850356,0.2365952570461215,0.72703072380545797,False,False,I8
2018-05-31,VXUS,6,2018-11-30,2018-11-30,14,0.16016058040758863,0.11152474305581894,0.055431269396234967,232.99518105153672,0.088992617402529908,0.25,0.022248154350632477,0.59831110139424826,0.072932254875785196,82,1,False,-0.19790471626191242,0.24240102496317739,,False,True,I8
2018-06-29,BND,6,2018-12-31,2018-12-31,14,-0.0061577745180163568,0.17344583013971737,0.21606694743650695,51.794746792312019,0.19368322299016097,0.25,0.048420805747540242,0.52517920378478755,0.055598002659342304,129,1,False,-0.23760611971653436,0.33444773121161486,0.64144066694412505,False,False,I8
2018-06-29,DBC,6,2018-12-31,2018-12-31,14,0.18069339171161791,0.20644529732158082,0.14676455632753851,75.431200633546069,0.16962757865725081,0.25,0.042406894664312703,0.38308878121996853,0.05810119233027651,143,1,False,-0.21772873150345184,0.30254252083207722,0.70552861194623007,False,False,I8
2018-06-29,GLD,6,2018-12-31,2018-12-31,14,-0.011858756174617291,0.079620177988099061,0.16124691999766663,232.99518105153672,0.11758055619275289,0.25,0.029395139048188221,0.53495169266703746,0.015882650725608027,158,1,False,-0.21223285219064181,0.27102313028701824,0.70158203747098813,False,False,I8
2018-06-29,VDE,6,2018-12-31,2018-12-31,14,0.26825864717666115,0.24268958274281205,0.29599906330571507,75.431200633546069,0.27317485684612813,0.25,0.068293714211532033,0.42814535460827313,0.017376158986714425,159,0,False,-0.22680023421573553,0.36338766263879957,0.50213160068774843,False,False,I8
2018-06-29,VMBS,6,2018-12-31,2018-12-31,14,-0.0079102686423926372,0.17296351898353407,0.18207986124701345,51.794746792312019,0.17744823532447765,0.25,0.044362058831119412,0.50805748497293235,0.086909473236126439,97,1,False,-0.23321812285921908,0.32194224052145792,0.49588466383378538,False,False,I8
2018-06-29,VOO,6,2018-12-31,2018-12-31,14,0.086600255911649771,0.149492854088904,0.097032377212772733,75.431200633546069,0.12090264230449503,0.25,0.030225660576123758,0.45501426050861749,0.03052748280742219,88,1,False,-0.16840430051535249,0.22885562166759998,0.63845241790264784,False,False,I8
2018-06-29,VWO,6,2018-12-31,2018-12-31,14,0.087422222140168926,0.085866306850713198,0.11864493146129922,1048.1131341546852,0.10014075005942741,0.25,0.025035187514856852,0.56451976315979369,0.0048752785622903257,154,1,False,-0.18406773065534265,0.23413810568505633,0.71772325499463319,False,False,I8
2018-06-29,VXUS,6,2018-12-31,2018-12-31,14,0.12408896131823799,0.12337257163807787,0.089383830961728708,232.99518105153672,0.11046674394708041,0.25,0.027616685986770102,0.62029108951430212,0.073339023039584006,83,1,False,-0.19237858526882193,0.24761195724236215,,False,True,I8
2018-07-31,BND,6,2019-01-31,2019-01-31,14,0.070443078878112075,0.20591831201598723,0.21802911749636086,51.794746792312019,0.21162233124787436,0.25,0.052905582811968589,0.52901404938500207,0.056116884853533923,130,1,False,-0.23155140949380973,0.33736257511774692,0.62053367407004567,False,False,I8
2018-07-31,DBC,6,2019-01-31,2019-01-31,14,0.17771920196286828,0.24110130145482717,0.1461936477880475,75.431200633546069,0.18281492119954831,0.25,0.045703730299887078,0.38586217229727265,0.058491590250877148,144,1,False,-0.20175190872563487,0.29315936932540904,0.69784138411310692,False,False,I8
2018-07-31,GLD,6,2019-01-31,2019-01-31,14,0.030004115077329363,0.083441956819768071,0.13749247304961287,232.99518105153672,0.10853241953904921,0.25,0.027133104884762303,0.53579605766231209,0.017102830447824631,159,1,False,-0.20888901631707987,0.26315522608660447,0.7113774098802832,False,False,I8
2018-07-31,VDE,6,2019-01-31,2019-01-31,14,0.27198321267042613,0.28471829754119149,0.22768672098506523,75.431200633546069,0.2522886071249742,0.25,0.063072151781243549,0.43137306778986945,0.01793235228561843,160,1,False,-0.22763464870960481,0.35377895227209188,0.52211995303947079,False,False,I8
2018-07-31,VMBS,6,2019-01-31,2019-01-31,14,0.069903927946587618,0.20495658863711802,0.2059840567559445,51.794746792312019,0.20545829836000939,0.25,0.051364574590002349,0.51170288041211986,0.087215457401147375,98,1,False,-0.22619173891556885,0.32892088809557352,0.35994408917874354,False,False,I8
2018-07-31,VOO,6,2019-01-31,2019-01-31,14,0.1365405024512546,0.18444753170251266,0.13942095453423828,75.431200633546069,0.16027248353487558,0.25,0.040068120883718895,0.46309380619163021,0.031571664159885583,89,1,False,-0.14516099343502242,0.2252972352024602,0.51313193552832592,False,False,I8
2018-07-31,VWO,6,2019-01-31,2019-01-31,14,0.13621053171259423,0.08952421408360961,0.081701031430406801,1048.1131341546852,0.086139475401441484,0.25,0.021534868850360371,0.56734505223619847,0.0064513290034019042,155,1,False,-0.20750519167034928,0.25057492937107001,0.72886634717045518,False,False,I8
2018-07-31,VXUS,6,2019-01-31,2019-01-31,14,0.16843964329945516,0.14343811543646087,0.11828997315733858,232.99518105153672,0.13402048418020129,0.25,0.033505121045050323,0.62551383908472802,0.074806862288948797,84,1,False,-0.18635109195440686,0.2533613340445075,,False,True,I8
2018-08-31,BND,6,2019-02-28,2019-02-28,14,0.087778964105356794,0.18984057469553339,0.18414641442857688,51.794746792312019,0.1871713216469045,0.25,0.046792830411726126,0.53122972949695779,0.05690659817328924,131,1,False,-0.23686212996796716,0.33044779079141939,0.65398677912983261,False,False,I8
2018-08-31,DBC,6,2019-02-28,2019-02-28,14,0.17346358517349114,0.22085433339227559,0.098394497011968687,75.431200633546069,0.14632075133613856,0.25,0.03658018783403464,0.39136304392349358,0.059049020114319388,145,1,False,-0.20621513964132243,0.2793755153093917,0.7307722895760389,False,False,I8
2018-08-31,GLD,6,2019-02-28,2019-02-28,14,0.0054500197449185439,0.074725150936253371,0.10046533858020079,232.99518105153672,0.08666995144131405,0.25,0.021667487860328512,0.5359474192539776,0.01868523771859195,160,1,False,-0.22975198635715632,0.27308696207781336,0.72436822348029173,False,False,I8
2018-08-31,VDE,6,2019-02-28,2019-02-28,14,0.23727432163249718,0.26971946351130149,0.20872545648299079,75.431200633546069,0.23525101389572337,0.25,0.058812753473930841,0.43488792924230374,0.018205758642399199,161,1,False,-0.22924924861684437,0.34687475556470604,0.53823275574566132,False,False,I8
2018-08-31,VMBS,6,2019-02-28,2019-02-28,14,0.087678875222807706,0.18985977563871606,0.16661932937678117,51.794746792312019,0.17857943645050445,0.25,0.044644859112626112,0.51462467367989051,0.0879114211695778,99,1,False,-0.23094990793849213,0.32023962616374435,0.47279912380987388,False,False,I8
2018-08-31,VOO,6,2019-02-28,2019-02-28,14,0.13947370073039078,0.17327537612080166,0.065514357783995308,75.431200633546069,0.11647184657320918,0.25,0.029117961643302295,0.47287497441743337,0.032378102621364126,90,1,False,-0.15604703358144129,0.21428295686804588,0.63399041439834392,False,False,I8
2018-08-31,VWO,6,2019-02-28,2019-02-28,14,0.097650211017021649,0.088616248939518125,0.076859747962872205,1048.1131341546852,0.083561136649035028,0.25,0.020890284162258757,0.57001557686891835,0.0083253995506480556,156,1,False,-0.21534131684110752,0.25712188516562501,0.73314671157817113,False,False,I8
2018-08-31,VXUS,6,2019-02-28,2019-02-28,14,0.14107144324955778,0.14110872577568745,0.035016613314215718,232.99518105153672,0.10149403694769098,0.25,0.025373509236922744,0.62660099880297049,0.076584951038368002,85,1,False,-0.19671313184617342,0.24746015032001892,,False,True,I8
2018-09-28,BND,6,2019-03-29,2019-03-29,15,0.0069007273279921844,0.20294710031222368,0.20466199181575803,51.794746792312019,0.20375151175314801,0.29999999999999999,0.061125453525944402,0.53092575287330324,0.057743209876070803,132,1,False,-0.22252886046909204,0.34477976752098083,0.68623852011257092,False,False,I8
2018-09-28,DBC,6,2019-03-29,2019-03-29,15,0.15742857149205491,0.11623455297736568,0.11201918836916414,51.794746792312019,0.11366984123279227,0.29999999999999999,0.034100952369837678,0.3915800926013786,0.059381727012876438,146,1,False,-0.20504573432152062,0.27324763906119598,0.76167179381033523,False,False,I8
2018-09-28,GLD,6,2019-03-29,2019-03-29,15,-0.028480833028893038,0.12934407696679295,0.037658814227655962,6866.488450042998,0.086565745052852291,0.29999999999999999,0.025969723515855688,0.53342194115041563,0.020243176955597929,161,1,False,-0.22363608863302928,0.27557553566474063,0.73003524125025099,False,False,I8
2018-09-28,VDE,6,2019-03-29,2019-03-29,15,0.19023625505064479,0.25958724853971349,0.098411416859536596,35.564803062231285,0.16951537108979498,0.29999999999999999,0.050854611326938491,0.44115766916810961,0.018177195640038456,162,1,False,-0.2364405190573772,0.33814974171125417,0.59535016701077781,False,False,I8
2018-09-28,VMBS,6,2019-03-29,2019-03-29,15,0.011458843873307645,0.21159914852199718,0.19947540994752752,51.794746792312019,0.20567818530642773,0.29999999999999999,0.061703455591928316,0.51162232844265398,0.088674165143115852,100,1,False,-0.21388667620011836,0.33729358738397497,0.45493840415852654,False,False,I8
2018-09-28,VOO,6,2019-03-29,2019-03-29,15,0.0709689661010936,0.2201059961870051,0.080872322005224581,51.794746792312019,0.14710661038709968,0.29999999999999999,0.044131983116129904,0.47570595813912825,0.03260235161031147,91,1,False,-0.14097402254213576,0.22923798877439555,0.58514319336211984,False,False,I8
2018-09-28,VWO,6,2019-03-29,2019-03-29,15,0.0078393146512552025,0.083917981478196957,0.069165191581831612,10000,0.077551996423017258,0.29999999999999999,0.023265598926905176,0.56848941116228502,0.010040813809570982,157,1,False,-0.23915813434233663,0.28568933219614695,0.7406105448394853,False,False,I8
2018-09-28,VXUS,6,2019-03-29,2019-03-29,15,0.07910748093020803,0.17376741903734402,0.097930257566399115,109.85411419875572,0.14557480354880856,0.29999999999999999,0.043672441064642568,0.62824801269313402,0.077972751042505298,86,1,False,-0.17831909105363422,0.26566397318291934,,False,True,I8
2018-10-31,BND,6,2019-04-30,2019-04-30,15,0.11144099352613779,0.2015821965373536,0.2275785061416051,51.794746792312019,0.21364944095289401,0.29999999999999999,0.064094832285868195,0.53580932835301898,0.058162854781857606,133,1,False,-0.20025852400803873,0.32844818857977515,0.72109064931816935,False,False,I8
2018-10-31,DBC,6,2019-04-30,2019-04-30,15,0.23314237630964629,0.12018068875318522,0.11832918807524118,51.794746792312019,0.11905484211761121,0.29999999999999999,0.035716452635283363,0.39192750562522533,0.05978095163361781,147,1,False,-0.19805157703013482,0.26948448230070154,0.76292360179947161,False,False,I8
2018-10-31,GLD,6,2019-04-30,2019-04-30,15,0.12358815502192022,0.12842952880901673,0.15619625741541235,6866.488450042998,0.1414818735757648,0.29999999999999999,0.042444562072729439,0.52992860801968278,0.021269363113218809,162,1,False,-0.2064206059588326,0.29130973010429151,0.7189506565917857,False,False,I8
2018-10-31,VDE,6,2019-04-30,2019-04-30,15,0.17086802671497792,0.26181917128465826,0.11696481758179038,35.564803062231285,0.1809283701651801,0.29999999999999999,0.054278511049554029,0.44157148852146194,0.019295602111328518,163,1,False,-0.23254721324768177,0.3411042353467898,0.61781915909497598,False,False,I8
2018-10-31,VMBS,6,2019-04-30,2019-04-30,15,0.11882882456885246,0.21479519495161081,0.22741298950462341,51.794746792312019,0.22089542641875576,0.29999999999999999,0.066268627925626725,0.51653742327826579,0.088914849404447632,101,1,False,-0.20145267191204352,0.33398992776329695,0.50779899264145745,False,False,I8
2018-10-31,VOO,6,2019-04-30,2019-04-30,15,0.045208399644704578,0.23213633026297076,0.08489054140310065,51.794746792312019,0.15498811041892835,0.29999999999999999,0.046496433125678506,0.47605822589967367,0.033472344808324277,92,1,False,-0.13067905808178815,0.22367192433314514,0.61942434213693842,False,False,I8
2018-10-31,VWO,6,2019-04-30,2019-04-30,15,-0.0089685739999016967,0.083457717342567114,0.068045798730962351,10000,0.076786549088434713,0.29999999999999999,0.023035964726530415,0.567142260334207,0.011806204604729722,158,1,False,-0.27591636054529262,0.32198828999835344,0.74483589579311515,False,False,I8
2018-10-31,VXUS,6,2019-04-30,2019-04-30,15,0.054325468695009871,0.18196319084166473,0.070679926609125379,109.85411419875572,0.14037048586000087,0.29999999999999999,0.042111145758000255,0.62624474337173419,0.079960907628375322,87,1,False,-0.19532481290805392,0.27954710442405445,,False,True,I8
2018-11-30,BND,6,2019-05-31,2019-05-31,15,0.1754069707101642,0.16097510167605628,0.23995553022579968,51.794746792312019,0.19752942900122578,0.29999999999999999,0.059258828700367729,0.53717233501528949,0.058188726892596611,134,1,False,-0.19972720265514235,0.31824486005587782,0.76446464316076712,False,False,I8
2018-11-30,DBC,6,2019-05-31,2019-05-31,15,0.24118292695474253,0.078425882212994166,0.13824513289381338,51.794746792312019,0.11470796296253652,0.29999999999999999,0.034412388888760956,0.39347149393203534,0.060827634360195337,148,1,False,-0.19344704070613822,0.26227181848366016,0.77215675696025132,False,False,I8
2018-11-30,GLD,6,2019-05-31,2019-05-31,15,0.17595054294298751,0.12623535185209142,0.18529892861777852,6866.488450042998,0.15403425732244383,0.29999999999999999,0.046210277196733145,0.52933928162470978,0.021908465797271338,163,1,False,-0.19804269747619252,0.29046325186965882,0.7230972028784266,False,False,I8
2018-11-30,VDE,6,2019-05-31,2019-05-31,15,0.35242735296964456,0.17546331759133638,0.12477118962089258,35.564803062231285,0.14731453222387922,0.29999999999999999,0.044194359667163764,0.44471091480181324,0.020267655976423854,164,1,False,-0.22460086638584206,0.31298958572016961,0.64683254797151213,False,False,I8
2018-11-30,VMBS,6,2019-05-31,2019-05-31,15,0.19414783420238724,0.18313481551886196,0.23893609672003477,51.794746792312019,0.21011877153486191,0.29999999999999999,0.063035631460458569,0.51642766196141043,0.088599581929640042,102,1,False,-0.2046522061513146,0.33072346907223171,0.64015716354741903,False,False,I8
2018-11-30,VOO,6,2019-05-31,2019-05-31,15,0.23479142256051722,0.19388113447918448,0.08725643318526459,51.794746792312019,0.1374438836855347,0.29999999999999999,0.041233165105660406,0.47069253082289281,0.033545203363675863,93,1,False,-0.13589845563139999,0.21836478584272082,0.72114548826413472,False,False,I8
2018-11-30,VWO,6,2019-05-31,2019-05-31,15,0.21042184023507104,0.081827697416539502,0.10030650480927245,10000,0.089828383269756548,0.29999999999999999,0.026948514980926964,0.567034512391561,0.012793799178912003,159,1,False,-0.26765917190694122,0.32155620186879519,0.74182456841490274,False,False,I8
2018-11-30,VXUS,6,2019-05-31,2019-05-31,15,0.22465414110855431,0.14294011844678933,0.081893102487533967,109.85411419875572,0.12055741250002319,0.29999999999999999,0.036167223750006958,0.63335298875697643,0.080872267546320931,88,1,False,-0.20044221197350554,0.27277665947351948,,False,True,I8
2018-12-31,BND,6,2019-06-28,2019-06-28,15,0.32902598290896945,0.18763653424635685,0.2649457759621584,51.794746792312019,0.22327246487043775,0.29999999999999999,0.066981739461131326,0.53904695178510409,0.057712086141406889,135,1,False,-0.17798267933453465,0.31194615825679733,0.64088913485358323,False,False,I8
2018-12-31,DBC,6,2019-06-28,2019-06-28,15,0.3045280222337341,0.13635666540401606,0.17352376477983483,51.794746792312019,0.15887966783867769,0.29999999999999999,0.047663900351603304,0.39400698970565096,0.061632102530339107,149,1,False,-0.17792231478268558,0.27325011548589218,0.75335033415583952,False,False,I8
2018-12-31,GLD,6,2019-06-28,2019-06-28,15,0.29282848464277755,0.12759918438956117,0.27190421897579081,6866.488450042998,0.19519184069781575,0.29999999999999999,0.058557552209344721,0.53159876575294029,0.021702568102320803,164,1,False,-0.17752294948490138,0.29463805390359082,0.6859205334387265,False,False,I8
2018-12-31,VDE,6,2019-06-28,2019-06-28,15,0.26713656008256104,0.25370497708403283,0.16111779037253821,35.564803062231285,0.20230698067376368,0.29999999999999999,0.0606920942021291,0.44486922828287928,0.021770631680667722,165,1,False,-0.20371348892758681,0.32509767733184503,0.6645656271278565,False,False,I8
2018-12-31,VMBS,6,2019-06-28,2019-06-28,15,0.35198882255299524,0.20793733498594241,0.26090614314045524,51.794746792312019,0.23353335389826685,0.29999999999999999,0.070060006169480049,0.51677185490639133,0.087662593089134877,103,1,False,-0.19418696247450967,0.33430697481346977,0.37719397671150817,False,False,I8
2018-12-31,VOO,6,2019-06-28,2019-06-28,15,0.19869752766704729,0.22982582579880528,0.11298812356679563,51.794746792312019,0.166998784634493,0.29999999999999999,0.050099635390347896,0.46227082556319071,0.034109618816313886,94,1,False,-0.12537551166499156,0.22557478244568735,0.74097621185071594,False,False,I8
2018-12-31,VWO,6,2019-06-28,2019-06-28,15,0.26906380010332853,0.08246448322773299,0.084032256899181451,10000,0.083141669589090778,0.29999999999999999,0.024942500876727232,0.56805859564401062,0.013260226822419879,160,1,False,-0.2620035746650487,0.31188857641850315,0.74963862441325035,False,False,I8
2018-12-31,VXUS,6,2019-06-28,2019-06-28,15,0.25673917584643879,0.16995123137586868,0.14357453145627974,109.85411419875572,0.1604286378873416,0.29999999999999999,0.048128591366202476,0.63897707000658399,0.08135784837521888,89,1,False,-0.18847783381240679,0.28473501654481176,,False,True,I8
2019-01-31,BND,6,2019-07-31,2019-07-31,15,0.24426609976040581,0.11804773804515595,0.2514046616770414,51.794746792312019,0.17950978898009312,0.40000000000000002,0.071803915592037248,0.53911616089318881,0.057805696382117959,136,1,False,-0.17313874177402225,0.31674657295809672,0.72383517609429493,False,False,I8
2019-01-31,DBC,6,2019-07-31,2019-07-31,15,0.30559543076867934,0.039771544938875913,0.16709771617017857,51.794746792312019,0.11703113724181499,0.40000000000000002,0.046812454896726002,0.39321514535618823,0.062406016526555967,150,1,False,-0.17306413231040688,0.26668904210385891,0.78353712979064549,False,False,I8
2019-01-31,GLD,6,2019-07-31,2019-07-31,15,0.21463785115357892,0.12574561701054365,0.19605194986885363,6866.488450042998,0.15857243810198987,0.40000000000000002,0.063428975240795951,0.53308870258383567,0.021752880508229943,165,1,False,-0.16804280294140678,0.29490075342299871,0.70775590637279728,False,False,I8
2019-01-31,VDE,6,2019-07-31,2019-07-31,15,0.3155952956637087,0.11316177229919347,0.12929747110908402,35.564803062231285,0.12210192858747018,0.40000000000000002,0.048840771434988078,0.4459393179304541,0.023277936385425302,166,1,False,-0.20600672430653613,0.30368826717651232,0.68024358679982988,False,False,I8
2019-01-31,VMBS,6,2019-07-31,2019-07-31,15,0.26107390994624913,0.14092816731172597,0.25679147422105603,51.794746792312019,0.19696164840641289,0.40000000000000002,0.078784659362565165,0.51638286020494439,0.087491836693533456,104,1,False,-0.18545063402162615,0.34301995274675651,0.62680822929259894,False,False,I8
2019-01-31,VOO,6,2019-07-31,2019-07-31,15,0.15487844146846164,0.1582136567794839,0.096582493203895642,51.794746792312019,0.12463257800780964,0.40000000000000002,0.049853031203123857,0.45512826915090848,0.035187838644050104,95,1,False,-0.12561824897477064,0.22532431138101833,0.82938888857746207,False,False,I8
2019-01-31,VWO,6,2019-07-31,2019-07-31,15,0.25370654984833929,0.081425041836388476,0.051795295698323501,10000,0.068627722301810717,0.40000000000000002,0.027451088920724287,0.56809216403858465,0.014023893312420961,161,1,False,-0.2477569264621643,0.30265910430361287,0.76015569545242712,False,False,I8
2019-01-31,VXUS,6,2019-07-31,2019-07-31,15,0.2400954780715574,0.12112206593210065,0.1047175376795661,109.85411419875572,0.11524462421154848,0.40000000000000002,0.046097849684619392,0.64171833349465124,0.082325423874377052,90,1,False,-0.17630306449961908,0.26849876386885785,,False,True,I8
2019-02-28,BND,6,2019-08-30,2019-08-30,15,-0.027470843334324702,0.17030275603315059,0.24391620532717789,51.794746792312019,0.20429504808163318,0.40000000000000002,0.081718019232653274,0.53823258691886056,0.058024479358200001,137,1,False,-0.15868121841886573,0.32211725688417231,0.73422673841405739,False,False,I8
2019-02-28,DBC,6,2019-08-30,2019-08-30,15,0.12992305366019374,0.10230530571196644,0.15497027110164466,51.794746792312019,0.1341832706078426,0.40000000000000002,0.053673308243137041,0.394702632765351,0.06314149711362177,151,1,False,-0.15080462482598758,0.25815124131226164,0.78078583646231392,False,False,I8
2019-02-28,GLD,6,2019-08-30,2019-08-30,15,-0.093804782044841994,0.12785823342810235,0.14490218243776967,6866.488450042998,0.1358057724346303,0.40000000000000002,0.054322308973852124,0.53370319272721989,0.021654670503631679,166,1,False,-0.17571265146124773,0.28435726940895201,0.7211500892464362,False,False,I8
2019-02-28,VDE,6,2019-08-30,2019-08-30,15,0.18543193563656513,0.22744586965584468,0.11534249378227017,35.564803062231285,0.16533176422162063,0.40000000000000002,0.066132705688648249,0.44592118702764361,0.024559351865946693,167,1,False,-0.18521783669310704,0.31748324807040357,0.69584513315085572,False,False,I8
2019-02-28,VMBS,6,2019-08-30,2019-08-30,15,0.0081704235414779003,0.18624721863374943,0.24370395112358906,51.794746792312019,0.214197392686718,0.40000000000000002,0.085678957074687201,0.51354396879580422,0.087493618012859875,105,1,False,-0.16242669505300608,0.33378460920238051,0.63820444830751966,False,False,I8
2019-02-28,VOO,6,2019-08-30,2019-08-30,15,-0.0063472895216216685,0.20914438524299744,0.10056926663721676,51.794746792312019,0.15078021449985951,0.40000000000000002,0.060312085799943807,0.46245353914786747,0.036274149707449486,96,1,False,-0.11347561311031244,0.23409978471020004,0.84031758908197962,False,False,I8
2019-02-28,VWO,6,2019-08-30,2019-08-30,15,0.077520657586741426,0.082948257300507908,0.032406839481615421,10000,0.061137241235710994,0.40000000000000002,0.024454896494284398,0.56845262744797964,0.014540105150103681,162,1,False,-0.24060170536439246,0.28951149835296125,0.7667514973626568,False,False,I8
2019-02-28,VXUS,6,2019-08-30,2019-08-30,15,0.059112961532257979,0.16534147475670424,0.089263274667242903,109.85411419875572,0.1393496386890696,0.40000000000000002,0.055739855475627847,0.65835369347499662,0.082970984526851574,91,1,False,-0.16657266939891435,0.27805238035017005,,False,True,I8
2019-03-29,BND,6,2019-09-30,2019-09-30,16,0.018281690369724268,0.21735149143998611,0.16706447119350382,0.82864277285468424,0.19408760292319949,0.40000000000000002,0.0776350411692798,0.53737786803118437,0.057654017386966606,138,1,False,-0.16196154125209369,0.31723162359065327,0.763557948933828,False,False,I8
2019-03-29,DBC,6,2019-09-30,2019-09-30,16,0.11697400554772952,0.12465214876842434,0.076718097047858758,339.32217718953228,0.095661154513913466,0.40000000000000002,0.038264461805565392,0.39518999095850238,0.063761806813479871,152,1,False,-0.15353898306056463,0.23006790667169541,0.80032657714772193,False,False,I8
2019-03-29,GLD,6,2019-09-30,2019-09-30,16,-0.083814825556432826,0.1824337490106725,0.21029308919265657,1.2067926406393288,0.19550762449415332,0.40000000000000002,0.078203049797661336,0.53071840904777268,0.021354457907628542,167,1,False,-0.15006492180306036,0.306471021398383,0.68265208988684112,False,False,I8
2019-03-29,VDE,6,2019-09-30,2019-09-30,16,0.17974445283655982,0.22700153129484868,0.1980094045209293,51.794746792312019,0.21096532242837115,0.40000000000000002,0.084386128971348465,0.4468771128269452,0.025545523908712748,168,1,False,-0.16519136915877097,0.33396362710146793,0.71213772927623142,False,False,I8
2019-03-29,VMBS,6,2019-09-30,2019-09-30,16,0.040982179567136789,0.22936791006297977,0.1743589854585865,0.56898660290182934,0.20250907874182156,0.40000000000000002,0.081003631496728623,0.51173684062507363,0.086776308822864107,106,1,False,-0.1670169791043519,0.32902424209780912,0.71972549593269619,False,False,I8
2019-03-29,VOO,6,2019-09-30,2019-09-30,16,0.016855806284562069,0.39189696123245576,0.11529963235667334,2.559547922699533,0.23737720337979576,0.40000000000000002,0.094950881351918315,0.44135484431213157,0.036631828226971586,97,1,False,-0.07723071627856265,0.26713247898239928,0.85766104603774973,False,False,I8
2019-03-29,VWO,6,2019-09-30,2019-09-30,16,0.10949653098534307,0.19951061767047698,0.17412441794833897,159.98587196060572,0.18853259001805886,0.40000000000000002,0.075413036007223544,0.5675592340493274,0.014498996005938965,163,1,False,-0.18701467978216113,0.33784075179660822,0.71286582296649648,False,False,I8
2019-03-29,VXUS,6,2019-09-30,2019-09-30,16,0.063524381821334019,0.42231689388403276,0.11591234646692097,16.768329368110066,0.31244968147686714,0.40000000000000002,0.12497987259074686,0.6414308686561293,0.082928989922540233,92,1,False,-0.097251334118874794,0.34721107930036854,,False,True,I8
2019-04-30,BND,6,2019-10-31,2019-10-31,16,-0.13940685418586107,0.1841376234055454,0.15594497278830641,0.82864277285468424,0.17112760086031262,0.40000000000000002,0.068451040344125053,0.53853141650762182,0.058040974049838337,139,1,False,-0.16868616485858753,0.30558824554683761,0.7885877385749821,False,False,I8
2019-04-30,DBC,6,2019-10-31,2019-10-31,16,-0.061908712629002327,0.12911257117105529,0.049884023267284507,339.32217718953228,0.081268442165020355,0.40000000000000002,0.032507376866008145,0.39612513075280215,0.064868869359206438,153,1,False,-0.18988240487799424,0.25489715861001055,0.80861747795026395,False,False,I8
2019-04-30,GLD,6,2019-10-31,2019-10-31,16,-0.25693219454380833,0.18013451615689646,0.17030150252543744,1.2067926406393288,0.17552792771840536,0.40000000000000002,0.070211171087362148,0.53151814782874773,0.021962991819023128,168,1,False,-0.15439047377915743,0.2948128159538817,0.7007576330284645,False,False,I8
2019-04-30,VDE,6,2019-10-31,2019-10-31,16,0.025221071744130241,0.22483976541734926,0.16561614538134595,51.794746792312019,0.19202886683089102,0.40000000000000002,0.076811546732356406,0.44598289387727758,0.026405420375022009,169,1,False,-0.17212562827432637,0.32574872173903918,0.72039708590114548,False,False,I8
2019-04-30,VMBS,6,2019-10-31,2019-10-31,16,-0.12106827579743529,0.18641842401158304,0.15222348029160493,0.56898660290182934,0.16975785861563139,0.40000000000000002,0.067903143446252562,0.51277693180650408,0.087075865044789244,107,1,False,-0.17357129543417998,0.30937758232668511,0.79451807784717865,False,False,I8
2019-04-30,VOO,6,2019-10-31,2019-10-31,16,-0.12622519844516877,0.36090621551547741,0.12182927818547193,2.559547922699533,0.22249060839863419,0.40000000000000002,0.088996243359453678,0.42104157488940985,0.036719344261846414,98,1,False,-0.08317430489767462,0.26116679161658196,0.88624919487778175,False,False,I8
2019-04-30,VWO,6,2019-10-31,2019-10-31,16,-0.071652543067576069,0.21044084154334924,0.15081397393610776,159.98587196060572,0.1845968711654567,0.40000000000000002,0.073838748466182685,0.56657172487870389,0.014355901066878963,164,1,False,-0.17659615349271149,0.32427365042507683,0.69793148070081723,False,False,I8
2019-04-30,VXUS,6,2019-10-31,2019-10-31,16,-0.1062953475278321,0.41849243918553114,0.082752317419912527,16.768329368110066,0.29021999599230675,0.40000000000000002,0.1160879983969227,0.61794127398699217,0.082621425178158181,93,1,False,-0.10195071171210406,0.33412670850594944,,False,True,I8
2019-05-31,BND,6,2019-11-29,2019-11-29,16,-0.11516627744109653,0.20314273380660286,0.14657150223029619,0.82864277285468424,0.17720404402397105,0.40000000000000002,0.070881617609588429,0.54148621021898469,0.058879302597412093,140,1,False,-0.16319434623363027,0.3049575814528071,0.80097385533827947,False,False,I8
2019-05-31,DBC,6,2019-11-29,2019-11-29,16,-0.088126651253856214,0.13818892636375504,0.10518206691662824,339.32217718953228,0.11821938720498631,0.40000000000000002,0.047287754881994527,0.39498820871589929,0.066013765837099531,154,1,False,-0.1725643034381025,0.26713981320209157,0.79831628673148158,False,False,I8
2019-05-31,GLD,6,2019-11-29,2019-11-29,16,-0.19404375263779727,0.20325593294773675,0.19553558830573078,1.2067926406393288,0.1996293119198593,0.40000000000000002,0.079851724767943721,0.53025140767094614,0.022874160760585044,169,1,False,-0.13503266281124313,0.2947361123471306,0.70422575650096431,False,False,I8
2019-05-31,VDE,6,2019-11-29,2019-11-29,16,-0.067095441658188815,0.24467445844896446,0.12524288147373472,51.794746792312019,0.17876851873278696,0.40000000000000002,0.07150740749311478,0.44816989455103245,0.028323196449108027,170,1,False,-0.19289998584423701,0.3359148008304666,0.72681362888063927,False,False,I8
2019-05-31,VMBS,6,2019-11-29,2019-11-29,16,-0.10259146354117032,0.1995001935616503,0.1378042182780625,0.56898660290182934,0.16964693918083798,0.40000000000000002,0.067858775672335198,0.51612314671109849,0.08806727216661886,108,1,False,-0.16808807812402227,0.30380562946869266,0.81345617265068271,False,False,I8
2019-05-31,VOO,6,2019-11-29,2019-11-29,16,-0.22898277272603507,0.38870803945695492,0.082690228675596486,2.559547922699533,0.21701938804488907,0.40000000000000002,0.08680775521795564,0.43895863128459278,0.038720072325469354,99,1,False,-0.08866943073640024,0.26228494117231149,0.90261667268951451,False,False,I8
2019-05-31,VWO,6,2019-11-29,2019-11-29,16,-0.13128150602383803,0.22306071163663338,0.15490758451661404,159.98587196060572,0.19343580747177444,0.40000000000000002,0.077374322988709776,0.56531849062936212,0.015544179486080128,165,1,False,-0.16739330030416422,0.32214194628158377,0.6996939038807467,False,False,I8
2019-05-31,VXUS,6,2019-11-29,2019-11-29,16,-0.16443671462238652,0.46151397775673181,0.092708544109568622,16.768329368110066,0.32277649974218187,0.40000000000000002,0.12911059989687276,0.62381932217603842,0.084132411517843245,94,1,False,-0.088913020241497442,0.34713422003524297,,False,True,I8
2019-06-28,BND,6,2019-12-31,2019-12-31,16,-0.12186736057929959,0.15287211525762329,0.13256864545882974,0.82864277285468424,0.1434546452376573,0.5,0.071727322618828651,0.5361645022603192,0.060795236500330939,141,1,False,-0.17333139570513212,0.31678604094278939,0.81418482205829412,False,False,I8
2019-06-28,DBC,6,2019-12-31,2019-12-31,16,-0.13338767270661978,0.12052398523928823,0.041150750673769831,339.32217718953228,0.072487158701591448,0.5,0.036243579350795724,0.39479817345675983,0.067552567491271365,155,1,False,-0.19742467042579959,0.26991182912739103,0.81667035943712707,False,False,I8
2019-06-28,GLD,6,2019-12-31,2019-12-31,16,-0.1635741076401348,0.15390777819561402,0.1992682266282382,1.2067926406393288,0.17541876689363875,0.5,0.087709383446819375,0.52577654231139481,0.024462127371656765,170,1,False,-0.14374828135768675,0.31916704825132552,0.72332259969052692,False,False,I8
2019-06-28,VDE,6,2019-12-31,2019-12-31,16,-0.067294858914601741,0.16824213321124148,0.12593929025394418,51.794746792312019,0.14502367236407118,0.5,0.072511836182035591,0.45113710512061245,0.029719765827081433,171,1,False,-0.18233768385720556,0.32736135622127677,0.72865397107423824,False,False,I8
2019-06-28,VMBS,6,2019-12-31,2019-12-31,16,-0.11691297847045179,0.14750251289878974,0.13050369058807332,0.56898660290182934,0.13918178491455685,0.5,0.069590892457278425,0.5105115029652777,0.090488570794016801,109,1,False,-0.19466424886857023,0.33384603378312705,0.8411709769531639,False,False,I8
2019-06-28,VOO,6,2019-12-31,2019-12-31,16,-0.20783475991880762,0.30369088481134365,0.063553496765656026,2.559547922699533,0.17112222623525694,0.5,0.085561113117628471,0.44794661233316702,0.040319846878885131,100,1,False,-0.088238168944827625,0.25936039518008458,0.90892462623934811,False,False,I8
2019-06-28,VWO,6,2019-12-31,2019-12-31,16,-0.17032587729844029,0.18320692235440639,0.1364396498177213,159.98587196060572,0.16283447688157718,0.5,0.081417238440788589,0.5643867095980698,0.017071406116304515,166,1,False,-0.15705114510832896,0.31988562198990611,0.72045325729141196,False,False,I8
2019-06-28,VXUS,6,2019-12-31,2019-12-31,16,-0.17279245494659567,0.38034339506594889,0.082261916504626692,16.768329368110066,0.26827145317251144,0.5,0.13413572658625572,0.62402245710015936,0.085949324826565296,95,1,False,-0.076085696540598963,0.34435714971311038,,False,True,I8
2019-07-31,BND,6,2020-01-31,2020-01-31,16,-0.02555045740022277,0.22871600277480159,0.16744447759730419,0.82864277285468424,0.19982869320704905,0.5,0.099914346603524523,0.52853614327260634,0.062087284833148369,142,1,False,-0.14050820719380774,0.34033690040085679,0.82435784736096351,False,False,I8
2019-07-31,DBC,6,2020-01-31,2020-01-31,16,0.064725733050436163,0.13420415032082664,0.054755875056342551,339.32217718953228,0.085889669008464467,0.5,0.042944834504232234,0.39187501362965044,0.069078483281511158,156,1,False,-0.2142869982665758,0.30017666727504028,0.81517134900742227,False,False,I8
2019-07-31,GLD,6,2020-01-31,2020-01-31,16,-0.09721322002355981,0.20613555511497783,0.1992682266282382,1.2067926406393288,0.20286396954833505,0.5,0.10143198477416752,0.52360141604409716,0.025574266107223562,171,1,False,-0.12860065331561338,0.3314646228639484,0.72760474259087204,False,False,I8
2019-07-31,VDE,6,2020-01-31,2020-01-31,16,0.13582369416035645,0.20287978555739386,0.15226079569112602,51.794746792312019,0.17510126645767188,0.5,0.087550633228835939,0.45122336156626092,0.031381832861015313,172,1,False,-0.19927331012067967,0.37437457657835155,0.74230820554517851,False,False,I8
2019-07-31,VMBS,6,2020-01-31,2020-01-31,16,-0.0050420499902714688,0.22169796418481086,0.16478123858956556,0.56898660290182934,0.19318628330914958,0.5,0.096593141654574791,0.49906322653875468,0.092039346604491645,110,1,False,-0.15158925526542755,0.3447755385745771,0.83560996432216739,False,False,I8
2019-07-31,VOO,6,2020-01-31,2020-01-31,16,-0.056028107645134329,0.35238991170340128,0.073631112863422457,2.559547922699533,0.20084635226007788,0.5,0.10042317613003894,0.45636313517652649,0.041454090389673015,101,1,False,-0.073364522780217309,0.27421087504029518,0.9232663730068249,False,False,I8
2019-07-31,VWO,6,2020-01-31,2020-01-31,16,0.0097061030200265019,0.20155210958376374,0.13645736878818751,159.98587196060572,0.17320851399370313,0.5,0.086604256996851564,0.56457933093134338,0.018488383024879571,167,1,False,-0.14964326252710877,0.32285177652081187,0.71979327118147018,False,False,I8
2019-07-31,VXUS,6,2020-01-31,2020-01-31,16,-0.01905190087196873,0.42060017635480251,0.085179944858066264,16.768329368110066,0.29365713387619641,0.5,0.1468285669380982,0.62154029316552628,0.087555013922867311,96,1,False,-0.063337310028528271,0.35699444390472468,,False,True,I8
2019-08-30,BND,6,2020-02-28,2020-02-28,16,-0.035913455195797472,0.32145923450443009,0.18853773912637656,0.82864277285468424,0.25927061372486404,0.5,0.12963530686243202,0.53214022605832145,0.061461004216592618,143,1,False,-0.10996400126718339,0.36923461499204746,0.75816231813869184,False,False,I8
2019-08-30,DBC,6,2020-02-28,2020-02-28,16,0.064790841295215174,0.14896534829456709,0.15595184852314792,339.32217718953228,0.15321324261332889,0.5,0.076606621306664444,0.39198537468241479,0.069466028315770298,157,1,False,-0.17014885231561705,0.32336209492894596,0.79992350637151433,False,False,I8
2019-08-30,GLD,6,2020-02-28,2020-02-28,16,-0.035223662202799377,0.30314184282274875,0.23403203207884074,1.2067926406393288,0.27023055357815445,0.5,0.13511527678907723,0.52378267440856174,0.024880201873781323,172,1,False,-0.089478617907473967,0.35970917148562842,0.68420533203597456,False,False,I8
2019-08-30,VDE,6,2020-02-28,2020-02-28,16,0.17545201631062968,0.2517838497924621,0.27313823545725607,51.794746792312019,0.2634814242027898,0.5,0.1317407121013949,0.45221676736816607,0.032272295882839301,173,1,False,-0.13813885109753496,0.40162027530032474,0.77233176354058375,False,False,I8
2019-08-30,VMBS,6,2020-02-28,2020-02-28,16,-0.026682653962748826,0.32043235852718421,0.18797469278681053,0.56898660290182934,0.25479903286781841,0.5,0.1273995164339092,0.50449583047906255,0.09128377072104106,111,1,False,-0.11410168647695798,0.36890071934477642,0.84121818227858869,False,False,I8
2019-08-30,VOO,6,2020-02-28,2020-02-28,16,-0.024394308598687187,0.42858822185268564,0.10892349144766773,2.559547922699533,0.25063639827320477,0.5,0.12531819913660239,0.44331730512148021,0.040985449410150518,102,1,False,-0.046857786113762928,0.29749418438696773,0.79684911678931902,False,False,I8
2019-08-30,VWO,6,2020-02-28,2020-02-28,16,-0.031218244157671493,0.19965522181762979,0.15999747013963381,159.98587196060572,0.18243847265415192,0.5,0.091219236327075959,0.56586673638812146,0.018839765611557324,168,1,False,-0.14304552687212951,0.32548399952628143,0.71934379131952719,False,False,I8
2019-08-30,VXUS,6,2020-02-28,2020-02-28,16,-0.013408877347270587,0.44001160951849422,0.11670009280726809,16.768329368110066,0.31296071612391879,0.5,0.1564803580619594,0.60703257747525852,0.087261796887912579,97,1,False,-0.041767072531024074,0.35472778865494287,,False,True,I8
2019-09-30,BND,6,2020-03-31,2020-03-31,17,-0.047936727733948081,0.12282082947270523,0.10618304632296877,494.17133613238281,0.11497670923716063,0.5,0.057488354618580317,0.52853573309922353,0.061161147870433807,144,1,False,-0.17966167349145798,0.29463838272861864,0.80106025505802392,False,False,I8
2019-09-30,DBC,6,2020-03-31,2020-03-31,17,0.22160980517894757,0.1553613860862981,0.2206406917684598,2222.9964825261909,0.19496691271413824,0.5,0.09748345635706912,0.39329123963610385,0.069766711715972568,158,1,False,-0.14530957891166821,0.34027649162580642,0.79167538338975052,False,False,I8
2019-09-30,GLD,6,2020-03-31,2020-03-31,17,-0.094062174908311813,0.11947159159255184,0.091076855002223053,10000,0.10596144047418908,0.5,0.05298072023709454,0.52420227335497416,0.024251906917537314,173,1,False,-0.16933389418159825,0.27529533465578732,0.7130973591540466,False,False,I8
2019-09-30,VDE,6,2020-03-31,2020-03-31,17,0.50015536695415796,0.31688921172958873,0.19774427369049946,35.564803062231285,0.25153259581685672,0.5,0.12576629790842836,0.45145285239655175,0.033119837014757236,174,1,False,-0.13981615216770749,0.3913487479845642,0.77867551146781,False,False,I8
2019-09-30,VMBS,6,2020-03-31,2020-03-31,17,-0.048120632180372103,0.12229117540718476,0.093702812090800322,494.17133613238281,0.10797838788229325,0.5,0.053989193941146624,0.49934918041675219,0.090834649371452594,112,1,False,-0.18749308742262258,0.2954714753049158,0.86067899990089025,False,False,I8
2019-09-30,VOO,6,2020-03-31,2020-03-31,17,0.11896782937892614,0.14173029025704798,0.099980739121296153,109.85411419875572,0.11715034084272541,0.5,0.058575170421362704,0.41125236689613742,0.040751181030290441,103,1,False,-0.11359141030016018,0.23074175114288559,0.85981700092498681,False,False,I8
2019-09-30,VWO,6,2020-03-31,2020-03-31,17,0.15358242989952386,0.10170850640196079,0.18765261781694523,10000,0.1391273449953522,0.5,0.069563672497676102,0.56461428273179626,0.019376196175899248,169,1,False,-0.16409455248418625,0.30322189747953848,0.74841472753713745,False,False,I8
2019-09-30,VXUS,6,2020-03-31,2020-03-31,17,0.16923606210687092,0.2849082061033848,0.078167493137102306,51.794746792312019,0.19283611728938013,0.5,0.096418058644690066,0.55464945683426758,0.087019578366825043,98,1,False,-0.097954185746751979,0.29079030303613213,,False,True,I8
2019-10-31,BND,6,2020-04-30,2020-04-30,17,0.17922638361895982,0.12304593195845541,0.11549041270873836,494.17133613238281,0.1194641589294672,0.40000000000000002,0.047785663571786881,0.52593952703881408,0.059777920270045568,145,1,False,-0.18935924140253962,0.28493056854611337,0.78127067867832156,False,False,I8
2019-10-31,DBC,6,2020-04-30,2020-04-30,17,0.53899332478398365,0.15593468097459193,0.20765876113948589,2222.9964825261909,0.18739835752687381,0.40000000000000002,0.074959343010749524,0.39170157396753785,0.068938564393048199,159,1,False,-0.16406577286099303,0.31398445888249205,0.78178961677952929,False,False,I8
2019-10-31,GLD,6,2020-04-30,2020-04-30,17,0.088769029633306795,0.11952675285671856,0.16178780674400775,10000,0.13967110799526514,0.40000000000000002,0.055868443198106056,0.52333523928977643,0.022635906334426133,174,1,False,-0.17838948850573122,0.29012637490194332,0.6809049657403915,False,False,I8
2019-10-31,VDE,6,2020-04-30,2020-04-30,17,0.63609646198944092,0.31429253052386946,0.18081379933849195,35.564803062231285,0.24090657062646312,0.40000000000000002,0.096362628250585253,0.45020484353056456,0.033074701213210801,175,1,False,-0.16804639057933754,0.36077164708050802,0.78403793845449743,False,False,I8
2019-10-31,VMBS,6,2020-04-30,2020-04-30,17,0.20199681286740567,0.12255786840186401,0.12491540598075208,494.17133613238281,0.12374507401528773,0.40000000000000002,0.049498029606115095,0.49642134061606324,0.088959402246064204,113,1,False,-0.18644534858717102,0.28544140779940119,0.83968850892863356,False,False,I8
2019-10-31,VOO,6,2020-04-30,2020-04-30,17,0.2876563822510575,0.13848073397386934,0.098160195511653212,109.85411419875572,0.11393433078800758,0.40000000000000002,0.045573732315203036,0.39121836855269476,0.039145638919949481,104,1,False,-0.12990495598579654,0.22105242061620262,0.81455615796941139,False,False,I8
2019-10-31,VWO,6,2020-04-30,2020-04-30,17,0.38633298499327573,0.10142605995937999,0.15508239239409558,10000,0.12495861017285911,0.40000000000000002,0.049983444069143651,0.5614208212588605,0.018840733003878812,170,1,False,-0.18329302945869819,0.28325991759698549,0.73304779473208903,False,False,I8
2019-10-31,VXUS,6,2020-04-30,2020-04-30,17,0.39843882330248848,0.26519444093611677,0.097145375887524602,51.794746792312019,0.18172375825474132,0.40000000000000002,0.072689503301896538,0.50329576271525511,0.085066902347687101,99,1,False,-0.14535557288850098,0.29073457949229403,0.97614757273681985,False,False,I8
2019-11-29,BND,6,2020-05-29,2020-05-29,17,0.042071263941570791,0.12549834378736105,0.12673553092167003,494.17133613238281,0.12608970382623041,0.40000000000000002,0.050435881530492166,0.52201245674959129,0.058579672340517197,146,1,False,-0.18364556357148751,0.28451732663247187,0.75986208866482308,False,False,I8
2019-11-29,DBC,6,2020-05-29,2020-05-29,17,0.31689500155472816,0.15415867381315315,0.22569393415759062,2222.9964825261909,0.19764221116870528,0.40000000000000002,0.079056884467482116,0.39213840634420272,0.06795690679525504,160,1,False,-0.14866947949652004,0.3067832484314843,0.75915992631270945,False,False,I8
2019-11-29,GLD,6,2020-05-29,2020-05-29,17,-0.083256126440417688,0.1195111720483525,0.17398633912361142,10000,0.14551675867076255,0.40000000000000002,0.058206703468305025,0.52261575285335737,0.021397736854584855,175,1,False,-0.19065379271268418,0.30706719964929424,0.65844374825338103,False,False,I8
2019-11-29,VDE,6,2020-05-29,2020-05-29,17,0.41500990540671978,0.27033401013145564,0.19963859940706194,35.564803062231285,0.23127410375691426,0.40000000000000002,0.092509641502765708,0.4474902122456495,0.032505552674168763,176,1,False,-0.1623416983596756,0.34736098136520699,0.75725391969027844,False,False,I8
2019-11-29,VMBS,6,2020-05-29,2020-05-29,17,0.062061661190504713,0.12506130606286608,0.13231855822347205,494.17133613238281,0.12875176077633962,0.40000000000000002,0.051500704310535855,0.49148043477031783,0.087279131493544604,114,1,False,-0.1803442135231072,0.28334562214417891,0.81878734453267643,False,False,I8
2019-11-29,VOO,6,2020-05-29,2020-05-29,17,0.12040981033073361,0.13999006499145883,0.12067794361774378,109.85411419875572,0.12782948852460854,0.40000000000000002,0.051131795409843417,0.37031379248674556,0.036592034999511532,105,1,False,-0.13407661471326912,0.23634020553295595,0.76554745839366467,False,False,I8
2019-11-29,VWO,6,2020-05-29,2020-05-29,17,0.19740784369020947,0.10167121816049357,0.18998783840356132,10000,0.14072694220330453,0.40000000000000002,0.056290776881321815,0.55777605692653809,0.01796282517330737,171,1,False,-0.17034587453215963,0.28292742829480327,0.70214634224291128,False,False,I8
2019-11-29,VXUS,6,2020-05-29,2020-05-29,17,0.20746876169157713,0.26459036976160172,0.098663188015404343,51.794746792312019,0.17462718744938066,0.40000000000000002,0.069850874979752273,0.45781528158641921,0.082571866177986356,100,1,False,-0.15424881734632212,0.29395056730582664,0.98376421962191862,False,False,I8
2019-12-31,BND,6,2020-06-30,2020-06-30,17,0.054220729163718451,0.12676204440777419,0.14963320676419647,494.17133613238281,0.13773313127283424,0.29999999999999999,0.041319939381850267,0.52030916950841744,0.057352141504327971,147,1,False,-0.18952715985605562,0.27216703861975616,0.73597517243365085,False,False,I8
2019-12-31,DBC,6,2020-06-30,2020-06-30,17,0.36578051133903511,0.15596036825045248,0.12776928010280625,2222.9964825261909,0.13879362103751883,0.29999999999999999,0.041638086311255644,0.39105765896564143,0.066706319344932846,161,1,False,-0.18394098935982336,0.26721716198233464,0.77260241834195897,False,False,I8
2019-12-31,GLD,6,2020-06-30,2020-06-30,17,-0.054939039574981585,0.11986781737573947,0.16683705531635631,10000,0.14225209632546171,0.29999999999999999,0.042675628897638512,0.52342682293413711,0.020346760465410299,176,1,False,-0.21549558340281963,0.30084684119809668,0.64404521329209607,False,False,I8
2019-12-31,VDE,6,2020-06-30,2020-06-30,17,0.5029492426277139,0.26996906968011503,0.12816815824244296,35.564803062231285,0.19154315950237508,0.29999999999999999,0.057462947850712522,0.44692943520174988,0.031941708540898867,177,1,False,-0.19388759453104279,0.30881349023246785,0.72938553338363465,False,False,I8
2019-12-31,VMBS,6,2020-06-30,2020-06-30,17,0.081912343227559248,0.12583646308453647,0.16269547365364251,494.17133613238281,0.14461693946073759,0.29999999999999999,0.043385081838221276,0.49047801104183086,0.085503547928640289,115,1,False,-0.18844195696634347,0.27521212064278605,0.79003784574684754,False,False,I8
2019-12-31,VOO,6,2020-06-30,2020-06-30,17,0.17706274622498952,0.1377551582558334,0.11255372274029926,109.85411419875572,0.12156409051354941,0.29999999999999999,0.036469227154064823,0.35753390983208705,0.034286121839904746,106,1,False,-0.18023485831233849,0.25317331262046811,0.74877026030004301,False,False,I8
2019-12-31,VWO,6,2020-06-30,2020-06-30,17,0.22313791767695967,0.1016109649605431,0.12693861053228925,10000,0.11288285821618543,0.29999999999999999,0.033864857464855631,0.55495692547843845,0.016868123414750701,172,1,False,-0.20238402650372705,0.2701137414334383,0.70773182922684363,False,False,I8
2019-12-31,VXUS,6,2020-06-30,2020-06-30,17,0.23398806248320736,0.25269730717033911,0.096153734471845984,51.794746792312019,0.16326017840413273,0.29999999999999999,0.048978053521239816,0.42867581706171648,0.080043506562891498,101,1,False,-0.18860879618898937,0.28656490323146899,0.96907761537843062,False,False,I8
2020-01-31,BND,6,2020-07-31,2020-07-31,17,0.063700481399795006,0.13159520823021001,0.1154093719291614,494.17133613238281,0.12377171021707958,0.29999999999999999,0.037131513065123876,0.51664542581444517,0.056791988809026944,148,1,False,-0.18853148645281803,0.2627945125830658,0.72950069442265741,False,False,I8
2020-01-31,DBC,6,2020-07-31,2020-07-31,17,0.23496562621931594,0.15665033963771169,0.12511811292538827,2222.9964825261909,0.13739619182590149,0.29999999999999999,0.041218857547770445,0.38938191750710427,0.066694093503608776,162,1,False,-0.18112018379235759,0.26355789888789849,0.77584311633044623,False,False,I8
2020-01-31,GLD,6,2020-07-31,2020-07-31,17,-0.11926369455935748,0.120171607974967,0.12326696936656646,10000,0.12164849935383652,0.29999999999999999,0.036494549806150953,0.52286948371274133,0.019682579784681652,177,1,False,-0.21749378369515188,0.29048288330745381,0.64592280507336353,False,False,I8
2020-01-31,VDE,6,2020-07-31,2020-07-31,17,0.43570062452964176,0.32053644627874084,0.16786467871131011,35.564803062231285,0.23589831129610167,0.29999999999999999,0.070769493388830498,0.44562025886510459,0.032525315201682337,178,1,False,-0.17880679353925794,0.32034578031691896,0.74642057394101469,False,False,I8
2020-01-31,VMBS,6,2020-07-31,2020-07-31,17,0.094455960222751711,0.1301777028179788,0.091454039986195293,494.17133613238281,0.11028892821128726,0.29999999999999999,0.033086678463386178,0.48639221725773085,0.084722982429339316,116,1,False,-0.19679684239144951,0.26297019931822185,0.80217716735163391,False,False,I8
2020-01-31,VOO,6,2020-07-31,2020-07-31,17,0.09792008554529863,0.15738051711128292,0.072945346339167466,109.85411419875572,0.1016539007356398,0.29999999999999999,0.03049617022069194,0.34000706262506047,0.033442063620418405,107,1,False,-0.16739849577747451,0.22839083621885836,0.77068385622648394,False,False,I8
2020-01-31,VWO,6,2020-07-31,2020-07-31,17,0.092387413861986456,0.1023033302702676,0.15425649885046855,10000,0.12556570688338164,0.29999999999999999,0.037669712065014495,0.55224335206420483,0.016826724452931482,173,1,False,-0.19659638456963574,0.27193580869966472,0.70523099418175517,False,False,I8
2020-01-31,VXUS,6,2020-07-31,2020-07-31,17,0.16307784015064619,0.28124610273158862,0.068858053120762333,51.794746792312019,0.15343546429676622,0.29999999999999999,0.046030639289029861,0.39822113970621742,0.079071982960588941,102,1,False,-0.19059204283205683,0.28265332141011656,0.97606960804612342,False,False,I8
2020-02-28,BND,6,2020-08-31,2020-08-31,17,0.25520425967367455,0.12212755101726243,0.13078372628307303,494.17133613238281,0.12637397283927099,0.29999999999999999,0.037912191851781296,0.50943439895669629,0.056169804621075112,149,1,False,-0.17864515460865943,0.25446953831222202,0.71110867305279124,False,False,I8
2020-02-28,DBC,6,2020-08-31,2020-08-31,17,0.28819412030490699,0.15490859155498379,0.21981466880925712,2222.9964825261909,0.19448470816956098,0.29999999999999999,0.058345412450868293,0.3902556079681806,0.066682417109692263,163,1,False,-0.16148968005569556,0.27818050495743213,0.7612296888429223,False,False,I8
2020-02-28,GLD,6,2020-08-31,2020-08-31,17,0.041097903400893809,0.11942671658642133,0.19265436647036094,10000,0.15452520401924646,0.29999999999999999,0.046357561205773938,0.52069351551697163,0.019374117751044119,178,1,False,-0.20527315114934436,0.29798827356089225,0.59833403869254953,False,False,I8
2020-02-28,VDE,6,2020-08-31,2020-08-31,17,0.46226735035290656,0.30359938683463572,0.19411974439612414,35.564803062231285,0.24300135455441044,0.29999999999999999,0.072900406366323126,0.44649040743570495,0.033323788392235112,179,1,False,-0.17603600657927848,0.32183681931192476,0.75788185342283876,False,False,I8
2020-02-28,VMBS,6,2020-08-31,2020-08-31,17,0.26345340782656379,0.12173517906837424,0.13611531332817736,494.17133613238281,0.12925312864193056,0.29999999999999999,0.038775938592579169,0.47719893029293231,0.083770797502911221,117,1,False,-0.18437019504623359,0.26192207223139191,0.77400556586228997,False,False,I8
2020-02-28,VOO,6,2020-08-31,2020-08-31,17,0.087007197418536464,0.13580749472174103,0.098771619441166553,109.85411419875572,0.11069158810383947,0.29999999999999999,0.033207476431151843,0.3218492494741988,0.03290654165542669,108,1,False,-0.16462989202797204,0.23104484489027574,0.74252711549500783,False,False,I8
2020-02-28,VWO,6,2020-08-31,2020-08-31,17,0.16292194064488297,0.10131617066676885,0.21610046720085874,10000,0.15294133180224842,0.29999999999999999,0.045882399540674523,0.55024195212846605,0.016550603943675146,174,1,False,-0.18777587634799467,0.27954067542934369,0.66273334401512751,False,False,I8
2020-02-28,VXUS,6,2020-08-31,2020-08-31,17,0.19863342036002907,0.26429783510329363,0.099357213444004999,51.794746792312019,0.16090841055604768,0.29999999999999999,0.048272523166814303,0.37317185113553519,0.07817411053041555,103,1,False,-0.18834795122134337,0.28489299755497199,0.97037789486155912,False,False,I8
2020-03-31,BND,6,2020-09-30,2020-09-30,18,0.22550997037105169,0.1265476437417172,0.22129848288149634,10000,0.17312204498744438,0.29999999999999999,0.051936613496233311,0.50845394438122826,0.055475761072041628,150,1,False,-0.16170452019964365,0.2655777471921103,0.63663937961958528,False,False,I8
2020-03-31,DBC,6,2020-09-30,2020-09-30,18,0.12845268262334852,0.18122872677174384,0.28255310750408336,10000,0.24320241099237871,0.29999999999999999,0.072960723297713609,0.38836355304903553,0.0676270963052365,164,1,False,-0.12774063222525797,0.27366207882068516,0.75666969517861504,False,False,I8
2020-03-31,GLD,6,2020-09-30,2020-09-30,18,0.1133969655481859,0.1329987547111941,0.20730190991177996,10000,0.16868339187233597,0.29999999999999999,0.050605017561700792,0.51974263993488501,0.018740395445684593,179,1,False,-0.20043176993373576,0.30164180505713734,0.571536918034667,False,False,I8
2020-03-31,VDE,6,2020-09-30,2020-09-30,18,0.14654225698777124,0.1682447056362007,0.24322730367521112,10000,0.20944509273807657,0.29999999999999999,0.062833527821422971,0.45053401483313582,0.035917297162023569,180,1,False,-0.20157695868625808,0.32724401432910405,0.75774244306199623,False,False,I8
2020-03-31,VMBS,6,2020-09-30,2020-09-30,18,0.25393119031417832,0.12885064631166254,0.31082304239342434,10000,0.22426706401287419,0.29999999999999999,0.06728011920386226,0.47565444124646122,0.082653073522544418,118,1,False,-0.1525247898791911,0.28708502828691562,0.60583749552436617,False,False,I8
2020-03-31,VOO,6,2020-09-30,2020-09-30,18,-0.046721794812728312,0.12202459625487067,0.1507547517446127,109.85411419875572,0.14149895575017929,0.29999999999999999,0.042449686725053788,0.32216310133574311,0.033696094753807415,109,1,False,-0.15137786076285287,0.23627723421296043,0.66857636231741813,False,False,I8
2020-03-31,VWO,6,2020-09-30,2020-09-30,18,-0.036214354809998683,0.1242646497932732,0.24816190354494777,10000,0.18007707450694938,0.29999999999999999,0.054023122352084813,0.54952653893733461,0.01733364294913714,175,1,False,-0.17925326842177192,0.28729951312594154,0.64473241961957672,False,False,I8
2020-03-31,VXUS,6,2020-09-30,2020-09-30,18,0.0047539902993622984,0.30881667775291155,0.22119019465025319,35.564803062231285,0.25390654697959436,0.29999999999999999,0.076171964093878303,0.37336146757153871,0.079049706218650678,104,1,False,-0.14812487612964498,0.30046880431740158,0.55210830491920559,False,False,I8
2020-04-30,BND,6,2020-10-30,2020-10-30,18,0.10041293341079194,0.12519002326262715,0.15832345868882386,10000,0.14146591084148824,0.40000000000000002,0.0565863643365953,0.50877754239777118,0.05629530161870995,151,1,False,-0.15418220331326873,0.26735493198645932,0.68498396056505995,False,False,I8
2020-04-30,DBC,6,2020-10-30,2020-10-30,18,-0.070698854435351954,0.17880637922843978,-0.097189437878415871,10000,0.010253355771443031,0.40000000000000002,0.0041013423085772124,0.38929138410913278,0.070483861326319827,165,1,False,-0.22358971852886039,0.23179240314601479,0.8186727921230027,False,False,I8
2020-04-30,GLD,6,2020-10-30,2020-10-30,18,0.028169812559237339,0.13087378252192711,-0.022212250295272837,10000,0.057512377018832946,0.40000000000000002,0.023004950807533179,0.52078315602642189,0.019129443413393604,180,1,False,-0.22585506246582471,0.27186496408089106,0.69162248913789448,False,False,I8
2020-04-30,VDE,6,2020-10-30,2020-10-30,18,0.241590578203698,0.16544090068014872,-0.10814344789089243,10000,0.016399780334133796,0.40000000000000002,0.006559912133653519,0.45522789909411177,0.039233204150020344,181,1,False,-0.28151146088635193,0.29463128515365899,0.70563603857204282,False,False,I8
2020-04-30,VMBS,6,2020-10-30,2020-10-30,18,0.1044867755618879,0.12760055790166086,0.22585967795854334,10000,0.17911211796610935,0.40000000000000002,0.071644847186443747,0.47575797509047207,0.083655962088467609,119,1,False,-0.14815131264983039,0.29144100702271786,0.68687244296324401,False,False,I8
2020-04-30,VOO,6,2020-10-30,2020-10-30,18,-0.051948697887240325,0.060590361841438262,0.0053130098264554046,109.85411419875572,0.023564889046470649,0.40000000000000002,0.0094259556185882602,0.33018729289109389,0.036004824640146052,110,1,False,-0.22116157090033686,0.24001348213751336,0.90693690943878835,False,False,I8
2020-04-30,VWO,6,2020-10-30,2020-10-30,18,-0.15438619745283666,0.12212139836674715,-0.013317776706245656,10000,0.060768125560972927,0.40000000000000002,0.024307250224389173,0.54700497272883675,0.019430230119842459,176,1,False,-0.21980191565485088,0.26841641610362921,0.75304710791368257,False,False,I8
2020-04-30,VXUS,6,2020-10-30,2020-10-30,18,-0.06147807539018979,0.20367547712110956,0.015736364851506125,35.564803062231285,0.089665250551534237,0.40000000000000002,0.035866100220613699,0.39336615357624571,0.082091507333734839,105,1,False,-0.20945278583951699,0.2811849862807444,0.99886934239813885,False,False,I8
2020-05-29,BND,6,2020-11-30,2020-11-30,18,0.12511593531995846,0.12670291619399035,0.14235881530182226,10000,0.13439362850054865,0.40000000000000002,0.05375745140021946,0.50876584898844945,0.056201722423465612,152,1,False,-0.15592420426519832,0.26343910706563722,0.69916677166932495,False,False,I8
2020-05-29,DBC,6,2020-11-30,2020-11-30,18,-0.049117850216836789,0.17837719584203007,-0.094103795129454423,10000,0.011599046130177796,0.40000000000000002,0.0046396184520711183,0.38792739589931308,0.071968265785527105,166,1,False,-0.23815206233093639,0.24743129923507862,0.81783125406743751,False,False,I8
2020-05-29,GLD,6,2020-11-30,2020-11-30,18,0.11107976115919871,0.13234357473501365,-0.0027371670427437551,10000,0.06776571682981819,0.40000000000000002,0.027106286731927276,0.52193142371513879,0.01856377728160459,181,1,False,-0.21707059443792087,0.27128316790177542,0.67520149720496003,False,False,I8
2020-05-29,VDE,6,2020-11-30,2020-11-30,18,0.088577038482994697,0.16587073074747904,-0.064297250582444274,10000,0.041022294717508172,0.40000000000000002,0.016408917887003268,0.45757687360079491,0.041297911299782435,182,1,False,-0.29987043190213741,0.33268826767614396,0.71695746777224068,False,False,I8
2020-05-29,VMBS,6,2020-11-30,2020-11-30,18,0.14073189406765407,0.12899272585390009,0.20956747190355693,10000,0.17117382660241498,0.40000000000000002,0.068469530640965989,0.4764972548282137,0.083476009580984611,120,1,False,-0.14977789494722993,0.28671695622916188,0.70465235570634133,False,False,I8
2020-05-29,VOO,6,2020-11-30,2020-11-30,18,-0.064746564623193725,0.10390465499765891,0.0035987767735833711,109.85411419875572,0.036593956217926514,0.40000000000000002,0.014637582487170606,0.3289456214184624,0.036765229916637832,111,1,False,-0.20223124116387492,0.23150640613821616,0.89522597068060084,False,False,I8
2020-05-29,VWO,6,2020-11-30,2020-11-30,18,-0.18232123172851389,0.12229211832712478,-0.017424703391256353,10000,0.058588093170576359,0.40000000000000002,0.023435237268230547,0.54404899586856603,0.020435753360353005,177,1,False,-0.21281488119786759,0.25968535573432872,0.75766968394569534,False,False,I8
2020-05-29,VXUS,6,2020-11-30,2020-11-30,18,-0.11086790829743198,0.21148354911417849,0.018309111049277533,35.564803062231285,0.095490497968244686,0.40000000000000002,0.038196199187297879,0.39954244304847653,0.08327431162012959,106,1,False,-0.19944719746256301,0.27583959583715878,0.99883273645423887,False,False,I8
2020-06-30,BND,6,2020-12-31,2020-12-31,18,0.25865439009357827,0.12703576328637634,0.099648610669571661,10000,0.11361077375098504,0.40000000000000002,0.04544430950039402,0.50980703531940863,0.056188774755101256,153,1,False,-0.16278855449482682,0.25367717349561486,0.72888700812021801,False,False,I8
2020-06-30,DBC,6,2020-12-31,2020-12-31,18,0.05251707015419349,0.17922572523376148,-0.078970528315512808,10000,0.021827945138309223,0.40000000000000002,0.0087311780553236892,0.39039479492131984,0.073727620549320569,167,1,False,-0.25948526645743891,0.2769476225680863,0.81710061470846529,False,False,I8
2020-06-30,GLD,6,2020-12-31,2020-12-31,18,0.20146014240777821,0.13324370967851362,-0.057339586310234114,10000,0.042316394504756577,0.40000000000000002,0.016926557801902633,0.52289987062074161,0.018159915650524452,182,1,False,-0.2246887487215001,0.25854186432530535,0.69519107615048681,False,False,I8
2020-06-30,VDE,6,2020-12-31,2020-12-31,18,0.17868006535515613,0.16666116882355028,-0.10250397354675313,10000,0.02186132243748503,0.40000000000000002,0.0087445289749940123,0.46204086788155824,0.04382059617042687,183,1,False,-0.35410280366485269,0.3715918616148407,0.71292020370221865,False,False,I8
2020-06-30,VMBS,6,2020-12-31,2020-12-31,18,0.26827208352221565,0.12919142250295038,0.13716769075656737,10000,0.13334484190048862,0.40000000000000002,0.053337936760195451,0.47927786961593316,0.083463086718559606,121,1,False,-0.1637372178803172,0.27041309140070813,0.76536703244539261,False,False,I8
2020-06-30,VOO,6,2020-12-31,2020-12-31,18,0.015291643822863854,0.11729326630506337,0.030183483850513088,109.85411419875572,0.059132744545116807,0.40000000000000002,0.023653097818046726,0.33233076560268143,0.038017886312248117,112,1,False,-0.17440897664201777,0.22171517227811122,0.86897797945300115,False,False,I8
2020-06-30,VWO,6,2020-12-31,2020-12-31,18,-0.014485524201414579,0.12280271184883333,0.050095647474818934,10000,0.089571779654238459,0.40000000000000002,0.035828711861695388,0.54294768354762979,0.021574529564378886,178,1,False,-0.19843859241260292,0.27009601613599371,0.73837870981977805,False,False,I8
2020-06-30,VXUS,6,2020-12-31,2020-12-31,18,0.021488584433862146,0.22265889934227201,0.042909559059380889,35.564803062231285,0.11686244430962706,0.40000000000000002,0.046744977723850827,0.41142229025073729,0.084682851347821914,107,1,False,-0.1908882999999707,0.28437825544767237,0.99752158200012009,False,False,I8
2020-07-31,BND,6,2021-01-29,2021-01-29,18,0.022148526282360859,0.12664647146519711,0.048446531601238289,10000,0.088247744452652016,0.40000000000000002,0.035299097781060808,0.50896730765591691,0.056237552070975881,154,1,False,-0.15892929516390061,0.22952749072602222,0.76008160576845318,False,False,I8
2020-07-31,DBC,6,2021-01-29,2021-01-29,18,-0.16277668610836749,0.18032236559418177,-0.061949133244954144,10000,0.033026990593159611,0.40000000000000002,0.013210796237263844,0.39202351202349334,0.074687370583070525,168,1,False,-0.2470064057280229,0.27342799820255059,0.81666216479725195,False,False,I8
2020-07-31,GLD,6,2021-01-29,2021-01-29,18,0.080239358890345058,0.13353804786062901,-0.04280397221854805,10000,0.049370209911395083,0.40000000000000002,0.019748083964558034,0.52270118085614081,0.017408966960852965,183,1,False,-0.21450979947130352,0.25400596740041959,0.68227417985406347,False,False,I8
2020-07-31,VDE,6,2021-01-29,2021-01-29,18,-0.14519139330556574,0.16717410700585872,-0.09754718688451916,10000,0.025932994749556407,0.40000000000000002,0.010373197899822564,0.46645352861265926,0.045950378933248694,184,1,False,-0.40137728040901766,0.42212367620866276,0.71706752842749111,False,False,I8
2020-07-31,VMBS,6,2021-01-29,2021-01-29,18,0.0077008797063464751,0.12873125230959925,0.084027588815667492,10000,0.10535362655672713,0.40000000000000002,0.042141450622690854,0.47705346887184075,0.083553192239085777,122,1,False,-0.155222511383245,0.23950541262862668,0.80526877494747984,False,False,I8
2020-07-31,VOO,6,2021-01-29,2021-01-29,18,-0.13196520603752826,0.10888589666778523,-0.001976161518757374,109.85411419875572,0.034696069492403683,0.40000000000000002,0.013878427796961475,0.33079154050571874,0.038547994270062724,113,1,False,-0.18412888272476929,0.21188573831869223,0.90479906112772901,False,False,I8
2020-07-31,VWO,6,2021-01-29,2021-01-29,18,-0.20936571516520264,0.12342133208858941,0.054082196257871785,10000,0.091836277118326509,0.40000000000000002,0.036734510847330606,0.54448444458013368,0.021970132269952113,179,1,False,-0.1969238111904999,0.27039283288516114,0.74042988795534115,False,False,I8
2020-07-31,VXUS,6,2021-01-29,2021-01-29,18,-0.18565831043157432,0.25409554455828132,0.096551282363083066,35.564803062231285,0.16130046935326792,0.40000000000000002,0.064520187741307175,0.41099044857603401,0.085408730873773986,108,1,False,-0.172107825247096,0.30114820072971032,0.98553974233998998,False,False,I8
2020-08-31,BND,6,2021-02-26,2021-02-26,18,-0.024621363001621988,0.12726469865567627,0.14010078764311712,10000,0.13357436330247746,0.5,0.066787181651238731,0.50844336986330252,0.057521208249057813,155,1,False,-0.14685479401205168,0.28042915731452911,0.71485595579612915,False,False,I8
2020-08-31,DBC,6,2021-02-26,2021-02-26,18,-0.27349975862141529,0.18111040218474134,0.13416203361085804,10000,0.15250474666665317,0.5,0.076252373333326587,0.39069969016982897,0.075950724131720437,169,1,False,-0.18211143609537228,0.33461618276202543,0.80714466230120718,False,False,I8
2020-08-31,GLD,6,2021-02-26,2021-02-26,18,0.083644422180986999,0.13469683194218424,0.11783007448752904,10000,0.12667485827816191,0.5,0.063337429139080956,0.52439147325212176,0.017537711180635789,184,1,False,-0.16809472366966055,0.29476958194782243,0.60130881524223057,False,False,I8
2020-08-31,VDE,6,2021-02-26,2021-02-26,18,-0.43044789387408866,0.16805944905556797,0.18941767288567635,10000,0.17938600217849254,0.5,0.089693001089246271,0.46968656134422171,0.048200740940922519,185,1,False,-0.31451721258676857,0.49390321476526111,0.77892896574160864,False,False,I8
2020-08-31,VMBS,6,2021-02-26,2021-02-26,18,-0.034613582499270268,0.12924716619640472,0.16697548652001129,10000,0.14899822785631786,0.5,0.07449911392815893,0.47649242026937227,0.085015795617845752,123,1,False,-0.1452958245032942,0.29429405235961204,0.75220405221601738,False,False,I8
2020-08-31,VOO,6,2021-02-26,2021-02-26,18,-0.13309763324174428,0.13194791887544557,0.099804564569816859,109.85411419875572,0.11037197769849993,0.5,0.055185988849249967,0.32875887899579231,0.038973074999435302,114,1,False,-0.1386537140915374,0.24902569179003733,0.78460825021155356,False,False,I8
2020-08-31,VWO,6,2021-02-26,2021-02-26,18,-0.21991844628792923,0.12446799233167867,0.16567063541344237,10000,0.14325392080148563,0.5,0.071626960400742817,0.54406011205330629,0.022753197872035065,180,1,False,-0.16164935528153482,0.30490327608302048,0.70938894801875918,False,False,I8
2020-08-31,VXUS,6,2021-02-26,2021-02-26,18,-0.19775300192412948,0.31409606562330661,0.15106911475040855,35.564803062231285,0.21874605842743072,0.5,0.10937302921371536,0.41512733517162859,0.086447489492913934,109,1,False,-0.1272529645067649,0.3459990229341956,0.86600461787049665,False,False,I8
2020-09-30,BND,6,2021-03-31,2021-03-31,19,0.1055618189926808,0.039908733544704644,-0.001013315717181482,11.513953993264458,0.019607157074285782,0.5,0.0098035785371428912,0.50389638748303611,0.058598059288301363,156,1,False,-0.20096498911272115,0.22057214618700693,0.82531230335911832,False,False,I8
2020-09-30,DBC,6,2021-03-31,2021-03-31,19,-0.21736799501881454,0.1448575273233195,0.085055094353323799,1526.4179671752302,0.10864794590700248,0.5,0.054323972953501241,0.39451323937799965,0.076259559181671197,170,1,False,-0.19221256803283149,0.30086051393983398,0.81437157125584925,False,False,I8
2020-09-30,GLD,6,2021-03-31,2021-03-31,19,0.15020901869973335,0.10451291429015916,-0.11757633133183401,10000,-0.00072097466281643183,0.5,-0.00036048733140821591,0.5261639587353597,0.018055869312352271,185,1,False,-0.23038879727565367,0.22966782261283722,0.73691498571032998,False,False,I8
2020-09-30,VDE,6,2021-03-31,2021-03-31,19,-0.68252971800391182,0.15180999703393211,0.11763683272092978,10000,0.13375744068029857,0.5,0.066878720340149286,0.47173296015889188,0.048729458769131387,186,1,False,-0.32302569862570302,0.45678313930600162,0.76626700775979772,False,False,I8
2020-09-30,VMBS,6,2021-03-31,2021-03-31,19,0.085720733361016155,0.026029851372275037,0.031300743255834207,16.768329368110066,0.028811950765068987,0.5,0.014405975382534493,0.47217672943135081,0.086378016542816183,124,1,False,-0.20383869831092949,0.23265064907599847,0.87787577042952469,False,False,I8
2020-09-30,VOO,6,2021-03-31,2021-03-31,19,-0.13690116552498499,0.073804573604938972,-0.042670519122066632,10000,-0.0035658361085771006,0.5,-0.0017829180542885503,0.33573429389872317,0.038227902218459966,115,1,False,-0.18708427638517566,0.18351844027659858,0.9398791122550304,False,False,I8
2020-09-30,VWO,6,2021-03-31,2021-03-31,19,-0.16271405133132366,0.10876667895905325,-0.047570881726809608,10000,0.037989577828823534,0.5,0.018994788914411767,0.54728025165720862,0.022427410288156424,181,1,False,-0.20763836533864888,0.24562794316747238,0.7746869518289855,False,False,I8
2020-09-30,VXUS,6,2021-03-31,2021-03-31,19,-0.16191597515400735,0.10555815083834122,-0.064131109080543647,10000,0.005713298241840554,0.5,0.002856649120920277,0.41160181472752805,0.085704821318427091,110,1,False,-0.22150249091698143,0.22721578915882201,0.99999375509777466,False,False,I8
2020-10-30,BND,6,2021-04-30,2021-04-30,19,0.16313388852257882,0.0089214835257619834,-0.0095851859867724896,11.513953993264458,-0.00023097902384892799,0.5,-0.00011548951192446399,0.5054505866972987,0.058864396066151618,157,1,False,-0.20835077579051248,0.20811979676666353,0.84057373735108987,False,False,I8
2020-10-30,DBC,6,2021-04-30,2021-04-30,19,-0.26742218495245296,0.1433205710940664,0.067110840139805311,1526.4179671752302,0.09672793875277301,0.5,0.048363969376386505,0.38862620615657395,0.075400153254086263,171,1,False,-0.19442734673738604,0.29115528549015907,0.80864164230557578,False,False,I8
2020-10-30,GLD,6,2021-04-30,2021-04-30,19,0.20820647992262142,0.10406068962268848,-0.085209055328320807,10000,0.014114692139595382,0.5,0.007057346069797691,0.52477350510312792,0.018110245351314024,186,1,False,-0.21749441588456156,0.23160910802415693,0.72635620189883432,False,False,I8
2020-10-30,VDE,6,2021-04-30,2021-04-30,19,-0.64303801106065062,0.1516351518746297,0.15278088204126991,10000,0.15223196766867828,0.5,0.076115983834339138,0.47909567939655912,0.049760801653808216,187,1,False,-0.29895389770870201,0.45118586537738031,0.77576082000871449,False,False,I8
2020-10-30,VMBS,6,2021-04-30,2021-04-30,19,0.14972407170613933,0.0017212899164751744,0.021036461139991892,16.768329368110066,0.011784143666131227,0.5,0.0058920718330656135,0.47901814417237631,0.08652288661496875,125,1,False,-0.21118019292652437,0.2229643365926556,0.88852904159506241,False,False,I8
2020-10-30,VOO,6,2021-04-30,2021-04-30,19,-0.14059504603832607,0.073808781260342918,-0.036067700603237503,10000,0.00060579168457399835,0.5,0.00030289584228699917,0.33377017234083162,0.037450517734790141,116,1,False,-0.1849662404432382,0.18557203212781218,0.90773828128475764,False,False,I8
2020-10-30,VWO,6,2021-04-30,2021-04-30,19,-0.069773865559754844,0.10875253019681211,0.017653171654162619,10000,0.06707879831328388,0.5,0.03353939915664194,0.54254637408870376,0.021455906948920196,182,1,False,-0.19119705072198798,0.25827584903527184,0.74655092192308314,False,False,I8
2020-10-30,VXUS,6,2021-04-30,2021-04-30,19,-0.13139178553145703,0.10566961677213874,-0.016819905653560299,10000,0.032071397819793249,0.5,0.016035698909896624,0.39914682092919862,0.084378849276007126,111,1,False,-0.20457856334646293,0.23664996116625617,0.99495380161483649,False,False,I8
2020-11-30,BND,6,2021-05-31,2021-05-31,19,0.19752633744304904,0.059530803538202046,0.066798416394392712,11.513953993264458,0.063119647941884904,0.5,0.031559823970942452,0.506186628993889,0.059283709605732676,158,1,False,-0.1673390801667734,0.23045872810865831,0.79436215165297008,False,False,I8
2020-11-30,DBC,6,2021-05-31,2021-05-31,19,-0.15289100693799496,0.146435563780725,0.11111423154747654,1526.4179671752302,0.12467996128170493,0.5,0.062339980640852465,0.3840661967290912,0.074676211373441367,172,1,False,-0.1768584075451328,0.30153836882683771,0.80596845899203173,False,False,I8
2020-11-30,GLD,6,2021-05-31,2021-05-31,19,0.11067056240701656,0.10384684453366744,-0.024966457330608482,10000,0.042914026769662869,0.5,0.021457013384831435,0.52696796928467526,0.018607408537452439,187,1,False,-0.20084188523696303,0.24375591200662591,0.70231584956471016,False,False,I8
2020-11-30,VDE,6,2021-05-31,2021-05-31,19,-0.23438642942550403,0.15170033388712167,0.19475901019353184,10000,0.17404102359706708,0.5,0.08702051179853354,0.48115707155123283,0.049967270998644321,188,1,False,-0.27993095711039095,0.45397198070745803,0.78676662670611097,False,False,I8
2020-11-30,VMBS,6,2021-05-31,2021-05-31,19,0.17897742611675094,0.044684369424373094,0.067611054588624958,16.768329368110066,0.056539025254748847,0.5,0.028269512627374423,0.48293197444609381,0.086953116832847205,126,1,False,-0.18879747936702337,0.24533650462177223,0.85759160645926524,False,False,I8
2020-11-30,VOO,6,2021-05-31,2021-05-31,19,0.0094761014537960708,0.073920669360963059,-0.012901937268133138,10000,0.015702096209342039,0.5,0.0078510481046710195,0.32945375159802359,0.036577038398397113,117,1,False,-0.16949863467646747,0.18520073088580952,0.86612497387642096,False,False,I8
2020-11-30,VWO,6,2021-05-31,2021-05-31,19,0.060695321711785155,0.10883533786691751,0.12576327599563869,10000,0.11666047234531221,0.5,0.058330236172656105,0.53773847595071256,0.020342370671994327,183,1,False,-0.15853360902413727,0.27519408136944951,0.69998937154850638,False,False,I8
2020-11-30,VXUS,6,2021-05-31,2021-05-31,19,0.028000136321554736,0.1057954506496851,0.040935258061872447,10000,0.066100966490632448,0.5,0.033050483245316224,0.38799928622920377,0.082635574654815705,112,1,False,-0.18755634142204705,0.25365730791267949,0.96996360353005251,False,False,I8
2020-12-31,BND,6,2021-06-30,2021-06-30,19,0.047687206780919755,0.10113388387642921,0.034342217080454332,11.513953993264458,0.068231048605630465,0.5,0.034115524302815232,0.50738113227050652,0.060537613256599621,159,1,False,-0.17951435764671875,0.2477454062523492,0.7926497093107665,False,False,I8
2020-12-31,DBC,6,2021-06-30,2021-06-30,19,-0.26572793372868553,0.14669136565155649,0.017694049374899004,1526.4179671752302,0.067372434004816489,0.5,0.033686217002408245,0.38511176870822211,0.07454812385194283,173,1,False,-0.19990319724881989,0.26727563125363635,0.80136723681568878,False,False,I8
2020-12-31,GLD,6,2021-06-30,2021-06-30,19,0.0920989332818547,0.10441416180163504,-0.044424995594962172,10000,0.03466829194613285,0.5,0.017334145973066425,0.53140107028651629,0.019580029462294601,188,1,False,-0.19377149770847188,0.22843978965460474,0.71285989768555869,False,False,I8
2020-12-31,VDE,6,2021-06-30,2021-06-30,19,-0.50394680666862435,0.15244776314505357,0.071745081842566338,10000,0.11114018552747727,0.5,0.055570092763738636,0.48815111281434953,0.050648291074604695,189,1,False,-0.30722110249570261,0.4183612880231799,0.76505851926960988,False,False,I8
2020-12-31,VMBS,6,2021-06-30,2021-06-30,19,0.036659863658544345,0.091559111148974748,0.046257033700216832,16.768329368110066,0.068124888752440466,0.5,0.034062444376220233,0.48271197004064115,0.088380825231976101,127,1,False,-0.18141030060110075,0.24953518935354124,0.85182704096219286,False,False,I8
2020-12-31,VOO,6,2021-06-30,2021-06-30,19,-0.12278927724638167,0.074493721724324169,-0.043849628231456828,10000,-0.0054217965135660781,0.5,-0.0027108982567830391,0.32471475357296636,0.03639665369860446,118,1,False,-0.17819467142334586,0.1727728749097798,0.89243937414841246,False,False,I8
2020-12-31,VWO,6,2021-06-30,2021-06-30,19,-0.069800938002764212,0.10946003028535835,0.10819761858681673,10000,0.1088734292142835,0.5,0.054436714607141751,0.5353329886339655,0.020153088634638851,184,1,False,-0.15589599454183739,0.26476942375612089,0.69801530704965431,False,False,I8
2020-12-31,VXUS,6,2021-06-30,2021-06-30,19,-0.089182621674964269,0.10638859513052183,0.042186968128167336,10000,0.06636453703958016,0.5,0.03318226851979008,0.37658810282995081,0.082094450847550626,113,1,False,-0.18490958452937503,0.25127412156895518,0.97113415157728067,False,False,I8
2021-01-29,BND,6,2021-07-30,2021-07-30,19,0.091342016599453846,0.1249287212015629,0.13721150644672667,11.513953993264458,0.13102456987584016,0.40000000000000002,0.052409827950336066,0.5037079495729635,0.060297681463010636,160,1,False,-0.16083192867933016,0.26565158458000232,0.73926747137302695,False,False,I8
2021-01-29,DBC,6,2021-07-30,2021-07-30,19,-0.1900835754419683,0.15255696612049921,0.078405859042848608,1526.4179671752302,0.10654808872435996,0.40000000000000002,0.042619235489743987,0.37952541493468162,0.073184188162515748,174,1,False,-0.18786820321997177,0.27310667419945972,0.79949092151179169,False,False,I8
2021-01-29,GLD,6,2021-07-30,2021-07-30,19,0.10981933254709464,0.10509030364892522,0.07452604659687144,10000,0.090815554184616482,0.40000000000000002,0.036326221673846595,0.53295938324306347,0.019900978295247253,189,1,False,-0.17446954068664694,0.2471219840343401,0.66003555003686021,False,False,I8
2021-01-29,VDE,6,2021-07-30,2021-07-30,19,-0.20336229789190474,0.15273634462273922,0.21415142343849694,10000,0.18457516789725747,0.40000000000000002,0.073830067158902987,0.48157970504225472,0.049617555893656427,190,1,False,-0.2732916163689082,0.4209517506867142,0.786406411617945,False,False,I8
2021-01-29,VMBS,6,2021-07-30,2021-07-30,19,0.098503912859212117,0.11064053830709836,0.11658933303761103,16.768329368110066,0.11373363816524784,0.40000000000000002,0.045493455266099138,0.48004595917820403,0.087750513157557108,128,1,False,-0.15139879610182574,0.24238570663402401,0.81590314247398321,False,False,I8
2021-01-29,VOO,6,2021-07-30,2021-07-30,19,-0.099590711535425092,0.074621780840540525,0.021652225224323161,10000,0.038692683113294435,0.40000000000000002,0.015477073245317774,0.3217028666888439,0.034981848154603347,119,1,False,-0.16000442132582757,0.19095856781646312,0.81810792347696293,False,False,I8
2021-01-29,VWO,6,2021-07-30,2021-07-30,19,0.09823150688248683,0.1095892508339688,0.16494522977283843,10000,0.1354586803966179,0.40000000000000002,0.054183472158647161,0.53267144654388521,0.018912446451937012,185,1,False,-0.1748961074723569,0.28326305178965122,0.66525733659731268,False,False,I8
2021-01-29,VXUS,6,2021-07-30,2021-07-30,19,0.0057640217030747731,0.10625281943280832,0.11777119290344464,10000,0.11348720947904505,0.40000000000000002,0.045394883791618018,0.37192607405209693,0.079745742415277612,114,1,False,-0.19123709899159524,0.28202686657483128,0.91594927701471007,False,False,I8
2021-02-26,BND,6,2021-08-31,2021-08-31,19,0.12033906975496333,0.027159972907853713,0.014214402214294005,11.513953993264458,0.020742092945198392,0.40000000000000002,0.0082968371780793564,0.50424124864204301,0.059770233981863853,161,1,False,-0.20138549829266147,0.21797917264882019,0.82776484308582199,False,False,I8
2021-02-26,DBC,6,2021-08-31,2021-08-31,19,-0.011040507216180773,0.15232388365802726,0.065289728521946935,1526.4179671752302,0.098466566876006578,0.40000000000000002,0.039386626750402637,0.38119331775194154,0.071203137038036143,175,1,False,-0.20710965076265195,0.28588290426345719,0.78845541010679365,False,False,I8
2021-02-26,GLD,6,2021-08-31,2021-08-31,19,0.084809329284850632,0.10433022988302919,-0.034293633903535292,10000,0.039521184664539313,0.40000000000000002,0.015808473865815725,0.53248276704886355,0.020236470105172197,190,1,False,-0.19480311974024325,0.22642006747187468,0.71400172546672569,False,False,I8
2021-02-26,VDE,6,2021-08-31,2021-08-31,19,0.078147629498099835,0.15249687821028532,0.13777488265651552,10000,0.14488047958779174,0.40000000000000002,0.057952191835116698,0.48265175093445295,0.047104124219479751,191,1,False,-0.34630988407888674,0.46221426774912011,0.75776813757297468,False,False,I8
2021-02-26,VMBS,6,2021-08-31,2021-08-31,19,0.13623508129809125,0.020689657877789147,0.012716424917781931,16.768329368110066,0.016566586886913166,0.40000000000000002,0.0066266347547652669,0.48288592449802814,0.086801954276496424,129,1,False,-0.18075921326445188,0.19401248277398242,0.8868235165857935,False,False,I8
2021-02-26,VOO,6,2021-08-31,2021-08-31,19,-0.055375340967862563,0.074420314314409319,-0.040943226754273761,10000,-0.0033734700684847178,0.40000000000000002,-0.0013493880273938873,0.32566403854941861,0.033581185809633776,120,1,False,-0.19041443757970111,0.18771566152491331,0.85835279334811965,False,False,I8
2021-02-26,VWO,6,2021-08-31,2021-08-31,19,0.15001545102103897,0.10951078609865642,0.017119894330081611,10000,0.066380017524438631,0.40000000000000002,0.026552007009775454,0.5331707731293055,0.017628409394195795,186,1,False,-0.21755720535738554,0.27066121937693643,0.72046410693805785,False,False,I8
2021-02-26,VXUS,6,2021-08-31,2021-08-31,19,0.061752778271980002,0.10619125854211549,-0.0037096238489862385,10000,0.036800392778269977,0.40000000000000002,0.014720157111307992,0.36860501704703474,0.07733270985580451,115,1,False,-0.23907240909043811,0.26851272331305409,0.97514245273428479,False,False,I8
2021-03-31,BND,6,2021-09-30,2021-09-30,20,-0.060557710466585424,-0.23204705679036286,0.015995391023071594,1.7575106248547894,-0.10953014959328305,0.40000000000000002,-0.043812059837313226,0.50606475513726945,0.060052898086868894,162,1,False,-0.25204538167070895,0.16442126199608248,0.90921924086137129,False,False,I8
2021-03-31,DBC,6,2021-09-30,2021-09-30,20,-0.22459726942292979,0.16130457860149006,0.006464446003057134,4714.8663634573895,0.065576482215412707,0.40000000000000002,0.026230592886165083,0.38176172559641575,0.069563528333167687,176,1,False,-0.24720073877609405,0.29966192454842422,0.77966096469900459,False,False,I8
2021-03-31,GLD,6,2021-09-30,2021-09-30,20,-0.043295379601361872,0.086369906454589904,-0.062545563101458174,10000,0.017507447585728923,0.40000000000000002,0.007002979034291569,0.53757350345027211,0.0209169546527877,191,1,False,-0.20177834538318815,0.21578430345177127,0.7365896679651549,False,False,I8
2021-03-31,VDE,6,2021-09-30,2021-09-30,20,-0.086948349826425742,1.1570650664201831,0.10406033402162623,0.0001,0.61215098438059545,0.40000000000000002,0.2448603937522382,0.4825150682861884,0.043303947957899581,192,1,False,-0.5045480445918229,0.99426883209629935,0.86429962189400888,False,False,I8
2021-03-31,VMBS,6,2021-09-30,2021-09-30,20,-0.040535513669490153,-0.21549796212371441,-0.031877136265264623,1.7575106248547894,-0.12050689445168222,0.40000000000000002,-0.048202757780672893,0.48267813725410863,0.086793637192531206,130,1,False,-0.23475489106334929,0.13834937550200349,0.95602413166708089,False,False,I8
2021-03-31,VOO,6,2021-09-30,2021-09-30,20,-0.16543128449700617,0.21438503505194212,-0.11100252969804109,1.2067926406393288,-0.0063370905975416855,0.40000000000000002,-0.0025348362390166745,0.32166391847494469,0.032172240757281555,121,1,False,-0.18697673401551734,0.18190706153748398,0.82769807112274862,False,False,I8
2021-03-31,VWO,6,2021-09-30,2021-09-30,20,-0.021705938677005876,0.11869513435814384,0.046027495433121568,10000,0.084421269108860678,0.40000000000000002,0.03376850764354427,0.52834761447737966,0.016664011208497826,187,1,False,-0.20248375777475469,0.27002077306184324,0.69720207806424384,False,False,I8
2021-03-31,VXUS,6,2021-09-30,2021-09-30,20,-0.077123051600132109,0.12297206040876883,-0.05917278853857174,10000,0.0065730846611287089,0.40000000000000002,0.0026292338644514838,0.36095378804101164,0.07527022119192682,116,1,False,-0.23947348867563617,0.24473195640453915,0.96309839561101562,False,False,I8
2021-04-30,BND,6,2021-10-29,2021-10-29,20,-0.066941809671645758,-0.18238620854017223,0.04544741410509083,1.7575106248547894,-0.070019453428285292,0.40000000000000002,-0.028007781371314117,0.50680345680654004,0.060685296801198406,163,1,False,-0.2268877908180664,0.17087222807543814,0.89359889911430823,False,False,I8
2021-04-30,DBC,6,2021-10-29,2021-10-29,20,-0.24825267373576076,0.16141244339138161,0.22450228421301127,4714.8663634573895,0.20039421712759484,0.40000000000000002,0.08015768685103794,0.38212280727694076,0.06765965424680824,177,1,False,-0.21065945826483182,0.37097483196690773,0.77179833287984312,False,False,I8
2021-04-30,GLD,6,2021-10-29,2021-10-29,20,-0.062157300899912449,0.08670906835990029,-0.078064579761115319,10000,0.011196140527286996,0.40000000000000002,0.0044784562109147982,0.5417172060355554,0.021892420930234757,192,1,False,-0.19980177699350077,0.20875868941533038,0.74485569776590288,False,False,I8
2021-04-30,VDE,6,2021-10-29,2021-10-29,20,-0.27136714236974047,0.85812477863986891,0.19014210209757762,0.0001,0.51289263202179491,0.40000000000000002,0.20515705280871799,0.4831720061886714,0.039747772004435598,193,1,False,-0.51425775625393622,0.92457186187137219,0.82383885888451658,False,False,I8
2021-04-30,VMBS,6,2021-10-29,2021-10-29,20,-0.050811847371261099,-0.17219917113040828,0.030292139698305576,1.7575106248547894,-0.067264969275883643,0.40000000000000002,-0.026905987710353459,0.48178417421926895,0.087274022188818287,131,1,False,-0.21062277099121438,0.15681079557050745,0.94213588428969131,False,False,I8
2021-04-30,VOO,6,2021-10-29,2021-10-29,20,-0.16404556163776507,0.20087734660321299,-0.037112219996561134,1.2067926406393288,0.038672159680540344,0.40000000000000002,0.015468863872216139,0.31843572287581706,0.030756115455678214,122,1,False,-0.16189699384076334,0.1928347215851956,0.7518173911214725,False,False,I8
2021-04-30,VWO,6,2021-10-29,2021-10-29,20,-0.026217110005611444,0.1188494850397058,0.007588349197865215,10000,0.066062157325150944,0.40000000000000002,0.02642486293006038,0.52555465738195539,0.016204235268241163,188,1,False,-0.20784454430293542,0.26069427016305619,0.70756110499392255,False,False,I8
2021-04-30,VXUS,6,2021-10-29,2021-10-29,20,-0.07960531638529289,0.12303252982888303,0.017007170574573537,10000,0.054803737836912406,0.40000000000000002,0.021921495134764962,0.35648610415628085,0.073503879254120108,117,1,False,-0.21579071021216351,0.25963370048169343,0.90074593003905679,False,False,I8
2021-05-31,BND,6,2021-11-30,2021-11-30,20,-0.052798441731804258,-0.16001478732019148,0.057502338589668869,1.7575106248547894,-0.052648693064633406,0.40000000000000002,-0.021059477225853364,0.50640165087483335,0.061519693390477984,164,1,False,-0.21527628622920597,0.17315733177749926,0.88653437909763066,False,False,I8
2021-05-31,DBC,6,2021-11-30,2021-11-30,20,-0.12018316221473324,0.16152317543449554,0.18157944286256486,4714.8663634573895,0.17389815384577226,0.40000000000000002,0.069559261538308909,0.38298696626085255,0.066420605588466644,178,1,False,-0.21902955799450199,0.35814808107111984,0.75954613543761973,False,False,I8
2021-05-31,GLD,6,2021-11-30,2021-11-30,20,0.021335849391515116,0.08741614416465017,0.060293087661095944,10000,0.075064992020096616,0.40000000000000002,0.030025996808038649,0.54462535802574252,0.022352411300580771,193,1,False,-0.16949665321412422,0.22954864683020149,0.68708784794831057,False,False,I8
2021-05-31,VDE,6,2021-11-30,2021-11-30,20,-0.13861578497514959,1.0181228244362535,0.14970595699378683,0.0001,0.57039887018170821,0.40000000000000002,0.22815954807268329,0.48443659832044045,0.038334709110466839,194,1,False,-0.31464129696798532,0.77096039311335196,0.81092535072836769,False,False,I8
2021-05-31,VMBS,6,2021-11-30,2021-11-30,20,-0.039536034677402521,-0.16177452580207452,0.044337018808974636,1.7575106248547894,-0.054733662357314174,0.40000000000000002,-0.021893464942925669,0.48066536667436077,0.087968744945848068,132,1,False,-0.2036506131444602,0.15986368325860889,0.94094283440805171,False,False,I8
2021-05-31,VOO,6,2021-11-30,2021-11-30,20,-0.14376864012799218,0.23404289647575999,-0.01842781157884579,1.2067926406393288,0.061560676780488106,0.40000000000000002,0.024624270712195244,0.31682284640336789,0.030583107211760472,123,1,False,-0.15085992619316452,0.20010846761755502,0.73237684764537347,False,False,I8
2021-05-31,VWO,6,2021-11-30,2021-11-30,20,0.033367482582662311,0.11900406092515096,0.072207360832414774,10000,0.096820121925443828,0.40000000000000002,0.038728048770177534,0.52595078380001958,0.016439637842016526,189,1,False,-0.19493035373285739,0.27238645127321243,0.68265580547007809,False,False,I8
2021-05-31,VXUS,6,2021-11-30,2021-11-30,20,0.0037559612924865649,0.1232050244455279,0.084896363717677045,10000,0.098432485068129016,0.40000000000000002,0.039372994027251612,0.35334363283055326,0.073118254314013628,118,1,False,-0.1983299257169584,0.27707591377146162,0.85257310090651361,False,False,I8
2021-06-30,BND,6,2021-12-31,2021-12-31,20,0.074882733318036854,-0.12558519555595188,0.085450479048851086,1.7575106248547894,-0.021041604677030271,0.40000000000000002,-0.0084166418708121089,0.50461650109776135,0.06143586013829884,165,1,False,-0.19631109146821196,0.17947780772658772,0.86953799597625681,False,False,I8
2021-06-30,DBC,6,2021-12-31,2021-12-31,20,-0.016357335815575524,0.16179959222318016,0.20342663567630856,4714.8663634573895,0.18753515189602549,0.40000000000000002,0.075014060758410203,0.38175864683199801,0.064565027156527247,179,1,False,-0.22531698078457629,0.37534510230139673,0.75274446154802821,False,False,I8
2021-06-30,GLD,6,2021-12-31,2021-12-31,20,0.051670734347884606,0.087537481157984473,0.011679827527451064,10000,0.053204000661528854,0.40000000000000002,0.021281600264611542,0.54739596002167834,0.022711929455123424,194,1,False,-0.17292389483206042,0.21548709536128349,0.71112432606890186,False,False,I8
2021-06-30,VDE,6,2021-12-31,2021-12-31,20,0.056919402779478157,1.0394910727273019,0.2893457468297419,0.0001,0.65174323279737312,0.40000000000000002,0.26069729311894924,0.48310303811333793,0.035553778260317657,195,1,False,-0.48871114522511189,1.0101057314630104,0.80776260084347695,False,False,I8
2021-06-30,VMBS,6,2021-12-31,2021-12-31,20,0.080167673131738226,-0.1280190143547193,0.060808329304452041,1.7575106248547894,-0.029452077503505387,0.40000000000000002,-0.011780831001402155,0.47800495976300561,0.087582963883537521,133,1,False,-0.18619188247494722,0.16263022047214293,0.93294522643625166,False,False,I8
2021-06-30,VOO,6,2021-12-31,2021-12-31,20,-0.042899831016160794,0.27260487164222402,-0.015465330946918057,1.2067926406393288,0.074638813817840863,0.40000000000000002,0.029855525527136346,0.31278536952073893,0.029346233143549651,124,1,False,-0.14562658190760402,0.20533763296187674,0.69909686170328444,False,False,I8
2021-06-30,VWO,6,2021-12-31,2021-12-31,20,0.15411733934054395,0.11914058301702109,0.12566407936217971,10000,0.12223496278112748,0.40000000000000002,0.048893985112450994,0.52565624315818471,0.015985740074412419,190,1,False,-0.1801828539357074,0.27797082416060936,0.64966733880841465,False,False,I8
2021-06-30,VXUS,6,2021-12-31,2021-12-31,20,0.10103614573586928,0.12331261994994307,0.14876055033184982,10000,0.13979168896366348,0.40000000000000002,0.055916675585465397,0.35243971645580829,0.071754381406543222,119,1,False,-0.18072014451764762,0.29255349568857841,0.76081428990138456,False,False,I8
2021-07-30,BND,6,2022-01-31,2022-01-31,20,0.1939474005271028,0.010540962578495419,0.15748968853963435,1.7575106248547894,0.083260078023647238,0.40000000000000002,0.033304031209458899,0.50513953101993814,0.061616017707341937,166,1,False,-0.14342078794136795,0.21002885036028576,0.78715158238465488,False,False,I8
2021-07-30,DBC,6,2022-01-31,2022-01-31,20,0.016234400305348728,0.16256525314793799,0.27016650802336017,4714.8663634573895,0.22909117902333101,0.40000000000000002,0.091636471609332415,0.3817365238684724,0.063150312697646718,180,1,False,-0.20751726693658235,0.39079021015524718,0.7382870703931963,False,False,I8
2021-07-30,GLD,6,2022-01-31,2022-01-31,20,0.17789238507957428,0.088018424755689412,0.11100954981081279,10000,0.098408791311096422,0.40000000000000002,0.03936351652443857,0.54807054763544005,0.023158634086364305,195,1,False,-0.15415255206322323,0.23287958511210036,0.66901952146530885,False,False,I8
2021-07-30,VDE,6,2022-01-31,2022-01-31,20,-0.1805630605226618,1.1365214237862693,0.24666885683653866,0.0001,0.67797244071777663,0.40000000000000002,0.27118897628711064,0.48469105995802908,0.034334818688112438,196,1,False,-0.44821925762845943,0.99059721020268077,0.78183658419265423,False,False,I8
2021-07-30,VMBS,6,2022-01-31,2022-01-31,20,0.18522419688757563,0.004208295931458092,0.16326492398655773,1.7575106248547894,0.087171664121288142,0.40000000000000002,0.034868665648515255,0.47840357736560174,0.087664463502758957,134,1,False,-0.12954846129227079,0.19928579258930132,0.84963190814554856,False,False,I8
2021-07-30,VOO,6,2022-01-31,2022-01-31,20,0.14728959450624335,0.39067388238718248,0.045736258785559251,1.2067926406393288,0.15371925211627394,0.40000000000000002,0.061487700846509577,0.31305078351043214,0.028314737586117852,125,1,False,-0.11230667310060759,0.23528207479362673,0.60904072204910853,False,False,I8
2021-07-30,VWO,6,2022-01-31,2022-01-31,20,0.20225086807725978,0.11933226018753545,0.13207241805089032,10000,0.12535652297097932,0.40000000000000002,0.05014260918839173,0.52714378832214104,0.016416346183355215,191,1,False,-0.17648763566230205,0.27677285403908553,0.65205425414688256,False,False,I8
2021-07-30,VXUS,6,2022-01-31,2022-01-31,20,0.20941146038178471,0.12348756361174391,0.13722037474683491,10000,0.13234518055856725,0.40000000000000002,0.052938072223426905,0.35500336677683036,0.071204461742347652,120,1,False,-0.1715826107293863,0.27745875517624008,0.77853188391517147,False,False,I8
2021-08-31,BND,6,2022-02-28,2022-02-28,20,0.16776747104488987,-0.035889814411454848,0.16092115033172896,1.7575106248547894,0.061402063339539154,0.40000000000000002,0.024560825335815661,0.50565824481400734,0.061967652749543266,167,1,False,-0.14316493228319518,0.19228658295482651,0.8096758562190477,False,False,I8
2021-08-31,DBC,6,2022-02-28,2022-02-28,20,-0.10372763803258778,0.16227521635826619,0.2484222828251261,4714.8663634573895,0.21566644330592188,0.40000000000000002,0.086266577322368754,0.38023163019491935,0.062740418664973638,181,1,False,-0.21240613858548074,0.38493929323021825,0.72936404710923763,False,False,I8
2021-08-31,GLD,6,2022-02-28,2022-02-28,20,0.081298197063481181,0.088656649900905604,0.087588608050552977,10000,0.088176296957639358,0.40000000000000002,0.035270518783055746,0.55024895034996724,0.023473178449621886,196,1,False,-0.1536855032536425,0.22422654081975396,0.68184631249967931,False,False,I8
2021-08-31,VDE,6,2022-02-28,2022-02-28,20,-0.29265733759991064,1.0062618248249076,0.22133940241509897,0.0001,0.60157285508901814,0.40000000000000002,0.24062914203560726,0.48442169801514356,0.034557218742985465,197,1,False,-0.32154837565446592,0.80280665972568044,0.78072355635495638,False,False,I8
2021-08-31,VMBS,6,2022-02-28,2022-02-28,20,0.15609253699567527,-0.056472634614675651,0.14179079140353071,1.7575106248547894,0.046786082933636196,0.40000000000000002,0.018714433173454479,0.47918423673950994,0.088024245856798453,135,1,False,-0.13794477458244214,0.17537364092935109,0.89028012877198326,False,False,I8
2021-08-31,VOO,6,2022-02-28,2022-02-28,20,0.1398015444496935,0.33108982725679531,0.09757299706323723,1.2067926406393288,0.16946911091293537,0.40000000000000002,0.067787644365174149,0.30788407752068531,0.027650530613467211,126,1,False,-0.10437964169601191,0.23995493042636021,0.59840908191248821,False,False,I8
2021-08-31,VWO,6,2022-02-28,2022-02-28,20,0.16063163879465336,0.11913063230482213,0.059120423070181852,10000,0.090900384696862305,0.40000000000000002,0.036360153878744923,0.52957591769794721,0.017112174854384807,192,1,False,-0.18581534652160758,0.25853565427909742,0.68776487877337877,False,False,I8
2021-08-31,VXUS,6,2022-02-28,2022-02-28,20,0.17356305478748291,0.12326435771994247,0.094146574610216624,10000,0.10454708335201179,0.40000000000000002,0.041818833340804717,0.35718752016945998,0.071126348655815685,121,1,False,-0.18266226929667398,0.26629993597828339,0.82551014631826192,False,False,I8
2021-09-30,BND,6,2022-03-31,2022-03-31,21,0.36955292915676419,0.11031425693026822,0.16886075860338873,16.768329368110066,0.13949904962988269,0.40000000000000002,0.055799619851953079,0.50151090388695929,0.061238335111352023,168,1,False,-0.10986542352766487,0.22146466323157105,0.7360976362285393,False,False,I8
2021-09-30,DBC,6,2022-03-31,2022-03-31,21,-0.067594157321755333,0.14419076474727888,0.30310984080705278,109.85411419875572,0.24300568498229433,0.40000000000000002,0.09720227399291774,0.37820604873232194,0.061161640158996153,182,1,False,-0.19361771487335855,0.38802226285919406,0.72140726703427904,False,False,I8
2021-09-30,GLD,6,2022-03-31,2022-03-31,21,0.17901948647572485,0.10706255470497821,0.14576884953236008,51.794746792312019,0.12457740584499766,0.40000000000000002,0.049830962337999066,0.54749347055484709,0.023134251759007754,197,1,False,-0.13720370898675266,0.23686563366275082,0.63867819777456991,False,False,I8
2021-09-30,VDE,6,2022-03-31,2022-03-31,21,-0.27189938836579852,0.1559754128545553,0.3428069722960107,339.32217718953228,0.25626821928127125,0.40000000000000002,0.1025072877125085,0.4631913006210111,0.033943554255261174,198,1,False,-0.43771703525841743,0.64273161068343443,0.68043653638759105,False,False,I8
2021-09-30,VMBS,6,2022-03-31,2022-03-31,21,0.36119496559785347,0.10751707944818101,0.18547248528815491,16.768329368110066,0.14886146758530247,0.40000000000000002,0.059544587034120994,0.4696405247123871,0.087078953507340476,136,1,False,-0.093568644966267406,0.21265781903450939,0.77748332595958625,False,False,I8
2021-09-30,VOO,6,2022-03-31,2022-03-31,21,0.2692353190250858,0.11051746914988966,0.079929409185264713,0.82864277285468424,0.088932811558965985,0.40000000000000002,0.035573124623586395,0.29434368783485126,0.026130201360628838,127,1,False,-0.13015721478241923,0.20130346402959201,0.6496552217207392,False,False,I8
2021-09-30,VWO,6,2022-03-31,2022-03-31,21,0.36960454563888423,0.068966652655447255,0.10480715502263829,1048.1131341546852,0.085904804004587262,0.40000000000000002,0.034361921601834905,0.52740195503940646,0.016911044732460502,193,1,False,-0.18247987774535673,0.25120372094902654,0.68587659719853178,False,False,I8
2021-09-30,VXUS,6,2022-03-31,2022-03-31,21,0.35568065435294616,0.086285838605031043,0.13183895774695198,1526.4179671752302,0.11596227672939852,0.40000000000000002,0.046384910691759408,0.34853115037171412,0.069911189637324303,122,1,False,-0.1742389141790239,0.26700873556254273,0.78126209647854106,False,False,I8
2021-10-29,BND,6,2022-04-29,2022-04-29,21,0.24726646313054612,0.12409888127066646,0.16886075860338873,16.768329368110066,0.14641867617757126,0.29999999999999999,0.043925602853271378,0.50136597844191944,0.060479872716186357,169,1,False,-0.11998074204515369,0.20783194775169644,0.73637887333731977,False,False,I8
2021-10-29,DBC,6,2022-04-29,2022-04-29,21,-0.1390002428379411,0.13885366345622657,0.32532671893127846,109.85411419875572,0.25400490517015567,0.29999999999999999,0.076201471551046701,0.38247785225284148,0.059470851558478352,183,1,False,-0.23268911827761626,0.38509206137970964,0.69011836315988595,False,False,I8
2021-10-29,GLD,6,2022-04-29,2022-04-29,21,0.08889495886021459,0.12899763887330848,0.15424131625149501,51.794746792312019,0.14050337683298425,0.29999999999999999,0.042151013049895276,0.54421308007928937,0.022703486341538459,198,1,False,-0.14093837174671728,0.22524039784650782,0.61762292724114676,False,False,I8
2021-10-29,VDE,6,2022-04-29,2022-04-29,21,-0.17101420775826059,0.15038973825733004,0.3428069722960107,339.32217718953228,0.2560114587696441,0.29999999999999999,0.076803437630893229,0.4510797276553643,0.032409329649105381,199,1,False,-0.40150832721087981,0.55511520247266621,0.64956131324915589,False,False,I8
2021-10-29,VMBS,6,2022-04-29,2022-04-29,21,0.23611921612710807,0.11804286681771815,0.18327980296313648,16.768329368110066,0.15277101124685533,0.29999999999999999,0.045831303374056595,0.46766132070142979,0.086072451311146297,137,1,False,-0.10558769076005049,0.1972502975081637,0.7802045016076381,False,False,I8
2021-10-29,VOO,6,2022-04-29,2022-04-29,21,0.24715047056351536,0.070719984890498938,0.087188325387676513,0.82864277285468424,0.082458892204319956,0.29999999999999999,0.024737667661295985,0.28718334941927659,0.024644453212203887,128,1,False,-0.15074688463789349,0.20022221996048545,0.64251383724511058,False,False,I8
2021-10-29,VWO,6,2022-04-29,2022-04-29,21,0.28211493293654444,0.069093040125036906,0.094843362024490063,1048.1131341546852,0.081344717247533546,0.29999999999999999,0.024403415174260062,0.52421266148300749,0.016688734656491056,194,1,False,-0.18590180413641688,0.23470863448493701,0.68399960203149013,False,False,I8
2021-10-29,VXUS,6,2022-04-29,2022-04-29,21,0.2778257098054433,0.086369492850395052,0.13985719046402312,1526.4179671752302,0.12139425572209353,0.29999999999999999,0.036418276716628055,0.345180958718729,0.068695608287546936,123,1,False,-0.18168591308649776,0.25452246651975385,0.75389625968268503,False,False,I8
2021-11-30,BND,6,2022-05-31,2022-05-31,21,0.37785400790999668,0.16830860821125543,0.18871850581039012,16.768329368110066,0.17848327450489906,0.29999999999999999,0.053544982351469719,0.50148371670051928,0.059813529690021704,170,1,False,-0.099190523445575121,0.20628048814851457,0.7313614535319144,False,False,I8
2021-11-30,DBC,6,2022-05-31,2022-05-31,21,-0.15432091188845543,0.15978887194463007,0.31276172176880634,109.85411419875572,0.25391724304528607,0.29999999999999999,0.076175172913585817,0.38467269709072444,0.058494471048841333,184,1,False,-0.22961857414224801,0.38196891996941967,0.66558158467288253,False,False,I8
2021-11-30,GLD,6,2022-05-31,2022-05-31,21,0.25754690221298748,0.15521412985989624,0.19211200922696647,51.794746792312019,0.17205896455791717,0.29999999999999999,0.051617689367375146,0.54347417827339373,0.022696613794050909,199,1,False,-0.12721696884418607,0.23045234757893637,0.58821275215619084,False,False,I8
2021-11-30,VDE,6,2022-05-31,2022-05-31,21,-0.31732852918035936,0.16126499764042204,0.3483278699872206,339.32217718953228,0.26681782763222223,0.29999999999999999,0.080045348289666668,0.43573607810258419,0.031554204075984103,200,1,False,-0.36695499040935697,0.52704568698869025,0.61948267712358207,False,False,I8
2021-11-30,VMBS,6,2022-05-31,2022-05-31,21,0.36276211585067952,0.16276157468058397,0.19925481711404835,16.768329368110066,0.1822545903984478,0.29999999999999999,0.054676377119534339,0.46584588219574941,0.085162244890939431,138,1,False,-0.091610538418636825,0.20096329265770552,0.79399254285131837,False,False,I8
2021-11-30,VOO,6,2022-05-31,2022-05-31,21,0.38275914392891164,0.15222242687186657,0.087188325387676513,0.82864277285468424,0.10539187882442637,0.29999999999999999,0.031617563647327908,0.27990781791880631,0.023338925356853533,129,1,False,-0.14218263771292183,0.20541776500757764,0.62186472539403803,False,False,I8
2021-11-30,VWO,6,2022-05-31,2022-05-31,21,0.40473594879714203,0.0736545144020362,0.094843362024490063,1048.1131341546852,0.083764788120317762,0.29999999999999999,0.025129436436095328,0.52284928853008084,0.016774266697138086,195,1,False,-0.18097225667181718,0.23123112954400785,0.68483249363706844,False,False,I8
2021-11-30,VXUS,6,2022-05-31,2022-05-31,21,0.37124594416806034,0.088985106015659579,0.13714299251727086,1526.4179671752302,0.12053708022463858,0.29999999999999999,0.036161124067391574,0.34482228143622284,0.068171901456941617,124,1,False,-0.17419029656427792,0.24651254469906109,0.75947754040138782,False,False,I8
2021-12-31,BND,6,2022-06-30,2022-06-30,21,0.24066851720955063,0.16229232914507058,0.16078866372115669,16.768329368110066,0.16153075293862554,0.29999999999999999,0.048459225881587659,0.49352017122084335,0.059901653687846355,171,1,False,-0.095745299637620074,0.19266375140079539,0.73518093479749003,False,False,I8
2021-12-31,DBC,6,2022-06-30,2022-06-30,21,-0.2009736594648921,0.1457119074341455,0.22352787678333785,109.85411419875572,0.19342760201064585,0.29999999999999999,0.058028280603193753,0.38681359397605958,0.058089866687412048,185,1,False,-0.24112599224069237,0.35718255344707989,0.66885483998546635,False,False,I8
2021-12-31,GLD,6,2022-06-30,2022-06-30,21,0.13712776225238299,0.15727356490616012,0.17935460543110918,51.794746792312019,0.16735370971937408,0.29999999999999999,0.050206112915812222,0.54349321528464467,0.022841484396820072,200,1,False,-0.12319319846601059,0.22360542429763505,0.59581624139097344,False,False,I8
2021-12-31,VDE,6,2022-06-30,2022-06-30,21,-0.17426025034944725,0.15537659604869533,0.29836213618608171,339.32217718953228,0.23785370655302765,0.29999999999999999,0.071356111965908298,0.42317866250611808,0.031680399094409444,201,1,False,-0.34169249568629223,0.48440471961810883,0.64506992033688959,False,False,I8
2021-12-31,VMBS,6,2022-06-30,2022-06-30,21,0.22884416193716572,0.15535190217075717,0.19431978749701287,16.768329368110066,0.17656513070110066,0.29999999999999999,0.052969539210330201,0.45562279418712759,0.085126312720009922,139,1,False,-0.091403607686212751,0.19734268610687317,0.78939477477321585,False,False,I8
2021-12-31,VOO,6,2022-06-30,2022-06-30,21,0.30466523709830351,0.1148969998657812,0.076677453763460163,0.82864277285468424,0.086975574411363721,0.29999999999999999,0.026092672323409116,0.26944644031966014,0.022829396461676497,130,1,False,-0.14770118013645331,0.19988652478327154,0.62021527253742526,False,False,I8
2021-12-31,VWO,6,2022-06-30,2022-06-30,21,0.27026079624900867,0.06851107210562872,0.069284962216519988,1048.1131341546852,0.06888050294055155,0.29999999999999999,0.020664150882165465,0.52263140499705674,0.017474996659604447,196,1,False,-0.17666811324750145,0.2179964150118324,0.70164126512553604,False,False,I8
2021-12-31,VXUS,6,2022-06-30,2022-06-30,21,0.29595459652258849,0.086090078666186495,0.096214351729687439,1526.4179671752302,0.092702815129072039,0.29999999999999999,0.02781084453872161,0.34684333172273513,0.06843481541117305,125,1,False,-0.18251056167654389,0.23813225075398708,0.7999737138018399,False,False,I8
2022-01-31,BND,6,2022-07-29,2022-07-29,21,0.12362534706739425,0.19491891456583915,0.15938881903797303,16.768329368110066,0.1767091955210611,0.29999999999999999,0.053012758656318326,0.48748465844972921,0.060680989425283889,172,1,False,-0.11264767952245258,0.21867319683508923,0.7330665357431656,False,False,I8
2022-01-31,DBC,6,2022-07-29,2022-07-29,21,-0.10862788299161164,0.15336877811634186,0.18067916587336194,109.85411419875572,0.17001412971136201,0.29999999999999999,0.051004238913408599,0.39051207389973813,0.057864837298261175,186,1,False,-0.24766920250936847,0.34967768033618568,0.68941798302486001,False,False,I8
2022-01-31,GLD,6,2022-07-29,2022-07-29,21,0.07808103371751407,0.19121627387104922,0.17717269100374466,51.794746792312019,0.1847955952948285,0.29999999999999999,0.055438678588448552,0.54280338309043741,0.023612881912654666,201,1,False,-0.10861183280444317,0.21948918998134029,0.58233883767663275,False,False,I8
2022-01-31,VDE,6,2022-07-29,2022-07-29,21,-0.17279877443972547,0.16463072546582036,0.2465336908105735,339.32217718953228,0.21298620354460945,0.29999999999999999,0.063895861063382839,0.40960039877375665,0.030629688898285327,202,1,False,-0.49817523189638069,0.62596695402314639,0.62873427793655434,False,False,I8
2022-01-31,VMBS,6,2022-07-29,2022-07-29,21,0.10581291439706675,0.18219262453407664,0.14634044141321306,16.768329368110066,0.1623759764079761,0.29999999999999999,0.048712792922392827,0.44726802104922347,0.085841297606921108,140,1,False,-0.10267615555066931,0.20010174139545497,0.78842010604548685,False,False,I8
2022-01-31,VOO,6,2022-07-29,2022-07-29,21,0.1208982298563378,0.14457807418103202,0.12607012789652805,0.82864277285468424,0.13100524389009702,0.29999999999999999,0.039301573167029105,0.26664849344743086,0.023779474309344947,131,1,False,-0.13286370538896175,0.21146685172301993,0.61165138138390551,False,False,I8
2022-01-31,VWO,6,2022-07-29,2022-07-29,21,0.19279751118898303,0.076576751294693504,0.13928303730350541,1048.1131341546852,0.10653841840881427,0.29999999999999999,0.03196152552264428,0.52219037322812656,0.018412945245480872,197,1,False,-0.16211157102964679,0.22603462207493535,0.67143758156273514,False,False,I8
2022-01-31,VXUS,6,2022-07-29,2022-07-29,21,0.16599438138675138,0.090113654746769092,0.17259042628386262,1526.4179671752302,0.14393383034249113,0.29999999999999999,0.043180149102747339,0.34745050524296206,0.06955367767284458,126,1,False,-0.15511119315924982,0.24147149136474449,0.73639851199719808,False,False,I8
2022-02-28,BND,6,2022-08-31,2022-08-31,21,0.23350403302496225,0.22300911746224952,0.094740895116631821,16.768329368110066,0.15624620996172989,0.25,0.039061552490432472,0.47950547470263127,0.06129998642886543,173,1,False,-0.12481902900156427,0.20294213398242922,0.74122757301052622,False,False,I8
2022-02-28,DBC,6,2022-08-31,2022-08-31,21,0.034460976414263378,0.16375304273169156,0.112830005147577,109.85411419875572,0.13290340719566962,0.25,0.033225851798917405,0.39419097917981466,0.057000706414138985,187,1,False,-0.26137911673557179,0.3278308203334066,0.69212499619854539,False,False,I8
2022-02-28,GLD,6,2022-08-31,2022-08-31,21,0.2528732447920875,0.20618454651691345,0.098524301163770381,51.794746792312019,0.15695853007788382,0.25,0.039239632519470956,0.54276514717609725,0.023898452779737962,202,1,False,-0.12057538945849466,0.19905465449743659,0.61515045292975257,False,False,I8
2022-02-28,VDE,6,2022-08-31,2022-08-31,21,-0.077702613546104082,0.1632829969006073,0.078850341724893039,339.32217718953228,0.11252951683185645,0.25,0.028132379207964114,0.39888802545499846,0.029037141969722784,203,1,False,-0.50535877833559628,0.56162353675152443,0.64394030417882131,False,False,I8
2022-02-28,VMBS,6,2022-08-31,2022-08-31,21,0.22340924638991755,0.21201006813379525,0.064934694365850726,16.768329368110066,0.12921493475504817,0.25,0.032303733688762042,0.43705644760501355,0.086339533347266892,141,1,False,-0.11818883509208794,0.18279630246961204,0.78275134379999689,False,False,I8
2022-02-28,VOO,6,2022-08-31,2022-08-31,21,0.23651338128946287,0.21689479386500221,0.095823729589972997,0.82864277285468424,0.12758076105413996,0.25,0.031895190263534989,0.26230075414243165,0.024658429386165769,132,1,False,-0.13727842667733597,0.20106880720440595,0.62422749038721559,False,False,I8
2022-02-28,VWO,6,2022-08-31,2022-08-31,21,0.29667533217521846,0.079663403008412556,0.10295113083041629,1048.1131341546852,0.090754628191514392,0.25,0.022688657047878598,0.52373089947306317,0.019131221475527194,198,1,False,-0.16720476241568083,0.21258207651143801,0.68848538997039777,False,False,I8
2022-02-28,VXUS,6,2022-08-31,2022-08-31,21,0.30411472968168052,0.092846104858893372,0.15674419074815343,1526.4179671752302,0.13437085967945403,0.25,0.033592714919863507,0.35014086505617692,0.070372649146188182,127,1,False,-0.16076436644282482,0.22794979628255185,0.75416033195672472,False,False,I8
2022-03-31,BND,6,2022-09-30,2022-09-30,22,0.080429977086604043,0.14750827380563009,0.011624891864861151,232.99518105153672,0.076512701525436544,0.29999999999999999,0.022953810457630962,0.47752571899380425,0.063071555065232668,174,1,False,-0.1536473469453104,0.19955496786057231,0.76784303652962671,False,False,I8
2022-03-31,DBC,6,2022-09-30,2022-09-30,22,0.11742465654158951,0.25020737998357112,0.057187028224505936,11.513953993264458,0.13427835200175733,0.29999999999999999,0.040283505600527202,0.39939479477003298,0.05633796777724593,188,1,False,-0.24830704865734107,0.32887405985839546,0.67976612130587621,False,False,I8
2022-03-31,GLD,6,2022-09-30,2022-09-30,22,0.14969890921863782,0.12633567000735396,-0.030796412625315954,339.32217718953228,0.054332732241283939,0.29999999999999999,0.016299819672385182,0.54176806824108348,0.024662595802870908,203,1,False,-0.14048823736996263,0.17308787671473297,0.71511597997678178,False,False,I8
2022-03-31,VDE,6,2022-09-30,2022-09-30,22,0.058413502200869494,0.25419974814775265,0.19900504151814674,24.420530945486497,0.22129588780121612,0.29999999999999999,0.066388766340364835,0.40385840679716201,0.027561962899450627,204,1,False,-0.45426967132659923,0.5870472040073289,0.60184997091731129,False,False,I8
2022-03-31,VMBS,6,2022-09-30,2022-09-30,22,0.077848987353601684,0.15125471953681377,0.015759385840771106,232.99518105153672,0.074610642937387506,0.29999999999999999,0.022383192881216252,0.43434157835012754,0.088275134982834402,142,1,False,-0.13412209867075872,0.17888848443319125,0.77322437752936823,False,False,I8
2022-03-31,VOO,6,2022-09-30,2022-09-30,22,0.20224326847377183,0.1204172629438999,0.096511999449010233,35.564803062231285,0.10291498716374858,0.29999999999999999,0.030874496149124575,0.26784844752316267,0.026497353368413287,133,1,False,-0.14461035850003939,0.20635935079828854,0.63609861614207663,False,False,I8
2022-03-31,VWO,6,2022-09-30,2022-09-30,22,0.18956913382150131,0.14071744772498571,0.084489934802745068,75.431200633546069,0.11386407233374347,0.29999999999999999,0.034159221700123039,0.52241573572036026,0.020892393958760143,199,1,False,-0.17332039896866414,0.2416388423689102,0.67105493039181674,False,False,I8
2022-03-31,VXUS,6,2022-09-30,2022-09-30,22,0.22002496042003639,0.14974531261049417,0.1204944897522283,51.794746792312019,0.13078311455788366,0.29999999999999999,0.039234934367365096,0.35173796154414644,0.072601617936865953,128,1,False,-0.17887390699872951,0.25734377573345973,0.76332417901630523,False,False,I8
2022-04-29,BND,6,2022-10-31,2022-10-31,22,0.27274110875503144,0.15473896017534147,0.11935828099756549,232.99518105153672,0.13619657080154565,0.29999999999999999,0.040858971240463691,0.47591765323026869,0.064124097397034466,175,1,False,-0.16734384712452999,0.24906178960545738,0.75540787851008973,False,False,I8
2022-04-29,DBC,6,2022-10-31,2022-10-31,22,0.29114759156461911,0.43658207292368278,0.19299745747129513,11.513953993264458,0.29176298204366224,0.29999999999999999,0.087528894613098665,0.40546700533175656,0.055304432271345468,189,1,False,-0.19889028849079116,0.37394807771698846,0.53322282559257794,False,False,I8
2022-04-29,GLD,6,2022-10-31,2022-10-31,22,0.34439410207479515,0.13017085641915932,0.062283942303528413,339.32217718953228,0.099095457018307284,0.29999999999999999,0.029728637105492183,0.54224757737666907,0.024977460327661807,204,1,False,-0.12303479351867087,0.18249206772965523,0.67985167150404391,False,False,I8
2022-04-29,VDE,6,2022-10-31,2022-10-31,22,-0.0028211863608795795,0.46456839815360607,0.33242684595499372,24.420530945486497,0.38639854307392141,0.29999999999999999,0.11591956292217642,0.4084384981175852,0.026593298652339843,205,1,False,-0.3626491650586981,0.59448829090305089,0.53104830272709391,False,False,I8
2022-04-29,VMBS,6,2022-10-31,2022-10-31,22,0.27455430811768866,0.15951975638721544,0.094306089269481599,232.99518105153672,0.12244501754050877,0.29999999999999999,0.036733505262152626,0.43148820660899817,0.089309009676150991,143,1,False,-0.14686569488792406,0.22033270541222932,0.7878387860668048,False,False,I8
2022-04-29,VOO,6,2022-10-31,2022-10-31,22,0.25859022462107406,0.17437363283684659,0.14821886203325724,35.564803062231285,0.15530465548200229,0.29999999999999999,0.046591396644600686,0.27091781847205604,0.028144018422108081,134,1,False,-0.14246790711754984,0.23565070040675121,0.62932333553780184,False,False,I8
2022-04-29,VWO,6,2022-10-31,2022-10-31,22,0.37403251950121486,0.17175104089329957,0.1727842113041963,75.431200633546069,0.1722454146303114,0.29999999999999999,0.051673624389093419,0.52149835903376296,0.022198506653649076,200,1,False,-0.17739837581747805,0.28074562459566488,0.620674345084681,False,False,I8
2022-04-29,VXUS,6,2022-10-31,2022-10-31,22,0.34102481281661656,0.19669296991187721,0.20386533535655618,51.794746792312019,0.20134385902213309,0.29999999999999999,0.060403157706639926,0.3515543587218809,0.074192502369955712,129,1,False,-0.1762409963976114,0.29704731181089128,0.65689599209550398,False,False,I8
2022-05-31,BND,6,2022-11-30,2022-11-30,22,0.14253194053198359,0.16819571852929299,-0.0030433017107809922,232.99518105153672,0.078379597435564552,0.29999999999999999,0.023513879230669364,0.47549267119253619,0.065906653706767196,176,1,False,-0.19166675018008983,0.23869450864142855,0.77190488843155614,False,False,I8
2022-05-31,DBC,6,2022-11-30,2022-11-30,22,0.24139022119554365,0.40282379707982108,0.063050961463267552,11.513953993264458,0.20258272089079332,0.29999999999999999,0.060774816267237991,0.41066190348716591,0.054201140986293889,190,1,False,-0.21989822956992203,0.34144786210439804,0.59268632159902102,False,False,I8
2022-05-31,GLD,6,2022-11-30,2022-11-30,22,0.15089637063745565,0.14286974038324479,0.013718976063192114,339.32217718953228,0.08362036207989107,0.29999999999999999,0.025086108623967322,0.54123865533984827,0.026111945410029255,205,1,False,-0.14226676872608696,0.19243898597402159,0.69740572146835811,False,False,I8
2022-05-31,VDE,6,2022-11-30,2022-11-30,22,0.026834844076990549,0.51023103873460451,0.19851539001134405,24.420530945486497,0.3273347465500569,0.29999999999999999,0.098200423965017061,0.41325919011874179,0.024923775216258777,206,1,False,-0.34767444396130343,0.54407529189133752,0.54105026206504525,False,False,I8
2022-05-31,VMBS,6,2022-11-30,2022-11-30,22,0.14458317422101219,0.17395342405312089,-0.0036319904141448134,232.99518105153672,0.072888450883325892,0.29999999999999999,0.021866535264997766,0.43089372810837295,0.091207989580140758,144,1,False,-0.1674735021613119,0.21120657269130744,0.77638472499106215,False,False,I8
2022-05-31,VOO,6,2022-11-30,2022-11-30,22,0.1185537787843659,0.18746727052691806,0.10522586949891312,35.564803062231285,0.1282257646950751,0.29999999999999999,0.038467729408522527,0.27966322203497024,0.030770797129565885,135,1,False,-0.17758749339292274,0.25452295220996779,0.64222649316874791,False,False,I8
2022-05-31,VWO,6,2022-11-30,2022-11-30,22,0.17540293384026806,0.17892746304001511,0.12299100866498765,75.431200633546069,0.15211095317914269,0.29999999999999999,0.04563328595374281,0.52058974490802712,0.024101678007596807,201,1,False,-0.19847598263136906,0.28974255453885467,0.64275319991077928,False,False,I8
2022-05-31,VXUS,6,2022-11-30,2022-11-30,22,0.15054919529523936,0.21090159947346759,0.10351627191756775,51.794746792312019,0.14143277555681136,0.29999999999999999,0.042429832667043407,0.35308830826544729,0.076477528845325743,130,1,False,-0.21187902896739785,0.2967386943014847,0.75647617249739496,False,False,I8
2022-06-30,BND,6,2022-12-30,2022-12-30,22,0.14548155724252676,0.17994637229960719,0.046660394525705542,232.99518105153672,0.11006495688444606,0.29999999999999999,0.033019487065333815,0.47570317161416803,0.066894008867799878,177,1,False,-0.18059362341323604,0.24663259754390365,0.76867228516450448,False,False,I8
2022-06-30,DBC,6,2022-12-30,2022-12-30,22,0.22497266429397245,0.4814709786171435,0.029384291675675859,11.513953993264458,0.21653598900765414,0.29999999999999999,0.064960796702296236,0.41397303379608058,0.052865147266654172,191,1,False,-0.20845124766098175,0.33837284106557419,0.56255568445118098,False,False,I8
2022-06-30,GLD,6,2022-12-30,2022-12-30,22,0.12283868775932105,0.15199315595631924,0.036922455613325252,339.32217718953228,0.099254562493930387,0.29999999999999999,0.029776368748179113,0.54168530038324558,0.026650857142273689,206,1,False,-0.13273954544961025,0.19229228294596851,0.68903078970204878,False,False,I8
2022-06-30,VDE,6,2022-12-30,2022-12-30,22,-0.12704454027565792,0.61531927677346809,0.11229341052159941,24.420530945486497,0.3219191515949209,0.29999999999999999,0.096575745478476263,0.41672954640539372,0.023961533546859225,207,1,False,-0.31691218916568398,0.51006368012263648,0.53228735581013054,False,False,I8
2022-06-30,VMBS,6,2022-12-30,2022-12-30,22,0.14478157914132239,0.18655897698207946,0.047234604704652877,232.99518105153672,0.10704277869264286,0.29999999999999999,0.032112833607792858,0.42927287602558362,0.092157204561913342,145,1,False,-0.15520991722534136,0.21943558444092706,0.78920005491654277,False,False,I8
2022-06-30,VOO,6,2022-12-30,2022-12-30,22,0.13147869994412997,0.23257886955107507,0.10162016801190937,35.564803062231285,0.13904031662357969,0.29999999999999999,0.041712094987073907,0.28574007050977906,0.03278472683521836,136,1,False,-0.19470752981479333,0.27813171978894113,0.64553260423960135,False,False,I8
2022-06-30,VWO,6,2022-12-30,2022-12-30,22,0.16890755144078828,0.20536888707443274,0.13925702029736051,75.431200633546069,0.17365876370635083,0.29999999999999999,0.052097629111905248,0.52035655754499055,0.02532028750384142,202,1,False,-0.20620266397972159,0.31039792220353207,0.62558531927682981,False,False,I8
2022-06-30,VXUS,6,2022-12-30,2022-12-30,22,0.11676419360476409,0.24707036821414413,0.15395544512902024,51.794746792312019,0.18707107107786244,0.29999999999999999,0.05612132132335873,0.35564252057179396,0.078152926308510964,131,1,False,-0.25081922580980476,0.36306186845652222,0.68824783229193676,False,False,I8
2022-07-29,BND,6,2023-01-31,2023-01-31,22,0.19956313726860675,0.18233648634639268,0.016901653119573031,232.99518105153672,0.095387474233124284,0.29999999999999999,0.028616242269937284,0.4744213753698604,0.06721272425094367,178,1,False,-0.18462328536980607,0.24185576990968063,0.77389550576798749,False,False,I8
2022-07-29,DBC,6,2023-01-31,2023-01-31,22,0.22146587965620346,0.4998210380492405,0.066340993154935274,11.513953993264458,0.24651369924542246,0.29999999999999999,0.073954109773626736,0.41564244585795967,0.052024037734059038,192,1,False,-0.18639731334341422,0.33430553289066767,0.51327651601949231,False,False,I8
2022-07-29,GLD,6,2023-01-31,2023-01-31,22,0.083686291880335384,0.15197637067527087,0.036483360134811516,339.32217718953228,0.098983940321730066,0.29999999999999999,0.029695182096519019,0.54116331277920438,0.026899312101574365,207,1,False,-0.12707894551227306,0.18646930970531111,0.69392320798157225,False,False,I8
2022-07-29,VDE,6,2023-01-31,2023-01-31,22,-0.0013021456999602332,0.74942918678980563,0.11249121617613735,24.420530945486497,0.37941330239515664,0.29999999999999999,0.11382399071854699,0.41907077067779275,0.023015570527692951,208,1,False,-0.2907307307398927,0.51837871217698672,0.49617982834786056,False,False,I8
2022-07-29,VMBS,6,2023-01-31,2023-01-31,22,0.2038393833772163,0.19094658051358054,0.014106343350341707,232.99518105153672,0.089769871520505418,0.29999999999999999,0.026930961456151623,0.42786375648388064,0.092250736821058235,146,1,False,-0.15961687835728605,0.21347880126958929,0.78570543931082426,False,False,I8
2022-07-29,VOO,6,2023-01-31,2023-01-31,22,0.18252519931427924,0.24940425603317809,0.066163988257749662,35.564803062231285,0.11842387670034221,0.29999999999999999,0.035527163010102662,0.28519871247208656,0.03342789109084697,137,1,False,-0.19833124094765325,0.26938556696785859,0.65654011527609624,False,False,I8
2022-07-29,VWO,6,2023-01-31,2023-01-31,22,0.10707975139504677,0.20639912479777475,0.073065816147244056,75.431200633546069,0.14222081982236881,0.29999999999999999,0.042666245946710639,0.51866262357878934,0.026145298457955417,203,1,False,-0.20989695556667853,0.29522944746009983,0.6583583686703981,False,False,I8
2022-07-29,VXUS,6,2023-01-31,2023-01-31,22,0.10038593213249425,0.26385749715192119,0.059971320284376836,51.794746792312019,0.1319059009694985,0.29999999999999999,0.039571770290849552,0.35281735029959538,0.07881839187728551,132,1,False,-0.26736858660230911,0.34651212718400826,0.7773352581051034,False,False,I8
2022-08-31,BND,6,2023-02-28,2023-02-28,22,0.16515431248733936,0.16088585373594391,0.012384353175038351,232.99518105153672,0.083596010112545444,0.29999999999999999,0.025078803033763631,0.47953493175848921,0.068141725975938178,179,1,False,-0.18561077054229611,0.23576837660982339,0.77763729656243863,False,False,I8
2022-08-31,DBC,6,2023-02-28,2023-02-28,22,0.2407093895147564,0.44853289529467688,0.087961489866562201,11.513953993264458,0.23756469976034006,0.29999999999999999,0.071269409928102018,0.41490591777834002,0.051933037416339888,193,1,False,-0.18756570027626382,0.33010452013246783,0.52987025855532588,False,False,I8
2022-08-31,GLD,6,2023-02-28,2023-02-28,22,0.094139601282954066,0.1360246875879747,-0.00073808768814359377,339.32217718953228,0.073581122159825055,0.29999999999999999,0.022074336647947515,0.54341694732299262,0.027985725239509526,208,1,False,-0.15672241983560409,0.20087109313149915,0.71548349296266156,False,False,I8
2022-08-31,VDE,6,2023-02-28,2023-02-28,22,0.10147948184372102,0.62777587926743728,0.11364616293943373,24.420530945486497,0.32867455432098097,0.29999999999999999,0.098602366296294292,0.41823762477165166,0.022533665340736989,209,1,False,-0.2914924807342385,0.48869721332682714,0.51256873351074939,False,False,I8
2022-08-31,VMBS,6,2023-02-28,2023-02-28,22,0.16863907369219044,0.1681415174683597,0.0019602324100683791,232.99518105153672,0.07440843001503776,0.29999999999999999,0.022322529004511326,0.4359588240008902,0.093142971580030057,147,1,False,-0.17489288986609666,0.21953794787511929,0.78253118611744432,False,False,I8
2022-08-31,VOO,6,2023-02-28,2023-02-28,22,0.14823766989845233,0.20492784626903809,0.097883078726044681,35.564803062231285,0.12916815539358137,0.29999999999999999,0.038750446618074412,0.29226161526271094,0.03489952507779346,138,1,False,-0.19164882363565477,0.26914971687180361,0.66210759962098975,False,False,I8
2022-08-31,VWO,6,2023-02-28,2023-02-28,22,0.16219633168022052,0.17888532369644788,0.095522783881335283,75.431200633546069,0.13869442801801354,0.29999999999999999,0.041608328405404064,0.5178782248288909,0.027471426074216508,204,1,False,-0.24503476324677992,0.32825142005758806,0.66462702031406318,False,False,I8
2022-08-31,VXUS,6,2023-02-28,2023-02-28,22,0.082382651046722266,0.22656261876659797,0.10551723135183431,51.794746792312019,0.14816596901798118,0.29999999999999999,0.04444979070539435,0.35233674390260245,0.080512349304386222,133,1,False,-0.25011122586034917,0.33901080727113786,0.75851376527748227,False,False,I8
2022-09-30,BND,6,2023-03-31,2023-03-31,23,0.1836432495137712,0.12321208873748915,0.24616165463250203,10000,0.18718168704160454,0.29999999999999999,0.056154506112481357,0.47970862818060445,0.068209994037664104,180,1,False,-0.15204816156494791,0.26435717378991064,0.76834974296039438,False,False,I8
2022-09-30,DBC,6,2023-03-31,2023-03-31,23,0.23422103897102187,0.44141494511633889,0.14799937216832942,1.2067926406393288,0.26937734329305391,0.29999999999999999,0.080813202987916166,0.4136725597254905,0.052270623081933955,194,1,False,-0.17639450177182381,0.33802090774765614,0.49896429426847677,False,False,I8
2022-09-30,GLD,6,2023-03-31,2023-03-31,23,0.048469926127491458,0.098628592713414842,0.15701604696248231,10000,0.12509204030850032,0.29999999999999999,0.037527612092550094,0.54676140730166956,0.028568084971467077,209,1,False,-0.12979922141160555,0.20485444559670574,0.68110979312839792,False,False,I8
2022-09-30,VDE,6,2023-03-31,2023-03-31,23,0.084561576633281232,0.11900480993558363,0.23405171831227498,10000,0.18598513446325021,0.29999999999999999,0.055795540338975061,0.41779987421863762,0.022704521706737618,210,1,False,-0.32007341756495294,0.43166449824290304,0.5829460856281965,False,False,I8
2022-09-30,VMBS,6,2023-03-31,2023-03-31,23,0.18564353771525988,0.12878775744733503,0.24819485220640364,10000,0.19615397677198274,0.29999999999999999,0.058846193031594815,0.43582733119355588,0.093039633848770412,148,1,False,-0.13165905641652226,0.24935144247971192,0.82542116967410439,False,False,I8
2022-09-30,VOO,6,2023-03-31,2023-03-31,23,0.077429070420003798,0.46794932282041174,0.077077513812666296,1.7575106248547894,0.19244781477578973,0.29999999999999999,0.057734344432736916,0.2951614782759564,0.036103436900786108,139,1,False,-0.17266011223426211,0.28812880109973593,0.66321733841677144,False,False,I8
2022-09-30,VWO,6,2023-03-31,2023-03-31,23,0.10730222998163241,0.090601787571719314,0.15485613700628334,10000,0.12149348467276266,0.29999999999999999,0.036448045401828798,0.51922792195564715,0.028262146599813021,205,1,False,-0.23739814141762036,0.31029423222127794,0.68289195215002463,False,False,I8
2022-09-30,VXUS,6,2023-03-31,2023-03-31,23,0.0094248185322627354,0.20358907312787786,0.13965628680136119,159.98587196060572,0.16235094228929584,0.29999999999999999,0.048705282686788746,0.35497679347226957,0.081553488193308973,134,1,False,-0.22387869921748565,0.32128926459106316,0.74145343106225159,False,False,I8
2022-10-31,BND,6,2023-04-28,2023-04-28,23,-0.01140740586786948,0.12434664139837814,0.14847844340757696,10000,0.13686458667340187,0.29999999999999999,0.041059376002020559,0.48126769520767743,0.069340000196323595,181,1,False,-0.17737995833302789,0.25949871033706901,0.77697899654323088,False,False,I8
2022-10-31,DBC,6,2023-04-28,2023-04-28,23,0.11640266045263392,0.58537163213900334,0.155758507804969,1.2067926406393288,0.33323220197785031,0.29999999999999999,0.099969660593355089,0.41310119295818187,0.053495633176716947,195,1,False,-0.15241442488691309,0.3523537460736233,0.46332573855217868,False,False,I8
2022-10-31,GLD,6,2023-04-28,2023-04-28,23,-0.1533772219467453,0.099756546535719415,0.097628981701245829,10000,0.098794368648808126,0.29999999999999999,0.029638310594642437,0.5477562557338751,0.030072018386244834,210,1,False,-0.15737917036768365,0.21665579155696854,0.70281401898751861,False,False,I8
2022-10-31,VDE,6,2023-04-28,2023-04-28,23,0.096831150543607691,0.1234289041499349,0.23670688997422926,10000,0.18949626265215616,0.29999999999999999,0.056848878795646846,0.4167678916475579,0.022583546786985879,211,1,False,-0.31077873813254764,0.42447649572384127,0.57328241451883288,False,False,I8
2022-10-31,VMBS,6,2023-04-28,2023-04-28,23,-0.00820163954098585,0.12998689670994887,0.20875513503959961,10000,0.17409531018364688,0.29999999999999999,0.052228593055094065,0.44002285173497024,0.09425785313916582,149,1,False,-0.16594239865692242,0.27039958476711057,0.82149559891892188,False,False,I8
2022-10-31,VOO,6,2023-04-28,2023-04-28,23,-0.025270616844599969,0.58806583704981796,0.095359186887196995,1.7575106248547894,0.24227665880018667,0.29999999999999999,0.072682997640055994,0.2981844711543849,0.037692628241645307,140,1,False,-0.15055521883191603,0.29592121411202799,0.67543481114085491,False,False,I8
2022-10-31,VWO,6,2023-04-28,2023-04-28,23,-0.09677011974255656,0.092528541057431829,-0.082661537559956019,10000,0.008263547858981906,0.29999999999999999,0.0024790643576945719,0.51900818891414946,0.029940643555645071,206,1,False,-0.31269246111762117,0.31765058983301031,0.76744802400544732,False,False,I8
2022-10-31,VXUS,6,2023-04-28,2023-04-28,23,-0.14228314554823052,0.26246511301115122,-0.0082467912542252986,159.98587196060572,0.088293891663785984,0.29999999999999999,0.026488167499135795,0.35661779698972268,0.083475498005333479,135,1,False,-0.28073358625003297,0.33370992124830456,0.83977152149530343,False,False,I8
2022-11-30,BND,6,2023-05-31,2023-05-31,23,-0.032907576371519531,0.12422168214639452,0.19307067890685464,10000,0.15961466873651875,0.29999999999999999,0.047884400620955621,0.48593315436005896,0.069742153714651395,182,1,False,-0.1657306093292292,0.26149941057114046,0.77680326049615089,False,False,I8
2022-11-30,DBC,6,2023-05-31,2023-05-31,23,0.050453542518885897,0.65750009650913921,0.14062984456112448,1.2067926406393288,0.35467362850262679,0.29999999999999999,0.10640208855078803,0.41411511522437194,0.054454279033955867,196,1,False,-0.13638944523376817,0.34919362233534423,0.45993211971575848,False,False,I8
2022-11-30,GLD,6,2023-05-31,2023-05-31,23,-0.13041611151209287,0.099635123105956208,0.12804174500179916,10000,0.11240474871412395,0.29999999999999999,0.033721424614237182,0.55047011027958748,0.030644645648098916,211,1,False,-0.14932824651943163,0.21677109574790601,0.69586296785667212,False,False,I8
2022-11-30,VDE,6,2023-05-31,2023-05-31,23,0.11440339654069742,0.12329441356715889,0.28374513849954125,10000,0.21751397431206421,0.29999999999999999,0.065254192293619256,0.41278195667478829,0.022603600076089674,212,1,False,-0.30130176658043306,0.43181015116767163,0.56803445564689414,False,False,I8
2022-11-30,VMBS,6,2023-05-31,2023-05-31,23,-0.026417905701970112,0.12984531362201548,0.21749116633253573,10000,0.17836350433436063,0.29999999999999999,0.05350905130030819,0.44642913256155203,0.094593355279711466,150,1,False,-0.16350941172556141,0.27052751432617778,0.82415360062819176,False,False,I8
2022-11-30,VOO,6,2023-05-31,2023-05-31,23,-0.074648083269012955,0.55315908321203533,0.10116795345808277,1.7575106248547894,0.23517680648015762,0.29999999999999999,0.070553041944047282,0.29648558168613698,0.03826611157882772,141,1,False,-0.14553136319228682,0.28663744708038136,0.68620748780553009,False,False,I8
2022-11-30,VWO,6,2023-05-31,2023-05-31,23,-0.066829922379939899,0.09244345267947536,0.029191427394405271,10000,0.062095210828552731,0.29999999999999999,0.018628563248565818,0.52020126289796476,0.030643359933831653,207,1,False,-0.28032521234230895,0.31758233883944059,0.73398495935163033,False,False,I8
2022-11-30,VXUS,6,2023-05-31,2023-05-31,23,-0.088435047709528258,0.25763609313679958,0.06786191819139982,159.98587196060572,0.13556037254634604,0.29999999999999999,0.040668111763903808,0.35673164894234871,0.083968686955994562,136,1,False,-0.26627153931126601,0.34760776283907369,0.78856183012603787,False,False,I8
2022-12-30,BND,6,2023-06-30,2023-06-30,23,-0.0021730065174077051,0.12381579388225418,0.099375625057815622,10000,0.11131296298834767,0.29999999999999999,0.033393888896504298,0.48843107493576277,0.070156030236661643,183,1,False,-0.1798458047980129,0.2466335825910215,0.7834084061420582,False,False,I8
2022-12-30,DBC,6,2023-06-30,2023-06-30,23,0.10111544334527001,0.75163109789116545,-0.013894472699417629,1.2067926406393288,0.30276227166269937,0.29999999999999999,0.090828681498809807,0.41364620141666142,0.05531985459365138,197,1,False,-0.14837331483332589,0.33003067783094553,0.52633195421740941,False,False,I8
2022-12-30,GLD,6,2023-06-30,2023-06-30,23,-0.028864497472010253,0.099039905774454901,-0.002353777309463719,10000,0.053574757304109363,0.29999999999999999,0.016072427191232808,0.55159782061850693,0.031079523205227323,212,1,False,-0.16507465200316468,0.19721950638563029,0.73748144227083967,False,False,I8
2022-12-30,VDE,6,2023-06-30,2023-06-30,23,0.073944163420745723,0.1229911561784171,-4.3611605144080936e-05,10000,0.049961505210373403,0.29999999999999999,0.01498845156311202,0.40643078144776834,0.021901026647208232,213,1,False,-0.34794314672926985,0.37792004985549388,0.6374054643672491,False,False,I8
2022-12-30,VMBS,6,2023-06-30,2023-06-30,23,-0.0013588306307765752,0.12944762817893449,0.090687401292965319,10000,0.10811170335099288,0.29999999999999999,0.032433511005297865,0.44954076531308929,0.09492572762316584,151,1,False,-0.1829488236546771,0.24781584566527284,0.80493049428177721,False,False,I8
2022-12-30,VOO,6,2023-06-30,2023-06-30,23,-0.14654472618684777,0.55385677506798237,-0.050050559673652781,1.7575106248547894,0.12784629400195308,0.29999999999999999,0.038353888200585919,0.29457640840165328,0.038922538257456611,142,1,False,-0.17406896791117024,0.25077674431234209,0.68832389688588302,False,False,I8
2022-12-30,VWO,6,2023-06-30,2023-06-30,23,-0.028006323982755266,0.092030334380742762,-0.075766020547343466,10000,0.011487809973761903,0.29999999999999999,0.0034463429921285705,0.51999836682090272,0.031308091623768942,208,1,False,-0.29114916409094432,0.29804185007520151,0.76619642497251061,False,False,I8
2022-12-30,VXUS,6,2023-06-30,2023-06-30,23,-0.076445328426301584,0.24810012273636775,-0.097770967334729383,159.98587196060572,0.024501291844976278,0.29999999999999999,0.0073503875534928834,0.35351974388657759,0.084208070216204564,137,1,False,-0.28715270318102298,0.30185347828800874,0.8979143704843513,False,False,I8
2023-01-31,BND,6,2023-07-31,2023-07-31,23,-0.063103389260131926,0.12339916058830339,0.095009340297812675,10000,0.10905412529343082,0.29999999999999999,0.032716237588029246,0.49471200775168378,0.070859329731400481,184,1,False,-0.17797536374910625,0.24340783892516474,0.78560696196264856,False,False,I8
2023-01-31,DBC,6,2023-07-31,2023-07-31,23,-0.065314417377166922,0.57141104302750434,0.0051256099226265174,1.2067926406393288,0.23833589515564496,0.29999999999999999,0.071500768546693488,0.41182462341359072,0.056158975932351141,198,1,False,-0.16258557513339833,0.30558711222678531,0.5976863433901386,False,False,I8
2023-01-31,GLD,6,2023-07-31,2023-07-31,23,-0.087715485442403152,0.098610774253973424,-0.060882739110047504,10000,0.02699823390882464,0.29999999999999999,0.0080994701726473921,0.55100029565651676,0.031326503339852242,213,1,False,-0.16516924699152474,0.18136818733681953,0.75568129139173756,False,False,I8
2023-01-31,VDE,6,2023-07-31,2023-07-31,23,-0.039043478068140125,0.1213582625424916,0.052176163680335598,10000,0.079718672511375668,0.29999999999999999,0.023915601753412698,0.39811612084678133,0.021792600608202768,214,1,False,-0.32420071117987298,0.37203191468669833,0.62054790565493745,False,False,I8
2023-01-31,VMBS,6,2023-07-31,2023-07-31,23,-0.057468836327228656,0.12899711943382461,0.093678562685336961,10000,0.10987808745557058,0.29999999999999999,0.032963426236671173,0.45866893388635682,0.095642264832074081,152,1,False,-0.16417101797385961,0.23009787044720195,0.80787166867169047,False,False,I8
2023-01-31,VOO,6,2023-07-31,2023-07-31,23,-0.20810088205889832,0.43684992888991137,-0.047106950158236488,1.7575106248547894,0.097333205808851728,0.29999999999999999,0.029199961742655517,0.29845666467470167,0.039926752670441379,143,1,False,-0.17647260599049311,0.23487252947580414,0.69009695708364249,False,False,I8
2023-01-31,VWO,6,2023-07-31,2023-07-31,23,-0.082169200431775113,0.091114627045027638,-0.054138390133788038,10000,0.021147838054248167,0.29999999999999999,0.0063443514162744496,0.51831094217722229,0.031670635450425769,209,1,False,-0.28031888714797765,0.29300758998052651,0.76168855402194957,False,False,I8
2023-01-31,VXUS,6,2023-07-31,2023-07-31,23,-0.11722522250886214,0.21665400095446771,-0.082537489726107596,159.98587196060572,0.021954266487234829,0.29999999999999999,0.0065862799461704489,0.34924708578995173,0.084325301099655942,138,1,False,-0.27512768440966101,0.28830024430200191,0.90170114238400778,False,False,I8
2023-02-28,BND,6,2023-08-31,2023-08-31,23,-0.066938611207320475,0.1232764030241475,0.11634890949488987,10000,0.11981453919478477,0.29999999999999999,0.035944361758435427,0.50027180613856148,0.07136903234089205,185,1,False,-0.17225816844963679,0.24414689196650766,0.78666588147566929,False,False,I8
2023-02-28,DBC,6,2023-08-31,2023-08-31,23,-0.094989998359070071,0.60687652525766367,0.0051256099226265174,1.2067926406393288,0.25264872459098975,0.29999999999999999,0.075794617377296924,0.41133816062506467,0.057086364945328053,199,1,False,-0.15515249147040122,0.30674172622499507,0.60009961751602214,False,False,I8
2023-02-28,GLD,6,2023-08-31,2023-08-31,23,-0.11879065105706132,0.098537692680666256,-0.060274100310475504,10000,0.027392041871032159,0.29999999999999999,0.0082176125613096472,0.55201279785561974,0.031620022489119076,214,1,False,-0.15579443839934681,0.17222966352196611,0.75729853406054015,False,False,I8
2023-02-28,VDE,6,2023-08-31,2023-08-31,23,-0.12286387036358204,0.12144784995529778,-0.0066302042570179163,10000,0.043491518418877426,0.29999999999999999,0.013047455525663228,0.39133732148060496,0.02216323726511216,215,1,False,-0.32311900100939001,0.34921391206071645,0.64057917486188598,False,False,I8
2023-02-28,VMBS,6,2023-08-31,2023-08-31,23,-0.060262628101555915,0.12887625279990081,0.11664660753853211,10000,0.12235863838546633,0.29999999999999999,0.036707591515639897,0.46706431174888829,0.096119368157957186,153,1,False,-0.1537944545571531,0.22720963758843291,0.81382472216606627,False,False,I8
2023-02-28,VOO,6,2023-08-31,2023-08-31,23,-0.18240041958353426,0.53263366280857816,-0.050050559673652781,1.7575106248547894,0.1242666238257164,0.29999999999999999,0.037279987147714917,0.29916235376475298,0.040678911817858134,144,1,False,-0.15961280092874999,0.23417277522417981,0.69885638481590828,False,False,I8
2023-02-28,VWO,6,2023-08-31,2023-08-31,23,-0.089494544806962395,0.091473283272903175,-0.034444524404679953,10000,0.030971217937341474,0.29999999999999999,0.0092913653812024422,0.51951144598642218,0.032292186384853365,210,1,False,-0.26601279556179508,0.28459552632419999,0.75751625537271516,False,False,I8
2023-02-28,VXUS,6,2023-08-31,2023-08-31,23,-0.09848655717070498,0.22556948379701847,-0.081073639275829376,159.98587196060572,0.024688916474079881,0.29999999999999999,0.007406674942223964,0.34490437838641408,0.084311325199994555,139,1,False,-0.26409724929788642,0.27891059918233435,0.90158494816963264,False,False,I8
