date,benchmark,horizon,available,target_end,fold,y_true,ridge,gbt,ridge_alpha,z,alpha,y_hat,ridge_weight,naive,n_mature_labels,base_prediction,shrinkage_warmup,lower,upper,probability,interval_warmup,calibration_warmup,candidate
2017-03-31,DBC,12,2018-03-30,2018-03-30,0,0.47065895671915436,0.36995335120792072,0.29737025005513296,0.0001,0.33366180063152684,1,0.33366180063152684,0.5,0.091057355415020275,122,1,True,,,,True,True,I6
2017-03-31,GLD,12,2018-03-30,2018-03-30,0,0.52747787860520257,0.27586262085927088,0.48029553974062883,0.0001,0.37807908029994985,1,0.37807908029994985,0.5,-0.028848926620702438,137,0,True,,,,True,True,I6
2017-03-31,VDE,12,2018-03-30,2018-03-30,0,0.60167260221895191,0.051643847770776491,0.095232695691546493,0.0001,0.073438271731161492,1,0.073438271731161492,0.5,-0.0062036152532930471,138,1,True,,,,True,True,I6
2017-03-31,VWO,12,2018-03-30,2018-03-30,0,0.37503614063376833,0.11478306102699229,0.21166586790688627,0.18420699693267145,0.16322446446693928,1,0.16322446446693928,0.5,-0.018104246923608128,133,1,True,,,,True,True,I6
2017-04-28,DBC,12,2018-04-30,2018-04-30,0,0.38565738399792626,0.31879793485896041,0.15875159867856631,0.0001,0.23877476676876336,1,0.23877476676876336,0.5,0.092147494237362723,123,1,True,,,,True,True,I6
2017-04-28,GLD,12,2018-04-30,2018-04-30,0,0.52757310944432967,0.21241238494137762,0.36507639993797608,0.0001,0.28874439243967687,1,0.28874439243967687,0.5,-0.026730273945721292,138,0,True,,,,True,True,I6
2017-04-28,VDE,12,2018-04-30,2018-04-30,0,0.44654315032989933,0.0078689065390677645,0.055329025251000565,0.0001,0.031598965895034165,1,0.031598965895034165,0.5,-0.0045032059145441354,139,1,True,,,,True,True,I6
2017-04-28,VWO,12,2018-04-30,2018-04-30,0,0.3985199677876583,0.063823556430920705,0.15725518561904128,0.18420699693267145,0.11053937102498099,1,0.11053937102498099,0.5,-0.017550223491696878,134,1,True,,,,True,True,I6
2017-05-31,DBC,12,2018-05-31,2018-05-31,0,0.29239467857000312,0.28210221566809862,0.12735379119015411,0.0001,0.20472800342912637,1,0.20472800342912637,0.5,0.093745037336521342,124,1,True,,,,True,True,I6
2017-05-31,GLD,12,2018-05-31,2018-05-31,0,0.48208026625661748,0.23175920433859834,0.30447195934452786,0.0001,0.26811558184156309,1,0.26811558184156309,0.5,-0.024722003077238406,139,0,True,,,,True,True,I6
2017-05-31,VDE,12,2018-05-31,2018-05-31,0,0.34309715293698262,-0.030831096505743841,-0.058560830473581994,0.0001,-0.04469596348966292,1,-0.04469596348966292,0.5,-0.002372886995785617,140,1,True,,,,True,True,I6
2017-05-31,VWO,12,2018-05-31,2018-05-31,0,0.37833225566591211,-0.013845828856575502,0.14825424968108733,0.18420699693267145,0.06720421041225591,1,0.06720421041225591,0.5,-0.017089848980199232,135,1,True,,,,True,True,I6
2017-06-30,DBC,12,2018-06-29,2018-06-29,0,0.14556366989676217,0.23885392460922739,0.14277530425018053,0.0001,0.19081461442970396,1,0.19081461442970396,0.5,0.096626854614394297,125,1,True,,,,True,True,I6
2017-06-30,GLD,12,2018-06-29,2018-06-29,0,0.36375500336965305,0.16595676929319689,0.35285699518074992,0.0001,0.25940688223697339,1,0.25940688223697339,0.5,-0.021116335897380229,140,0,True,,,,True,True,I6
2017-06-30,VDE,12,2018-06-29,2018-06-29,0,0.14479999492547369,-0.074746276265965833,-0.057688967107978141,0.0001,-0.066217621686971984,1,-0.066217621686971984,0.5,0.00075800933551472866,141,1,True,,,,True,True,I6
2017-06-30,VWO,12,2018-06-29,2018-06-29,0,0.30979365697759054,-0.0032611740498372857,0.16968827305362066,0.18420699693267145,0.083213549501891693,1,0.083213549501891693,0.5,-0.015738718055435415,136,1,True,,,,True,True,I6
2017-07-31,DBC,12,2018-07-31,2018-07-31,0,0.14005649260725161,0.092678432892150012,0.14277530425018053,0.0001,0.11772686857116527,1,0.11772686857116527,0.5,0.099285210139624824,126,1,True,,,,True,True,I6
2017-07-31,GLD,12,2018-07-31,2018-07-31,0,0.33417110282924445,0.047467485334596778,0.3353054678140539,0.0001,0.19138647657432534,1,0.19138647657432534,0.5,-0.017117128202502292,141,0,True,,,,True,True,I6
2017-07-31,VDE,12,2018-07-31,2018-07-31,0,0.093548624222365317,-0.10975595114973671,-0.057688967107978141,0.0001,-0.083722459128857424,1,-0.083722459128857424,0.5,0.0041531684449911928,142,1,True,,,,True,True,I6
2017-07-31,VWO,12,2018-07-31,2018-07-31,0,0.24989806627180067,0.094106499550367484,0.16968827305362066,0.18420699693267145,0.13189738630199407,1,0.13189738630199407,0.5,-0.013505220226832907,137,1,True,,,,True,True,I6
2017-08-31,DBC,12,2018-08-31,2018-08-31,0,0.24874962439420445,0.081384910462340004,0.13449645071341179,0.0001,0.1079406805878759,1,0.1079406805878759,0.5,0.10270435467928568,127,1,True,,,,True,True,I6
2017-08-31,GLD,12,2018-08-31,2018-08-31,0,0.49906755651499435,0.072991479222514394,0.3261343487000955,0.0001,0.19956291396130493,1,0.19956291396130493,0.5,-0.013092387666632654,142,0,True,,,,True,True,I6
2017-08-31,VDE,12,2018-08-31,2018-08-31,0,0.18262421223340985,-0.072143574764123572,-0.10130067139871157,0.0001,-0.086722123081417579,1,-0.086722123081417579,0.5,0.0084289543931342324,143,1,True,,,,True,True,I6
2017-08-31,VWO,12,2018-08-31,2018-08-31,0,0.44904419341247437,0.090113039750368107,0.062501594322468754,0.18420699693267145,0.076307317036418437,1,0.076307317036418437,0.5,-0.011095342726639068,138,1,True,,,,True,True,I6
2017-09-29,DBC,12,2018-09-28,2018-09-28,1,0.33037436998459491,0.092262676994762205,0.17569367511573203,0.0001,0.13397817605524712,1,0.13397817605524712,0.5,0.10611056524232158,128,1,True,,,,True,True,I6
2017-09-29,GLD,12,2018-09-28,2018-09-28,1,0.56980231331943076,0.02073684592757883,0.19156516920202088,0.0001,0.10615100756479985,1,0.10615100756479985,0.5,-0.0088260315677825517,143,0,True,,,,True,True,I6
2017-09-29,VDE,12,2018-09-28,2018-09-28,1,0.34525654753105339,-0.096239786916062914,-0.079815751928049405,0.0001,-0.08802776942205616,1,-0.08802776942205616,0.5,0.01238053312517816,144,1,True,,,,True,True,I6
2017-09-29,VWO,12,2018-09-28,2018-09-28,1,0.53302225050603946,0.0013975166771096009,0.2210114449518448,11.513953993264458,0.1112044808144772,1,0.1112044808144772,0.5,-0.0082930352067125609,139,1,True,,,,True,True,I6
2017-10-31,DBC,12,2018-10-31,2018-10-31,1,0.32536801103644741,0.1293956374254322,0.17908351486171392,0.0001,0.15423957614357306,1,0.15423957614357306,0.5,0.10940746529211277,129,1,True,,,,True,True,I6
2017-10-31,GLD,12,2018-10-31,2018-10-31,1,0.45557367196928189,0.029099748143068864,0.21914364044816056,0.0001,0.12412169429561472,1,0.12412169429561472,0.5,-0.0046828281988241273,144,0,True,,,,True,True,I6
2017-10-31,VDE,12,2018-10-31,2018-10-31,1,0.39600417808574773,-0.044966106054588673,-0.10733866269951584,0.0001,-0.076152384377052254,1,-0.076152384377052254,0.5,0.016362789864668784,145,1,True,,,,True,True,I6
2017-10-31,VWO,12,2018-10-31,2018-10-31,1,0.56461523720199858,0.08967655252868538,0.17820686713825995,11.513953993264458,0.13394170983347267,1,0.13394170983347267,0.5,-0.0056749710009056818,140,1,True,,,,True,True,I6
2017-11-30,DBC,12,2018-11-30,2018-11-30,1,0.37467213225199913,0.12195001253555571,0.17908351486171392,0.0001,0.15051676369863481,1,0.15051676369863481,0.5,0.11227799041277002,130,1,True,,,,True,True,I6
2017-11-30,GLD,12,2018-11-30,2018-11-30,1,0.36014917861756079,0.038362914480159722,0.21132306417764332,0.0001,0.12484298932890152,1,0.12484298932890152,0.5,-0.0012600586896204867,145,0,True,,,,True,True,I6
2017-11-30,VDE,12,2018-11-30,2018-11-30,1,0.31481986161565756,-0.064693245908319291,-0.098886413478391125,0.0001,-0.081789829693355215,1,-0.081789829693355215,0.5,0.020527805890095983,146,1,True,,,,True,True,I6
2017-11-30,VWO,12,2018-11-30,2018-11-30,1,0.41284791543451593,0.029245138861370562,0.17788264310026616,11.513953993264458,0.10356389098081836,1,0.10356389098081836,0.5,-0.0036583954641684008,141,1,True,,,,True,True,I6
2017-12-29,DBC,12,2018-12-31,2018-12-31,1,0.19976857810733384,0.12410612866365209,0.17264625632171976,0.0001,0.14837619249268591,1,0.14837619249268591,0.5,0.11574373692584607,131,1,True,,,,True,True,I6
2017-12-29,GLD,12,2018-12-31,2018-12-31,1,0.10179796307741673,0.035160460169537638,0.205295983144691,0.0001,0.12022822165711432,1,0.12022822165711432,0.5,0.0020828964524007613,146,1,True,,,,True,True,I6
2017-12-29,VDE,12,2018-12-31,2018-12-31,1,0.28487077979494302,-0.069416010368206743,-0.081890921446581541,0.0001,-0.075653465907394135,1,-0.075653465907394135,0.5,0.024741260631935651,147,1,True,,,,True,True,I6
2017-12-29,VWO,12,2018-12-31,2018-12-31,1,0.22717290767786691,0.065039062207460377,0.19650173673311017,11.513953993264458,0.13077039947028526,1,0.13077039947028526,0.5,-0.0015178487494380743,142,1,True,,,,True,True,I6
2018-01-31,DBC,12,2019-01-31,2019-01-31,1,0.30240598309129607,0.16240652223943686,0.17264625632171976,0.0001,0.16752638928057831,1,0.16752638928057831,0.5,0.11769649073657422,132,1,True,,,,True,True,I6
2018-01-31,GLD,12,2019-01-31,2019-01-31,1,0.25606416787652231,0.1141050074747039,0.17706202947345018,0.0001,0.14558351847407702,1,0.14558351847407702,0.5,0.0043835289017340948,147,1,True,,,,True,True,I6
2018-01-31,VDE,12,2019-01-31,2019-01-31,1,0.39016007191139157,-0.034798676912580102,-0.12029388355226182,0.0001,-0.077546280232420967,1,-0.077546280232420967,0.5,0.027329854299227824,148,1,True,,,,True,True,I6
2018-01-31,VWO,12,2019-01-31,2019-01-31,1,0.38960459652188717,0.076377616521219591,0.15329828255518871,11.513953993264458,0.11483794953820414,1,0.11483794953820414,0.5,-0.00084562610171288078,143,1,True,,,,True,True,I6
2018-02-28,DBC,12,2019-02-28,2019-02-28,1,0.33360798263323732,0.045322796273402716,-0.026265785733331288,0.0001,0.0095285052700357139,1,0.0095285052700357139,0.5,0.12007680228762276,133,1,True,,,,True,True,I6
2018-02-28,GLD,12,2019-02-28,2019-02-28,1,0.30521576996151289,0.018358184755437178,0.15086067248412449,0.0001,0.084609428619780838,1,0.084609428619780838,0.5,0.0074239247047889921,148,1,True,,,,True,True,I6
2018-02-28,VDE,12,2019-02-28,2019-02-28,1,0.33178210058177693,-0.12121812746835561,-0.19071128823443645,0.0001,-0.15596470785139604,1,-0.15596470785139604,0.5,0.030598604581261266,149,1,True,,,,True,True,I6
2018-02-28,VWO,12,2019-02-28,2019-02-28,1,0.41708556820170184,0.010087048098675276,0.1190690242752078,11.513953993264458,0.064578036186941537,1,0.064578036186941537,0.5,0.00080132626751388484,144,1,True,,,,True,True,I6
2018-03-30,BND,12,2019-03-29,2019-03-29,2,0.18319165523390235,-0.2376492544411315,0.15224119563050359,0.0001,-0.042704029405313954,1,-0.042704029405313954,0.5,0.10767995605937761,120,1,True,,,,True,True,I6
2018-03-30,DBC,12,2019-03-29,2019-03-29,2,0.279994967808599,-0.18940752583677567,-9.8268022067799724e-05,0.56898660290182934,-0.14161380084674766,1,-0.14161380084674766,0.74753625077962349,0.12269308702218644,134,1,True,,,,True,True,I6
2018-03-30,GLD,12,2019-03-29,2019-03-29,2,0.25841574998796812,-0.1942721939712572,0.075048022042410456,0.0001,0.065899620246550369,1,0.065899620246550369,0.033968492715733635,0.010914219697409227,149,1,True,,,,True,True,I6
2018-03-30,VDE,12,2019-03-29,2019-03-29,2,0.23352437338928578,-0.31424981425803444,-0.17621243428118669,0.0001,-0.23954551767765056,1,-0.23954551767765056,0.45881110904224898,0.034405764565512545,150,1,True,,,,True,True,I6
2018-03-30,VWO,12,2019-03-29,2019-03-29,2,0.2994773793135197,-0.025202769767208436,0.036496810841501082,24.420530945486497,0.019056375076457913,1,0.019056375076457913,0.28266700669568695,0.0033822560217639215,145,1,True,,,,True,True,I6
2018-04-30,BND,12,2019-04-30,2019-04-30,2,0.24387982683483811,-0.19598070188408312,0.14557323312927622,0.0001,-0.025203734377403447,1,-0.025203734377403447,0.5,0.11152028640580616,121,1,True,,,,True,True,I6
2018-04-30,DBC,12,2019-04-30,2019-04-30,2,0.37018626720944037,-0.12435966401282773,-9.8268022067799724e-05,0.56898660290182934,-0.10582410011481251,1,-0.10582410011481251,0.8508340925174096,0.12464097070348822,135,1,True,,,,True,True,I6
2018-04-30,GLD,12,2019-04-30,2019-04-30,2,0.33187020279838308,-0.16211510958064695,0.065282456102433828,0.0001,0.037906787257134582,1,0.037906787257134582,0.12038681576500315,0.014358612295722028,150,1,True,,,,True,True,I6
2018-04-30,VDE,12,2019-04-30,2019-04-30,2,0.38974297519519818,-0.30505912915779504,-0.1563316021758715,0.0001,-0.2235334058751425,1,-0.2235334058751425,0.45184509594810085,0.037135151226203852,151,1,True,,,,True,True,I6
2018-04-30,VWO,12,2019-04-30,2019-04-30,2,0.32864429741064927,-0.10494545491286653,0.12500435241129998,24.420530945486497,0.05227887661232461,1,0.05227887661232461,0.31626673944741462,0.006088678705091965,146,1,True,,,,True,True,I6
2018-05-31,BND,12,2019-05-31,2019-05-31,2,0.25230967814280714,-0.18343447936939622,0.16144308715894579,0.0001,-0.010995696105225217,1,-0.010995696105225217,0.5,0.1147962577301722,122,1,True,,,,True,True,I6
2018-05-31,DBC,12,2019-05-31,2019-05-31,2,0.47158387570975435,-0.038585155975572147,-0.083407015668632456,0.56898660290182934,-0.042623221856751832,1,-0.042623221856751832,0.9099085600456488,0.12587445384956547,136,1,True,,,,True,True,I6
2018-05-31,GLD,12,2019-05-31,2019-05-31,2,0.32096994261439238,-0.12930846075800148,0.065535712944977675,0.0001,0.029792596081379009,1,0.029792596081379009,0.1834446274903018,0.017456106692814045,151,1,True,,,,True,True,I6
2018-05-31,VDE,12,2019-05-31,2019-05-31,2,0.53392090374317036,-0.23914716872643219,-0.1543101508575897,0.0001,-0.19471179593960131,1,-0.19471179593960131,0.47622660599023292,0.039148059132195823,152,1,True,,,,True,True,I6
2018-05-31,VWO,12,2019-05-31,2019-05-31,2,0.39811576872586352,-0.05717754180977884,0.061018331505643446,24.420530945486497,0.026445538663594451,1,0.026445538663594451,0.29250422939713511,0.0086209479361179508,147,1,True,,,,True,True,I6
2018-06-29,BND,12,2019-06-28,2019-06-28,2,0.32525488226991373,-0.082368773875838755,0.15185035366439745,0.0001,0.034740789894279346,1,0.034740789894279346,0.5,0.11691527655673777,123,1,True,,,,True,True,I6
2018-06-29,DBC,12,2019-06-28,2019-06-28,2,0.50380167354446947,0.053637059998304593,-0.16140957821555091,0.56898660290182934,0.013728977330744812,1,0.013728977330744812,0.81442126694455574,0.12601817075501948,137,1,True,-0.13315363989841808,0.16061159455990773,,False,True,I6
2018-06-29,GLD,12,2019-06-28,2019-06-28,2,0.2822558264709949,-0.04173183486794544,0.078178449051621121,0.0001,0.062182705226589641,1,0.062182705226589641,0.13339759778870264,0.019734388907793256,152,1,True,-0.17664601177806316,0.30101142223124244,,False,True,I6
2018-06-29,VDE,12,2019-06-28,2019-06-28,2,0.57144662215586695,-0.1473584851831716,-0.11712340518716036,0.0001,-0.1314534748561007,1,-0.1314534748561007,0.47395507704397766,0.039838594660256473,153,1,True,-0.65968780534389115,0.39678085563168974,,False,True,I6
2018-06-29,VWO,12,2019-06-28,2019-06-28,2,0.36960477800932878,-0.10502668846151246,0.090412561364004496,24.420530945486497,0.039194738002761499,1,0.039194738002761499,0.26206518602056106,0.010655898672884651,148,1,True,-0.27193330725089471,0.35032278325641775,,False,True,I6
2018-07-31,BND,12,2019-07-31,2019-07-31,2,0.34095698300398514,-0.017300308665418998,0.083683196463192874,0.0001,0.033191443898886938,1,0.033191443898886938,0.5,0.11842684275461071,124,1,True,,,,True,True,I6
2018-07-31,DBC,12,2019-07-31,2019-07-31,2,0.51045962712081006,0.12351161974975353,-0.24360222097894421,0.56898660290182934,0.03632437281337883,1,0.03632437281337883,0.7625062384918162,0.12611989772496318,138,1,True,-0.11055824441578407,0.18320699004254173,,False,True,I6
2018-07-31,GLD,12,2019-07-31,2019-07-31,2,0.26674149548357828,0.029865280737519272,0.051996957261899276,0.0001,0.05009309250378103,1,0.05009309250378103,0.086024425489003201,0.021789530828848498,153,1,True,-0.18873562450087178,0.28892180950843382,,False,True,I6
2018-07-31,VDE,12,2019-07-31,2019-07-31,2,0.61260756046757214,-0.10753826238883671,-0.12300415820748326,0.0001,-0.11586603683036076,1,-0.11586603683036076,0.46153947115797828,0.040187361085984447,154,1,True,-0.64410036731815123,0.41236829365742966,,False,True,I6
2018-07-31,VWO,12,2019-07-31,2019-07-31,2,0.41955721604267548,-0.12979590459599152,0.035397582696079427,24.420530945486497,-0.0069634706016090484,1,-0.0069634706016090484,0.25643295018520834,0.012261550804421,149,1,True,-0.31809151585526529,0.30416457465204716,,False,True,I6
2018-08-31,BND,12,2019-08-30,2019-08-30,2,0.064198619440442695,-0.092299492882881515,0.046761821955458339,0.0001,-0.022768835463711588,1,-0.022768835463711588,0.5,0.12095253930132978,125,1,True,,,,True,True,I6
2018-08-31,DBC,12,2019-08-30,2019-08-30,2,0.30423457584950087,0.054353973825320076,-0.31859231552522149,0.56898660290182934,-0.070483192608894421,1,-0.070483192608894421,0.6652677074449268,0.12700212597438218,139,1,True,-0.21736580983805731,0.076399424620268483,,False,True,I6
2018-08-31,GLD,12,2019-08-30,2019-08-30,2,-0.097982015931497468,-0.048686755482099726,-0.070713364557800376,0.0001,-0.068535707183929553,1,-0.068535707183929553,0.098864848710334644,0.024888738787849442,154,1,True,-0.36804034973761895,0.23096893536975988,,False,True,I6
2018-08-31,VDE,12,2019-08-30,2019-08-30,2,0.41155227225647772,-0.20189818882840624,-0.28643141021308682,0.0001,-0.24635860945667554,1,-0.24635860945667554,0.47404795534827915,0.041106308512742031,155,1,True,-0.77459293994446599,0.28187572103111491,,False,True,I6
2018-08-31,VWO,12,2019-08-30,2019-08-30,2,0.18125198786956831,-0.1430145456621025,-0.19437254229686704,24.420530945486497,-0.17799983183366547,1,-0.17799983183366547,0.31879573846380871,0.015173435088474688,150,1,True,-0.55073670820972143,0.19473704454239044,,False,True,I6
2018-09-28,BND,12,2019-09-30,2019-09-30,3,0.026534338243338285,-0.081031645452835491,0.12862334695194161,0.0001,0.023795850749553059,1,0.023795850749553059,0.5,0.12404482521258668,126,1,True,,,,True,True,I6
2018-09-28,DBC,12,2019-09-30,2019-09-30,3,0.27363691660789491,-0.28037603513777831,-0.61001493040131349,0.0001,-0.42094294225864554,1,-0.42094294225864554,0.57357305481657817,0.12845478486016942,140,1,True,-0.6173391361879933,-0.22454674832929775,,False,True,I6
2018-09-28,GLD,12,2019-09-30,2019-09-30,3,-0.12123094113022415,-0.28417343381700899,-0.012798523245880792,0.0001,-0.053076079087733943,1,-0.053076079087733943,0.14842033759527035,0.028404310236440296,155,1,True,-0.51672738484236491,0.410575226666897,,False,True,I6
2018-09-28,VDE,12,2019-09-30,2019-09-30,3,0.35917030605081779,0.045338596160032107,-0.28834270143077789,10000,-0.12974370346297914,1,-0.12974370346297914,0.47530083080139274,0.043055989532090187,156,1,True,-0.57659230806390016,0.31710490113794193,,False,True,I6
2018-09-28,VWO,12,2019-09-30,2019-09-30,3,0.12290814308480869,-0.080135861334546518,-0.2297546712094401,75.431200633546069,-0.18415736992306511,1,-0.18415736992306511,0.30475647630469715,0.018602897442233396,151,1,True,-0.60597513961462734,0.23766039976849715,,False,True,I6
2018-10-31,BND,12,2019-10-31,2019-10-31,3,-0.044970027020569736,-0.05479900372906478,0.1568259161264341,0.0001,0.051013456198684658,1,0.051013456198684658,0.5,0.12650919257259957,127,1,True,,,,True,True,I6
2018-10-31,DBC,12,2019-10-31,2019-10-31,3,0.15503513422262616,-0.29831748089469823,-0.53782531820131163,0.0001,-0.40978921118099954,1,-0.40978921118099954,0.53458003070021742,0.12985133256354728,141,1,True,-0.60618540511034735,-0.21339301725165175,,False,True,I6
2018-10-31,GLD,12,2019-10-31,2019-10-31,3,-0.15435484531794885,-0.26910677130131294,0.061234167798905031,0.0001,0.0078415987274306678,1,0.0078415987274306678,0.16162867738072351,0.031142575375753392,156,1,True,-0.45580970702720025,0.4714929044820616,,False,True,I6
2018-10-31,VDE,12,2019-10-31,2019-10-31,3,0.18083508915665969,0.044442501939928887,-0.2642993344268782,10000,-0.11298656811674584,1,-0.11298656811674584,0.49009479275870516,0.045304067166189919,157,1,True,-0.64122089860453624,0.4152477623710446,,False,True,I6
2018-10-31,VWO,12,2019-10-31,2019-10-31,3,-0.092151583804990889,-0.11675295543831431,-0.15031625502377632,75.431200633546069,-0.13954221175467355,1,-0.13954221175467355,0.3210066770005402,0.022195083888021338,152,1,True,-0.57021573912319945,0.29113131561385241,,False,True,I6
2018-11-30,BND,12,2019-11-29,2019-11-29,3,0.039042058531810531,-0.049712022414501469,0.195168601256521,0.0001,0.072728289421009756,1,0.072728289421009756,0.5,0.12804610715521128,128,1,False,,,,True,True,I6
2018-11-30,DBC,12,2019-11-29,2019-11-29,3,0.1344779487203922,-0.33175194866434776,-0.32960351249222786,0.0001,-0.33068580935113606,1,-0.33068580935113606,0.50376030386804194,0.13157542270219832,142,1,False,-0.55484117790450038,-0.10653044079777174,,False,True,I6
2018-11-30,GLD,12,2019-11-29,2019-11-29,3,-0.044588799162204928,-0.29896887708103181,0.1577702236268344,0.0001,0.083244980394796358,1,0.083244980394796358,0.16316808242722569,0.033238158835892297,157,1,False,-0.38040632535983454,0.54689628614942731,,False,True,I6
2018-11-30,VDE,12,2019-11-29,2019-11-29,3,0.26578350416994767,0.043347952552340002,-0.20997688091943495,10000,-0.084205329514254398,1,-0.084205329514254398,0.49648330833381882,0.047009863333591612,158,1,False,-0.5625927550909422,0.39418209606243337,,False,True,I6
2018-11-30,VWO,12,2019-11-29,2019-11-29,3,0.058774039863250138,-0.22673086506594475,-0.063318572429128708,75.431200633546069,-0.11484260038391911,1,-0.11484260038391911,0.31530080830150642,0.024748370368717375,153,1,False,-0.54551612775244507,0.3158309269846068,,False,True,I6
2018-12-31,BND,12,2019-12-31,2019-12-31,3,0.16808142833752693,0.13345712024384951,0.21187843235141249,0.0001,0.172667776297631,1,0.172667776297631,0.5,0.12770934847872906,129,1,False,,,,True,True,I6
2018-12-31,DBC,12,2019-12-31,2019-12-31,3,0.13038522435403577,-0.12292244027198948,-0.24392798761305026,0.0001,-0.18537925249257936,1,-0.18537925249257936,0.48385166140729119,0.13205229791482165,143,1,False,-0.40953462104594368,0.03877611606078496,,False,True,I6
2018-12-31,GLD,12,2019-12-31,2019-12-31,3,0.085023369967341944,-0.066895778148173574,0.23785002297527394,0.0001,0.18356999319094355,1,0.18356999319094355,0.17811575937790342,0.033672081647547515,158,1,False,-0.2800813125636874,0.64722129894557445,,False,True,I6
2018-12-31,VDE,12,2019-12-31,2019-12-31,3,0.16597824291517171,0.044168293480559701,-0.11273393731233228,10000,-0.034512078718659543,1,-0.034512078718659543,0.49853885568347411,0.048505843940266788,159,1,False,-0.51227641798395851,0.44325226054663946,,False,True,I6
2018-12-31,VWO,12,2019-12-31,2019-12-31,3,0.052040473187031644,-0.20582065273926287,0.044274466380978685,75.431200633546069,-0.030814736858817762,1,-0.030814736858817762,0.30024257771977875,0.026062815416179382,154,1,False,-0.46148826422734368,0.39985879050970818,,False,True,I6
2019-01-31,BND,12,2020-01-31,2020-01-31,3,0.22216296537778835,0.011512581650911333,0.11004202182644199,0.0001,0.06077730173867666,1,0.06077730173867666,0.5,0.12829651466291714,130,1,False,,,,True,True,I6
2019-01-31,DBC,12,2020-01-31,2020-01-31,3,0.37628354858669955,-0.2325298510009671,-0.42662634830151286,0.0001,-0.33313078174777777,1,-0.33313078174777777,0.4816963101037488,0.13323530961743602,144,1,False,-0.55728615030114215,-0.10897541319441345,,False,True,I6
2019-01-31,GLD,12,2020-01-31,2020-01-31,3,0.11322884815065803,-0.19488749333405214,0.05981534115139877,0.0001,0.013808123083853771,1,0.013808123083853771,0.18063096219752914,0.035070774013767486,159,1,False,-0.44984318267077716,0.47745942883848469,,False,True,I6
2019-01-31,VDE,12,2020-01-31,2020-01-31,3,0.45599645995055615,0.044520327313559198,-0.17645969298375566,10000,-0.06396264233598177,1,-0.06396264233598177,0.50908245232494831,0.050641182865086273,160,1,False,-0.53247812362870106,0.40455283895673755,,False,True,I6
2019-01-31,VWO,12,2020-01-31,2020-01-31,3,0.26900786121740516,-0.21694174454936843,-0.048403590939741496,75.431200633546069,-0.09991923899768769,1,-0.09991923899768769,0.30566163776344835,0.028408246262022652,155,1,False,-0.53059276636621366,0.33075428837083826,,False,True,I6
2019-02-28,BND,12,2020-02-28,2020-02-28,3,-0.066141668480855786,0.00039947713294513632,-0.0053056982828933565,0.0001,-0.0024531105749741101,1,-0.0024531105749741101,0.5,0.12934770852833408,131,1,False,,,,True,True,I6
2019-02-28,DBC,12,2020-02-28,2020-02-28,3,0.18924844232417815,-0.16316269428993177,-0.43010056200869357,0.0001,-0.29491840425472354,1,-0.29491840425472354,0.50641806240991682,0.13461719012099327,145,1,False,-0.61899788161792513,0.029161073108478042,,False,True,I6
2019-02-28,GLD,12,2020-02-28,2020-02-28,3,-0.13386779198502574,-0.20312615528110206,0.0051953948502620282,0.0001,-0.033168891284675109,1,-0.033168891284675109,0.18415898936401567,0.036759180238440846,160,1,False,-0.37563747963175576,0.30929969706240557,,False,True,I6
2019-02-28,VDE,12,2020-02-28,2020-02-28,3,0.33684617434551245,0.044357215874779359,-0.19148497687892321,10000,-0.069870506289532328,1,-0.069870506289532328,0.51566036242037794,0.052387399745314166,161,1,False,-0.56099127489392331,0.42125026231485868,,False,True,I6
2019-02-28,VWO,12,2020-02-28,2020-02-28,3,0.046877465816593578,-0.15810896221742765,-0.051912255926159938,75.431200633546069,-0.08483698294280885,1,-0.08483698294280885,0.31003529362149562,0.030899767556507782,156,1,False,-0.51551051031133477,0.3458365444257171,,False,True,I6
2019-03-29,BND,12,2020-03-31,2020-03-31,4,-0.032514819764141611,0.10830180481417329,0.0632354255427795,0.0001,0.063477867791163434,1,0.063477867791163434,0.0053796699957616339,0.12975561721549747,132,1,False,,,,True,True,I6
2019-03-29,DBC,12,2020-03-31,2020-03-31,4,0.32696450514729725,-0.11789026386569404,-0.57880544816807089,75.431200633546069,-0.36705193104773304,1,-0.36705193104773304,0.45941970308667446,0.13561292832433303,146,1,False,-0.78866069970307973,0.054556837607613651,,False,True,I6
2019-03-29,GLD,12,2020-03-31,2020-03-31,4,-0.19132842711219089,-0.018720718956934987,0.050978345022925108,0.0001,0.038493641615148268,1,0.038493641615148268,0.17912297088213919,0.038135929118872695,161,1,False,-0.30312751514166991,0.38011479837196649,,False,True,I6
2019-03-29,VDE,12,2020-03-31,2020-03-31,4,0.62352246590522342,0.10240687271768828,-0.053107208773595552,10000,0.024745872609618351,1,0.024745872609618351,0.50061756875423125,0.053505529212252267,162,1,False,-0.4505820057444313,0.50007375096366802,,False,True,I6
2019-03-29,VWO,12,2020-03-31,2020-03-31,4,0.2557559392490345,0.06175171357890151,0.13116420352547589,0.0001,0.10918953628787299,1,0.10918953628787299,0.31658088125806216,0.032610452981711675,157,1,False,-0.32148399108065295,0.53986306365639891,,False,True,I6
2019-04-30,BND,12,2020-04-30,2020-04-30,4,0.016217684933693244,0.10147814764010862,0.04257648707910431,0.0001,0.043875594834066674,1,0.043875594834066674,0.022055537018636068,0.13061369397955266,133,1,False,,,,True,True,I6
2019-04-30,DBC,12,2020-04-30,2020-04-30,4,0.44839840021674415,-0.11717062685825322,-0.63055933258278984,75.431200633546069,-0.40379950749949273,1,-0.40379950749949273,0.44169227440107972,0.13720866532355144,147,1,False,-0.87980987482374562,0.072210859824760165,,False,True,I6
2019-04-30,GLD,12,2020-04-30,2020-04-30,4,-0.21362062405442184,-0.036975413343768346,-0.1256181141113194,0.0001,-0.10929147930299615,1,-0.10929147930299615,0.18418476272667741,0.039949103647758569,162,1,False,-0.45018626612530355,0.23160330751931124,,False,True,I6
2019-04-30,VDE,12,2020-04-30,2020-04-30,4,0.59516159769530763,0.10267635767576458,-0.12409855689107965,10000,-0.013541383644366797,1,-0.013541383644366797,0.48751941306155799,0.055568335629325546,163,1,False,-0.5478501463166251,0.52076737902789161,,False,True,I6
2019-04-30,VWO,12,2020-04-30,2020-04-30,4,0.29146617681293974,0.062148863588365702,0.080284415253967123,0.0001,0.074761449127208932,1,0.074761449127208932,0.30453808235863378,0.03448408490847709,158,1,False,-0.35591207824131699,0.50543497649573488,,False,True,I6
2019-05-31,BND,12,2020-05-29,2020-05-29,4,-0.082795019407042592,0.058599408595897989,0.056814527052644281,0.0001,0.056864540999735751,1,0.056864540999735751,0.028020877508937159,0.13152187296584561,134,1,False,,,,True,True,I6
2019-05-31,DBC,12,2020-05-29,2020-05-29,4,0.22386235181060787,-0.14632980931142972,-0.50317019425680121,75.431200633546069,-0.3392887827010726,1,-0.3392887827010726,0.45925690720465157,0.13946795728562039,148,1,False,-0.85349588026757872,0.17491831486543358,,False,True,I6
2019-05-31,GLD,12,2020-05-29,2020-05-29,4,-0.30621221411009869,-0.092480959242850422,-0.049697328817177963,0.0001,-0.057806219763546399,1,-0.057806219763546399,0.18953255873074928,0.041673157874547742,163,1,False,-0.36157050699989951,0.24595806747280674,,False,True,I6
2019-05-31,VDE,12,2020-05-29,2020-05-29,4,0.33751808910318493,0.1022777538183552,-0.11750406686700698,10000,-0.011492389016130495,1,-0.011492389016130495,0.48234962072974147,0.058485119581239232,164,1,False,-0.63245919132729989,0.60947441329503893,,False,True,I6
2019-05-31,VWO,12,2020-05-29,2020-05-29,4,0.064069326609785482,0.071026725338983354,0.073185794998542678,0.0001,0.072518949381712827,1,0.072518949381712827,0.30885785174988706,0.03677107663059901,159,1,False,-0.35815457798681311,0.5031924767502387,,False,True,I6
2019-06-28,BND,12,2020-06-30,2020-06-30,4,-0.08022559790571604,0.028582354994695414,0.18003991137187064,0.0001,0.17237153559161184,1,0.17237153559161184,0.050630526225857106,0.13295693229402389,135,1,False,-0.11814255678402252,0.46288562796724619,,False,True,I6
2019-06-28,DBC,12,2020-06-30,2020-06-30,4,0.23106238101376009,-0.17841656132005076,-0.48136890760007756,75.431200633546069,-0.33124654834541484,1,-0.33124654834541484,0.49553126456363755,0.14191315001218985,149,1,False,-0.84545364591192107,0.18296054922109134,,False,True,I6
2019-06-28,GLD,12,2020-06-30,2020-06-30,4,-0.24111583229954725,-0.18160062990365988,0.0034624200585451903,0.0001,-0.032678629102187114,1,-0.032678629102187114,0.19529046542847583,0.043140125365989483,164,1,False,-0.33617668854587374,0.27081943034149952,,False,True,I6
2019-06-28,VDE,12,2020-06-30,2020-06-30,4,0.41395514865910266,0.101614993496635,-0.138739882726093,10000,-0.022895376157123292,1,-0.022895376157123292,0.48197277454700305,0.061593977172600615,165,1,False,-0.751528075839895,0.70573732352564833,,False,True,I6
2019-06-28,VWO,12,2020-06-30,2020-06-30,4,0.04999878666237767,0.0040812175397204747,0.030991305635883197,0.0001,0.022793397756967603,1,0.022793397756967603,0.30464069272536437,0.038851287264216092,160,1,False,-0.40788012961155834,0.45346692512549353,,False,True,I6
2019-07-31,BND,12,2020-07-31,2020-07-31,4,0.037934333665120556,0.035968488294435316,0.20192702565003548,0.0001,0.18689717598609881,1,0.18689717598609881,0.090563883626740602,0.13448634443159713,136,1,False,-0.12086836311899937,0.49466271509119697,,False,True,I6
2019-07-31,DBC,12,2020-07-31,2020-07-31,4,0.29715519098146459,-0.14842546450856556,-0.54482605770192627,75.431200633546069,-0.33066973661205301,1,-0.33066973661205301,0.54025227198741776,0.14437012652624731,150,1,False,-0.84487683417855919,0.18353736095445317,,False,True,I6
2019-07-31,GLD,12,2020-07-31,2020-07-31,4,-0.24238600965480162,-0.14329684763016148,-0.026753186497977897,0.0001,-0.050848787466693267,1,-0.050848787466693267,0.20675170776886945,0.044495285184883972,165,1,False,-0.3541119400344977,0.2524143651011112,,False,True,I6
2019-07-31,VDE,12,2020-07-31,2020-07-31,4,0.53777947047071606,0.10225979291387097,-0.08765658258124287,10000,0.0043810018699276462,1,0.0043810018699276462,0.4846216352393396,0.064913336108112507,166,1,False,-0.72425169781284404,0.73301370155269929,,False,True,I6
2019-07-31,VWO,12,2020-07-31,2020-07-31,4,0.10425108896795821,0.033133378924526675,0.051426500195012881,0.0001,0.045815656932158187,1,0.045815656932158187,0.3067187485334793,0.041215920362218952,161,1,False,-0.38485787043636777,0.4764891843006841,,False,True,I6
2019-08-30,BND,12,2020-08-31,2020-08-31,4,0.21749491758812711,0.15486652285049218,0.086960519849434856,0.0001,0.092607540456866616,1,0.092607540456866616,0.083159372630779327,0.13397329534407046,137,1,False,-0.21515799864823157,0.40037307956196477,,False,True,I6
2019-08-30,DBC,12,2020-08-31,2020-08-31,4,0.35183043404389835,-0.10800932831992952,-0.62753097801789004,75.431200633546069,-0.32795342860692461,1,-0.32795342860692461,0.57664112666937706,0.14542883148865296,151,1,False,-0.84216052617343085,0.18625366895958156,,False,True,I6
2019-08-30,GLD,12,2020-08-31,2020-08-31,4,-0.0027980169517127784,0.05203620229263578,0.078860172269883996,0.0001,0.073307716440818099,1,0.073307716440818099,0.20699604994247395,0.043636988190206984,166,1,False,-0.22157923693583723,0.3681946698174734,,False,True,I6
2019-08-30,VDE,12,2020-08-31,2020-08-31,4,0.60501066259245251,0.10316200928514567,-0.17183408245090553,10000,-0.03687678737684516,1,-0.03687678737684516,0.49076077489710696,0.066989018360497934,167,1,False,-0.76535922369615805,0.69160564894246768,,False,True,I6
2019-08-30,VWO,12,2020-08-31,2020-08-31,4,0.12743934114692124,0.079550100311144609,0.082630426171641291,0.0001,0.081638466282796002,1,0.081638466282796002,0.32203082848037923,0.04208034053201741,162,1,False,-0.34511293373505747,0.50838986630064953,,False,True,I6
2019-09-30,BND,12,2020-09-30,2020-09-30,5,0.17248078960455238,0.25886549850795848,0.13302107938971747,7.9060432109076855,0.14545579959201457,0.75,0.10909184969401092,0.098810263414332869,0.13319475217667384,138,1,False,-0.19867368941108726,0.41685738879910911,,False,True,I6
2019-09-30,DBC,12,2020-09-30,2020-09-30,5,0.37786011689410159,0.06613202022735945,0.015214905998747023,35.564803062231285,0.045600880146839967,0.75,0.034200660110129975,0.59677329731734496,0.14627230573285854,152,1,False,-0.66037919875641038,0.7287805189766704,,False,True,I6
2019-09-30,GLD,12,2020-09-30,2020-09-30,5,0.0036457750638938524,0.20114783726273433,0.18608927535264425,16.768329368110066,0.18924919215749214,0.75,0.14193689411811911,0.20984187093792642,0.042649755080503796,167,1,False,-0.15290145200404109,0.43677524024027931,,False,True,I6
2019-09-30,VDE,12,2020-09-30,2020-09-30,5,0.70249939518136306,0.13779346209371907,0.10466908337034607,10000,0.12155526294145955,0.75,0.091166447206094653,0.50978101995912695,0.068728192691987933,168,1,False,-0.63731552390156665,0.81964841831375601,,False,True,I6
2019-09-30,VWO,12,2020-09-30,2020-09-30,5,0.16376790944535258,0.46821476244451032,0.17244664943742355,1.7575106248547894,0.27347014178534029,0.75,0.20510260633900523,0.34156316352295957,0.042576216621298325,163,1,False,-0.22163665086971307,0.63184186354772354,,False,True,I6
2019-10-31,BND,12,2020-10-30,2020-10-30,5,0.30525661316088359,0.25593557100415887,0.098262287579385987,7.9060432109076855,0.1215336227820633,0.5,0.060766811391031648,0.14759212656201351,0.13191299117525485,139,1,False,-0.24699872771406653,0.36853235049612981,,False,True,I6
2019-10-31,DBC,12,2020-10-30,2020-10-30,5,0.54989021586354037,0.10880368826539183,0.16860853438061854,35.564803062231285,0.13229080937921275,0.5,0.066145404689606377,0.60727060364693486,0.14632957912168054,153,1,False,-0.628434454176934,0.76072526355614678,,False,True,I6
2019-10-31,GLD,12,2020-10-30,2020-10-30,5,0.13096689001480355,0.21456109416525715,0.2189587423020273,16.768329368110066,0.21795939512269619,0.5,0.10897969756134809,0.2272458250980221,0.041477108649560591,168,1,False,-0.18275486277331229,0.40071425789600845,1,False,False,I6
2019-10-31,VDE,12,2020-10-30,2020-10-30,5,0.85179949893217177,0.13818785612487278,0.13617090668090165,10000,0.13723195486826528,0.5,0.068615977434132641,0.52606583200943824,0.069391547108938648,169,1,False,-0.65986557498304221,0.79709752985130744,,False,True,I6
2019-10-31,VWO,12,2020-10-30,2020-10-30,5,0.29836486615086422,0.48509812380488843,0.27963083684263862,1.7575106248547894,0.35056442901616391,0.5,0.17528221450808196,0.34523058741977641,0.041754705643089245,164,1,False,-0.25144611417241469,0.60201054318857861,0.99991517995481982,False,False,I6
2019-11-29,BND,12,2020-11-30,2020-11-30,5,0.18017459022830962,0.2302198895485979,0.10632615341286798,7.9060432109076855,0.12837292084373905,0.5,0.064186460421869526,0.17794900790398363,0.13124962737065879,140,1,False,-0.24357907868322864,0.37195199952696772,,False,True,I6
2019-11-29,DBC,12,2020-11-30,2020-11-30,5,0.32319997361441788,0.054589867499252709,0.051954563322721768,35.564803062231285,0.053534193127533478,0.5,0.026767096563766739,0.59941080763249699,0.14625262048271112,154,1,False,-0.66781276230277364,0.72134695543030714,,False,True,I6
2019-11-29,GLD,12,2020-11-30,2020-11-30,5,0.036265478809484497,0.17264882158059974,0.11896519073185299,16.768329368110066,0.13153444439888554,0.5,0.065767222199442768,0.23413568472010254,0.040967842922863748,169,1,False,-0.225940804144663,0.35747524854354851,0.98607845584857712,False,False,I6
2019-11-29,VDE,12,2020-11-30,2020-11-30,5,0.53407790246370157,0.13744975972718082,0.17050704043545092,10000,0.15271505551915027,0.5,0.076357527759575133,0.53821683257357356,0.070546793915179887,170,1,False,-0.62897814070819869,0.78169319622734901,,False,True,I6
2019-11-29,VWO,12,2020-11-30,2020-11-30,5,0.06097014221903363,0.40840401199171944,0.28750582037601341,1.7575106248547894,0.32834522711331465,0.5,0.16417261355665733,0.33779998022729507,0.041857853123211441,165,1,False,-0.25809305298754515,0.58643828010085985,0.99991343785332942,False,False,I6
2019-12-31,BND,12,2020-12-31,2020-12-31,5,0.3434085470576862,0.17199279255505678,0.15036263801504546,7.9060432109076855,0.15436532706584213,0.5,0.077182663532921067,0.18505133855574382,0.13151084581723232,141,1,False,-0.2305828755721771,0.38494820263801927,,False,True,I6
2019-12-31,DBC,12,2020-12-31,2020-12-31,5,0.50478673212564118,0.05926478201848473,0.083407140533539453,35.564803062231285,0.068834156361036569,0.5,0.034417078180518285,0.60362719588541613,0.14615025018510677,155,1,False,-0.66016278068602208,0.7289969370470587,,False,True,I6
2019-12-31,GLD,12,2020-12-31,2020-12-31,5,0.16582173486784968,0.16735744234379768,0.23785009165288173,16.768329368110066,0.22083833178117387,0.5,0.11041916589058694,0.2413267204232544,0.041226993081948916,170,1,False,-0.18126473864392373,0.40210307042509758,0.99951805102367619,False,False,I6
2019-12-31,VDE,12,2020-12-31,2020-12-31,5,0.74935936983992335,0.13747847859402948,0.055602920612456308,10000,0.10025534988223953,0.5,0.050127674941119763,0.54536946520514273,0.071104872564302646,171,1,False,-0.65509728573320836,0.75535263561544796,,False,True,I6
2019-12-31,VWO,12,2020-12-31,2020-12-31,5,0.27100690408994321,0.43157345265391484,0.2163756458089427,1.7575106248547894,0.28584693732600863,0.5,0.14292346866300432,0.32282527659360788,0.041919194207933247,166,1,False,-0.27932183893335089,0.56516877625935957,0.99987221915008007,False,False,I6
2020-01-31,BND,12,2021-01-29,2021-01-29,5,0.087858199808682258,0.24469884786718432,0.089138257862962519,7.9060432109076855,0.11835843203524377,0.40000000000000002,0.047343372814097506,0.18783789757732489,0.13214924102540526,142,1,False,-0.26042216629100068,0.35510891191919569,,False,True,I6
2020-01-31,DBC,12,2021-01-29,2021-01-29,5,0.093107292566140698,0.17093960180901113,0.080078007963793191,35.564803062231285,0.13519988824864437,0.40000000000000002,0.054079955299457749,0.60665764215792772,0.14762546363639903,156,1,False,-0.65533437503501957,0.76349428563393507,,False,True,I6
2020-01-31,GLD,12,2021-01-29,2021-01-29,5,-0.020950909974939869,0.33950962415172103,0.24988436429856661,16.768329368110066,0.27043997251551016,0.40000000000000002,0.10817598900620407,0.22935061221158676,0.04164805656188289,171,1,False,-0.14203286485244027,0.3583848428648484,0.99986085206987196,False,False,I6
2020-01-31,VDE,12,2021-01-29,2021-01-29,5,0.34082324586337176,0.13894599646544403,0.029165317002458297,10000,0.089948344436727959,0.40000000000000002,0.035979337774691186,0.5536769104691468,0.073342614351432023,172,1,False,-0.62779970245569872,0.69975837800508112,,False,True,I6
2020-01-31,VWO,12,2021-01-29,2021-01-29,5,-0.12225348264132929,0.45421593251788261,0.21878046107627291,1.7575106248547894,0.29444325770605839,0.40000000000000002,0.11777730308242336,0.32137381918913854,0.04327900658523548,167,1,False,-0.26136142894348119,0.49691603510832788,0.99992329258948098,False,False,I6
2020-02-28,BND,12,2021-02-26,2021-02-26,5,0.21997383717362973,0.20189624051531507,0.24197615149523374,7.9060432109076855,0.2341790124619034,0.40000000000000002,0.093671604984761361,0.19453982912379608,0.13076259130857826,143,1,False,-0.19828010795166162,0.38562331792118432,,False,True,I6
2020-02-28,DBC,12,2021-02-26,2021-02-26,5,0.004714294641843253,0.098671805350045702,0.25090180779819171,35.564803062231285,0.15703859386821784,0.40000000000000002,0.062815437547287134,0.61658813913470445,0.14789057815033393,157,1,False,-0.64659889278719018,0.77222976788176445,,False,True,I6
2020-02-28,GLD,12,2021-02-26,2021-02-26,5,0.14344664764972404,0.22739223010892806,0.29312464149134826,16.768329368110066,0.27739351911730903,0.40000000000000002,0.11095740764692362,0.23932063411637536,0.040627615581959001,172,1,False,-0.12522941357073403,0.34714422886458129,0.99994994716101782,False,False,I6
2020-02-28,VDE,12,2021-02-26,2021-02-26,5,0.090704378224087945,0.13739507384002303,0.17404442828782204,10000,0.153429951496829,0.40000000000000002,0.061371980598731606,0.5624785784523163,0.074865756316715729,173,1,False,-0.60216255302677346,0.72490651422423669,,False,True,I6
2020-02-28,VWO,12,2021-02-26,2021-02-26,5,-0.089900209563217759,0.43181671223313539,0.33834429199982152,1.7575106248547894,0.36807476870088224,0.40000000000000002,0.14722990748035289,0.31806683326323759,0.043300425985422129,168,1,False,-0.23164208056014132,0.52610189552084707,0.99998730845549999,False,False,I6
2020-03-31,BND,12,2021-03-31,2021-03-31,6,0.35247137873070922,0.15152003548762938,0.22154668228410321,75.431200633546069,0.20751095790294069,0.29999999999999999,0.062253287370882204,0.20043404936917927,0.12962872039835105,144,1,False,-0.22958783936855703,0.35409441411032144,,False,True,I6
2020-03-31,DBC,12,2021-03-31,2021-03-31,6,-0.10806773469923003,0.16665929425739079,0.33414848450311879,5.4286754393238592,0.22805863944203511,0.29999999999999999,0.068417591832610536,0.63341308716960409,0.14902395743512484,158,1,False,-0.64099673850186678,0.77783192216708785,,False,True,I6
2020-03-31,GLD,12,2021-03-31,2021-03-31,6,0.29479285902192309,0.10293669020134044,0.26973823964684795,51.794746792312019,0.22748836081261259,0.29999999999999999,0.068246508243783768,0.25329428278505295,0.039286829208004387,173,1,False,-0.16790508769671397,0.30439810418428148,0.99942084162712319,False,False,I6
2020-03-31,VDE,12,2021-03-31,2021-03-31,6,-0.60370949638658811,0.387448219448848,0.19516644194826691,0.18420699693267145,0.30399177458093279,0.29999999999999999,0.091197532374279841,0.56596799783763729,0.078018955797109463,174,1,False,-0.57211205517473118,0.75450711992329089,,False,True,I6
2020-03-31,VWO,12,2021-03-31,2021-03-31,6,-0.25033243416903539,0.51627221258029554,0.2280506861784431,0.18420699693267145,0.31955014674375809,0.29999999999999999,0.095865044023127427,0.31746227184204845,0.044557559199999722,169,1,False,-0.28276153955078931,0.47449162759704411,0.99996992691318642,False,False,I6
2020-04-30,BND,12,2021-04-30,2021-04-30,6,0.28026278190496012,0.037280166076772453,0.15544692180273137,75.431200633546069,0.13217872736006445,0.25,0.033044681840016112,0.19690981866869814,0.12884657532618099,145,1,False,-0.25870165673057993,0.3247910204106122,,False,True,I6
2020-04-30,DBC,12,2021-04-30,2021-04-30,6,-0.39734772623779646,-0.18865683523567783,0.19804394533054084,5.4286754393238592,-0.052532906255935111,0.25,-0.013133226563983778,0.64798641269762614,0.15090681556582683,159,1,False,-0.86533113428022068,0.83906468115225319,,False,True,I6
2020-04-30,GLD,12,2021-04-30,2021-04-30,6,0.25791543165694009,-0.08439698557879774,0.19656725534056363,51.794746792312019,0.12579197545070245,0.25,0.031447993862675612,0.25190137954307917,0.037833338097300794,174,1,False,-0.19985056886194202,0.26274655658729323,0.97839532145983765,False,False,I6
2020-04-30,VDE,12,2021-04-30,2021-04-30,6,-0.28197346257854061,-0.13473440712544948,0.12341703462101668,0.18420699693267145,-0.024243916755095594,0.25,-0.0060609791887738986,0.57199351813472332,0.080974056607956327,175,1,False,-0.62620420651185493,0.61408224813430712,,False,True,I6
2020-04-30,VWO,12,2021-04-30,2021-04-30,6,-0.26562412359153509,0.21746053660783782,-0.02694957580579348,0.18420699693267145,0.051637118701724903,0.25,0.012909279675431226,0.32153618249035848,0.046009962833017011,170,1,False,-0.35892504981972817,0.38474360917059058,0.99554408188556431,False,False,I6
2020-05-29,BND,12,2021-05-31,2021-05-31,6,0.3475299917372171,0.097967101885724855,0.072261812021985949,75.431200633546069,0.07769312045368032,0.20000000000000001,0.015538624090736065,0.21129146803965959,0.12739697536225483,146,1,False,-0.25640234127662448,0.28747958945809665,,False,True,I6
2020-05-29,DBC,12,2021-05-31,2021-05-31,6,-0.2396174643741904,0.027592241779891946,0.3219511300502334,5.4286754393238592,0.12857443302985291,0.20000000000000001,0.025714886605970586,0.65694193287882607,0.15136278766735675,160,1,False,-0.82648302111026639,0.87791279432220748,,False,True,I6
2020-05-29,GLD,12,2021-05-31,2021-05-31,6,0.24436949645985129,0.01542414759471808,0.22423374686378586,51.794746792312019,0.16912279523928581,0.20000000000000001,0.03382455904785716,0.26392920544560422,0.035867363513258518,175,1,False,-0.20713244181055107,0.2747815599062654,0.99608986972554014,False,False,I6
2020-05-29,VDE,12,2021-05-31,2021-05-31,6,-0.14271143809900066,0.13774151689143629,0.18506051857071945,0.18420699693267145,0.15767396904451458,0.20000000000000001,0.031534793808902915,0.57876431358007785,0.082431693156224617,176,1,False,-0.58835410587518777,0.65142369349299356,,False,True,I6
2020-05-29,VWO,12,2021-05-31,2021-05-31,6,-0.133684428711772,0.42190422303668662,0.1440752310137311,0.18420699693267145,0.23349649293912447,0.20000000000000001,0.0466992985878249,0.3218572017063106,0.046115573147501046,171,1,False,-0.32512895315056073,0.41852755032621053,0.99986739632767851,False,False,I6
2020-06-30,BND,12,2021-06-30,2021-06-30,6,0.31375186791026655,0.17681054343604569,0.1547004701181727,75.431200633546069,0.16028127373986453,0.14999999999999999,0.024042191060979681,0.25241000070228209,0.12598457690464956,147,1,False,-0.24772018654668596,0.2958045686686453,,False,True,I6
2020-06-30,DBC,12,2021-06-30,2021-06-30,6,-0.27027779915218919,0.19788022121701884,0.32843511754412247,5.4286754393238592,0.24196381018043869,0.14999999999999999,0.036294571527065805,0.66233676251429907,0.15185781619745867,161,1,False,-0.8159033361891711,0.88849247924330277,,False,True,I6
2020-06-30,GLD,12,2021-06-30,2021-06-30,6,0.30535558263290485,0.15433939441124012,0.20428719931019265,51.794746792312019,0.19016730361912024,0.14999999999999999,0.028525095542868036,0.28269301763386484,0.034293595355231202,176,1,False,-0.2123558951779061,0.26940608626364215,0.99861480851847195,False,False,I6
2020-06-30,VDE,12,2021-06-30,2021-06-30,6,-0.36784865665472921,0.30872403898675138,0.20379038874350922,0.18420699693267145,0.26521434741493699,0.14999999999999999,0.039782152112240544,0.58535997298334286,0.084304707029122239,177,1,False,-0.56973750775076704,0.64930181197524817,,False,True,I6
2020-06-30,VWO,12,2021-06-30,2021-06-30,6,-0.10469191955871526,0.52334048178839088,0.19459149607849444,0.18420699693267145,0.30009535025256562,0.14999999999999999,0.04501430253788484,0.3209252614004191,0.046138149970261957,172,1,False,-0.32440264229277516,0.41443124736854486,0.99996790435385896,False,False,I6
2020-07-31,BND,12,2021-07-30,2021-07-30,6,0.11455593640926376,0.14156604378279017,0.15730716258629621,75.431200633546069,0.15281723865410102,0.14999999999999999,0.022922585798115153,0.28523537546741251,0.12538964282870682,148,1,False,-0.24868221437452551,0.29452738597075578,,False,True,I6
2020-07-31,DBC,12,2021-07-30,2021-07-30,6,-0.40115685671524481,0.078024140183766549,0.34995765771786813,5.4286754393238592,0.16780893775577968,0.14999999999999999,0.025171340663366952,0.6698281315735426,0.15275471357266857,162,1,False,-0.82702656705287003,0.87736924837960384,,False,True,I6
2020-07-31,GLD,12,2021-07-30,2021-07-30,6,0.1899810314849627,0.11354529304960961,0.1879885086048628,51.794746792312019,0.16593710123401359,0.14999999999999999,0.024890565185102038,0.29621782463819329,0.032730433745005033,177,1,False,-0.21126588941431426,0.26104701978451833,0.99682601870057475,False,False,I6
2020-07-31,VDE,12,2021-07-30,2021-07-30,6,-0.39393603430280955,0.16158639538700725,0.27044134444744189,0.18420699693267145,0.20632710171310267,0.14999999999999999,0.030949065256965398,0.58898785298906275,0.086852318059692998,178,1,False,-0.57854243327765142,0.64044056379158221,,False,True,I6
2020-07-31,VWO,12,2021-07-30,2021-07-30,6,-0.10908555620120208,0.53922942131306728,0.19698436580746312,0.18420699693267145,0.30691804359971037,0.14999999999999999,0.046037706539956556,0.32121334121201678,0.046474062912445185,173,1,False,-0.32336234709706324,0.41543776017697631,0.9999745263496771,False,False,I6
2020-08-31,BND,12,2021-08-31,2021-08-31,6,0.090646608423477382,0.12916280170841221,0.1235691652748683,75.431200633546069,0.12526452171495178,0.10000000000000001,0.01252645217149518,0.30308663428977417,0.12600779903514586,149,1,False,-0.25174195323723869,0.27679485758022904,,False,True,I6
2020-08-31,DBC,12,2021-08-31,2021-08-31,6,-0.32449096926460919,0.022566070266399674,0.098434575126318674,5.4286754393238592,0.046836936382266631,0.10000000000000001,0.0046836936382266634,0.68009299562868863,0.15397603701114237,163,1,False,-0.84751421407801031,0.85688160135446356,,False,True,I6
2020-08-31,GLD,12,2021-08-31,2021-08-31,6,0.16949388435365409,0.10105945664091058,0.14670825871248344,51.794746792312019,0.13300287831842356,0.10000000000000001,0.013300287831842356,0.30023526953831542,0.032530835707383028,178,1,False,-0.22282782459054873,0.24942840025423346,0.96795155265391186,False,False,I6
2020-08-31,VDE,12,2021-08-31,2021-08-31,6,-0.38049347940138767,0.12246478866982279,0.040012183008460149,0.18420699693267145,0.089038155040239306,0.10000000000000001,0.0089038155040239309,0.59459578795037116,0.089747057414624604,179,1,False,-0.63512009203112108,0.65292772303916902,,False,True,I6
2020-08-31,VWO,12,2021-08-31,2021-08-31,6,-0.072774963949761462,0.67977346699003138,0.21881185055348076,0.18420699693267145,0.36727699487438076,0.10000000000000001,0.036727699487438079,0.322077021224902,0.046939380603447919,174,1,False,-0.32445917631816751,0.39791457529304369,0.99999268772380356,False,False,I6
2020-09-30,BND,12,2021-09-30,2021-09-30,7,0.04281599553108395,0.087851647765803564,0.13864115724409698,35.564803062231285,0.12341700624400107,0.14999999999999999,0.018512550936600158,0.29974991206801216,0.12631761897227525,150,1,False,-0.24570516862157049,0.28273027049477079,,False,True,I6
2020-09-30,DBC,12,2021-09-30,2021-09-30,7,-0.50022627365018835,0.22241436613423404,-0.028924211015222034,0.0001,0.14131185742498295,0.14999999999999999,0.021196778613747441,0.67731770574548822,0.15534118383969697,164,1,False,-0.83100112910248947,0.8733946863299844,,False,True,I6
2020-09-30,GLD,12,2021-09-30,2021-09-30,7,0.10453476300749875,0.10157665852193241,0.12023493305998664,75.431200633546069,0.11454915558650085,0.14999999999999999,0.017182373337975128,0.30473222279420598,0.032369466653508788,179,1,False,-0.21405495230841437,0.24841969898436461,0.94229317314962091,False,False,I6
2020-09-30,VDE,12,2021-09-30,2021-09-30,7,-0.81048014225421428,0.1601790039470789,0.1220456283380271,0.0001,0.14461995848594486,0.14999999999999999,0.021692993772891727,0.5919835259105477,0.093151237068884271,180,1,False,-0.59619807582953888,0.63958406337532225,,False,True,I6
2020-09-30,VMBS,12,2021-09-30,2021-09-30,7,0.042362630331704731,-0.31199553482207021,0.23106363366335914,0.0001,-0.040465950579355536,0.14999999999999999,-0.0060698925869033301,0.5,0.17627072647955377,118,1,False,,,,True,True,I6
2020-09-30,VWO,12,2021-09-30,2021-09-30,7,-0.18365483834434482,0.65202023135621889,0.23277754535459952,0.39069399370546132,0.36184998365966031,0.14999999999999999,0.054277497548949047,0.30787045931807205,0.047606972196830223,175,1,False,-0.29975293813740206,0.40830793323530018,0.99999171861236114,False,False,I6
2020-10-30,BND,12,2021-10-29,2021-10-29,7,0.088014130693853221,0.042596520521352127,0.14346603173162606,35.564803062231285,0.10994778971608116,0.25,0.027486947429020289,0.33229309444825528,0.12750264542385542,151,1,False,-0.22725183421844847,0.28222572907648907,0.73219615255032644,False,False,I6
2020-10-30,DBC,12,2021-10-29,2021-10-29,7,-0.60387677097091386,0.079693206369225833,0.015802679899809866,0.0001,0.05859082286504573,0.25,0.014647705716261433,0.66971028929802778,0.15773239009438694,165,1,False,-0.69922861141139592,0.72852402284391871,,False,True,I6
2020-10-30,GLD,12,2021-10-29,2021-10-29,7,0.13807003758745262,0.040944579142001836,0.12774383407480983,75.431200633546069,0.1010562563568078,0.25,0.025264064089201951,0.30746321196721199,0.032917230116627096,180,1,False,-0.1979342005797321,0.24846232875813601,0.9119365923027497,False,False,I6
2020-10-30,VDE,12,2021-10-29,2021-10-29,7,-1.0930455428370287,0.015853186571227529,0.17857870978511944,0.0001,0.082928741815237336,0.25,0.020732185453809334,0.58779941880510389,0.097342663930007414,181,1,False,-0.64280234817169579,0.68426671907931436,,False,True,I6
2020-10-30,VMBS,12,2021-10-29,2021-10-29,7,0.090568429137412698,-0.37051014274989214,0.23938456686902063,0.0001,-0.065562787940435754,0.25,-0.016390696985108939,0.5,0.17758349198039244,119,1,False,,,,True,True,I6
2020-10-30,VWO,12,2021-10-29,2021-10-29,7,-0.09779057173424488,0.58323591543508257,0.26277365728668245,0.39069399370546132,0.35907432606546663,0.25,0.089768581516366658,0.30050549270669225,0.049031732957932658,176,1,False,-0.26421426343024723,0.44375142646298049,0.99999161049062446,False,False,I6
2020-11-30,BND,12,2021-11-30,2021-11-30,7,0.13742821715793696,-0.056550062656197858,0.1471873438651197,35.564803062231285,0.078064357050400157,0.25,0.019516089262600039,0.33927489308394154,0.12784917137651633,152,1,False,-0.23512070913962393,0.27415288766482404,0.75953264198780845,False,False,I6
2020-11-30,DBC,12,2021-11-30,2021-11-30,7,-0.30571474407528831,0.074582729658340036,-0.078235888410034982,0.0001,0.02360898364811144,0.25,0.0059022459120278599,0.66644282840313596,0.15872918276619438,166,1,False,-0.70783885949462411,0.71964335131867974,,False,True,I6
2020-11-30,GLD,12,2021-11-30,2021-11-30,7,0.12856082064418017,-0.059456436062506834,0.091965800676341775,75.431200633546069,0.045510690065758024,0.25,0.011377672516439506,0.30679186631421163,0.032935728728189839,181,1,False,-0.21174204902136723,0.23449739405424624,0.61251907209720269,False,False,I6
2020-11-30,VDE,12,2021-11-30,2021-11-30,7,-0.41943197072407656,-0.015779587698943692,0.13339961264332748,0.0001,0.046180974798879212,0.25,0.011545243699719803,0.58465682644991457,0.099742308097774957,182,1,False,-0.65181887623147161,0.67490936363091114,,False,True,I6
2020-11-30,VMBS,12,2021-11-30,2021-11-30,7,0.13189669206136878,-0.39956342419717661,0.24853470505373615,0.0001,-0.07551435957172023,0.25,-0.018878589892930057,0.5,0.17790919131160726,120,1,False,,,,True,True,I6
2020-11-30,VWO,12,2021-11-30,2021-11-30,7,0.095208132896182018,0.57486246621227655,0.25111923939463088,0.39069399370546132,0.34838003459468386,0.25,0.087095008648670966,0.30042572984804677,0.049099181597825885,177,1,False,-0.24867199911745824,0.4228620164148002,0.9999895987730244,False,False,I6
2020-12-31,BND,12,2021-12-31,2021-12-31,7,0.12466905707563025,-0.026692750785208025,0.13349158756982007,35.564803062231285,0.077218757440810054,0.29999999999999999,0.023165627232243014,0.3513004498872323,0.12925805618488997,153,1,False,-0.24344993961354161,0.28978119407802766,0.77289627672451477,False,False,I6
2020-12-31,DBC,12,2021-12-31,2021-12-31,7,-0.30755989138457496,0.11765399125274721,-0.02815884345915938,0.0001,0.068145630128091148,0.29999999999999999,0.020443689038427342,0.66046636962738248,0.16080138366056232,167,1,False,-0.67500878579681522,0.71589616387366983,,False,True,I6
2020-12-31,GLD,12,2021-12-31,2021-12-31,7,0.14753467391407193,-0.026834744941499206,0.080749613714164947,75.431200633546069,0.047117172163301461,0.29999999999999999,0.014135151648990438,0.31261460282073072,0.033665871619067096,182,1,False,-0.20609479903580508,0.23436510233378594,0.62579318467823608,False,False,I6
2020-12-31,VDE,12,2021-12-31,2021-12-31,7,-0.45611582310689158,0.037068390306157217,0.11866752953428683,0.0001,0.071032387526728621,0.29999999999999999,0.021309716258018585,0.58377015319221659,0.10329212810729488,183,1,False,-0.68384686607329892,0.72646629858933609,,False,True,I6
2020-12-31,VMBS,12,2021-12-31,2021-12-31,7,0.11883758871198236,-0.39115644753136103,0.22351075312291785,0.0001,-0.08382284720422159,0.29999999999999999,-0.025146854161266476,0.5,0.179591092118803,121,1,False,,,,True,True,I6
2020-12-31,VWO,12,2021-12-31,2021-12-31,7,0.093660066534642761,0.63662213409958235,0.32927713515390888,0.39069399370546132,0.42058306876541862,0.29999999999999999,0.12617492062962557,0.29707961386952331,0.050345854196096211,178,1,False,-0.20943452926122239,0.4617843705204735,0.99999752200580505,False,False,I6
2021-01-29,BND,12,2022-01-31,2022-01-31,7,0.30052418303588602,-0.16257792977566368,0.1867916210638399,35.564803062231285,0.07062315855733034,0.29999999999999999,0.021186947567199101,0.33250883549344007,0.12898922594868084,154,1,False,-0.24262634133765634,0.28500023647205452,0.78268607422918224,False,False,I6
2021-01-29,DBC,12,2022-01-31,2022-01-31,7,-0.20001269746286954,0.17286015272659661,0.18577094556779794,0.0001,0.17727949792849707,0.29999999999999999,0.053183849378549121,0.65770148617075519,0.16039844264214312,168,1,False,-0.64224369357187339,0.74861139232897167,,False,True,I6
2021-01-29,GLD,12,2022-01-31,2022-01-31,7,0.30261338646967861,-0.15225189084967405,0.20898669492268537,75.431200633546069,0.095274444680205114,0.29999999999999999,0.028582333404061532,0.31478434121137311,0.033367419260629909,183,1,False,-0.18914240960175538,0.24630707640987842,0.74504093710062846,False,False,I6
2021-01-29,VDE,12,2022-01-31,2022-01-31,7,-0.47047520056347159,0.090154453141478061,0.25753111922367927,0.0001,0.15949212902795595,0.29999999999999999,0.047847638708386785,0.58573869638181753,0.10458305809509967,184,1,False,-0.65180330214620696,0.7474985795629806,,False,True,I6
2021-01-29,VMBS,12,2022-01-31,2022-01-31,7,0.2987754712162074,-0.52435134614902046,0.26146913286366552,0.0001,-0.13144110664267747,0.29999999999999999,-0.039432331992803236,0.5,0.17896675031997236,122,1,False,,,,True,True,I6
2021-01-29,VWO,12,2022-01-31,2022-01-31,7,0.31545818646983603,0.62755739468553817,0.35634182373158041,0.39069399370546132,0.43634256600461763,0.29999999999999999,0.13090276980138529,0.2949710519630096,0.049381612090859194,179,1,False,-0.18518350267444808,0.4469890422772187,0.93616169039784969,False,False,I6
2021-02-26,BND,12,2022-02-28,2022-02-28,7,0.30511475860091253,-0.16826965103173711,0.1867916210638399,35.564803062231285,0.068189130151050187,0.29999999999999999,0.020456739045315055,0.33403387030299309,0.12957622344045469,155,1,False,-0.24333538674883945,0.28424886483946954,0.78944368083993777,False,False,I6
2021-02-26,DBC,12,2022-02-28,2022-02-28,7,-0.1313925441527648,0.16439466448423101,0.14069198433544775,0.0001,0.15636007474427471,0.29999999999999999,0.04690802242328241,0.66102610803830419,0.15947723466580999,169,1,False,-0.64715536566104037,0.74097141050760518,,False,True,I6
2021-02-26,GLD,12,2022-02-28,2022-02-28,7,0.1803820597351935,-0.12097217798342946,0.17105300867173254,75.431200633546069,0.077037044254843548,0.29999999999999999,0.023111113276453064,0.32194471132350572,0.033965675936657579,184,1,False,-0.19458373139530774,0.24080595794821388,0.68023050571656407,False,False,I6
2021-02-26,VDE,12,2022-02-28,2022-02-28,7,-0.22234213575016071,0.053056011016111612,0.23353924442090743,0.0001,0.12768797145242664,0.29999999999999999,0.038306391435727991,0.58648812397477867,0.10450803820390502,185,1,False,-0.66133290369787157,0.73794568656932757,,False,True,I6
2021-02-26,VMBS,12,2022-02-28,2022-02-28,7,0.30855111096369592,-0.65611518414628089,0.27476702581632401,0.0001,-0.19067407916497844,0.29999999999999999,-0.057202223749493533,0.5,0.17928336641344739,123,1,False,,,,True,True,I6
2021-02-26,VWO,12,2022-02-28,2022-02-28,7,0.32629396015363832,0.62200874789772698,0.34593251678506565,0.39069399370546132,0.42885697359666997,0.29999999999999999,0.12865709207900097,0.30036796893885603,0.048607824192780986,180,1,False,-0.18113916037468511,0.43845334453268703,0.67728894854260091,False,False,I6
2021-03-31,BND,12,2022-03-31,2022-03-31,8,0.29987246548187974,-0.29438778648690889,0.10933174174915077,35.564803062231285,-0.024803301442617286,0.25,-0.0062008253606543216,0.33224809257514459,0.13100503853846915,156,1,False,-0.2778205301906061,0.26541887946929749,0.74285743530810666,False,False,I6
2021-03-31,DBC,12,2022-03-31,2022-03-31,8,-0.37133727500693192,-0.16409025080460854,0.086222306025279055,1.7575106248547894,-0.079647514466866437,0.25,-0.019911878616716609,0.66265081781282997,0.15790344072836859,170,1,False,-0.71397399773105852,0.67415024049762529,0.99888624126990178,False,False,I6
2021-03-31,GLD,12,2022-03-31,2022-03-31,8,0.12408437996302379,-0.19847024973189797,0.12194055241176754,75.431200633546069,0.021375842025449218,0.25,0.0053439605063623045,0.31386179777180923,0.03537555260198335,185,1,False,-0.21686778879115554,0.22755570980388012,0.44098947512623649,False,False,I6
2021-03-31,VDE,12,2022-03-31,2022-03-31,8,-0.39821792610119533,-0.28751267182806983,0.064145718898697177,0.39069399370546132,-0.13866371192059332,0.25,-0.03466592798014833,0.57672285424541514,0.10070041705019268,186,1,False,-0.7301573710839806,0.66082551512368393,0.99999999999934164,False,False,I6
2021-03-31,VMBS,12,2022-03-31,2022-03-31,8,0.31002965738958066,-0.8568577937667422,0.10032361915433124,0.82864277285468424,-0.37826708730620551,0.25,-0.094566771826551377,0.5,0.18074147294072454,124,1,False,,,,True,True,I6
2021-03-31,VOO,12,2022-03-31,2022-03-31,8,0.089501947791244874,-0.26193322015060105,0.013797842016007955,75.431200633546069,-0.12406768906729655,0.25,-0.031016922266824138,0.5,0.07792203409061918,115,1,False,,,,True,True,I6
2021-03-31,VWO,12,2022-03-31,2022-03-31,8,0.33591196246468291,0.29792981242086003,0.25228327973545284,0.12648552168552957,0.26593349242408554,0.25,0.066483373106021385,0.29904161139048713,0.046956220555422881,181,1,False,-0.28107844104778418,0.41404518725982692,0.76668618382932585,False,False,I6
2021-04-30,BND,12,2022-04-29,2022-04-29,8,0.17291325069221075,-0.1569357699094002,0.015115384024214478,35.564803062231285,-0.040860179093121451,0.25,-0.010215044773280363,0.32534256142759671,0.13195572480194998,157,1,False,-0.27688057101919572,0.25645048147263494,0.73101166328799327,False,False,I6
2021-04-30,DBC,12,2022-04-29,2022-04-29,8,-0.45130327154111294,0.030937646126387885,0.13549054444029948,1.7575106248547894,0.065361151350104341,0.25,0.016340287837526085,0.67075513181506763,0.15465635788061324,171,1,False,-0.66494174044952936,0.69762231612458148,0.93994689970838918,False,False,I6
2021-04-30,GLD,12,2022-04-29,2022-04-29,8,0.017916645905996509,-0.06486762475457275,-0.086715285581189752,75.431200633546069,-0.080129258631615213,0.25,-0.020032314657903803,0.30145226996341773,0.036572003564644406,186,1,False,-0.24735449337137996,0.20728986405557234,0.11003000813528364,False,False,I6
2021-04-30,VDE,12,2022-04-29,2022-04-29,8,-0.5200114056241667,-0.097185819112556027,0.13393614095393847,0.39069399370546132,-0.00073329063792814081,0.25,-0.0001833226594820352,0.58267691894410123,0.098654032667151323,187,1,False,-0.69565938643849945,0.69529274111953532,0.96757800678408468,False,False,I6
2021-04-30,VMBS,12,2022-04-29,2022-04-29,8,0.17639435293989691,-0.7953741990549833,-0.018187106738806962,0.82864277285468424,-0.40678065289689513,0.25,-0.10169516322422378,0.5,0.18146171793541846,125,1,False,,,,True,True,I6
2021-04-30,VOO,12,2022-04-29,2022-04-29,8,0.085081157163128918,-0.14124211743163639,-0.06156040722535764,75.431200633546069,-0.10140126232849701,0.25,-0.025350315582124253,0.5,0.075325821774227114,116,1,False,,,,True,True,I6
2021-04-30,VWO,12,2022-04-29,2022-04-29,8,0.24349984858542428,0.11871271508848702,0.082462426697652746,0.12648552168552957,0.093154272232495394,0.25,0.023288568058123849,0.29494511656205274,0.045238746137032999,182,1,False,-0.31086060204503191,0.35743773816127961,0.8875590520852682,False,False,I6
2021-05-31,BND,12,2022-05-31,2022-05-31,8,0.31314731518023042,-0.12600721105561694,0.020372611677085643,35.564803062231285,-0.029335402158619198,0.25,-0.0073338505396547994,0.3395824158529987,0.13332011889647699,158,1,False,-0.29758483090123816,0.28291712982192857,0.74722004512528095,False,False,I6
2021-05-31,DBC,12,2022-05-31,2022-05-31,8,-0.32164317225001438,0.072135258069901287,0.057186319674258551,1.7575106248547894,0.067282180610842832,0.25,0.016820545152710708,0.67535638112783891,0.15236406821634113,172,1,False,-0.66442306863085154,0.69806415893627294,0.91300508992951201,False,False,I6
2021-05-31,GLD,12,2022-05-31,2022-05-31,8,0.26849784601834326,-0.00052751756940261352,0.019649488710205096,75.431200633546069,0.013754882785375512,0.25,0.0034387206963438781,0.29214472370894212,0.037683220104190958,187,1,False,-0.22304895119635004,0.2299263925890378,0.41185158825331508,False,False,I6
2021-05-31,VDE,12,2022-05-31,2022-05-31,8,-0.52687502561361055,-0.072003061827623477,0.048722122433140738,0.39069399370546132,-0.02161079852029222,0.25,-0.0054026996300730549,0.58258698368614725,0.097370173780097338,188,1,False,-0.66900529627364391,0.6581998970134979,0.96965621057523987,False,False,I6
2021-05-31,VMBS,12,2022-05-31,2022-05-31,8,0.31025601752536058,-0.57148604315605811,0.0045855171909904369,0.82864277285468424,-0.28345026298253384,0.25,-0.07086256574563346,0.5,0.18275345570329343,126,1,False,,,,True,True,I6
2021-05-31,VOO,12,2022-05-31,2022-05-31,8,0.23524809066928509,-0.16195013654165133,-0.021967075724611516,75.431200633546069,-0.091958606133131421,0.25,-0.022989651533282855,0.5,0.074130110054912726,117,1,False,,,,True,True,I6
2021-05-31,VWO,12,2022-05-31,2022-05-31,8,0.41686636277912026,0.31292643880192939,0.1893962124309167,0.12648552168552957,0.2253164244386601,0.25,0.056329106109665024,0.29078075110022095,0.044261023870099649,183,1,False,-0.25974304036268631,0.37240125258201634,0.74989816381720598,False,False,I6
2021-06-30,BND,12,2022-06-30,2022-06-30,8,0.32616551594651788,-0.15324215206352113,0.072604641771423131,35.564803062231285,-0.0059354399245410312,0.20000000000000001,-0.0011870879849082063,0.34775823186298427,0.13445490977077754,159,1,False,-0.291436893739286,0.28906271776946962,0.76129444501381804,False,False,I6
2021-06-30,DBC,12,2022-06-30,2022-06-30,8,-0.23843460378989301,0.018047751904051751,0.14740013384748393,1.7575106248547894,0.06028320657216988,0.20000000000000001,0.012056641314433977,0.67348529626158449,0.14992105164195654,173,1,False,-0.62226315316124681,0.64637643579011472,0.89964293802691253,False,False,I6
2021-06-30,GLD,12,2022-06-30,2022-06-30,8,0.19921818568757965,-0.029150674492856854,0.15871622566885105,75.431200633546069,0.10377831853614854,0.20000000000000001,0.020755663707229709,0.2924299442073845,0.039107009266577737,188,1,False,-0.21525503112462829,0.25676635853908769,0.79477397127929006,False,False,I6
2021-06-30,VDE,12,2022-06-30,2022-06-30,8,-0.11348184718250054,-0.14051541995322647,0.087752458899192295,0.39069399370546132,-0.04398249827149206,0.20000000000000001,-0.0087964996542984116,0.57710685284745866,0.094908698486791371,189,1,False,-0.67225680342460881,0.65466380411601199,0.98160960400670361,False,False,I6
2021-06-30,VMBS,12,2022-06-30,2022-06-30,8,0.31907877989977662,-0.56963106731772151,0.061803377555622659,0.82864277285468424,-0.2539138448810494,0.20000000000000001,-0.050782768976209883,0.5,0.1837718441460453,127,1,False,,,,True,True,I6
2021-06-30,VOO,12,2022-06-30,2022-06-30,8,0.29290532417483739,-0.18731931091603601,-0.046027485151636897,75.431200633546069,-0.11667339803383646,0.20000000000000001,-0.023334679606767293,0.5,0.072326696231179419,118,1,False,,,,True,True,I6
2021-06-30,VWO,12,2022-06-30,2022-06-30,8,0.42412981044556763,0.27761687852451228,0.20318460674194341,0.12648552168552957,0.224455181905863,0.20000000000000001,0.044891036381172603,0.28577087135073737,0.04345149700363872,184,1,False,-0.2710575075607114,0.36083958032305657,0.71496391594437259,False,False,I6
2021-07-30,BND,12,2022-07-29,2022-07-29,8,0.32526945211633551,-0.0276466463454135,0.062646604618172327,35.564803062231285,0.030969960771437322,0.20000000000000001,0.0061939921542874645,0.35081961839550796,0.13433054118726809,160,1,False,-0.28358581083438428,0.29597379514295918,0.79078077215430476,False,False,I6
2021-07-30,DBC,12,2022-07-29,2022-07-29,8,-0.10723802162659002,0.24556235487111214,0.22215473781548387,1.7575106248547894,0.2379541291999166,0.20000000000000001,0.047590825839983322,0.67496795367445706,0.14675393722611055,174,1,False,-0.58657055724832774,0.68175220892829436,0.71191513375276383,False,False,I6
2021-07-30,GLD,12,2022-07-29,2022-07-29,8,0.26541906023082162,0.10831695310002376,-0.0047703768302357159,75.431200633546069,0.027927232285801438,0.20000000000000001,0.0055854464571602879,0.28913591943678962,0.039905284516410462,189,1,False,-0.22544045361290768,0.23661134652722823,0.47990431189786459,False,False,I6
2021-07-30,VDE,12,2022-07-29,2022-07-29,8,-0.42339162950992648,0.10797710380921732,0.18569339186270256,0.39069399370546132,0.14081464516691616,0.20000000000000001,0.028162929033383233,0.57746899420749942,0.092335831472109275,190,1,False,-0.61646022879462148,0.67278608686138797,0.67053084857719125,False,False,I6
2021-07-30,VMBS,12,2022-07-29,2022-07-29,8,0.29970361701504733,-0.34949069816449307,0.037316480960901274,0.82864277285468424,-0.15608710860179589,0.20000000000000001,-0.031217421720359181,0.5,0.18317410413179841,128,1,False,,,,True,True,I6
2021-07-30,VOO,12,2022-07-29,2022-07-29,8,0.27880741193574643,-0.10394879681973646,0.021633265956732411,75.431200633546069,-0.041157765431502021,0.20000000000000001,-0.0082315530863004052,0.5,0.069549468068464321,119,1,False,,,,True,True,I6
2021-07-30,VWO,12,2022-07-29,2022-07-29,8,0.39942497652915976,0.26998916997292877,0.089882636706583641,0.12648552168552957,0.14048042233689656,0.20000000000000001,0.028096084467379313,0.28093253871855889,0.042626972391720669,185,1,False,-0.281682677274112,0.33787484620887065,0.81163752558460822,False,False,I6
2021-08-31,BND,12,2022-08-31,2022-08-31,8,0.41817626261069918,0.055597787060421497,0.070245341089234761,35.564803062231285,0.065097805916080984,0.20000000000000001,0.013019561183216198,0.35142626291243201,0.1340592124123377,161,1,False,-0.27675790426747604,0.30279702663390839,0.82123235649060666,False,False,I6
2021-08-31,DBC,12,2022-08-31,2022-08-31,8,-0.079143125387982183,0.29937688987607741,0.1837335475848256,1.7575106248547894,0.2615840911223859,0.20000000000000001,0.052316818224477181,0.6731952051462764,0.14406110918902074,175,1,False,-0.52150761034913284,0.62614124679808725,0.66224931131642439,False,False,I6
2021-08-31,GLD,12,2022-08-31,2022-08-31,8,0.35736891630071865,0.21266024227638153,-0.024893860091613703,75.431200633546069,0.043447588793280853,0.20000000000000001,0.0086895177586561716,0.28768793383760122,0.040587329778711732,190,1,False,-0.21863676586453074,0.23601580138184308,0.55960349788463604,False,False,I6
2021-08-31,VDE,12,2022-08-31,2022-08-31,8,-0.45180965163804543,0.17588061300536478,0.14536988998517211,0.39069399370546132,0.16287165609072626,0.20000000000000001,0.032574331218145257,0.57362672441328644,0.089860285341881549,191,1,False,-0.58615177726152057,0.65130043969781104,0.51223367724748348,False,False,I6
2021-08-31,VMBS,12,2022-08-31,2022-08-31,8,0.39753623450725761,-0.21545829025926341,0.037316480960901274,0.82864277285468424,-0.089070904649181076,0.20000000000000001,-0.017814180929836217,0.5,0.18250082559195102,129,1,False,,,,True,True,I6
2021-08-31,VOO,12,2022-08-31,2022-08-31,8,0.39495717877934844,-0.049385401963251474,0.018427086586904659,75.431200633546069,-0.015479157688173407,0.20000000000000001,-0.0030958315376346818,0.5,0.067204264772252678,120,1,False,,,,True,True,I6
2021-08-31,VWO,12,2022-08-31,2022-08-31,8,0.47202041391999927,0.38836820896936131,0.10395128719235452,0.12648552168552957,0.18160523490636529,0.20000000000000001,0.036321046981273059,0.27302857800737429,0.042006531873755706,186,1,False,-0.27137832643969317,0.34402042040223935,0.74240688147499634,False,False,I6
2021-09-30,BND,12,2022-09-30,2022-09-30,9,0.44322921234108992,0.16213983571077006,0.08527193526683996,232.99518105153672,0.11291100902097888,0.14999999999999999,0.016936651353146832,0.35956587332965773,0.13349598267850282,162,1,False,-0.2554737027037795,0.28934700541007313,0.86014241556133575,False,False,I6
2021-09-30,DBC,12,2022-09-30,2022-09-30,9,0.092660120415617886,0.54441740745984246,0.16820976012829239,2.559547922699533,0.41670607508278551,0.14999999999999999,0.062505911262417821,0.66052967481411784,0.14040038542288888,176,1,False,-0.5111092130514252,0.63612103557626076,0.40425440867502266,False,False,I6
2021-09-30,GLD,12,2022-09-30,2022-09-30,9,0.34580884513691579,0.24357068868143225,-0.039038588037357248,75.431200633546069,0.042535754496930714,0.14999999999999999,0.0063803631745396067,0.28864708010083673,0.040922133094045701,191,1,False,-0.22092778247550668,0.23368850882458589,0.56201822946837343,False,False,I6
2021-09-30,VDE,12,2022-09-30,2022-09-30,9,-0.17971295896569828,0.43795037232717138,0.20989930772756202,0.56898660290182934,0.33974460336926759,0.14999999999999999,0.050961690505390136,0.56936939044628343,0.085171012281485173,192,1,False,-0.64454878004216654,0.74647216105294678,0.032528939226516652,False,False,I6
2021-09-30,VMBS,12,2022-09-30,2022-09-30,9,0.43314981313008016,0.012057138679355567,0.10155088166730693,16.768329368110066,0.081779549744680075,0.14999999999999999,0.012266932461702011,0.22092418154069943,0.18142283947456456,130,1,False,,,,True,True,I6
2021-09-30,VOO,12,2022-09-30,2022-09-30,9,0.47626100640769398,0.065267617199078296,0.056796968024467084,232.99518105153672,0.06103229261177269,0.14999999999999999,0.0091548438917659035,0.5,0.063898551721631364,121,1,False,,,,True,True,I6
2021-09-30,VWO,12,2022-09-30,2022-09-30,9,0.54436726374264799,0.17406516402398953,0.19649494382071198,10000,0.19046087078126794,0.14999999999999999,0.028569130617190189,0.26902060983789738,0.040799786578471747,187,1,False,-0.26518132454519772,0.32231958577957809,0.71495896306725482,False,False,I6
2021-09-30,VXUS,12,2022-09-30,2022-09-30,9,0.5617479834868826,0.16817924408515661,0.20988387628946065,719.68567300115137,0.18903156018730863,0.14999999999999999,0.028354734028096292,0.5,0.15267961048456538,116,1,False,,,,True,True,I6
2021-10-29,BND,12,2022-10-31,2022-10-31,9,0.54556659701474586,0.17841600870605592,0.13313135527423034,232.99518105153672,0.1495383228239078,0.10000000000000001,0.014953832282390781,0.36230745531436093,0.13321695291172581,163,1,False,-0.25735255949813907,0.28726022406292062,0.88790766687342848,False,False,I6
2021-10-29,DBC,12,2022-10-31,2022-10-31,9,0.20721311322471481,0.50152930915654825,0.13633236249078476,2.559547922699533,0.37485556888337407,0.10000000000000001,0.037485556888337407,0.65313581772875862,0.13619542973704818,177,1,False,-0.59624379514351011,0.67121490892018498,0.44996609476718513,False,False,I6
2021-10-29,GLD,12,2022-10-31,2022-10-31,9,0.47317291763606928,0.28788096235417171,-0.030736536412149656,75.431200633546069,0.060102992130880863,0.10000000000000001,0.0060102992130880864,0.28510527166511196,0.041428111763282198,192,1,False,-0.2204768668271451,0.23249746525332129,0.65490661680263895,False,False,I6
2021-10-29,VDE,12,2022-10-31,2022-10-31,9,-0.21068012496561028,0.36450371314776497,0.20989930772756202,0.56898660290182934,0.29791514522109286,0.10000000000000001,0.029791514522109288,0.56929708603264284,0.079066263291233813,193,1,False,-0.69869654662899083,0.75827957567320936,0.060408513115044186,False,False,I6
2021-10-29,VMBS,12,2022-10-31,2022-10-31,9,0.53677500790128319,0.052810250383181795,0.1522195222247387,16.768329368110066,0.13767960253749076,0.10000000000000001,0.013767960253749077,0.1462632148681498,0.18072929435748705,131,1,False,,,,True,True,I6
2021-10-29,VOO,12,2022-10-31,2022-10-31,9,0.53267522085226038,0.066200657635052715,0.071749183496823257,232.99518105153672,0.068974920565937986,0.10000000000000001,0.006897492056593799,0.5,0.060553906136441377,122,1,False,,,,True,True,I6
2021-10-29,VWO,12,2022-10-31,2022-10-31,9,0.6661896997638227,0.17394659069863491,0.19649494382071198,10000,0.19047656302046076,0.10000000000000001,0.019047656302046079,0.26690999416532174,0.040062603821489212,188,1,False,-0.27457166571489383,0.31266697831898599,0.70475872438565179,False,False,I6
2021-10-29,VXUS,12,2022-10-31,2022-10-31,9,0.63379973304962578,0.16549675225217939,0.2185586373508934,719.68567300115137,0.19202769480153639,0.10000000000000001,0.019202769480153641,0.5,0.1494439957053057,117,1,False,,,,True,True,I6
2021-11-30,BND,12,2022-11-30,2022-11-30,9,0.54432925570624013,0.19377079616950546,0.16148859720848016,232.99518105153672,0.17263926209276517,0.10000000000000001,0.017263926209276519,0.34541218514102306,0.13324263135225151,164,1,False,-0.24948153507684795,0.284009387495401,0.90407821920537756,False,False,I6
2021-11-30,DBC,12,2022-11-30,2022-11-30,9,0.18048189401443593,0.5365776511846525,0.19695515234440222,2.559547922699533,0.4165621407214371,0.10000000000000001,0.041656214072143712,0.64662084852138257,0.13371278831113617,178,1,False,-0.59194192852774097,0.67525435667202838,0.39997717886815654,False,False,I6
2021-11-30,GLD,12,2022-11-30,2022-11-30,9,0.4383837436672865,0.33690954720775007,0.069882548561483931,75.431200633546069,0.14453348951591066,0.10000000000000001,0.014453348951591068,0.27956327012954124,0.041879576576136585,193,1,False,-0.20771595144414964,0.23662264934733176,0.9185557371677644,False,False,I6
2021-11-30,VDE,12,2022-11-30,2022-11-30,9,-0.30430638405536792,0.40234459804343176,0.24635799122259983,0.56898660290182934,0.33544433717933669,0.10000000000000001,0.033544433717933669,0.57111535260884627,0.076496684765381698,194,1,False,-0.67219716332580781,0.73928603076167521,0.034768198691957894,False,False,I6
2021-11-30,VMBS,12,2022-11-30,2022-11-30,9,0.53186111981848638,0.10711356707966524,0.18373424321139462,16.768329368110066,0.17591220945081254,0.10000000000000001,0.017591220945081254,0.10208776736887752,0.18035935040069828,132,1,False,,,,True,True,I6
2021-11-30,VOO,12,2022-11-30,2022-11-30,9,0.52716407262989484,0.069986951099100428,0.12363118535640898,232.99518105153672,0.096809068227754702,0.10000000000000001,0.0096809068227754706,0.5,0.058774399916890228,123,1,False,,,,True,True,I6
2021-11-30,VWO,12,2022-11-30,2022-11-30,9,0.59915317254100608,0.17417146801706215,0.24008618342481072,10000,0.22283614497635781,0.10000000000000001,0.022283614497635783,0.26170238833231896,0.040354379107598704,189,1,False,-0.2604892629696175,0.30505649196488904,0.66028923273496642,False,False,I6
2021-11-30,VXUS,12,2022-11-30,2022-11-30,9,0.54542807925078562,0.16717382689107135,0.26705835147731694,719.68567300115137,0.21711608918419414,0.10000000000000001,0.021711608918419417,0.5,0.14844100603224794,118,1,False,,,,True,True,I6
2021-12-31,BND,12,2022-12-30,2022-12-30,9,0.39927313988453361,0.19695965051584319,0.10582346842285152,232.99518105153672,0.13618152608307593,0.10000000000000001,0.013618152608307593,0.33310653313574506,0.13319067029602955,165,1,False,-0.25028850296140503,0.27752480817802017,0.8882035033672131,False,False,I6
2021-12-31,DBC,12,2022-12-30,2022-12-30,9,0.074762083907343069,0.49536802438049138,0.17748880629388325,2.559547922699533,0.38096591368091914,0.10000000000000001,0.038096591368091917,0.64010824177753367,0.13124757781004281,179,1,False,-0.58164098761121485,0.65783417034739877,0.42060299660443895,False,False,I6
2021-12-31,GLD,12,2022-12-30,2022-12-30,9,0.27582313620810639,0.3564336519114164,-0.03202555853190818,75.431200633546069,0.075495138866372213,0.10000000000000001,0.0075495138866372219,0.27678761246405675,0.04242419047994038,194,1,False,-0.21267429999396908,0.22777332776724352,0.75067219749139691,False,False,I6
2021-12-31,VDE,12,2022-12-30,2022-12-30,9,-0.36116328676641607,0.35698911906223685,0.26468734690223666,0.56898660290182934,0.3174127473715912,0.10000000000000001,0.031741274737159118,0.57122847411811251,0.073765338571164907,195,1,False,-0.66796890739379622,0.73145145686811452,0.041259202951289702,False,False,I6
2021-12-31,VMBS,12,2022-12-30,2022-12-30,9,0.38711558864300122,0.14571801743207066,0.13354351525697364,16.768329368110066,0.13455458644027762,0.10000000000000001,0.013455458644027763,0.083048256820894104,0.17989678076394103,133,1,False,-0.13731982331027109,0.1642307405983266,,False,True,I6
2021-12-31,VOO,12,2022-12-30,2022-12-30,9,0.45006588228211231,0.048807435759733134,0.096146173960369952,232.99518105153672,0.072476804860051536,0.10000000000000001,0.0072476804860051539,0.5,0.056835554439344224,124,1,False,,,,True,True,I6
2021-12-31,VWO,12,2022-12-30,2022-12-30,9,0.44830508150432535,0.17269091292056332,0.13814656669341208,10000,0.14707247957228686,0.10000000000000001,0.014707247957228687,0.25838997849839684,0.04063493535721472,190,1,False,-0.26444167736520358,0.2938561732796609,0.80056539418538053,False,False,I6
2021-12-31,VXUS,12,2022-12-30,2022-12-30,9,0.42915098003881602,0.1511850606475261,0.23012618702474591,719.68567300115137,0.19065562383613599,0.10000000000000001,0.0190655623836136,0.5,0.14733271647738094,119,1,False,,,,True,True,I6
2022-01-31,BND,12,2023-01-31,2023-01-31,9,0.33225315241700326,0.24616490760871795,0.10283545079536742,232.99518105153672,0.14711760689900252,0.10000000000000001,0.014711760689900252,0.30895363094343636,0.13419870350530577,166,1,False,-0.26610725211887237,0.29553077349867291,0.89762341016677871,False,False,I6
2022-01-31,DBC,12,2023-01-31,2023-01-31,9,0.13111208035458222,0.38880513522669691,0.14818117140457532,2.559547922699533,0.30162084361601421,0.10000000000000001,0.030162084361601421,0.63767411098284199,0.12940724294741554,180,1,False,-0.54266015293531877,0.60298432165852156,0.47154401937387103,False,False,I6
2022-01-31,GLD,12,2023-01-31,2023-01-31,9,0.17399349453906687,0.42217356681570484,-0.050504213855268668,75.431200633546069,0.074691064220897566,0.10000000000000001,0.0074691064220897569,0.26486389501628271,0.043758494049118531,195,1,False,-0.21984390174841548,0.23478211459259499,0.75536366783623043,False,False,I6
2022-01-31,VDE,12,2023-01-31,2023-01-31,9,-0.20478660889050992,0.22644480654441174,0.20830009620600798,0.56898660290182934,0.21869335968966969,0.10000000000000001,0.021869335968966969,0.57279853410853931,0.070988601126600437,196,1,False,-0.67783066558258087,0.72156933752051489,0.15071689049629977,False,False,I6
2022-01-31,VMBS,12,2023-01-31,2023-01-31,9,0.31894443453514831,0.24651868504308316,0.1632751536926848,16.768329368110066,0.16719970951455243,0.10000000000000001,0.016719970951455245,0.047145474948052282,0.18078393517030117,134,1,False,-0.32148783225755539,0.35492777416046584,,False,True,I6
2022-01-31,VOO,12,2023-01-31,2023-01-31,9,0.3135882376095287,0.099840239074132975,0.15187435927297499,232.99518105153672,0.12585729917355398,0.10000000000000001,0.012585729917355399,0.5,0.056861196273050953,125,1,False,,,,True,True,I6
2022-01-31,VWO,12,2023-01-31,2023-01-31,9,0.31956968055435953,0.17477240597420776,0.23726210640940443,10000,0.22144798468508781,0.10000000000000001,0.022144798468508781,0.25306765137586512,0.042073800546286039,191,1,False,-0.25495865891488534,0.29924825585190296,0.71260710888419176,False,False,I6
2022-01-31,VXUS,12,2023-01-31,2023-01-31,9,0.28493878981007137,0.17529418863415847,0.25496069423217615,719.68567300115137,0.21512744143316731,0.10000000000000001,0.021512744143316734,0.5,0.14805922772222321,120,1,False,,,,True,True,I6
2022-02-28,BND,12,2023-02-28,2023-02-28,9,0.41951668040198753,0.24898831462941737,0.20894225694143037,232.99518105153672,0.22047636645152136,0.10000000000000001,0.022047636645152136,0.28802109810551957,0.135222152937016,167,1,False,-0.26771853070530588,0.31181380399561015,0.93246567638008171,False,False,I6
2022-02-28,DBC,12,2023-02-28,2023-02-28,9,0.31222753087196797,0.43307608640611173,0.16527211281707915,2.559547922699533,0.33534734346717932,0.10000000000000001,0.033534734346717936,0.63507358897928334,0.12796636014575707,181,1,False,-0.5391208802024251,0.60619034889586099,0.39384526663999664,False,False,I6
2022-02-28,GLD,12,2023-02-28,2023-02-28,9,0.37323383727720105,0.44194933615076809,0.22346473915081036,75.431200633546069,0.27901743905790433,0.10000000000000001,0.027901743905790435,0.25426369030080725,0.044455553057720962,196,1,False,-0.19858542213444275,0.25438890994602364,0.99546823466553647,False,False,I6
2022-02-28,VDE,12,2023-02-28,2023-02-28,9,0.038341916919784946,0.30338632563823542,0.23517530573963896,0.56898660290182934,0.27442455141846622,0.10000000000000001,0.027442455141846622,0.57540916023797539,0.069499612614535661,197,1,False,-0.66809525409747028,0.72298016438116353,0.052638539617826628,False,False,I6
2022-02-28,VMBS,12,2023-02-28,2023-02-28,9,0.41302302664111368,0.28736800561349179,0.20164414809824824,16.768329368110066,0.20413053202325732,0.10000000000000001,0.020413053202325733,0.029004573488389213,0.18173035869469673,135,1,False,-0.34534028151086371,0.38616638791551516,,False,True,I6
2022-02-28,VOO,12,2023-02-28,2023-02-28,9,0.40665866915890525,0.090687081683784185,0.20255749209663726,232.99518105153672,0.14662228689021073,0.10000000000000001,0.014662228689021074,0.5,0.057240814923502498,126,1,False,,,,True,True,I6
2022-02-28,VWO,12,2023-02-28,2023-02-28,9,0.4781948285138482,0.1737487570188212,0.31298180608732373,10000,0.27852179966869056,0.10000000000000001,0.027852179966869058,0.24749875585701525,0.043554113877574317,192,1,False,-0.24748069940949957,0.3031850593432377,0.65734265613014942,False,False,I6
2022-02-28,VXUS,12,2023-02-28,2023-02-28,9,0.41639326796634912,0.16550869733583687,0.29229939659469723,719.68567300115137,0.22890404696526706,0.10000000000000001,0.022890404696526707,0.5,0.14894827848306666,121,1,False,,,,True,True,I6
2022-03-31,BND,12,2023-03-31,2023-03-31,10,0.26763679207342084,0.36094101892347225,0.26950123944192433,16.768329368110066,0.29417677575311041,0.10000000000000001,0.029417677575311042,0.26985559732419817,0.13620221432121168,168,1,False,-0.26235797143277462,0.32119332658339672,0.94565760853197023,False,False,I6
2022-03-31,DBC,12,2023-03-31,2023-03-31,10,0.35098508471451639,0.43727955317862732,0.21065477646175865,24.420530945486497,0.35546688289074929,0.10000000000000001,0.035546688289074931,0.63899503190646367,0.12522293357898406,182,1,False,-0.52787762351108636,0.59897100008923621,0.39340282951281286,False,False,I6
2022-03-31,GLD,12,2023-03-31,2023-03-31,10,0.22569283058054967,0.55621960132656545,0.19163435413141044,35.564803062231285,0.28026364364975415,0.10000000000000001,0.028026364364975416,0.24309620370048129,0.044859760300895078,197,1,False,-0.19413496174987752,0.25018769047982836,0.99542364248255666,False,False,I6
2022-03-31,VDE,12,2023-03-31,2023-03-31,10,0.15146005406469776,0.33791121026466298,0.32281122663533274,3.7275937203149381,0.33159425742204679,0.10000000000000001,0.033159425742204679,0.5816582985993346,0.067137402823042064,198,1,False,-0.63079164324404513,0.69711049472845443,0.051427570308927736,False,False,I6
2022-03-31,VMBS,12,2023-03-31,2023-03-31,10,0.26676836126396941,0.35903343109185387,0.24208424628069594,11.513953993264458,0.24554018963997587,0.10000000000000001,0.024554018963997587,0.029550811874921031,0.18267373589098265,136,1,False,-0.38004241025213448,0.4291504481801296,,False,True,I6
2022-03-31,VOO,12,2023-03-31,2023-03-31,10,0.31097375324502985,0.091224646374980622,0.15834485796586081,494.17133613238281,0.15536838004388118,0.10000000000000001,0.015536838004388119,0.044345478827185925,0.057494839591752438,127,1,False,,,,True,True,I6
2022-03-31,VWO,12,2023-03-31,2023-03-31,10,0.32047049200640876,0.19540423415652636,0.18198055103515667,1048.1131341546852,0.18533315022759467,0.10000000000000001,0.018533315022759466,0.24975255763456281,0.045068921383207013,193,1,False,-0.252856193463461,0.28992282350897991,0.77722001346667102,False,False,I6
2022-03-31,VXUS,12,2023-03-31,2023-03-31,10,0.27863324351775931,0.17259579847692746,0.20087113619691133,10000,0.1867334673369194,0.10000000000000001,0.018673346733691941,0.5,0.14994129015146782,122,1,False,,,,True,True,I6
2022-04-29,BND,12,2023-04-28,2023-04-28,10,0.27655871519628017,0.54062573278589232,0.34616581296979371,16.768329368110066,0.39787240121945733,0.10000000000000001,0.039787240121945733,0.26589843448749112,0.13641943938849568,169,1,False,-0.25195521002739124,0.33152969027128271,0.95385173644061805,False,False,I6
2022-04-29,DBC,12,2023-04-28,2023-04-28,10,0.41361159511479761,0.57210515273608897,0.32615591990329068,24.420530945486497,0.48303879264535449,0.10000000000000001,0.04830387926453545,0.6378668920212337,0.12207251715756276,183,1,False,-0.51415664702209041,0.6107644055511614,0.25373453233236803,False,False,I6
2022-04-29,GLD,12,2023-04-28,2023-04-28,10,0.2299308158389104,0.68980644453884943,0.37730566045235253,35.564803062231285,0.45434686116627698,0.10000000000000001,0.045434686116627702,0.24653122371878666,0.0447236839655673,198,1,False,-0.17669554030276277,0.26756491253601816,0.99950258041671869,False,False,I6
2022-04-29,VDE,12,2023-04-28,2023-04-28,10,0.11448163100002073,0.61730665812667862,0.54436756782401063,3.7275937203149381,0.58699904210856757,0.10000000000000001,0.05869990421085676,0.58448047689727656,0.064186906298181717,199,1,False,-0.60513036102993067,0.72253016945164428,0.0023700061693165625,False,False,I6
2022-04-29,VMBS,12,2023-04-28,2023-04-28,10,0.28148835344869405,0.56583765299047295,0.33718976448751681,11.513953993264458,0.34427498613080593,0.10000000000000001,0.034427498613080594,0.030987478999603961,0.18262790097893092,137,1,False,-0.37016893060305145,0.43902392782921262,,False,True,I6
2022-04-29,VOO,12,2023-04-28,2023-04-28,10,0.24830191540730784,0.1021563754823191,0.21020345808063007,494.17133613238281,0.1962655745835224,0.10000000000000001,0.019626557458352241,0.12899824004434099,0.057710357697778811,128,1,False,,,,True,True,I6
2022-04-29,VWO,12,2023-04-28,2023-04-28,10,0.31302188503809669,0.20428310482332235,0.26027645440873398,1048.1131341546852,0.24611154969339408,0.10000000000000001,0.02461115496933941,0.25297476968640487,0.046091761214146265,194,1,False,-0.24673913513432988,0.2959614450730087,0.7125582518273057,False,False,I6
2022-04-29,VXUS,12,2023-04-28,2023-04-28,10,0.23550758054611487,0.17242975273030339,0.2909096020850751,10000,0.23166967740768923,0.10000000000000001,0.023166967740768925,0.5,0.15028933420725046,123,1,False,,,,True,True,I6
2022-05-31,BND,12,2023-05-31,2023-05-31,10,0.10805056409431935,0.4687279935075287,0.29898778451717795,16.768329368110066,0.34454267829222085,0.10000000000000001,0.034454267829222084,0.26838009712614747,0.13745901512844708,170,1,False,-0.27396335469201905,0.34287189035046317,0.93478164497360283,False,False,I6
2022-05-31,DBC,12,2023-05-31,2023-05-31,10,0.27916291530505499,0.44211203861058668,0.19833829261604199,24.420530945486497,0.35312349968141143,0.10000000000000001,0.035312349968141143,0.63495437719873771,0.11966101884556506,184,1,False,-0.52714520382971131,0.59776990376599359,0.36256367199022999,False,False,I6
2022-05-31,GLD,12,2023-05-31,2023-05-31,10,0.024430413723501632,0.61943070000361222,0.21868790101817348,35.564803062231285,0.31969422493773059,0.10000000000000001,0.031969422493773061,0.25204775775204186,0.045848177242214412,199,1,False,-0.19534768544888387,0.25928653043643002,0.99522850901401327,False,False,I6
2022-05-31,VDE,12,2023-05-31,2023-05-31,10,0.14846788299499059,0.44650045232549368,0.26225871743502244,3.7275937203149381,0.37006232625840058,0.10000000000000001,0.03700623262584006,0.58512046083079738,0.061231596638622765,200,1,False,-0.60770888176884386,0.68172134702052389,0.039747202438124601,False,False,I6
2022-05-31,VMBS,12,2023-05-31,2023-05-31,10,0.11629330800548487,0.49625234783571359,0.26529145301054957,11.513953993264458,0.27426267225060025,0.10000000000000001,0.027426267225060027,0.038843022524838539,0.18355274240318042,138,1,False,-0.37717016199107201,0.43202269644119207,,False,True,I6
2022-05-31,VOO,12,2023-05-31,2023-05-31,10,0.043045211447875875,0.078378627149042285,0.14700151342569279,494.17133613238281,0.13363299191239136,0.10000000000000001,0.013363299191239138,0.19481141407265695,0.059086619193681952,129,1,False,,,,True,True,I6
2022-05-31,VWO,12,2023-05-31,2023-05-31,10,0.11007986207080234,0.18126281660028568,0.21411201039572644,1048.1131341546852,0.20560466741482364,0.10000000000000001,0.020560466741482365,0.25898178913856862,0.047993169427299982,195,1,False,-0.25652761487972281,0.29764854836268756,0.76605968789690682,False,False,I6
2022-05-31,VXUS,12,2023-05-31,2023-05-31,10,0.063702335441275126,0.17103525494845456,0.13376284769363805,10000,0.15239905132104631,0.10000000000000001,0.015239905132104631,0.5,0.15196953665440727,124,1,False,,,,True,True,I6
2022-06-30,BND,12,2023-06-30,2023-06-30,10,0.14656525199238801,0.5597847449807134,0.33686379639615449,16.768329368110066,0.39601963365629395,0.10000000000000001,0.039601963365629399,0.26536688290513133,0.13856256191685681,171,1,False,-0.29238940428085164,0.37159333101211039,0.93546521536205562,False,False,I6
2022-06-30,DBC,12,2023-06-30,2023-06-30,10,0.32044445293059887,0.44272447546842314,0.17476233493616555,24.420530945486497,0.34516133105606595,0.10000000000000001,0.034516133105606597,0.63590698216335373,0.11772536683131933,185,1,False,-0.49476958783049069,0.56380185404170391,0.35622704085264933,False,False,I6
2022-06-30,GLD,12,2023-06-30,2023-06-30,10,0.096753982139087258,0.69335116315386802,0.31222170604088273,35.564803062231285,0.40628694097636253,0.10000000000000001,0.040628694097636253,0.24680651988438213,0.046615027284441245,200,1,False,-0.1866735915918569,0.26793097978712943,0.99895791201396311,False,False,I6
2022-06-30,VDE,12,2023-06-30,2023-06-30,10,-0.037614589986349367,0.45621190207195905,0.28462129794956603,3.7275937203149381,0.38553360048245761,0.10000000000000001,0.038553360048245763,0.58809923217539561,0.060362375525084833,201,1,False,-0.58022514965650973,0.65733186975300117,0.040027921849687134,False,False,I6
2022-06-30,VMBS,12,2023-06-30,2023-06-30,10,0.14664250424185288,0.59628159483080412,0.32836392096099742,11.513953993264458,0.33982881268987319,0.10000000000000001,0.033982881268987318,0.042792592079785918,0.1845277498671847,139,1,False,-0.37061354794714474,0.43857931048511933,,False,True,I6
2022-06-30,VOO,12,2023-06-30,2023-06-30,10,-0.010518595656378249,0.087003543944384781,0.12799752350087296,494.17133613238281,0.11814520944877141,0.10000000000000001,0.011814520944877142,0.24033563363921348,0.060885224616613914,130,1,False,-0.30442548283672755,0.32805452472648178,,False,True,I6
2022-06-30,VWO,12,2023-06-30,2023-06-30,10,0.14598284910614523,0.18100928144937931,0.2094753355387208,1048.1131341546852,0.20196676233229319,0.10000000000000001,0.020196676233229321,0.26377288481437328,0.049912233922291147,196,1,False,-0.273289184830947,0.31368253729740558,0.77585783370784589,False,False,I6
2022-06-30,VXUS,12,2023-06-30,2023-06-30,10,0.042626485851840368,0.17146461665448967,0.17343636973232826,10000,0.17245049319340897,0.10000000000000001,0.017245049319340896,0.5,0.15398166051581808,125,1,False,,,,True,True,I6
2022-07-29,BND,12,2023-07-31,2023-07-31,10,0.12339257741094978,0.56791157946328741,0.3068372449728492,16.768329368110066,0.37715142018164449,0.050000000000000003,0.018857571009082225,0.26932626428420742,0.13964806709243521,172,1,False,-0.30860817350075986,0.34632331551892426,0.93026675678162918,False,False,I6
2022-07-29,DBC,12,2023-07-31,2023-07-31,10,0.14296877035652833,0.33773017265180161,0.17169177059652493,24.420530945486497,0.2768294016682572,0.050000000000000003,0.013841470083412862,0.6332127373565688,0.1165158862482123,186,1,False,-0.50186327845803158,0.52954621862485729,0.40100597441070651,False,False,I6
2022-07-29,GLD,12,2023-07-31,2023-07-31,10,-0.018219048276125749,0.65459143967700262,0.3498495376856513,35.564803062231285,0.42814642442366668,0.050000000000000003,0.021407321221183336,0.25692852287913298,0.04770360456278145,201,1,False,-0.21922842924420524,0.26204307168657193,0.99928002892403467,False,False,I6
2022-07-29,VDE,12,2023-07-31,2023-07-31,10,-0.047166255550594727,0.3584906794548553,0.23922167942257724,3.7275937203149381,0.30931080562804741,0.050000000000000003,0.015465540281402372,0.5876558551383998,0.057967553717980819,202,1,False,-0.60320915567553401,0.63414023623833871,0.074925525290580955,False,False,I6
2022-07-29,VMBS,12,2023-07-31,2023-07-31,10,0.13310327308889702,0.61898656712323696,0.28164800184894079,11.513953993264458,0.29813605881983457,0.050000000000000003,0.014906802940991729,0.048876881175702595,0.18535043463252657,140,1,False,-0.38968962627514031,0.41950323215712376,,False,True,I6
2022-07-29,VOO,12,2023-07-31,2023-07-31,10,-0.037503012772067468,0.075082337832171039,0.10239618023609719,494.17133613238281,0.095427434685998319,0.050000000000000003,0.004771371734299916,0.25513603860792444,0.062548752764088209,131,1,False,-0.31146863204730474,0.32101137551590458,,False,True,I6
2022-07-29,VWO,12,2023-07-31,2023-07-31,10,0.011446575603322851,0.16368178446293274,0.20250867779070383,1048.1131341546852,0.19194841020208506,0.050000000000000003,0.0095974205101042528,0.27198332607943976,0.051686410280701651,197,1,False,-0.30626017062634159,0.32545501164655011,0.79033189223060241,False,False,I6
2022-07-29,VXUS,12,2023-07-31,2023-07-31,10,-0.033009344949585184,0.17039428567745621,0.12202876317651301,10000,0.1462115244269846,0.050000000000000003,0.0073105762213492298,0.5,0.15577630256880462,126,1,False,,,,True,True,I6
2022-08-31,BND,12,2023-08-31,2023-08-31,10,0.089717535598054843,0.61416699033001243,0.28369578688158376,16.768329368110066,0.37586721730426143,0.050000000000000003,0.018793360865213073,0.27890911359561588,0.14125805666190494,173,1,False,-0.38636334056226995,0.42395006229269605,0.93139264049907522,False,False,I6
2022-08-31,DBC,12,2023-08-31,2023-08-31,10,0.14043258453905505,0.42881010854541252,0.13250700533692961,24.420530945486497,0.31877446808369148,0.050000000000000003,0.015938723404184573,0.628638244857333,0.11546958137315243,187,1,False,-0.47949717311015821,0.5113746199185274,0.32687205549098752,False,False,I6
2022-08-31,GLD,12,2023-08-31,2023-08-31,10,-0.035489720865182983,0.66162577452654414,0.33478668809078932,35.564803062231285,0.42414083530348201,0.050000000000000003,0.021207041765174101,0.27338880483089528,0.049236601155543513,202,1,False,-0.24518125803736121,0.28759534156770938,0.99927440996348005,False,False,I6
2022-08-31,VDE,12,2023-08-31,2023-08-31,10,-0.031954940924395769,0.56427693044193661,0.23531422324249351,3.7275937203149381,0.42779106777803039,0.050000000000000003,0.021389553388901521,0.58510232413317986,0.055456335957606309,203,1,False,-0.59033927910573347,0.63311838588353642,0.017011076524101505,False,False,I6
2022-08-31,VMBS,12,2023-08-31,2023-08-31,10,0.099664090424120722,0.66251999943301898,0.25588840546378483,11.513953993264458,0.28013082619844387,0.050000000000000003,0.014006541309922195,0.059617651688159946,0.18685529846142537,141,1,False,-0.40134387412717165,0.42935695674701602,,False,True,I6
2022-08-31,VOO,12,2023-08-31,2023-08-31,10,-0.041172828646775406,0.10966979486605166,0.078571198679345117,494.17133613238281,0.087533486844015504,0.050000000000000003,0.0043766743422007752,0.28818947681315044,0.065066998415718974,132,1,False,-0.39367633597478235,0.40242968465918394,,False,True,I6
2022-08-31,VWO,12,2023-08-31,2023-08-31,10,0.064810289339266358,0.18617154732640492,0.15927261139517254,1048.1131341546852,0.16688825509535032,0.050000000000000003,0.0083444127547675166,0.28312063048320224,0.053809309288980936,198,1,False,-0.34553695564097814,0.36222578115051313,0.81898265071132181,False,False,I6
2022-08-31,VXUS,12,2023-08-31,2023-08-31,10,-0.026524070065749861,0.17265722571202416,0.085797420300657887,10000,0.12922732300634102,0.050000000000000003,0.006461366150317051,0.5,0.15841060825907671,127,1,False,,,,True,True,I6
