date,benchmark,horizon,available,target_end,fold,y_true,ridge,gbt,ridge_alpha,z,alpha,y_hat,ridge_weight,naive,n_mature_labels,base_prediction,shrinkage_warmup,lower,upper,probability,interval_warmup,calibration_warmup,candidate
2017-03-31,DBC,12,2018-03-30,2018-03-30,0,0.47065895671915436,0.29041857770839274,0.34933766575515102,0.0001,0.31987812173177188,1,0.31987812173177188,0.5,0.091057355415020275,122,1,True,,,,True,True,I3
2017-03-31,GLD,12,2018-03-30,2018-03-30,0,0.52747787860520257,0.23662026186003898,0.35420330248863646,0.0001,0.29541178217433772,1,0.29541178217433772,0.5,-0.028848926620702438,137,0,True,,,,True,True,I3
2017-03-31,VDE,12,2018-03-30,2018-03-30,0,0.60167260221895191,0.019439923812890548,0.09607125942833869,0.0001,0.057755591620614617,1,0.057755591620614617,0.5,-0.0062036152532930471,138,1,True,,,,True,True,I3
2017-03-31,VWO,12,2018-03-30,2018-03-30,0,0.37503614063376833,0.1483041727313642,0.21684434164109376,11.513953993264458,0.18257425718622899,1,0.18257425718622899,0.5,-0.018104246923608128,133,1,True,,,,True,True,I3
2017-04-28,DBC,12,2018-04-30,2018-04-30,0,0.38565738399792626,0.2383082753265206,0.24694795247988174,0.0001,0.24262811390320116,1,0.24262811390320116,0.5,0.092147494237362723,123,1,True,,,,True,True,I3
2017-04-28,GLD,12,2018-04-30,2018-04-30,0,0.52757310944432967,0.17268110850944193,0.27703989405611251,0.0001,0.22486050128277724,1,0.22486050128277724,0.5,-0.026730273945721292,138,0,True,,,,True,True,I3
2017-04-28,VDE,12,2018-04-30,2018-04-30,0,0.44654315032989933,-0.025767035395152925,0.050378994656269237,0.0001,0.012305979630558156,1,0.012305979630558156,0.5,-0.0045032059145441354,139,1,True,,,,True,True,I3
2017-04-28,VWO,12,2018-04-30,2018-04-30,0,0.3985199677876583,0.10398098784941226,0.15623973939518968,11.513953993264458,0.13011036362230097,1,0.13011036362230097,0.5,-0.017550223491696878,134,1,True,,,,True,True,I3
2017-05-31,DBC,12,2018-05-31,2018-05-31,0,0.29239467857000312,0.1901925761504713,0.2356173340657608,0.0001,0.21290495510811605,1,0.21290495510811605,0.5,0.093745037336521342,124,1,True,,,,True,True,I3
2017-05-31,GLD,12,2018-05-31,2018-05-31,0,0.48208026625661748,0.19015032587386904,0.28117573979990979,0.0001,0.23566303283688941,1,0.23566303283688941,0.5,-0.024722003077238406,139,0,True,,,,True,True,I3
2017-05-31,VDE,12,2018-05-31,2018-05-31,0,0.34309715293698262,-0.069400300988625568,-0.044768348764060453,0.0001,-0.057084324876343011,1,-0.057084324876343011,0.5,-0.002372886995785617,140,1,True,,,,True,True,I3
2017-05-31,VWO,12,2018-05-31,2018-05-31,0,0.37833225566591211,0.074078573007971688,0.1724308998968313,11.513953993264458,0.12325473645240149,1,0.12325473645240149,0.5,-0.017089848980199232,135,1,True,,,,True,True,I3
2017-06-30,DBC,12,2018-06-29,2018-06-29,0,0.14556366989676217,0.15165065896899721,0.23212363775052924,0.0001,0.19188714835976323,1,0.19188714835976323,0.5,0.096626854614394297,125,1,True,,,,True,True,I3
2017-06-30,GLD,12,2018-06-29,2018-06-29,0,0.36375500336965305,0.11979195482597083,0.32135717761435301,0.0001,0.22057456622016192,1,0.22057456622016192,0.5,-0.021116335897380229,140,0,True,,,,True,True,I3
2017-06-30,VDE,12,2018-06-29,2018-06-29,0,0.14479999492547369,-0.11205811285845893,-0.03905743897232955,0.0001,-0.07555777591539424,1,-0.07555777591539424,0.5,0.00075800933551472866,141,1,True,,,,True,True,I3
2017-06-30,VWO,12,2018-06-29,2018-06-29,0,0.30979365697759054,0.053972945522796738,0.18427693173126228,11.513953993264458,0.11912493862702951,1,0.11912493862702951,0.5,-0.015738718055435415,136,1,True,,,,True,True,I3
2017-07-31,DBC,12,2018-07-31,2018-07-31,0,0.14005649260725161,0.016212704378332998,0.23212363775052924,0.0001,0.12416817106443112,1,0.12416817106443112,0.5,0.099285210139624824,126,1,True,,,,True,True,I3
2017-07-31,GLD,12,2018-07-31,2018-07-31,0,0.33417110282924445,0.0041398078646283296,0.3107007544709165,0.0001,0.1574202811677724,1,0.1574202811677724,0.5,-0.017117128202502292,141,0,True,,,,True,True,I3
2017-07-31,VDE,12,2018-07-31,2018-07-31,0,0.093548624222365317,-0.1432891398691393,-0.03905743897232955,0.0001,-0.091173289420734424,1,-0.091173289420734424,0.5,0.0041531684449911928,142,1,True,,,,True,True,I3
2017-07-31,VWO,12,2018-07-31,2018-07-31,0,0.24989806627180067,0.10916571049040466,0.18427693173126228,11.513953993264458,0.14672132111083347,1,0.14672132111083347,0.5,-0.013505220226832907,137,1,True,,,,True,True,I3
2017-08-31,DBC,12,2018-08-31,2018-08-31,0,0.24874962439420445,-0.034371246213791964,0.21031126222834429,0.0001,0.087970008007276168,1,0.087970008007276168,0.5,0.10270435467928568,127,1,True,,,,True,True,I3
2017-08-31,GLD,12,2018-08-31,2018-08-31,0,0.49906755651499435,0.027456512834751957,0.26268168141080767,0.0001,0.14506909712277982,1,0.14506909712277982,0.5,-0.013092387666632654,142,0,True,,,,True,True,I3
2017-08-31,VDE,12,2018-08-31,2018-08-31,0,0.18262421223340985,-0.12113111761104212,-0.081558462068369031,0.0001,-0.10134478983970557,1,-0.10134478983970557,0.5,0.0084289543931342324,143,1,True,,,,True,True,I3
2017-08-31,VWO,12,2018-08-31,2018-08-31,0,0.44904419341247437,0.14398214064533457,0.053382441849067062,11.513953993264458,0.098682291247200821,1,0.098682291247200821,0.5,-0.011095342726639068,138,1,True,,,,True,True,I3
2017-09-29,DBC,12,2018-09-28,2018-09-28,1,0.33037436998459491,-0.057070681003855511,0.2027136858546596,0.0001,0.072821502425402043,1,0.072821502425402043,0.5,0.10611056524232158,128,1,True,,,,True,True,I3
2017-09-29,GLD,12,2018-09-28,2018-09-28,1,0.56980231331943076,0.0069851904608515501,0.14138735326536808,0.0001,0.074186271863109818,1,0.074186271863109818,0.5,-0.0088260315677825517,143,0,True,,,,True,True,I3
2017-09-29,VDE,12,2018-09-28,2018-09-28,1,0.34525654753105339,-0.21910629413304913,-0.066164036143809182,0.0001,-0.14263516513842917,1,-0.14263516513842917,0.5,0.01238053312517816,144,1,True,,,,True,True,I3
2017-09-29,VWO,12,2018-09-28,2018-09-28,1,0.53302225050603946,0.065713337674680641,0.16707925943557819,24.420530945486497,0.11639629855512942,1,0.11639629855512942,0.5,-0.0082930352067125609,139,1,True,,,,True,True,I3
2017-10-31,DBC,12,2018-10-31,2018-10-31,1,0.32536801103644741,-0.036713656174840986,0.20656641496915326,0.0001,0.084926379397156138,1,0.084926379397156138,0.5,0.10940746529211277,129,1,True,,,,True,True,I3
2017-10-31,GLD,12,2018-10-31,2018-10-31,1,0.45557367196928189,0.014029439118047233,0.16110794397912256,0.0001,0.087568691548584904,1,0.087568691548584904,0.5,-0.0046828281988241273,144,0,True,,,,True,True,I3
2017-10-31,VDE,12,2018-10-31,2018-10-31,1,0.39600417808574773,-0.17988543725869707,-0.12091452941832991,0.0001,-0.15039998333851348,1,-0.15039998333851348,0.5,0.016362789864668784,145,1,True,,,,True,True,I3
2017-10-31,VWO,12,2018-10-31,2018-10-31,1,0.56461523720199858,0.15022883815571472,0.16985425961923425,24.420530945486497,0.16004154888747449,1,0.16004154888747449,0.5,-0.0056749710009056818,140,1,True,,,,True,True,I3
2017-11-30,DBC,12,2018-11-30,2018-11-30,1,0.37467213225199913,-0.077483412090372156,0.20656641496915326,0.0001,0.064541501439390553,1,0.064541501439390553,0.5,0.11227799041277002,130,1,True,,,,True,True,I3
2017-11-30,GLD,12,2018-11-30,2018-11-30,1,0.36014917861756079,0.024002995868848517,0.17340317590927537,0.0001,0.098703085889061945,1,0.098703085889061945,0.5,-0.0012600586896204867,145,0,True,,,,True,True,I3
2017-11-30,VDE,12,2018-11-30,2018-11-30,1,0.31481986161565756,-0.22629431744212761,-0.11257963698498998,0.0001,-0.1694369772135588,1,-0.1694369772135588,0.5,0.020527805890095983,146,1,True,,,,True,True,I3
2017-11-30,VWO,12,2018-11-30,2018-11-30,1,0.41284791543451593,0.1064705438637141,0.17643311920042862,24.420530945486497,0.14145183153207136,1,0.14145183153207136,0.5,-0.0036583954641684008,141,1,True,,,,True,True,I3
2017-12-29,DBC,12,2018-12-31,2018-12-31,1,0.19976857810733384,-0.072417914014414275,0.081526082855962106,0.0001,0.0045540844207739156,1,0.0045540844207739156,0.5,0.11574373692584607,131,1,True,,,,True,True,I3
2017-12-29,GLD,12,2018-12-31,2018-12-31,1,0.10179796307741673,0.02078828634229227,0.16777140176028435,0.0001,0.094279844051288308,1,0.094279844051288308,0.5,0.0020828964524007613,146,1,True,,,,True,True,I3
2017-12-29,VDE,12,2018-12-31,2018-12-31,1,0.28487077979494302,-0.2291043049288056,-0.086053427415890893,0.0001,-0.15757886617234823,1,-0.15757886617234823,0.5,0.024741260631935651,147,1,True,,,,True,True,I3
2017-12-29,VWO,12,2018-12-31,2018-12-31,1,0.22717290767786691,0.13464992528611067,0.18596340660291602,24.420530945486497,0.16030666594451334,1,0.16030666594451334,0.5,-0.0015178487494380743,142,1,True,,,,True,True,I3
2018-01-31,DBC,12,2019-01-31,2019-01-31,1,0.30240598309129607,-0.060293575760828666,0.081526082855962106,0.0001,0.01061625354756672,1,0.01061625354756672,0.5,0.11769649073657422,132,1,True,,,,True,True,I3
2018-01-31,GLD,12,2019-01-31,2019-01-31,1,0.25606416787652231,0.10453408180361413,0.16777140176028435,0.0001,0.13615274178194925,1,0.13615274178194925,0.5,0.0043835289017340948,147,1,True,,,,True,True,I3
2018-01-31,VDE,12,2019-01-31,2019-01-31,1,0.39016007191139157,-0.21526770198852005,-0.10602999870576449,0.0001,-0.16064885034714227,1,-0.16064885034714227,0.5,0.027329854299227824,148,1,True,,,,True,True,I3
2018-01-31,VWO,12,2019-01-31,2019-01-31,1,0.38960459652188717,0.15379628568573786,0.17929636110685776,24.420530945486497,0.16654632339629782,1,0.16654632339629782,0.5,-0.00084562610171288078,143,1,True,,,,True,True,I3
2018-02-28,DBC,12,2019-02-28,2019-02-28,1,0.33360798263323732,-0.17992670476199144,0.086017357453238658,0.0001,-0.046954673654376389,1,-0.046954673654376389,0.5,0.12007680228762276,133,1,True,,,,True,True,I3
2018-02-28,GLD,12,2019-02-28,2019-02-28,1,0.30521576996151289,0.0080101548987527339,0.17554128457405829,0.0001,0.091775719736405512,1,0.091775719736405512,0.5,0.0074239247047889921,148,1,True,,,,True,True,I3
2018-02-28,VDE,12,2019-02-28,2019-02-28,1,0.33178210058177693,-0.30471868075874992,-0.10379104197825123,0.0001,-0.20425486136850057,1,-0.20425486136850057,0.5,0.030598604581261266,149,1,True,,,,True,True,I3
2018-02-28,VWO,12,2019-02-28,2019-02-28,1,0.41708556820170184,0.091067112230293581,0.15885966164547646,24.420530945486497,0.12496338693788503,1,0.12496338693788503,0.5,0.00080132626751388484,144,1,True,,,,True,True,I3
2018-03-30,BND,12,2019-03-29,2019-03-29,2,0.18319165523390235,-0.3416326189091588,0.23549303157226242,0.0001,-0.05306979366844819,1,-0.05306979366844819,0.5,0.10767995605937761,120,1,True,,,,True,True,I3
2018-03-30,DBC,12,2019-03-29,2019-03-29,2,0.279994967808599,-0.49594931331204956,-0.035496575419371054,0.12648552168552957,-0.17906765455754897,1,-0.17906765455754897,0.31180415995624117,0.12269308702218644,134,1,True,,,,True,True,I3
2018-03-30,GLD,12,2019-03-29,2019-03-29,2,0.25841574998796812,-0.10291453875772526,0.12801943097561233,2.559547922699533,0.067528725372070234,1,0.067528725372070234,0.26193940057147724,0.010914219697409227,149,1,True,,,,True,True,I3
2018-03-30,VDE,12,2019-03-29,2019-03-29,2,0.23352437338928578,-0.37233268498437483,-0.10324658086954204,3.7275937203149381,-0.21892774166826232,1,-0.21892774166826232,0.4299038821765141,0.034405764565512545,150,1,True,,,,True,True,I3
2018-03-30,VWO,12,2019-03-29,2019-03-29,2,0.2994773793135197,0.049814400557574384,-0.17423954574775766,35.564803062231285,-0.10088194307931905,1,-0.10088194307931905,0.32741044680583176,0.0033822560217639215,145,1,True,,,,True,True,I3
2018-04-30,BND,12,2019-04-30,2019-04-30,2,0.24387982683483811,-0.30776270481985124,0.2136208683760617,0.0001,-0.04707091822189477,1,-0.04707091822189477,0.5,0.11152028640580616,121,1,True,,,,True,True,I3
2018-04-30,DBC,12,2019-04-30,2019-04-30,2,0.37018626720944037,-0.45263892588620019,-0.035496575419371054,0.12648552168552957,-0.19673450212973792,1,-0.19673450212973792,0.38652974585276112,0.12464097070348822,135,1,True,,,,True,True,I3
2018-04-30,GLD,12,2019-04-30,2019-04-30,2,0.33187020279838308,-0.085157832277558229,0.12801943097561233,2.559547922699533,0.063840656307511609,1,0.063840656307511609,0.30105825400282782,0.014358612295722028,150,1,True,,,,True,True,I3
2018-04-30,VDE,12,2019-04-30,2019-04-30,2,0.38974297519519818,-0.38694260264731156,-0.051321180545200407,3.7275937203149381,-0.19308051038237597,1,-0.19308051038237597,0.42237866983963251,0.037135151226203852,151,1,True,,,,True,True,I3
2018-04-30,VWO,12,2019-04-30,2019-04-30,2,0.32864429741064927,-0.011382711305955397,0.083794875256609697,35.564803062231285,0.048468950262377172,1,0.048468950262377172,0.37115802438435436,0.006088678705091965,146,1,True,,,,True,True,I3
2018-05-31,BND,12,2019-05-31,2019-05-31,2,0.25230967814280714,-0.29258083756884773,0.22229326249310705,0.0001,-0.035143787537870341,1,-0.035143787537870341,0.5,0.1147962577301722,122,1,True,,,,True,True,I3
2018-05-31,DBC,12,2019-05-31,2019-05-31,2,0.47158387570975435,-0.37912082461660229,-0.33148379230743769,0.12648552168552957,-0.34825475438327452,1,-0.34825475438327452,0.35205723914523418,0.12587445384956547,136,1,True,,,,True,True,I3
2018-05-31,GLD,12,2019-05-31,2019-05-31,2,0.32096994261439238,-0.063301653617259895,0.12801943097561233,2.559547922699533,0.06920452832175307,1,0.06920452832175307,0.30741464161682081,0.017456106692814045,151,1,True,,,,True,True,I3
2018-05-31,VDE,12,2019-05-31,2019-05-31,2,0.53392090374317036,-0.33832973529886934,-0.082125336546917616,3.7275937203149381,-0.19380716361170303,1,-0.19380716361170303,0.43590909293057023,0.039148059132195823,152,1,True,,,,True,True,I3
2018-05-31,VWO,12,2019-05-31,2019-05-31,2,0.39811576872586352,0.041608756740700491,-0.18315730073680897,35.564803062231285,-0.10438724525445327,1,-0.10438724525445327,0.35045351761013832,0.0086209479361179508,147,1,True,,,,True,True,I3
2018-06-29,BND,12,2019-06-28,2019-06-28,2,0.32525488226991373,-0.17938602598981629,0.2108258494399845,0.0001,0.015719911725084107,1,0.015719911725084107,0.5,0.11691527655673777,123,1,True,,,,True,True,I3
2018-06-29,DBC,12,2019-06-28,2019-06-28,2,0.50380167354446947,-0.30692046049589666,-0.15909882638088935,0.12648552168552957,-0.22729194268558917,1,-0.22729194268558917,0.46132027096686418,0.12601817075501948,137,1,True,-0.37807277767297165,-0.076511107698206682,,False,True,I3
2018-06-29,GLD,12,2019-06-28,2019-06-28,2,0.2822558264709949,-0.0016017578345441435,0.10336246420403787,2.559547922699533,0.077993178278505618,1,0.077993178278505618,0.24169460253044311,0.019734388907793256,152,1,True,-0.22471942988304683,0.38070578644005804,,False,True,I3
2018-06-29,VDE,12,2019-06-28,2019-06-28,2,0.57144662215586695,-0.28443614267565565,-0.036149178442895114,3.7275937203149381,-0.14096609210505073,1,-0.14096609210505073,0.4221603578184368,0.039838594660256473,153,1,True,-0.68488310270338804,0.40295091849328657,,False,True,I3
2018-06-29,VWO,12,2019-06-28,2019-06-28,2,0.36960477800932878,0.0044258312898445076,0.062573041893338455,35.564803062231285,0.044304508832085157,1,0.044304508832085157,0.31417729021992979,0.010655898672884651,148,1,True,-0.22410509533327216,0.31271411299744245,,False,True,I3
2018-07-31,BND,12,2019-07-31,2019-07-31,2,0.34095698300398514,-0.11650490998494038,0.12100623807974553,0.0001,0.0022506640474025744,1,0.0022506640474025744,0.5,0.11842684275461071,124,1,True,,,,True,True,I3
2018-07-31,DBC,12,2019-07-31,2019-07-31,2,0.51045962712081006,-0.25764633374684714,-0.22898028562028697,0.12648552168552957,-0.24157324335984409,1,-0.24157324335984409,0.43929870221243689,0.12611989772496318,138,1,True,-0.39235407834722658,-0.090792408372461608,,False,True,I3
2018-07-31,GLD,12,2019-07-31,2019-07-31,2,0.26674149548357828,0.05787813753565392,0.033530887030941627,2.559547922699533,0.037734720677385883,1,0.037734720677385883,0.17266153505220722,0.021789530828848498,153,1,True,-0.26497788748416656,0.3404473288389383,,False,True,I3
2018-07-31,VDE,12,2019-07-31,2019-07-31,2,0.61260756046757214,-0.26589735149306792,-0.036149178442895114,3.7275937203149381,-0.12840355299744616,1,-0.12840355299744616,0.4015456285452349,0.040187361085984447,154,1,True,-0.6723205635957834,0.41551345760089115,,False,True,I3
2018-07-31,VWO,12,2019-07-31,2019-07-31,2,0.41955721604267548,-0.0089475679554415037,0.0050017702294250198,35.564803062231285,0.00083547560233979709,1,0.00083547560233979709,0.29867328269417021,0.012261550804421,149,1,True,-0.26757412856301749,0.26924507976769713,,False,True,I3
2018-08-31,BND,12,2019-08-30,2019-08-30,2,0.064198619440442695,-0.19110719974028972,0.07046577316919457,0.0001,-0.060320713285547577,1,-0.060320713285547577,0.5,0.12095253930132978,125,1,True,,,,True,True,I3
2018-08-31,DBC,12,2019-08-30,2019-08-30,2,0.30423457584950087,-0.32051502747909444,-0.38205688966609064,0.12648552168552957,-0.36443520949938818,1,-0.36443520949938818,0.28633647960080622,0.12700212597438218,139,1,True,-0.52521482588631652,-0.2036555931124599,,False,True,I3
2018-08-31,GLD,12,2019-08-30,2019-08-30,2,-0.097982015931497468,-0.011801335698365802,-0.11079978381417627,2.559547922699533,-0.093050641129713452,1,-0.093050641129713452,0.17928707997219809,0.024888738787849442,154,1,True,-0.44704910052192798,0.26094781826250107,,False,True,I3
2018-08-31,VDE,12,2019-08-30,2019-08-30,2,0.41155227225647772,-0.3445900886302648,-0.24167198310901397,3.7275937203149381,-0.28340707724513747,1,-0.28340707724513747,0.4055175124410535,0.041106308512742031,155,1,True,-0.82732408784347478,0.26050993335319983,,False,True,I3
2018-08-31,VWO,12,2019-08-30,2019-08-30,2,0.18125198786956831,-0.024070701478221983,-0.25895438235466961,35.564803062231285,-0.16992052682685446,1,-0.16992052682685446,0.3790550931235121,0.015173435088474688,150,1,True,-0.52028242899212795,0.18044137533841906,,False,True,I3
2018-09-28,BND,12,2019-09-30,2019-09-30,3,0.026534338243338285,-0.0069077406555522747,0.12659311484448746,0.0001,0.059842687094467592,1,0.059842687094467592,0.5,0.12404482521258668,126,1,True,,,,True,True,I3
2018-09-28,DBC,12,2019-09-30,2019-09-30,3,0.27363691660789491,-0.44501188383214074,-0.53591801521209781,0.0001,-0.51552939511527462,1,-0.51552939511527462,0.22428212252928895,0.12845478486016942,140,1,True,-0.77308226267446756,-0.25797652755608175,,False,True,I3
2018-09-28,GLD,12,2019-09-30,2019-09-30,3,-0.12123094113022415,-0.10811005912591712,0.023619257128800135,0.0001,-0.0054676849439491051,1,-0.0054676849439491051,0.22080841911078875,0.028404310236440296,155,1,True,-0.50108372640026999,0.49014835651237182,,False,True,I3
2018-09-28,VDE,12,2019-09-30,2019-09-30,3,0.35917030605081779,0.044411760167737166,-0.23200804670132022,10000,-0.12305738754703478,1,-0.12305738754703478,0.39414924852290473,0.043055989532090187,156,1,True,-0.61895271420635367,0.37283793911228413,,False,True,I3
2018-09-28,VWO,12,2019-09-30,2019-09-30,3,0.12290814308480869,-0.020774724402912607,-0.091834406461681728,51.794746792312019,-0.064881082794892922,1,-0.064881082794892922,0.37930543573917735,0.018602897442233396,151,1,True,-0.48150703474580292,0.3517448691560171,,False,True,I3
2018-10-31,BND,12,2019-10-31,2019-10-31,3,-0.044970027020569736,0.040693400649310596,0.18439722257297295,0.0001,0.11254531161114177,1,0.11254531161114177,0.5,0.12650919257259957,127,1,True,,,,True,True,I3
2018-10-31,DBC,12,2019-10-31,2019-10-31,3,0.15503513422262616,-0.48661041484116363,-0.43300386491169146,0.0001,-0.44338441148529512,1,-0.44338441148529512,0.19364325044720976,0.12985133256354728,141,1,True,-0.70093727904448799,-0.18583154392610224,,False,True,I3
2018-10-31,GLD,12,2019-10-31,2019-10-31,3,-0.15435484531794885,-0.072791189840809234,0.090015936782210232,0.0001,0.051969984202516521,1,0.051969984202516521,0.23368726768201778,0.031142575375753392,156,1,True,-0.4436460572538044,0.54758602565883741,,False,True,I3
2018-10-31,VDE,12,2019-10-31,2019-10-31,3,0.18083508915665969,0.04355824571985803,-0.21797680231849792,10000,-0.11252208307424835,1,-0.11252208307424835,0.40321448324120557,0.045304067166189919,157,1,True,-0.65892624449850956,0.4338820783500128,,False,True,I3
2018-10-31,VWO,12,2019-10-31,2019-10-31,3,-0.092151583804990889,-0.056181420308276199,-0.020508692180516548,51.794746792312019,-0.03466500626519272,1,-0.03466500626519272,0.39683856064992323,0.022195083888021338,152,1,True,-0.45129095821610271,0.38196094568571731,,False,True,I3
2018-11-30,BND,12,2019-11-29,2019-11-29,3,0.039042058531810531,0.016254416630493054,0.21445267931220088,0.0001,0.11535354797134698,1,0.11535354797134698,0.5,0.12804610715521128,128,1,False,,,,True,True,I3
2018-11-30,DBC,12,2019-11-29,2019-11-29,3,0.1344779487203922,-0.50257414229447162,-0.24499433062751017,0.0001,-0.29060865306136141,1,-0.29060865306136141,0.17708811159792445,0.13157542270219832,142,1,False,-0.60073928387397002,0.019521977751247199,,False,True,I3
2018-11-30,GLD,12,2019-11-29,2019-11-29,3,-0.044588799162204928,-0.11117605720716095,0.21601365873406395,0.0001,0.13948218670642634,1,0.13948218670642634,0.23390549365978683,0.033238158835892297,157,1,False,-0.35613385474989456,0.6350982281627473,,False,True,I3
2018-11-30,VDE,12,2019-11-29,2019-11-29,3,0.26578350416994767,0.042368833481550509,-0.06504465572833458,10000,-0.02201149336448573,1,-0.02201149336448573,0.40063089543402136,0.047009863333591612,158,1,False,-0.56620485405459231,0.52218186732562089,,False,True,I3
2018-11-30,VWO,12,2019-11-29,2019-11-29,3,0.058774039863250138,-0.17538273757591144,0.038398319061358363,51.794746792312019,-0.045875226725316125,1,-0.045875226725316125,0.39420492681755481,0.024748370368717375,153,1,False,-0.46250117867622614,0.37075072522559388,,False,True,I3
2018-12-31,BND,12,2019-12-31,2019-12-31,3,0.16808142833752693,0.23779769594153152,0.3040781917106794,0.0001,0.27093794382610548,1,0.27093794382610548,0.5,0.12770934847872906,129,1,False,,,,True,True,I3
2018-12-31,DBC,12,2019-12-31,2019-12-31,3,0.13038522435403577,-0.3015586830912107,-0.17580643133961982,0.0001,-0.19780235025389886,1,-0.19780235025389886,0.1749147121256284,0.13205229791482165,143,1,False,-0.50793298106650742,0.11232828055870975,,False,True,I3
2018-12-31,GLD,12,2019-12-31,2019-12-31,3,0.085023369967341944,0.11330801230158502,0.29300149520593355,0.0001,0.25024390481301734,1,0.25024390481301734,0.23794736293066471,0.033672081647547515,158,1,False,-0.2453721366433036,0.74585994626933827,,False,True,I3
2018-12-31,VDE,12,2019-12-31,2019-12-31,3,0.16597824291517171,0.043241937026418133,-0.078703271190693203,10000,-0.030643075241502078,1,-0.030643075241502078,0.39411303364724859,0.048505843940266788,159,1,False,-0.57480880092243181,0.51352265043942757,,False,True,I3
2018-12-31,VWO,12,2019-12-31,2019-12-31,3,0.052040473187031644,-0.15218085843579418,0.11307429148147712,51.794746792312019,0.010387014718916458,1,0.010387014718916458,0.3871264207107275,0.026062815416179382,154,1,False,-0.40623893723199356,0.42701296666982647,,False,True,I3
2019-01-31,BND,12,2020-01-31,2020-01-31,3,0.22216296537778835,0.10035724937209678,0.16044266181034283,0.0001,0.13039995559121981,1,0.13039995559121981,0.5,0.12829651466291714,130,1,False,,,,True,True,I3
2019-01-31,DBC,12,2020-01-31,2020-01-31,3,0.37628354858669955,-0.39891545486203739,-0.31176843021315243,0.0001,-0.32811708472264439,1,-0.32811708472264439,0.187598539082208,0.13323530961743602,144,1,False,-0.63824771553525306,-0.017986453910035782,,False,True,I3
2019-01-31,GLD,12,2020-01-31,2020-01-31,3,0.11322884815065803,-0.023286521537516151,0.13964507409461527,0.0001,0.10076830735334925,1,0.10076830735334925,0.23860790530181983,0.035070774013767486,159,1,False,-0.39484773410297169,0.59638434880967017,,False,True,I3
2019-01-31,VDE,12,2020-01-31,2020-01-31,3,0.45599645995055615,0.04364954875702115,-0.13236782453544627,10000,-0.062834594018909076,1,-0.062834594018909076,0.39503617862199308,0.050641182865086273,160,1,False,-0.60963918824628605,0.48397000020846787,,False,True,I3
2019-01-31,VWO,12,2020-01-31,2020-01-31,3,0.26900786121740516,-0.16741946675774519,0.025735475784158149,51.794746792312019,-0.049905163977389005,1,-0.049905163977389005,0.39160602760727986,0.028408246262022652,155,1,False,-0.46653111592829899,0.36672078797352103,,False,True,I3
2019-02-28,BND,12,2020-02-28,2020-02-28,3,-0.066141668480855786,0.073393978835639667,0.028854667309875296,0.0001,0.05112432307275748,1,0.05112432307275748,0.5,0.12934770852833408,131,1,False,,,,True,True,I3
2019-02-28,DBC,12,2020-02-28,2020-02-28,3,0.18924844232417815,-0.31464471597202115,-0.39845892710452468,0.0001,-0.38272190317836041,1,-0.38272190317836041,0.18776080706988071,0.13461719012099327,145,1,False,-0.76328455946597407,-0.0021592468907467022,,False,True,I3
2019-02-28,GLD,12,2020-02-28,2020-02-28,3,-0.13386779198502574,-0.043139810244312488,0.045164119368782348,0.0001,0.024639748496735805,1,0.024639748496735805,0.23242873745227896,0.036759180238440846,160,1,False,-0.35399948701026301,0.40327898400373458,,False,True,I3
2019-02-28,VDE,12,2020-02-28,2020-02-28,3,0.33684617434551245,0.043573481556034993,-0.097383960897303806,10000,-0.042858135245871419,1,-0.042858135245871419,0.38682473732794981,0.052387399745314166,161,1,False,-0.58962936007298872,0.50391308958124581,,False,True,I3
2019-02-28,VWO,12,2020-02-28,2020-02-28,3,0.046877465816593578,-0.10877338800113459,0.033213969119124893,51.794746792312019,-0.022305617790126762,1,-0.022305617790126762,0.39101782042627958,0.030899767556507782,156,1,False,-0.42788366140768302,0.38327242582742954,,False,True,I3
2019-03-29,BND,12,2020-03-31,2020-03-31,4,-0.032514819764141611,0.40477791633000187,0.043688066485428584,0.0001,0.047238831498678725,1,0.047238831498678725,0.0098334666974951648,0.12975561721549747,132,1,False,,,,True,True,I3
2019-03-29,DBC,12,2020-03-31,2020-03-31,4,0.32696450514729725,-0.097885012217163614,-0.60285027950378978,0.39069399370546132,-0.51266659403852055,1,-0.51266659403852055,0.17859383864134074,0.13561292832433303,146,1,False,-0.97172921640466847,-0.053603971672372575,,False,True,I3
2019-03-29,GLD,12,2020-03-31,2020-03-31,4,-0.19132842711219089,0.17673911811357484,0.15906612212754978,0.0001,0.16298799975010969,1,0.16298799975010969,0.22191356947408039,0.038135929118872695,161,1,False,-0.214833216134866,0.54080921563508544,,False,True,I3
2019-03-29,VDE,12,2020-03-31,2020-03-31,4,0.62352246590522342,0.30381884888577088,-0.016701261401142604,0.39069399370546132,0.10286623686732756,1,0.10286623686732756,0.37304211009237248,0.053505529212252267,162,1,False,-0.44143341231961342,0.6471658860542685,,False,True,I3
2019-03-29,VWO,12,2020-03-31,2020-03-31,4,0.2557559392490345,0.14993294044767003,0.1292480040324761,11.513953993264458,0.13823979510594725,1,0.13823979510594725,0.43470237920897453,0.032610452981711675,157,1,False,-0.2672609904113758,0.54374058062327024,,False,True,I3
2019-04-30,BND,12,2020-04-30,2020-04-30,4,0.016217684933693244,0.41760549665605434,0.01655379343213453,0.0001,0.018899074175232462,1,0.018899074175232462,0.0058478264130161026,0.13061369397955266,133,1,False,,,,True,True,I3
2019-04-30,DBC,12,2020-04-30,2020-04-30,4,0.44839840021674415,-0.19836122768854847,-0.65923764181904176,0.39069399370546132,-0.57559412238905083,1,-0.57559412238905083,0.18148795830178457,0.13720866532355144,147,1,False,-1.1425148917282291,-0.0086733530498726008,,False,True,I3
2019-04-30,GLD,12,2020-04-30,2020-04-30,4,-0.21362062405442184,0.1769867240816464,-0.0046725737521050486,0.0001,0.035161970521437935,1,0.035161970521437935,0.21928161535666751,0.039949103647758569,162,1,False,-0.34195808568751784,0.41228202673039371,,False,True,I3
2019-04-30,VDE,12,2020-04-30,2020-04-30,4,0.59516159769530763,0.24216156468431377,-0.047590994232005468,0.39069399370546132,0.056551769321587578,1,0.056551769321587578,0.35941965083272848,0.055568335629325546,163,1,False,-0.49654390745973487,0.60964744610291,,False,True,I3
2019-04-30,VWO,12,2020-04-30,2020-04-30,4,0.29146617681293974,0.17094916341945768,0.015555775199349274,11.513953993264458,0.081926037498153664,1,0.081926037498153664,0.42711123722196986,0.03448408490847709,158,1,False,-0.32350852679039799,0.48736060178670537,,False,True,I3
2019-05-31,BND,12,2020-05-29,2020-05-29,4,-0.082795019407042592,0.34920443405321488,0.060911635767232152,0.0001,0.062294835894212336,0.75,0.046721126920659252,0.0047979003818474459,0.13152187296584561,134,1,False,,,,True,True,I3
2019-05-31,DBC,12,2020-05-29,2020-05-29,4,0.22386235181060787,-0.28584221106281843,-0.46283243763178344,0.39069399370546132,-0.42262029638743293,0.75,-0.31696522229057467,0.22719978398740381,0.13946795728562039,148,1,False,-1.1368038523836037,0.50287340780245426,,False,True,I3
2019-05-31,GLD,12,2020-05-29,2020-05-29,4,-0.30621221411009869,0.10218941917668302,0.082728533475228669,0.0001,0.086969127536497534,0.75,0.065226845652373147,0.21790344624201516,0.041673157874547742,163,1,False,-0.29063914987697237,0.42109284118171864,,False,True,I3
2019-05-31,VDE,12,2020-05-29,2020-05-29,4,0.33751808910318493,0.13010608836462928,-0.078484499129728158,0.39069399370546132,-0.0041151852521273151,0.75,-0.0030863889390954861,0.35653245321825755,0.058485119581239232,164,1,False,-0.5955701799684896,0.58939740209029856,,False,True,I3
2019-05-31,VWO,12,2020-05-29,2020-05-29,4,0.064069326609785482,0.17877949896127449,0.008215862593467297,11.513953993264458,0.087027849209789107,0.75,0.065270886907341827,0.46206793132839818,0.03677107663059901,159,1,False,-0.3570802025121953,0.48762197632687898,,False,True,I3
2019-06-28,BND,12,2020-06-30,2020-06-30,4,-0.08022559790571604,0.26420282389064942,0.30180319931402727,0.0001,0.3013793448212066,0.5,0.1506896724106033,0.011272613319631529,0.13295693229402389,135,1,False,-0.15884529813422629,0.46022464295543286,,False,True,I3
2019-06-28,DBC,12,2020-06-30,2020-06-30,4,0.23106238101376009,-0.44262175970964274,-0.53285110478887265,0.39069399370546132,-0.51032488680317667,0.5,-0.25516244340158833,0.24965512013764268,0.14191315001218985,149,1,False,-1.0750010734946174,0.5646761866914406,,False,True,I3
2019-06-28,GLD,12,2020-06-30,2020-06-30,4,-0.24111583229954725,-0.0060937594847270266,0.058217973320576155,0.0001,0.043976363961142489,0.5,0.021988181980571245,0.22144651898198106,0.043140125365989483,164,1,False,-0.33376109254020359,0.37773745650134605,,False,True,I3
2019-06-28,VDE,12,2020-06-30,2020-06-30,4,0.41395514865910266,-0.055827366891622057,-0.15459254813279533,0.39069399370546132,-0.1195835047476709,0.5,-0.059791752373835452,0.35446746459803818,0.061593977172600615,165,1,False,-0.78751981972870888,0.66793631498103789,,False,True,I3
2019-06-28,VWO,12,2020-06-30,2020-06-30,4,0.04999878666237767,0.11538700628580924,-0.0069349512926248818,11.513953993264458,0.049144366905226312,0.5,0.024572183452613156,0.45845667701886272,0.038851287264216092,160,1,False,-0.39742108487513478,0.44656545178036106,,False,True,I3
2019-07-31,BND,12,2020-07-31,2020-07-31,4,0.037934333665120556,0.27293162168599261,0.29885335230155485,0.0001,0.29810002667949387,0.40000000000000002,0.11924001067179756,0.029061548136324791,0.13448634443159713,136,1,False,-0.21946630828478497,0.45794632962838011,,False,True,I3
2019-07-31,DBC,12,2020-07-31,2020-07-31,4,0.29715519098146459,-0.42519464843511973,-0.56149706213304618,0.39069399370546132,-0.5238391498515278,0.40000000000000002,-0.20953565994061113,0.27628206471072364,0.14437012652624731,150,1,False,-1.02937429003364,0.61030297015241786,,False,True,I3
2019-07-31,GLD,12,2020-07-31,2020-07-31,4,-0.24238600965480162,0.027433738226167514,-0.027134039216393499,0.0001,-0.014268511790553232,0.40000000000000002,-0.0057074047162212933,0.23577151258144508,0.044495285184883972,165,1,False,-0.3613536901117867,0.34993888067934414,,False,True,I3
2019-07-31,VDE,12,2020-07-31,2020-07-31,4,0.53777947047071606,-0.057066617602141642,-0.075982581098851726,0.39069399370546132,-0.069280177980280036,0.40000000000000002,-0.027712071192112015,0.35432523010193995,0.064913336108112507,166,1,False,-0.76872318465713041,0.7132990422729063,,False,True,I3
2019-07-31,VWO,12,2020-07-31,2020-07-31,4,0.10425108896795821,0.14791133362802922,0.00081715869089943934,11.513953993264458,0.068568138513334251,0.40000000000000002,0.027427255405333702,0.4605959403313733,0.041215920362218952,161,1,False,-0.39622279524323611,0.4510773060539035,,False,True,I3
2019-08-30,BND,12,2020-08-31,2020-08-31,4,0.21749491758812711,0.432967904337626,0.14310056687229397,0.0001,0.15030556651349877,0.20000000000000001,0.030061113302699755,0.024856196990688931,0.13397329534407046,137,1,False,-0.30864520565388276,0.36876743225928232,,False,True,I3
2019-08-30,DBC,12,2020-08-31,2020-08-31,4,0.35183043404389835,-0.24849705676139922,-0.52240542999785511,0.39069399370546132,-0.43997278765223852,0.20000000000000001,-0.087994557530447715,0.30094969851270403,0.14542883148865296,151,1,False,-0.90783318762347665,0.73184407256258122,,False,True,I3
2019-08-30,GLD,12,2020-08-31,2020-08-31,4,-0.0027980169517127784,0.2381841638712961,0.1173741707305703,0.0001,0.14536688126836819,0.20000000000000001,0.029073376253673639,0.23170856822407496,0.043636988190206984,166,1,False,-0.2821868737796559,0.34033362628700314,,False,True,I3
2019-08-30,VDE,12,2020-08-31,2020-08-31,4,0.60501066259245251,0.1390278109365341,-0.14484444709627856,0.39069399370546132,-0.042703065690851076,0.20000000000000001,-0.0085406131381702156,0.35981459447023884,0.066989018360497934,167,1,False,-0.74955172660318858,0.73247050032684813,,False,True,I3
2019-08-30,VWO,12,2020-08-31,2020-08-31,4,0.12743934114692124,0.18279768235736588,0.041053532858944676,11.513953993264458,0.1098546735821876,0.20000000000000001,0.021970934716437521,0.48538963312915612,0.04208034053201741,162,1,False,-0.39488788262218644,0.43882975205506147,,False,True,I3
2019-09-30,BND,12,2020-09-30,2020-09-30,5,0.17248078960455238,0.52311365039473079,0.15581314180482239,11.513953993264458,0.16895509041457921,0.10000000000000001,0.01689550904145792,0.035779826878567809,0.13319475217667384,138,1,False,-0.32181080991512462,0.35560182799804047,,False,True,I3
2019-09-30,DBC,12,2020-09-30,2020-09-30,5,0.37786011689410159,0.093375437049364185,-0.029487443902531527,159.98587196060572,0.010576027557461615,0.10000000000000001,0.0010576027557461615,0.32608279367695375,0.14627230573285854,152,1,False,-0.81878102733728275,0.82089623284877511,,False,True,I3
2019-09-30,GLD,12,2020-09-30,2020-09-30,5,0.0036457750638938524,0.37335021486325992,0.20050978765991115,16.768329368110066,0.24331179970178377,0.10000000000000001,0.024331179970178377,0.2476388929050469,0.042649755080503796,167,1,False,-0.28647919417516277,0.33514155411551949,,False,True,I3
2019-09-30,VDE,12,2020-09-30,2020-09-30,5,0.70249939518136306,0.13743580493759952,0.094459082097814992,10000,0.11078565307543575,0.10000000000000001,0.011078565307543576,0.37989334455504098,0.068728192691987933,168,1,False,-0.72993254815747477,0.75208967877256194,,False,True,I3
2019-09-30,VWO,12,2020-09-30,2020-09-30,5,0.16376790944535258,0.48301872252539446,0.19876058624965851,7.9060432109076855,0.33873748026143063,0.10000000000000001,0.033873748026143062,0.49242880378274123,0.042576216621298325,163,1,False,-0.38297281323944332,0.45072030929172946,,False,True,I3
2019-10-31,BND,12,2020-10-30,2020-10-30,5,0.30525661316088359,0.54021244345529618,0.15661149258709067,11.513953993264458,0.18171110667048998,0.050000000000000003,0.0090855553335245001,0.0654315742090609,0.13191299117525485,139,1,False,-0.32962076362305803,0.34779187429010705,,False,True,I3
2019-10-31,DBC,12,2020-10-30,2020-10-30,5,0.54989021586354037,0.11449717862929684,0.13133974158467659,159.98587196060572,0.12568443671115417,0.050000000000000003,0.0062842218355577094,0.33577460203086346,0.14632957912168054,153,1,False,-0.81355440825747127,0.82612285192858659,,False,True,I3
2019-10-31,GLD,12,2020-10-30,2020-10-30,5,0.13096689001480355,0.39852888803818598,0.28648724654706254,16.768329368110066,0.31675856181660483,0.050000000000000003,0.015837928090830244,0.27017914827622896,0.041477108649560591,168,1,False,-0.25912823073417746,0.29080408691583792,0.99999999998094657,False,False,I3
2019-10-31,VDE,12,2020-10-30,2020-10-30,5,0.85179949893217177,0.13784991558348164,0.12486004716754781,10000,0.13000194546467825,0.050000000000000003,0.0065000972732339127,0.39583913650912717,0.069391547108938648,169,1,False,-0.73451101619178449,0.74751121073825222,,False,True,I3
2019-10-31,VWO,12,2020-10-30,2020-10-30,5,0.29836486615086422,0.50567864515969063,0.30922045835196171,7.9060432109076855,0.40661714525694054,0.050000000000000003,0.02033085726284703,0.4957629330067051,0.041754705643089245,164,1,False,-0.39650467353700558,0.43716638806269958,0.99794363385824258,False,False,I3
2019-11-29,BND,12,2020-11-30,2020-11-30,5,0.18017459022830962,0.52458425923188801,0.13139762555499668,11.513953993264458,0.16821565471657016,0.050000000000000003,0.0084107827358285078,0.093640083380426897,0.13124962737065879,140,1,False,-0.33029553622075403,0.34711710169241106,,False,True,I3
2019-11-29,DBC,12,2020-11-30,2020-11-30,5,0.32319997361441788,0.08980698342358677,-0.00095958371339814759,159.98587196060572,0.029091748938274445,0.050000000000000003,0.0014545874469137224,0.33108371947480525,0.14625262048271112,154,1,False,-0.8183840426461152,0.82129321753994267,,False,True,I3
2019-11-29,GLD,12,2020-11-30,2020-11-30,5,0.036265478809484497,0.36087001579493055,0.18741893535944196,16.768329368110066,0.23856524283076191,0.050000000000000003,0.011928262141538096,0.29487453951226739,0.040967842922863748,169,1,False,-0.26270758181041542,0.28656410609349159,0.99521765002084939,False,False,I3
2019-11-29,VDE,12,2020-11-30,2020-11-30,5,0.53407790246370157,0.1372491162939472,0.13882990230821418,10000,0.13819163077402563,0.050000000000000003,0.0069095815387012821,0.40376845975861686,0.070546793915179887,170,1,False,-0.72145101182141713,0.73527017489881963,,False,True,I3
2019-11-29,VWO,12,2020-11-30,2020-11-30,5,0.06097014221903363,0.4438183467246154,0.30922045835196171,7.9060432109076855,0.37339390646372661,0.050000000000000003,0.018669695323186332,0.47677901107996173,0.041857853123211441,165,1,False,-0.38762574493939289,0.4249651355857656,0.99735748382025791,False,False,I3
2019-12-31,BND,12,2020-12-31,2020-12-31,5,0.3434085470576862,0.51514181591057129,0.20488462428596849,11.513953993264458,0.24024689319416759,0.050000000000000003,0.012012344659708379,0.11397727389663825,0.13151084581723232,141,1,False,-0.32669397429687419,0.35071866361629089,,False,True,I3
2019-12-31,DBC,12,2020-12-31,2020-12-31,5,0.50478673212564118,0.10816486661997245,0.052081653176645412,159.98587196060572,0.070657815423710191,0.050000000000000003,0.0035328907711855099,0.33122499775866576,0.14615025018510677,155,1,False,-0.81630573932184347,0.82337152086421439,,False,True,I3
2019-12-31,GLD,12,2020-12-31,2020-12-31,5,0.16582173486784968,0.37802502937522464,0.295921871499086,16.768329368110066,0.32185437791473404,0.050000000000000003,0.016092718895736702,0.31585272828080507,0.041226993081948916,170,1,False,-0.25824283880798587,0.2904282765994593,0.9993647318894654,False,False,I3
2019-12-31,VDE,12,2020-12-31,2020-12-31,5,0.74935936983992335,0.13726757718538818,0.038728694560060964,10000,0.079248674009190515,0.050000000000000003,0.0039624337004595259,0.41120802641123921,0.071104872564302646,171,1,False,-0.72436940847760223,0.73229427587852136,,False,True,I3
2019-12-31,VWO,12,2020-12-31,2020-12-31,5,0.27100690408994321,0.47632979679069698,0.24449298438706527,7.9060432109076855,0.35226361781725718,0.050000000000000003,0.017613180890862858,0.4648555693673076,0.041919194207933247,166,1,False,-0.3886039979195321,0.42383035970125776,0.99723780785358351,False,False,I3
2020-01-31,BND,12,2021-01-29,2021-01-29,5,0.087858199808682258,0.75553038386348004,0.15609736291802745,11.513953993264458,0.22634622427395867,0.050000000000000003,0.011317311213697934,0.11719217811046108,0.13214924102540526,142,1,False,-0.3273890077428846,0.35002363017028049,,False,True,I3
2020-01-31,DBC,12,2021-01-29,2021-01-29,5,0.093107292566140698,0.18888642119505089,0.046224807913034197,159.98587196060572,0.09463249797352323,0.050000000000000003,0.0047316248986761615,0.33931825770675689,0.14762546363639903,156,1,False,-0.78576826588405246,0.79523151568140482,,False,True,I3
2020-01-31,GLD,12,2021-01-29,2021-01-29,5,-0.020950909974939869,0.63936431794977067,0.27107352361082182,16.768329368110066,0.38476902656770551,0.050000000000000003,0.019238451328385277,0.30871122684713748,0.04164805656188289,171,1,False,-0.24363882700062936,0.28211572965739989,0.99989653526994715,False,False,I3
2020-01-31,VDE,12,2021-01-29,2021-01-29,5,0.34082324586337176,0.13908277706817027,0.030060785493091938,10000,0.076201667304076015,0.050000000000000003,0.0038100833652038009,0.42322545336377404,0.073342614351432023,172,1,False,-0.72449550773358895,0.73211567446399661,,False,True,I3
2020-01-31,VWO,12,2021-01-29,2021-01-29,5,-0.12225348264132929,0.5248498081412476,0.27992271877729297,7.9060432109076855,0.39038289525732967,0.050000000000000003,0.019519144762866484,0.45099207591486951,0.04327900658523548,167,1,False,-0.38157311083374368,0.42061140035947664,0.99802167190442259,False,False,I3
2020-02-28,BND,12,2021-02-26,2021-02-26,5,0.21997383717362973,0.61476495403959397,0.29119006079083659,11.513953993264458,0.33158391654491742,0.050000000000000003,0.01657919582724587,0.12483618660433869,0.13076259130857826,143,1,False,-0.29538672041856312,0.32854511207305487,,False,True,I3
2020-02-28,DBC,12,2021-02-26,2021-02-26,5,0.004714294641843253,0.13709202156120298,0.21777873735252787,159.98587196060572,0.18941528818763623,0.050000000000000003,0.0094707644093818127,0.35152563698646871,0.14789057815033393,157,1,False,-0.78097356057919864,0.79991508939796219,,False,True,I3
2020-02-28,GLD,12,2021-02-26,2021-02-26,5,0.14344664764972404,0.48433848696215032,0.3630899495079124,16.768329368110066,0.40204033029694825,0.050000000000000003,0.020102016514847415,0.32124412885175319,0.040627615581959001,172,1,False,-0.23408356738675676,0.27428760041645162,0.9999829922473602,False,False,I3
2020-02-28,VDE,12,2021-02-26,2021-02-26,5,0.090704378224087945,0.13736728466516257,0.1116927506872617,10000,0.12278154963516683,0.050000000000000003,0.0061390774817583413,0.43189874283403618,0.074865756316715729,173,1,False,-0.70754991620365559,0.71982807116717229,,False,True,I3
2020-02-28,VWO,12,2021-02-26,2021-02-26,5,-0.089900209563217759,0.47589328758322758,0.33766243941359042,7.9060432109076855,0.39851599329194548,0.050000000000000003,0.019925799664597274,0.44023135706781968,0.043300425985422129,168,1,False,-0.3811359170485224,0.42098751637771697,0.99828633088153007,False,False,I3
2020-03-31,BND,12,2021-03-31,2021-03-31,6,0.35247137873070922,0.16391688415873978,0.27498047757594513,10000,0.2626152166734384,0.050000000000000003,0.013130760833671921,0.11133496154817522,0.12962872039835105,144,1,False,-0.29864815958898483,0.32490968125632869,,False,True,I3
2020-03-31,DBC,12,2021-03-31,2021-03-31,6,-0.10806773469923003,0.15920573269743185,0.3206684951687877,339.32217718953228,0.25883847952246963,0.050000000000000003,0.012941923976123482,0.38293668893028482,0.14902395743512484,158,1,False,-0.82668917520969432,0.85257302316194128,,False,True,I3
2020-03-31,GLD,12,2021-03-31,2021-03-31,6,0.29479285902192309,0.20615416390575389,0.31184898715641712,75.431200633546069,0.27687793100551089,0.050000000000000003,0.013843896550275545,0.33086820220106444,0.039286829208004387,173,1,False,-0.26112226227473218,0.28881005537528331,0.98626430408454802,False,False,I3
2020-03-31,VDE,12,2021-03-31,2021-03-31,6,-0.60370949638658811,0.14798550328730256,0.20165786268171335,10000,0.17759804352564143,0.050000000000000003,0.0088799021762820726,0.44827206084361881,0.078018955797109463,174,1,False,-0.70475804033215206,0.72251784468471625,,False,True,I3
2020-03-31,VWO,12,2021-03-31,2021-03-31,6,-0.25033243416903539,0.50493600304548414,0.14877704784555146,1.2067926406393288,0.30654233299932793,0.050000000000000003,0.015327116649966397,0.44296312882323469,0.044557559199999722,169,1,False,-0.34568275958573969,0.37633699288567246,0.99669143752420808,False,False,I3
2020-04-30,BND,12,2021-04-30,2021-04-30,6,0.28026278190496012,0.16012906062088075,0.21359565593122493,10000,0.20863476172142029,0.050000000000000003,0.010431738086071014,0.092784928253040827,0.12884657532618099,145,1,False,-0.3011869002024552,0.32205037637459721,,False,True,I3
2020-04-30,DBC,12,2021-04-30,2021-04-30,6,-0.39734772623779646,0.097955296148987264,0.17173882051031045,339.32217718953228,0.1414222514155335,0.050000000000000003,0.0070711125707766751,0.41088534814784067,0.15090681556582683,159,1,False,-1.0169214100350181,1.0310636351765716,,False,True,I3
2020-04-30,GLD,12,2021-04-30,2021-04-30,6,0.25791543165694009,0.042238520350736289,0.26444124425561599,75.431200633546069,0.19228260582057588,0.050000000000000003,0.0096141302910287951,0.32474236664141759,0.037833338097300794,174,1,False,-0.26508523575189674,0.28431349633395436,0.950005422462875,False,False,I3
2020-04-30,VDE,12,2021-04-30,2021-04-30,6,-0.28197346257854061,0.14341456817282025,0.14918708240246858,10000,0.14651890602086992,0.050000000000000003,0.0073259453010434961,0.46222084094562699,0.080974056607956327,175,1,False,-0.6896472539804912,0.70429914458257814,,False,True,I3
2020-04-30,VWO,12,2021-04-30,2021-04-30,6,-0.26562412359153509,0.23225770762854658,-0.10865842936101444,1.2067926406393288,0.047010738480050773,0.050000000000000003,0.0023505369240025388,0.45662012134624141,0.046009962833017011,170,1,False,-0.35828097925250024,0.36298205310050535,0.97153851556762605,False,False,I3
2020-05-29,BND,12,2021-05-31,2021-05-31,6,0.3475299917372171,0.16254783783264729,0.17971769398347626,10000,0.17811362679130566,0.050000000000000003,0.0089056813395652825,0.093423449682959431,0.12739697536225483,146,1,False,-0.28452296044891384,0.30233432312804437,,False,True,I3
2020-05-29,DBC,12,2021-05-31,2021-05-31,6,-0.2396174643741904,0.13910552712970406,0.30817485828444857,339.32217718953228,0.23677432782006091,0.050000000000000003,0.011838716391003047,0.42231509391278482,0.15136278766735675,160,1,False,-1.0121538062147919,1.0358312389967979,,False,True,I3
2020-05-29,GLD,12,2021-05-31,2021-05-31,6,0.24436949645985129,0.13654436393166056,0.26542987197162438,75.431200633546069,0.22237885721881193,0.050000000000000003,0.011118942860940596,0.33402525549624662,0.035867363513258518,175,1,False,-0.34292662282313852,0.36516450854501975,0.96170259063211405,False,False,I3
2020-05-29,VDE,12,2021-05-31,2021-05-31,6,-0.14271143809900066,0.14685432804037951,0.18943839623410019,10000,0.1693601980190228,0.050000000000000003,0.0084680099009511404,0.4714955396872591,0.082431693156224617,176,1,False,-0.68843060235169773,0.70536662215359991,,False,True,I3
2020-05-29,VWO,12,2021-05-31,2021-05-31,6,-0.133684428711772,0.46100935783385011,0.090292316867435399,1.2067926406393288,0.25812352650288861,0.050000000000000003,0.012906176325144431,0.452720514810804,0.046115573147501046,171,1,False,-0.3376358619581622,0.36344821460845111,0.99587279833470788,False,False,I3
2020-06-30,BND,12,2021-06-30,2021-06-30,6,0.31375186791026655,0.16570124838501396,0.12909421767080409,10000,0.13363094055518585,0.050000000000000003,0.0066815470277592926,0.12393037063835731,0.12598457690464956,147,1,False,-0.2865922262149857,0.29995532027050431,,False,True,I3
2020-06-30,DBC,12,2021-06-30,2021-06-30,6,-0.27027779915218919,0.17660990226355261,0.30473397061321389,339.32217718953228,0.24963583222182534,0.050000000000000003,0.012481791611091267,0.43003737784083745,0.15185781619745867,161,1,False,-1.0115107309947036,1.0364743142168862,,False,True,I3
2020-06-30,GLD,12,2021-06-30,2021-06-30,6,0.30535558263290485,0.27864985385239838,0.26537230166006032,75.431200633546069,0.26995619052571218,0.050000000000000003,0.01349780952628561,0.34523598922827609,0.034293595355231202,176,1,False,-0.29837298635502785,0.32536860540759904,0.98558787120962377,False,False,I3
2020-06-30,VDE,12,2021-06-30,2021-06-30,6,-0.36784865665472921,0.1498500928615544,0.17840679116558528,10000,0.16480165005331232,0.050000000000000003,0.0082400825026656167,0.47642556458820545,0.084304707029122239,177,1,False,-0.68858927036601769,0.70506943537134892,,False,True,I3
2020-06-30,VWO,12,2021-06-30,2021-06-30,6,-0.10469191955871526,0.61447403954933599,0.12875978991782164,1.2067926406393288,0.34855568424805561,0.050000000000000003,0.017427784212402781,0.4525209925320936,0.046138149970261957,172,1,False,-0.333107820638117,0.36796338906292253,0.99837531522286016,False,False,I3
2020-07-31,BND,12,2021-07-30,2021-07-30,6,0.11455593640926376,0.164796201719698,0.22561106856167246,10000,0.21687611467754617,0.050000000000000003,0.010843805733877309,0.1436318837435559,0.12538964282870682,148,1,False,-0.28229331879204339,0.30398093025979805,,False,True,I3
2020-07-31,DBC,12,2021-07-30,2021-07-30,6,-0.40115685671524481,0.15484753838104481,0.33110985161055184,339.32217718953228,0.25373829489198502,0.050000000000000003,0.012686914744599251,0.43895688931429799,0.15275471357266857,162,1,False,-1.0113056078611957,1.036679437350394,,False,True,I3
2020-07-31,GLD,12,2021-07-30,2021-07-30,6,0.1899810314849627,0.23385552516669528,0.27433825650889176,75.431200633546069,0.26029880427594265,0.050000000000000003,0.013014940213797134,0.3468010128633624,0.032730433745005033,177,1,False,-0.29854005609097289,0.32456993651856714,0.98673392619795153,False,False,I3
2020-07-31,VDE,12,2021-07-30,2021-07-30,6,-0.39393603430280955,0.14865234755129178,0.25272270406701242,10000,0.20295973770657968,0.050000000000000003,0.010147986885328985,0.47816657909609123,0.086852318059692998,178,1,False,-0.58814251440590581,0.60843848817656387,,False,True,I3
2020-07-31,VWO,12,2021-07-30,2021-07-30,6,-0.10908555620120208,0.60563457230930196,0.14921875444039615,1.2067926406393288,0.35802039080795628,0.050000000000000003,0.017901019540397814,0.45748115685932084,0.046474062912445185,173,1,False,-0.31344860932361163,0.34925064840440723,0.99866931027091099,False,False,I3
2020-08-31,BND,12,2021-08-31,2021-08-31,6,0.090646608423477382,0.16548846375827955,0.13832387062682716,10000,0.1421836005388839,0.050000000000000003,0.0071091800269441957,0.14208679266349025,0.12600779903514586,149,1,False,-0.28092716554974251,0.29514552560363094,,False,True,I3
2020-08-31,DBC,12,2021-08-31,2021-08-31,6,-0.32449096926460919,0.14366563948648256,0.076970665095984825,339.32217718953228,0.10708105396298119,0.050000000000000003,0.00535405269814906,0.45146413417449771,0.15397603701114237,163,1,False,-1.0186384699076458,1.0293465753039439,,False,True,I3
2020-08-31,GLD,12,2021-08-31,2021-08-31,6,0.16949388435365409,0.227464443488474,0.13251981661162904,75.431200633546069,0.16503311240487578,0.050000000000000003,0.0082516556202437887,0.34244482139490162,0.032530835707383028,178,1,False,-0.26671450320476398,0.28321781444525151,0.85744916890103418,False,False,I3
2020-08-31,VDE,12,2021-08-31,2021-08-31,6,-0.38049347940138767,0.14907420159374771,0.018611915393815855,10000,0.08241881703725179,0.050000000000000003,0.00412094085186259,0.48908311744324828,0.089747057414624604,179,1,False,-0.69258374512568288,0.70082562682940797,,False,True,I3
2020-08-31,VWO,12,2021-08-31,2021-08-31,6,-0.072774963949761462,0.72782441090681216,0.20801653917913168,1.2067926406393288,0.44723647148120166,0.050000000000000003,0.022361823574060084,0.46020836796291098,0.046939380603447919,174,1,False,-0.30878615996705722,0.35350980711517738,0.99949317600526111,False,False,I3
2020-09-30,BND,12,2021-09-30,2021-09-30,7,0.04281599553108395,0.18563462553539214,0.17798749111654302,10000,0.17897448990350487,0.050000000000000003,0.0089487244951752445,0.12906779623607023,0.12631761897227525,150,1,False,-0.27905694319224783,0.29695439218259834,,False,True,I3
2020-09-30,DBC,12,2021-09-30,2021-09-30,7,-0.50022627365018835,0.23727737935765886,0.0022520113586440593,10000,0.10959445984039448,0.050000000000000003,0.0054797229920197244,0.4567270733183168,0.15534118383969697,164,1,False,-0.84009851888476494,0.85105796486880436,,False,True,I3
2020-09-30,GLD,12,2021-09-30,2021-09-30,7,0.10453476300749875,0.148247692880042,0.16574803294611321,232.99518105153672,0.15984741022814131,0.050000000000000003,0.0079923705114070664,0.33717188898584594,0.032369466653508788,179,1,False,-0.25622386071952663,0.27220860174234074,0.85151093244290299,False,False,I3
2020-09-30,VDE,12,2021-09-30,2021-09-30,7,-0.81048014225421428,0.16529696570676874,0.17200721346005854,10000,0.16871269612784606,0.050000000000000003,0.0084356348063923028,0.49096806158868123,0.093151237068884271,180,1,False,-0.68821274999451021,0.70508401960729483,,False,True,I3
2020-09-30,VMBS,12,2021-09-30,2021-09-30,7,0.042362630331704731,-0.40579723852954841,0.22511045256544221,0.0001,-0.0903433929820531,0.050000000000000003,-0.004517169649102655,0.5,0.17627072647955377,118,1,False,,,,True,True,I3
2020-09-30,VWO,12,2021-09-30,2021-09-30,7,-0.18365483834434482,0.67408926659137025,0.27567547160735106,0.82864277285468424,0.45133016438545337,0.050000000000000003,0.022566508219272668,0.4408850672079464,0.047606972196830223,175,1,False,-0.29799483800325033,0.34312785444179572,0.99952403095064801,False,False,I3
2020-10-30,BND,12,2021-10-29,2021-10-29,7,0.088014130693853221,0.18481255057794688,0.16656954611350555,10000,0.16902873553550476,0.050000000000000003,0.0084514367767752393,0.13480177713010966,0.12750264542385542,151,1,False,-0.28905601232233091,0.30595888587588138,0.71182427468832354,False,False,I3
2020-10-30,DBC,12,2021-10-29,2021-10-29,7,-0.60387677097091386,0.23600357665261748,0.014657759514244589,10000,0.11589847481495687,0.050000000000000003,0.0057949237407478437,0.45738707245333809,0.15773239009438694,165,1,False,-0.83959746992694417,0.85118731740843989,,False,True,I3
2020-10-30,GLD,12,2021-10-29,2021-10-29,7,0.13807003758745262,0.10948051867251328,0.17084466981296978,232.99518105153672,0.1503131621729992,0.050000000000000003,0.0075156581086499603,0.3345847250942327,0.032917230116627096,180,1,False,-0.25666581634257074,0.27169713255987066,0.83149044242677417,False,False,I3
2020-10-30,VDE,12,2021-10-29,2021-10-29,7,-1.0930455428370287,0.16427175049966977,0.20355007056795676,10000,0.18423275653771104,0.050000000000000003,0.009211637826885553,0.49180601402152002,0.097342663930007414,181,1,False,-0.71934661990987192,0.73776989556364292,,False,True,I3
2020-10-30,VMBS,12,2021-10-29,2021-10-29,7,0.090568429137412698,-0.4919669011608957,0.21848229216232376,0.0001,-0.13674230449928598,0.050000000000000003,-0.0068371152249642993,0.5,0.17758349198039244,119,1,False,,,,True,True,I3
2020-10-30,VWO,12,2021-10-29,2021-10-29,7,-0.09779057173424488,0.59801561493818212,0.32319725689766515,0.82864277285468424,0.44082858078626946,0.050000000000000003,0.022041429039313474,0.42803299141777762,0.049031732957932658,176,1,False,-0.27761567708009072,0.32169853515871771,0.99948010749614491,False,False,I3
2020-11-30,BND,12,2021-11-30,2021-11-30,7,0.13742821715793696,0.18240616389188938,0.21301159670909964,10000,0.20913381114124532,0.050000000000000003,0.010456690557062267,0.12670252340537799,0.12784917137651633,152,1,False,-0.28123981346690297,0.30215319458102752,0.71247582153254241,False,False,I3
2020-11-30,DBC,12,2021-11-30,2021-11-30,7,-0.30571474407528831,0.23362531786451646,-0.033130992882014251,10000,0.089862002109617367,0.050000000000000003,0.0044931001054808687,0.46106873590892622,0.15872918276619438,166,1,False,-0.81654507356892925,0.825531273779891,,False,True,I3
2020-11-30,GLD,12,2021-11-30,2021-11-30,7,0.12856082064418017,0.039797250113939142,0.13312972396483971,232.99518105153672,0.10242435212159154,0.050000000000000003,0.0051212176060795771,0.32898915646766502,0.032935728728189839,181,1,False,-0.25672679549856947,0.26696923071072864,0.68715266016432752,False,False,I3
2020-11-30,VDE,12,2021-11-30,2021-11-30,7,-0.41943197072407656,0.16026992049874575,0.11554800978619313,10000,0.13754941398417539,0.050000000000000003,0.00687747069920877,0.49196029077100412,0.099742308097774957,182,1,False,-0.70692754838843219,0.72068248978684968,,False,True,I3
2020-11-30,VMBS,12,2021-11-30,2021-11-30,7,0.13189669206136878,-0.57610856023903501,0.25452932139570789,0.0001,-0.16078961942166356,0.050000000000000003,-0.008039480971083179,0.5,0.17790919131160726,120,1,False,,,,True,True,I3
2020-11-30,VWO,12,2021-11-30,2021-11-30,7,0.095208132896182018,0.55840484006180446,0.31084048720141072,0.82864277285468424,0.41533613951503789,0.050000000000000003,0.020766806975751895,0.4220949062587952,0.049099181597825885,177,1,False,-0.27866196808742238,0.32019558203892617,0.99935667266011619,False,False,I3
2020-12-31,BND,12,2021-12-31,2021-12-31,7,0.12466905707563025,0.18374774520555553,0.1162490988852808,10000,0.12524702604270369,0.050000000000000003,0.0062623513021351843,0.13330529792743653,0.12925805618488997,153,1,False,-0.30526000395661695,0.31778470656088736,0.76716220213247222,False,False,I3
2020-12-31,DBC,12,2021-12-31,2021-12-31,7,-0.30755989138457496,0.23500894927436547,0.013914929606685634,10000,0.11647176714430398,0.050000000000000003,0.0058235883572151995,0.46386074888759371,0.16080138366056232,167,1,False,-0.81517930462362487,0.82682648133805525,,False,True,I3
2020-12-31,GLD,12,2021-12-31,2021-12-31,7,0.14753467391407193,0.066756385373982485,0.10355904697649114,232.99518105153672,0.091498538447522357,0.050000000000000003,0.0045749269223761182,0.32770750820225136,0.033665871619067096,182,1,False,-0.25726126499473911,0.26641111883949131,0.64494404739742683,False,False,I3
2020-12-31,VDE,12,2021-12-31,2021-12-31,7,-0.45611582310689158,0.16376812541616872,0.16754280814080103,10000,0.16567338134218648,0.050000000000000003,0.0082836690671093238,0.49525402132880336,0.10329212810729488,183,1,False,-0.74005157488175088,0.75661891301596951,,False,True,I3
2020-12-31,VMBS,12,2021-12-31,2021-12-31,7,0.11883758871198236,-0.55822036735414149,0.21310200111109701,0.0001,-0.17255918312152224,0.050000000000000003,-0.0086279591560761131,0.5,0.179591092118803,121,1,False,,,,True,True,I3
2020-12-31,VWO,12,2021-12-31,2021-12-31,7,0.093660066534642761,0.62802864324629493,0.32852820381533654,0.82864277285468424,0.45179622301500622,0.050000000000000003,0.022589811150750313,0.41157875906250796,0.050345854196096211,178,1,False,-0.2610993107373879,0.30627893303888853,0.99955764581969286,False,False,I3
2021-01-29,BND,12,2022-01-31,2022-01-31,7,0.30052418303588602,0.18040036902209486,0.26413303688999584,10000,0.25428474080764646,0.050000000000000003,0.012714237040382324,0.11761593572876816,0.12898922594868084,154,1,False,-0.28519993983708158,0.31062841391784624,0.75764725399194432,False,False,I3
2021-01-29,DBC,12,2022-01-31,2022-01-31,7,-0.20001269746286954,0.23318163219106391,0.21330498741142162,10000,0.22249789021570926,0.050000000000000003,0.011124894510785464,0.46249771559549396,0.16039844264214312,168,1,False,-0.8098447338161171,0.83209452283768803,,False,True,I3
2021-01-29,GLD,12,2022-01-31,2022-01-31,7,0.30261338646967861,-0.0098509921391952138,0.32141545982092906,232.99518105153672,0.21649065037750501,0.050000000000000003,0.010824532518875251,0.31673841049275403,0.033367419260629909,183,1,False,-0.24343019908584226,0.26507926412359278,0.81914532820750119,False,False,I3
2021-01-29,VDE,12,2022-01-31,2022-01-31,7,-0.47047520056347159,0.15963601613703768,0.33182292153543713,10000,0.24597644364941523,0.050000000000000003,0.012298822182470762,0.49856565856383578,0.10458305809509967,184,1,False,-0.72896290972108724,0.75356055408602884,,False,True,I3
2021-01-29,VMBS,12,2022-01-31,2022-01-31,7,0.2987754712162074,-0.59286957494507042,0.29726092506730745,0.0001,-0.14780432493888149,0.050000000000000003,-0.0073902162469440744,0.5,0.17896675031997236,122,1,False,,,,True,True,I3
2021-01-29,VWO,12,2022-01-31,2022-01-31,7,0.31545818646983603,0.64513140773435507,0.37732989404650591,0.82864277285468424,0.48508407743497173,0.050000000000000003,0.024254203871748588,0.40236584888786164,0.049381612090859194,179,1,False,-0.25445279704092016,0.30296120478441735,0.8159626258556123,False,False,I3
2021-02-26,BND,12,2022-02-28,2022-02-28,7,0.30511475860091253,0.18188283835733898,0.20723044058978068,10000,0.2043875030466385,0.050000000000000003,0.010219375152331926,0.11215804623537955,0.12957622344045469,155,1,False,-0.287622171764711,0.3080609220693748,0.79163672873532909,False,False,I3
2021-02-26,DBC,12,2022-02-28,2022-02-28,7,-0.1313925441527648,0.23375298864941732,0.15921081592343791,10000,0.19390170010616878,0.050000000000000003,0.0096950850053084403,0.46538600786773715,0.15947723466580999,169,1,False,-0.7820272532486825,0.80141742325929943,,False,True,I3
2021-02-26,GLD,12,2022-02-28,2022-02-28,7,0.1803820597351935,0.013133664692903224,0.20093692625245521,232.99518105153672,0.14159969057301472,0.050000000000000003,0.0070799845286507361,0.31595423416341895,0.033965675936657579,184,1,False,-0.24253117107964781,0.25669114013694927,0.7069687417307865,False,False,I3
2021-02-26,VDE,12,2022-02-28,2022-02-28,7,-0.22234213575016071,0.161971091500452,0.29315270120279413,10000,0.22784955344767088,0.050000000000000003,0.011392477672383544,0.49780718427910331,0.10450803820390502,185,1,False,-0.72986229260788182,0.75264724795264881,,False,True,I3
2021-02-26,VMBS,12,2022-02-28,2022-02-28,7,0.30855111096369592,-0.80933988709809102,0.2537148070353808,0.0001,-0.27781254003135514,0.050000000000000003,-0.013890627001567757,0.5,0.17928336641344739,123,1,False,,,,True,True,I3
2021-02-26,VWO,12,2022-02-28,2022-02-28,7,0.32629396015363832,0.63225840468707206,0.37312664579121696,0.82864277285468424,0.47679611493686613,0.050000000000000003,0.023839805746843308,0.40006469908350334,0.048607824192780986,180,1,False,-0.25484850094291844,0.30252811243660505,0.57862074007584352,False,False,I3
2021-03-31,BND,12,2022-03-31,2022-03-31,8,0.29987246548187974,0.17590503124932888,0.099211559225974091,10000,0.1078716390911774,0.050000000000000003,0.0053935819545588709,0.11291808333525614,0.13100503853846915,156,1,False,-0.3265874297681074,0.33737459367722511,0.79906382725070513,False,False,I3
2021-03-31,DBC,12,2022-03-31,2022-03-31,8,-0.37133727500693192,0.23488733316527233,-0.0099630058584628846,10000,0.1053598301507362,0.050000000000000003,0.0052679915075368108,0.47099316451434425,0.15790344072836859,170,1,False,-0.78638526494832406,0.79692124796339758,0.98970986205801093,False,False,I3
2021-03-31,GLD,12,2022-03-31,2022-03-31,8,0.12408437996302379,0.081699740374327146,0.16817277063238964,719.68567300115137,0.14108455230445333,0.050000000000000003,0.0070542276152226668,0.3132562632198343,0.03537555260198335,185,1,False,-0.25711476660235594,0.27122322183280129,0.71195815182227518,False,False,I3
2021-03-31,VDE,12,2022-03-31,2022-03-31,8,-0.39821792610119533,0.17331111356995169,0.057575222030680814,10000,0.11537665705326131,0.050000000000000003,0.0057688328526630658,0.49942532306814796,0.10070041705019268,186,1,False,-0.72303623824087071,0.73457390394619682,0.9999441387484771,False,False,I3
2021-03-31,VMBS,12,2022-03-31,2022-03-31,8,0.31002965738958066,-0.92723264398864214,0.1147329096108399,0.0001,-0.4062498671889011,0.050000000000000003,-0.020312493359445058,0.5,0.18074147294072454,124,1,False,,,,True,True,I3
2021-03-31,VOO,12,2022-03-31,2022-03-31,8,0.089501947791244874,0.016489540982321985,-0.0093110571935711185,232.99518105153672,0.003589241894375433,0.050000000000000003,0.00017946209471877167,0.5,0.07792203409061918,115,1,False,,,,True,True,I3
2021-03-31,VWO,12,2022-03-31,2022-03-31,8,0.33591196246468291,0.21249756983387497,0.17063190790211308,0.18420699693267145,0.18684712182975236,0.050000000000000003,0.0093423560914876174,0.38731536011705586,0.046956220555422881,181,1,False,-0.26420656834681838,0.28289128052979357,0.88719538329127468,False,False,I3
2021-04-30,BND,12,2022-04-29,2022-04-29,8,0.17291325069221075,0.17855125763782448,0.017751625345705221,10000,0.036183254804577354,0.050000000000000003,0.0018091627402288678,0.11462482342862583,0.13195572480194998,157,1,False,-0.31024825763381009,0.31386658311426779,0.79653798357195571,False,False,I3
2021-04-30,DBC,12,2022-04-29,2022-04-29,8,-0.45130327154111294,0.23820917212348441,0.026253001368191566,10000,0.12673286057528696,0.050000000000000003,0.006336643028764348,0.47405960793234542,0.15465635788061324,171,1,False,-0.74960501074057573,0.76227829679810444,0.92445547679141404,False,False,I3
2021-04-30,GLD,12,2022-04-29,2022-04-29,8,0.017916645905996509,0.12428608292974966,-0.10336223336559736,719.68567300115137,-0.03399406711429085,0.050000000000000003,-0.0016997033557145426,0.30471635977886807,0.036572003564644406,186,1,False,-0.26353846171486017,0.26013905500343104,0.32688973028619217,False,False,I3
2021-04-30,VDE,12,2022-04-29,2022-04-29,8,-0.5200114056241667,0.17840138114349693,0.065798587493577629,10000,0.12205479579980408,0.050000000000000003,0.0061027397899902046,0.49959869096255544,0.098654032667151323,187,1,False,-0.72267398909989466,0.73487946867987508,0.99999999999771383,False,False,I3
2021-04-30,VMBS,12,2022-04-29,2022-04-29,8,0.17639435293989691,-0.81917561728084942,0.0085739442181174408,0.0001,-0.405300836531366,0.050000000000000003,-0.020265041826568301,0.5,0.18146171793541846,125,1,False,,,,True,True,I3
2021-04-30,VOO,12,2022-04-29,2022-04-29,8,0.085081157163128918,0.10121980820363002,-0.031228406805773747,232.99518105153672,0.034995700698928142,0.050000000000000003,0.0017497850349464071,0.5,0.075325821774227114,116,1,False,,,,True,True,I3
2021-04-30,VWO,12,2022-04-29,2022-04-29,8,0.24349984858542428,0.054894331636320404,-0.00030749657551695699,0.18420699693267145,0.020325512677057348,0.050000000000000003,0.0010162756338528674,0.37377402018996547,0.045238746137032999,182,1,False,-0.2684150189678764,0.27044757023558214,0.93474458104511926,False,False,I3
2021-05-31,BND,12,2022-05-31,2022-05-31,8,0.31314731518023042,0.17853577215268018,0.073678510658480606,10000,0.08645003643644486,0.050000000000000003,0.0043225018218222434,0.12179915435490123,0.13332011889647699,158,1,False,-0.33430788328389854,0.34295288692754305,0.80926247929925987,False,False,I3
2021-05-31,DBC,12,2022-05-31,2022-05-31,8,-0.32164317225001438,0.23833676400901721,0.051497635595590521,10000,0.14110013335143565,0.050000000000000003,0.0070550066675717825,0.47957030476816376,0.15236406821634113,172,1,False,-0.72672312933820438,0.74083314267334788,0.88644595504373669,False,False,I3
2021-05-31,GLD,12,2022-05-31,2022-05-31,8,0.26849784601834326,0.1385510875028419,-0.0088216493695530349,719.68567300115137,0.035633342267809322,0.050000000000000003,0.0017816671133904661,0.30165003772613946,0.037683220104190958,187,1,False,-0.25246597241921281,0.25602930664599372,0.4848583819968339,False,False,I3
2021-05-31,VDE,12,2022-05-31,2022-05-31,8,-0.52687502561361055,0.17576488448826158,0.033587168501049029,10000,0.10478465006254516,0.050000000000000003,0.0052392325031272585,0.50076399854320086,0.097370173780097338,188,1,False,-0.70874428720332427,0.71922275220957887,1,False,False,I3
2021-05-31,VMBS,12,2022-05-31,2022-05-31,8,0.31025601752536058,-0.63430375067972788,0.053991366020547084,0.0001,-0.29015619232959039,0.050000000000000003,-0.01450780961647952,0.5,0.18275345570329343,126,1,False,,,,True,True,I3
2021-05-31,VOO,12,2022-05-31,2022-05-31,8,0.23524809066928509,0.057309455491663906,0.0048939497736847411,232.99518105153672,0.031101702632674325,0.050000000000000003,0.0015550851316337164,0.5,0.074130110054912726,117,1,False,,,,True,True,I3
2021-05-31,VWO,12,2022-05-31,2022-05-31,8,0.41686636277912026,0.23033688757212908,0.17327209792542489,0.18420699693267145,0.19387006163467713,0.050000000000000003,0.0096935030817338567,0.36095749825377421,0.044261023870099649,183,1,False,-0.25843729105168778,0.27782429721515545,0.81816779062732836,False,False,I3
2021-06-30,BND,12,2022-06-30,2022-06-30,8,0.32616551594651788,0.17780347155661877,0.12006229006656131,10000,0.12762564910430177,0.050000000000000003,0.006381282455215089,0.13098725801173308,0.13445490977077754,159,1,False,-0.33224888569664612,0.34501145060707628,0.82232870770003219,False,False,I3
2021-06-30,DBC,12,2022-06-30,2022-06-30,8,-0.23843460378989301,0.23801949211579462,0.10788879703180228,10000,0.17083355533232142,0.050000000000000003,0.008541677766616072,0.48370415803813011,0.14992105164195654,173,1,False,-0.72516934524476695,0.7422527007779991,0.80930327937031477,False,False,I3
2021-06-30,GLD,12,2022-06-30,2022-06-30,8,0.19921818568757965,0.13182087057397443,0.22155911839124282,719.68567300115137,0.19436717099374662,0.050000000000000003,0.009718358549687332,0.30301402199056132,0.039107009266577737,188,1,False,-0.2608950711373394,0.28033178823671406,0.82397276947143594,False,False,I3
2021-06-30,VDE,12,2022-06-30,2022-06-30,8,-0.11348184718250054,0.17456507800991253,0.052539832529972179,10000,0.11373519385008334,0.050000000000000003,0.0056867596925041673,0.50149754732655727,0.094908698486791371,189,1,False,-0.70825748987780901,0.71963100926281742,0.99999999999997979,False,False,I3
2021-06-30,VMBS,12,2022-06-30,2022-06-30,8,0.31907877989977662,-0.62187583475036334,0.11314466764400299,0.0001,-0.25436558355318017,0.050000000000000003,-0.01271827917765901,0.5,0.1837718441460453,127,1,False,,,,True,True,I3
2021-06-30,VOO,12,2022-06-30,2022-06-30,8,0.29290532417483739,0.033062140346541202,-0.042606470559154855,232.99518105153672,-0.0047721651063068263,0.050000000000000003,-0.00023860825531534131,0.5,0.072326696231179419,118,1,False,,,,True,True,I3
2021-06-30,VWO,12,2022-06-30,2022-06-30,8,0.42412981044556763,0.20857323369666569,0.25513813856712053,0.18420699693267145,0.23907156274253755,0.050000000000000003,0.011953578137126879,0.34503615693580275,0.04345149700363872,184,1,False,-0.25617331265584764,0.28008046893010141,0.7443304595224669,False,False,I3
2021-07-30,BND,12,2022-07-29,2022-07-29,8,0.32526945211633551,0.17967908473355607,0.12667701316371804,10000,0.1339674931404089,0.050000000000000003,0.006698374657020445,0.13755084963206748,0.13433054118726809,160,1,False,-0.33193159150331625,0.34532834081735714,0.82958252617012729,False,False,I3
2021-07-30,DBC,12,2022-07-29,2022-07-29,8,-0.10723802162659002,0.24096586833867709,0.18329321426929421,10000,0.2114945636625058,0.050000000000000003,0.010574728183125291,0.4889899701734558,0.14675393722611055,174,1,False,-0.69773219530973796,0.71888165167598861,0.64555294096327032,False,False,I3
2021-07-30,GLD,12,2022-07-29,2022-07-29,8,0.26541906023082162,0.17128209300692707,0.13150243406481743,719.68567300115137,0.14368958636499438,0.050000000000000003,0.0071844793182497188,0.30636643511480577,0.039905284516410462,189,1,False,-0.25700074934959499,0.27136970798609444,0.74138712230574355,False,False,I3
2021-07-30,VDE,12,2022-07-29,2022-07-29,8,-0.42339162950992648,0.17739903700882698,0.13637500280431877,10000,0.15705602171574395,0.050000000000000003,0.0078528010857871981,0.50411958044712557,0.092335831472109275,190,1,False,-0.68923500753281608,0.70494060970439054,1.3317932008185582e-06,False,False,I3
2021-07-30,VMBS,12,2022-07-29,2022-07-29,8,0.29970361701504733,-0.38959595782293455,0.11128702212415693,0.0001,-0.13915446784938881,0.050000000000000003,-0.0069577233924694414,0.5,0.18317410413179841,128,1,False,,,,True,True,I3
2021-07-30,VOO,12,2022-07-29,2022-07-29,8,0.27880741193574643,0.062004337850670665,0.021874960437334778,232.99518105153672,0.041939649144002722,0.050000000000000003,0.0020969824572001361,0.5,0.069549468068464321,119,1,False,,,,True,True,I3
2021-07-30,VWO,12,2022-07-29,2022-07-29,8,0.39942497652915976,0.21502129147877683,0.14667954645356979,0.18420699693267145,0.16937842701787284,0.050000000000000003,0.008468921350893643,0.33213785448309602,0.042626972391720669,185,1,False,-0.2580376208204993,0.27497546352228663,0.815593482511631,False,False,I3
2021-08-31,BND,12,2022-08-31,2022-08-31,8,0.41817626261069918,0.18096299253655135,0.13224652047038632,10000,0.13900955427020181,0.050000000000000003,0.0069504777135100913,0.13882437526736685,0.1340592124123377,161,1,False,-0.32516853548443514,0.33906949091145533,0.83635230431211338,False,False,I3
2021-08-31,DBC,12,2022-08-31,2022-08-31,8,-0.079143125387982183,0.24271077198419883,0.1418484035966818,10000,0.19101820800854943,0.050000000000000003,0.0095509104004274717,0.48749404954437903,0.14406110918902074,175,1,False,-0.69866300618330424,0.71776482698415911,0.66009994958834595,False,False,I3
2021-08-31,GLD,12,2022-08-31,2022-08-31,8,0.35736891630071865,0.20596563803297327,0.11720596701322296,719.68567300115137,0.14439066778749782,0.050000000000000003,0.007219533389374891,0.30627311325011419,0.040587329778711732,190,1,False,-0.25462130256570009,0.26906036934444982,0.75023290095591844,False,False,I3
2021-08-31,VDE,12,2022-08-31,2022-08-31,8,-0.45180965163804543,0.17741939492860306,0.083307758761246506,10000,0.13043485077866815,0.050000000000000003,0.006521742538933408,0.50075733391370059,0.089860285341881549,191,1,False,-0.6905153884816464,0.7035588735595133,0.57063834153222481,False,False,I3
2021-08-31,VMBS,12,2022-08-31,2022-08-31,8,0.39753623450725761,-0.25809785368184657,0.11425313349279764,0.0001,-0.071922360094524462,0.050000000000000003,-0.0035961180047262235,0.5,0.18250082559195102,129,1,False,,,,True,True,I3
2021-08-31,VOO,12,2022-08-31,2022-08-31,8,0.39495717877934844,0.073707093582133426,0.0320255111290111,232.99518105153672,0.052866302355572263,0.050000000000000003,0.0026433151177786135,0.5,0.067204264772252678,120,1,False,,,,True,True,I3
2021-08-31,VWO,12,2022-08-31,2022-08-31,8,0.47202041391999927,0.33814316406661232,0.14667954645356979,0.18420699693267145,0.20771654409843324,0.050000000000000003,0.010385827204921663,0.31879162425637569,0.042006531873755706,186,1,False,-0.24872294214401419,0.26949459655385749,0.7576021448644924,False,False,I3
2021-09-30,BND,12,2022-09-30,2022-09-30,9,0.44322921234108992,0.17270450188727726,0.13269953521977967,10000,0.13847370009069271,0.050000000000000003,0.0069236850045346354,0.14433620002499109,0.13349598267850282,162,1,False,-0.3251720117159923,0.33901938172506163,0.84169970911928671,False,False,I3
2021-09-30,DBC,12,2022-09-30,2022-09-30,9,0.092660120415617886,0.25021560759590361,0.21541577085491681,10000,0.23218677238399529,0.050000000000000003,0.011609338619199765,0.48192759218682812,0.14040038542288888,176,1,False,-0.66287709639767023,0.68609577363606977,0.49708800975000783,False,False,I3
2021-09-30,GLD,12,2022-09-30,2022-09-30,9,0.34580884513691579,0.27371793729114868,0.092531067592054456,339.32217718953228,0.14837243010171258,0.050000000000000003,0.0074186215050856298,0.30819762272175999,0.040922133094045701,191,1,False,-0.25441303437495266,0.26925027738512397,0.76540854238402201,False,False,I3
2021-09-30,VDE,12,2022-09-30,2022-09-30,9,-0.17971295896569828,0.38086575913843135,0.22327479136656939,0.0001,0.30220928548514148,0.050000000000000003,0.015110464274257074,0.50088209517719551,0.085171012281485173,192,1,False,-0.7138532352769088,0.74407416382542302,0.00016576204025416013,False,False,I3
2021-09-30,VMBS,12,2022-09-30,2022-09-30,9,0.43314981313008016,0.17867459357122811,0.16606376910468654,10000,0.16786172635561003,0.050000000000000003,0.0083930863177805026,0.14257253803617223,0.18142283947456456,130,1,False,,,,True,True,I3
2021-09-30,VOO,12,2022-09-30,2022-09-30,9,0.47626100640769398,0.081794882090047386,0.076111828779399357,3237.4575428176399,0.078953355434723371,0.050000000000000003,0.0039476677717361691,0.5,0.063898551721631364,121,1,False,,,,True,True,I3
2021-09-30,VWO,12,2022-09-30,2022-09-30,9,0.54436726374264799,0.17481643847495884,0.18436987591295467,10000,0.18137847864542078,0.050000000000000003,0.0090689239322710394,0.3131226102592724,0.040799786578471747,187,1,False,-0.244990486063212,0.26312833392775409,0.79252820374073363,False,False,I3
2021-09-30,VXUS,12,2022-09-30,2022-09-30,9,0.5617479834868826,0.17485414541383335,0.153560660766937,1048.1131341546852,0.16420740309038517,0.050000000000000003,0.0082103701545192583,0.5,0.15267961048456538,116,1,False,,,,True,True,I3
2021-10-29,BND,12,2022-10-31,2022-10-31,9,0.54556659701474586,0.17289399782191861,0.20584009377072313,10000,0.20099463437421228,0.050000000000000003,0.010049731718710615,0.14707233913360435,0.13321695291172581,163,1,False,-0.30221789280776251,0.32231735624518371,0.86074715275963409,False,False,I3
2021-10-29,DBC,12,2022-10-31,2022-10-31,9,0.20721311322471481,0.24961076395650159,0.20565402100373067,10000,0.22662852560337837,0.050000000000000003,0.01133142628016892,0.47716239172187191,0.13619542973704818,177,1,False,-0.60906719400189802,0.63173004656223586,0.48328147809560285,False,False,I3
2021-10-29,GLD,12,2022-10-31,2022-10-31,9,0.47317291763606928,0.28599187886567856,0.1524266474059611,339.32217718953228,0.19370017245269272,0.050000000000000003,0.0096850086226346367,0.30901398961135701,0.041428111763282198,192,1,False,-0.24450057527896954,0.26387059252423883,0.84896333209986574,False,False,I3
2021-10-29,VDE,12,2022-10-31,2022-10-31,9,-0.21068012496561028,0.33740651289659895,0.22327479136656939,0.0001,0.28053639212354725,0.050000000000000003,0.014026819606177363,0.50171503583174804,0.079066263291233813,193,1,False,-0.80608821311798973,0.83414185233034444,0.00037478891802089609,False,False,I3
2021-10-29,VMBS,12,2022-10-31,2022-10-31,9,0.53677500790128319,0.17877144516343363,0.18677329833656145,10000,0.18610688871213049,0.050000000000000003,0.0093053444356065249,0.083281911078915333,0.18072929435748705,131,1,False,,,,True,True,I3
2021-10-29,VOO,12,2022-10-31,2022-10-31,9,0.53267522085226038,0.080410679794820319,0.088380471526845236,3237.4575428176399,0.084395575660832778,0.050000000000000003,0.0042197787830416389,0.5,0.060553906136441377,122,1,False,,,,True,True,I3
2021-10-29,VWO,12,2022-10-31,2022-10-31,9,0.6661896997638227,0.17443544165295666,0.18077145618772095,10000,0.17880065389867833,0.050000000000000003,0.0089400326949339165,0.31104762753135762,0.040062603821489212,188,1,False,-0.22652819727890178,0.24440826266876964,0.79325811024956872,False,False,I3
2021-10-29,VXUS,12,2022-10-31,2022-10-31,9,0.63379973304962578,0.17081503612200882,0.16894617266280618,1048.1131341546852,0.16988060439240749,0.050000000000000003,0.0084940302196203753,0.5,0.1494439957053057,117,1,False,,,,True,True,I3
2021-11-30,BND,12,2022-11-30,2022-11-30,9,0.54432925570624013,0.17361373814092945,0.22439934722709834,10000,0.21672633160183313,0.050000000000000003,0.010836316580091657,0.15108641529229772,0.13324263135225151,164,1,False,-0.30134850024996801,0.32302113341015132,0.87053581942439562,False,False,I3
2021-11-30,DBC,12,2022-11-30,2022-11-30,9,0.18048189401443593,0.25026518675683734,0.27003967611600821,10000,0.26072156017391201,0.050000000000000003,0.013036078008695601,0.47121904251725594,0.13371278831113617,178,1,False,-0.60712416614958431,0.63319632216697541,0.37900209075140084,False,False,I3
2021-11-30,GLD,12,2022-11-30,2022-11-30,9,0.4383837436672865,0.31320255222156101,0.29045374171397287,339.32217718953228,0.29740969058196737,0.050000000000000003,0.014870484529098369,0.305771981602039,0.041879576576136585,193,1,False,-0.23470752863790262,0.26444849769609935,0.94878149135817658,False,False,I3
2021-11-30,VDE,12,2022-11-30,2022-11-30,9,-0.30430638405536792,0.39501040759031925,0.26384766806815396,0.0001,0.32951975136493805,0.050000000000000003,0.016475987568246902,0.50069161055976652,0.076496684765381698,194,1,False,-0.73382220463262671,0.76677417976912043,1.9000634233609375e-05,False,False,I3
2021-11-30,VMBS,12,2022-11-30,2022-11-30,9,0.53186111981848638,0.17950133307936431,0.20698936406111376,10000,0.20538207785604368,0.050000000000000003,0.010269103892802185,0.058472220368829972,0.18035935040069828,132,1,False,,,,True,True,I3
2021-11-30,VOO,12,2022-11-30,2022-11-30,9,0.52716407262989484,0.081364505584429314,0.12803775713079424,3237.4575428176399,0.10470113135761178,0.050000000000000003,0.005235056567880589,0.5,0.058774399916890228,123,1,False,,,,True,True,I3
2021-11-30,VWO,12,2022-11-30,2022-11-30,9,0.59915317254100608,0.17469418929345848,0.25303435052708295,10000,0.22897622969288872,0.050000000000000003,0.011448811484644437,0.30709817870362266,0.040354379107598704,189,1,False,-0.20379898432803634,0.22669660729732521,0.72548331225939,False,False,I3
2021-11-30,VXUS,12,2022-11-30,2022-11-30,9,0.54542807925078562,0.17217350739631465,0.24944992383422293,1048.1131341546852,0.21081171561526879,0.050000000000000003,0.01054058578076344,0.5,0.14844100603224794,118,1,False,,,,True,True,I3
2021-12-31,BND,12,2022-12-30,2022-12-30,9,0.39927313988453361,0.17276567995438377,0.16627663634143622,10000,0.16724952308201782,0.050000000000000003,0.0083624761541008907,0.14992760083171863,0.13319067029602955,165,1,False,-0.29907029320815964,0.31579524551636146,0.86310232121705255,False,False,I3
2021-12-31,DBC,12,2022-12-30,2022-12-30,9,0.074762083907343069,0.24810411668009735,0.22017298416690945,10000,0.23320621994857577,0.050000000000000003,0.011660310997428789,0.46662038410052215,0.13124757781004281,179,1,False,-0.58896074212426786,0.61228136411912548,0.41961447354861453,False,False,I3
2021-12-31,GLD,12,2022-12-30,2022-12-30,9,0.27582313620810639,0.29850340359861238,0.084282272351021439,339.32217718953228,0.14966375850262795,0.050000000000000003,0.0074831879251313974,0.30520558719317176,0.04242419047994038,194,1,False,-0.2409541310870697,0.25592050693733248,0.78979914508476512,False,False,I3
2021-12-31,VDE,12,2022-12-30,2022-12-30,9,-0.36116328676641607,0.3692454781966924,0.26272352076034589,0.0001,0.31606480385362334,0.050000000000000003,0.015803240192681169,0.50075387626210466,0.073765338571164907,195,1,False,-0.73438840296337915,0.76599488334874155,2.4181713521064936e-05,False,False,I3
2021-12-31,VMBS,12,2022-12-30,2022-12-30,9,0.38711558864300122,0.17854018664608284,0.14316430630657889,10000,0.14477461355968266,0.050000000000000003,0.0072387306779841329,0.045519920286069417,0.17989678076394103,133,1,False,-0.13269744235446781,0.14717490371043609,,False,True,I3
2021-12-31,VOO,12,2022-12-30,2022-12-30,9,0.45006588228211231,0.076098250066443676,0.077719489684783885,3237.4575428176399,0.076908869875613781,0.050000000000000003,0.0038454434937806891,0.5,0.056835554439344224,124,1,False,,,,True,True,I3
2021-12-31,VWO,12,2022-12-30,2022-12-30,9,0.44830508150432535,0.17280906386497599,0.13061924256810062,10000,0.14337153116415585,0.050000000000000003,0.0071685765582077928,0.30225983908113141,0.04063493535721472,190,1,False,-0.20049572337548296,0.21483287649189856,0.84594076588920097,False,False,I3
2021-12-31,VXUS,12,2022-12-30,2022-12-30,9,0.42915098003881602,0.15764999076803002,0.18113978924668317,1048.1131341546852,0.16939489000735658,0.050000000000000003,0.00846974450036783,0.5,0.14733271647738094,119,1,False,,,,True,True,I3
2022-01-31,BND,12,2023-01-31,2023-01-31,9,0.33225315241700326,0.17457501692875024,0.15521335183961968,10000,0.15809738319487607,0.050000000000000003,0.0079048691597438034,0.14895575055037222,0.13419870350530577,166,1,False,-0.29951754453166662,0.31532728285115424,0.86547986591191739,False,False,I3
2022-01-31,DBC,12,2023-01-31,2023-01-31,9,0.13111208035458222,0.24952277194589023,0.20021314620100858,10000,0.22323154995645991,0.050000000000000003,0.011161577497822997,0.4668135968937191,0.12940724294741554,180,1,False,-0.56643625741011627,0.58875941240576224,0.4114537718280592,False,False,I3
2022-01-31,GLD,12,2023-01-31,2023-01-31,9,0.17399349453906687,0.33079408449282433,0.096203807078718784,339.32217718953228,0.16527058716819049,0.050000000000000003,0.0082635293584095246,0.29441450366484295,0.043758494049118531,195,1,False,-0.25357058756302159,0.27009764627984062,0.8214801228102917,False,False,I3
2022-01-31,VDE,12,2023-01-31,2023-01-31,9,-0.20478660889050992,0.2663641740894227,0.22440644947532817,0.0001,0.24556575714374304,0.050000000000000003,0.012278287857187153,0.50430064697328725,0.070988601126600437,196,1,False,-0.72910608711203939,0.75366266282641359,0.0013300708047393453,False,False,I3
2022-01-31,VMBS,12,2023-01-31,2023-01-31,9,0.31894443453514831,0.18052704239048031,0.15918553285020068,10000,0.15971801980981692,0.050000000000000003,0.0079859009904908462,0.024950763609820192,0.18078393517030117,134,1,False,-0.29817978647266064,0.31415158845364233,,False,True,I3
2022-01-31,VOO,12,2023-01-31,2023-01-31,9,0.3135882376095287,0.08358885832862295,0.14463379187576061,3237.4575428176399,0.11411132510219178,0.050000000000000003,0.0057055662551095893,0.5,0.056861196273050953,125,1,False,,,,True,True,I3
2022-01-31,VWO,12,2023-01-31,2023-01-31,9,0.31956968055435953,0.1748157969144431,0.25809105500252688,10000,0.23342822161932331,0.050000000000000003,0.011671411080966166,0.29616039564976998,0.042073800546286039,191,1,False,-0.24236717016619388,0.2657099923281262,0.7502778112648727,False,False,I3
2022-01-31,VXUS,12,2023-01-31,2023-01-31,9,0.28493878981007137,0.17511185073129559,0.25040240776995093,1048.1131341546852,0.21275712925062326,0.050000000000000003,0.010637856462531164,0.5,0.14805922772222321,120,1,False,,,,True,True,I3
2022-02-28,BND,12,2023-02-28,2023-02-28,9,0.41951668040198753,0.17397128340764853,0.14467531887346036,10000,0.14913181715272281,0.050000000000000003,0.0074565908576361408,0.15211986873010283,0.135222152937016,167,1,False,-0.29053101081224769,0.30544419252751992,0.86698929807323977,False,False,I3
2022-02-28,DBC,12,2023-02-28,2023-02-28,9,0.31222753087196797,0.24833880424519858,0.1993931389111841,10000,0.22218321455890616,0.050000000000000003,0.011109160727945308,0.46561989692444233,0.12796636014575707,181,1,False,-0.56637143481738117,0.58858975627327181,0.38561546620097598,False,False,I3
2022-02-28,GLD,12,2023-02-28,2023-02-28,9,0.37323383727720105,0.32395927468101587,0.10210609458520836,339.32217718953228,0.16632314795072162,0.050000000000000003,0.0083161573975360815,0.28945743909454474,0.044455553057720962,196,1,False,-0.24586942650406809,0.26250174129914028,0.82898042082833567,False,False,I3
2022-02-28,VDE,12,2023-02-28,2023-02-28,9,0.038341916919784946,0.34648235401084326,0.2287258451244196,0.0001,0.28841557174217319,0.050000000000000003,0.014420778587108661,0.50689110251497371,0.069499612614535661,197,1,False,-0.72695582010078008,0.75579737727499741,0.00010869395090673982,False,False,I3
2022-02-28,VMBS,12,2023-02-28,2023-02-28,9,0.41302302664111368,0.17963472669320565,0.14466943826156364,10000,0.14526777796983842,0.050000000000000003,0.0072633888984919215,0.01711239160645096,0.18173035869469673,135,1,False,-0.31517834906677172,0.32970512686375558,,False,True,I3
2022-02-28,VOO,12,2023-02-28,2023-02-28,9,0.40665866915890525,0.080373774631122372,0.16781349201408186,3237.4575428176399,0.12409363332260212,0.050000000000000003,0.006204681666130106,0.5,0.057240814923502498,126,1,False,,,,True,True,I3
2022-02-28,VWO,12,2023-02-28,2023-02-28,9,0.4781948285138482,0.17342799401485764,0.34190308898413357,10000,0.29299616591653144,0.050000000000000003,0.014649808295826572,0.29029170796147125,0.043554113877574317,192,1,False,-0.25182967720736499,0.28112929379901813,0.69237796128665274,False,False,I3
2022-02-28,VXUS,12,2023-02-28,2023-02-28,9,0.41639326796634912,0.1657083789247856,0.28217438784348226,1048.1131341546852,0.22394138338413394,0.050000000000000003,0.011197069169206698,0.5,0.14894827848306666,121,1,False,,,,True,True,I3
2022-03-31,BND,12,2023-03-31,2023-03-31,10,0.26763679207342084,0.18245929529380797,0.13272047272699733,3237.4575428176399,0.14078792700998491,0.050000000000000003,0.0070393963504992458,0.16219632606202411,0.13620221432121168,168,1,False,-0.29089910953985681,0.30497790224085536,0.86828003146802069,False,False,I3
2022-03-31,DBC,12,2023-03-31,2023-03-31,10,0.35098508471451639,0.25606954021868888,0.08790205290690338,10000,0.16541703555403686,0.050000000000000003,0.0082708517777018431,0.46093917371447274,0.12522293357898406,182,1,False,-0.55978349588386345,0.57632519943926708,0.51244128288944268,False,False,I3
2022-03-31,GLD,12,2023-03-31,2023-03-31,10,0.22569283058054967,0.37158882257367964,-0.023703832623843145,232.99518105153672,0.091097045057474124,0.050000000000000003,0.0045548522528737062,0.29041996144338356,0.044859760300895078,197,1,False,-0.24501910265600924,0.25412880716175662,0.67803979108766432,False,False,I3
2022-03-31,VDE,12,2023-03-31,2023-03-31,10,0.15146005406469776,0.26028793771605291,0.19001512078497804,24.420530945486497,0.22546377311997493,0.050000000000000003,0.011273188655998747,0.50444330942028004,0.067137402823042064,198,1,False,-0.71781029156725673,0.74035666887925433,0.0048049369589607616,False,False,I3
2022-03-31,VMBS,12,2023-03-31,2023-03-31,10,0.26676836126396941,0.19418786907519112,0.19240364000201687,2222.9964825261909,0.19243679764603613,0.050000000000000003,0.0096218398823018081,0.01858373709844199,0.18267373589098265,136,1,False,-0.32072031086672392,0.33996399063132754,,False,True,I3
2022-03-31,VOO,12,2023-03-31,2023-03-31,10,0.31097375324502985,0.080589838174933828,0.090177315347147652,6866.488450042998,0.083975703587042927,0.050000000000000003,0.0041987851793521469,0.64684500924581922,0.057494839591752438,127,1,False,,,,True,True,I3
2022-03-31,VWO,12,2023-03-31,2023-03-31,10,0.32047049200640876,0.1790485839415599,0.10525738427173081,3237.4575428176399,0.12692327386626248,0.050000000000000003,0.0063461636933131241,0.29361075157299771,0.045068921383207013,193,1,False,-0.26708193806185776,0.27977426544848405,0.86223429776251936,False,False,I3
2022-03-31,VXUS,12,2023-03-31,2023-03-31,10,0.27863324351775931,0.1721308892106409,0.18703094987284805,10000,0.17958091954174449,0.050000000000000003,0.0089790459770872251,0.5,0.14994129015146782,122,1,False,,,,True,True,I3
2022-04-29,BND,12,2023-04-28,2023-04-28,10,0.27655871519628017,0.18636323998391144,0.28238810541064718,3237.4575428176399,0.26580333892065944,0.050000000000000003,0.013290166946032973,0.17271324897238693,0.13641943938849568,169,1,False,-0.28184020915127,0.30842054304333594,0.90030110552758169,False,False,I3
2022-04-29,DBC,12,2023-04-28,2023-04-28,10,0.41361159511479761,0.25822972851866738,0.16613957558654097,10000,0.20825756071657761,0.050000000000000003,0.010412878035828882,0.45735601244010382,0.12207251715756276,183,1,False,-0.53878866206684073,0.55961441813849855,0.38121452025439989,False,False,I3
2022-04-29,GLD,12,2023-04-28,2023-04-28,10,0.2299308158389104,0.43068674221459602,0.15855970312626827,232.99518105153672,0.23840101996044261,0.050000000000000003,0.011920050998022132,0.29339722028967208,0.0447236839655673,198,1,False,-0.23763807670420031,0.26147817870024459,0.90910237864661259,False,False,I3
2022-04-29,VDE,12,2023-04-28,2023-04-28,10,0.11448163100002073,0.43791549712417521,0.41034437042601785,24.420530945486497,0.42418904735642743,0.050000000000000003,0.021209452367821374,0.50214403937779095,0.064186906298181717,199,1,False,-0.69304110426437093,0.73546000900001363,1.5317949758633778e-07,False,False,I3
2022-04-29,VMBS,12,2023-04-28,2023-04-28,10,0.28148835344869405,0.19935829340061048,0.29587630421231448,2222.9964825261909,0.29396235613606075,0.050000000000000003,0.014698117806803038,0.019829957747343131,0.18262790097893092,137,1,False,-0.31564403294222271,0.34504026855582876,,False,True,I3
2022-04-29,VOO,12,2023-04-28,2023-04-28,10,0.24830191540730784,0.080778204122777128,0.098953332543985362,6866.488450042998,0.083442152943768888,0.050000000000000003,0.0041721076471884447,0.8534288859338538,0.057710357697778811,128,1,False,,,,True,True,I3
2022-04-29,VWO,12,2023-04-28,2023-04-28,10,0.31302188503809669,0.18163434062868924,0.20890133225032168,3237.4575428176399,0.20076900434428865,0.050000000000000003,0.010038450217214433,0.29824808027524397,0.046091761214146265,194,1,False,-0.25932682746401081,0.2794037278984397,0.80344698571592099,False,False,I3
2022-04-29,VXUS,12,2023-04-28,2023-04-28,10,0.23550758054611487,0.17181462724310487,0.25558985236477511,10000,0.21370223980393999,0.050000000000000003,0.010685111990197,0.5,0.15028933420725046,123,1,False,,,,True,True,I3
2022-05-31,BND,12,2023-05-31,2023-05-31,10,0.10805056409431935,0.17785948420683645,0.19051055943471704,3237.4575428176399,0.18817087239442629,0.050000000000000003,0.0094085436197213143,0.18493977769846259,0.13745901512844708,170,1,False,-0.29793169918215529,0.31674878642159793,0.88597256742095842,False,False,I3
2022-05-31,DBC,12,2023-05-31,2023-05-31,10,0.27916291530505499,0.25320175531755656,0.01031902166055421,10000,0.12064962646635707,0.050000000000000003,0.0060324813233178544,0.45425462380381115,0.11966101884556506,184,1,False,-0.53550331746508817,0.54756828011172398,0.58641475326903159,False,False,I3
2022-05-31,GLD,12,2023-05-31,2023-05-31,10,0.024430413723501632,0.33970522715607121,0.015045892481496218,232.99518105153672,0.1137657054173898,0.050000000000000003,0.0056882852708694904,0.30407199914595467,0.045848177242214412,199,1,False,-0.2561479066462457,0.26752447718798472,0.75357609811766146,False,False,I3
2022-05-31,VDE,12,2023-05-31,2023-05-31,10,0.14846788299499059,0.22360189466187258,0.10974943333412673,24.420530945486497,0.16660685713845114,0.050000000000000003,0.0083303428569225565,0.4993956489060834,0.061231596638622765,200,1,False,-0.70588417765034284,0.72254486336418799,0.08112018257425252,False,False,I3
2022-05-31,VMBS,12,2023-05-31,2023-05-31,10,0.11629330800548487,0.18839101995874666,0.22367153499597994,2222.9964825261909,0.22280935622737627,0.050000000000000003,0.011140467811368814,0.024437816956293927,0.18355274240318042,138,1,False,-0.31920168293765694,0.34148261856039452,,False,True,I3
2022-05-31,VOO,12,2023-05-31,2023-05-31,10,0.043045211447875875,0.077940889559787604,0.029710212749879474,6866.488450042998,0.065187736964790369,0.050000000000000003,0.0032593868482395185,0.73558006151849542,0.059086619193681952,129,1,False,,,,True,True,I3
2022-05-31,VWO,12,2023-05-31,2023-05-31,10,0.11007986207080234,0.17161776735167908,0.13792161993469879,3237.4575428176399,0.14812538372106973,0.050000000000000003,0.0074062691860534869,0.30281692622311546,0.047993169427299982,195,1,False,-0.27579654651706986,0.29060908488917681,0.85385472997804945,False,False,I3
2022-05-31,VXUS,12,2023-05-31,2023-05-31,10,0.063702335441275126,0.17023979099730219,0.15027294171157379,10000,0.16025636635443799,0.050000000000000003,0.0080128183177219005,0.5,0.15196953665440727,124,1,False,,,,True,True,I3
2022-06-30,BND,12,2023-06-30,2023-06-30,10,0.14656525199238801,0.17853305929190247,0.24592921728849071,3237.4575428176399,0.23284202201274359,0.050000000000000003,0.011642101100637181,0.19418310575522185,0.13856256191685681,171,1,False,-0.30930332928133314,0.3325875314826075,0.89837608552567427,False,False,I3
2022-06-30,DBC,12,2023-06-30,2023-06-30,10,0.32044445293059887,0.25335254482954223,0.016597281826955995,10000,0.12369100351394692,0.050000000000000003,0.006184550175697346,0.45233934962544453,0.11772536683131933,185,1,False,-0.53533762890718528,0.54770672925857988,0.56374376945986493,False,False,I3
2022-06-30,GLD,12,2023-06-30,2023-06-30,10,0.096753982139087258,0.35262403273755333,0.081088529518996644,232.99518105153672,0.16332498981063331,0.050000000000000003,0.0081662494905316661,0.30285711929701226,0.046615027284441245,200,1,False,-0.25366244051911013,0.2699949395001735,0.83388353320473285,False,False,I3
2022-06-30,VDE,12,2023-06-30,2023-06-30,10,-0.037614589986349367,0.2231919183643461,0.13595103922804774,24.420530945486497,0.179318990936531,0.050000000000000003,0.0089659495468265502,0.49710585379049832,0.060362375525084833,201,1,False,-0.68834289136469484,0.70627479045834785,0.041725945200348717,False,False,I3
2022-06-30,VMBS,12,2023-06-30,2023-06-30,10,0.14664250424185288,0.1892243483248095,0.26244427353684435,2222.9964825261909,0.26050496704088866,0.050000000000000003,0.013025248352044433,0.026486048576800477,0.1845277498671847,139,1,False,-0.31877181072539118,0.34482230742948006,,False,True,I3
2022-06-30,VOO,12,2023-06-30,2023-06-30,10,-0.010518595656378249,0.078536901467139375,0.054408624290102424,6866.488450042998,0.070989125939037181,0.050000000000000003,0.0035494562969518592,0.68718133198148657,0.060885224616613914,130,1,False,-0.28959447613320088,0.2966933887271046,,False,True,I3
2022-06-30,VWO,12,2023-06-30,2023-06-30,10,0.14598284910614523,0.17110419913991967,0.12978995927801062,3237.4575428176399,0.14234170497209636,0.050000000000000003,0.0071170852486048186,0.30381160917009148,0.049912233922291147,196,1,False,-0.29913527010926694,0.31336944060647659,0.86268286319055132,False,False,I3
2022-06-30,VXUS,12,2023-06-30,2023-06-30,10,0.042626485851840368,0.17058141740543029,0.18306936826040016,10000,0.17682539283291521,0.050000000000000003,0.0088412696416457614,0.5,0.15398166051581808,125,1,False,,,,True,True,I3
2022-07-29,BND,12,2023-07-31,2023-07-31,10,0.12339257741094978,0.17282777794312543,0.20752878216860102,3237.4575428176399,0.20049209181521965,0.050000000000000003,0.010024604590760983,0.20278059700114989,0.13964806709243521,172,1,False,-0.30869441872611358,0.32874362790763556,0.89468428039480807,False,False,I3
2022-07-29,DBC,12,2023-07-31,2023-07-31,10,0.14296877035652833,0.24990534831906255,-0.027442066390781381,10000,0.097859069341427976,0.050000000000000003,0.0048929534670713992,0.45178404083303692,0.1165158862482123,186,1,False,-0.51081514508722115,0.52060105202136397,0.62384382545860295,False,False,I3
2022-07-29,GLD,12,2023-07-31,2023-07-31,10,-0.018219048276125749,0.28740515813882728,0.12546655646827473,232.99518105153672,0.17514194822570753,0.050000000000000003,0.0087570974112853774,0.3067544812971294,0.04770360456278145,201,1,False,-0.2502652128146271,0.26777940763719787,0.8534176772404295,False,False,I3
2022-07-29,VDE,12,2023-07-31,2023-07-31,10,-0.047166255550594727,0.081480269794248522,0.17119625607014355,24.420530945486497,0.12666010804819466,0.050000000000000003,0.0063330054024097332,0.49641262243934003,0.057967553717980819,202,1,False,-0.68562194064164306,0.69828795144646261,0.32547545723676952,False,False,I3
2022-07-29,VMBS,12,2023-07-31,2023-07-31,10,0.13310327308889702,0.18172728583165637,0.23268386234182706,2222.9964825261909,0.2312024825125768,0.050000000000000003,0.01156012412562884,0.029071415913401798,0.18535043463252657,140,1,False,-0.32023693495180677,0.34335718320306446,,False,True,I3
2022-07-29,VOO,12,2023-07-31,2023-07-31,10,-0.037503012772067468,0.076756414832010206,0.032288429502932231,6866.488450042998,0.06167004706718153,0.050000000000000003,0.0030835023533590765,0.66073642299770263,0.062548752764088209,131,1,False,-0.29006043007679366,0.29622743478351182,,False,True,I3
2022-07-29,VWO,12,2023-07-31,2023-07-31,10,0.011446575603322851,0.16341737284457264,0.048954338308638663,3237.4575428176399,0.084276436144427674,0.050000000000000003,0.0042138218072213839,0.30858956325065945,0.051686410280701651,197,1,False,-0.32684489697957358,0.3352725405940164,0.90354455332507932,False,False,I3
2022-07-29,VXUS,12,2023-07-31,2023-07-31,10,-0.033009344949585184,0.16934538464831816,0.12723554295843956,10000,0.14829046380337885,0.050000000000000003,0.0074145231901689423,0.5,0.15577630256880462,126,1,False,,,,True,True,I3
2022-08-31,BND,12,2023-08-31,2023-08-31,10,0.089717535598054843,0.17980731628505503,0.1840992181937019,3237.4575428176399,0.18318155015442528,0.050000000000000003,0.0091590775077212642,0.21381384262949163,0.14125805666190494,173,1,False,-0.32947109064413993,0.34778924565958247,0.89388620194280766,False,False,I3
2022-08-31,DBC,12,2023-08-31,2023-08-31,10,0.14043258453905505,0.25288947386177196,0.0080826888768087898,10000,0.11831320561901343,0.050000000000000003,0.0059156602809506721,0.450275578550551,0.11546958137315243,187,1,False,-0.50006390699455394,0.51189522755645533,0.55757926872396157,False,False,I3
2022-08-31,GLD,12,2023-08-31,2023-08-31,10,-0.035489720865182983,0.32934213321108152,0.089689800356343941,232.99518105153672,0.1649880316588016,0.050000000000000003,0.0082494015829400798,0.31419778145076011,0.049236601155543513,202,1,False,-0.25873431516358875,0.2752331183294689,0.84488108200290879,False,False,I3
2022-08-31,VDE,12,2023-08-31,2023-08-31,10,-0.031954940924395769,0.28303498139701316,0.13779045436861609,24.420530945486497,0.20965630464728566,0.050000000000000003,0.010482815232364284,0.49479213949740708,0.055456335957606309,203,1,False,-0.681462239771499,0.70242787023622755,0.0074154126509761624,False,False,I3
2022-08-31,VMBS,12,2023-08-31,2023-08-31,10,0.099664090424120722,0.19162768236631614,0.20155101063213537,2222.9964825261909,0.20120451517175836,0.050000000000000003,0.010060225758587919,0.034917262746464825,0.18685529846142537,141,1,False,-0.39107212675339592,0.41119257827057171,,False,True,I3
2022-08-31,VOO,12,2023-08-31,2023-08-31,10,-0.041172828646775406,0.080534035817026575,-0.014191209148284249,6866.488450042998,0.045838724209363607,0.050000000000000003,0.0022919362104681803,0.63372687375610715,0.065066998415718974,132,1,False,-0.39002192745110165,0.39460579987203803,,False,True,I3
2022-08-31,VWO,12,2023-08-31,2023-08-31,10,0.064810289339266358,0.17240465750693715,0.08523786129611137,3237.4575428176399,0.11287856691421504,0.050000000000000003,0.005643928345710752,0.31710131402845809,0.053809309288980936,198,1,False,-0.38670520345693643,0.39799306014835795,0.89022673222429172,False,False,I3
2022-08-31,VXUS,12,2023-08-31,2023-08-31,10,-0.026524070065749861,0.17169755966604539,0.12095016354029564,10000,0.14632386160317051,0.050000000000000003,0.007316193080158526,0.5,0.15841060825907671,127,1,False,,,,True,True,I3
