date,benchmark,horizon,available,target_end,fold,y_true,ridge,gbt,ridge_alpha,z,alpha,y_hat,ridge_weight,naive,n_mature_labels,base_prediction,shrinkage_warmup,lower,upper,probability,interval_warmup,calibration_warmup,candidate,recipe,selected
2016-09-30,BND,6,2017-03-31,2017-03-31,11,0.29042009484893472,0.056434558975317128,0.22170807023064251,10000,0.11055581095831495,0.40000000000000002,0.044222324383325982,0.67253523222249589,0.026265456795744723,108,1,False,-0.073981185254366283,0.16242583402101823,0.85340504105112347,False,False,P1,P1,P1
2016-09-30,DBC,6,2017-03-31,2017-03-31,11,0.25276890301703614,0.12786233848318868,0.26778576740999444,10000,0.20768638100575962,0.40000000000000002,0.083074552402303853,0.42951624946007388,0.041426692528280122,122,1,False,-0.24444412143939023,0.41059322624399797,0.83886731142667481,False,False,P1,P1,P1
2016-09-30,GLD,6,2017-03-31,2017-03-31,11,0.32117135402019859,0.089821988891262708,0.31935083568308936,10000,0.2019929967040279,0.40000000000000002,0.080797198681611171,0.51129886556481596,-0.012759178647242152,137,0,False,-0.16183182475825023,0.32342622212147254,0.65812405135875551,False,False,P1,P1,P1
2016-09-30,VDE,6,2017-03-31,2017-03-31,11,0.26450016194127635,0.062054936002420222,0.18249901977846197,10000,0.11681881082466739,0.40000000000000002,0.04672752432986696,0.54531702093332246,-0.0058854680563662724,138,0,False,-0.22980424315037681,0.3232592918101107,0.72377416036463782,False,False,P1,P1,P1
2016-09-30,VMBS,6,2017-03-31,2017-03-31,11,0.28135170818712341,0.05773848943643551,0.22919279482613414,10000,0.1175092248260043,0.40000000000000002,0.047003689930401722,0.65138970844904787,0.053990197941992467,76,1,False,-0.1261242481979338,0.22013162805873723,,False,True,P1,P1,P1
2016-09-30,VOO,6,2017-03-31,2017-03-31,11,0.1654192488476689,0.0073472839405039989,0.16331996572365542,10000,0.032227172879391024,0.40000000000000002,0.012890869151756411,0.84048559879557949,0.0029061987495286614,67,1,False,,,,True,True,P1,P1,P1
2016-09-30,VWO,6,2017-03-31,2017-03-31,11,0.20363942740866037,0.086542034823186259,0.23163455413923506,10000,0.16243543442039152,0.40000000000000002,0.064974173768156604,0.47693099578834985,-0.011809085394059778,133,1,False,-0.20635900231016741,0.33630734984648064,0.68605015788153423,False,False,P1,P1,P1
2016-09-30,VXUS,6,2017-03-31,2017-03-31,11,0.20144351459253951,0.065242421134729528,0.14068307694404103,10000,0.10296274903938528,0.40000000000000002,0.041185099615754117,0.5,0.0565970814101096,62,1,False,,,,True,True,P1,P1,P1
2016-10-31,BND,6,2017-04-28,2017-04-28,11,0.29133375615608192,0.056259343766340238,0.19254750633644258,10000,0.10080287756332068,0.40000000000000002,0.040321151025328274,0.67316652483249484,0.025580262838079126,109,1,False,-0.076176145716677163,0.1568184477673337,0.76499293098552235,False,False,P1,P1,P1
2016-10-31,DBC,6,2017-04-28,2017-04-28,11,0.30892200883662702,0.12756770090412795,0.27053151494845101,10000,0.20821610280685976,0.40000000000000002,0.083286441122743915,0.43588241233037905,0.040482167821421118,123,1,False,-0.23967973322511138,0.40625261547059921,0.79291262082502323,False,False,P1,P1,P1
2016-10-31,GLD,6,2017-04-28,2017-04-28,11,0.29183758696992113,0.089477331308850855,0.25142798206812539,10000,0.16744282250711637,0.40000000000000002,0.066977129002846553,0.51858488476125753,-0.012798811588250443,138,0,False,-0.16575555756418819,0.2997098155698813,0.61224280707531109,False,False,P1,P1,P1
2016-10-31,VDE,6,2017-04-28,2017-04-28,11,0.29393083434972489,0.061722015488338479,0.19611411442428209,10000,0.12278540643971748,0.40000000000000002,0.049114162575886994,0.54563258231063028,-0.0062314110046979227,139,0,False,-0.22131864445613933,0.31954696960791329,0.71306259867992616,False,False,P1,P1,P1
2016-10-31,VMBS,6,2017-04-28,2017-04-28,11,0.29178007806840078,0.057589368344044024,0.19764753253687417,10000,0.10744065079704898,0.40000000000000002,0.042976260318819598,0.64406728632848276,0.05267165934260231,77,1,False,-0.13015167780951592,0.21610419844715512,,False,True,P1,P1,P1
2016-10-31,VOO,6,2017-04-28,2017-04-28,11,0.15276458618571076,0.0071371409471045564,0.17216733724136773,10000,0.033753700174405862,0.40000000000000002,0.013501480069762345,0.8387170358820778,0.001745221154620187,68,1,False,,,,True,True,P1,P1,P1
2016-10-31,VWO,6,2017-04-28,2017-04-28,11,0.20095095858220202,0.086157864920376456,0.2404030569248643,10000,0.16613078564982564,0.40000000000000002,0.066452314259930256,0.48152081961088067,-0.012669355443308099,134,1,False,-0.20486315159229768,0.33776778011215819,0.65893358190435425,False,False,P1,P1,P1
2016-10-31,VXUS,6,2017-04-28,2017-04-28,11,0.1765937075592332,0.06500654855721176,0.14816243480563279,10000,0.10658449168142228,0.40000000000000002,0.042633796672568919,0.5,0.054726661436085282,63,1,False,,,,True,True,P1,P1,P1
2016-11-30,BND,6,2017-05-31,2017-05-31,11,0.26337951653740377,0.055972220678395836,0.16686786188350067,10000,0.0924626027718152,0.40000000000000002,0.03698504110872608,0.67094845480960508,0.025495980191002642,110,1,False,-0.076934560076171471,0.15090464229362363,0.77485754548987806,False,False,P1,P1,P1
2016-11-30,DBC,6,2017-05-31,2017-05-31,11,0.29655694768510088,0.12714860380642171,0.24686132450870582,10000,0.19455603891654291,0.40000000000000002,0.077822415566617176,0.43692337193005504,0.040089778148706394,124,1,False,-0.22036939417693258,0.37601422531016693,0.76747579066282035,False,False,P1,P1,P1
2016-11-30,GLD,6,2017-05-31,2017-05-31,11,0.21680979868382222,0.089354243903031025,0.25092514271252581,10000,0.16645188910100694,0.40000000000000002,0.066580755640402778,0.5228246808920689,-0.01247616836961621,139,0,False,-0.16033332843859463,0.29349483971940016,0.63508068673544704,False,False,P1,P1,P1
2016-11-30,VDE,6,2017-05-31,2017-05-31,11,0.36827799555910057,0.061345448702019051,0.16013014222607053,10000,0.10634625998101874,0.40000000000000002,0.042538503992407495,0.54445562694342775,-0.0067834793612528976,140,0,False,-0.22788294593497754,0.31295995391979253,0.69092237887934171,False,False,P1,P1,P1
2016-11-30,VMBS,6,2017-05-31,2017-05-31,11,0.2684418521768861,0.057263512418125877,0.16722704793926155,10000,0.097214039911449654,0.40000000000000002,0.038885615964579866,0.63669295185907293,0.052200206907201001,78,1,False,-0.085748010088712495,0.16351924201787224,,False,True,P1,P1,P1
2016-11-30,VOO,6,2017-05-31,2017-05-31,11,0.18485457047058129,0.0068676112487574296,0.15699428373482291,10000,0.029238801065000968,0.40000000000000002,0.011695520426000389,0.85098457558685991,0.0008544548159234275,69,0,False,,,,True,True,P1,P1,P1
2016-11-30,VWO,6,2017-05-31,2017-05-31,11,0.13652780607261339,0.086165722532856467,0.23215314924261404,10000,0.16135330624416622,0.40000000000000002,0.06454132249766649,0.48497219653859175,-0.013172558966842314,135,1,False,-0.19635208462214671,0.32543472961747966,0.64024580512832052,False,False,P1,P1,P1
2016-11-30,VXUS,6,2017-05-31,2017-05-31,11,0.12030962266376988,0.064791026594322954,0.16775531516443132,10000,0.11627317087937714,0.40000000000000002,0.046509268351750857,0.5,0.053753090601107695,64,1,False,,,,True,True,P1,P1,P1
2016-12-30,BND,6,2017-06-30,2017-06-30,11,0.24084529330100835,0.054568461579148866,0.13290161124696137,10000,0.080282918117532437,0.40000000000000002,0.032113167247012978,0.67172957237860476,0.02653978032083679,111,1,False,-0.081791754409644327,0.1460180889036703,0.77826732206638527,False,False,P1,P1,P1
2016-12-30,DBC,6,2017-06-30,2017-06-30,11,0.35197526209463059,0.12595154149142845,0.15939662164706603,10000,0.1446370034331349,0.40000000000000002,0.057854801373253967,0.44130909973146609,0.040291334635997982,125,1,False,-0.24023863845572954,0.35594824120223745,0.76375736963122642,False,False,P1,P1,P1
2016-12-30,GLD,6,2017-06-30,2017-06-30,11,0.18749616079977338,0.087548425450290859,0.19725883586939685,10000,0.14040708777081812,0.40000000000000002,0.056162835108327251,0.51819829933548422,-0.010596129959823454,140,0,False,-0.16755322548148274,0.27987889569813723,0.66104333220366329,False,False,P1,P1,P1
2016-12-30,VDE,6,2017-06-30,2017-06-30,11,0.40782717344904118,0.060311436632983599,0.075646496006474523,10000,0.067290253026457872,0.40000000000000002,0.026916101210583149,0.54491102880643183,-0.0068837716036671565,141,0,False,-0.23859677075549932,0.29242897317666561,0.63050444210207846,False,False,P1,P1,P1
2016-12-30,VMBS,6,2017-06-30,2017-06-30,11,0.24860387729100553,0.055865570716547262,0.13408521386565281,10000,0.083305690477873728,0.40000000000000002,0.03332227619114949,0.64919144786918836,0.053254169207677025,79,1,False,-0.09070517096120484,0.15734972334350383,,False,True,P1,P1,P1
2016-12-30,VOO,6,2017-06-30,2017-06-30,11,0.17278713510642518,0.0059850262137104262,0.14943295483125782,10000,0.026481623565203928,0.40000000000000002,0.010592649426081572,0.85711472065839056,0.00095965865629500701,70,1,False,-0.17441936967800142,0.19560466853016456,,False,True,P1,P1,P1
2016-12-30,VWO,6,2017-06-30,2017-06-30,11,0.11396251680974845,0.085490035599017786,0.19865409588299099,10000,0.14292687381184294,0.40000000000000002,0.057170749524737177,0.49244629373766274,-0.012826655023931256,136,1,False,-0.20188216100572126,0.31622366005519559,0.6656211605493374,False,False,P1,P1,P1
2016-12-30,VXUS,6,2017-06-30,2017-06-30,11,0.11580130720262827,0.06394692952160845,0.069146570863890269,10000,0.06654675019274936,0.40000000000000002,0.026618700077099745,0.5,0.053445114337998055,65,1,False,,,,True,True,P1,P1,P1
2017-01-31,BND,6,2017-07-31,2017-07-31,11,0.23726445473260283,0.05356367890298995,0.12155424061946273,10000,0.076124898632222188,0.40000000000000002,0.030449959452888878,0.66817129966781696,0.028111045358716232,112,1,False,-0.087772952505082644,0.14867287141086039,0.78530034792312431,False,False,P1,P1,P1
2017-01-31,DBC,6,2017-07-31,2017-07-31,11,0.31568795550279227,0.12515156827590176,0.22953653867926255,10000,0.18372961142068378,0.40000000000000002,0.073491844568273512,0.438826845297491,0.040494815631814875,126,1,False,-0.21857190212152378,0.3655555912580708,0.79380798537984343,False,False,P1,P1,P1
2017-01-31,GLD,6,2017-07-31,2017-07-31,11,0.20145259178289243,0.086355751703063005,0.23905872283922253,10000,0.16061848284902319,0.40000000000000002,0.064247393139609282,0.51367854473674324,-0.0084715669422659613,141,0,False,-0.1555745758461084,0.28406936212532696,0.67787417717678344,False,False,P1,P1,P1
2017-01-31,VDE,6,2017-07-31,2017-07-31,11,0.37405062295085989,0.059615067410755174,0.18962784867669655,10000,0.11938669728070296,0.40000000000000002,0.04775467891228119,0.54026343188763237,-0.006474395487144304,142,0,False,-0.21431694031012943,0.30982629813469181,0.68990931514882647,False,False,P1,P1,P1
2017-01-31,VMBS,6,2017-07-31,2017-07-31,11,0.24415265992485202,0.054804492031792142,0.11858715731096441,10000,0.077843398154627097,0.40000000000000002,0.031137359261850839,0.6387904766601511,0.054938129925871812,80,1,False,-0.087692694409354066,0.14996741293305574,,False,True,P1,P1,P1
2017-01-31,VOO,6,2017-07-31,2017-07-31,11,0.17649694615046374,0.0054753947413875856,0.1602625291568022,10000,0.027558115545903331,0.40000000000000002,0.011023246218361333,0.85733490778858545,0.0023891636795402701,71,1,False,-0.17398877288572165,0.19603526532244434,,False,True,P1,P1,P1
2017-01-31,VWO,6,2017-07-31,2017-07-31,11,0.12616308519092878,0.085304112232179499,0.25093044708812501,10000,0.16850017296525235,0.40000000000000002,0.067400069186100947,0.49768820999732249,-0.011817796184656186,137,1,False,-0.18060500811999486,0.31540514649219675,0.66918510454883484,False,False,P1,P1,P1
2017-01-31,VXUS,6,2017-07-31,2017-07-31,11,0.1311628960226543,0.063483451154883283,0.13872670672597306,10000,0.10110507894042817,0.40000000000000002,0.040442031576171267,0.5,0.054493785678414258,66,1,False,,,,True,True,P1,P1,P1
2017-02-28,BND,6,2017-08-31,2017-08-31,11,0.21665296901714703,0.053139535691270813,0.097219352981813792,10000,0.068259356837108584,0.5,0.034129678418554292,0.65698993155578211,0.030084584029213667,113,1,False,-0.10046061766473724,0.16871997450184584,0.78591335485240765,False,False,P1,P1,P1
2017-02-28,DBC,6,2017-08-31,2017-08-31,11,0.2973984031578002,0.12487065766360493,0.20044287581263576,10000,0.16721611976896336,0.5,0.083608059884481681,0.43966892672315327,0.041570536118799288,127,1,False,-0.20774854846053914,0.37496466822950247,0.79674525601534874,False,False,P1,P1,P1
2017-02-28,GLD,6,2017-08-31,2017-08-31,11,0.21403979432148446,0.085713878268267665,0.17789577380345087,10000,0.13109661997401914,0.5,0.06554830998700957,0.50768270231077905,-0.0064168007423896275,142,0,False,-0.14874414055290452,0.27984076052692369,0.69371808479947161,False,False,P1,P1,P1
2017-02-28,VDE,6,2017-08-31,2017-08-31,11,0.35215884489195337,0.05934262755017445,0.18318472081849635,10000,0.11668926291932889,0.5,0.058344631459664446,0.53693745110634872,-0.0049993998942628372,143,0,False,-0.20218985873738277,0.31887912165671167,0.69824476547074643,False,False,P1,P1,P1
2017-02-28,VMBS,6,2017-08-31,2017-08-31,11,0.22408610333822954,0.054380872000620917,0.092159928513102438,10000,0.068910298378729584,0.5,0.034455149189364792,0.61541055496427177,0.057249173331375504,81,1,False,-0.13910651361963569,0.20801681199836528,,False,True,P1,P1,P1
2017-02-28,VOO,6,2017-08-31,2017-08-31,11,0.19685978041847862,0.0052979804141096692,0.14690533942119671,10000,0.028729083778647149,0.5,0.014364541889323575,0.83453470547837261,0.0041733388577535968,72,1,False,-0.17064747721475942,0.19937656099340656,,False,True,P1,P1,P1
2017-02-28,VWO,6,2017-08-31,2017-08-31,11,0.1025842724113466,0.085115782800502873,0.24208148370314195,10000,0.16401747902570724,0.5,0.082008739512853618,0.49733160957154182,-0.010504649089068115,138,1,False,-0.1622908800585163,0.32630835908422351,0.68372020102909858,False,False,P1,P1,P1
2017-02-28,VXUS,6,2017-08-31,2017-08-31,11,0.11544441808513617,0.063196565544217403,0.1463311068274594,10000,0.1047638361858384,0.5,0.0523819180929192,0.5,0.056390569059191334,67,1,False,,,,True,True,P1,P1,P1
2022-03-31,BND,6,2022-09-30,2022-09-30,22,0.080429977086604043,0.14702312899053199,-0.0092409137978745788,232.99518105153672,0.061246688457364522,0.5,0.030623344228682261,0.45108011412890864,0.063071555065232668,174,1,False,-0.148924479349648,0.21017116780701253,0.76326875245699721,False,False,P1,P1,P1
2022-03-31,DBC,6,2022-09-30,2022-09-30,22,0.11742465654158951,0.17459569868727143,-0.0016866735259840539,11.513953993264458,0.075517326710232646,0.5,0.037758663355116323,0.43795644037975673,0.05633796777724593,188,1,False,-0.2271198193676994,0.30263714607793202,0.70080273234948531,False,False,P1,P1,P1
2022-03-31,GLD,6,2022-09-30,2022-09-30,22,0.14969890921863782,0.13070724464862032,0.010190882894225142,339.32217718953228,0.067876233441164918,0.5,0.033938116720582459,0.47865160968349613,0.024662595802870908,203,1,False,-0.12251717480818088,0.19039340824934581,0.71438042776016597,False,False,P1,P1,P1
2022-03-31,VDE,6,2022-09-30,2022-09-30,22,0.058413502200869494,0.17723707815952428,-0.15308362685491783,24.420530945486497,0.012141784681995393,0.5,0.0060708923409976967,0.50019695716527768,0.027561962899450627,204,1,False,-0.43726780852859048,0.44940959321058593,0.61648666958831233,False,False,P1,P1,P1
2022-03-31,VMBS,6,2022-09-30,2022-09-30,22,0.077848987353601684,0.1490147761880577,-0.0063448864259707978,232.99518105153672,0.052146303578359691,0.5,0.026073151789179846,0.37648890979922167,0.088275134982834402,142,1,False,-0.16582777055032313,0.21797407412868283,0.7790371424309892,False,False,P1,P1,P1
2022-03-31,VOO,6,2022-09-30,2022-09-30,22,0.20224326847377183,0.098628416659732265,0.0031054988169702397,35.564803062231285,0.027848761255420736,0.5,0.013924380627710368,0.25902959203130482,0.026497353368413287,133,1,False,-0.16104616867507149,0.18889492993049223,0.63639366032780231,False,False,P1,P1,P1
2022-03-31,VWO,6,2022-09-30,2022-09-30,22,0.18956913382150131,0.11330245601849229,0.057005060169750016,51.794746792312019,0.084432690718612452,0.5,0.042216345359306226,0.48719181651943483,0.020892393958760143,199,1,False,-0.16855985509565574,0.25299254581426817,0.71624902336427143,False,False,P1,P1,P1
2022-03-31,VXUS,6,2022-09-30,2022-09-30,22,0.22002496042003639,0.12823117817590524,0.026472440677202159,24.420530945486497,0.062061780903133856,0.5,0.031030890451566928,0.34974235235952378,0.072601617936865953,128,1,False,-0.16242934259908895,0.22449112350222281,0.81364703277092265,False,False,P1,P1,P1
2022-04-29,BND,6,2022-10-31,2022-10-31,22,0.27274110875503144,0.15703074309538698,0.097646319452153754,232.99518105153672,0.1244671708483191,0.5,0.062233585424159549,0.45164791961774903,0.064124097397034466,175,1,False,-0.1123495946521739,0.23681676550049299,0.77799026380626868,False,False,P1,P1,P1
2022-04-29,DBC,6,2022-10-31,2022-10-31,22,0.29114759156461911,0.34070631154359698,0.094563506445326392,11.513953993264458,0.20289607130663606,0.5,0.10144803565331803,0.44012078605368432,0.055304432271345468,189,1,False,-0.1590175570952517,0.36191362840188779,0.74531168481581511,False,False,P1,P1,P1
2022-04-29,GLD,6,2022-10-31,2022-10-31,22,0.34439410207479515,0.13255368214742114,0.13240560917546232,339.32217718953228,0.13247660555024862,0.5,0.066238302775124311,0.4794688311250529,0.024977460327661807,204,1,False,-0.087469078799288599,0.21994568434953721,0.71003806460320651,False,False,P1,P1,P1
2022-04-29,VDE,6,2022-10-31,2022-10-31,22,-0.0028211863608795795,0.39709910503556978,0.024134320740813005,24.420530945486497,0.21200051798859124,0.5,0.10600025899429562,0.50371028354062031,0.026593298652339843,205,1,False,-0.29666232819629318,0.50866284618488444,0.7150086446183338,False,False,P1,P1,P1
2022-04-29,VMBS,6,2022-10-31,2022-10-31,22,0.27455430811768866,0.16153204566097085,0.099798411075749882,232.99518105153672,0.12310688460811893,0.5,0.061553442304059465,0.37756522338228082,0.089309009676150991,143,1,False,-0.12029083194642637,0.24339771655454528,0.78365604593202409,False,False,P1,P1,P1
2022-04-29,VOO,6,2022-10-31,2022-10-31,22,0.25859022462107406,0.15834808589919483,0.10024158918523396,35.564803062231285,0.11600448563564948,0.5,0.058002242817824741,0.27127597328765257,0.028144018422108081,134,1,False,-0.13705451922284467,0.25305900485849414,0.65458964756915372,False,False,P1,P1,P1
2022-04-29,VWO,6,2022-10-31,2022-10-31,22,0.37403251950121486,0.18277098169247402,0.13680466116481124,51.794746792312019,0.15929244600066741,0.5,0.079646223000333707,0.48922307849989666,0.022198506653649076,200,1,False,-0.15097155671840984,0.31026400271907728,0.71585942808860947,False,False,P1,P1,P1
2022-04-29,VXUS,6,2022-10-31,2022-10-31,22,0.34102481281661656,0.2160446437865535,0.14263322511215232,24.420530945486497,0.16888395301831344,0.5,0.084441976509156719,0.35758371626885388,0.074192502369955712,129,1,False,-0.1356069107771708,0.30449086379548423,0.71717216798267747,False,False,P1,P1,P1
2022-05-31,BND,6,2022-11-30,2022-11-30,22,0.14253194053198359,0.15462304999848775,-0.003802458963449276,232.99518105153672,0.068166931259766431,0.5,0.034083465629883215,0.45427905325844287,0.065906653706767196,176,1,False,-0.1561009862037647,0.22426791746353111,0.76788572455838733,False,False,P1,P1,P1
2022-05-31,DBC,6,2022-11-30,2022-11-30,22,0.24139022119554365,0.25968760307142391,0.027588952833037805,11.513953993264458,0.13000657520834072,0.5,0.065003287604170359,0.44126763456017881,0.054201140986293889,190,1,False,-0.21890268733114798,0.34890926253948867,0.70737657296165068,False,False,P1,P1,P1
2022-05-31,GLD,6,2022-11-30,2022-11-30,22,0.15089637063745565,0.1357340899915519,0.039102153557100991,339.32217718953228,0.085365054108488936,0.5,0.042682527054244468,0.47875373565311741,0.026111945410029255,205,1,False,-0.12440924776452617,0.2097743018730151,0.7175897487833871,False,False,P1,P1,P1
2022-05-31,VDE,6,2022-11-30,2022-11-30,22,0.026834844076990549,0.35687297719163596,-0.14604084349954405,24.420530945486497,0.1087871100303183,0.5,0.054393555015159148,0.5067030235511113,0.024923775216258777,206,1,False,-0.6708049886009777,0.77959209863129608,0.65684629745168288,False,False,P1,P1,P1
2022-05-31,VMBS,6,2022-11-30,2022-11-30,22,0.14458317422101219,0.15936586924251861,0.00092029898720057395,232.99518105153672,0.061380806013367324,0.5,0.030690403006683662,0.38158534144401218,0.091207989580140758,144,1,False,-0.16735124658937314,0.22873205260274046,0.78052756640065601,False,False,P1,P1,P1
2022-05-31,VOO,6,2022-11-30,2022-11-30,22,0.1185537787843659,0.12760256813065135,0.0088984159876090811,35.564803062231285,0.043099359688488187,0.5,0.021549679844244093,0.28811918608934489,0.030770797129565885,135,1,False,-0.17900242916288622,0.22210178885137438,0.64695530914976396,False,False,P1,P1,P1
2022-05-31,VWO,6,2022-11-30,2022-11-30,22,0.17540293384026806,0.12912755524302816,0.12453792816477015,51.794746792312019,0.12679588921847215,0.5,0.063397944609236076,0.49197048370191987,0.024101678007596807,201,1,False,-0.18452230658489138,0.31131819580336351,0.71971454740685614,False,False,P1,P1,P1
2022-05-31,VXUS,6,2022-11-30,2022-11-30,22,0.15054919529523936,0.15613005003754915,0.035115666107898451,24.420530945486497,0.079673380180626197,0.5,0.039836690090313098,0.36820180069363062,0.076477528845325743,130,1,False,-0.20446805861747544,0.28414143879810161,0.80611043229928281,False,False,P1,P1,P1
2022-06-30,BND,6,2022-12-30,2022-12-30,22,0.14548155724252676,0.17759255413270586,0.064864101264988192,232.99518105153672,0.11611469923133413,0.5,0.058057349615667067,0.45463764171842641,0.066894008867799878,177,1,False,-0.13137668226448429,0.2474913814958184,0.78188165109558705,False,False,P1,P1,P1
2022-06-30,DBC,6,2022-12-30,2022-12-30,22,0.22497266429397245,0.41639175714482324,-0.0023093676590451541,11.513953993264458,0.18318141175435507,0.5,0.091590705877177533,0.44301476261925354,0.052865147266654172,191,1,False,-0.19098136799981452,0.37416277975416962,0.70892650696439419,False,False,P1,P1,P1
2022-06-30,GLD,6,2022-12-30,2022-12-30,22,0.12283868775932105,0.14977461061605329,0.067502364492008859,339.32217718953228,0.1068655226939631,0.5,0.05343276134698155,0.47845002484319166,0.026650857142273689,206,1,False,-0.10671868613907642,0.21358420883303952,0.71817400230715844,False,False,P1,P1,P1
2022-06-30,VDE,6,2022-12-30,2022-12-30,22,-0.12704454027565792,0.55759180349507942,-0.17502780067935081,24.420530945486497,0.19794120729871564,0.5,0.098970603649357822,0.50908958189612663,0.023961533546859225,207,1,False,-0.4609699611703173,0.65891116846903297,0.68156304554663716,False,False,P1,P1,P1
2022-06-30,VMBS,6,2022-12-30,2022-12-30,22,0.14478157914132239,0.18438775804710708,0.055677895648489684,232.99518105153672,0.1047154786192698,0.5,0.052357739309634901,0.38099320484788968,0.092157204561913342,145,1,False,-0.14504713350258241,0.24976261212185219,0.7866804829681473,False,False,P1,P1,P1
2022-06-30,VOO,6,2022-12-30,2022-12-30,22,0.13147869994412997,0.22305882703259519,0.06617263476100832,35.564803062231285,0.11321375638764751,0.5,0.056606878193823755,0.29984233121807147,0.03278472683521836,136,1,False,-0.18681428762809685,0.30002804401574434,0.66469199794453071,False,False,P1,P1,P1
2022-06-30,VWO,6,2022-12-30,2022-12-30,22,0.16890755144078828,0.22629606183074302,0.15734617806584747,51.794746792312019,0.19135264227885734,0.5,0.095676321139428672,0.49320553358675223,0.02532028750384142,202,1,False,-0.14856815179717897,0.33992079407603631,0.71919385085785004,False,False,P1,P1,P1
2022-06-30,VXUS,6,2022-12-30,2022-12-30,22,0.11676419360476409,0.2828893212298399,0.10405719218261991,24.420530945486497,0.17080877203965764,0.5,0.085404386019828818,0.37326391075628362,0.078152926308510964,131,1,False,-0.16792827244841624,0.33873704448807385,0.72372103233092111,False,False,P1,P1,P1
2022-07-29,BND,6,2023-01-31,2023-01-31,22,0.19956313726860675,0.17156171650571533,0.020633290868452055,232.99518105153672,0.088500343577368829,0.5,0.044250171788684414,0.44966382192328935,0.06721272425094367,178,1,False,-0.13941673971466328,0.22791708329203209,0.77686957544073365,False,False,P1,P1,P1
2022-07-29,DBC,6,2023-01-31,2023-01-31,22,0.22146587965620346,0.4092106543067181,0.066232855885530004,11.513953993264458,0.2184076226978805,0.5,0.10920381134894025,0.44368693108664375,0.052024037734059038,192,1,False,-0.16385482596805878,0.38226244866593928,0.70472284340414038,False,False,P1,P1,P1
2022-07-29,GLD,6,2023-01-31,2023-01-31,22,0.083686291880335384,0.1417497139159338,0.077518212059096189,339.32217718953228,0.10826797590883945,0.5,0.054133987954419725,0.47873337787243225,0.026899312101574365,207,1,False,-0.10365968601267278,0.21192766192151224,0.72062264762410511,False,False,P1,P1,P1
2022-07-29,VDE,6,2023-01-31,2023-01-31,22,-0.0013021456999602332,0.66973731876103426,-0.31239538177436377,24.420530945486497,0.18910983466497208,0.5,0.094554917332486041,0.51062877365344439,0.023015570527692951,208,1,False,-0.41918386097737975,0.60829369564235181,0.66870570944480356,False,False,P1,P1,P1
2022-07-29,VMBS,6,2023-01-31,2023-01-31,22,0.2038393833772163,0.18108593624213859,0.024314641822957395,232.99518105153672,0.083088346786610479,0.5,0.041544173393305239,0.37490093566811833,0.092250736821058235,146,1,False,-0.15033664887367146,0.23342499566028194,0.78579379372696523,False,False,P1,P1,P1
2022-07-29,VOO,6,2023-01-31,2023-01-31,22,0.18252519931427924,0.21164356486918975,0.025319398078072423,35.564803062231285,0.08111820391457894,0.5,0.04055910195728947,0.29947165092685452,0.03342789109084697,137,1,False,-0.19435842595917352,0.27547662987375249,0.66441258512626766,False,False,P1,P1,P1
2022-07-29,VWO,6,2023-01-31,2023-01-31,22,0.10707975139504677,0.19566414654982639,0.038224539211341321,51.794746792312019,0.11606628405022333,0.5,0.058033142025111666,0.49442288477973173,0.026145298457955417,203,1,False,-0.18557365926029867,0.30163994331052202,0.72382439317482627,False,False,P1,P1,P1
2022-07-29,VXUS,6,2023-01-31,2023-01-31,22,0.10038593213249425,0.25556900623114331,-0.002954254484398274,24.420530945486497,0.094398029425533422,0.5,0.047199014712766711,0.37657069480123262,0.07881839187728551,132,1,False,-0.20144156193703347,0.29583959136256688,0.80065876235233635,False,False,P1,P1,P1
2022-08-31,BND,6,2023-02-28,2023-02-28,22,0.16515431248733936,0.14890045750799427,0.0051933596850262317,232.99518105153672,0.070702782734285874,0.5,0.035351391367142937,0.45585377508604569,0.068141725975938178,179,1,False,-0.1441848319498997,0.21488761468418557,0.77377113535399689,False,False,P1,P1,P1
2022-08-31,DBC,6,2023-02-28,2023-02-28,22,0.2407093895147564,0.33540691518028354,0.02247087915917997,11.513953993264458,0.16056254401971601,0.5,0.080281272009858004,0.44127760617260292,0.051933037416339888,193,1,False,-0.18698124919494291,0.34754379321465895,0.69935872070659177,False,False,P1,P1,P1
2022-08-31,GLD,6,2023-02-28,2023-02-28,22,0.094139601282954066,0.12684799842986158,0.071829346007748165,339.32217718953228,0.098216462012314543,0.5,0.049108231006157271,0.47960309536699425,0.027985725239509526,208,1,False,-0.12997509695784312,0.22819155897015767,0.72368339513458457,False,False,P1,P1,P1
2022-08-31,VDE,6,2023-02-28,2023-02-28,22,0.10147948184372102,0.50980297685701437,-0.25102220871534686,24.420530945486497,0.13633569418825223,0.5,0.068167847094126113,0.50912865432049759,0.022533665340736989,209,1,False,-0.38428006594181857,0.52061576013007083,0.64630787012472035,False,False,P1,P1,P1
2022-08-31,VMBS,6,2023-02-28,2023-02-28,22,0.16863907369219044,0.15636814297806148,0.0022007276725840084,232.99518105153672,0.061005161193942607,0.5,0.030502580596971304,0.38143231113293052,0.093142971580030057,147,1,False,-0.15130645980782054,0.21231162100176315,0.78482872262044368,False,False,P1,P1,P1
2022-08-31,VOO,6,2023-02-28,2023-02-28,22,0.14823766989845233,0.1665301072014993,0.03839519002494509,35.564803062231285,0.077975884836248802,0.5,0.038987942418124401,0.3088985866105986,0.03489952507779346,138,1,False,-0.18364093836797785,0.26161682320422663,0.66870702267099857,False,False,P1,P1,P1
2022-08-31,VWO,6,2023-02-28,2023-02-28,22,0.16219633168022052,0.16464511249400338,0.017628856052392408,51.794746792312019,0.09069855301473119,0.5,0.045349276507365595,0.49701780422737923,0.027471426074216508,204,1,False,-0.21786322730647784,0.30856178032120901,0.72676724187783237,False,False,P1,P1,P1
2022-08-31,VXUS,6,2023-02-28,2023-02-28,22,0.082382651046722266,0.21530288822839233,0.033992340023846587,24.420530945486497,0.10349994048461569,0.5,0.051749970242307847,0.38336214384148248,0.080512349304386222,133,1,False,-0.1951635269951294,0.29866346747974509,0.79617458688518972,False,False,P1,P1,P1
2022-09-30,BND,6,2023-03-31,2023-03-31,23,0.1836432495137712,0.12274973381117657,0.19103477670910612,10000,0.15982658924636906,0.5,0.079913294623184528,0.45702815929084378,0.068209994037664104,180,1,False,-0.094652904223197554,0.25447949346956661,0.80028524021494196,False,False,P1,P1,P1
2022-09-30,DBC,6,2023-03-31,2023-03-31,23,0.23422103897102187,0.32654135409836649,0.026903487651859896,2.559547922699533,0.1596591759870683,0.5,0.079829587993534151,0.44305377657903222,0.052270623081933955,194,1,False,-0.18470450905214045,0.34436368503920878,0.70103162130500751,False,False,P1,P1,P1
2022-09-30,GLD,6,2023-03-31,2023-03-31,23,0.048469926127491458,0.097860468696428934,0.088350968651722595,10000,0.092939661732539064,0.5,0.046469830866269532,0.48253778424143912,0.028568084971467077,209,1,False,-0.12594559627686625,0.21888525800940528,0.72628115338239296,False,False,P1,P1,P1
2022-09-30,VDE,6,2023-03-31,2023-03-31,23,0.084561576633281232,0.11995988177081846,-0.18610635553527891,10000,-0.029779614703651765,0.5,-0.014889807351825882,0.51076114179586718,0.022704521706737618,210,1,False,-0.41778072181825293,0.38800110711460117,0.59774451168008613,False,False,P1,P1,P1
2022-09-30,VMBS,6,2023-03-31,2023-03-31,23,0.18564353771525988,0.12840526003930666,0.21909261983221104,10000,0.18436179975371475,0.5,0.092180899876857375,0.38297310846636584,0.093039633848770412,148,1,False,-0.082594094000838753,0.26695589375455353,0.80426749865309854,False,False,P1,P1,P1
2022-09-30,VOO,6,2023-03-31,2023-03-31,23,0.077429070420003798,0.27225970875984329,0.0055428492047873146,35.564803062231285,0.089875392683741714,0.5,0.044937696341870857,0.31618752417691232,0.036103436900786108,139,1,False,-0.17767405465262043,0.26754944733636216,0.6752833324773746,False,False,P1,P1,P1
2022-09-30,VWO,6,2023-03-31,2023-03-31,23,0.10730222998163241,0.090890761396596048,0.15380374207947412,10000,0.12243656995502132,0.5,0.061218284977510661,0.49858028953616945,0.028262146599813021,205,1,False,-0.19783790447736535,0.32027447443238666,0.72768877010580602,False,False,P1,P1,P1
2022-09-30,VXUS,6,2023-03-31,2023-03-31,23,0.0094248185322627354,0.2391593514082154,0.13819537253527422,109.85411419875572,0.17758919502674753,0.5,0.088794597513373763,0.39017700105746361,0.081553488193308973,134,1,False,-0.15811624404864519,0.33570543907539274,0.72596211885642592,False,False,P1,P1,P1
2022-10-31,BND,6,2023-04-28,2023-04-28,23,-0.01140740586786948,0.12341414778641609,0.10608255150075754,10000,0.11405185206031451,0.5,0.057025926030157256,0.45981341984935176,0.069340000196323595,181,1,False,-0.13315645076085886,0.24720830282117334,0.79016881204239231,False,False,P1,P1,P1
2022-10-31,DBC,6,2023-04-28,2023-04-28,23,0.11640266045263392,0.30077668313590911,-0.10092952070179309,2.559547922699533,0.078628922619788974,0.5,0.039314461309894487,0.44698947042930776,0.053495633176716947,195,1,False,-0.21969177628815587,0.29832069890794483,0.69165069734893858,False,False,P1,P1,P1
2022-10-31,GLD,6,2023-04-28,2023-04-28,23,-0.1533772219467453,0.098866380062225201,0.075504274790093959,10000,0.086781515936129205,0.5,0.043390757968064603,0.48271510699371417,0.030072018386244834,210,1,False,-0.14947488042598736,0.23625639636211657,0.72930867111896813,False,False,P1,P1,P1
2022-10-31,VDE,6,2023-04-28,2023-04-28,23,0.096831150543607691,0.12273330313970583,-0.21910967327568945,10000,-0.046841748728421694,0.5,-0.023420874364210847,0.50393875677566646,0.022583546786985879,211,1,False,-0.42221120196383977,0.37536945323541804,0.59360952728067151,False,False,P1,P1,P1
2022-10-31,VMBS,6,2023-04-28,2023-04-28,23,-0.00820163954098585,0.12906395550395403,0.16701992646912625,10000,0.15230914880145843,0.5,0.076154574400729216,0.38757479504782483,0.09425785313916582,149,1,False,-0.12188630043149894,0.27419544923295736,0.80296119735083527,False,False,P1,P1,P1
2022-10-31,VOO,6,2023-04-28,2023-04-28,23,-0.025270616844599969,0.29378382119451629,-0.004080298555714579,35.564803062231285,0.091589596640891294,0.5,0.045794798320445647,0.3211863693983294,0.037692628241645307,140,1,False,-0.15717235217706593,0.24876194881795721,0.68103084998351815,False,False,P1,P1,P1
2022-10-31,VWO,6,2023-04-28,2023-04-28,23,-0.09677011974255656,0.091871384173415976,-4.6970221711004068e-05,10000,0.045897862044676552,0.5,0.022948931022338276,0.49984393833777457,0.029940643555645071,206,1,False,-0.26078710183150167,0.30668496387617816,0.73149338700669331,False,False,P1,P1,P1
2022-10-31,VXUS,6,2023-04-28,2023-04-28,23,-0.14228314554823052,0.25470263591226272,-0.0079350414173998841,109.85411419875572,0.095966684465766658,0.5,0.047983342232883329,0.39560860779601392,0.083475498005333479,135,1,False,-0.20861340796420832,0.30458009242997497,0.80886577268019932,False,False,P1,P1,P1
2022-11-30,BND,6,2023-05-31,2023-05-31,23,-0.032907576371519531,0.12330768298330573,0.15569659242866987,10000,0.1406282245738574,0.5,0.070314112286928701,0.46523233146305348,0.069742153714651395,182,1,False,-0.11729096752917346,0.25791919210303088,0.79928102352660391,False,False,P1,P1,P1
2022-11-30,DBC,6,2023-05-31,2023-05-31,23,0.050453542518885897,0.47855412965063565,0.20968205527843306,2.559547922699533,0.33122455193823813,0.5,0.16561227596911907,0.45204581748996525,0.054454279033955867,196,1,False,-0.090544628100935526,0.42176918003917363,0.73989338472895549,False,False,P1,P1,P1
2022-11-30,GLD,6,2023-05-31,2023-05-31,23,-0.13041611151209287,0.098597122409146032,0.074825495462955957,10000,0.086355428179796551,0.5,0.043177714089898275,0.48502917965774806,0.030644645648098916,211,1,False,-0.14553456900907596,0.23188999718887249,0.73154882609983141,False,False,P1,P1,P1
2022-11-30,VDE,6,2023-05-31,2023-05-31,23,0.11440339654069742,0.1238268001652032,0.34000646614006308,10000,0.23168131122202229,0.5,0.11584065561101115,0.50108854794251645,0.022603600076089674,212,1,False,-0.27826136508762778,0.50994267630965007,0.66765951213570263,False,False,P1,P1,P1
2022-11-30,VMBS,6,2023-05-31,2023-05-31,23,-0.026417905701970112,0.12899764274240755,0.20351771382901629,10000,0.17411216044713698,0.5,0.087056080223568491,0.39459910535650961,0.094593355279711466,150,1,False,-0.11034418004628009,0.28445634049341706,0.80698114973862012,False,False,P1,P1,P1
2022-11-30,VOO,6,2023-05-31,2023-05-31,23,-0.074648083269012955,0.34796404607610354,0.13053795278296837,35.564803062231285,0.20161342599921858,0.5,0.10080671299960929,0.32689486408802759,0.03826611157882772,141,1,False,-0.099798968966936949,0.30141239496615552,0.70777242454551326,False,False,P1,P1,P1
2022-11-30,VWO,6,2023-05-31,2023-05-31,23,-0.066829922379939899,0.092681318022437884,0.059332669487679263,10000,0.076005944801056644,0.5,0.038002972400528322,0.49996854583174993,0.030643359933831653,207,1,False,-0.24303837384899049,0.31904431865004712,0.73330250007791198,False,False,P1,P1,P1
2022-11-30,VXUS,6,2023-05-31,2023-05-31,23,-0.088435047709528258,0.2947965726049418,0.11821421270708944,109.85411419875572,0.18914450761981344,0.5,0.09457225380990672,0.40168392218653692,0.083968686955994562,136,1,False,-0.1587696953634348,0.34791420298324827,0.72217352199113882,False,False,P1,P1,P1
2022-12-30,BND,6,2023-06-30,2023-06-30,23,-0.0021730065174077051,0.12281340082509232,0.10744674041066722,10000,0.11462674527936,0.5,0.057313372639679998,0.4672456262489354,0.070156030236661643,183,1,False,-0.12634294978121624,0.24096969506057625,0.79424416578230861,False,False,P1,P1,P1
2022-12-30,DBC,6,2023-06-30,2023-06-30,23,0.10111544334527001,0.48198303849585566,0.08000472507072573,2.559547922699533,0.26225981316523883,0.5,0.13112990658261942,0.45339532508999109,0.05531985459365138,197,1,False,-0.12022371837733165,0.38248353154257048,0.73506331448908035,False,False,P1,P1,P1
2022-12-30,GLD,6,2023-06-30,2023-06-30,23,-0.028864497472010253,0.097982391556659998,0.069466135702797596,10000,0.083317102671021409,0.5,0.041658551335510705,0.485721794586429,0.031079523205227323,212,1,False,-0.14104902175974521,0.22436612443076659,0.73398815273924611,False,False,P1,P1,P1
2022-12-30,VDE,6,2023-06-30,2023-06-30,23,0.073944163420745723,0.1229444852539453,0.17217452652726412,10000,0.14806063420477752,0.5,0.074030317102388762,0.48982068060047734,0.021901026647208232,213,1,False,-0.31305966310278882,0.46112029730756637,0.63914023764089611,False,False,P1,P1,P1
2022-12-30,VMBS,6,2023-06-30,2023-06-30,23,-0.0013588306307765752,0.12849255185350075,0.080395665226090096,10000,0.099519584373762085,0.5,0.049759792186881042,0.3976124129575816,0.09492572762316584,151,1,False,-0.14207569869701595,0.24159528307077802,0.80244432730918314,False,False,P1,P1,P1
2022-12-30,VOO,6,2023-06-30,2023-06-30,23,-0.14654472618684777,0.30922272324441835,0.040712806179552898,35.564803062231285,0.12850910873733357,0.5,0.064254554368666783,0.32697601458262426,0.038922538257456611,142,1,False,-0.13628139002473949,0.26479049876207306,0.69922661376339035,False,False,P1,P1,P1
2022-12-30,VWO,6,2023-06-30,2023-06-30,23,-0.028006323982755266,0.091821150298614332,-0.0047680623861646645,10000,0.043403954288091212,0.5,0.021701977144045606,0.4987308140865202,0.031308091623768942,208,1,False,-0.24947978382803565,0.29288373811612683,0.73344432087145595,False,False,P1,P1,P1
2022-12-30,VXUS,6,2023-06-30,2023-06-30,23,-0.076445328426301584,0.25889846062806909,0.016646240237283963,109.85411419875572,0.11234189387539954,0.5,0.056170946937699771,0.39502487731070424,0.084208070216204564,137,1,False,-0.19716493031595253,0.30950682419135206,0.80134137641944347,False,False,P1,P1,P1
2023-01-31,BND,6,2023-07-31,2023-07-31,23,-0.063103389260131926,0.12236306264375277,0.088537232994585824,10000,0.10454559022469484,0.5,0.05227279511234742,0.47325837669448728,0.070859329731400481,184,1,False,-0.12725285451520305,0.23179844473989789,0.79330603219260054,False,False,P1,P1,P1
2023-01-31,DBC,6,2023-07-31,2023-07-31,23,-0.065314417377166922,0.39665907320461291,0.08943237931338803,2.559547922699533,0.22860638613237905,0.5,0.11430319306618952,0.45300102362936684,0.056158975932351141,198,1,False,-0.12832128884602925,0.35692767497840827,0.73551875895520324,False,False,P1,P1,P1
2023-01-31,GLD,6,2023-07-31,2023-07-31,23,-0.087715485442403152,0.097528602963634067,0.037091341979905053,10000,0.066375133026618766,0.5,0.033187566513309383,0.4845320679671028,0.031326503339852242,213,1,False,-0.14396190630698236,0.21033703933360109,0.73676784766866465,False,False,P1,P1,P1
2023-01-31,VDE,6,2023-07-31,2023-07-31,23,-0.039043478068140125,0.12126677422979322,0.19590541123589367,10000,0.15979948667916638,0.5,0.07989974333958319,0.48374308541802902,0.021792600608202768,214,1,False,-0.30154747201805132,0.46134695869721765,0.63418701292810542,False,False,P1,P1,P1
2023-01-31,VMBS,6,2023-07-31,2023-07-31,23,-0.057468836327228656,0.1280065137739502,0.090563673572579384,10000,0.10576656257868274,0.5,0.052883281289341368,0.40602926819495805,0.095642264832074081,152,1,False,-0.12885246139629589,0.23461902397497861,0.80566162790984208,False,False,P1,P1,P1
2023-01-31,VOO,6,2023-07-31,2023-07-31,23,-0.20810088205889832,0.27999662329271974,0.023718858775246616,35.564803062231285,0.10942290196962491,0.5,0.054711450984812456,0.33441856867974579,0.039926752670441379,143,1,False,-0.1442214900285724,0.25364439199819733,0.69888619631287907,False,False,P1,P1,P1
2023-01-31,VWO,6,2023-07-31,2023-07-31,23,-0.082169200431775113,0.091077694093310624,-0.016831738256454048,10000,0.036929341214831157,0.5,0.018464670607415579,0.49820556276332267,0.031670635450425769,209,1,False,-0.24477286519696673,0.28170220641179788,0.73448322091351725,False,False,P1,P1,P1
2023-01-31,VXUS,6,2023-07-31,2023-07-31,23,-0.11722522250886214,0.23122021658646461,0.0032350224835803651,109.85411419875572,0.093026017667633687,0.5,0.046513008833816843,0.39384572992723732,0.084325301099655942,138,1,False,-0.20214553118353215,0.29517154885116581,0.81990954882419331,False,False,P1,P1,P1
2023-02-28,BND,6,2023-08-31,2023-08-31,23,-0.066938611207320475,0.12198814355611082,0.12639955136473741,10000,0.12428699721910842,0.5,0.062143498609554211,0.47888434651129858,0.07136903234089205,185,1,False,-0.10703627998793583,0.23132327720704424,0.80058496061789131,False,False,P1,P1,P1
2023-02-28,DBC,6,2023-08-31,2023-08-31,23,-0.094989998359070071,0.42226958464129088,0.08000472507072573,2.559547922699533,0.23617458087764295,0.5,0.11808729043882148,0.45628363952659745,0.057086364945328053,199,1,False,-0.11919576389564689,0.35537034477328983,0.74227919342991955,False,False,P1,P1,P1
2023-02-28,GLD,6,2023-08-31,2023-08-31,23,-0.11879065105706132,0.097168796716014985,0.024302578456391138,10000,0.059592384714615601,0.5,0.029796192357307801,0.48430956211403958,0.031620022489119076,214,1,False,-0.13724876764628965,0.19684115236090524,0.73894496192719494,False,False,P1,P1,P1
2023-02-28,VDE,6,2023-08-31,2023-08-31,23,-0.12286387036358204,0.12124733315027511,0.17795311033617578,10000,0.15056430207107369,0.5,0.075282151035536843,0.48299855189908331,0.02216323726511216,215,1,False,-0.29920545814923172,0.44976976022030535,0.63587341708988676,False,False,P1,P1,P1
2023-02-28,VMBS,6,2023-08-31,2023-08-31,23,-0.060262628101555915,0.12765188683987189,0.11327933202997983,10000,0.11923104443824582,0.5,0.059615522219122911,0.41410260646003166,0.096119368157957186,153,1,False,-0.10616163609692464,0.22539268053517048,0.80912438150056165,False,False,P1,P1,P1
2023-02-28,VOO,6,2023-08-31,2023-08-31,23,-0.18240041958353426,0.27530135128268352,0.0060424484211815364,35.564803062231285,0.097496647016447252,0.5,0.048748323508223626,0.33965153101105361,0.040678911817858134,144,1,False,-0.14899605151176354,0.24649269852821082,0.69990043174240646,False,False,P1,P1,P1
2023-02-28,VWO,6,2023-08-31,2023-08-31,23,-0.089494544806962395,0.091345201945146615,-0.0061315190307122576,10000,0.042803738341417007,0.5,0.021401869170708503,0.5020199375012685,0.032292186384853365,210,1,False,-0.2387948316246887,0.28159856996610572,0.73661914422805619,False,False,P1,P1,P1
2023-02-28,VXUS,6,2023-08-31,2023-08-31,23,-0.09848655717070498,0.23647479184659462,0.0043241809523951232,109.85411419875572,0.095033349675632775,0.5,0.047516674837816388,0.3907341375232371,0.084311325199994555,139,1,False,-0.19940011740430652,0.29443346707993928,0.8210695412214809,False,False,P1,P1,P1
2019-09-30,BND,6,2020-03-31,2020-03-31,17,-0.047936727733948081,0.16146050971429796,0.042031489021340969,35.564803062231285,0.094381917906518731,0.75,0.070786438429889048,0.43833926278075053,0.061161147870433807,144,1,False,-0.13449561928372381,0.27606849614350193,0.83201307314369233,False,False,P3,P3,P3
2019-09-30,DBC,6,2020-03-31,2020-03-31,17,0.22160980517894757,0.15437141325316456,0.10784179198711774,10000,0.1267035869925148,0.75,0.095027690244386093,0.40537177161939852,0.069766711715972568,158,1,False,-0.077820731425688044,0.26787611191446026,0.87022132101158156,False,False,P3,P3,P3
2019-09-30,GLD,6,2020-03-31,2020-03-31,17,-0.094062174908311813,0.11947400636653333,0.016536363506465823,10000,0.067308026053769843,0.75,0.050481019540327382,0.49322736694410774,0.024251906917537314,173,1,False,-0.14525624918075331,0.24621828826140807,0.74046298848419767,False,False,P3,P3,P3
2019-09-30,VDE,6,2020-03-31,2020-03-31,17,0.50015536695415796,0.20642445513313723,0.12994547945489751,75.431200633546069,0.17004799659448036,0.75,0.12753599744586028,0.52436001899791473,0.033119837014757236,174,1,False,-0.10919291170027767,0.36426490659199823,0.8750672655347449,False,False,P3,P3,P3
2019-09-30,VMBS,6,2020-03-31,2020-03-31,17,-0.048120632180372103,0.14660670139270979,0.073557688198877105,51.794746792312019,0.10385811780143166,0.75,0.077893588351073739,0.41479587851725741,0.090834649371452594,112,1,False,-0.1256029728401386,0.28139014954228608,0.85461293554173146,False,False,P3,P3,P3
2019-09-30,VOO,6,2020-03-31,2020-03-31,17,0.11896782937892614,0.15584834592694122,0.086770617644587364,51.794746792312019,0.11405538357734112,0.75,0.085541537683005833,0.39498643935173727,0.040751181030290441,103,1,False,-0.069341817147898513,0.24042489251391019,0.92507914809005687,False,False,P3,P3,P3
2019-09-30,VWO,6,2020-03-31,2020-03-31,17,0.15358242989952386,0.34351601083812261,0.15642764318007474,35.564803062231285,0.25153425211542024,0.75,0.18865068908656518,0.50835126804450648,0.019376196175899248,169,1,False,-0.01387885316588558,0.39118023133901592,0.79208313373286798,False,False,P3,P3,P3
2019-09-30,VXUS,6,2020-03-31,2020-03-31,17,0.16923606210687092,0.29375078079828876,0.064237709751432892,35.564803062231285,0.17456548236337308,0.75,0.1309241117725298,0.48070365713252294,0.087019578366825043,98,1,False,-0.040357039035918113,0.30220526258097768,,False,True,P3,P3,P3
2019-10-31,BND,6,2020-04-30,2020-04-30,17,0.17922638361895982,0.1473939928414249,0.082339058324789841,35.564803062231285,0.11090114020224737,0.75,0.083175855151685518,0.43904558646744885,0.059777920270045568,145,1,False,-0.13551794400919481,0.30186965431256585,0.82566906294311326,False,False,P3,P3,P3
2019-10-31,DBC,6,2020-04-30,2020-04-30,17,0.53899332478398365,0.15484443423910868,0.12214097550009724,10000,0.13539304458323248,0.75,0.10154478343742436,0.40521919069456275,0.068938564393048199,159,1,False,-0.05321180190010423,0.25630136877495296,0.8636647280781673,False,False,P3,P3,P3
2019-10-31,GLD,6,2020-04-30,2020-04-30,17,0.088769029633306795,0.11963658956631307,0.10599903385609651,10000,0.11273320335861528,0.75,0.084549902518961467,0.4937959298288232,0.022635906334426133,174,1,False,-0.12047962103006399,0.28957942606798692,0.72450820653198478,False,False,P3,P3,P3
2019-10-31,VDE,6,2020-04-30,2020-04-30,17,0.63609646198944092,0.21162963253419109,0.18163104638710825,75.431200633546069,0.1973660241298692,0.75,0.14802451809740191,0.52452397808391715,0.033074701213210801,175,1,False,-0.081446958087483118,0.37749599428228697,0.89878580970050881,False,False,P3,P3,P3
2019-10-31,VMBS,6,2020-04-30,2020-04-30,17,0.20199681286740567,0.13369613168308042,0.090568052124871276,51.794746792312019,0.10859622591419697,0.75,0.081447169435647726,0.41801475915461084,0.088959402246064204,113,1,False,-0.13377586491992483,0.29667020379122028,0.83514747412942059,False,False,P3,P3,P3
2019-10-31,VOO,6,2020-04-30,2020-04-30,17,0.2876563822510575,0.14640231991608127,0.094181401521053795,51.794746792312019,0.1146030774740117,0.75,0.085952308105508773,0.39106313294755235,0.039145638919949481,104,1,False,-0.073431417616884515,0.24533603382790206,0.85923185933415369,False,False,P3,P3,P3
2019-10-31,VWO,6,2020-04-30,2020-04-30,17,0.38633298499327573,0.31017742062224074,0.15796065294803333,35.564803062231285,0.23502075646915435,0.75,0.17626556735186577,0.50625239714756198,0.018840733003878812,170,1,False,-0.025750977582942508,0.37828211228667408,0.76281014545030867,False,False,P3,P3,P3
2019-10-31,VXUS,6,2020-04-30,2020-04-30,17,0.39843882330248848,0.27272696025388388,0.083298056083574032,35.564803062231285,0.16964684716091885,0.75,0.12723513537068915,0.45583746290223598,0.085066902347687101,99,1,False,-0.058242324373818904,0.31271259511519722,0.96983962614638497,False,False,P3,P3,P3
2019-11-29,BND,6,2020-05-29,2020-05-29,17,0.042071263941570791,0.13767845902206777,0.10536554929761852,35.564803062231285,0.11955148418599139,0.75,0.089663613139493545,0.43901756323848595,0.058579672340517197,146,1,False,-0.15039663988549845,0.32972386616448551,0.81133307649457054,False,False,P3,P3,P3
2019-11-29,DBC,6,2020-05-29,2020-05-29,17,0.31689500155472816,0.15464943447970206,0.20103961913700127,10000,0.18222810079112514,0.75,0.13667107559334385,0.40550643384680413,0.06795690679525504,160,1,False,-0.050463914656228404,0.3238060658429161,0.87818202617442798,False,False,P3,P3,P3
2019-11-29,GLD,6,2020-05-29,2020-05-29,17,-0.083256126440417688,0.11972578020351293,0.12364763610004695,10000,0.12170604451703324,0.75,0.091279533387774919,0.49506958803091683,0.021397736854584855,175,1,False,-0.12267545417044901,0.30523452094599884,0.71075697726258957,False,False,P3,P3,P3
2019-11-29,VDE,6,2020-05-29,2020-05-29,17,0.41500990540671978,0.19668443432924557,0.19738904646981006,75.431200633546069,0.19702160938969185,0.75,0.14776620704226889,0.52147423946432292,0.032505552674168763,176,1,False,-0.073471487857414419,0.36900390194195221,0.88510212417999268,False,False,P3,P3,P3
2019-11-29,VMBS,6,2020-05-29,2020-05-29,17,0.062061661190504713,0.12806028623207102,0.11311598055487278,51.794746792312019,0.11937647062296966,0.75,0.089532352967227252,0.41892144093713396,0.087279131493544604,114,1,False,-0.1414087180923253,0.32047342402677981,0.82070060187413185,False,False,P3,P3,P3
2019-11-29,VOO,6,2020-05-29,2020-05-29,17,0.12040981033073361,0.14393566064376351,0.10568647990857444,51.794746792312019,0.12017504218712521,0.75,0.09013128164034391,0.37879405519453041,0.036592034999511532,105,1,False,-0.076999420573183444,0.25726198385387128,0.81555360347385042,False,False,P3,P3,P3
2019-11-29,VWO,6,2020-05-29,2020-05-29,17,0.19740784369020947,0.31663079476644568,0.17760726465293022,35.564803062231285,0.24766585406503716,0.75,0.18574939054877787,0.50393332232970012,0.01796282517330737,171,1,False,-0.02542191568401983,0.3969206967815756,0.7312864331680109,False,False,P3,P3,P3
2019-11-29,VXUS,6,2020-05-29,2020-05-29,17,0.20746876169157713,0.2814515248464442,0.083298056083574032,35.564803062231285,0.16932975969293465,0.75,0.12699731976970099,0.4341670329895389,0.082571866177986356,100,1,False,-0.089134302843396046,0.34312894238279801,1,False,False,P3,P3,P3
2019-12-31,BND,6,2020-06-30,2020-06-30,17,0.054220729163718451,0.14396423206221576,0.095463078895613562,35.564803062231285,0.11681274381306363,0.75,0.087609557859797724,0.44018881044155067,0.057352141504327971,147,1,False,-0.16715246912060633,0.3423715848402018,0.793194407958977,False,False,P3,P3,P3
2019-12-31,DBC,6,2020-06-30,2020-06-30,17,0.36578051133903511,0.1553403622266048,0.19441436085011396,10000,0.17852992302766793,0.75,0.13389744227075095,0.40652194251982754,0.066706319344932846,161,1,False,-0.08526261349339187,0.35305749803489378,0.86404784043565797,False,False,P3,P3,P3
2019-12-31,GLD,6,2020-06-30,2020-06-30,17,-0.054939039574981585,0.12007810374788919,0.13735752928602185,10000,0.12875756682681477,0.75,0.09656817512011108,0.49769955836948732,0.020346760465410299,176,1,False,-0.13612213363506376,0.32925848387528589,0.69644584691416744,False,False,P3,P3,P3
2019-12-31,VDE,6,2020-06-30,2020-06-30,17,0.5029492426277139,0.21887535367167482,0.15871240510134593,75.431200633546069,0.19008074993921681,0.75,0.14256056245441262,0.52138975205316163,0.031941708540898867,177,1,False,-0.07740585318750931,0.36252697809633455,0.86540978051217632,False,False,P3,P3,P3
2019-12-31,VMBS,6,2020-06-30,2020-06-30,17,0.081912343227559248,0.13089111137211429,0.10279994995504961,51.794746792312019,0.11464523392938536,0.75,0.08598392544703902,0.4216729881143339,0.085503547928640289,115,1,False,-0.15068970809926907,0.32265755899334714,0.79993896012110022,False,False,P3,P3,P3
2019-12-31,VOO,6,2020-06-30,2020-06-30,17,0.17706274622498952,0.14220918442653291,0.10568647990857444,51.794746792312019,0.11936728416605487,0.75,0.089525463124541155,0.37458354845418085,0.034286121839904746,106,1,False,-0.089105028662524816,0.26815595491160715,0.7689383615004759,False,False,P3,P3,P3
2019-12-31,VWO,6,2020-06-30,2020-06-30,17,0.22313791767695967,0.31558681297121793,0.12745260259962307,35.564803062231285,0.22214521680412311,0.75,0.16660891260309232,0.50332480210519459,0.016868123414750701,172,1,False,-0.066206489002168967,0.39942431420835361,0.71437654010191298,False,False,P3,P3,P3
2019-12-31,VXUS,6,2020-06-30,2020-06-30,17,0.23398806248320736,0.26808295245373248,0.088677739524172586,35.564803062231285,0.16441347281238747,0.75,0.12331010460929059,0.42214901145570999,0.080043506562891498,101,1,False,-0.1023817307950193,0.34900194001360052,0.8553792450601575,False,False,P3,P3,P3
2020-01-31,BND,6,2020-07-31,2020-07-31,17,0.063700481399795006,0.21459424757817669,0.072793301986299352,35.564803062231285,0.13497268823064545,0.5,0.067486344115322727,0.43849768409377859,0.056791988809026944,148,1,False,-0.18186331475041467,0.31683600298106013,0.78125903399536023,False,False,P3,P3,P3
2020-01-31,DBC,6,2020-07-31,2020-07-31,17,0.23496562621931594,0.15515349680438187,0.11069688532395131,10000,0.12877396571497807,0.5,0.064386982857489033,0.40662299237502908,0.066694093503608776,162,1,False,-0.15159839115479046,0.28037235686976852,0.83828474089622385,False,False,P3,P3,P3
2020-01-31,GLD,6,2020-07-31,2020-07-31,17,-0.11926369455935748,0.12121316962715399,0.084586478212651375,10000,0.10284228987533708,0.5,0.051421144937668542,0.49842917712892809,0.019682579784681652,177,1,False,-0.19126217582644583,0.29410446570178289,0.69293424843649998,False,False,P3,P3,P3
2020-01-31,VDE,6,2020-07-31,2020-07-31,17,0.43570062452964176,0.27436146776205911,0.11261124562495559,75.431200633546069,0.19707582228895013,0.5,0.098537911144475063,0.52219141060839014,0.032525315201682337,178,1,False,-0.11349214041837184,0.31056796270732195,0.87396198468295161,False,False,P3,P3,P3
2020-01-31,VMBS,6,2020-07-31,2020-07-31,17,0.094455960222751711,0.18791690306110456,0.09225026985167202,51.794746792312019,0.13247572913546257,0.5,0.066237864567731286,0.42047533120277519,0.084722982429339316,116,1,False,-0.17042473007590184,0.30290045921136444,0.78755570393820817,False,False,P3,P3,P3
2020-01-31,VOO,6,2020-07-31,2020-07-31,17,0.09792008554529863,0.2107249202600886,0.091312498317285148,51.794746792312019,0.13502571322715834,0.5,0.06751285661357917,0.3660692430374714,0.033442063620418405,107,1,False,-0.10917715125463484,0.24420286448179318,0.68603393901367693,False,False,P3,P3,P3
2020-01-31,VWO,6,2020-07-31,2020-07-31,17,0.092387413861986456,0.44853895190300835,0.11433283395038552,35.564803062231285,0.28180594871492204,0.5,0.14090297435746102,0.50110726814485662,0.016826724452931482,173,1,False,-0.083389587440977547,0.36519553615589961,0.70600114397801583,False,False,P3,P3,P3
2020-01-31,VXUS,6,2020-07-31,2020-07-31,17,0.16307784015064619,0.33973102809692224,0.049849276146962898,35.564803062231285,0.16681028946468754,0.5,0.083405144732343769,0.403478358092423,0.079071982960588941,102,1,False,-0.13852942620295461,0.30533971566764218,0.83194784913963116,False,False,P3,P3,P3
2020-02-28,BND,6,2020-08-31,2020-08-31,17,0.25520425967367455,0.16975039006844247,0.063455019856852604,35.564803062231285,0.1099413835810205,0.5,0.05497069179051025,0.4373319706364715,0.056169804621075112,149,1,False,-0.1929672297384247,0.30290861331944519,0.75955086990454157,False,False,P3,P3,P3
2020-02-28,DBC,6,2020-08-31,2020-08-31,17,0.28819412030490699,0.15427327898639656,0.12312682657452523,10000,0.13578217146237362,0.5,0.067891085731186809,0.40631737831641007,0.066682417109692263,163,1,False,-0.13449682975495209,0.27027900121732568,0.84479465148954525,False,False,P3,P3,P3
2020-02-28,GLD,6,2020-08-31,2020-08-31,17,0.041097903400893809,0.11951289250658766,0.12398579304948351,10000,0.12175721244834747,0.5,0.060878606224173737,0.4982405890235177,0.019374117751044119,178,1,False,-0.18162092435770918,0.30337813680605663,0.67377662086973644,False,False,P3,P3,P3
2020-02-28,VDE,6,2020-08-31,2020-08-31,17,0.46226735035290656,0.1846908762275804,0.14949991591851461,75.431200633546069,0.16790077839796644,0.5,0.083950389198983219,0.52288605703980928,0.033323788392235112,179,1,False,-0.11610243497366531,0.28400321337163176,0.85339353640741755,False,False,P3,P3,P3
2020-02-28,VMBS,6,2020-08-31,2020-08-31,17,0.26345340782656379,0.1514142865047664,0.089296239862660123,51.794746792312019,0.11534864119145895,0.5,0.057674320595729474,0.41940149018046197,0.083770797502911221,117,1,False,-0.17404604953734559,0.28939469072880453,0.77066001539021911,False,False,P3,P3,P3
2020-02-28,VOO,6,2020-08-31,2020-08-31,17,0.087007197418536464,0.1452197760521666,0.094900253273734955,51.794746792312019,0.11294543780261286,0.5,0.05647271890130643,0.35861199654724452,0.03290654165542669,108,1,False,-0.11830895997297919,0.23125439777559204,0.67956716417694885,False,False,P3,P3,P3
2020-02-28,VWO,6,2020-08-31,2020-08-31,17,0.16292194064488297,0.33318577616385725,0.18461629023294721,35.564803062231285,0.25875348106052704,0.5,0.12937674053026352,0.49900684762452641,0.016550603943675146,174,1,False,-0.091109745610633203,0.34986322667116021,0.68370805778094879,False,False,P3,P3,P3
2020-02-28,VXUS,6,2020-08-31,2020-08-31,17,0.19863342036002907,0.26897934815750546,0.078646739509188088,35.564803062231285,0.15241542340266126,0.5,0.07620771170133063,0.38757774832886122,0.07817411053041555,103,1,False,-0.14572114275630382,0.29813656615896511,0.97383878627706555,False,False,P3,P3,P3
2020-03-31,BND,6,2020-09-30,2020-09-30,18,0.22550997037105169,0.12649312630335591,0.2342555969097464,10000,0.18769046299322958,0.5,0.093845231496614792,0.43210900468864538,0.055475761072041628,150,1,False,-0.15301255337359848,0.34070301636682809,0.7595263653730937,False,False,P3,P3,P3
2020-03-31,DBC,6,2020-09-30,2020-09-30,18,0.12845268262334852,0.18051468028653467,0.20227530655882778,10000,0.19338562590097419,0.5,0.096692812950487095,0.40852136085680724,0.0676270963052365,164,1,False,-0.090441979585532711,0.28382760548650687,0.87876731044900491,False,False,P3,P3,P3
2020-03-31,GLD,6,2020-09-30,2020-09-30,18,0.1133969655481859,0.13265372528616995,0.16738872196271037,10000,0.1501768192920534,0.5,0.075088409646026699,0.49552049280262828,0.018740395445684593,179,1,False,-0.16686637778851351,0.31704319708056694,0.65257828391037798,False,False,P3,P3,P3
2020-03-31,VDE,6,2020-09-30,2020-09-30,18,0.14654225698777124,0.16751916534114425,0.18761336582942162,10000,0.17706552144350554,0.5,0.088532760721752771,0.52491983406204956,0.035917297162023569,180,1,False,-0.14093002433917085,0.31799554578267636,0.86411535490948876,False,False,P3,P3,P3
2020-03-31,VMBS,6,2020-09-30,2020-09-30,18,0.25393119031417832,0.1288107991497118,0.25369852168582158,10000,0.20172800973028768,0.5,0.10086400486514384,0.41613787888963438,0.082653073522544418,118,1,False,-0.13007726888350163,0.33180527861378933,0.76012782567822268,False,False,P3,P3,P3
2020-03-31,VOO,6,2020-09-30,2020-09-30,18,-0.046721794812728312,0.12277551724485852,0.10887512091890697,75.431200633546069,0.11386695501042449,0.5,0.056933477505212243,0.35911451547593248,0.033696094753807415,109,1,False,-0.11783993387551606,0.23170688888594054,0.69130781937438524,False,False,P3,P3,P3
2020-03-31,VWO,6,2020-09-30,2020-09-30,18,-0.036214354809998683,0.12398421356972232,0.22960248212550727,10000,0.17761737415575923,0.5,0.088808687077879617,0.49219807028261214,0.01733364294913714,175,1,False,-0.13051393007510509,0.30813130423086432,0.72884246705442868,False,False,P3,P3,P3
2020-03-31,VXUS,6,2020-09-30,2020-09-30,18,0.0047539902993622984,0.27207651311494252,0.19461546224526069,35.564803062231285,0.22469234508088318,0.5,0.11234617254044159,0.38828395042332869,0.079049706218650678,104,1,False,-0.10387412820606377,0.32856647328694694,0.00029270062575213952,False,False,P3,P3,P3
2020-04-30,BND,6,2020-10-30,2020-10-30,18,0.10041293341079194,0.12498077999194282,0.086165505228939496,10000,0.10308569426138441,0.75,0.077314270696038301,0.43591573512632548,0.05629530161870995,151,1,False,-0.16273442222168935,0.31736296361376592,0.75208885576203566,False,False,P3,P3,P3
2020-04-30,DBC,6,2020-10-30,2020-10-30,18,-0.070698854435351954,0.17816487524953509,-0.085623265034740298,10000,0.02308829641356375,0.75,0.017316222310172814,0.41211694100860391,0.070483861326319827,165,1,False,-0.20687717356386853,0.24150961818421418,0.76683160530448025,False,False,P3,P3,P3
2020-04-30,GLD,6,2020-10-30,2020-10-30,18,0.028169812559237339,0.13012399866539362,-0.06340415800700501,10000,0.032424078040247203,0.75,0.024318058530185403,0.49516430939539574,0.019129443413393604,180,1,False,-0.20906983993992095,0.25770595700029175,0.70964649642807587,False,False,P3,P3,P3
2020-04-30,VDE,6,2020-10-30,2020-10-30,18,0.241590578203698,0.16468283654143639,-0.15108810065889472,10000,0.014748613738138622,0.75,0.011061460303603967,0.52518042308568558,0.039233204150020344,181,1,False,-0.2369313646523471,0.25905428525955504,0.67020759282465159,False,False,P3,P3,P3
2020-04-30,VMBS,6,2020-10-30,2020-10-30,18,0.1044867755618879,0.1274553340068455,0.15641260494015138,10000,0.14424751449232034,0.75,0.10818563586924027,0.42010486678283837,0.083655962088467609,119,1,False,-0.12275555203461291,0.33912682377309344,0.76063264676321551,False,False,P3,P3,P3
2020-04-30,VOO,6,2020-10-30,2020-10-30,18,-0.051948697887240325,0.051899534101470704,-0.050225981307743077,75.431200633546069,-0.012604881707827413,0.75,-0.0094536612808705598,0.36838100105707255,0.036004824640146052,110,1,False,-0.18808476149093875,0.16917743892919765,0.88437260044472077,False,False,P3,P3,P3
2020-04-30,VWO,6,2020-10-30,2020-10-30,18,-0.15438619745283666,0.12147774468502316,-0.070284926697749051,10000,0.025168416227928533,0.75,0.018876312170946399,0.49776811220545514,0.019430230119842459,176,1,False,-0.19697839864540181,0.23473102298729462,0.77224850828223801,False,False,P3,P3,P3
2020-04-30,VXUS,6,2020-10-30,2020-10-30,18,-0.06147807539018979,0.16198849476285967,-0.049305371026074379,35.564803062231285,0.037921114473271109,0.75,0.028440835854953331,0.41282071854597935,0.082091507333734839,105,1,False,-0.22142446521242043,0.27830613692232709,0.99999999999998845,False,False,P3,P3,P3
2020-05-29,BND,6,2020-11-30,2020-11-30,18,0.12511593531995846,0.12661431088292344,0.072707500187724025,10000,0.09614541156490411,0.75,0.072109058673678089,0.43478571770277863,0.056201722423465612,152,1,False,-0.16730936039621094,0.31152747774356715,0.75438171079435479,False,False,P3,P3,P3
2020-05-29,DBC,6,2020-11-30,2020-11-30,18,-0.049117850216836789,0.17842071684602323,-0.077392639159861012,10000,0.027846282110918625,0.75,0.02088471158318897,0.41138947126888448,0.071968265785527105,166,1,False,-0.19509474427926726,0.2368641674456452,0.77168482501276126,False,False,P3,P3,P3
2020-05-29,GLD,6,2020-11-30,2020-11-30,18,0.11107976115919871,0.1322477402476159,-0.052538951204827961,10000,0.038989462996576268,0.75,0.029242097247432201,0.49531929752072923,0.01856377728160459,181,1,False,-0.2034473797859406,0.26193157428080499,0.70105670380275031,False,False,P3,P3,P3
2020-05-29,VDE,6,2020-11-30,2020-11-30,18,0.088577038482994697,0.16578947928226559,-0.10091051944017454,10000,0.039055979600163805,0.75,0.029291984700122856,0.52480877281894622,0.041297911299782435,182,1,False,-0.23929044153400897,0.29787441093425465,0.7090253436385151,False,False,P3,P3,P3
2020-05-29,VMBS,6,2020-11-30,2020-11-30,18,0.14073189406765407,0.12890989317594298,0.13138448343334691,10000,0.13034582068398809,0.75,0.097759365512991067,0.41973120448977336,0.083476009580984611,120,1,False,-0.12824006407761168,0.32375879510359384,0.76458407792323368,False,False,P3,P3,P3
2020-05-29,VOO,6,2020-11-30,2020-11-30,18,-0.064746564623193725,0.12445677925200042,0.017707572594796741,75.431200633546069,0.056995695024183411,0.75,0.042746771268137557,0.3680413528088306,0.036765229916637832,111,1,False,-0.13588409233298532,0.22137763486926043,0.80461563347424492,False,False,P3,P3,P3
2020-05-29,VWO,6,2020-11-30,2020-11-30,18,-0.18232123172851389,0.12212729370849904,-0.060841638144702732,10000,0.029584306797205969,0.75,0.022188230097904476,0.49421475015473421,0.020435753360353005,177,1,False,-0.18796033508451759,0.23233679528032652,0.77039912516465636,False,False,P3,P3,P3
2020-05-29,VXUS,6,2020-11-30,2020-11-30,18,-0.11086790829743198,0.21409908026030608,-0.029103858701698852,35.564803062231285,0.072961384619828137,0.75,0.0547210384648711,0.41967109343802966,0.08327431162012959,106,1,False,-0.17132195058742811,0.28076402751717028,0.99999999999438383,False,False,P3,P3,P3
2020-06-30,BND,6,2020-12-31,2020-12-31,18,0.25865439009357827,0.12721233414852454,0.06283899366843837,10000,0.090697091885546949,0.75,0.068022818914160205,0.43275831282557808,0.056188774755101256,153,1,False,-0.17060764130851527,0.30665327913683571,0.75658789815161931,False,False,P3,P3,P3
2020-06-30,DBC,6,2020-12-31,2020-12-31,18,0.05251707015419349,0.17890895089029601,-0.027334687978556101,10000,0.057477938763849656,0.75,0.043108454072887242,0.41122541867260742,0.073727620549320569,167,1,False,-0.18931387843095657,0.27553078657673102,0.79743551075574359,False,False,P3,P3,P3
2020-06-30,GLD,6,2020-12-31,2020-12-31,18,0.20146014240777821,0.13343859010304165,-0.087564417824195245,10000,0.022011809124855022,0.75,0.016508856843641267,0.49581328316186168,0.018159915650524452,182,1,False,-0.21463736996456459,0.2476550836518471,0.70397359609835786,False,False,P3,P3,P3
2020-06-30,VDE,6,2020-12-31,2020-12-31,18,0.17868006535515613,0.16653893534102035,-0.097721441173494294,10000,0.041331796915444523,0.75,0.03099884768658339,0.52619783534328401,0.04382059617042687,183,1,False,-0.27408454933353948,0.33608224470670628,0.71397283598201022,False,False,P3,P3,P3
2020-06-30,VMBS,6,2020-12-31,2020-12-31,18,0.26827208352221565,0.12934097955655868,0.10764612907246061,10000,0.11671941398143588,0.75,0.087539560486076917,0.41822297487718679,0.083463086718559606,121,1,False,-0.13376814798771203,0.30884726895986586,0.76866655635101344,False,False,P3,P3,P3
2020-06-30,VOO,6,2020-12-31,2020-12-31,18,0.015291643822863854,0.14568642693735065,0.01853300618769765,75.431200633546069,0.065922124584763306,0.75,0.049441593438572476,0.3726924381402848,0.038017886312248117,112,1,False,-0.12725582022864146,0.22613900710578638,0.79687334137477328,False,False,P3,P3,P3
2020-06-30,VWO,6,2020-12-31,2020-12-31,18,-0.014485524201414579,0.12306245860647051,0.013215342460697619,10000,0.067520324926949538,0.75,0.050640243695212153,0.49436875879550946,0.021574529564378886,178,1,False,-0.1594346864589653,0.26071517384938958,0.76604561175205255,False,False,P3,P3,P3
2020-06-30,VXUS,6,2020-12-31,2020-12-31,18,0.021488584433862146,0.2344134419028937,0.0027432643449858173,35.564803062231285,0.10287998283058145,0.75,0.077159987122936091,0.43223827745617205,0.084682851347821914,107,1,False,-0.14882016390814401,0.30314013815401619,0.99999999597873557,False,False,P3,P3,P3
2020-07-31,BND,6,2021-01-29,2021-01-29,18,0.022148526282360859,0.12669650445595443,0.0042704865740599111,10000,0.056445051342071111,0.75,0.042333788506553331,0.42617219501776549,0.056237552070975881,154,1,False,-0.19247543883773816,0.27714301585084483,0.75354584348329023,False,False,P3,P3,P3
2020-07-31,DBC,6,2021-01-29,2021-01-29,18,-0.16277668610836749,0.18004406924144833,-0.027164247953065438,10000,0.058471160083169285,0.75,0.043853370062376967,0.4132817118332453,0.074687370583070525,168,1,False,-0.18694142054321541,0.27464816066796938,0.79982584313804828,False,False,P3,P3,P3
2020-07-31,GLD,6,2021-01-29,2021-01-29,18,0.080239358890345058,0.13352206275014855,-0.053460107453294707,10000,0.039081043444460624,0.75,0.02931078258334547,0.49491965355342316,0.017408966960852965,183,1,False,-0.19783974863104911,0.25646131379774006,0.689694473766987,False,False,P3,P3,P3
2020-07-31,VDE,6,2021-01-29,2021-01-29,18,-0.14519139330556574,0.16695281491122585,-0.097721441173494294,10000,0.042760268354557797,0.75,0.032070201265918349,0.53077209550401083,0.045950378933248694,184,1,False,-0.30055218005396162,0.36469258258579834,0.7175075224256815,False,False,P3,P3,P3
2020-07-31,VMBS,6,2021-01-29,2021-01-29,18,0.0077008797063464751,0.12877649870417693,0.063449733128913985,10000,0.090407940507413229,0.75,0.067805955380559918,0.41266710728913547,0.083553192239085777,122,1,False,-0.15348542930941433,0.28909734007053417,0.77210439998561686,False,False,P3,P3,P3
2020-07-31,VOO,6,2021-01-29,2021-01-29,18,-0.13196520603752826,0.12204195769731682,0.00044648484164106438,75.431200633546069,0.04476686870721712,0.75,0.033575151530412836,0.36449041090683415,0.038547994270062724,113,1,False,-0.14120841831314385,0.20835872137396955,0.82336152096096005,False,False,P3,P3,P3
2020-07-31,VWO,6,2021-01-29,2021-01-29,18,-0.20936571516520264,0.12342841883642068,0.020164581942514245,10000,0.070010494968124559,0.75,0.052507871226093419,0.4827044445077337,0.021970132269952113,179,1,False,-0.15268120242908412,0.25769694488127098,0.76704999561853215,False,False,P3,P3,P3
2020-07-31,VXUS,6,2021-01-29,2021-01-29,18,-0.18565831043157432,0.24282313073628875,0.033948353489405288,35.564803062231285,0.12334424693306673,0.75,0.092508185199800044,0.42798797739948413,0.085408730873773986,108,1,False,-0.12944018893766246,0.31445655933726258,0.99999965537407198,False,False,P3,P3,P3
2020-08-31,BND,6,2021-02-26,2021-02-26,18,-0.024621363001621988,0.12722943806906997,0.10747207067354374,10000,0.11601637622061289,0.75,0.08701228216545967,0.4324617433091768,0.057521208249057813,155,1,False,-0.13187360644446017,0.30589817077537951,0.76689595358545648,False,False,P3,P3,P3
2020-08-31,DBC,6,2021-02-26,2021-02-26,18,-0.27349975862141529,0.1813734214787342,0.19896724081989192,10000,0.19166329471999635,0.75,0.14374747103999727,0.41514272474136743,0.075950724131720437,169,1,False,-0.0838891735329165,0.37138411561291107,0.88887955693372867,False,False,P3,P3,P3
2020-08-31,GLD,6,2021-02-26,2021-02-26,18,0.083644422180986999,0.13483027078779447,0.096583839684744682,10000,0.11551793142557003,0.75,0.086638448569177517,0.49505512526933615,0.017537711180635789,184,1,False,-0.13147855980032272,0.30475545693867778,0.65234295405164611,False,False,P3,P3,P3
2020-08-31,VDE,6,2021-02-26,2021-02-26,18,-0.43044789387408866,0.1681228258722077,0.25759151488459853,10000,0.21005818661175465,0.75,0.15754363995881598,0.53128450631774438,0.048200740940922519,185,1,False,-0.22091723100173788,0.53600451091936985,0.90131744453843865,False,False,P3,P3,P3
2020-08-31,VMBS,6,2021-02-26,2021-02-26,18,-0.034613582499270268,0.12919407321170601,0.15522191606530927,10000,0.14433255217547294,0.75,0.10824941413160472,0.4183736605098185,0.085015795617845752,123,1,False,-0.10696809692917839,0.32346692519238784,0.77805512321007408,False,False,P3,P3,P3
2020-08-31,VOO,6,2021-02-26,2021-02-26,18,-0.13309763324174428,0.15037449493128946,0.13595615591040977,75.431200633546069,0.14115842780400537,0.75,0.10586882085300403,0.36080937520348366,0.038973074999435302,114,1,False,-0.068907303299047762,0.28064494500505582,0.71463483258972593,False,False,P3,P3,P3
2020-08-31,VWO,6,2021-02-26,2021-02-26,18,-0.21991844628792923,0.12437555800969546,0.18245975843312326,10000,0.15471638795287268,0.75,0.11603729096465451,0.47764056796864351,0.022753197872035065,180,1,False,-0.08650654393326615,0.31858112586257514,0.76910163879004678,False,False,P3,P3,P3
2020-08-31,VXUS,6,2021-02-26,2021-02-26,18,-0.19775300192412948,0.30189175098237275,0.15216621656127852,35.564803062231285,0.21715397881924248,0.75,0.16286548411443186,0.43404595287794867,0.086447489492913934,109,1,False,-0.059077661537362436,0.38480862976622615,0.00035848109384066079,False,False,P3,P3,P3
2017-03-31,BND,6,2017-09-29,2017-09-29,12,0.21220216865643216,0.05564032843960557,0.067520310876170442,10000,0.060643562644828237,0.5,0.030321781322414119,0.57885171700057203,0.032368228860965603,114,1,False,-0.13995136769124619,0.20059493033607442,0.72911021863790904,False,False,M1,M1,M1
2017-03-31,DBC,6,2017-09-29,2017-09-29,12,0.22334282777208925,0.13730922162829351,0.010441645001263463,10000,0.061737280384878634,0.5,0.030868640192439317,0.40432423119751049,0.043220523360191762,128,1,False,-0.23722280603364024,0.2989600864185189,0.73383030358304757,False,False,M1,M1,M1
2017-03-31,GLD,6,2017-09-29,2017-09-29,12,0.21174431299868335,0.13087249420583952,-0.016256162300580468,159.98587196060572,0.063172381389706808,0.5,0.031586190694853404,0.53985773795753644,-0.0041259744853085912,143,0,False,-0.20952547828585452,0.27269785967556132,0.66575035565625718,False,False,M1,M1,M1
2017-03-31,VDE,6,2017-09-29,2017-09-29,12,0.25017925401698016,0.069898727902008392,-0.033483821845867422,10000,0.022898648296069576,0.5,0.011449324148034788,0.54537705134415571,-0.0031278751592938212,144,0,False,-0.23276583429549499,0.25566448259156455,0.5981215486168312,False,False,M1,M1,M1
2017-03-31,VMBS,6,2017-09-29,2017-09-29,12,0.21996558938625288,0.058486900267597813,0.037772225337994014,10000,0.048250162237339717,0.5,0.024125081118669858,0.50582193227524186,0.059982131073518768,82,1,False,-0.15483775348245737,0.20308791571979712,,False,True,M1,M1,M1
2017-03-31,VOO,6,2017-09-29,2017-09-29,12,0.15893064693335668,0.0096003254745193386,0.054724789223504079,10000,0.019474171600388751,0.5,0.0097370858001943755,0.78118640521037619,0.0063821869398072309,73,1,False,-0.14938695623155768,0.1688611278319464,,False,True,M1,M1,M1
2017-03-31,VWO,6,2017-09-29,2017-09-29,12,0.1193094092786644,0.082422233193423677,-0.017146644747207361,10000,0.027236986712966631,0.5,0.013618493356483316,0.44575807599878936,-0.0089640442221779817,139,1,False,-0.22325164356806862,0.25048863028103524,0.71809694363612242,False,False,M1,M1,M1
2017-03-31,VXUS,6,2017-09-29,2017-09-29,12,0.11648041446295632,0.061592063165832128,0.013315060664382278,10000,0.015696321650726031,0.5,0.0078481608253630156,0.049324955215938299,0.058523700611152335,68,1,False,,,,True,True,M1,M1,M1
2017-04-28,BND,6,2017-10-31,2017-10-31,12,0.21757296341207155,0.05508033516122144,0.064395256411174134,10000,0.059154410049974564,0.5,0.029577205024987282,0.56262916460256562,0.034620103011357921,115,1,False,-0.20511123254528665,0.2642656425952612,0.73741093254531065,False,False,M1,M1,M1
2017-04-28,DBC,6,2017-10-31,2017-10-31,12,0.15476647342206284,0.1366705253150611,0.222566895993316,10000,0.18840946955586166,0.5,0.094204734777930829,0.39765855259937616,0.045280224797993596,129,1,False,-0.1675401838830608,0.35594965343892249,0.83872716410351256,False,False,M1,M1,M1
2017-04-28,GLD,6,2017-10-31,2017-10-31,12,0.23004139850861316,0.096803492732455657,-0.0085878374876791896,159.98587196060572,0.04760676451974992,0.5,0.02380338225987496,0.53319947561201975,-0.0020706719752028252,144,0,False,-0.21639311158952287,0.26399987610927278,0.67933056863849439,False,False,M1,M1,M1
2017-04-28,VDE,6,2017-10-31,2017-10-31,12,0.22995767161836222,0.069310592332202312,0.20682800838236609,10000,0.13290799957815175,0.5,0.066453999789075874,0.53753197905674499,-0.0010791944040592092,145,0,False,-0.19716640420330642,0.33007440378145814,0.77567509398646695,False,False,M1,M1,M1
2017-04-28,VMBS,6,2017-10-31,2017-10-31,12,0.22191111271758923,0.057947721663146913,0.030409328357364394,10000,0.043248277163695163,0.5,0.021624138581847582,0.4662199665669981,0.062774877422854689,83,1,False,-0.23060012566431753,0.2738484028280127,,False,True,M1,M1,M1
2017-04-28,VOO,6,2017-10-31,2017-10-31,12,0.13777051980841959,0.0092439222386700784,0.095652693381904796,10000,0.035306121495750777,0.5,0.017653060747875388,0.69838479459592206,0.0083603274701572784,74,1,False,-0.14083268410419578,0.17613880559994657,,False,True,M1,M1,M1
2017-04-28,VWO,6,2017-10-31,2017-10-31,12,0.10223128336234599,0.081983924119130511,0.11355848956178455,10000,0.099628761730343574,0.5,0.049814380865171787,0.4411692650763554,-0.0074646513450038416,140,1,False,-0.18492097195920221,0.28454973368954578,0.72140910364835553,False,False,M1,M1,M1
2017-04-28,VXUS,6,2017-10-31,2017-10-31,12,0.1178497007355539,0.061191306283120035,0.13778799473684186,10000,0.13551175478833202,0.5,0.067755877394166011,0.029717210945550375,0.060234860132139009,69,1,False,,,,True,True,M1,M1,M1
2017-05-31,BND,6,2017-11-30,2017-11-30,12,0.21241475983989244,0.055095049994222801,0.058295410816118151,10000,0.056535407119216473,0.75,0.042401555339412353,0.54993914588023052,0.036592166921065213,116,1,False,-0.18618897960915848,0.27099209028798321,0.74411013187864816,False,False,M1,M1,M1
2017-05-31,DBC,6,2017-11-30,2017-11-30,12,0.12018661337581338,0.13685498197223459,0.0030251273934192202,10000,0.056058888258398963,0.75,0.042044166193799221,0.39627750498486114,0.04721312266635596,130,1,False,-0.21942197271918626,0.30351030510678467,0.7334664315528745,False,False,M1,M1,M1
2017-05-31,GLD,6,2017-11-30,2017-11-30,12,0.21100143915030145,0.090876597288094413,-0.016493888939999271,159.98587196060572,0.040322437271130301,0.75,0.030241827953347726,0.52916148754725001,-0.00056115148789920722,145,0,False,-0.20242174279738204,0.26290539870407748,0.68841121669907734,False,False,M1,M1,M1
2017-05-31,VDE,6,2017-11-30,2017-11-30,12,0.18829238069737975,0.069754381324523551,-0.033456665332851659,10000,0.021400811655817278,0.75,0.016050608741862957,0.53150780624070881,0.0014506493628117503,146,0,False,-0.26870855388778353,0.30080977137150949,0.60316037975799008,False,False,M1,M1,M1
2017-05-31,VMBS,6,2017-11-30,2017-11-30,12,0.21880767536343515,0.057953066927040484,0.037772225337994014,10000,0.046825266592659759,0.75,0.035118949944494819,0.44859582365382883,0.06522329378897411,84,1,False,-0.20136928442713234,0.27160718431612196,,False,True,M1,M1,M1
2017-05-31,VOO,6,2017-11-30,2017-11-30,12,0.13790775834341784,0.0096773554798117271,0.011564380963001933,10000,0.010396960388717371,0.75,0.0077977202915380283,0.61865649652537824,0.010713584043496266,75,1,False,-0.17018653143013482,0.18578197201321087,,False,True,M1,M1,M1
2017-05-31,VWO,6,2017-11-30,2017-11-30,12,0.096732879094743707,0.082358557620791709,-0.031767863228116672,10000,0.01881838176078543,0.75,0.014113786320589072,0.443247449737104,-0.0064434282427512386,141,1,False,-0.2106396105502123,0.23886718319139044,0.72085810849720133,False,False,M1,M1,M1
2017-05-31,VXUS,6,2017-11-30,2017-11-30,12,0.12504189691321099,0.061584897406972927,0.012073650542695359,10000,0.014893154322365027,0.75,0.01116986574177377,0.056946733484588223,0.061093071025448024,70,1,False,,,,True,True,M1,M1,M1
2017-06-30,BND,6,2017-12-29,2017-12-29,12,0.26541404067553809,0.054872067913574102,0.058295410816118151,10000,0.056448883238519411,0.75,0.04233666242888956,0.53939311081764418,0.038337920137987806,117,1,False,-0.18624532856255419,0.27091865342033328,0.75106724579174833,False,False,M1,M1,M1
2017-06-30,DBC,6,2017-12-29,2017-12-29,12,0.12790619376377843,0.13658167399121757,0.0086442193576007683,10000,0.05964389584675811,0.75,0.044732921885068583,0.39862975729201888,0.04953955121160996,131,1,False,-0.24784153714139531,0.33730738091153245,0.74028320255941082,False,False,M1,M1,M1
2017-06-30,GLD,6,2017-12-29,2017-12-29,12,0.22968338360140472,0.079434527191710069,-0.016256162300580468,159.98587196060572,0.034086976109397468,0.75,0.025565232082048101,0.52610278677147482,0.00072691229489306778,146,0,False,-0.20287900440456338,0.25400946856865958,0.69576204549310228,False,False,M1,M1,M1
2017-06-30,VDE,6,2017-12-29,2017-12-29,12,0.13889896455914652,0.069482956073706886,-0.058540727288221989,10000,0.0092918637223076399,0.75,0.0069688977917307295,0.52984408219816448,0.0042151155130582081,147,0,False,-0.31218648159329004,0.32612427717675146,0.58313448918762012,False,False,M1,M1,M1
2017-06-30,VMBS,6,2017-12-29,2017-12-29,12,0.26847079979612887,0.057729561765062908,0.037772225337994014,10000,0.046537096650994113,0.75,0.034902822488245583,0.43918041593526325,0.067380712418409774,85,1,False,-0.20151516175001311,0.27132080672650427,,False,True,M1,M1,M1
2017-06-30,VOO,6,2017-12-29,2017-12-29,12,0.16180870246282075,0.0096087949012729316,0.0040334432466027741,10000,0.0071076532311170415,0.75,0.0053307399233377814,0.5513930196562894,0.012846130768008487,76,1,False,-0.17250628611165056,0.1831677659583261,,False,True,M1,M1,M1
2017-06-30,VWO,6,2017-12-29,2017-12-29,12,0.13451302526164866,0.082284579382142967,-0.042381791056391657,10000,0.01324383260155499,0.75,0.0099328744511662428,0.44619590240956158,-0.0055954990522406756,142,1,False,-0.2123562488982782,0.2322219978006107,0.72168576028134446,False,False,M1,M1,M1
2017-06-30,VXUS,6,2017-12-29,2017-12-29,12,0.16777223761729099,0.061428508124086539,0.0050905884108127537,10000,0.0090839656418194113,0.75,0.0068129742313645589,0.070882582305675318,0.061863609563154787,71,1,False,-0.14759445897752191,0.16122040744025104,,False,True,M1,M1,M1
2017-07-31,BND,6,2018-01-31,2018-01-31,12,0.16288825919893635,0.054885410241602241,0.069321273271849282,10000,0.061628717532313429,0.75,0.046221538149235075,0.53287813298158004,0.040023738227772679,118,1,False,-0.17199461811963496,0.26443769441810511,0.76014621067369026,False,False,M1,M1,M1
2017-07-31,DBC,6,2018-01-31,2018-01-31,12,0.007314371355031879,0.1365229204280313,0.046742394190028798,10000,0.082441159656742785,0.75,0.061830869742557089,0.39762259102913716,0.051555827001694671,132,1,False,-0.22676879836184283,0.35043053784695699,0.76721457413789251,False,False,M1,M1,M1
2017-07-31,GLD,6,2018-01-31,2018-01-31,12,0.10001212848231944,0.081804811541992928,0.11127171638152852,159.98587196060572,0.095869310449694628,0.75,0.071901982837270978,0.52270185877033692,0.0020923931077366023,147,0,False,-0.15466865172934635,0.29847261740388831,0.69561952593807441,False,False,M1,M1,M1
2017-07-31,VDE,6,2018-01-31,2018-01-31,12,-0.029724288276939292,0.069332072102803288,-0.033608953464188032,10000,0.020228701050959936,0.75,0.015171525788219953,0.52299512481650801,0.006714004076827141,148,0,False,-0.37180771575402038,0.40215076733046029,0.60823108445235485,False,False,M1,M1,M1
2017-07-31,VMBS,6,2018-01-31,2018-01-31,12,0.16458442422617037,0.057758557015615691,0.053332105330991988,10000,0.05526788949304931,0.75,0.041450917119786983,0.43732187765241304,0.069436200180112595,86,1,False,-0.19490508170667598,0.27780691594624995,,False,True,M1,M1,M1
2017-07-31,VOO,6,2018-01-31,2018-01-31,12,-0.011722837686895859,0.0094172407435366076,0.011104020307351499,10000,0.01027285517261442,0.75,0.0077046413794608151,0.49275267057260252,0.014971466032715701,77,1,False,-0.16266908194121296,0.17807836470013458,,False,True,M1,M1,M1
2017-07-31,VWO,6,2018-01-31,2018-01-31,12,-0.045564399655248833,0.082231332375055616,0.046817511345128036,10000,0.062737288794981055,0.75,0.047052966596235792,0.44953571760583255,-0.0046741103512394893,143,1,False,-0.17037707975961447,0.26448301295208604,0.7321644481867029,False,False,M1,M1,M1
2017-07-31,VXUS,6,2018-01-31,2018-01-31,12,0.003151649708091453,0.061334086328571617,-0.010580166497691303,10000,-0.0057372038900285029,0.75,-0.0043029029175213774,0.067343571230071397,0.06282609965287006,72,1,False,-0.15871033612640786,0.15010453029136508,,False,True,M1,M1,M1
2017-08-31,BND,6,2018-02-28,2018-02-28,12,0.23745767878164148,0.054760291464676605,0.076473676320730058,10000,0.064963911634119409,0.75,0.048722933725589557,0.53007694391792881,0.041508017478103558,119,1,False,-0.16947387882883888,0.26691974628001802,0.76808286473052412,False,False,M1,M1,M1
2017-08-31,DBC,6,2018-02-28,2018-02-28,12,0.076854121263358888,0.13660657627530359,0.0033365717131145886,10000,0.056146156437448275,0.75,0.042109617328086206,0.39626009541922591,0.053404267423921029,133,1,False,-0.22592500606867127,0.3101442407248437,0.74105121530362517,False,False,M1,M1,M1
2017-08-31,GLD,6,2018-02-28,2018-02-28,12,0.18911272228710962,0.082151536869024905,0.03827898717122296,159.98587196060572,0.061035934715282111,0.75,0.04577695103646158,0.51870583544405446,0.0035244701429646298,148,0,False,-0.17860594721473444,0.27015984928765763,0.70538795723338277,False,False,M1,M1,M1
2017-08-31,VDE,6,2018-02-28,2018-02-28,12,0.096770135999149742,0.06956551148721829,-0.081173713881099008,10000,-0.0031780812748592982,0.75,-0.0023835609561444738,0.51742094611183398,0.0090324258272642278,149,0,False,-0.38380886022121974,0.37904173830893084,0.5577152372278914,False,False,M1,M1,M1
2017-08-31,VMBS,6,2018-02-28,2018-02-28,12,0.23506312288051057,0.057590739344902282,0.055016838794965051,10000,0.056152164266587812,0.75,0.042114123199940859,0.44109142897943032,0.071213785273884042,87,1,False,-0.19193666458159275,0.2761649109814745,,False,True,M1,M1,M1
2017-08-31,VOO,6,2018-02-28,2018-02-28,12,0.081475896136507409,0.0095803628482844863,-0.006084732352309519,10000,0.00091522501406726328,0.75,0.00068641876055044744,0.44685061129480719,0.017303367499199841,78,1,False,-0.18534592622268845,0.18671876374378935,,False,True,M1,M1,M1
2017-08-31,VWO,6,2018-02-28,2018-02-28,12,0.098068656236901974,0.082533372748160222,-0.038580623716837147,10000,0.016458343433879773,0.75,0.012343757575409829,0.45443936090923637,-0.0039292604709437497,144,1,False,-0.19876682426524273,0.22345433941606241,0.7242295674109126,False,False,M1,M1,M1
2017-08-31,VXUS,6,2018-02-28,2018-02-28,12,0.12185359994022704,0.061411717047911658,-0.02067629344895093,10000,-0.014387048709171816,0.75,-0.010790286531878862,0.076615874860549729,0.06354689853550384,73,1,False,-0.16519771974076533,0.14361714667700762,,False,True,M1,M1,M1
2017-09-29,BND,6,2018-03-30,2018-03-30,13,0.29610518425709298,0.069871957556439518,0.053602347379816791,10000,0.062190776129126199,0.75,0.046643082096844646,0.52788165518863139,0.042930468737922965,120,1,False,-0.16261703874918845,0.25590320294287772,0.77225734269700419,False,False,M1,M1,M1
2017-09-29,DBC,6,2018-03-30,2018-03-30,13,0.18157909901928759,0.13107093431527972,0.0037949854558604534,10000,0.055182628644339288,0.75,0.041386971483254466,0.40374983371947426,0.054672465635474524,134,1,False,-0.22035583053050176,0.3031297734970107,0.74399825163818878,False,False,M1,M1,M1
2017-09-29,GLD,6,2018-03-30,2018-03-30,13,0.24954909579336393,0.059457624580804391,0.1339735632499415,51.794746792312019,0.0949279776848721,0.75,0.071195983263654075,0.52398971632684066,0.0049219187527345543,149,0,False,-0.14445342588227034,0.28684539240957851,0.70909870037192502,False,False,M1,M1,M1
2017-09-29,VDE,6,2018-03-30,2018-03-30,13,0.28447903362983173,0.063129770155893092,-0.070088818434623321,10000,-0.00057896021525727522,0.75,-0.00043422016144295642,0.52177296693199104,0.010640071348529,150,0,False,-0.38185844785748929,0.38099000753460338,0.56961355883367037,False,False,M1,M1,M1
2017-09-29,VMBS,6,2018-03-30,2018-03-30,13,0.29540019717779198,0.071024317761653452,0.031317208474254961,10000,0.049185790782513172,0.75,0.036889343086884879,0.45000964887486816,0.07290414668425188,88,1,False,-0.19715280361270007,0.27093148978646986,,False,True,M1,M1,M1
2017-09-29,VOO,6,2018-03-30,2018-03-30,13,0.22529535641170217,0.010601209182466043,-0.030978784653572025,10000,-0.01283865772949443,0.75,-0.0096289932971208234,0.43627055346879939,0.019096117871784106,79,1,False,-0.18755349010634462,0.16829550351210296,,False,True,M1,M1,M1
2017-09-29,VWO,6,2018-03-30,2018-03-30,13,0.19867155776997336,0.070670452518958551,-0.013561684917889763,10000,0.025206193485968212,0.75,0.018904645114476159,0.46025044102583251,-0.0030793386106016227,145,1,False,-0.17602873383467399,0.21383802406362629,0.73107434170010988,False,False,M1,M1,M1
2017-09-29,VXUS,6,2018-03-30,2018-03-30,13,0.23830934151146166,0.054676858661729819,-0.039147025928121089,10000,-0.023164607633476091,0.75,-0.017373455725107068,0.170344879286461,0.064262216318307253,74,1,False,-0.15154917004348925,0.11680225859327512,,False,True,M1,M1,M1
2017-10-31,BND,6,2018-04-30,2018-04-30,13,0.29152474529044847,0.070162962487829966,0.038883635123638807,10000,0.055337900031313711,0.75,0.04150342502348528,0.52604279868600656,0.04437379514018866,121,1,False,-0.16579475193147933,0.24880160197844989,0.7734969024514442,False,False,M1,M1,M1
2017-10-31,DBC,6,2018-04-30,2018-04-30,13,0.17531386638977131,0.1314173061034446,-0.01765356552269147,10000,0.042942974300959225,0.75,0.032207230725719418,0.40649483807691456,0.055413902730189993,135,1,False,-0.22925829570516604,0.29367275715660485,0.73042751429624397,False,False,M1,M1,M1
2017-10-31,GLD,6,2018-04-30,2018-04-30,13,0.23456658337895653,0.10552309473862258,0.11216293042908919,51.794746792312019,0.1086601246676648,0.75,0.0814950935007486,0.52754404246082276,0.0064227152844404146,150,0,False,-0.13063402254919459,0.29362420955069179,0.71371226346878225,False,False,M1,M1,M1
2017-10-31,VDE,6,2018-04-30,2018-04-30,13,0.15371733430467827,0.063343030884143101,-0.085286844513715182,10000,-0.0086884782878380324,0.75,-0.0065163587158785247,0.51536318671354353,0.012092505787402069,151,0,False,-0.33514071424675806,0.32210799681500102,0.54966615176351763,False,False,M1,M1,M1
2017-10-31,VMBS,6,2018-04-30,2018-04-30,13,0.28771240850934809,0.071284844031335462,0.022907678808002697,10000,0.045121478801870181,0.75,0.033841109101402637,0.45917944739667294,0.07457838225766017,89,1,False,-0.20019326062442852,0.26787547882723378,0.82920075428589812,False,False,M1,M1,M1
2017-10-31,VOO,6,2018-04-30,2018-04-30,13,0.22828364450659899,0.01069997047193289,-0.040257373530524998,10000,-0.019234769560956787,0.75,-0.01442607717071759,0.41255297702631843,0.020579547895992045,80,1,False,-0.19224968098319881,0.16339752664176363,,False,True,M1,M1,M1
2017-10-31,VWO,6,2018-04-30,2018-04-30,13,0.23777318495935829,0.070976037091197153,-0.020023453799981761,10000,0.021821439332345122,0.75,0.016366079499258841,0.45983656306788345,-0.0023580329806499279,146,1,False,-0.17418008427607218,0.20691224327458985,0.73291039504088562,False,False,M1,M1,M1
2017-10-31,VXUS,6,2018-04-30,2018-04-30,13,0.23234630328233896,0.054775955482793681,-0.062617519191719581,10000,-0.043334444839987198,0.75,-0.0325008336299904,0.16426018912206919,0.064976716110537208,75,1,False,-0.16625505380482042,0.10125338654483962,,False,True,M1,M1,M1
2017-11-30,BND,6,2018-05-31,2018-05-31,13,0.24721775351044406,0.069984714310319163,0.039624017479204299,10000,0.055561244516193299,0.75,0.041670933387144976,0.52492955368059557,0.045751180096743602,122,1,False,-0.16562443681979103,0.24896630359408098,0.77863970346086919,False,False,M1,M1,M1
2017-11-30,DBC,6,2018-05-31,2018-05-31,13,0.13106659782038155,0.13128436610134833,0.0001274104611229082,10000,0.054140677766310201,0.75,0.040605508324732649,0.41182159986505201,0.055890172661407819,136,1,False,-0.21942640094289989,0.30063741759236517,0.74839220469097378,False,False,M1,M1,M1
2017-11-30,GLD,6,2018-05-31,2018-05-31,13,0.219897656397541,0.090409178203056453,0.10660333007450341,51.794746792312019,0.098002626220667716,0.75,0.073501969665500794,0.53109936982869699,0.0077775412703070439,151,0,False,-0.13562919901622442,0.28263313834722603,0.7186242661313168,False,False,M1,M1,M1
2017-11-30,VDE,6,2018-05-31,2018-05-31,13,0.10798294180132739,0.063392524721956389,-0.076088029416048517,10000,-0.0035952318390093498,0.75,-0.0026964238792570126,0.51973408067559956,0.013251715490757187,152,0,False,-0.32880153471989421,0.3234086869613802,0.56795643956879149,False,False,M1,M1,M1
2017-11-30,VMBS,6,2018-05-31,2018-05-31,13,0.24176445849825112,0.071101839180546467,0.020363984837840559,10000,0.043990056969133468,0.75,0.032992542726850101,0.46564980796609906,0.07618092995883545,90,1,False,-0.18752188898486874,0.25350697443856895,0.85059792907571785,False,False,M1,M1,M1
2017-11-30,VOO,6,2018-05-31,2018-05-31,13,0.17171208868597154,0.010831094183223665,-0.040257373530524998,10000,-0.01887697008876248,0.75,-0.014157727566571861,0.41849764533080197,0.022028044321268907,81,1,False,-0.19189389078187616,0.16357843564873245,,False,True,M1,M1,M1
2017-11-30,VWO,6,2018-05-31,2018-05-31,13,0.22995222756721601,0.071033471388814023,-0.033326648068108457,10000,0.015332872901636069,0.75,0.011499654676227052,0.46626547787567535,-0.0016839451434023508,147,1,False,-0.17498919756475775,0.19798850691721184,0.73627899888580906,False,False,M1,M1,M1
2017-11-30,VXUS,6,2018-05-31,2018-05-31,13,0.21871616255147441,0.054844530965476194,-0.082667197083611643,10000,-0.048589439725422102,0.75,-0.036442079794066579,0.24781709779710373,0.065767047436888174,76,1,False,-0.16986847119057824,0.096984311602445084,,False,True,M1,M1,M1
2017-12-29,BND,6,2018-06-29,2018-06-29,13,0.089890709538335889,0.069975990241596078,0.034276541001748505,10000,0.052969539814918032,0.75,0.039727154861188524,0.52362149028070937,0.047537057012018359,123,1,False,-0.1837440798988505,0.26319838962122755,0.78173923655143829,False,False,M1,M1,M1
2017-12-29,DBC,6,2018-06-29,2018-06-29,13,0.007372771666467548,0.13147964702923715,0.0042968181365599977,10000,0.057401561912425438,0.75,0.04305117143431908,0.41754648986993143,0.056415837049016357,137,1,False,-0.21423338963566219,0.30033573250430035,0.75607854290116738,False,False,M1,M1,M1
2017-12-29,GLD,6,2018-06-29,2018-06-29,13,0.11222851288901015,0.10216269881617417,0.12968588070579537,51.794746792312019,0.11498616022488742,0.75,0.086239620168665571,0.53408506835654457,0.0092374481277484738,152,0,False,-0.12048966678449188,0.292968907121823,0.7228445167953127,False,False,M1,M1,M1
2017-12-29,VDE,6,2018-06-29,2018-06-29,13,-0.0035755977246934023,0.063614523968870657,-0.094769838080183036,10000,-0.01159548914614468,0.75,-0.0086966168596085101,0.5251424310960584,0.014072939340877378,153,0,False,-0.32792251878956535,0.31052928507034838,0.5556033897944237,False,False,M1,M1,M1
2017-12-29,VMBS,6,2018-06-29,2018-06-29,13,0.080939796520873464,0.071065539057375088,0.014533680927849261,10000,0.041205296717302303,0.75,0.030903972537976727,0.47179796794124507,0.078294005451552962,91,1,False,-0.20311696423318876,0.2649249093091422,0.87036050987981273,False,False,M1,M1,M1
2017-12-29,VOO,6,2018-06-29,2018-06-29,13,0.045294046513665975,0.010996197305221311,-0.070929762772196814,10000,-0.035968285905497853,0.75,-0.026976214429123388,0.42674479290399742,0.023732686493726857,82,1,False,-0.19739256463545102,0.14344013577720421,,False,True,M1,M1,M1
2017-12-29,VWO,6,2018-06-29,2018-06-29,13,0.14491858253300738,0.071358392435675294,-0.024299379162380796,10000,0.020974430367244563,0.75,0.015730822775433424,0.47328940213933851,-0.0007636953433682209,148,1,False,-0.15758080698818613,0.18904245253905297,0.74225254003237828,False,False,M1,M1,M1
2017-12-29,VXUS,6,2018-06-29,2018-06-29,13,0.10669401247108634,0.054896041988504694,-0.099277653037198904,10000,-0.04775163362160581,0.75,-0.035813725216204358,0.3342075923328085,0.067091790166503795,77,1,False,-0.19087634144279481,0.1192488910103861,,False,True,M1,M1,M1
2018-01-31,BND,6,2018-07-31,2018-07-31,13,0.12305268790425294,0.070545052058013605,0.036604566338942192,10000,0.054316092563882395,0.75,0.040737069422911797,0.52184068229135472,0.048467308642558021,124,1,False,-0.17709678857832609,0.25857092742414967,0.78724950294228524,False,False,M1,M1,M1
2018-01-31,DBC,6,2018-07-31,2018-07-31,13,0.11431849289676843,0.13189073492200659,0.022779806576313212,10000,0.067953449181980027,0.75,0.050965086886485017,0.4140157479234739,0.056060029326596178,138,1,False,-0.20260619732954663,0.30453637110251663,0.77147411633494345,False,False,M1,M1,M1
2018-01-31,GLD,6,2018-07-31,2018-07-31,13,0.20989122655804737,0.14522337912782554,0.11245423169803345,51.794746792312019,0.1299464214590382,0.75,0.097459816094278645,0.53380057563236194,0.0098307466921574351,153,0,False,-0.10605532589150871,0.30097495808006602,0.72928197406716633,False,False,M1,M1,M1
2018-01-31,VDE,6,2018-07-31,2018-07-31,13,0.1063670868113562,0.063999794773824337,-0.059660272832975945,10000,0.0047486984347576613,0.75,0.003561523826068246,0.52085505462065307,0.013788541758943505,154,0,False,-0.31116883834497422,0.31829188599711067,0.58519632205607408,False,False,M1,M1,M1
2018-01-31,VMBS,6,2018-07-31,2018-07-31,13,0.11689592140817806,0.07164574315205384,0.01728550832820764,10000,0.043029560331165069,0.75,0.032272170248373803,0.47358242815508023,0.079231944786059674,92,1,False,-0.20133736748341716,0.26588170798016475,0.8795577373959701,False,False,M1,M1,M1
2018-01-31,VOO,6,2018-07-31,2018-07-31,13,0.12345962317666437,0.011198546448348881,-0.018478029019753942,10000,-0.0057752051749997927,0.75,-0.004331403881249845,0.42804210541096571,0.023305511503598872,83,1,False,-0.17466500778013175,0.16600220001763208,,False,True,M1,M1,M1
2018-01-31,VWO,6,2018-07-31,2018-07-31,13,0.24916309693458483,0.071487326868375237,-0.034209542047529413,10000,0.015651933091792972,0.75,0.01173894981884473,0.47174032353781037,-0.001064371211233193,149,1,False,-0.15479906096212467,0.17827696059981415,0.73140172439910223,False,False,M1,M1,M1
2018-01-31,VXUS,6,2018-07-31,2018-07-31,13,0.19663751998622603,0.055229136320395646,-0.045679291933900759,10000,-0.014112005475583755,0.75,-0.010584004106687816,0.31283101921640472,0.066272044776011341,78,1,False,-0.14567934201100199,0.12451133379762637,,False,True,M1,M1,M1
2018-02-28,BND,6,2018-08-31,2018-08-31,13,0.15956932974148086,0.070337746933076442,0.039624017479204299,10000,0.05557099467545628,0.75,0.041678246006592208,0.51921331208579469,0.049979231603670689,125,1,False,-0.16766296107307363,0.25101945308625806,0.79258819079615039,False,False,M1,M1,M1
2018-02-28,DBC,6,2018-08-31,2018-08-31,13,0.13931892045000205,0.13137414898639296,-0.0035133549785407651,10000,0.052490162599346739,0.75,0.039367621949510052,0.41518684779315479,0.056209627110313895,139,1,False,-0.20393733345381274,0.28267257735283285,0.75718532856592047,False,False,M1,M1,M1
2018-02-28,GLD,6,2018-08-31,2018-08-31,13,0.27028799377059476,0.11137158859528568,0.091224616430677488,51.794746792312019,0.10200417772259872,0.75,0.076503133291949035,0.53504621954347575,0.010994915364851931,154,1,False,-0.12521526472049194,0.27822153130439004,0.73356953181150919,False,False,M1,M1,M1
2018-02-28,VDE,6,2018-08-31,2018-08-31,13,0.061950775727321883,0.063568264320879878,-0.040615098339033082,10000,0.014312427844332842,0.75,0.010734320883249632,0.52721974776977132,0.01432390688307387,155,0,False,-0.29880147411526603,0.32027011588176524,0.61433528309342,False,False,M1,M1,M1
2018-02-28,VMBS,6,2018-08-31,2018-08-31,13,0.15611587047575859,0.071494372767736514,0.022907678808002697,10000,0.046010425899242577,0.75,0.034507819424431929,0.4754953508544183,0.080907548851591404,93,1,False,-0.19909998662302955,0.26811562547189338,0.88482895668226469,False,False,M1,M1,M1
2018-02-28,VOO,6,2018-08-31,2018-08-31,13,0.10415112569295437,0.011007439282878465,-0.031158427402700379,10000,-0.012819418164454102,0.75,-0.0096145636233405767,0.43492546649155922,0.023998016082562072,84,1,False,-0.17596794233371382,0.15673881508703269,,False,True,M1,M1,M1
2018-02-28,VWO,6,2018-08-31,2018-08-31,13,0.29880633437380189,0.070994058474566829,-0.045361952608215676,10000,0.010287645665213226,0.75,0.0077157342489099197,0.47827007608430744,-0.00040348436157895998,150,1,False,-0.15459772899082527,0.17002919748864512,0.7353745014519395,False,False,M1,M1,M1
2018-02-28,VXUS,6,2018-08-31,2018-08-31,13,0.22594440598958165,0.055171662069198359,-0.042488338374814243,10000,-0.0048957803696286269,0.75,-0.0036718352772214702,0.38493301079531544,0.066975608765431793,79,1,False,-0.13994297953879084,0.13259930898434788,,False,True,M1,M1,M1
2018-03-30,BND,6,2018-09-28,2018-09-28,14,0.16733934294045572,0.22461073607374138,0.21149425087906051,11.513953993264458,0.21831272077504771,0.75,0.16373454058128578,0.51983971275721852,0.051932612180285151,126,1,False,-0.064891723642543753,0.39236080480511532,0.88965115132676931,False,False,M1,M1,M1
2018-03-30,DBC,6,2018-09-28,2018-09-28,14,0.10762422730364873,0.17609472980341986,0.22262443864496259,35.564803062231285,0.20299265562648425,0.75,0.15224449171986318,0.42191931794231813,0.057105123338235142,140,1,False,-0.083126640876990177,0.38761562431671653,0.89252027513050403,False,False,M1,M1,M1
2018-03-30,GLD,6,2018-09-28,2018-09-28,14,0.26951345487655398,0.19301090663885129,0.18736635012709238,16.768329368110066,0.19036957763412768,0.75,0.14277718322559577,0.53205730171695298,0.012533974593422979,155,1,False,-0.056213514732191661,0.34176788118338319,0.74368169042696475,False,False,M1,M1,M1
2018-03-30,VDE,6,2018-09-28,2018-09-28,14,0.013578552259959853,0.53484852194347465,0.27230648892269987,0.82864277285468424,0.41203078875257637,0.75,0.30902309156443231,0.53219782837142948,0.016055670516065906,156,0,False,0.010168409025643976,0.60787777410322064,0.98479816184113811,False,False,M1,M1,M1
2018-03-30,VMBS,6,2018-09-28,2018-09-28,14,0.1641858185233831,0.2458564392204402,0.2007634965332393,7.9060432109076855,0.2225491626145272,0.75,0.16691187196089541,0.4831280635732712,0.08318938553591268,94,1,False,-0.069801162837510894,0.40362490675930174,0.27445230053254804,False,False,M1,M1,M1
2018-03-30,VOO,6,2018-09-28,2018-09-28,14,0.05278476061557269,0.12237303382652541,0.091523316155474765,16.768329368110066,0.10544684963097181,0.75,0.079085137223228852,0.45133422691134994,0.026366220086434307,85,1,False,-0.098876530690058001,0.25704680513651568,,False,True,M1,M1,M1
2018-03-30,VWO,6,2018-09-28,2018-09-28,14,0.27764543820154797,0.075995077650022155,0.044276881863431171,109.85411419875572,0.059595532656753401,0.75,0.044696649492565049,0.48296097597702153,0.0009148934008816514,151,1,False,-0.14173416614330295,0.23112746512843305,0.74634392693541241,False,False,M1,M1,M1
2018-03-30,VXUS,6,2018-09-28,2018-09-28,14,0.19593575139417518,0.094669543546733959,0.013154302444779937,75.431200633546069,0.050347219294081653,0.75,0.037760414470561242,0.45626948220374164,0.069117280424757149,80,1,False,-0.11765499261171597,0.19317582155283847,,False,True,M1,M1,M1
2018-04-30,BND,6,2018-10-31,2018-10-31,14,0.11355598234571596,0.21865087304298422,0.22762015173458214,11.513953993264458,0.22294130738843301,0.75,0.16720598054132477,0.52165224284223732,0.053819164409499042,127,1,False,-0.082881175088617226,0.41729313617126673,0.89633937187023749,False,False,M1,M1,M1
2018-04-30,DBC,6,2018-10-31,2018-10-31,14,0.11806774626185745,0.17268368867078795,0.21671670454728176,35.564803062231285,0.19780222443530932,0.75,0.148351668326482,0.42955222883267385,0.057943483218033269,141,1,False,-0.084349160451881816,0.38105249710484579,0.89001008537045989,False,False,M1,M1,M1
2018-04-30,GLD,6,2018-10-31,2018-10-31,14,0.1864853344901799,0.14634016611007095,0.18255077685118515,16.768329368110066,0.16330317536358241,0.75,0.12247738152268681,0.53154589479896996,0.013957260547176401,156,1,False,-0.07215178927268906,0.31710655231806267,0.74926548570461071,False,False,M1,M1,M1
2018-04-30,VDE,6,2018-10-31,2018-10-31,14,0.20047745046031795,0.54729561846107255,0.30449359891782879,0.82864277285468424,0.43511059313492245,0.75,0.32633294485119185,0.53795678661490864,0.016932496400069809,157,0,False,0.027490745706702902,0.62517514399568075,0.98629021132847794,False,False,M1,M1,M1
2018-04-30,VMBS,6,2018-10-31,2018-10-31,14,0.11298327553762388,0.24259392977708719,0.21274815639740985,7.9060432109076855,0.22740015151632845,0.75,0.17055011363724634,0.49092362032392378,0.08534225946194883,95,1,False,-0.083499630181582268,0.42459985745607498,0.23526665447023362,False,False,M1,M1,M1
2018-04-30,VOO,6,2018-10-31,2018-10-31,14,0.11264172582748966,0.15036837125128022,0.091523316155474765,16.768329368110066,0.11898295006692941,0.75,0.089237212550197065,0.46664301472311781,0.028714097114575756,86,1,False,-0.10504129841147666,0.28351572351187082,0.63772877634421343,False,False,M1,M1,M1
2018-04-30,VWO,6,2018-10-31,2018-10-31,14,0.28897255944465194,0.07846575471761004,0.055089363467356191,109.85411419875572,0.066494364319279062,0.75,0.049870773239459293,0.4878854366282489,0.0024731716348189948,152,1,False,-0.16737933022386936,0.26712087670278795,0.75033394798073405,False,False,M1,M1,M1
2018-04-30,VXUS,6,2018-10-31,2018-10-31,14,0.25094237401319786,0.10794633188262165,0.04193525670957636,75.431200633546069,0.075695514528541383,0.75,0.056771635896406034,0.51143323647530214,0.071132453546455698,81,1,False,-0.19956575703128843,0.31310902882410052,,False,True,M1,M1,M1
2018-05-31,BND,6,2018-11-30,2018-11-30,14,0.061629717620884428,0.224805490884014,0.215696808845972,11.513953993264458,0.22046448021840195,0.75,0.16534836016380147,0.52342055113110453,0.055330090886850161,128,1,False,-0.084133363684401774,0.41483008401200472,0.8997325551534926,False,False,M1,M1,M1
2018-05-31,DBC,6,2018-11-30,2018-11-30,14,0.21468999516709164,0.22618576876235785,0.1805982766719372,35.564803062231285,0.20047014940377986,0.75,0.1503526120528349,0.43590625017115925,0.058458434729317423,142,1,False,-0.08100020300376598,0.38170542710943578,0.89295300450041393,False,False,M1,M1,M1
2018-05-31,GLD,6,2018-11-30,2018-11-30,14,0.12544310061378061,0.17280055691533935,0.17619039965528535,16.768329368110066,0.17439133161903747,0.75,0.13079349871427809,0.53072315569321427,0.015268982813739229,157,1,False,-0.06119696742257022,0.32278396485112637,0.75664616584710254,False,False,M1,M1,M1
2018-05-31,VDE,6,2018-11-30,2018-11-30,14,0.17871243598696407,0.61157805820146627,0.22986551859069662,0.82864277285468424,0.43727117316282071,0.75,0.32795337987211554,0.54335562248915004,0.017508765041849918,158,1,False,0.037683223522278986,0.61822353622195214,0.98541972117008025,False,False,M1,M1,M1
2018-05-31,VMBS,6,2018-11-30,2018-11-30,14,0.056757566974074747,0.24422649442224911,0.21581868382066902,7.9060432109076855,0.22996672882727062,0.75,0.17247504662045296,0.49803362902647069,0.086971657368576996,96,1,False,-0.079871220230288503,0.42482131347119445,0.20749554873335879,False,False,M1,M1,M1
2018-05-31,VOO,6,2018-11-30,2018-11-30,14,0.040248190456021682,0.17510994437916375,0.075657914714842095,16.768329368110066,0.12327302511471507,0.75,0.092454768836036302,0.47877464703925354,0.030357752190109038,87,1,False,-0.093971117474205876,0.27888065514627847,0.61535722933489101,False,False,M1,M1,M1
2018-05-31,VWO,6,2018-11-30,2018-11-30,14,0.16883374189971279,0.11417061726309616,0.086096207698213439,109.85411419875572,0.09994423276776912,0.75,0.074958174575826847,0.49326148917046769,0.0039599628500634173,153,1,False,-0.14951759042821866,0.29943393957987235,0.75605745575123928,False,False,M1,M1,M1
2018-05-31,VXUS,6,2018-11-30,2018-11-30,14,0.16016058040758863,0.13372425530784987,0.049520673534491022,75.431200633546069,0.096324952498183763,0.75,0.07224371437363783,0.55584665138913525,0.072932254875785196,82,1,False,-0.18298446862404019,0.32747189737131588,,False,True,M1,M1,M1
2018-06-29,BND,6,2018-12-31,2018-12-31,14,-0.0061577745180163568,0.22792014242985653,0.22450483186878267,11.513953993264458,0.22630172031724721,0.75,0.1697262902379354,0.52612739495630612,0.055598002659342304,129,1,False,-0.077586842704202852,0.41703942318007364,0.90636596077831633,False,False,M1,M1,M1
2018-06-29,DBC,6,2018-12-31,2018-12-31,14,0.18069339171161791,0.25951614358264097,0.18056421006110468,35.564803062231285,0.2145777603996937,0.75,0.16093332029977028,0.43081339267404922,0.05810119233027651,143,1,False,-0.065387050882582926,0.38725369148212352,0.90241015841385375,False,False,M1,M1,M1
2018-06-29,GLD,6,2018-12-31,2018-12-31,14,-0.011858756174617291,0.15965445351608334,0.16111420290826114,16.768329368110066,0.16033915095700907,0.75,0.1202543632177568,0.53094863776291923,0.015882650725608027,158,1,False,-0.060145821689403425,0.30065454812491704,0.7618151124817083,False,False,M1,M1,M1
2018-06-29,VDE,6,2018-12-31,2018-12-31,14,0.26825864717666115,0.61525970512532013,0.24899132079404304,0.82864277285468424,0.44826232484330497,0.75,0.33619674363247876,0.5440573431230914,0.017376158986714425,159,0,False,0.05078678027780037,0.62160670698715714,0.98870270331796872,False,False,M1,M1,M1
2018-06-29,VMBS,6,2018-12-31,2018-12-31,14,-0.0079102686423926372,0.24631494655492042,0.2072323947740124,7.9060432109076855,0.22698405829916618,0.75,0.17023804372437462,0.50538316013445561,0.086909473236126439,97,1,False,-0.082103865890489069,0.42257995333923831,0.20045129033386158,False,False,M1,M1,M1
2018-06-29,VOO,6,2018-12-31,2018-12-31,14,0.086600255911649771,0.21107661168995703,0.089232221521162891,16.768329368110066,0.14949628801086837,0.75,0.11212221600815128,0.49459861390598409,0.03052748280742219,88,1,False,-0.074278394390377311,0.29852282640667988,0.52077891580953439,False,False,M1,M1,M1
2018-06-29,VWO,6,2018-12-31,2018-12-31,14,0.087422222140168926,0.13487677595691594,0.10453370440752376,109.85411419875572,0.11964406901354853,0.75,0.0897330517601614,0.49798401527769692,0.0048752785622903257,154,1,False,-0.13253820001388594,0.31200430353420872,0.75932467391727965,False,False,M1,M1,M1
2018-06-29,VXUS,6,2018-12-31,2018-12-31,14,0.12408896131823799,0.15666284935022495,0.088903408677657045,75.431200633546069,0.12945138858233729,0.75,0.097088541436752968,0.59841078235310641,0.073339023039584006,83,1,False,-0.15813527027016647,0.35231235314367237,,False,True,M1,M1,M1
2018-07-31,BND,6,2019-01-31,2019-01-31,14,0.070443078878112075,0.25592531584739436,0.22817619188656096,11.513953993264458,0.24284209677149685,0.75,0.18213157257862264,0.5285177617007355,0.056116884853533923,130,1,False,-0.065179573643129068,0.42944271880037432,0.91677195400869527,False,False,M1,M1,M1
2018-07-31,DBC,6,2019-01-31,2019-01-31,14,0.17771920196286828,0.29965033751426928,0.15281841750612529,35.564803062231285,0.2166131564888937,0.75,0.16245986736667029,0.4344745950283157,0.058491590250877148,144,1,False,-0.05955783431602546,0.38447756904936603,0.90534629360375241,False,False,M1,M1,M1
2018-07-31,GLD,6,2019-01-31,2019-01-31,14,0.030004115077329363,0.16550799473164476,0.1133372229853844,16.768329368110066,0.14108681022994107,0.75,0.1058151076724558,0.53189911354044317,0.017102830447824631,159,1,False,-0.073277406451471933,0.28490762179638351,0.76569326672753391,False,False,M1,M1,M1
2018-07-31,VDE,6,2019-01-31,2019-01-31,14,0.27198321267042613,0.67825682306765067,0.16603141762226889,0.82864277285468424,0.44709173714226169,0.75,0.33531880285669624,0.54870437220037904,0.01793235228561843,160,1,False,0.050933060918320894,0.61970454479507153,0.98806051648631665,False,False,M1,M1,M1
2018-07-31,VMBS,6,2019-01-31,2019-01-31,14,0.069903927946587618,0.27873807963377484,0.2293095527547255,7.9060432109076855,0.25462689115033582,0.75,0.19097016836275188,0.51220094941452277,0.087215457401147375,98,1,False,-0.061367684515260146,0.44330802124076391,0.11218609039540574,False,False,M1,M1,M1
2018-07-31,VOO,6,2019-01-31,2019-01-31,14,0.1365405024512546,0.25522630098595217,0.12561382003220214,16.768329368110066,0.19043472880214463,0.75,0.14282604660160847,0.50011317037494796,0.031571664159885583,89,1,False,-0.042897916816644954,0.32855001001986189,0.37236434142629654,False,False,M1,M1,M1
2018-07-31,VWO,6,2019-01-31,2019-01-31,14,0.13621053171259423,0.144316457690498,0.079907863691173822,109.85411419875572,0.11230838281027331,0.75,0.084231287107704972,0.50304652077080669,0.0064513290034019042,155,1,False,-0.15421607892068451,0.32267865313609445,0.76060886604805023,False,False,M1,M1,M1
2018-07-31,VXUS,6,2019-01-31,2019-01-31,14,0.16843964329945516,0.1828317414702485,0.11602378253396252,75.431200633546069,0.15712522323197234,0.75,0.11784391742397926,0.61521772783401141,0.074806862288948797,84,1,False,-0.13737603726168263,0.37306387210964115,,False,True,M1,M1,M1
2018-08-31,BND,6,2019-02-28,2019-02-28,14,0.087778964105356794,0.23510899814833003,0.18954789984704312,11.513953993264458,0.21371518556274269,0.75,0.16028638917205701,0.53043685549206709,0.05690659817328924,131,1,False,-0.074679992373084925,0.39525277071719894,0.90880389473533174,False,False,M1,M1,M1
2018-08-31,DBC,6,2019-02-28,2019-02-28,14,0.17346358517349114,0.27367783649843325,0.092297688152059909,35.564803062231285,0.17227622829510489,0.75,0.12920717122132866,0.44094428674914099,0.059049020114319388,145,1,False,-0.091690736629386649,0.35010507907204397,0.88022376552262904,False,False,M1,M1,M1
2018-08-31,GLD,6,2019-02-28,2019-02-28,14,0.0054500197449185439,0.13795512101080712,0.094691163361238534,16.768329368110066,0.11771692688751148,0.75,0.088287695165633617,0.53221583916982573,0.01868523771859195,160,1,False,-0.10479677157595413,0.28137216190722136,0.76710361434730912,False,False,M1,M1,M1
2018-08-31,VDE,6,2019-02-28,2019-02-28,14,0.23727432163249718,0.65711602537289504,0.1425512245259902,0.82864277285468424,0.42688685392507808,0.75,0.32016514044380856,0.55257497001565092,0.018205758642399199,161,1,False,0.038823613692515802,0.60150666719510126,0.98565360084333586,False,False,M1,M1,M1
2018-08-31,VMBS,6,2019-02-28,2019-02-28,14,0.087678875222807706,0.25528515123986695,0.18298166232822446,7.9060432109076855,0.22042654830048261,0.75,0.16531991122536197,0.51788491172282369,0.0879114211695778,99,1,False,-0.071730324213213015,0.40237014666393695,0.1955496173599941,False,False,M1,M1,M1
2018-08-31,VOO,6,2019-02-28,2019-02-28,14,0.13947370073039078,0.23598014929674682,0.033033615119342177,16.768329368110066,0.13598948915311765,0.75,0.10199211686483824,0.50730540657460621,0.032378102621364126,90,1,False,-0.0837305671425881,0.28771480087226459,0.54546233365526586,False,False,M1,M1,M1
2018-08-31,VWO,6,2019-02-28,2019-02-28,14,0.097650211017021649,0.1382467963915221,0.093718444366664266,109.85411419875572,0.11635415854044269,0.75,0.087265618905332021,0.50834385609290222,0.0083253995506480556,156,1,False,-0.18172182789889557,0.35625306570955961,0.76212354572742658,False,False,M1,M1,M1
2018-08-31,VXUS,6,2019-02-28,2019-02-28,14,0.14107144324955778,0.18121382205345904,0.019629105523176531,75.431200633546069,0.12080940896219507,0.75,0.090607056721646304,0.62617496017982854,0.076584951038368002,85,1,False,-0.14326618472494651,0.32448029816823909,,False,True,M1,M1,M1
2018-09-28,BND,6,2019-03-29,2019-03-29,15,0.0069007273279921844,0.28492961650410065,0.1931587822011801,0.0001,0.2417229723254872,0.75,0.18129222924411539,0.529189807341237,0.057743209876070803,132,1,False,-0.047388507481338132,0.40997296596956889,0.92768943364631506,False,False,M1,M1,M1
2018-09-28,DBC,6,2019-03-29,2019-03-29,15,0.15742857149205491,0.13992778806728318,0.10470841837867757,719.68567300115137,0.12032792688261192,0.75,0.09024594516195894,0.44349199437795905,0.059381727012876438,146,1,False,-0.12821504895202429,0.30870693927594217,0.84519923997747226,False,False,M1,M1,M1
2018-09-28,GLD,6,2019-03-29,2019-03-29,15,-0.028480833028893038,0.11996181392825833,0.015695792670491784,1048.1131341546852,0.071189675283877596,0.75,0.053392256462908197,0.53223362648694339,0.020243176955597929,161,1,False,-0.13859128580034763,0.24537579872616405,0.76414842776323844,False,False,M1,M1,M1
2018-09-28,VDE,6,2019-03-29,2019-03-29,15,0.19023625505064479,0.18694198763328346,0.087976102560951105,75.431200633546069,0.14148473097133571,0.75,0.10611354822850178,0.54067751095517524,0.018177195640038456,162,1,False,-0.18955795311741735,0.4017850495744209,0.84607666494039169,False,False,M1,M1,M1
2018-09-28,VMBS,6,2019-03-29,2019-03-29,15,0.011458843873307645,0.29868760353083174,0.19896673287195327,0.0001,0.25003646875131785,0.75,0.18752735156348838,0.51212685511002087,0.088674165143115852,100,1,False,-0.04946849667505937,0.42452319980203612,0.49399301360385106,False,False,M1,M1,M1
2018-09-28,VOO,6,2019-03-29,2019-03-29,15,0.0709689661010936,0.14757863588798525,0.075506599334643709,75.431200633546069,0.11168699206428782,0.75,0.083765244048215864,0.50200319652222536,0.03260235161031147,91,1,False,-0.094583003347326833,0.26211349144375856,0.68954275497062656,False,False,M1,M1,M1
2018-09-28,VWO,6,2019-03-29,2019-03-29,15,0.0078393146512552025,0.084026514375417263,0.060301430090819515,10000,0.072392119834440286,0.75,0.054294089875830218,0.50961630309022787,0.010040813809570982,157,1,False,-0.21249518339942119,0.32108336315108166,0.76473992569311999,False,False,M1,M1,M1
2018-09-28,VXUS,6,2019-03-29,2019-03-29,15,0.07910748093020803,0.12792152129779949,0.066180737365823583,159.98587196060572,0.10545084004560971,0.75,0.079088130034207282,0.63604800876925571,0.077972751042505298,86,1,False,-0.15456105877134391,0.31273731883975847,,False,True,M1,M1,M1
2018-10-31,BND,6,2019-04-30,2019-04-30,15,0.11144099352613779,0.3407694057693782,0.21592686502275063,0.0001,0.28201651312958315,0.75,0.21151238484718737,0.52938403617532748,0.058162854781857606,133,1,False,-0.01716055794593177,0.44018532764030649,0.94720837066481001,False,False,M1,M1,M1
2018-10-31,DBC,6,2019-04-30,2019-04-30,15,0.23314237630964629,0.14053359169718163,0.085902974093059303,719.68567300115137,0.11025828203196943,0.75,0.082693711523977073,0.44581791323318876,0.05978095163361781,147,1,False,-0.12326452513565513,0.28865194818360929,0.83928741872296786,False,False,M1,M1,M1
2018-10-31,GLD,6,2019-04-30,2019-04-30,15,0.12358815502192022,0.11664105585602004,0.12818266060374339,1048.1131341546852,0.12205443689777232,0.75,0.091540827673329245,0.5309680793894701,0.021269363113218809,162,1,False,-0.093365489237923427,0.27644714458458192,0.77964869615820254,False,False,M1,M1,M1
2018-10-31,VDE,6,2019-04-30,2019-04-30,15,0.17086802671497792,0.19900849351377414,0.11216653223580435,75.431200633546069,0.15824453728504159,0.75,0.11868340296378119,0.53059608939217251,0.019295602111328518,163,1,False,-0.1713839313312405,0.40875073725880284,0.86663874769952942,False,False,M1,M1,M1
2018-10-31,VMBS,6,2019-04-30,2019-04-30,15,0.11882882456885246,0.35673906267361094,0.22023843914267766,0.0001,0.28961545031123281,0.75,0.21721158773342461,0.50825417037624876,0.088914849404447632,101,1,False,-0.016859722617737105,0.45128289808458633,0.62955393935246984,False,False,M1,M1,M1
2018-10-31,VOO,6,2019-04-30,2019-04-30,15,0.045208399644704578,0.16359459360716852,0.084090708763071106,75.431200633546069,0.12378123641155568,0.75,0.092835927308666757,0.49922752487272087,0.033472344808324277,92,1,False,-0.085441694989156117,0.27111354960648965,0.72006417801696398,False,False,M1,M1,M1
2018-10-31,VWO,6,2019-04-30,2019-04-30,15,-0.0089685739999016967,0.083749627412748093,0.083055542230425022,10000,0.083409848112754273,0.75,0.062557386084565708,0.51046455298672755,0.011806204604729722,158,1,False,-0.19723463819927459,0.32234941036840603,0.76757174868362676,False,False,M1,M1,M1
2018-10-31,VXUS,6,2019-04-30,2019-04-30,15,0.054325468695009871,0.13741798435413269,0.060254268417796776,159.98587196060572,0.10960135817554077,0.75,0.082201018631655576,0.63951157819379667,0.079960907628375322,87,1,False,-0.12949944889603615,0.2939014861593473,,False,True,M1,M1,M1
2018-11-30,BND,6,2019-05-31,2019-05-31,15,0.1754069707101642,0.39864758055982391,0.22760393205904475,0.0001,0.31791862948015825,0.75,0.23843897211011869,0.528021345502941,0.058188726892596611,134,1,False,0.014873961989748608,0.46200398223048877,0.96128131680717921,False,False,M1,M1,M1
2018-11-30,DBC,6,2019-05-31,2019-05-31,15,0.24118292695474253,0.12828894255464798,0.12147176696198927,719.68567300115137,0.12451851583514127,0.75,0.09338888687635595,0.44692245809730446,0.060827634360195337,148,1,False,-0.10162459271294698,0.28840236646565887,0.85478751443559808,False,False,M1,M1,M1
2018-11-30,GLD,6,2019-05-31,2019-05-31,15,0.17595054294298751,0.10463215622984351,0.16341718912115594,1048.1131341546852,0.13220352575722141,0.75,0.099152644317916067,0.5309797720390057,0.021908465797271338,163,1,False,-0.079926621569198442,0.27823191020503057,0.78737761560185604,False,False,M1,M1,M1
2018-11-30,VDE,6,2019-05-31,2019-05-31,15,0.35242735296964456,0.10937195934431596,0.09213546792239978,75.431200633546069,0.10102154045016894,0.75,0.075766155337626706,0.5155383604618361,0.020267655976423854,164,1,False,-0.20966727960561615,0.36119959028086956,0.79509650771293816,False,False,M1,M1,M1
2018-11-30,VMBS,6,2019-05-31,2019-05-31,15,0.19414783420238724,0.43112738871576428,0.22505686963736021,0.0001,0.32905836134488664,0.75,0.24679377100866498,0.50468884230818456,0.088599581929640042,102,1,False,0.012728057721947295,0.48085948429538267,0.72335811688379492,False,False,M1,M1,M1
2018-11-30,VOO,6,2019-05-31,2019-05-31,15,0.23479142256051722,0.12236699988891221,0.068781228469337055,75.431200633546069,0.094674037528674121,0.75,0.071005528146505598,0.48320306628782228,0.033545203363675863,93,1,False,-0.099671319694373289,0.24168237598738448,0.8001986451875549,False,False,M1,M1,M1
2018-11-30,VWO,6,2019-05-31,2019-05-31,15,0.21042184023507104,0.082196898616463829,0.09132381303111145,10000,0.086654117712088585,0.75,0.064990588284066439,0.51164009071111194,0.012793799178912003,159,1,False,-0.18807041630487803,0.31805159287301094,0.77075280524413659,False,False,M1,M1,M1
2018-11-30,VXUS,6,2019-05-31,2019-05-31,15,0.22465414110855431,0.10418128715624587,0.048962058127508978,159.98587196060572,0.084969078940293846,0.75,0.063726809205220392,0.65207395043574923,0.080872267546320931,88,1,False,-0.14776037530176758,0.27521399371220834,,False,True,M1,M1,M1
2018-12-31,BND,6,2019-06-28,2019-06-28,15,0.32902598290896945,0.4072284406779314,0.2374884367601689,0.0001,0.32691527275001991,0.75,0.24518645456251492,0.52684596397898908,0.057712086141406889,135,1,False,0.027265545932202845,0.46310736319282697,0.88616408455321205,False,False,M1,M1,M1
2018-12-31,DBC,6,2019-06-28,2019-06-28,15,0.3045280222337341,0.14082283117714034,0.15809974585365738,719.68567300115137,0.1504347810381991,0.75,0.11282608577864933,0.44365356656397564,0.061632102530339107,149,1,False,-0.062142588451837205,0.28779476000913584,0.87893240261381278,False,False,M1,M1,M1
2018-12-31,GLD,6,2019-06-28,2019-06-28,15,0.29282848464277755,0.11246247567354502,0.20675922801442759,1048.1131341546852,0.15671837961625146,0.75,0.11753878471218859,0.53067414471792818,0.021702568102320803,164,1,False,-0.052208397138733015,0.28728596656311023,0.77181489635570344,False,False,M1,M1,M1
2018-12-31,VDE,6,2019-06-28,2019-06-28,15,0.26713656008256104,0.1634655063186258,0.12895831744164099,75.431200633546069,0.14631661006395566,0.75,0.10973745754796674,0.50303409774106789,0.021770631680667722,165,1,False,-0.17465099421157074,0.39412590930750424,0.85660485313880386,False,False,M1,M1,M1
2018-12-31,VMBS,6,2019-06-28,2019-06-28,15,0.35198882255299524,0.43693136972330204,0.24326617811180218,0.0001,0.34014142818562365,0.75,0.25510607113921774,0.50022024746789329,0.087662593089134877,103,1,False,0.021491236490654209,0.48872090578778127,0.39790550593405094,False,False,M1,M1,M1
2018-12-31,VOO,6,2019-06-28,2019-06-28,15,0.19869752766704729,0.14886802570349536,0.11037697564523578,75.431200633546069,0.12824885563632593,0.75,0.096186641727244448,0.46431261199784096,0.034109618816313886,94,1,False,-0.074430663797165592,0.26680394725165446,0.80368022871463496,False,False,M1,M1,M1
2018-12-31,VWO,6,2019-06-28,2019-06-28,15,0.26906380010332853,0.082813536975959015,0.067556976530779092,10000,0.07534196737587491,0.75,0.056506475531906186,0.51027168758442965,0.013260226822419879,160,1,False,-0.19092482056343082,0.30393777162724323,0.77344998568952039,False,False,M1,M1,M1
2018-12-31,VXUS,6,2019-06-28,2019-06-28,15,0.25673917584643879,0.12500165278717815,0.095813113842016517,159.98587196060572,0.11480203907955137,0.75,0.086101529309663527,0.65056100523601268,0.08135784837521888,89,1,False,-0.12519176154213932,0.29739482016146634,,False,True,M1,M1,M1
2019-01-31,BND,6,2019-07-31,2019-07-31,15,0.24426609976040581,0.31406138764147196,0.23058856993638346,0.0001,0.27435059182566257,0.75,0.20576294386924693,0.52426673847157568,0.057805696382117959,136,1,False,-0.0036852346647882894,0.41521112240328217,0.88628482926149987,False,False,M1,M1,M1
2019-01-31,DBC,6,2019-07-31,2019-07-31,15,0.30559543076867934,0.12288930199848538,0.12418290216624381,719.68567300115137,0.12361399013965831,0.75,0.092710492604743733,0.43978969759358849,0.062406016526555967,150,1,False,-0.068398436385196437,0.2538194215946839,0.85911263548433925,False,False,M1,M1,M1
2019-01-31,GLD,6,2019-07-31,2019-07-31,15,0.21463785115357892,0.10266965814071102,0.14788916060612528,1048.1131341546852,0.12397996817922549,0.75,0.092984976134419112,0.52873630012153583,0.021752880508229943,165,1,False,-0.070531711145568748,0.25650166341440694,0.77164741286160554,False,False,M1,M1,M1
2019-01-31,VDE,6,2019-07-31,2019-07-31,15,0.3155952956637087,0.066239820977169656,0.080612859421035438,75.431200633546069,0.07354242075711459,0.75,0.055156815567835943,0.49192372869067291,0.023277936385425302,166,1,False,-0.2261979767899511,0.33651160792562296,0.75220070510451698,False,False,M1,M1,M1
2019-01-31,VMBS,6,2019-07-31,2019-07-31,15,0.26107390994624913,0.3474144856198686,0.22042966957496282,0.0001,0.28329561726390556,0.75,0.21247171294792916,0.49506665164370056,0.087491836693533456,104,1,False,-0.02114178291947208,0.44608520881533043,0.63310141911953777,False,False,M1,M1,M1
2019-01-31,VOO,6,2019-07-31,2019-07-31,15,0.15487844146846164,0.096345771496263083,0.10958751012514154,75.431200633546069,0.10364960351398209,0.75,0.077737202635486558,0.44842348709478896,0.035187838644050104,95,1,False,-0.088681601795807335,0.24415600706678045,0.84766560475064512,False,False,M1,M1,M1
2019-01-31,VWO,6,2019-07-31,2019-07-31,15,0.25370654984833929,0.081855644447930184,0.077903429281728512,10000,0.079928376856628472,0.75,0.059946282642471357,0.51235762471051305,0.014023893312420961,161,1,False,-0.18002726908013489,0.29991983436507758,0.77665386370062861,False,False,M1,M1,M1
2019-01-31,VXUS,6,2019-07-31,2019-07-31,15,0.2400954780715574,0.089560684211038272,0.079553669254857531,159.98587196060572,0.086115883578202337,0.75,0.064586912683651757,0.65576141857284931,0.082325423874377052,90,1,False,-0.13242095281925353,0.26159477818655708,,False,True,M1,M1,M1
2019-02-28,BND,6,2019-08-30,2019-08-30,15,-0.027470843334324702,0.27893643765971887,0.21873891898518605,0.0001,0.25008534537339533,0.75,0.1875640090300465,0.5207262205887343,0.058024479358200001,137,1,False,-0.019753687581662543,0.39488170564175551,0.88884923876664279,False,False,M1,M1,M1
2019-02-28,DBC,6,2019-08-30,2019-08-30,15,0.12992305366019374,0.13432651648259727,0.11171921167466842,719.68567300115137,0.12165377857211128,0.75,0.091240333929083456,0.43944056940208992,0.06314149711362177,151,1,False,-0.064889402162197019,0.24737007002036393,0.85980857425353141,False,False,M1,M1,M1
2019-02-28,GLD,6,2019-08-30,2019-08-30,15,-0.093804782044841994,0.11146734525471287,0.13092672425593072,1048.1131341546852,0.12066941027906954,0.75,0.090502057709302156,0.5271141476929575,0.021654670503631679,166,1,False,-0.067922850698692375,0.2489269661172967,0.77532399633380022,False,False,M1,M1,M1
2019-02-28,VDE,6,2019-08-30,2019-08-30,15,0.18543193563656513,0.15600477343060887,0.08828295384246751,75.431200633546069,0.1208122466809739,0.75,0.090609185010730425,0.48033695840332263,0.024559351865946693,167,1,False,-0.17569337960104478,0.3569117496225056,0.8271553848525719,False,False,M1,M1,M1
2019-02-28,VMBS,6,2019-08-30,2019-08-30,15,0.0081704235414779003,0.30764860804899513,0.21091170171919618,0.0001,0.25810710203394643,0.75,0.19358032652545981,0.48787378163459144,0.087493618012859875,105,1,False,-0.027252449519954508,0.41441310257087416,0.7138944522133317,False,False,M1,M1,M1
2019-02-28,VOO,6,2019-08-30,2019-08-30,15,-0.0063472895216216685,0.13943329114232528,0.1156010760854131,75.431200633546069,0.12636059879302142,0.75,0.094770449094766063,0.45146968848318125,0.036274149707449486,96,1,False,-0.071620876533741162,0.26116177472327329,0.85652249456469143,False,False,M1,M1,M1
2019-02-28,VWO,6,2019-08-30,2019-08-30,15,0.077520657586741426,0.083073080037399105,0.025342469965310619,10000,0.054827094996224769,0.75,0.041120321247168579,0.51072775766783962,0.014540105150103681,162,1,False,-0.19650887064617126,0.27874951314050844,0.77697207068621832,False,False,M1,M1,M1
2019-02-28,VXUS,6,2019-08-30,2019-08-30,15,0.059112961532257979,0.12081013404992398,0.051019065101507291,159.98587196060572,0.097483240684986344,0.75,0.073112430513739751,0.66576105343537884,0.082970984526851574,91,1,False,-0.096149701554903017,0.24237456258238252,,False,True,M1,M1,M1
2019-03-29,BND,6,2019-09-30,2019-09-30,16,0.018281690369724268,0.27116662290294691,0.16026677193771291,1.2067926406393288,0.21726719441252151,0.75,0.16295039580939114,0.51398105568850272,0.057654017386966606,138,1,False,-0.044364872984314851,0.37026566460309712,0.8854579782265396,False,False,M1,M1,M1
2019-03-29,DBC,6,2019-09-30,2019-09-30,16,0.11697400554772952,0.14586956546982,0.094663714872139912,232.99518105153672,0.11725268481482336,0.75,0.087939513611117515,0.44114041030512363,0.063761806813479871,152,1,False,-0.063681381173327362,0.23956040839556239,0.85807659908933598,False,False,M1,M1,M1
2019-03-29,GLD,6,2019-09-30,2019-09-30,16,-0.083814825556432826,0.15109936250227926,0.22644382079946179,5.4286754393238592,0.18699668875240197,0.75,0.14024751656430148,0.52355717910224753,0.021354457907628542,167,1,False,-0.015555181569204213,0.29605021469780718,0.77526267767725099,False,False,M1,M1,M1
2019-03-29,VDE,6,2019-09-30,2019-09-30,16,0.17974445283655982,0.21079170269868958,0.21323919630854635,51.794746792312019,0.21205468412819453,0.75,0.15904101309614591,0.48396946802289098,0.025545523908712748,168,1,False,-0.10458836412641512,0.4226703903187069,0.92463072875921881,False,False,M1,M1,M1
2019-03-29,VMBS,6,2019-09-30,2019-09-30,16,0.040982179567136789,0.29666261759240581,0.16724745866620683,0.82864277285468424,0.22921116518247137,0.75,0.17190837388685354,0.47879790150086132,0.086776308822864107,106,1,False,-0.048855563232817673,0.39267231100652478,0.77759598701507382,False,False,M1,M1,M1
2019-03-29,VOO,6,2019-09-30,2019-09-30,16,0.016855806284562069,0.30299080978430504,0.084627503625337996,5.4286754393238592,0.18102290424643752,0.75,0.13576717818482814,0.44144505007139023,0.036631828226971586,97,1,False,-0.023063423789031867,0.29459778015868815,0.86359520950298507,False,False,M1,M1,M1
2019-03-29,VWO,6,2019-09-30,2019-09-30,16,0.10949653098534307,0.18141367179985637,0.16276430004834863,109.85411419875572,0.17226865983044939,0.75,0.12920149487283705,0.50963431416033356,0.014498996005938965,163,1,False,-0.10639589545014039,0.36479888519581449,0.79173679239389105,False,False,M1,M1,M1
2019-03-29,VXUS,6,2019-09-30,2019-09-30,16,0.063524381821334019,0.32990045718547478,0.086999757305400216,16.768329368110066,0.24670775520034557,0.75,0.18503081640025917,0.65750324298693552,0.082928989922540233,92,1,False,0.016100799078925004,0.35396083372159337,,False,True,M1,M1,M1
2019-04-30,BND,6,2019-10-31,2019-10-31,16,-0.13940685418586107,0.24526051834380536,0.14559506877310402,1.2067926406393288,0.19598073298188393,0.75,0.14698554973641295,0.50554795494136606,0.058040974049838337,139,1,False,-0.058797772251916486,0.35276887172474236,0.88356175821710592,False,False,M1,M1,M1
2019-04-30,DBC,6,2019-10-31,2019-10-31,16,-0.061908712629002327,0.15093094559770848,0.067293488755767808,232.99518105153672,0.10443469019704778,0.75,0.078326017647785837,0.44407377799004549,0.064868869359206438,153,1,False,-0.067474138902433298,0.22412617419800496,0.84764601291130837,False,False,M1,M1,M1
2019-04-30,GLD,6,2019-10-31,2019-10-31,16,-0.25693219454380833,0.16563057245515742,0.16352654857670845,5.4286754393238592,0.16462794600537667,0.75,0.1234709595040325,0.52347192441566615,0.021962991819023128,168,1,False,-0.030458627156629531,0.27740054616469456,0.77670018961617004,False,False,M1,M1,M1
2019-04-30,VDE,6,2019-10-31,2019-10-31,16,0.025221071744130241,0.21182449765675698,0.15129101691185684,51.794746792312019,0.18065671088069266,0.75,0.13549253316051948,0.48511490843535932,0.026405420375022009,169,1,False,-0.12502276167474044,0.39600782799577938,0.90491797724841538,False,False,M1,M1,M1
2019-04-30,VMBS,6,2019-10-31,2019-10-31,16,-0.12106827579743529,0.26002865998288344,0.1418645139405954,0.82864277285468424,0.19701435509856619,0.75,0.14776076632392465,0.46672229271841909,0.087075865044789244,107,1,False,-0.069706878322050025,0.36522841096989933,0.82005828245559187,False,False,M1,M1,M1
2019-04-30,VOO,6,2019-10-31,2019-10-31,16,-0.12622519844516877,0.27880272248909022,0.086407598779572117,5.4286754393238592,0.1694025514875053,0.75,0.12705191361562898,0.43137763113601868,0.036719344261846414,98,1,False,-0.027657709775757294,0.28176153700701523,0.87769234240882921,False,False,M1,M1,M1
2019-04-30,VWO,6,2019-10-31,2019-10-31,16,-0.071652543067576069,0.19856670990937939,0.16747087270259312,109.85411419875572,0.18331505417798377,0.75,0.13748629063348783,0.50952741262527801,0.014355901066878963,164,1,False,-0.09724511841345948,0.37221769968043517,0.78052204856845819,False,False,M1,M1,M1
2019-04-30,VXUS,6,2019-10-31,2019-10-31,16,-0.1062953475278321,0.32839002758375097,0.071081324310118321,16.768329368110066,0.23609112781384206,0.75,0.17706834586038156,0.64129118605150925,0.082621425178158181,93,1,False,0.018143490273837354,0.33599320144692579,,False,True,M1,M1,M1
2019-05-31,BND,6,2019-11-29,2019-11-29,16,-0.11516627744109653,0.26015896661341698,0.15124369708744148,1.2067926406393288,0.20510294473453369,0.75,0.15382720855090026,0.49450593917180002,0.058879302597412093,140,1,False,-0.037587722385437394,0.34524213948723792,0.89286539060292591,False,False,M1,M1,M1
2019-05-31,DBC,6,2019-11-29,2019-11-29,16,-0.088126651253856214,0.15917486387624682,0.12818724781635002,232.99518105153672,0.14197404107737896,0.75,0.10648053080803421,0.44491300119312421,0.066013765837099531,154,1,False,-0.049607235091678192,0.26256829670774662,0.88477594343539245,False,False,M1,M1,M1
2019-05-31,GLD,6,2019-11-29,2019-11-29,16,-0.19404375263779727,0.17544820810665535,0.18551402968325567,5.4286754393238592,0.18026466785845463,0.75,0.13519850089384097,0.52150356380288476,0.022874160760585044,169,1,False,-0.018067033477152189,0.28846403526483411,0.78490112797001532,False,False,M1,M1,M1
2019-05-31,VDE,6,2019-11-29,2019-11-29,16,-0.067095441658188815,0.22516743486730323,0.10617721180097386,51.794746792312019,0.16400476832167257,0.75,0.12300357624125444,0.48598578127266456,0.028323196449108027,170,1,False,-0.15833138410860345,0.4043385365911123,0.89416166762133775,False,False,M1,M1,M1
2019-05-31,VMBS,6,2019-11-29,2019-11-29,16,-0.10259146354117032,0.27106234884000302,0.13241463184991326,0.82864277285468424,0.19464226725049105,0.75,0.14598170043786829,0.44881831992246712,0.08806727216661886,108,1,False,-0.0645360612033965,0.35649946207913308,0.83976376264006303,False,False,M1,M1,M1
2019-05-31,VOO,6,2019-11-29,2019-11-29,16,-0.22898277272603507,0.30002748861549983,0.075130099685651042,5.4286754393238592,0.17440008761193268,0.75,0.1308000657089495,0.44140124702491096,0.038720072325469354,99,1,False,-0.03342426408292451,0.29502439550082349,0.88639646303380693,False,False,M1,M1,M1
2019-05-31,VWO,6,2019-11-29,2019-11-29,16,-0.13128150602383803,0.20804678947847163,0.17319369026979223,109.85411419875572,0.19093518900921366,0.75,0.14320139175691024,0.50903647429446652,0.015544179486080128,165,1,False,-0.090001170088542637,0.37640395360236312,0.78486957461298446,False,False,M1,M1,M1
2019-05-31,VXUS,6,2019-11-29,2019-11-29,16,-0.16443671462238652,0.36748304217272315,0.091184739225728617,16.768329368110066,0.26895552694618685,0.75,0.20171664520964014,0.64340166343534155,0.084132411517843245,94,1,False,0.033377054105743653,0.37005623631353662,,False,True,M1,M1,M1
2019-06-28,BND,6,2019-12-31,2019-12-31,16,-0.12186736057929959,0.20532732532280804,0.12780813816445449,1.2067926406393288,0.16621184169195161,0.75,0.12465888126896371,0.49540900692169748,0.060795236500330939,141,1,False,-0.063463560547086434,0.31278132308501383,0.87923842387288498,False,False,M1,M1,M1
2019-06-28,DBC,6,2019-12-31,2019-12-31,16,-0.13338767270661978,0.13377853887865002,0.064950615420585431,232.99518105153672,0.09557265038449253,0.75,0.071679487788369398,0.44490714560877997,0.067552567491271365,155,1,False,-0.12313200266380205,0.26649097824054085,0.84232692162943745,False,False,M1,M1,M1
2019-06-28,GLD,6,2019-12-31,2019-12-31,16,-0.1635741076401348,0.11843548178942212,0.17665800423059738,5.4286754393238592,0.14648188310326973,0.75,0.10986141232745231,0.51828948424238885,0.024462127371656765,170,1,False,-0.051141193057898715,0.27086401771280333,0.78309195999080605,False,False,M1,M1,M1
2019-06-28,VDE,6,2019-12-31,2019-12-31,16,-0.067294858914601741,0.14364491440340241,0.13903477720656351,51.794746792312019,0.14128133927107919,0.75,0.10596100445330939,0.48730915558350724,0.029719765827081433,171,1,False,-0.17128553899826601,0.38320754790488476,0.87407427480547584,False,False,M1,M1,M1
2019-06-28,VMBS,6,2019-12-31,2019-12-31,16,-0.11691297847045179,0.21538434175058901,0.10719620251416792,0.82864277285468424,0.15607790651273692,0.75,0.1170584298845527,0.45182128414048167,0.090488570794016801,109,1,False,-0.093415685609965521,0.32753254537907095,0.8514510564903216,False,False,M1,M1,M1
2019-06-28,VOO,6,2019-12-31,2019-12-31,16,-0.20783475991880762,0.22111902604592798,0.058688435407025452,5.4286754393238592,0.13141159271228636,0.75,0.098558694534214772,0.44771835784880487,0.040319846878885131,100,1,False,-0.065652740099486809,0.26277012916791637,0.89204946420359787,False,False,M1,M1,M1
2019-06-28,VWO,6,2019-12-31,2019-12-31,16,-0.17032587729844029,0.16234832168634405,0.18480758588287519,109.85411419875572,0.17336390103327703,0.75,0.13002292577495778,0.50953071077749901,0.017071406116304515,166,1,False,-0.092265331457948518,0.35231118300786407,0.7863896573703425,False,False,M1,M1,M1
2019-06-28,VXUS,6,2019-12-31,2019-12-31,16,-0.17279245494659567,0.29217623462808595,0.079499253373733883,16.768329368110066,0.21586940238913499,0.75,0.16190205179185124,0.64120784586606749,0.085949324826565296,95,1,False,-0.034599183820676616,0.3584032874043791,,False,True,M1,M1,M1
2019-07-31,BND,6,2020-01-31,2020-01-31,16,-0.02555045740022277,0.25739575894158151,0.17450856177590668,1.2067926406393288,0.2152807755003672,0.75,0.16146058162527541,0.49190001735690314,0.062087284833148369,142,1,False,-0.0253008482134503,0.34822201146400111,0.90604973295224123,False,False,M1,M1,M1
2019-07-31,DBC,6,2020-01-31,2020-01-31,16,0.064725733050436163,0.14582607228082492,0.092023542768420397,232.99518105153672,0.1160022792319183,0.75,0.087001709423938728,0.44568046671429196,0.069078483281511158,156,1,False,-0.13382675895405469,0.30783017780193211,0.86570909741406044,False,False,M1,M1,M1
2019-07-31,GLD,6,2020-01-31,2020-01-31,16,-0.09721322002355981,0.15586356659267087,0.17349688704130226,5.4286754393238592,0.16438504613371052,0.75,0.12328878460028289,0.51673993755946046,0.025574266107223562,171,1,False,-0.032486724738099187,0.27906429393866494,0.79153421545207092,False,False,M1,M1,M1
2019-07-31,VDE,6,2020-01-31,2020-01-31,16,0.13582369416035645,0.18518639187258512,0.16986641313485498,51.794746792312019,0.17732765170025097,0.75,0.13299573877518822,0.4870266919509752,0.031381832861015313,172,1,False,-0.13273295608339414,0.39872443363377058,0.91461293428414303,False,False,M1,M1,M1
2019-07-31,VMBS,6,2020-01-31,2020-01-31,16,-0.0050420499902714688,0.26349748995568234,0.15631253775210754,0.82864277285468424,0.20436758644090292,0.75,0.15327568983067719,0.44833764162645828,0.092039346604491645,110,1,False,-0.048873832468989686,0.35542521213034406,0.86259418865662929,False,False,M1,M1,M1
2019-07-31,VOO,6,2020-01-31,2020-01-31,16,-0.056028107645134329,0.28116945018153983,0.083059540010729585,5.4286754393238592,0.17155035747592542,0.75,0.12866276810694408,0.44667537019677162,0.041454090389673015,101,1,False,-0.029694376914560588,0.28701991312844877,0.90422488209542518,False,False,M1,M1,M1
2019-07-31,VWO,6,2020-01-31,2020-01-31,16,0.0097061030200265019,0.18857621541311942,0.17823871032725666,109.85411419875572,0.18350626022665303,0.75,0.13762969516998977,0.50955717609272166,0.018488383024879571,167,1,False,-0.083913391582498081,0.35917278192247759,0.7904747791789678,False,False,M1,M1,M1
2019-07-31,VXUS,6,2020-01-31,2020-01-31,16,-0.01905190087196873,0.35401615992656094,0.089611307635776544,16.768329368110066,0.25774260479651151,0.75,0.19330695359738365,0.63588582321412646,0.087555013922867311,96,1,False,-0.0031139200325326633,0.38972782722729993,,False,True,M1,M1,M1
2019-08-30,BND,6,2020-02-28,2020-02-28,16,-0.035913455195797472,0.32570439548578967,0.19917150289296798,1.2067926406393288,0.26098413800776937,0.75,0.19573810350582704,0.48851040901840609,0.061461004216592618,143,1,False,-0.011582605398589463,0.40305881241024355,0.87490546033616323,False,False,M1,M1,M1
2019-08-30,DBC,6,2020-02-28,2020-02-28,16,0.064790841295215174,0.16226339279546051,0.18898968059363166,232.99518105153672,0.17706180675970476,0.75,0.13279635506977858,0.44629744033300173,0.069466028315770298,157,1,False,-0.085531716332444135,0.35112442647200126,0.91733341730854534,False,False,M1,M1,M1
2019-08-30,GLD,6,2020-02-28,2020-02-28,16,-0.035223662202799377,0.21276297700287997,0.21654177501124799,5.4286754393238592,0.21458765878295147,0.75,0.16094074408721359,0.51712640473747873,0.024880201873781323,172,1,False,-0.015529646115953227,0.33741113429038039,0.78548820125645891,False,False,M1,M1,M1
2019-08-30,VDE,6,2020-02-28,2020-02-28,16,0.17545201631062968,0.23191540305617048,0.24260144974737799,51.794746792312019,0.23737171392931919,0.75,0.17802878544698938,0.48939855581595154,0.032272295882839301,173,1,False,-0.085601187654138183,0.44165875854811698,0.95676317866648619,False,False,M1,M1,M1
2019-08-30,VMBS,6,2020-02-28,2020-02-28,16,-0.026682653962748826,0.3378941432079739,0.18403389288613037,0.82864277285468424,0.25209937930865517,0.75,0.18907453448149136,0.44238512728366164,0.09128377072104106,111,1,False,-0.0078246561356532518,0.38597372509863598,0.87693856412929772,False,False,M1,M1,M1
2019-08-30,VOO,6,2020-02-28,2020-02-28,16,-0.024394308598687187,0.34528734749687123,0.10423538187764494,5.4286754393238592,0.21161141920356738,0.75,0.15870856440267553,0.44544767370010663,0.040985449410150518,102,1,False,0.0040074837124877971,0.31340964509286329,0.8140260301400376,False,False,M1,M1,M1
2019-08-30,VWO,6,2020-02-28,2020-02-28,16,-0.031218244157671493,0.18922101834667998,0.18775738230262912,109.85411419875572,0.18850597675663297,0.75,0.14137948256747473,0.51146216099732578,0.018839765611557324,168,1,False,-0.077627065180222443,0.36038603031517191,0.79271547881269111,False,False,M1,M1,M1
2019-08-30,VXUS,6,2020-02-28,2020-02-28,16,-0.013408877347270587,0.37866025931901903,0.12711786604367498,16.768329368110066,0.28465012148363966,0.75,0.21348759111272975,0.62626523262632028,0.087261796887912579,97,1,False,0.034246591179046798,0.39272859104641267,,False,True,M1,M1,M1
2020-09-30,BND,6,2021-03-31,2021-03-31,19,0.1055618189926808,-0.011612148495193542,-0.039190466564055074,24.420530945486497,-0.026222021024816227,0.75,-0.019666515768612169,0.47024062551085816,0.058598059288301363,156,1,False,-0.20565086673421817,0.16631783519699384,0.78918192231423112,False,False,M3,M3,M3
2020-09-30,DBC,6,2021-03-31,2021-03-31,19,-0.21736799501881454,0.14763867649184748,0.05632810622481825,3237.4575428176399,0.098730032408983648,0.75,0.074047524306737736,0.46437040158839138,0.076259559181671197,170,1,False,-0.14185767155266282,0.28995272016613832,0.82500138211818763,False,False,M3,M3,M3
2020-09-30,GLD,6,2021-03-31,2021-03-31,19,0.15020901869973335,0.10267728790682554,-0.12272046431472694,6866.488450042998,-0.017546201210384711,0.75,-0.013159650907788534,0.46661629083577649,0.018055869312352271,185,1,False,-0.24518367977741856,0.21886437796184149,0.71436894304772469,False,False,M3,M3,M3
2020-09-30,VDE,6,2021-03-31,2021-03-31,19,-0.68252971800391182,0.15182979210348627,0.092951251298438259,10000,0.12468789100540655,0.75,0.093515918254054906,0.53901878805133907,0.048729458769131387,186,1,False,-0.29080923313734652,0.47784106964545636,0.82594633644921389,False,False,M3,M3,M3
2020-09-30,VMBS,6,2021-03-31,2021-03-31,19,0.085720733361016155,-0.02082953416754213,-0.025954655861688273,24.420530945486497,-0.023485987632289703,0.75,-0.017614490724217276,0.48167992424809225,0.086378016542816183,124,1,False,-0.20774478727874912,0.17251580583031456,0.8441604982926677,False,False,M3,M3,M3
2020-09-30,VOO,6,2021-03-31,2021-03-31,19,-0.13690116552498499,0.073169537785361949,-0.078634482851454995,10000,-0.014715027924622266,0.75,-0.0110362709434667,0.42106562565794375,0.038227902218459966,115,1,False,-0.18160039434280731,0.15952785245587389,0.95078441845440376,False,False,M3,M3,M3
2020-09-30,VWO,6,2021-03-31,2021-03-31,19,-0.16271405133132366,0.10838983957258053,-0.05402175815273455,10000,0.033489294896222377,0.75,0.025116971172166783,0.53882268430708624,0.022427410288156424,181,1,False,-0.1788383821610432,0.22907232450537673,0.78533390377828771,False,False,M3,M3,M3
2020-09-30,VXUS,6,2021-03-31,2021-03-31,19,-0.16191597515400735,0.10504975595554318,-0.062633233115066814,10000,0.019630657458725297,0.75,0.014722993094043972,0.49059174713990478,0.085704821318427091,110,1,False,-0.21381632279090071,0.24326230897898868,0.99174980822471814,False,False,M3,M3,M3
2020-10-30,BND,6,2021-04-30,2021-04-30,19,0.16313388852257882,-0.088066189344310541,-0.029450828234677821,24.420530945486497,-0.056709556881473576,0.75,-0.04253216766110518,0.4650441135355578,0.058864396066151618,157,1,False,-0.22758554056835206,0.1425212052461417,0.79450273179081132,False,False,M3,M3,M3
2020-10-30,DBC,6,2021-04-30,2021-04-30,19,-0.26742218495245296,0.14695487024151169,0.049695271699798524,3237.4575428176399,0.094177002363531298,0.75,0.070632751772648467,0.45735054771643169,0.075400153254086263,171,1,False,-0.14069733632734338,0.28196283987264031,0.81449641148079488,False,False,M3,M3,M3
2020-10-30,GLD,6,2021-04-30,2021-04-30,19,0.20820647992262142,0.10108295053971784,-0.072247485188630944,6866.488450042998,0.0085303989551339058,0.75,0.0063977992163504298,0.46603404534425547,0.018110245351314024,186,1,False,-0.21740796151084005,0.23020355994354089,0.7078115501399852,False,False,M3,M3,M3
2020-10-30,VDE,6,2021-04-30,2021-04-30,19,-0.64303801106065062,0.15159869284859148,0.15100242627088048,10000,0.15132845254034091,0.75,0.11349633940525569,0.54677937963925427,0.049760801653808216,187,1,False,-0.22873076512958476,0.45572344394009612,0.85701988086339298,False,False,M3,M3,M3
2020-10-30,VMBS,6,2021-04-30,2021-04-30,19,0.14972407170613933,-0.092047435462008387,-0.012914383673716884,24.420530945486497,-0.050595819996302957,0.75,-0.037946864997227214,0.4761782273151432,0.08652288661496875,125,1,False,-0.22807703720604031,0.15218330721158588,0.8447482518597611,False,False,M3,M3,M3
2020-10-30,VOO,6,2021-04-30,2021-04-30,19,-0.14059504603832607,0.072804107862121339,-0.04840234662833072,10000,0.0017351544463856917,0.75,0.0013013658347892688,0.41365372236563486,0.037450517734790141,116,1,False,-0.16493460997385523,0.16753734164343376,0.89739897001589297,False,False,M3,M3,M3
2020-10-30,VWO,6,2021-04-30,2021-04-30,19,-0.069773865559754844,0.10805320858135029,0.0014539031377281998,10000,0.058075585810226003,0.75,0.043556689357669501,0.53116371102852733,0.021455906948920196,182,1,False,-0.15645252798178527,0.2435659066971243,0.76404939319447929,False,False,M3,M3,M3
2020-10-30,VXUS,6,2021-04-30,2021-04-30,19,-0.13139178553145703,0.10480631733916373,-0.009887726977535094,10000,0.043856192466904254,0.75,0.03289214435017819,0.4685850931896603,0.084378849276007126,111,1,False,-0.18521653071670352,0.25100081941705987,0.9674214571893357,False,False,M3,M3,M3
2020-11-30,BND,6,2021-05-31,2021-05-31,19,0.19752633744304904,-0.065343453085698916,0.0070389261920601794,24.420530945486497,-0.025891787014775645,0.75,-0.019418840261081732,0.4549548320381675,0.059283709605732676,158,1,False,-0.19581852809652753,0.15698084757436406,0.78547227274050868,False,False,M3,M3,M3
2020-11-30,DBC,6,2021-05-31,2021-05-31,19,-0.15289100693799496,0.14825561582061983,0.09864368345516214,3237.4575428176399,0.12104001228338197,0.75,0.090780009212536483,0.45143028623116632,0.074676211373441367,172,1,False,-0.1090821560373649,0.2906421744624379,0.84208826879101584,False,False,M3,M3,M3
2020-11-30,GLD,6,2021-05-31,2021-05-31,19,0.11067056240701656,0.10002963966266509,-0.0066321184307241267,6866.488450042998,0.043449678440124595,0.75,0.032587258830093446,0.46953845282579054,0.018607408537452439,187,1,False,-0.1847152391157407,0.24988975677592759,0.69757632323064267,False,False,M3,M3,M3
2020-11-30,VDE,6,2021-05-31,2021-05-31,19,-0.23438642942550403,0.15150419662260386,0.19362497128936287,10000,0.17047049782153331,0.75,0.12785287336614998,0.54971623031669203,0.049967270998644321,188,1,False,-0.20824726914242286,0.46395301587472282,0.87701623636807258,False,False,M3,M3,M3
2020-11-30,VMBS,6,2021-05-31,2021-05-31,19,0.17897742611675094,-0.063229074340501429,0.030568372475193666,24.420530945486497,-0.012933246042097822,0.75,-0.0096999345315733673,0.4637825441322394,0.086953116832847205,126,1,False,-0.1969084679764391,0.17750859891329238,0.81732066711113804,False,False,M3,M3,M3
2020-11-30,VOO,6,2021-05-31,2021-05-31,19,0.0094761014537960708,0.072609054328476766,-0.055880477896847892,10000,-0.0039396605967463886,0.75,-0.0029547454475597913,0.40424162498323907,0.036577038398397113,117,1,False,-0.16567502639673098,0.15976553550161138,0.88534367130067615,False,False,M3,M3,M3
2020-11-30,VWO,6,2021-05-31,2021-05-31,19,0.060695321711785155,0.10769056611347889,0.10849586006098418,10000,0.10807418856972185,0.75,0.081055641427291394,0.523624314535866,0.020342370671994327,183,1,False,-0.13333633500348074,0.2954476178580635,0.73669067825565682,False,False,M3,M3,M3
2020-11-30,VXUS,6,2021-05-31,2021-05-31,19,0.028000136321554736,0.10455355571919263,0.07192319450827564,10000,0.086432628676136589,0.75,0.064824471507102438,0.44466054402752353,0.082635574654815705,112,1,False,-0.15324830184509569,0.28289724485930057,0.90874813348256855,False,False,M3,M3,M3
2020-12-31,BND,6,2021-06-30,2021-06-30,19,0.047687206780919755,-0.032478457268670324,-0.051850117349548253,24.420530945486497,-0.042948306233272684,0.75,-0.032211229674954517,0.45952753037736216,0.060537613256599621,159,1,False,-0.19578199087594264,0.13135953152603361,0.78539558817626365,False,False,M3,M3,M3
2020-12-31,DBC,6,2021-06-30,2021-06-30,19,-0.26572793372868553,0.14846819160459399,-0.020394296522068277,3237.4575428176399,0.055810731762013489,0.75,0.041858048821510119,0.45128452819504261,0.07454812385194283,173,1,False,-0.15719332080431575,0.24090941844733599,0.75576047799137236,False,False,M3,M3,M3
2020-12-31,GLD,6,2021-06-30,2021-06-30,19,0.0920989332818547,0.10147233387327444,-0.06299754426257767,6866.488450042998,0.015057482830610551,0.75,0.011293112122957914,0.4745855470794158,0.019580029462294601,188,1,False,-0.20497237499943255,0.22755859924534838,0.71108269426452397,False,False,M3,M3,M3
2020-12-31,VDE,6,2021-06-30,2021-06-30,19,-0.50394680666862435,0.15240420069804783,0.053351258357638751,10000,0.10855192305504219,0.75,0.081413942291281641,0.55728445206300636,0.050648291074604695,189,1,False,-0.24910818373636257,0.41193606831892582,0.8128143380054057,False,False,M3,M3,M3
2020-12-31,VMBS,6,2021-06-30,2021-06-30,19,0.036659863658544345,-0.032452464928517805,-0.024878533032574406,24.420530945486497,-0.028426518707476933,0.75,-0.021319889030607699,0.46844700000574763,0.088380825231976101,127,1,False,-0.19357694056437919,0.1509371625031638,0.8091042020800373,False,False,M3,M3,M3
2020-12-31,VOO,6,2021-06-30,2021-06-30,19,-0.12278927724638167,0.073449314082943112,-0.062395283561092703,10000,-0.00867172481699887,0.75,-0.0065037936127491525,0.39547806593582663,0.03639665369860446,118,1,False,-0.16920816233363373,0.1562005751081354,0.89537245458768233,False,False,M3,M3,M3
2020-12-31,VWO,6,2021-06-30,2021-06-30,19,-0.069800938002764212,0.10871727869413723,0.089251836109399671,10000,0.09936582921988725,0.75,0.074524371914915441,0.51958711272343472,0.020153088634638851,184,1,False,-0.13706248746214383,0.28611123129197469,0.73343663396412295,False,False,M3,M3,M3
2020-12-31,VXUS,6,2021-06-30,2021-06-30,19,-0.089182621674964269,0.10549180488504027,0.0388025822114842,10000,0.067213233527208135,0.75,0.050409925145406098,0.42601563156305106,0.082094450847550626,113,1,False,-0.15153422321435592,0.25235407350516814,0.93140662666260554,False,False,M3,M3,M3
2021-01-29,BND,6,2021-07-30,2021-07-30,19,0.091342016599453846,-0.025658237266380668,0.085905456187956031,24.420530945486497,0.035726495170154873,0.75,0.026794871377616155,0.44977859251620722,0.060297681463010636,160,1,False,-0.13116032509821896,0.18475006785345127,0.77867780508118778,False,False,M3,M3,M3
2021-01-29,DBC,6,2021-07-30,2021-07-30,19,-0.1900835754419683,0.15036057337401174,0.1201837237186873,3237.4575428176399,0.13360743946847284,0.75,0.10020557960135462,0.444834895063907,0.073184188162515748,174,1,False,-0.11559428742589684,0.31600544662860608,0.85220799817481885,False,False,M3,M3,M3
2021-01-29,GLD,6,2021-07-30,2021-07-30,19,0.10981933254709464,0.10067158715142326,0.10604237091496196,6866.488450042998,0.10348702939647515,0.75,0.077615272047356368,0.47578558940215876,0.019900978295247253,189,1,False,-0.13727379324997424,0.29250433734468695,0.67949151200360414,False,False,M3,M3,M3
2021-01-29,VDE,6,2021-07-30,2021-07-30,19,-0.20336229789190474,0.15230793665644124,0.21177642123572585,10000,0.17911956126132039,0.75,0.13433967094599031,0.5491456559796245,0.049617555893656427,190,1,False,-0.19169110067041234,0.46037044256239296,0.88191454716690476,False,False,M3,M3,M3
2021-01-29,VMBS,6,2021-07-30,2021-07-30,19,0.098503912859212117,-0.01432767959492301,0.095026085529282933,24.420530945486497,0.045098590236340129,0.75,0.033823942677255095,0.45656859858674526,0.087750513157557108,128,1,False,-0.13060776385769862,0.19825564921220878,0.80219410802450397,False,False,M3,M3,M3
2021-01-29,VOO,6,2021-07-30,2021-07-30,19,-0.099590711535425092,0.07293206385906735,-0.0068874384800895437,10000,0.023894659179282008,0.75,0.017920994384461507,0.38564632398454385,0.034981848154603347,119,1,False,-0.15253764002266462,0.18837962879158765,0.83072798002415682,False,False,M3,M3,M3
2021-01-29,VWO,6,2021-07-30,2021-07-30,19,0.09823150688248683,0.10775482177030511,0.14310586033866121,10000,0.12485303931159761,0.75,0.093639779483698199,0.51633054547377044,0.018912446451937012,185,1,False,-0.1319111027451294,0.3191906617125258,0.7169241441126033,False,False,M3,M3,M3
2021-01-29,VXUS,6,2021-07-30,2021-07-30,19,0.0057640217030747731,0.10454934358183049,0.1073170264735481,10000,0.10617587782568998,0.75,0.079631908369267479,0.41231192029731506,0.079745742415277612,114,1,False,-0.16082078472549285,0.32008460146402784,0.87779521779212744,False,False,M3,M3,M3
2021-02-26,BND,6,2021-08-31,2021-08-31,19,0.12033906975496333,-0.095811511867923638,0.043309677792806291,24.420530945486497,-0.018542127157884745,0.75,-0.013906595368413559,0.44458939074289777,0.059770233981863853,161,1,False,-0.19895320852888654,0.1711400177920594,0.78579162527217428,False,False,M3,M3,M3
2021-02-26,DBC,6,2021-08-31,2021-08-31,19,-0.011040507216180773,0.15090020521326525,0.066157812953171399,3237.4575428176399,0.10386281704470005,0.75,0.077897112783525041,0.44493674400651007,0.071203137038036143,175,1,False,-0.15304494109687841,0.30883916666392852,0.80504849572140957,False,False,M3,M3,M3
2021-02-26,GLD,6,2021-08-31,2021-08-31,19,0.084809329284850632,0.10022772381436514,-0.013991927144256393,6866.488450042998,0.040274359650950504,0.75,0.03020576973821288,0.47510464565213911,0.020236470105172197,190,1,False,-0.17960684346471362,0.24001838294113936,0.70679620219012418,False,False,M3,M3,M3
2021-02-26,VDE,6,2021-08-31,2021-08-31,19,0.078147629498099835,0.15248341924383385,0.15904798139953286,10000,0.15545468135786875,0.75,0.11659101101840155,0.54737847802150708,0.047104124219479751,191,1,False,-0.27029954712743498,0.50348156916423814,0.84157583321235374,False,False,M3,M3,M3
2021-02-26,VMBS,6,2021-08-31,2021-08-31,19,0.13623508129809125,-0.099238108685249515,0.05893827239710981,24.420530945486497,-0.012294694342385093,0.75,-0.009221020756788819,0.45033883220785853,0.086801954276496424,129,1,False,-0.19635668420791919,0.17791464269434154,0.81879197660929248,False,False,M3,M3,M3
2021-02-26,VOO,6,2021-08-31,2021-08-31,19,-0.055375340967862563,0.073025848620371647,-0.11126092211428769,10000,-0.041146096806525957,0.75,-0.03085957260489447,0.38046586322094056,0.033581185809633776,120,1,False,-0.22147021921830487,0.15975107400851593,0.90038020282495856,False,False,M3,M3,M3
2021-02-26,VWO,6,2021-08-31,2021-08-31,19,0.15001545102103897,0.10852866722369883,-0.012846982986822603,10000,0.049881665372076417,0.75,0.037411249029057313,0.51681410769045166,0.017628409394195795,186,1,False,-0.22862283840503442,0.30344533646314903,0.74122825548788918,False,False,M3,M3,M3
2021-02-26,VXUS,6,2021-08-31,2021-08-31,19,0.061752778271980002,0.10506083119928537,-0.022806043483096432,10000,0.028795778580712045,0.75,0.021596833935534035,0.40355895294998134,0.07733270985580451,115,1,False,-0.22517014667503044,0.26836381454609853,0.96422660545398786,False,False,M3,M3,M3
2021-03-31,BND,6,2021-09-30,2021-09-30,20,-0.060557710466585424,-0.28061514081046973,-0.021175846937338171,3.7275937203149381,-0.1370095517938634,0.75,-0.10275716384539754,0.44647710501852161,0.060052898086868894,162,1,False,-0.27523461616267447,0.069720288471879388,0.8150705153477954,False,False,M3,M3,M3
2021-03-31,DBC,6,2021-09-30,2021-09-30,20,-0.22459726942292979,0.8479308512370668,-0.0074722867688587621,0.0001,0.37158522636202324,0.75,0.27868891977151744,0.44313318047268629,0.069563528333167687,176,1,False,0.03401037440234525,0.52336746514068966,0.96659779007296553,False,False,M3,M3,M3
2021-03-31,GLD,6,2021-09-30,2021-09-30,20,-0.043295379601361872,0.083492949289528606,0.0045528678309671271,10000,0.042510436620508719,0.75,0.031882827465381541,0.48084025362283039,0.0209169546527877,191,1,False,-0.17432371349882628,0.23808936842958936,0.70859310685811827,False,False,M3,M3,M3
2021-03-31,VDE,6,2021-09-30,2021-09-30,20,-0.086948349826425742,1.1572689502834972,0.11750432089924873,0.0001,0.68297550441014265,0.75,0.51223162830760693,0.54384537378018671,0.043303947957899581,192,1,False,-0.26381400795035981,1.2882772645655738,0.99425504845975476,False,False,M3,M3,M3
2021-03-31,VMBS,6,2021-09-30,2021-09-30,20,-0.040535513669490153,-0.25042371073300501,0.039640719937103795,3.7275937203149381,-0.091278946144955908,0.75,-0.068459209608716931,0.45134684655960128,0.086793637192531206,130,1,False,-0.2467418150946612,0.10982339587722734,0.85589025452788436,False,False,M3,M3,M3
2021-03-31,VOO,6,2021-09-30,2021-09-30,20,-0.16543128449700617,0.16810307455512924,-0.17455488489462584,0.39069399370546132,-0.047230955073534218,0.75,-0.035423216305150662,0.37157733042463148,0.032172240757281555,121,1,False,-0.22266478933905995,0.15181835672875862,0.85584221286814899,False,False,M3,M3,M3
2021-03-31,VWO,6,2021-09-30,2021-09-30,20,-0.021705938677005876,0.11811452526607892,-0.059534633848531283,10000,0.03129132840868383,0.75,0.023468496306512873,0.51126592836062246,0.016664011208497826,187,1,False,-0.21960771976564372,0.26654471237866945,0.73988136191043619,False,False,M3,M3,M3
2021-03-31,VXUS,6,2021-09-30,2021-09-30,20,-0.077123051600132109,0.12233063170522121,-0.13568459592785964,10000,-0.03388504815967544,0.75,-0.02541378611975658,0.39454860359231059,0.07527022119192682,116,1,False,-0.26775500444431821,0.21692743220480507,0.96595504435837687,False,False,M3,M3,M3
2021-04-30,BND,6,2021-10-29,2021-10-29,20,-0.066941809671645758,-0.20351681485309386,0.047506797228951861,3.7275937203149381,-0.064185880586067945,0.75,-0.048139410439550959,0.44494889101712731,0.060685296801198406,163,1,False,-0.23854643389118718,0.14226761301208529,0.80715788241084818,False,False,M3,M3,M3
2021-04-30,DBC,6,2021-10-29,2021-10-29,20,-0.24825267373576076,0.72534345351008411,0.19509991641692739,0.0001,0.42914332788478976,0.75,0.32185749591359231,0.44138852262284911,0.06765965424680824,177,1,False,0.050694502180978207,0.59302048964620635,0.97604832756490212,False,False,M3,M3,M3
2021-04-30,GLD,6,2021-10-29,2021-10-29,20,-0.062157300899912449,0.084278612146942322,-0.051581096838026481,10000,0.014343913235324669,0.75,0.010757934926493502,0.485243274594714,0.021892420930234757,192,1,False,-0.19321187063400544,0.21472774048699242,0.721939742683809,False,False,M3,M3,M3
2021-04-30,VDE,6,2021-10-29,2021-10-29,20,-0.27136714236974047,0.94928563584122094,0.22876637739494848,0.0001,0.61934548116225652,0.75,0.46450911087169239,0.54208003351576306,0.039747772004435598,193,1,False,-0.29219344033380074,1.2212116620771856,0.98680768085665949,False,False,M3,M3,M3
2021-04-30,VMBS,6,2021-10-29,2021-10-29,20,-0.050811847371261099,-0.18020679810040524,0.055560303585230453,3.7275937203149381,-0.049991845695657233,0.75,-0.037493884271742925,0.44769668255763501,0.087274022188818287,131,1,False,-0.22762339464044007,0.15263562609695425,0.85860232634073264,False,False,M3,M3,M3
2021-04-30,VOO,6,2021-10-29,2021-10-29,20,-0.16404556163776507,0.21325437917370227,-0.028721693927733102,0.39069399370546132,0.059767787418923295,0.75,0.044825840564192469,0.36569517065252138,0.030756115455678214,122,1,False,-0.13308417145806448,0.22273585258644943,0.71061530611319279,False,False,M3,M3,M3
2021-04-30,VWO,6,2021-10-29,2021-10-29,20,-0.026217110005611444,0.11865536784990711,0.016466807915045265,10000,0.06834773399538227,0.75,0.051260800496536703,0.50769798608971017,0.016204235268241163,188,1,False,-0.18457264003865526,0.28709424103172865,0.71909181405176537,False,False,M3,M3,M3
2021-04-30,VXUS,6,2021-10-29,2021-10-29,20,-0.07960531638529289,0.12274535475959739,0.017244566226259098,10000,0.05833462565180849,0.75,0.043750969238856366,0.38947632521784348,0.073503879254120108,117,1,False,-0.1984371080706237,0.28593904654833641,0.86951291730703462,False,False,M3,M3,M3
2021-05-31,BND,6,2021-11-30,2021-11-30,20,-0.052798441731804258,-0.28900704821948781,0.034405926211266695,3.7275937203149381,-0.10883738429999347,0.75,-0.081628038224995106,0.44291145326926207,0.061519693390477984,164,1,False,-0.28774935269651902,0.1244932762465288,0.82366144547296805,False,False,M3,M3,M3
2021-05-31,DBC,6,2021-11-30,2021-11-30,20,-0.12018316221473324,0.94661054093364139,0.15584591267981338,0.0001,0.50446281129821458,0.75,0.37834710847366093,0.44086051166479145,0.066420605588466644,178,1,False,0.11436312884710109,0.64233108810022077,0.98289145641256837,False,False,M3,M3,M3
2021-05-31,GLD,6,2021-11-30,2021-11-30,20,0.021335849391515116,0.084023519219003084,-0.011104692196412221,10000,0.035306462328719632,0.75,0.026479846746539724,0.48788002880090975,0.022352411300580771,193,1,False,-0.17589711990434828,0.22885681339742772,0.71649324908594081,False,False,M3,M3,M3
2021-05-31,VDE,6,2021-11-30,2021-11-30,20,-0.13861578497514959,1.1328970836869783,0.18144543748610142,0.0001,0.69739105644525456,0.75,0.52304329233394098,0.54227203349672193,0.038334709110466839,194,1,False,-0.034881957022783516,1.0809685416906656,0.98667019408695511,False,False,M3,M3,M3
2021-05-31,VMBS,6,2021-11-30,2021-11-30,20,-0.039536034677402521,-0.26288961032452562,0.06705814842883262,3.7275937203149381,-0.079209169456850997,0.75,-0.059406877092638248,0.44330447473965418,0.087968744945848068,132,1,False,-0.24852032469926724,0.12970657051399073,0.87920462778050823,False,False,M3,M3,M3
2021-05-31,VOO,6,2021-11-30,2021-11-30,20,-0.14376864012799218,0.16997963097829244,-0.050359975174242837,0.39069399370546132,0.030529233064000093,0.75,0.022896924798000068,0.36711152230273786,0.030583107211760472,123,1,False,-0.14759118175300354,0.19338503134900367,0.7497158996640938,False,False,M3,M3,M3
2021-05-31,VWO,6,2021-11-30,2021-11-30,20,0.033367482582662311,0.11840419487982454,0.075894995889116079,10000,0.097476934980411781,0.75,0.073107701235308839,0.5077004414035895,0.016439637842016526,189,1,False,-0.15983987812179673,0.30605528059241438,0.7112487419834691,False,False,M3,M3,M3
2021-05-31,VXUS,6,2021-11-30,2021-11-30,20,0.0037559612924865649,0.12249452695835437,0.077362350661664664,10000,0.094883591482077839,0.75,0.071162693611558386,0.38822060574327533,0.073118254314013628,118,1,False,-0.17102501599970052,0.31335040322281726,0.82671763605069437,False,False,M3,M3,M3
2021-06-30,BND,6,2021-12-31,2021-12-31,20,0.074882733318036854,-0.35739086133149983,0.059857443411570288,3.7275937203149381,-0.12547502211577991,0.5,-0.062737511057889953,0.44417787542953052,0.06143586013829884,165,1,False,-0.26506025596004684,0.13958523384426691,0.83436234238283224,False,False,M3,M3,M3
2021-06-30,DBC,6,2021-12-31,2021-12-31,20,-0.016357335815575524,0.98888706450766051,0.16656956821746835,0.0001,0.52587331915242563,0.5,0.26293665957621282,0.43694041845871245,0.064565027156527247,179,1,False,-0.028963776304870348,0.55483709545729598,0.9861588913473851,False,False,M3,M3,M3
2021-06-30,GLD,6,2021-12-31,2021-12-31,20,0.051670734347884606,0.083163676946716739,0.019887524035758671,10000,0.050984884552995699,0.5,0.025492442276497849,0.49145466477706218,0.022711929455123424,194,1,False,-0.17405821342468419,0.22504309797767991,0.71284466753830622,False,False,M3,M3,M3
2021-06-30,VDE,6,2021-12-31,2021-12-31,20,0.056919402779478157,1.1491921651799037,0.28358830677246705,0.0001,0.74987181928214552,0.5,0.37493590964107276,0.53868003010933951,0.035553778260317657,195,1,False,-0.40110972661689398,1.1509815458990396,0.98729766729936586,False,False,M3,M3,M3
2021-06-30,VMBS,6,2021-12-31,2021-12-31,20,0.080167673131738226,-0.32698514908754278,0.083442304484970128,3.7275937203149381,-0.098498544434609092,0.5,-0.049249272217304546,0.44329600112248468,0.087582963883537521,133,1,False,-0.23723471640347038,0.13873617196886129,0.89557092860489829,False,False,M3,M3,M3
2021-06-30,VOO,6,2021-12-31,2021-12-31,20,-0.042899831016160794,0.13443835189364844,-0.015862818862993611,0.39069399370546132,0.038250827905420469,0.5,0.019125413952710234,0.36003476550446434,0.029346233143549651,124,1,False,-0.15133990445521572,0.18959073236063617,0.71571187213975251,False,False,M3,M3,M3
2021-06-30,VWO,6,2021-12-31,2021-12-31,20,0.15411733934054395,0.11817177971813049,0.13886244102184322,10000,0.1283724664358761,0.5,0.064186233217938052,0.50699078352245897,0.015985740074412419,190,1,False,-0.16137676418458341,0.28974923062045954,0.69264732453229239,False,False,M3,M3,M3
2021-06-30,VXUS,6,2021-12-31,2021-12-31,20,0.10103614573586928,0.12222787360461322,0.13798795516997389,10000,0.13190003385345406,0.5,0.065950016926727029,0.38628742441920955,0.071754381406543222,119,1,False,-0.1745163641311161,0.30641639798457015,0.74628222030524816,False,False,M3,M3,M3
2021-07-30,BND,6,2022-01-31,2022-01-31,20,0.1939474005271028,-0.39959401423815039,0.19008543777219802,3.7275937203149381,-0.069216469155967575,0.5,-0.034608234577983787,0.43973366554345372,0.061616017707341937,166,1,False,-0.23192531460283156,0.16270884544686398,0.82304493268072121,False,False,M3,M3,M3
2021-07-30,DBC,6,2022-01-31,2022-01-31,20,0.016234400305348728,1.1199177771158888,0.22433511037982043,0.0001,0.61594364083282049,0.5,0.30797182041641025,0.43726675939386911,0.063150312697646718,180,1,False,0.016952155637534272,0.59899148519528622,0.99021347185610242,False,False,M3,M3,M3
2021-07-30,GLD,6,2022-01-31,2022-01-31,20,0.17789238507957428,0.082186987122377875,0.15674207687305064,10000,0.12011111879547494,0.5,0.060055559397737469,0.49132739562217675,0.023158634086364305,195,1,False,-0.13800066555527926,0.25811178435075421,0.68802828459359056,False,False,M3,M3,M3
2021-07-30,VDE,6,2022-01-31,2022-01-31,20,-0.1805630605226618,1.2613092724457169,0.26138195365710098,0.0001,0.80071710868660495,0.5,0.40035855434330248,0.53937435741119022,0.034334818688112438,196,1,False,-0.35633975650741101,1.1570568651940158,0.98368797153884013,False,False,M3,M3,M3
2021-07-30,VMBS,6,2022-01-31,2022-01-31,20,0.18522419688757563,-0.36963959462042983,0.18390911464855983,3.7275937203149381,-0.058125825624983238,0.5,-0.029062912812491619,0.43724235323964855,0.087664463502758957,134,1,False,-0.21543429047183985,0.15730846484685659,0.88754473716359938,False,False,M3,M3,M3
2021-07-30,VOO,6,2022-01-31,2022-01-31,20,0.14728959450624335,0.17501214366378276,0.035890353157748675,0.39069399370546132,0.085580335872330784,0.5,0.042790167936165392,0.35716894193096893,0.028314737586117852,125,1,False,-0.12572975548418985,0.21131009135652062,0.66557276415249522,False,False,M3,M3,M3
2021-07-30,VWO,6,2022-01-31,2022-01-31,20,0.20225086807725978,0.11817412412132119,0.16127290833574978,10000,0.1393738325054579,0.5,0.06968691625272895,0.50811354031097034,0.016416346183355215,191,1,False,-0.15470183308184654,0.29407566558730441,0.6925793815542296,False,False,M3,M3,M3
2021-07-30,VXUS,6,2022-01-31,2022-01-31,20,0.20941146038178471,0.12216650355273966,0.16289989601215793,10000,0.14709850078197223,0.5,0.073549250390986115,0.38792239673943879,0.071204461742347652,120,1,False,-0.15514468876450521,0.30224318954647744,0.72452505532663403,False,False,M3,M3,M3
2021-08-31,BND,6,2022-02-28,2022-02-28,20,0.16776747104488987,-0.37649197619498659,0.18532601465762724,3.7275937203149381,-0.058870621363990815,0.5,-0.029435310681995407,0.43465435425274607,0.061967652749543266,167,1,False,-0.22303573954027506,0.16416511817628426,0.82470299292706195,False,False,M3,M3,M3
2021-08-31,DBC,6,2022-02-28,2022-02-28,20,-0.10372763803258778,0.99672595065374914,0.20116576592838784,0.0001,0.54740855790862819,0.5,0.2737042789543141,0.43521885412072031,0.062740418664973638,181,1,False,-0.016694127041705975,0.56410268495033411,0.98277820188843446,False,False,M3,M3,M3
2021-08-31,GLD,6,2022-02-28,2022-02-28,20,0.081298197063481181,0.083350610360892363,0.12995697187781022,10000,0.10696310793040706,0.5,0.053481553965203529,0.49336320620215163,0.023473178449621886,196,1,False,-0.14057197421683121,0.24753508214723824,0.69563866705667421,False,False,M3,M3,M3
2021-08-31,VDE,6,2022-02-28,2022-02-28,20,-0.29265733759991064,1.1478544078486637,0.2351031923887677,0.0001,0.72742723366037298,0.5,0.36371361683018649,0.53938470081745604,0.034557218742985465,197,1,False,-0.22450002548815268,0.95192725914852572,0.97970615246049708,False,False,M3,M3,M3
2021-08-31,VMBS,6,2022-02-28,2022-02-28,20,0.15609253699567527,-0.36060442429175277,0.16704676187434575,3.7275937203149381,-0.059449685309722056,0.5,-0.029724842654861028,0.42925412303113697,0.088024245856798453,135,1,False,-0.20806816788132734,0.14861848257160529,0.89509085925263088,False,False,M3,M3,M3
2021-08-31,VOO,6,2022-02-28,2022-02-28,20,0.1398015444496935,0.14848980399860856,0.031599025299249184,0.39069399370546132,0.072990097510568355,0.5,0.036495048755284178,0.35410040613876087,0.027650530613467211,126,1,False,-0.1295525730010734,0.20254267051164174,0.66449041750608118,False,False,M3,M3,M3
2021-08-31,VWO,6,2022-02-28,2022-02-28,20,0.16063163879465336,0.1180327131744979,0.10066848969381044,10000,0.10955778401772813,0.5,0.054778892008864065,0.51193157781022536,0.017112174854384807,192,1,False,-0.16686115149986414,0.27641893551759228,0.70528385246056235,False,False,M3,M3,M3
2021-08-31,VXUS,6,2022-02-28,2022-02-28,20,0.17356305478748291,0.12202630934039793,0.086099448295768169,10000,0.10016216567722748,0.5,0.05008108283861374,0.3914262747304878,0.071126348655815685,121,1,False,-0.17857497141298292,0.27873713709021042,0.80374760322522709,False,False,M3,M3,M3
2021-09-30,BND,6,2022-03-31,2022-03-31,21,0.36955292915676419,-0.29613544878603293,0.19915716766885022,7.9060432109076855,-0.012777136958593395,0.5,-0.0063885684792966977,0.42789716136773664,0.061238335111352023,168,1,False,-0.19679630879129564,0.18401917183270225,0.78466523985165226,False,False,M3,M3,M3
2021-09-30,DBC,6,2022-03-31,2022-03-31,21,-0.067594157321755333,0.11279038899952393,0.25103717766321115,109.85411419875572,0.19387275787499997,0.5,0.096936378937499984,0.41349546228719281,0.061161640158996153,182,1,False,-0.21070898569821658,0.40458174357321652,0.80396850442715317,False,False,M3,M3,M3
2021-09-30,GLD,6,2022-03-31,2022-03-31,21,0.17901948647572485,-0.16617398335260652,0.10591565618233457,51.794746792312019,-0.02781485952500445,0.5,-0.013907429762502225,0.49149433229399264,0.023134251759007754,197,1,False,-0.20652195386316283,0.17870709433815837,0.74097324201542503,False,False,M3,M3,M3
2021-09-30,VDE,6,2022-03-31,2022-03-31,21,-0.27189938836579852,0.15297858177946141,0.37108876722729411,494.17133613238281,0.25886168286916006,0.5,0.12943084143458003,0.51454306972278629,0.033943554255261174,198,1,False,-0.64661479482338668,0.9054764776925468,0.73957164207118986,False,False,M3,M3,M3
2021-09-30,VMBS,6,2022-03-31,2022-03-31,21,0.36119496559785347,-0.2718275523987026,0.19977525425588882,7.9060432109076855,0.00024734631279632298,0.5,0.00012367315639816149,0.42308464904711557,0.087078953507340476,136,1,False,-0.16828710923723289,0.16853445555002922,0.8099678991650644,False,False,M3,M3,M3
2021-09-30,VOO,6,2022-03-31,2022-03-31,21,0.2692353190250858,-0.15606374861069833,0.02105737265799074,2.559547922699533,-0.038516854577445782,0.5,-0.019258427288722891,0.33634739216145576,0.026130201360628838,127,1,False,-0.18195836145418331,0.14344150687673751,0.64479214887045844,False,False,M3,M3,M3
2021-09-30,VWO,6,2022-03-31,2022-03-31,21,0.36960454563888423,-0.029913001566891945,0.077049640393829194,109.85411419875572,0.022645231517384026,0.5,0.011322615758692013,0.50863000276698078,0.016911044732460502,193,1,False,-0.20307299503839354,0.22571822655577756,0.72715715229479194,False,False,M3,M3,M3
2021-09-30,VXUS,6,2022-03-31,2022-03-31,21,0.35568065435294616,-0.024488288189426971,0.077118908772259687,75.431200633546069,0.038052903391910788,0.5,0.019026451695955394,0.38448069180650296,0.069911189637324303,122,1,False,-0.19912838271837652,0.23718128611028733,0.83737646318484915,False,False,M3,M3,M3
2021-10-29,BND,6,2022-04-29,2022-04-29,21,0.24726646313054612,-0.210256824840901,0.20066411731120468,7.9060432109076855,0.024898132660409206,0.5,0.012449066330204603,0.42773674111195403,0.060479872716186357,169,1,False,-0.17549642345671759,0.20039455611712678,0.76608277919501844,False,False,M3,M3,M3
2021-10-29,DBC,6,2022-04-29,2022-04-29,21,-0.1390002428379411,0.11470913455832588,0.2203269605668231,109.85411419875572,0.17780723641962992,0.5,0.088903618209814961,0.40258094446833564,0.059470851558478352,183,1,False,-0.26453226419860432,0.44233950061823424,0.75324040827005423,False,False,M3,M3,M3
2021-10-29,GLD,6,2022-04-29,2022-04-29,21,0.08889495886021459,-0.094875427043699792,0.11666001836055946,51.794746792312019,0.013372620579893829,0.5,0.0066863102899469146,0.48827466046305423,0.022703486341538459,198,1,False,-0.17906754197130464,0.19244016255119845,0.71913831315570553,False,False,M3,M3,M3
2021-10-29,VDE,6,2022-04-29,2022-04-29,21,-0.17101420775826059,0.14969843665813334,0.38133371553186596,494.17133613238281,0.26591949390574166,0.5,0.13295974695287083,0.49825839219006907,0.032409329649105381,199,1,False,-0.62373453208510166,0.88965402599084331,0.67449039522962984,False,False,M3,M3,M3
2021-10-29,VMBS,6,2022-04-29,2022-04-29,21,0.23611921612710807,-0.19540410013176701,0.20959943623581911,7.9060432109076855,0.038356522574341398,0.5,0.019178261287170699,0.42281831708762058,0.086072451311146297,137,1,False,-0.14525008674983278,0.18360660932417419,0.770737077619154,False,False,M3,M3,M3
2021-10-29,VOO,6,2022-04-29,2022-04-29,21,0.24715047056351536,-0.12739416899535971,0.036630436754300826,2.559547922699533,-0.016960545584503342,0.5,-0.008480272792251671,0.32672526230970733,0.024644453212203887,128,1,False,-0.17897225533240041,0.16201170974789708,0.63592083454991566,False,False,M3,M3,M3
2021-10-29,VWO,6,2022-04-29,2022-04-29,21,0.28211493293654444,-0.009549067311514628,0.09203442228116307,109.85411419875572,0.040698495406966413,0.5,0.020349247703483207,0.50535699334645645,0.016688734656491056,194,1,False,-0.19123835321819788,0.23193684862516428,0.71553754206318165,False,False,M3,M3,M3
2021-10-29,VXUS,6,2022-04-29,2022-04-29,21,0.2778257098054433,-0.0042590384807814491,0.089356249705487056,75.431200633546069,0.053760810045561512,0.5,0.026880405022780756,0.38023105359778925,0.068695608287546936,123,1,False,-0.17514578628555091,0.22890659633111241,0.80263044901517089,False,False,M3,M3,M3
2021-11-30,BND,6,2022-05-31,2022-05-31,21,0.37785400790999668,-0.19588796004714734,0.21713463865625371,7.9060432109076855,0.042554311842817528,0.5,0.021277155921408764,0.42268952682370153,0.059813529690021704,170,1,False,-0.16376945723906419,0.20632376908188174,0.75468077009811485,False,False,M3,M3,M3
2021-11-30,DBC,6,2022-05-31,2022-05-31,21,-0.15432091188845543,0.13064504936550164,0.22890802323768894,109.85411419875572,0.19100974237951895,0.5,0.095504871189759477,0.38568220932805353,0.058494471048841333,184,1,False,-0.28293933108573183,0.47394907346525078,0.71854265130855877,False,False,M3,M3,M3
2021-11-30,GLD,6,2022-05-31,2022-05-31,21,0.25754690221298748,-0.09342471104871454,0.11559990872412512,51.794746792312019,0.01368387168276762,0.5,0.0068419358413838102,0.48757910504569335,0.022696613794050909,199,1,False,-0.17540022177541195,0.18908409345817959,0.72152445642578911,False,False,M3,M3,M3
2021-11-30,VDE,6,2022-05-31,2022-05-31,21,-0.31732852918035936,0.15589585436124873,0.38547779042227232,494.17133613238281,0.27568260309788989,0.5,0.13784130154894494,0.47823966122142325,0.031554204075984103,200,1,False,-0.59837085571239812,0.87405345881028795,0.62631345635618041,False,False,M3,M3,M3
2021-11-30,VMBS,6,2022-05-31,2022-05-31,21,0.36276211585067952,-0.17506472703953452,0.21961380761809035,7.9060432109076855,0.05470135563177584,0.5,0.02735067781588792,0.41783993175451639,0.085162244890939431,138,1,False,-0.1263912073767523,0.18109256300852816,0.74824207975153634,False,False,M3,M3,M3
2021-11-30,VOO,6,2022-05-31,2022-05-31,21,0.38275914392891164,-0.086264721669916,0.02105737265799074,2.559547922699533,-0.013065393026770591,0.5,-0.0065326965133852954,0.31794725865583917,0.023338925356853533,129,1,False,-0.17505502154777416,0.1619896285210036,0.61882712965486164,False,False,M3,M3,M3
2021-11-30,VWO,6,2022-05-31,2022-05-31,21,0.40473594879714203,0.0036563499251276166,0.077049640393829194,109.85411419875572,0.040059386107550582,0.5,0.020029693053775291,0.5040004890100005,0.016774266697138086,195,1,False,-0.18443237819435365,0.22449176430190421,0.71774007295268094,False,False,M3,M3,M3
2021-11-30,VXUS,6,2022-05-31,2022-05-31,21,0.37124594416806034,0.010701868783101101,0.093532172339351238,75.431200633546069,0.062144671952092882,0.5,0.031072335976046441,0.37893740623494238,0.068171901456941617,124,1,False,-0.15858769885675505,0.22073237080884794,0.79943888659083506,False,False,M3,M3,M3
2021-12-31,BND,6,2022-06-30,2022-06-30,21,0.24066851720955063,-0.25427439054906276,0.19402054894776774,7.9060432109076855,0.011268262411910679,0.40000000000000002,0.0045073049647642712,0.40766082869679399,0.059901653687846355,171,1,False,-0.17176485900914079,0.18077946893866931,0.75594957435719734,False,False,M3,M3,M3
2021-12-31,DBC,6,2022-06-30,2022-06-30,21,-0.2009736594648921,0.11160775109994624,0.168272657701519,109.85411419875572,0.1473712499383214,0.40000000000000002,0.058948499975328562,0.36885982906777559,0.058089866687412048,185,1,False,-0.31880303147948807,0.43670003143014524,0.70918541407092028,False,False,M3,M3,M3
2021-12-31,GLD,6,2022-06-30,2022-06-30,21,0.13712776225238299,-0.12403203734264769,0.11015614850183281,51.794746792312019,-0.0040351267276838012,0.40000000000000002,-0.0016140506910735206,0.48760476459452423,0.022841484396820072,200,1,False,-0.18086052189291341,0.17763242051076639,0.73021323214220368,False,False,M3,M3,M3
2021-12-31,VDE,6,2022-06-30,2022-06-30,21,-0.17426025034944725,0.15036234556443934,0.30150084913233677,494.17133613238281,0.23181115510478317,0.40000000000000002,0.092724462041913272,0.46109821377347576,0.031680399094409444,201,1,False,-0.508470970904218,0.69391989498804463,0.65854607347474048,False,False,M3,M3,M3
2021-12-31,VMBS,6,2022-06-30,2022-06-30,21,0.22884416193716572,-0.23488204085116199,0.21940569728857831,7.9060432109076855,0.038501505830505191,0.40000000000000002,0.015400602332202078,0.398214999592233,0.085126312720009922,139,1,False,-0.13096145162317921,0.16176265628758338,0.75309371207809794,False,False,M3,M3,M3
2021-12-31,VOO,6,2022-06-30,2022-06-30,21,0.30466523709830351,-0.1619754200262542,0.0030782078632052177,2.559547922699533,-0.048327254159697422,0.40000000000000002,-0.01933090166387897,0.31144702894582948,0.022829396461676497,130,1,False,-0.18785061016706928,0.14918880683931135,0.59333646890939851,False,False,M3,M3,M3
2021-12-31,VWO,6,2022-06-30,2022-06-30,21,0.27026079624900867,-0.029206111633548318,0.043137748388540793,109.85411419875572,0.0067238076960081002,0.40000000000000002,0.0026895230784032402,0.50334528295026348,0.017474996659604447,196,1,False,-0.19985397660723331,0.20523302276403976,0.72721438286927909,False,False,M3,M3,M3
2021-12-31,VXUS,6,2022-06-30,2022-06-30,21,0.29595459652258849,-0.020994537969096477,0.075886676527820857,75.431200633546069,0.039043274666426403,0.40000000000000002,0.015617309866570561,0.38029459119308184,0.06843481541117305,125,1,False,-0.1740047066211845,0.20523932635432562,0.82298982754497108,False,False,M3,M3,M3
2022-01-31,BND,6,2022-07-29,2022-07-29,21,0.12362534706739425,-0.29174157384009813,0.08134259953558623,7.9060432109076855,-0.063181945825724381,0.40000000000000002,-0.025272778330289753,0.38737785109897654,0.060680989425283889,172,1,False,-0.21887525535215016,0.16832969869157063,0.75695997652293723,False,False,M3,M3,M3
2022-01-31,DBC,6,2022-07-29,2022-07-29,21,-0.10862788299161164,0.11068811082135248,0.14121782103051056,109.85411419875572,0.13047208359779486,0.40000000000000002,0.052188833439117947,0.35197639804298841,0.057864837298261175,186,1,False,-0.31414190819659243,0.41851957507482834,0.72055033542418456,False,False,M3,M3,M3
2022-01-31,GLD,6,2022-07-29,2022-07-29,21,0.07808103371751407,-0.13847431181418984,0.096382391146458385,51.794746792312019,-0.01772670406444064,0.40000000000000002,-0.0070906816257762561,0.4858668872227962,0.023612881912654666,201,1,False,-0.18106068906591363,0.16687932581436113,0.73651776629415244,False,False,M3,M3,M3
2022-01-31,VDE,6,2022-07-29,2022-07-29,21,-0.17279877443972547,0.15518608941122644,0.23805789009294598,494.17133613238281,0.20135363755852068,0.40000000000000002,0.080541455023408273,0.44290400633857357,0.030629688898285327,202,1,False,-0.50537206310346272,0.66645497315027924,0.64006384250564574,False,False,M3,M3,M3
2022-01-31,VMBS,6,2022-07-29,2022-07-29,21,0.10581291439706675,-0.27168979910842422,0.1147719468529682,7.9060432109076855,-0.029388444423798659,0.40000000000000002,-0.011755377769519465,0.37302628988062508,0.085841297606921108,140,1,False,-0.1801163151034435,0.15660555956440458,0.74588838196916563,False,False,M3,M3,M3
2022-01-31,VOO,6,2022-07-29,2022-07-29,21,0.1208982298563378,-0.20274430864323811,0.06468744359066185,2.559547922699533,-0.020312849378404829,0.40000000000000002,-0.0081251397513619327,0.31783919545471212,0.023779474309344947,131,1,False,-0.17515455436294852,0.15890427486022468,0.60367169571247348,False,False,M3,M3,M3
2022-01-31,VWO,6,2022-07-29,2022-07-29,21,0.19279751118898303,-0.021752204898063815,0.049657139173773353,109.85411419875572,0.013810644640158388,0.40000000000000002,0.0055242578560633559,0.50198604957852166,0.018412945245480872,197,1,False,-0.1926737660157776,0.20372228172790433,0.7257443088315092,False,False,M3,M3,M3
2022-01-31,VXUS,6,2022-07-29,2022-07-29,21,0.16599438138675138,-0.023913756562129851,0.089163364894552705,75.431200633546069,0.046323448768767331,0.40000000000000002,0.018529379507506934,0.3788557364559057,0.06955367767284458,126,1,False,-0.16866253261683151,0.20572129163184538,0.81949973697858836,False,False,M3,M3,M3
2022-02-28,BND,6,2022-08-31,2022-08-31,21,0.23350403302496225,-0.26986070234844384,0.036665209388528526,7.9060432109076855,-0.076875046541434053,0.40000000000000002,-0.030750018616573623,0.37040997704425926,0.06129998642886543,173,1,False,-0.2368608124133785,0.17536077518023127,0.76297940564248423,False,False,M3,M3,M3
2022-02-28,DBC,6,2022-08-31,2022-08-31,21,0.034460976414263378,0.12373142926372449,0.070759125425450042,109.85411419875572,0.088715109139857487,0.40000000000000002,0.035486043655942996,0.33896928042298186,0.057000706414138985,187,1,False,-0.37102433083048497,0.44199641814237095,0.72887142400497518,False,False,M3,M3,M3
2022-02-28,GLD,6,2022-08-31,2022-08-31,21,0.2528732447920875,-0.12042761346900673,0.053012161569172274,51.794746792312019,-0.031451355424117082,0.40000000000000002,-0.012580542169646833,0.48699046671789414,0.023898452779737962,202,1,False,-0.18031430832281511,0.15515322398352147,0.74258353641372155,False,False,M3,M3,M3
2022-02-28,VDE,6,2022-08-31,2022-08-31,21,-0.077702613546104082,0.15580980329747648,0.044448894774334113,494.17133613238281,0.092096696224310701,0.40000000000000002,0.036838678489724282,0.42786828952706241,0.029037141969722784,203,1,False,-0.73920695776824241,0.81288431474769107,0.66104175270139998,False,False,M3,M3,M3
2022-02-28,VMBS,6,2022-08-31,2022-08-31,21,0.22340924638991755,-0.25228161502500845,0.075303502989303911,7.9060432109076855,-0.039946662592541017,0.40000000000000002,-0.015978665037016407,0.35181746435993344,0.086339533347266892,141,1,False,-0.20394314205766229,0.1719858119836295,0.75757738137316089,False,False,M3,M3,M3
2022-02-28,VOO,6,2022-08-31,2022-08-31,21,0.23651338128946287,-0.16113163994179877,0.063813558067241857,2.559547922699533,-0.0092601345029624665,0.40000000000000002,-0.003704053801184987,0.32485108914068689,0.024658429386165769,132,1,False,-0.1693989825572445,0.16199087495487452,0.61152195397580789,False,False,M3,M3,M3
2022-02-28,VWO,6,2022-08-31,2022-08-31,21,0.29667533217521846,-0.0027175832821033641,0.039215954787374489,109.85411419875572,0.018143498937551308,0.40000000000000002,0.0072573995750205237,0.50252034099553311,0.019131221475527194,198,1,False,-0.18884021412753577,0.20335501327757682,0.72616222813472242,False,False,M3,M3,M3
2022-02-28,VXUS,6,2022-08-31,2022-08-31,21,0.30411472968168052,0.0020879732734935819,0.07987370021742124,75.431200633546069,0.050163680649826591,0.40000000000000002,0.020065472259930637,0.38194692953131759,0.070372649146188182,127,1,False,-0.16387886680065411,0.20400981132051538,0.82022889980876956,False,False,M3,M3,M3
