date,endpoint,benchmark,horizon,target_end,available,y_true,y_hat,naive,n_mature_labels,warmup,residual,event_id,ordinary_baseline
1999-12-31,cash_dividend_12m,PGR,12,2000-12-29,2000-12-29,0.27000000000000002,,,0,True,,cash:1999-12,
1999-12-31,pgr_drip_return_6m,PGR,6,2000-06-30,2000-06-30,0.013794172293301488,,,0,True,,pgr-return:1999-12,
2000-01-31,cash_dividend_12m,PGR,12,2001-01-31,2001-01-31,0.27000000000000002,,,0,True,,cash:2000-01,
2000-01-31,pgr_drip_return_6m,PGR,6,2000-07-31,2000-07-31,0.12975019106751473,,,0,True,,pgr-return:2000-01,
2000-02-29,cash_dividend_12m,PGR,12,2001-02-28,2001-02-28,0.27000000000000002,,,0,True,,cash:2000-02,
2000-02-29,pgr_drip_return_6m,PGR,6,2000-08-31,2000-08-31,0.35535944875468384,,,0,True,,pgr-return:2000-02,
2000-03-31,cash_dividend_12m,PGR,12,2001-03-30,2001-03-30,0.27500000000000002,,,0,True,,cash:2000-03,
2000-03-31,pgr_drip_return_6m,PGR,6,2000-09-29,2000-09-29,0.078280329866137865,,,0,True,,pgr-return:2000-03,
2000-04-28,cash_dividend_12m,PGR,12,2001-04-30,2001-04-30,0.27500000000000002,,,0,True,,cash:2000-04,
2000-04-28,pgr_drip_return_6m,PGR,6,2000-10-31,2000-10-31,0.37755639963636889,,,0,True,,pgr-return:2000-04,
2000-05-31,cash_dividend_12m,PGR,12,2001-05-31,2001-05-31,0.27500000000000002,,,0,True,,cash:2000-05,
2000-05-31,pgr_drip_return_6m,PGR,6,2000-11-30,2000-11-30,0.017879319455516463,0.13196532537888905,0.13196532537888905,1,False,-0.11408600592337259,pgr-return:2000-05,
2000-06-30,cash_dividend_12m,PGR,12,2001-06-29,2001-06-29,0.28000000000000003,,,0,True,,cash:2000-06,
2000-06-30,pgr_drip_return_6m,PGR,6,2000-12-29,2000-12-29,0.4023396404542301,0.072879748836095271,0.072879748836095271,2,False,0.32945989161813483,pgr-return:2000-06,
2000-07-31,cash_dividend_12m,PGR,12,2001-07-31,2001-07-31,0.28000000000000003,,,0,True,,cash:2000-07,
2000-07-31,pgr_drip_return_6m,PGR,6,2001-01-31,2001-01-31,0.37969266448995986,0.091836562913235095,0.091836562913235095,3,False,0.28785610157672475,pgr-return:2000-07,
2000-08-31,cash_dividend_12m,PGR,12,2001-08-31,2001-08-31,0.28000000000000003,,,0,True,,cash:2000-08,
2000-08-31,pgr_drip_return_6m,PGR,6,2001-02-28,2001-02-28,0.29358211748405383,0.15771728437359728,0.15771728437359728,4,False,0.13586483311045655,pgr-return:2000-08,
2000-09-29,cash_dividend_12m,PGR,12,2001-09-28,2001-09-28,0.28000000000000003,,,0,True,,cash:2000-09,
2000-09-29,pgr_drip_return_6m,PGR,6,2001-03-30,2001-03-30,0.18698111340386037,0.14182989347210539,0.14182989347210539,5,False,0.045151219931754971,pgr-return:2000-09,
2000-10-31,cash_dividend_12m,PGR,12,2001-10-31,2001-10-31,0.28000000000000003,,,0,True,,cash:2000-10,
2000-10-31,pgr_drip_return_6m,PGR,6,2001-04-30,2001-04-30,0.30855178834549779,0.18111764449948264,0.18111764449948264,6,False,0.12743414384601515,pgr-return:2000-10,
2000-11-30,cash_dividend_12m,PGR,12,2001-11-30,2001-11-30,0.28000000000000003,0.26500000000000001,0.26500000000000001,1,False,0.015000000000000013,cash:2000-11,
2000-11-30,pgr_drip_return_6m,PGR,6,2001-05-31,2001-05-31,0.37964711727156386,0.15779788377891604,0.15779788377891604,7,False,0.22184923349264782,pgr-return:2000-11,
2000-12-29,cash_dividend_12m,PGR,12,2001-12-31,2001-12-31,0.28000000000000003,0.27000000000000002,0.26750000000000002,2,False,0.010000000000000009,cash:2000-12,
2000-12-29,pgr_drip_return_6m,PGR,6,2001-06-29,2001-06-29,0.30665078536082513,0.1883656033633303,0.1883656033633303,8,False,0.11828518199749483,pgr-return:2000-12,
2001-01-31,cash_dividend_12m,PGR,12,2002-01-31,2002-01-31,0.28000000000000003,0.27000000000000002,0.26833333333333337,3,False,0.010000000000000009,cash:2001-01,
2001-01-31,pgr_drip_return_6m,PGR,6,2001-07-31,2001-07-31,0.38514918232910977,0.20962416571073358,0.20962416571073358,9,False,0.17552501661837619,pgr-return:2001-01,
2001-02-28,cash_dividend_12m,PGR,12,2002-02-28,2002-02-28,0.28000000000000003,0.27000000000000002,0.26875000000000004,4,False,0.010000000000000009,cash:2001-02,
2001-02-28,pgr_drip_return_6m,PGR,6,2001-08-31,2001-08-31,0.35817924287771485,0.21801996088806561,0.21801996088806561,10,False,0.14015928198964925,pgr-return:2001-02,
2001-03-30,cash_dividend_12m,PGR,12,2002-03-29,2002-03-29,0.28000000000000003,0.27500000000000002,0.27000000000000002,5,False,0.0050000000000000044,cash:2001-03,
2001-03-30,pgr_drip_return_6m,PGR,6,2001-09-28,2001-09-28,0.38122317244704873,0.21519824748041058,0.21519824748041058,11,False,0.16602492496663815,pgr-return:2001-03,
2001-04-30,cash_dividend_12m,PGR,12,2002-04-30,2002-04-30,0.28000000000000003,0.27500000000000002,0.27083333333333331,6,False,0.0050000000000000044,cash:2001-04,
2001-04-30,pgr_drip_return_6m,PGR,6,2001-10-31,2001-10-31,0.25904041397004951,0.22297770921916785,0.22297770921916785,12,False,0.036062704750881663,pgr-return:2001-04,
2001-05-31,cash_dividend_12m,PGR,12,2002-05-31,2002-05-31,0.28000000000000003,0.27500000000000002,0.27142857142857141,7,False,0.0050000000000000044,cash:2001-05,
2001-05-31,pgr_drip_return_6m,PGR,6,2001-11-30,2001-11-30,0.13252207183929454,0.23502920214627523,0.23502920214627523,13,False,-0.10250713030698069,pgr-return:2001-05,
2001-06-29,cash_dividend_12m,PGR,12,2002-06-28,2002-06-28,0.27990000000000004,0.28000000000000003,0.27250000000000002,8,False,-9.9999999999988987e-05,cash:2001-06,
2001-06-29,pgr_drip_return_6m,PGR,6,2001-12-31,2001-12-31,0.11727450001936979,0.24014502951874309,0.24014502951874309,14,False,-0.1228705294993733,pgr-return:2001-06,
2001-07-31,cash_dividend_12m,PGR,12,2002-07-31,2002-07-31,0.27990000000000004,0.28000000000000003,0.27333333333333332,9,False,-9.9999999999988987e-05,cash:2001-07,
2001-07-31,pgr_drip_return_6m,PGR,6,2002-01-31,2002-01-31,0.1150055817042519,0.2498119730394342,0.2498119730394342,15,False,-0.1348063913351823,pgr-return:2001-07,
2001-08-31,cash_dividend_12m,PGR,12,2002-08-30,2002-08-30,0.27990000000000004,0.28000000000000003,0.27400000000000002,10,False,-9.9999999999988987e-05,cash:2001-08,
2001-08-31,pgr_drip_return_6m,PGR,6,2002-02-28,2002-02-28,0.16515932077522599,0.25658492740432676,0.25658492740432676,16,False,-0.091425606629100764,pgr-return:2001-08,
2001-09-28,cash_dividend_12m,PGR,12,2002-09-30,2002-09-30,0.28490000000000004,0.28000000000000003,0.27454545454545459,11,False,0.0049000000000000155,cash:2001-09,
2001-09-28,pgr_drip_return_6m,PGR,6,2002-03-29,2002-03-29,0.24535138375367427,0.26391658887742808,0.26391658887742808,17,False,-0.018565205123753814,pgr-return:2001-09,
2001-10-31,cash_dividend_12m,PGR,12,2002-10-31,2002-10-31,0.28490000000000004,0.28000000000000003,0.27500000000000008,12,False,0.0049000000000000155,cash:2001-10,
2001-10-31,pgr_drip_return_6m,PGR,6,2002-04-30,2002-04-30,0.16962985054834734,0.26364569027146256,0.26364569027146256,18,False,-0.094015839723115224,pgr-return:2001-10,
2001-11-30,cash_dividend_12m,PGR,12,2002-11-29,2002-11-29,0.28490000000000004,0.28000000000000003,0.27538461538461545,13,False,0.0049000000000000155,cash:2001-11,
2001-11-30,pgr_drip_return_6m,PGR,6,2002-05-31,2002-05-31,0.2136017071834817,0.2567444471960853,0.2567444471960853,19,False,-0.043142740012603598,pgr-return:2001-11,
2001-12-31,cash_dividend_12m,PGR,12,2002-12-31,2002-12-31,0.28990000000000005,0.28000000000000003,0.2757142857142858,14,False,0.0099000000000000199,cash:2001-12,
2001-12-31,pgr_drip_return_6m,PGR,6,2002-06-28,2002-06-28,0.15107607621730912,0.24977094983724951,0.24977094983724951,20,False,-0.098694873619940393,pgr-return:2001-12,
2002-01-31,cash_dividend_12m,PGR,12,2003-01-31,2003-01-31,0.28990000000000005,0.28000000000000003,0.27600000000000008,15,False,0.0099000000000000199,cash:2002-01,
2002-01-31,pgr_drip_return_6m,PGR,6,2002-07-31,2002-07-31,-0.018265868492541415,0.24335355135472583,0.24335355135472583,21,False,-0.26161941984726722,pgr-return:2002-01,
2002-02-28,cash_dividend_12m,PGR,12,2003-02-28,2003-02-28,0.28990000000000005,0.28000000000000003,0.27625000000000005,16,False,0.0099000000000000199,cash:2002-02,
2002-02-28,pgr_drip_return_6m,PGR,6,2002-08-30,2002-08-30,0.072338436234053338,0.23979926814656674,0.23979926814656674,22,False,-0.1674608319125134,pgr-return:2002-02,
2002-03-29,cash_dividend_12m,PGR,12,2003-03-31,2003-03-31,0.29490000000000005,0.28000000000000003,0.27647058823529419,17,False,0.014900000000000024,cash:2002-03,
2002-03-29,pgr_drip_return_6m,PGR,6,2002-09-30,2002-09-30,-0.081556549346153751,0.24004066447731057,0.24004066447731057,23,False,-0.32159721382346429,pgr-return:2002-03,
2002-04-30,cash_dividend_12m,PGR,12,2003-04-30,2003-04-30,0.098299999999999998,0.093333333333333338,0.27666666666666673,18,False,0.0049666666666666609,cash:2002-04,
2002-04-30,pgr_drip_return_6m,PGR,6,2002-10-31,2002-10-31,-0.010772155648825721,0.23710688056360374,0.23710688056360374,24,False,-0.24787903621242946,pgr-return:2002-04,
2002-05-31,cash_dividend_12m,PGR,12,2003-05-30,2003-05-30,0.098299999999999998,0.093333333333333338,0.276842105263158,19,False,0.0049666666666666609,cash:2002-05,
2002-05-31,pgr_drip_return_6m,PGR,6,2002-11-29,2002-11-29,-0.042574636814667333,0.23616667362839883,0.23616667362839883,25,False,-0.27874131044306616,pgr-return:2002-05,
2002-06-28,cash_dividend_12m,PGR,12,2003-06-30,2003-06-30,0.10000000000000001,0.093300000000000008,0.27699500000000005,20,False,0.0066999999999999976,cash:2002-06,
2002-06-28,pgr_drip_return_6m,PGR,6,2002-12-31,2002-12-31,-0.14960030217160492,0.23289395834335694,0.23289395834335694,26,False,-0.38249426051496183,pgr-return:2002-06,
2002-07-31,cash_dividend_12m,PGR,12,2003-07-31,2003-07-31,0.10000000000000001,0.093300000000000008,0.27713333333333334,21,False,0.0066999999999999976,cash:2002-07,
2002-07-31,pgr_drip_return_6m,PGR,6,2003-01-31,2003-01-31,-0.0048360622618767168,0.22359174253461997,0.22359174253461997,27,False,-0.22842780479649669,pgr-return:2002-07,
2002-08-30,cash_dividend_12m,PGR,12,2003-08-29,2003-08-29,0.10000000000000001,0.093300000000000008,0.2772590909090909,22,False,0.0066999999999999976,cash:2002-08,
2002-08-30,pgr_drip_return_6m,PGR,6,2003-02-28,2003-02-28,-0.031473911478361316,0.21818983873817116,0.21818983873817116,28,False,-0.24966375021653248,pgr-return:2002-08,
2002-09-30,cash_dividend_12m,PGR,12,2003-09-30,2003-09-30,0.10000000000000001,0.094966666666666671,0.27759130434782614,23,False,0.0050333333333333341,cash:2002-09,
2002-09-30,pgr_drip_return_6m,PGR,6,2003-03-31,2003-03-31,0.18240314165652438,0.20785375639043585,0.20785375639043585,29,False,-0.02545061473391147,pgr-return:2002-09,
2002-10-31,cash_dividend_12m,PGR,12,2003-10-31,2003-10-31,0.10000000000000001,0.094966666666666671,0.2778958333333334,24,False,0.0050333333333333341,cash:2002-10,
2002-10-31,pgr_drip_return_6m,PGR,6,2003-04-30,2003-04-30,0.17986681974280883,0.20056622598912713,0.20056622598912713,30,False,-0.020699406246318303,pgr-return:2002-10,
2002-11-29,cash_dividend_12m,PGR,12,2003-11-28,2003-11-28,0.10000000000000001,0.094966666666666671,0.27817600000000003,25,False,0.0050333333333333341,cash:2002-11,
2002-11-29,pgr_drip_return_6m,PGR,6,2003-05-30,2003-05-30,0.27235340036354416,0.19272297235029504,0.19272297235029504,31,False,0.079630428013249127,pgr-return:2002-11,
2002-12-31,cash_dividend_12m,PGR,12,2003-12-31,2003-12-31,0.10000000000000001,0.096633333333333321,0.27862692307692316,26,False,0.0033666666666666845,cash:2002-12,
2002-12-31,pgr_drip_return_6m,PGR,6,2003-06-30,2003-06-30,0.5007061747429975,0.18202537002148567,0.18202537002148567,32,False,0.31868080472151183,pgr-return:2002-12,
2003-01-31,cash_dividend_12m,PGR,12,2004-01-30,2004-01-30,0.10000000000000001,0.096633333333333321,0.27904444444444454,27,False,0.0033666666666666845,cash:2003-01,
2003-01-31,pgr_drip_return_6m,PGR,6,2003-07-31,2003-07-31,0.37450943833490902,0.17636290237653529,0.17636290237653529,33,False,0.19814653595837373,pgr-return:2003-01,
2003-02-28,cash_dividend_12m,PGR,12,2004-02-27,2004-02-27,0.10000000000000001,0.096633333333333321,0.27943214285714296,28,False,0.0033666666666666845,cash:2003-02,
2003-02-28,pgr_drip_return_6m,PGR,6,2003-08-29,2003-08-29,0.36122496495295109,0.1702500549102148,0.1702500549102148,34,False,0.19097491004273628,pgr-return:2003-02,
2003-03-31,cash_dividend_12m,PGR,12,2004-03-31,2004-03-31,0.10000000000000001,0.098299999999999998,0.27996551724137936,29,False,0.0017000000000000071,cash:2003-03,
2003-03-31,pgr_drip_return_6m,PGR,6,2003-09-30,2003-09-30,0.16376788434500633,0.17059728596010937,0.17059728596010937,35,False,-0.0068294016151030368,pgr-return:2003-03,
2003-04-30,cash_dividend_12m,PGR,12,2004-04-30,2004-04-30,0.10000000000000001,0.098299999999999998,0.27391000000000004,30,False,0.0017000000000000071,cash:2003-04,
2003-04-30,pgr_drip_return_6m,PGR,6,2003-10-31,2003-10-31,0.10029007559038883,0.17085477300962879,0.17085477300962879,36,False,-0.070564697419239958,pgr-return:2003-04,
2003-05-30,cash_dividend_12m,PGR,12,2004-05-31,2004-05-31,0.10000000000000001,0.098299999999999998,0.26824516129032261,31,False,0.0017000000000000071,cash:2003-05,
2003-05-30,pgr_drip_return_6m,PGR,6,2003-11-28,2003-11-28,0.085478733275041741,0.1735979791543292,0.1735979791543292,37,False,-0.088119245879287461,pgr-return:2003-05,
2003-06-30,cash_dividend_12m,PGR,12,2004-06-30,2004-06-30,0.10000000000000001,0.10000000000000001,0.26298750000000004,32,False,0,cash:2003-06,
2003-06-30,pgr_drip_return_6m,PGR,6,2003-12-31,2003-12-31,0.11946435569069913,0.18220608956455733,0.18220608956455733,38,False,-0.062741733873858202,pgr-return:2003-06,
2003-07-31,cash_dividend_12m,PGR,12,2004-07-30,2004-07-30,0.10000000000000001,0.10000000000000001,0.25804848484848486,33,False,0,cash:2003-07,
2003-07-31,pgr_drip_return_6m,PGR,6,2004-01-30,2004-01-30,0.24573964861522812,0.18713694466123301,0.18713694466123301,39,False,0.058602703953995111,pgr-return:2003-07,
2003-08-29,cash_dividend_12m,PGR,12,2004-08-31,2004-08-31,0.10000000000000001,0.10000000000000001,0.25340000000000001,34,False,0,cash:2003-08,
2003-08-29,pgr_drip_return_6m,PGR,6,2004-02-27,2004-02-27,0.16927709760281351,0.19148914516852594,0.19148914516852594,40,False,-0.022212047565712434,pgr-return:2003-08,
2003-09-30,cash_dividend_12m,PGR,12,2004-09-30,2004-09-30,0.10500000000000001,0.10000000000000001,0.24901714285714285,35,False,0.0050000000000000044,cash:2003-09,
2003-09-30,pgr_drip_return_6m,PGR,6,2004-03-31,2004-03-31,0.24229048413910559,0.19081301685575719,0.19081301685575719,41,False,0.051477467283348399,pgr-return:2003-09,
2003-10-31,cash_dividend_12m,PGR,12,2004-10-29,2004-10-29,0.10500000000000001,0.10000000000000001,0.24487777777777778,36,False,0.0050000000000000044,cash:2003-10,
2003-10-31,pgr_drip_return_6m,PGR,6,2004-04-30,2004-04-30,0.18662765541212467,0.18865770873039128,0.18865770873039128,42,False,-0.0020300533182666114,pgr-return:2003-10,
2003-11-28,cash_dividend_12m,PGR,12,2004-11-30,2004-11-30,0.10500000000000001,0.10000000000000001,0.24096216216216215,37,False,0.0050000000000000044,cash:2003-11,
2003-11-28,pgr_drip_return_6m,PGR,6,2004-05-31,2004-05-31,0.098873992225476659,0.1862581976732901,0.1862581976732901,43,False,-0.087384205447813446,pgr-return:2003-11,
2003-12-31,cash_dividend_12m,PGR,12,2004-12-31,2004-12-31,0.11,0.10000000000000001,0.23725263157894735,38,False,0.009999999999999995,cash:2003-12,
2003-12-31,pgr_drip_return_6m,PGR,6,2004-06-30,2004-06-30,0.04208476607753564,0.18474015581004941,0.18474015581004941,44,False,-0.14265538973251377,pgr-return:2003-12,
2004-01-30,cash_dividend_12m,PGR,12,2005-01-31,2005-01-31,0.11,0.10000000000000001,0.23373333333333329,39,False,0.009999999999999995,cash:2004-01,
2004-01-30,pgr_drip_return_6m,PGR,6,2004-07-30,2004-07-30,-0.072419662729360845,0.18609570009460891,0.18609570009460891,45,False,-0.25851536282396975,pgr-return:2004-01,
2004-02-27,cash_dividend_12m,PGR,12,2005-02-28,2005-02-28,0.11,0.10000000000000001,0.23039000000000004,40,False,0.009999999999999995,cash:2004-02,
2004-02-27,pgr_drip_return_6m,PGR,6,2004-08-31,2004-08-31,-0.022176000938595064,0.18573007830130903,0.18573007830130903,46,False,-0.20790607923990409,pgr-return:2004-02,
2004-03-31,cash_dividend_12m,PGR,12,2005-03-31,2005-03-31,0.11499999999999999,0.10000000000000001,0.22720975609756103,41,False,0.014999999999999986,cash:2004-03,
2004-03-31,pgr_drip_return_6m,PGR,6,2004-09-30,2004-09-30,-0.041819108854222797,0.18693349119147493,0.18693349119147493,47,False,-0.22875260004569772,pgr-return:2004-03,
2004-04-30,cash_dividend_12m,PGR,12,2005-04-29,2005-04-29,0.11499999999999999,0.10000000000000001,0.22418095238095243,42,False,0.014999999999999986,cash:2004-04,
2004-04-30,pgr_drip_return_6m,PGR,6,2004-10-29,2004-10-29,0.069605953079140859,0.18692711961273845,0.18692711961273845,48,False,-0.11732116653359759,pgr-return:2004-04,
2004-05-31,cash_dividend_12m,PGR,12,2005-05-31,2005-05-31,0.11499999999999999,0.10000000000000001,0.22129302325581399,43,False,0.014999999999999986,cash:2004-05,
2004-05-31,pgr_drip_return_6m,PGR,6,2004-11-30,2004-11-30,0.071362652298439411,0.18513011701299839,0.18513011701299839,49,False,-0.11376746471455898,pgr-return:2004-05,
2004-06-30,cash_dividend_12m,PGR,12,2005-06-30,2005-06-30,0.12,0.10000000000000001,0.21853636363636364,44,False,0.01999999999999999,cash:2004-06,
2004-06-30,pgr_drip_return_6m,PGR,6,2004-12-31,2004-12-31,-0.011312399653661376,0.18226920999428914,0.18226920999428914,50,False,-0.19358160964795051,pgr-return:2004-06,
2004-07-30,cash_dividend_12m,PGR,12,2005-07-29,2005-07-29,0.12,0.10000000000000001,0.21590222222222222,45,False,0.01999999999999999,cash:2004-07,
2004-07-30,pgr_drip_return_6m,PGR,6,2005-01-31,2005-01-31,0.078008555068023844,0.17727531052911952,0.17727531052911952,51,False,-0.099266755461095674,pgr-return:2004-07,
2004-08-31,cash_dividend_12m,PGR,12,2005-08-31,2005-08-31,0.12,0.10000000000000001,0.21338260869565218,46,False,0.01999999999999999,cash:2004-08,
2004-08-31,pgr_drip_return_6m,PGR,6,2005-02-28,2005-02-28,0.085671433215286807,0.17343970838550962,0.17343970838550962,52,False,-0.087768275170222815,pgr-return:2004-08,
2004-09-30,cash_dividend_12m,PGR,12,2005-09-30,2005-09-30,0.12,0.10500000000000001,0.21107659574468085,47,False,0.014999999999999986,cash:2004-09,
2004-09-30,bvps_growth_12m,PGR,12,2005-08-31,2005-09-16,0.05187319884726227,,,0,True,,bvps:2005-08,
2004-09-30,pgr_drip_return_6m,PGR,6,2005-03-31,2005-03-31,0.071112324006867178,0.16937822126777879,0.16937822126777879,53,False,-0.098265897260911617,pgr-return:2004-09,
2004-10-29,cash_dividend_12m,PGR,12,2005-10-31,2005-10-31,0.12,0.10500000000000001,0.20886666666666667,48,False,0.014999999999999986,cash:2004-10,
2004-10-29,bvps_growth_12m,PGR,12,2005-09-30,2005-10-12,0.04353982300884951,,,0,True,,bvps:2005-09,
2004-10-29,pgr_drip_return_6m,PGR,6,2005-04-29,2005-04-29,-0.023729400595732253,0.1675305866716929,0.1675305866716929,54,False,-0.19125998726742516,pgr-return:2004-10,
2004-11-30,cash_dividend_12m,PGR,12,2005-11-30,2005-11-30,0.12,0.10500000000000001,0.20674693877551023,49,False,0.014999999999999986,cash:2004-11,
2004-11-30,bvps_growth_12m,PGR,12,2005-10-31,2005-11-17,0.22517656834233479,,,0,True,,bvps:2005-10,
2004-11-30,pgr_drip_return_6m,PGR,6,2005-05-31,2005-05-31,0.038034874984119504,0.16578207877399739,0.16578207877399739,55,False,-0.12774720378987789,pgr-return:2004-11,
2004-12-31,cash_dividend_12m,PGR,12,2005-12-30,2005-12-30,0.12,0.11,0.20481200000000002,50,False,0.009999999999999995,cash:2004-12,
2004-12-31,bvps_growth_12m,PGR,12,2005-11-30,2005-12-15,0.23784225582345742,,,0,True,,bvps:2005-11,
2004-12-31,pgr_drip_return_6m,PGR,6,2005-06-30,2005-06-30,0.17850781314895214,0.16261967737350355,0.16261967737350355,56,False,0.015888135775448592,pgr-return:2004-12,
2005-01-31,cash_dividend_12m,PGR,12,2006-01-31,2006-01-31,0.12,0.11,0.20295294117647059,51,False,0.009999999999999995,cash:2005-01,
2005-01-31,bvps_growth_12m,PGR,12,2005-12-30,2006-01-18,0.20326467158958406,,,0,True,,bvps:2005-12,
2005-01-31,pgr_drip_return_6m,PGR,6,2005-07-29,2005-07-29,0.20855893096677081,0.16113527171902145,0.16113527171902145,57,False,0.047423659247749356,pgr-return:2005-01,
2005-02-28,cash_dividend_12m,PGR,12,2006-02-28,2006-02-28,0.12,0.11,0.20116538461538461,52,False,0.009999999999999995,cash:2005-02,
2005-02-28,bvps_growth_12m,PGR,12,2006-01-31,2006-02-15,0.20741023682200144,,,0,True,,bvps:2006-01,
2005-02-28,pgr_drip_return_6m,PGR,6,2005-08-31,2005-08-31,0.10192147587855049,0.15983417105516395,0.15983417105516395,58,False,-0.05791269517661346,pgr-return:2005-02,
2005-03-31,cash_dividend_12m,PGR,12,2006-03-31,2006-03-31,0.12,0.11499999999999999,0.19953962264150943,53,False,0.0050000000000000044,cash:2005-03,
2005-03-31,bvps_growth_12m,PGR,12,2006-02-28,2006-03-15,0.20767494356659166,,,0,True,,bvps:2006-02,
2005-03-31,pgr_drip_return_6m,PGR,6,2005-09-30,2005-09-30,0.17672464713313407,0.1583304109357013,0.1583304109357013,59,False,0.018394236197432773,pgr-return:2005-03,
2005-04-29,cash_dividend_12m,PGR,12,2006-04-28,2006-04-28,0.12,0.11499999999999999,0.19797407407407408,54,False,0.0050000000000000044,cash:2005-04,
2005-04-29,bvps_growth_12m,PGR,12,2006-03-31,2006-04-12,0.21522804372408588,,,0,True,,bvps:2006-03,
2005-04-29,pgr_drip_return_6m,PGR,6,2005-10-31,2005-10-31,0.27338001249048771,0.15529608074351076,0.15529608074351076,60,False,0.11808393174697696,pgr-return:2005-04,
2005-05-31,cash_dividend_12m,PGR,12,2006-05-31,2006-05-31,0.12,0.11499999999999999,0.19646545454545455,55,False,0.0050000000000000044,cash:2005-05,
2005-05-31,bvps_growth_12m,PGR,12,2006-04-28,2006-05-17,0.20853254873115112,,,0,True,,bvps:2006-04,
2005-05-31,pgr_drip_return_6m,PGR,6,2005-11-30,2005-11-30,0.27392973954582134,0.15337376589499613,0.15337376589499613,61,False,0.12055597365082521,pgr-return:2005-05,
2005-06-30,cash_dividend_12m,PGR,12,2006-06-30,2006-06-30,0.12,0.12,0.19510000000000005,56,False,0,cash:2005-06,
2005-06-30,bvps_growth_12m,PGR,12,2006-05-31,2006-06-14,0.18263365626121275,,,0,True,,bvps:2006-05,
2005-06-30,pgr_drip_return_6m,PGR,6,2005-12-30,2005-12-30,0.16937629499273621,0.15377915375393089,0.15377915375393089,62,False,0.015597141238805318,pgr-return:2005-06,
2005-07-29,cash_dividend_12m,PGR,12,2006-07-31,2006-07-31,0.12,0.12,0.19378245614035092,57,False,0,cash:2005-07,
2005-07-29,bvps_growth_12m,PGR,12,2006-06-30,2006-07-13,0.17114568599717095,,,0,True,,bvps:2006-06,
2005-07-29,pgr_drip_return_6m,PGR,6,2006-01-31,2006-01-31,0.054545630425331337,0.15464867402715057,0.15464867402715057,63,False,-0.10010304360181924,pgr-return:2005-07,
2005-08-31,cash_dividend_12m,PGR,12,2006-08-31,2006-08-31,0.12,0.12,0.19251034482758622,58,False,0,cash:2005-08,
2005-08-31,bvps_growth_12m,PGR,12,2006-07-31,2006-08-16,0.1791666666666667,,,0,True,,bvps:2006-07,
2005-08-31,pgr_drip_return_6m,PGR,6,2006-02-28,2006-02-28,0.12018743217788708,0.15382481155607872,0.15382481155607872,64,False,-0.03363737937819164,pgr-return:2005-08,
2005-09-30,cash_dividend_12m,PGR,12,2006-09-29,2006-09-29,0.125,0.12,0.19128135593220341,59,False,0.0050000000000000044,cash:2005-09,
2005-09-30,bvps_growth_12m,PGR,12,2006-08-31,2006-09-14,0.18630136986301382,0.05187319884726227,0.05187319884726227,1,False,0.13442817101575155,bvps:2006-08,
2005-09-30,pgr_drip_return_6m,PGR,6,2006-03-31,2006-03-31,-0.0043419360610995605,0.15417711671880266,0.15417711671880266,65,False,-0.15851905277990222,pgr-return:2005-09,
2005-10-31,cash_dividend_12m,PGR,12,2006-10-31,2006-10-31,0.125,0.12,0.19009333333333334,60,False,0.0050000000000000044,cash:2005-10,
2005-10-31,bvps_growth_12m,PGR,12,2006-09-29,2006-10-11,0.19538670284938942,0.04770651092805589,0.04770651092805589,2,False,0.14768019192133353,bvps:2006-09,
2005-10-31,pgr_drip_return_6m,PGR,6,2006-04-28,2006-04-28,-0.065111047730924909,0.15598322120019184,0.15598322120019184,66,False,-0.22109426893111675,pgr-return:2005-10,
2005-11-30,cash_dividend_12m,PGR,12,2006-11-30,2006-11-30,0.125,0.12,0.18894426229508196,61,False,0.0050000000000000044,cash:2005-11,
2005-11-30,bvps_growth_12m,PGR,12,2006-10-31,2006-11-15,0.21804001356392,0.10686319673281552,0.10686319673281552,3,False,0.11117681683110447,bvps:2006-10,
2005-11-30,pgr_drip_return_6m,PGR,6,2006-05-31,2006-05-31,-0.10407825860001352,0.15774361699639525,0.15774361699639525,67,False,-0.26182187559640879,pgr-return:2005-11,
2005-12-30,cash_dividend_12m,PGR,12,2006-12-29,2006-12-29,0.13,0.12,0.18783225806451609,62,False,0.010000000000000009,cash:2005-12,
2005-12-30,bvps_growth_12m,PGR,12,2006-11-30,2006-12-13,0.20435787388577076,0.139607961505476,0.139607961505476,4,False,0.064749912380294761,bvps:2006-11,
2005-12-30,pgr_drip_return_6m,PGR,6,2006-06-30,2006-06-30,-0.1188789163838474,0.15791468579045909,0.15791468579045909,68,False,-0.27679360217430649,pgr-return:2005-12,
2006-01-31,cash_dividend_12m,PGR,12,2007-01-31,2007-01-31,0.13,0.12,0.18675555555555551,63,False,0.010000000000000009,cash:2006-01,
2006-01-31,bvps_growth_12m,PGR,12,2006-12-29,2007-01-17,0.18217054263565902,0.1523393035222976,0.1523393035222976,5,False,0.029831239113361413,bvps:2006-12,
2006-01-31,pgr_drip_return_6m,PGR,6,2006-07-31,2006-07-31,-0.066768606987458679,0.15641658353879057,0.15641658353879057,69,False,-0.22318519052624924,pgr-return:2006-01,
2006-02-28,cash_dividend_12m,PGR,12,2007-02-28,2007-02-28,0.13,0.12,0.18571250000000006,64,False,0.010000000000000009,cash:2006-02,
2006-02-28,bvps_growth_12m,PGR,12,2007-01-31,2007-02-14,0.1755773489402086,0.16151779240558159,0.16151779240558159,6,False,0.01405955653462701,bvps:2007-01,
2006-02-28,pgr_drip_return_6m,PGR,6,2006-08-31,2006-08-31,-0.11880574246070452,0.1558990242336348,0.1558990242336348,70,False,-0.2747047666943393,pgr-return:2006-02,
2006-03-31,cash_dividend_12m,PGR,12,2007-03-30,2007-03-30,0.10000000000000001,0.12,0.1847015384615385,65,False,-0.01999999999999999,cash:2006-03,
2006-03-31,bvps_growth_12m,PGR,12,2007-02-28,2007-03-14,0.17383177570093444,0.16811167114286873,0.16811167114286873,7,False,0.0057201045580657084,bvps:2007-02,
2006-03-31,pgr_drip_return_6m,PGR,6,2006-09-29,2006-09-29,-0.057914988288796376,0.15364210929990615,0.15364210929990615,71,False,-0.21155709758870253,pgr-return:2006-03,
2006-04-28,cash_dividend_12m,PGR,12,2007-04-30,2007-04-30,0.10000000000000001,0.12,0.18372121212121215,66,False,-0.01999999999999999,cash:2006-04,
2006-04-28,bvps_growth_12m,PGR,12,2007-03-30,2007-04-11,0.16749379652605456,0.17400121771552088,0.17400121771552088,8,False,-0.006507421189466317,bvps:2007-03,
2006-04-28,pgr_drip_return_6m,PGR,6,2006-10-31,2006-10-31,-0.11563278878951366,0.15060387100781128,0.15060387100781128,72,False,-0.26623665979732491,pgr-return:2006-04,
2006-05-31,cash_dividend_12m,PGR,12,2007-05-31,2007-05-31,0.025000000000000001,0.029999999999999999,0.18277014925373136,67,False,-0.0049999999999999975,cash:2006-05,
2006-05-31,bvps_growth_12m,PGR,12,2007-04-30,2007-05-16,0.16494217894096175,0.17783803227281314,0.17783803227281314,9,False,-0.012895853331851392,bvps:2007-04,
2006-05-31,pgr_drip_return_6m,PGR,6,2006-11-30,2006-11-30,-0.15563830995497951,0.14711507471181368,0.14711507471181368,73,False,-0.30275338466679319,pgr-return:2006-05,
2006-06-30,cash_dividend_12m,PGR,12,2007-06-29,2007-06-29,0.017500000000000002,0.029999999999999999,0.18184705882352942,68,False,-0.012499999999999997,cash:2006-06,
2006-06-30,bvps_growth_12m,PGR,12,2007-05-31,2007-06-13,0.17111650485436902,0.17831759467165309,0.17831759467165309,10,False,-0.0072010898172840676,bvps:2007-05,
2006-06-30,pgr_drip_return_6m,PGR,6,2006-12-29,2006-12-29,-0.057250325229427412,0.14352056131862906,0.14352056131862906,74,False,-0.20077088654805647,pgr-return:2006-06,
2006-07-31,cash_dividend_12m,PGR,12,2007-07-31,2007-07-31,0.017500000000000002,0.029999999999999999,0.18095072463768117,69,False,-0.012499999999999997,cash:2006-07,
2006-07-31,bvps_growth_12m,PGR,12,2007-06-29,2007-07-12,0.15942028985507251,0.17766560297397291,0.17766560297397291,11,False,-0.018245313118900403,bvps:2007-06,
2006-07-31,pgr_drip_return_6m,PGR,6,2007-01-31,2007-01-31,-0.042959022461494412,0.14071670574121456,0.14071670574121456,75,False,-0.18367572820270897,pgr-return:2006-07,
2006-08-31,cash_dividend_12m,PGR,12,2007-08-31,2007-08-31,2.0175000000000001,0.029999999999999999,0.18007999999999999,70,False,1.9875,cash:2006-08,
2006-08-31,bvps_growth_12m,PGR,12,2007-07-31,2007-08-15,-0.11071849234393405,0.17779069161503069,0.17779069161503069,12,False,-0.28850918395896474,bvps:2007-07,
2006-08-31,pgr_drip_return_6m,PGR,6,2007-02-28,2007-02-28,-0.020706520027079178,0.13730193668592613,0.13730193668592613,76,False,-0.15800845671300531,pgr-return:2006-08,
2006-09-29,cash_dividend_12m,PGR,12,2007-09-28,2007-09-28,2.00875,0.03125,0.17930422535211266,71,False,1.9775,cash:2006-09,
2006-09-29,bvps_growth_12m,PGR,12,2007-08-31,2007-09-14,-0.13163972286374137,0.17844535917256785,0.17844535917256785,13,False,-0.31008508203630925,bvps:2007-08,
2006-09-29,pgr_drip_return_6m,PGR,6,2007-03-30,2007-03-30,-0.11049350739240082,0.13476665194599469,0.13476665194599469,77,False,-0.24526015933839551,pgr-return:2006-09,
2006-10-31,cash_dividend_12m,PGR,12,2007-10-31,2007-10-31,2.00875,0.03125,0.17855000000000004,72,False,1.9775,cash:2006-10,
2006-10-31,bvps_growth_12m,PGR,12,2007-09-28,2007-10-10,-0.13166855845629966,0.17965545514948369,0.17965545514948369,14,False,-0.31132401360578332,bvps:2007-09,
2006-10-31,pgr_drip_return_6m,PGR,6,2007-04-30,2007-04-30,-0.03799116908970035,0.13155640270579586,0.13155640270579586,78,False,-0.1695475717954962,pgr-return:2006-10,
2006-11-30,cash_dividend_12m,PGR,12,2007-11-30,2007-11-30,2.00875,0.03125,0.17781643835616442,73,False,1.9775,cash:2006-11,
2006-11-30,bvps_growth_12m,PGR,12,2007-10-31,2007-11-16,-0.15033407572383084,0.1822144257104461,0.1822144257104461,15,False,-0.33254850143427694,bvps:2007-10,
2006-11-30,pgr_drip_return_6m,PGR,6,2007-05-31,2007-05-31,-0.0070341656284894638,0.1279210265961658,0.1279210265961658,79,False,-0.13495519222465527,pgr-return:2006-11,
2006-12-29,cash_dividend_12m,PGR,12,2007-12-31,2007-12-31,2,0.032500000000000001,0.17717027027027032,74,False,1.9675,cash:2006-12,
2006-12-29,bvps_growth_12m,PGR,12,2007-11-30,2007-12-12,-0.18092105263157887,0.18359839122140392,0.18359839122140392,16,False,-0.36451944385298279,bvps:2007-11,
2006-12-29,pgr_drip_return_6m,PGR,6,2007-06-29,2007-06-29,-0.011973575557390537,0.12560638469834587,0.12560638469834587,80,False,-0.13757996025573641,pgr-return:2006-12,
2007-01-31,cash_dividend_12m,PGR,12,2008-01-31,2008-01-31,2.145,0.032500000000000001,0.17654133333333338,75,False,2.1124999999999998,cash:2007-01,
2007-01-31,bvps_growth_12m,PGR,12,2007-12-31,2008-01-16,-0.20655737704918042,0.18351440012812481,0.18351440012812481,17,False,-0.39007177717730523,bvps:2007-12,
2007-01-31,pgr_drip_return_6m,PGR,6,2007-07-31,2007-07-31,-0.10670081092616301,0.12352533028896513,0.12352533028896513,81,False,-0.23022614121512813,pgr-return:2007-01,
2007-02-28,cash_dividend_12m,PGR,12,2008-02-29,2008-02-29,2.145,0.032500000000000001,0.17592894736842113,76,False,2.1124999999999998,cash:2007-02,
2007-02-28,bvps_growth_12m,PGR,12,2008-01-31,2008-02-13,-0.2055974165769644,0.18307345283990728,0.18307345283990728,18,False,-0.38867086941687168,bvps:2008-01,
2007-02-28,pgr_drip_return_6m,PGR,6,2007-08-31,2007-08-31,-0.049948656280823234,0.12176640528511092,0.12176640528511092,82,False,-0.17171506156593414,pgr-return:2007-02,
2007-03-30,cash_dividend_12m,PGR,12,2008-03-31,2008-03-31,2.145,0.025000000000000001,0.17494285714285721,77,False,2.1200000000000001,cash:2007-03,
2007-03-30,bvps_growth_12m,PGR,12,2008-02-29,2008-03-12,-0.24097664543524411,0.18258704877996132,0.18258704877996132,19,False,-0.42356369421520546,bvps:2008-02,
2007-03-30,pgr_drip_return_6m,PGR,6,2007-09-28,2007-09-28,-0.032725156258822108,0.11896809308417705,0.11896809308417705,83,False,-0.15169324934299916,pgr-return:2007-03,
2007-04-30,cash_dividend_12m,PGR,12,2008-04-30,2008-04-30,2.145,0.025000000000000001,0.17398205128205133,78,False,2.1200000000000001,cash:2007-04,
2007-04-30,bvps_growth_12m,PGR,12,2008-03-31,2008-04-09,-0.25504782146652505,0.18183238616726599,0.18183238616726599,20,False,-0.43688020763379104,bvps:2008-03,
2007-04-30,pgr_drip_return_6m,PGR,6,2007-10-31,2007-10-31,-0.13142079639529447,0.11709953043924995,0.11709953043924995,84,False,-0.24852032683454442,pgr-return:2007-04,
2007-05-31,cash_dividend_12m,PGR,12,2008-05-30,2008-05-30,2.145,0.025000000000000001,0.17209620253164562,79,False,2.1200000000000001,cash:2007-05,
2007-05-31,bvps_growth_12m,PGR,12,2008-04-30,2008-05-14,-0.24242424242424243,0.181028090585061,0.181028090585061,21,False,-0.42345233300930341,bvps:2008-04,
2007-05-31,pgr_drip_return_6m,PGR,6,2007-11-30,2007-11-30,-0.12015439986198384,0.11563913401492359,0.11563913401492359,85,False,-0.23579353387690744,pgr-return:2007-05,
2007-06-29,cash_dividend_12m,PGR,12,2008-06-30,2008-06-30,2.145,0.017500000000000002,0.17016375000000003,80,False,2.1274999999999999,cash:2007-06,
2007-06-29,bvps_growth_12m,PGR,12,2008-05-30,2008-06-11,-0.23212435233160622,0.18057756396093863,0.18057756396093863,22,False,-0.41270191629254482,bvps:2008-05,
2007-06-29,pgr_drip_return_6m,PGR,6,2007-12-31,2007-12-31,-0.13937019963388919,0.11415526529896644,0.11415526529896644,86,False,-0.25352546493285566,pgr-return:2007-06,
2007-07-31,cash_dividend_12m,PGR,12,2008-07-31,2008-07-31,2.145,0.017500000000000002,0.16827901234567905,81,False,2.1274999999999999,cash:2007-07,
2007-07-31,bvps_growth_12m,PGR,12,2008-06-30,2008-07-10,-0.2583333333333333,0.1796576824780749,0.1796576824780749,23,False,-0.4379910158114082,bvps:2008-06,
2007-07-31,pgr_drip_return_6m,PGR,6,2008-01-31,2008-01-31,-0.039846495326965159,0.11161668971017184,0.11161668971017184,87,False,-0.15146318503713702,pgr-return:2007-07,
2007-08-31,cash_dividend_12m,PGR,12,2008-08-29,2008-08-29,0.14499999999999999,2.0175000000000001,0.19083048780487807,82,False,-1.8725000000000001,cash:2007-08,
2007-08-31,bvps_growth_12m,PGR,12,2008-07-31,2008-08-13,-0.0927152317880795,0.1675586751938245,0.1675586751938245,24,False,-0.260273906981904,bvps:2008-07,
2007-08-31,pgr_drip_return_6m,PGR,6,2008-02-29,2008-02-29,-0.091880542722731051,0.10978071986936509,0.10978071986936509,88,False,-0.20166126259209616,pgr-return:2007-08,
2007-09-28,cash_dividend_12m,PGR,12,2008-09-30,2008-09-30,0.14499999999999999,2.00875,0.21273313253012049,83,False,-1.86375,cash:2007-09,
2007-09-28,bvps_growth_12m,PGR,12,2008-08-29,2008-09-11,-0.073138297872340385,0.15559073927152187,0.15559073927152187,25,False,-0.22872903714386225,bvps:2008-08,
2007-09-28,pgr_drip_return_6m,PGR,6,2008-03-31,2008-03-31,-0.17141166263509588,0.10817953024994727,0.10817953024994727,89,False,-0.27959119288504314,pgr-return:2007-09,
2007-10-31,cash_dividend_12m,PGR,12,2008-10-31,2008-10-31,0.14499999999999999,2.00875,0.23411428571428572,84,False,-1.86375,cash:2007-10,
2007-10-31,bvps_growth_12m,PGR,12,2008-09-30,2008-10-10,-0.1751633986928105,0.14454230474352875,0.14454230474352875,26,False,-0.31970570343633925,bvps:2008-09,
2007-10-31,pgr_drip_return_6m,PGR,6,2008-04-30,2008-04-30,0.019735988555237061,0.10551730439833346,0.10551730439833346,90,False,-0.085781315843096395,pgr-return:2007-10,
2007-11-30,cash_dividend_12m,PGR,12,2008-11-28,2008-11-28,0.14499999999999999,2.00875,0.2549923529411765,85,False,-1.86375,cash:2007-11,
2007-11-30,bvps_growth_12m,PGR,12,2008-10-31,2008-11-12,-0.22280471821756231,0.13362095731881171,0.13362095731881171,27,False,-0.35642567553637405,bvps:2008-10,
2007-11-30,pgr_drip_return_6m,PGR,6,2008-05-30,2008-05-30,0.098612586298459926,0.10303739556030798,0.10303739556030798,91,False,-0.0044248092618480589,pgr-return:2007-11,
2007-12-31,cash_dividend_12m,PGR,12,2008-12-31,2008-12-31,0.14499999999999999,2,0.2752831395348837,86,False,-1.855,cash:2007-12,
2007-12-31,bvps_growth_12m,PGR,12,2008-11-28,2008-12-10,-0.21552878179384194,0.12238731410629777,0.12238731410629777,28,False,-0.33791609590013971,bvps:2008-11,
2007-12-31,pgr_drip_return_6m,PGR,6,2008-06-30,2008-06-30,0.028982431032732681,0.10040253039515366,0.10040253039515366,92,False,-0.071420099362420983,pgr-return:2007-12,
2008-01-31,cash_dividend_12m,PGR,12,2009-01-30,2009-01-30,0,2.145,0.29677413793103447,87,False,-2.145,cash:2008-01,
2008-01-31,bvps_growth_12m,PGR,12,2008-12-31,2009-01-21,-0.14187327823691454,0.11104439372162611,0.11104439372162611,29,False,-0.25291767195854065,bvps:2008-12,
2008-01-31,pgr_drip_return_6m,PGR,6,2008-07-31,2008-07-31,0.040894220283533178,0.098894476355130878,0.098894476355130878,93,False,-0.0580002560715977,pgr-return:2008-01,
2008-02-29,cash_dividend_12m,PGR,12,2009-02-27,2009-02-27,0,2.145,0.31777670454545459,88,False,-2.145,cash:2008-02,
2008-02-29,bvps_growth_12m,PGR,12,2009-01-30,2009-02-11,-0.14905149051490507,0.10048966671167309,0.10048966671167309,30,False,-0.24954115722657816,bvps:2009-01,
2008-02-29,pgr_drip_return_6m,PGR,6,2008-08-29,2008-08-29,0.0076377523186033081,0.096864954875579154,0.096864954875579154,94,False,-0.089227202556975846,pgr-return:2008-02,
2008-03-31,cash_dividend_12m,PGR,12,2009-03-31,2009-03-31,0,2.145,0.33830730337078657,89,False,-2.145,cash:2008-03,
2008-03-31,bvps_growth_12m,PGR,12,2009-02-27,2009-03-11,-0.14685314685314699,0.089474624384353177,0.089474624384353177,31,False,-0.23632777123750015,bvps:2009-02,
2008-03-31,pgr_drip_return_6m,PGR,6,2008-09-30,2008-09-30,0.087092731829573999,0.094040990480729947,0.094040990480729947,95,False,-0.0069482586511559474,pgr-return:2008-03,
2008-04-30,cash_dividend_12m,PGR,12,2009-04-30,2009-04-30,0,2.145,0.35838166666666671,90,False,-2.145,cash:2008-04,
2008-04-30,bvps_growth_12m,PGR,12,2009-03-31,2009-04-15,-0.098430813124108396,0.07870829795151324,0.07870829795151324,32,False,-0.17713911107562164,bvps:2009-03,
2008-04-30,pgr_drip_return_6m,PGR,6,2008-10-31,2008-10-31,-0.2344420600858369,0.093266980044006076,0.093266980044006076,96,False,-0.32770904012984298,pgr-return:2008-04,
2008-05-30,cash_dividend_12m,PGR,12,2009-05-29,2009-05-29,0,2.145,0.37801483516483525,91,False,-2.145,cash:2008-05,
2008-05-30,bvps_growth_12m,PGR,12,2009-04-30,2009-05-13,-0.075862068965517171,0.068977008849217619,0.068977008849217619,33,False,-0.14483907781473479,bvps:2009-04,
2008-05-30,pgr_drip_return_6m,PGR,6,2008-11-28,2008-11-28,-0.25124626121635096,0.093322089386835491,0.093322089386835491,97,False,-0.34456835060318647,pgr-return:2008-05,
2008-06-30,cash_dividend_12m,PGR,12,2009-06-30,2009-06-30,0,2.145,0.39722119565217401,92,False,-2.145,cash:2008-06,
2008-06-30,bvps_growth_12m,PGR,12,2009-05-29,2009-06-10,-0.047233468286099978,0.060121086461546326,0.060121086461546326,34,False,-0.1073545547476463,bvps:2009-05,
2008-06-30,pgr_drip_return_6m,PGR,6,2008-12-31,2008-12-31,-0.27145811789038266,0.092665562260773215,0.092665562260773215,98,False,-0.36412368015115587,pgr-return:2008-06,
2008-07-31,cash_dividend_12m,PGR,12,2009-07-31,2009-07-31,0,2.145,0.4160145161290324,93,False,-2.145,cash:2008-07,
2008-07-31,bvps_growth_12m,PGR,12,2009-06-30,2009-07-10,0.016853932584269593,0.051022388753121192,0.051022388753121192,35,False,-0.034168456168851599,bvps:2009-06,
2008-07-31,pgr_drip_return_6m,PGR,6,2009-01-30,2009-01-30,-0.36354112100576219,0.092142619412518265,0.092142619412518265,99,False,-0.45568374041828047,pgr-return:2008-07,
2008-08-29,cash_dividend_12m,PGR,12,2009-08-31,2009-08-31,0,0.14499999999999999,0.41313138297872354,94,False,-0.14499999999999999,cash:2008-08,
2008-08-29,bvps_growth_12m,PGR,12,2009-07-31,2009-08-11,0.11240875912408765,0.047029677071421173,0.047029677071421173,36,False,0.065379082052666487,bvps:2009-07,
2008-08-29,pgr_drip_return_6m,PGR,6,2009-02-27,2009-02-27,-0.3735787763941526,0.091297570741579112,0.091297570741579112,100,False,-0.46487634713573173,pgr-return:2008-08,
2008-09-30,cash_dividend_12m,PGR,12,2009-09-30,2009-09-30,0,0.14499999999999999,0.41030894736842122,95,False,-0.14499999999999999,cash:2008-09,
2008-09-30,bvps_growth_12m,PGR,12,2009-08-31,2009-09-10,0.12195121951219523,0.043781893964833028,0.043781893964833028,37,False,0.078169325547362195,bvps:2009-08,
2008-09-30,pgr_drip_return_6m,PGR,6,2009-03-31,2009-03-31,-0.2259365994236312,0.091255938673143425,0.091255938673143425,101,False,-0.31719253809677461,pgr-return:2008-09,
2008-10-31,cash_dividend_12m,PGR,12,2009-10-30,2009-10-30,0,0.14499999999999999,0.40754531250000009,96,False,-0.14499999999999999,cash:2008-10,
2008-10-31,bvps_growth_12m,PGR,12,2009-09-30,2009-10-14,0.28843106180665634,0.038020175737000304,0.038020175737000304,38,False,0.25041088606965606,bvps:2009-09,
2008-10-31,pgr_drip_return_6m,PGR,6,2009-04-30,2009-04-30,0.083391730903994432,0.088062821038251471,0.088062821038251471,102,False,-0.0046710901342570388,pgr-return:2008-10,
2008-11-28,cash_dividend_12m,PGR,12,2009-11-30,2009-11-30,0,0.14499999999999999,0.40483865979381456,97,False,-0.14499999999999999,cash:2008-11,
2008-11-28,bvps_growth_12m,PGR,12,2009-10-30,2009-11-10,0.40640809443507586,0.031332357943293573,0.031332357943293573,39,False,0.37507573649178227,bvps:2009-10,
2008-11-28,pgr_drip_return_6m,PGR,6,2009-05-29,2009-05-29,0.073901464713715059,0.08476855810374076,0.08476855810374076,103,False,-0.010867093390025701,pgr-return:2008-11,
2008-12-31,cash_dividend_12m,PGR,12,2009-12-31,2009-12-31,0,0.14499999999999999,0.40218724489795932,98,False,-0.14499999999999999,cash:2008-12,
2008-12-31,bvps_growth_12m,PGR,12,2009-11-30,2009-12-09,0.46075085324232079,0.025160829449865176,0.025160829449865176,40,False,0.43559002379245559,bvps:2009-11,
2008-12-31,pgr_drip_return_6m,PGR,6,2009-06-30,2009-06-30,0.068133427963094517,0.081343301603797283,0.081343301603797283,104,False,-0.013209873640702766,pgr-return:2008-12,
2009-01-30,cash_dividend_12m,PGR,12,2010-01-29,2010-01-29,0.1613,0,0.39812474747474763,99,False,0.1613,cash:2009-01,
2009-01-30,bvps_growth_12m,PGR,12,2009-12-31,2010-01-20,0.37239165329052981,0.021086826823358353,0.021086826823358353,41,False,0.35130482646717148,bvps:2009-12,
2009-01-30,pgr_drip_return_6m,PGR,6,2009-07-31,2009-07-31,0.28230452674897122,0.07710630710275386,0.07710630710275386,105,False,0.20519821964621737,pgr-return:2009-01,
2009-02-27,cash_dividend_12m,PGR,12,2010-02-26,2010-02-26,0.1613,0,0.39414350000000015,100,False,0.1613,cash:2009-02,
2009-02-27,bvps_growth_12m,PGR,12,2010-01-29,2010-02-17,0.39649681528662417,0.017035914505780653,0.017035914505780653,42,False,0.37946090078084349,bvps:2010-01,
2009-02-27,pgr_drip_return_6m,PGR,6,2009-08-31,2009-08-31,0.4382022471910112,0.072854561032028337,0.072854561032028337,106,False,0.36534768615898283,pgr-return:2009-02,
2009-03-31,cash_dividend_12m,PGR,12,2010-03-31,2010-03-31,0.1613,0,0.39024108910891103,101,False,0.1613,cash:2009-03,
2009-03-31,bvps_growth_12m,PGR,12,2010-02-26,2010-03-17,0.47704918032786892,0.01322454098580559,0.01322454098580559,43,False,0.46382463934206331,bvps:2010-02,
2009-03-31,pgr_drip_return_6m,PGR,6,2009-09-30,2009-09-30,0.21518987341772156,0.070062120280106277,0.070062120280106277,107,False,0.14512775313761528,pgr-return:2009-03,
2009-04-30,cash_dividend_12m,PGR,12,2010-04-30,2010-04-30,0.1613,0,0.3864151960784315,102,False,0.1613,cash:2009-04,
2009-04-30,bvps_growth_12m,PGR,12,2010-03-31,2010-04-14,0.46518987341772133,0.010686919301489363,0.010686919301489363,44,False,0.45450295411623198,bvps:2010-03,
2009-04-30,pgr_drip_return_6m,PGR,6,2009-10-30,2009-10-30,0.034928848641655907,0.070185542600697828,0.070185542600697828,108,False,-0.035256693959041921,pgr-return:2009-04,
2009-05-29,cash_dividend_12m,PGR,12,2010-05-31,2010-05-31,0.1613,0,0.38266359223300983,103,False,0.1613,cash:2009-05,
2009-05-29,bvps_growth_12m,PGR,12,2010-04-30,2010-05-19,0.4208955223880595,0.0087636084511114407,0.0087636084511114407,45,False,0.41213191393694804,bvps:2010-04,
2009-05-29,pgr_drip_return_6m,PGR,6,2009-11-30,2009-11-30,0.029758214507129566,0.070219633629257622,0.070219633629257622,109,False,-0.040461419122128056,pgr-return:2009-05,
2009-06-30,cash_dividend_12m,PGR,12,2010-06-30,2010-06-30,0.1613,0,0.3789841346153846,104,False,0.1613,cash:2009-06,
2009-06-30,bvps_growth_12m,PGR,12,2010-05-31,2010-06-16,0.32719546742209626,0.0075462806959546705,0.0075462806959546705,46,False,0.31964918672614162,bvps:2010-05,
2009-06-30,pgr_drip_return_6m,PGR,6,2009-12-31,2009-12-31,0.19534883720930218,0.070200668123201596,0.070200668123201596,110,False,0.1251481690861006,pgr-return:2009-06,
2009-07-31,cash_dividend_12m,PGR,12,2010-07-30,2010-07-30,0.1613,0,0.37537476190476188,105,False,0.1613,cash:2009-07,
2009-07-31,bvps_growth_12m,PGR,12,2010-06-30,2010-07-14,0.30386740331491713,0.0077443158425145623,0.0077443158425145623,47,False,0.29612308747240257,bvps:2010-06,
2009-07-31,pgr_drip_return_6m,PGR,6,2010-01-29,2010-01-29,0.074347849218419082,0.072111513696406726,0.072111513696406726,111,False,0.002236335522012356,pgr-return:2009-07,
2009-08-31,cash_dividend_12m,PGR,12,2010-08-31,2010-08-31,0.1613,0,0.37183349056603771,106,False,0.1613,cash:2009-08,
2009-08-31,bvps_growth_12m,PGR,12,2010-07-30,2010-08-18,0.2834645669291338,0.0099248250775473366,0.0099248250775473366,48,False,0.27353974185158647,bvps:2010-07,
2009-08-31,pgr_drip_return_6m,PGR,6,2010-02-26,2010-02-26,0.040491767289474678,0.075380180959751408,0.075380180959751408,112,False,-0.03488841367027673,pgr-return:2009-08,
2009-09-30,cash_dividend_12m,PGR,12,2010-09-30,2010-09-30,0.1613,0,0.36835841121495327,107,False,0.1613,cash:2009-09,
2009-09-30,bvps_growth_12m,PGR,12,2010-08-31,2010-09-16,0.26086956521739113,0.012211078025193212,0.012211078025193212,49,False,0.24865848719219791,bvps:2010-08,
2009-09-30,pgr_drip_return_6m,PGR,6,2010-03-31,2010-03-31,0.19203609500342456,0.076617434875308657,0.076617434875308657,113,False,0.1154186601281159,pgr-return:2009-09,
2009-10-30,cash_dividend_12m,PGR,12,2010-10-29,2010-10-29,0.1613,0,0.36494768518518517,108,False,0.1613,cash:2009-10,
2009-10-30,bvps_growth_12m,PGR,12,2010-09-30,2010-10-14,0.24477244772447704,0.017735477700822476,0.017735477700822476,50,False,0.22703697002365456,bvps:2010-09,
2009-10-30,pgr_drip_return_6m,PGR,6,2010-04-30,2010-04-30,0.26761625592066296,0.076251745522381884,0.076251745522381884,114,False,0.19136451039828106,pgr-return:2009-10,
2009-11-30,cash_dividend_12m,PGR,12,2010-11-30,2010-11-30,0.1613,0,0.36159954128440364,109,False,0.1613,cash:2009-11,
2009-11-30,bvps_growth_12m,PGR,12,2010-10-29,2010-11-17,0.116306954436451,0.025356509401494112,0.025356509401494112,51,False,0.090950445034956889,bvps:2010-10,
2009-11-30,pgr_drip_return_6m,PGR,6,2010-05-31,2010-05-31,0.19067339433648112,0.07584745394833621,0.07584745394833621,115,False,0.11482594038814491,pgr-return:2009-11,
2009-12-31,cash_dividend_12m,PGR,12,2010-12-31,2010-12-31,1.1613,0,0.35831227272727273,110,False,1.1613,cash:2009-12,
2009-12-31,bvps_growth_12m,PGR,12,2010-11-30,2010-12-15,0.095794392523364413,0.033729477552279237,0.033729477552279237,52,False,0.062064914971085176,bvps:2010-11,
2009-12-31,pgr_drip_return_6m,PGR,6,2010-06-30,2010-06-30,0.093725963144448032,0.07687763828679281,0.07687763828679281,116,False,0.016848324857655222,pgr-return:2009-12,
2010-01-29,cash_dividend_12m,PGR,12,2011-01-31,2011-01-31,1.3987000000000001,0.1613,0.35653738738738733,111,False,1.2374000000000001,cash:2010-01,
2010-01-29,bvps_growth_12m,PGR,12,2010-12-31,2011-01-20,0.067836257309941583,0.040119329924699063,0.040119329924699063,53,False,0.027716927385242521,bvps:2010-12,
2010-01-29,pgr_drip_return_6m,PGR,6,2010-07-30,2010-07-30,0.18455971049457198,0.07685601615800329,0.07685601615800329,117,False,0.10770369433656869,pgr-return:2010-01,
2010-02-26,cash_dividend_12m,PGR,12,2011-02-28,2011-02-28,1.3987000000000001,0.1613,0.35479419642857152,112,False,1.2374000000000001,cash:2010-02,
2010-02-26,bvps_growth_12m,PGR,12,2011-01-31,2011-02-16,0.061573546180159644,0.046718912986956927,0.046718912986956927,54,False,0.014854633193202717,bvps:2011-01,
2010-02-26,pgr_drip_return_6m,PGR,6,2010-08-31,2010-08-31,0.16034985422740533,0.076547844557422529,0.076547844557422529,118,False,0.083802009669982802,pgr-return:2010-02,
2010-03-31,cash_dividend_12m,PGR,12,2011-03-31,2011-03-31,1.3987000000000001,0.1613,0.35308185840707967,113,False,1.2374000000000001,cash:2010-03,
2010-03-31,bvps_growth_12m,PGR,12,2011-02-28,2011-03-16,0.055493895671476112,0.054543099665882604,0.054543099665882604,55,False,0.00095079600559350858,bvps:2011-02,
2010-03-31,pgr_drip_return_6m,PGR,6,2010-09-30,2010-09-30,0.10742086144265706,0.077518334056968757,0.077518334056968757,119,False,0.029902527385688299,pgr-return:2010-03,
2010-04-30,cash_dividend_12m,PGR,12,2011-04-29,2011-04-29,1.3987000000000001,0.1613,0.35139956140350881,114,False,1.2374000000000001,cash:2010-04,
2010-04-30,bvps_growth_12m,PGR,12,2011-03-31,2011-04-14,0.04103671706263512,0.061876077768594016,0.061876077768594016,56,False,-0.020839360705958897,bvps:2011-03,
2010-04-30,pgr_drip_return_6m,PGR,6,2010-10-29,2010-10-29,0.053260328521652633,0.079102483405832896,0.079102483405832896,120,False,-0.025842154884180263,pgr-return:2010-04,
2010-05-31,cash_dividend_12m,PGR,12,2011-05-31,2011-05-31,1.3987000000000001,0.1613,0.3497465217391304,115,False,1.2374000000000001,cash:2010-05,
2010-05-31,bvps_growth_12m,PGR,12,2011-04-29,2011-05-18,0.040966386554621925,0.06817466451630394,0.06817466451630394,57,False,-0.027208277961682015,bvps:2011-04,
2010-05-31,pgr_drip_return_6m,PGR,6,2010-11-30,2010-11-30,0.054109239407861054,0.08002455704988784,0.08002455704988784,121,False,-0.025915317642026786,pgr-return:2010-05,
2010-06-30,cash_dividend_12m,PGR,12,2011-06-30,2011-06-30,1.3987000000000001,0.1613,0.34812198275862066,116,False,1.2374000000000001,cash:2010-06,
2010-06-30,bvps_growth_12m,PGR,12,2011-05-31,2011-06-16,0.064034151547492257,0.072640540428472775,0.072640540428472775,58,False,-0.0086063888809805172,bvps:2011-05,
2010-06-30,pgr_drip_return_6m,PGR,6,2010-12-31,2010-12-31,0.068114115476359371,0.080136863657220309,0.080136863657220309,122,False,-0.012022748180860937,pgr-return:2010-06,
2010-07-30,cash_dividend_12m,PGR,12,2011-07-29,2011-07-29,1.3987000000000001,0.1613,0.34652521367521361,117,False,1.2374000000000001,cash:2010-07,
2010-07-30,bvps_growth_12m,PGR,12,2011-06-30,2011-07-14,0.046610169491525522,0.076559639799429452,0.076559639799429452,59,False,-0.02994947030790393,bvps:2011-06,
2010-07-30,pgr_drip_return_6m,PGR,6,2011-01-31,2011-01-31,0.070044198042061856,0.08098582989167033,0.08098582989167033,123,False,-0.010941631849608474,pgr-return:2010-07,
2010-08-31,cash_dividend_12m,PGR,12,2011-08-31,2011-08-31,1.3987000000000001,0.1613,0.34495550847457618,118,False,1.2374000000000001,cash:2010-08,
2010-08-31,bvps_growth_12m,PGR,12,2011-07-29,2011-08-17,0.013292433537832382,0.080008055251591187,0.080008055251591187,60,False,-0.066715621713758805,bvps:2011-07,
2010-08-31,pgr_drip_return_6m,PGR,6,2011-02-28,2011-02-28,0.0974253215523877,0.081625862345990771,0.081625862345990771,124,False,0.015799459206396929,pgr-return:2010-08,
2010-09-30,cash_dividend_12m,PGR,12,2011-09-30,2011-09-30,1.3987000000000001,0.1613,0.34341218487394948,119,False,1.2374000000000001,cash:2010-09,
2010-09-30,bvps_growth_12m,PGR,12,2011-08-31,2011-09-15,-0.021298174442190621,0.082972998037915774,0.082972998037915774,61,False,-0.10427117248010639,bvps:2011-08,
2010-09-30,pgr_drip_return_6m,PGR,6,2011-03-31,2011-03-31,0.045412576580755593,0.081832222338764096,0.081832222338764096,125,False,-0.036419645758008504,pgr-return:2010-09,
2010-10-29,cash_dividend_12m,PGR,12,2011-10-31,2011-10-31,1.3987000000000001,0.1613,0.34189458333333334,120,False,1.2374000000000001,cash:2010-10,
2010-10-29,bvps_growth_12m,PGR,12,2011-09-30,2011-10-12,-0.07411067193675891,0.085582666581247413,0.085582666581247413,62,False,-0.15969333851800632,bvps:2011-09,
2010-10-29,pgr_drip_return_6m,PGR,6,2011-04-29,2011-04-29,0.10835949565833114,0.081605461276723523,0.081605461276723523,126,False,0.026754034381607616,pgr-return:2010-10,
2010-11-30,cash_dividend_12m,PGR,12,2011-11-30,2011-11-30,1.3987000000000001,0.1613,0.34040206611570245,121,False,1.2374000000000001,cash:2010-11,
2010-11-30,bvps_growth_12m,PGR,12,2011-10-31,2011-11-16,0.034371643394199847,0.086070353690060164,0.086070353690060164,63,False,-0.051698710295860317,bvps:2011-10,
2010-11-30,pgr_drip_return_6m,PGR,6,2011-05-31,2011-05-31,0.11709747673944904,0.081388955592716736,0.081388955592716736,127,False,0.0357085211467323,pgr-return:2010-11,
2010-12-31,cash_dividend_12m,PGR,12,2011-12-30,2011-12-30,0.3987,1.1613,0.34713073770491798,122,False,-0.76259999999999994,cash:2010-12,
2010-12-31,bvps_growth_12m,PGR,12,2011-11-30,2011-12-14,0.035181236673774041,0.086222291796830552,0.086222291796830552,64,False,-0.051041055123056511,bvps:2011-11,
2010-12-31,pgr_drip_return_6m,PGR,6,2011-06-30,2011-06-30,0.055731070696799945,0.08128524590430769,0.08128524590430769,128,False,-0.025554175207507746,pgr-return:2010-12,
2011-01-31,cash_dividend_12m,PGR,12,2012-01-31,2012-01-31,0.40720000000000001,1.3987000000000001,0.35568008130081291,123,False,-0.99150000000000005,cash:2011-01,
2011-01-31,bvps_growth_12m,PGR,12,2011-12-30,2012-01-19,0.037239868565169809,0.085939429727801497,0.085939429727801497,65,False,-0.048699561162631688,bvps:2011-12,
2011-01-31,pgr_drip_return_6m,PGR,6,2011-07-29,2011-07-29,0.0010172939979653517,0.081198105998398815,0.081198105998398815,129,False,-0.080180812000433463,pgr-return:2011-01,
2011-02-28,cash_dividend_12m,PGR,12,2012-02-29,2012-02-29,0.40720000000000001,1.3987000000000001,0.3640915322580644,124,False,-0.99150000000000005,cash:2011-02,
2011-02-28,bvps_growth_12m,PGR,12,2012-01-31,2012-02-15,0.050483351235230733,0.085570249674049359,0.085570249674049359,66,False,-0.035086898438818626,bvps:2012-01,
2011-02-28,pgr_drip_return_6m,PGR,6,2011-08-31,2011-08-31,-0.1071953010279002,0.081322930733429499,0.081322930733429499,130,False,-0.1885182317613297,pgr-return:2011-02,
2011-03-31,cash_dividend_12m,PGR,12,2012-03-30,2012-03-30,0.40720000000000001,1.3987000000000001,0.37236839999999988,125,False,-0.99150000000000005,cash:2011-03,
2011-03-31,bvps_growth_12m,PGR,12,2012-02-29,2012-03-14,0.057833859095688833,0.085121348868040791,0.085121348868040791,67,False,-0.027287489772351958,bvps:2012-02,
2011-03-31,pgr_drip_return_6m,PGR,6,2011-09-30,2011-09-30,-0.14901772879731667,0.081048805892569381,0.081048805892569381,131,False,-0.23006653468988605,pgr-return:2011-03,
2011-04-29,cash_dividend_12m,PGR,12,2012-04-30,2012-04-30,0.40720000000000001,1.3987000000000001,0.38051388888888876,126,False,-0.99150000000000005,cash:2011-04,
2011-04-29,bvps_growth_12m,PGR,12,2012-03-30,2012-04-11,0.061203319502074693,0.084473045459137766,0.084473045459137766,68,False,-0.023269725957063073,bvps:2012-03,
2011-04-29,pgr_drip_return_6m,PGR,6,2011-10-31,2011-10-31,-0.11257976298997274,0.081255705057461519,0.081255705057461519,132,False,-0.19383546804743426,pgr-return:2011-04,
2011-05-31,cash_dividend_12m,PGR,12,2012-05-31,2012-05-31,0.40720000000000001,1.3987000000000001,0.38853110236220462,127,False,-0.99150000000000005,cash:2011-05,
2011-05-31,bvps_growth_12m,PGR,12,2012-04-30,2012-05-16,0.042381432896064553,0.083842514170666529,0.083842514170666529,69,False,-0.041461081274601977,bvps:2012-04,
2011-05-31,pgr_drip_return_6m,PGR,6,2011-11-30,2011-11-30,-0.18535681186283592,0.081525192062589236,0.081525192062589236,133,False,-0.26688200392542516,pgr-return:2011-05,
2011-06-30,cash_dividend_12m,PGR,12,2012-06-29,2012-06-29,0.40720000000000001,1.3987000000000001,0.39642304687499996,128,False,-0.99150000000000005,cash:2011-06,
2011-06-30,bvps_growth_12m,PGR,12,2012-05-31,2012-06-13,0.025075225677031021,0.083559537561764041,0.083559537561764041,70,False,-0.05848431188473302,bvps:2012-05,
2011-06-30,pgr_drip_return_6m,PGR,6,2011-12-30,2011-12-30,-0.051070038910505655,0.081332698619560967,0.081332698619560967,134,False,-0.13240273753006662,pgr-return:2011-06,
2011-07-29,cash_dividend_12m,PGR,12,2012-07-31,2012-07-31,0.40720000000000001,1.3987000000000001,0.40419263565891472,129,False,-0.99150000000000005,cash:2011-07,
2011-07-29,bvps_growth_12m,PGR,12,2012-06-29,2012-07-12,0.044534412955465452,0.083039123926971936,0.083039123926971936,71,False,-0.038504710971506484,bvps:2012-06,
2011-07-29,pgr_drip_return_6m,PGR,6,2012-01-31,2012-01-31,0.058403481142348612,0.080737769696438033,0.080737769696438033,135,False,-0.022334288554089421,pgr-return:2011-07,
2011-08-31,cash_dividend_12m,PGR,12,2012-08-31,2012-08-31,0.40720000000000001,1.3987000000000001,0.41184269230769227,130,False,-0.99150000000000005,cash:2011-08,
2011-08-31,bvps_growth_12m,PGR,12,2012-07-31,2012-08-15,0.058526740665993948,0.082070419893789437,0.082070419893789437,72,False,-0.023543679227795489,bvps:2012-07,
2011-08-31,pgr_drip_return_6m,PGR,6,2012-02-29,2012-02-29,0.19785796253716392,0.079355908882288495,0.079355908882288495,136,False,0.11850205365487543,pgr-return:2011-08,
2011-09-30,cash_dividend_12m,PGR,12,2012-09-28,2012-09-28,0.40720000000000001,1.3987000000000001,0.41937595419847323,131,False,-0.99150000000000005,cash:2011-09,
2011-09-30,bvps_growth_12m,PGR,12,2012-08-31,2012-09-13,0.10155440414507777,0.080654411752200686,0.080654411752200686,73,False,0.020899992392877084,bvps:2012-08,
2011-09-30,pgr_drip_return_6m,PGR,6,2012-03-30,2012-03-30,0.33069479224784071,0.077688948023313276,0.077688948023313276,137,False,0.25300584422452743,pgr-return:2011-09,
2011-10-31,cash_dividend_12m,PGR,12,2012-10-31,2012-10-31,0.40720000000000001,1.3987000000000001,0.42679507575757569,132,False,-0.99150000000000005,cash:2011-10,
2011-10-31,bvps_growth_12m,PGR,12,2012-09-28,2012-10-10,0.1568836712913555,0.078562991702349871,0.078562991702349871,74,False,0.078320679589005626,bvps:2012-09,
2011-10-31,pgr_drip_return_6m,PGR,6,2012-04-30,2012-04-30,0.12637355597850974,0.076310189247854682,0.076310189247854682,138,False,0.050063366730655062,pgr-return:2011-10,
2011-11-30,cash_dividend_12m,PGR,12,2012-11-30,2012-11-30,1.4072,1.3987000000000001,0.4341026315789473,133,False,0.008499999999999952,cash:2011-11,
2011-11-30,bvps_growth_12m,PGR,12,2012-10-31,2012-11-14,0.031152647975077663,0.07797377372490788,0.07797377372490788,75,False,-0.046821125749830217,bvps:2012-10,
2011-11-30,pgr_drip_return_6m,PGR,6,2012-05-31,2012-05-31,0.25326780476002453,0.0744276928369864,0.0744276928369864,139,False,0.17884011192303811,pgr-return:2011-11,
2011-12-30,cash_dividend_12m,PGR,12,2012-12-31,2012-12-31,1.4072,0.3987,0.43383843283582085,134,False,1.0085,cash:2011-12,
2011-12-30,bvps_growth_12m,PGR,12,2012-11-30,2012-12-12,0.038105046343975157,0.077410714026866639,0.077410714026866639,76,False,-0.039305667682891482,bvps:2012-11,
2011-12-30,pgr_drip_return_6m,PGR,6,2012-06-29,2012-06-29,0.088528959507944371,0.073531280467361446,0.073531280467361446,140,False,0.014997679040582926,pgr-return:2011-12,
2012-01-31,cash_dividend_12m,PGR,12,2013-01-31,2013-01-31,1.2845,0.40720000000000001,0.43364111111111109,135,False,0.87729999999999997,cash:2012-01,
2012-01-31,bvps_growth_12m,PGR,12,2012-12-31,2013-01-18,0.049630411826821375,0.076889014735156289,0.076889014735156289,77,False,-0.027258602908334914,bvps:2012-12,
2012-01-31,pgr_drip_return_6m,PGR,6,2012-07-31,2012-07-31,-0.031815956926088962,0.073423991110446465,0.073423991110446465,141,False,-0.10523994803653543,pgr-return:2012-01,
2012-02-29,cash_dividend_12m,PGR,12,2013-02-28,2013-02-28,1.2845,0.40720000000000001,0.43344669117647056,136,False,0.87729999999999997,cash:2012-02,
2012-02-29,bvps_growth_12m,PGR,12,2013-01-31,2013-02-13,0.043967280163599298,0.076550480587721348,0.076550480587721348,78,False,-0.03258320042412205,bvps:2013-01,
2012-02-29,pgr_drip_return_6m,PGR,6,2012-08-31,2012-08-31,-0.08866075594960332,0.074300286683874062,0.074300286683874062,142,False,-0.16296104263347738,pgr-return:2012-02,
2012-03-30,cash_dividend_12m,PGR,12,2013-03-29,2013-03-29,1.2845,0.40720000000000001,0.4332551094890511,137,False,0.87729999999999997,cash:2012-03,
2012-03-30,bvps_growth_12m,PGR,12,2013-02-28,2013-03-13,0.032803180914512842,0.076313561328328533,0.076313561328328533,79,False,-0.043510380413815691,bvps:2013-02,
2012-03-30,pgr_drip_return_6m,PGR,6,2012-09-28,2012-09-28,-0.10526315789473695,0.076093255254251452,0.076093255254251452,143,False,-0.1813564131489884,pgr-return:2012-03,
2012-04-30,cash_dividend_12m,PGR,12,2013-04-30,2013-04-30,1.2845,0.40720000000000001,0.43306630434782611,138,False,0.87729999999999997,cash:2012-04,
2012-04-30,bvps_growth_12m,PGR,12,2013-03-29,2013-04-10,0.035190615835777095,0.076124683305500346,0.076124683305500346,80,False,-0.040934067469723251,bvps:2013-03,
2012-04-30,pgr_drip_return_6m,PGR,6,2012-10-31,2012-10-31,0.049744304974430387,0.076442424009281029,0.076442424009281029,144,False,-0.026698119034850643,pgr-return:2012-04,
2012-05-31,cash_dividend_12m,PGR,12,2013-05-31,2013-05-31,1.2845,0.40720000000000001,0.43288021582733816,139,False,0.87729999999999997,cash:2012-05,
2012-05-31,bvps_growth_12m,PGR,12,2013-04-30,2013-05-15,0.050338818973862498,0.075708099967112252,0.075708099967112252,81,False,-0.025369280993249754,bvps:2013-04,
2012-05-31,pgr_drip_return_6m,PGR,6,2012-11-30,2012-11-30,0.026948187533282653,0.077661909393768908,0.077661909393768908,145,False,-0.050713721860486255,pgr-return:2012-05,
2012-06-29,cash_dividend_12m,PGR,12,2013-06-28,2013-06-28,1.2845,0.40720000000000001,0.43269678571428577,140,False,0.87729999999999997,cash:2012-06,
2012-06-29,bvps_growth_12m,PGR,12,2013-05-31,2013-06-12,0.074363992172211235,0.075090625890403953,0.075090625890403953,82,False,-0.00072663371819271794,bvps:2013-05,
2012-06-29,pgr_drip_return_6m,PGR,6,2012-12-31,2012-12-31,0.045348630503718956,0.077736341243866011,0.077736341243866011,146,False,-0.032387710740147055,pgr-return:2012-06,
2012-07-31,cash_dividend_12m,PGR,12,2013-07-31,2013-07-31,1.2845,0.40720000000000001,0.4325159574468086,141,False,0.87729999999999997,cash:2012-07,
2012-07-31,bvps_growth_12m,PGR,12,2013-06-28,2013-07-11,0.053294573643410725,0.074722478746609505,0.074722478746609505,83,False,-0.02142790510319878,bvps:2013-06,
2012-07-31,pgr_drip_return_6m,PGR,6,2013-01-31,2013-01-31,0.20978195764512497,0.076991087514818701,0.076991087514818701,147,False,0.13279087013030627,pgr-return:2012-07,
2012-08-31,cash_dividend_12m,PGR,12,2013-08-30,2013-08-30,1.2845,0.40720000000000001,0.43233767605633816,142,False,0.87729999999999997,cash:2012-08,
2012-08-31,bvps_growth_12m,PGR,12,2013-07-31,2013-08-14,0.062917063870352674,0.074529672340887893,0.074529672340887893,84,False,-0.011612608470535218,bvps:2013-07,
2012-08-31,pgr_drip_return_6m,PGR,6,2013-02-28,2013-02-28,0.33842814234667729,0.075871818302221242,0.075871818302221242,148,False,0.26255632404445606,pgr-return:2012-08,
2012-09-28,cash_dividend_12m,PGR,12,2013-09-30,2013-09-30,1.2845,0.40720000000000001,0.43216188811188821,143,False,0.87729999999999997,cash:2012-09,
2012-09-28,bvps_growth_12m,PGR,12,2013-08-30,2013-09-12,0.041392285983066657,0.074847610362113653,0.074847610362113653,85,False,-0.033455324379046997,bvps:2013-08,
2012-09-28,pgr_drip_return_6m,PGR,6,2013-03-29,2013-03-29,0.28838401073347142,0.074656147321033609,0.074656147321033609,149,False,0.21372786341243782,pgr-return:2012-09,
2012-10-31,cash_dividend_12m,PGR,12,2013-10-31,2013-10-31,1.2845,0.40720000000000001,0.43198854166666667,144,False,0.87729999999999997,cash:2012-10,
2012-10-31,bvps_growth_12m,PGR,12,2013-09-30,2013-10-09,0.044280442804428111,0.075801518047337396,0.075801518047337396,86,False,-0.031521075242909286,bvps:2013-09,
2012-10-31,pgr_drip_return_6m,PGR,6,2013-04-30,2013-04-30,0.17964971329657642,0.074490068372056253,0.074490068372056253,150,False,0.10515964492452017,pgr-return:2012-10,
2012-11-30,cash_dividend_12m,PGR,12,2013-11-29,2013-11-29,0.28449999999999998,1.4072,0.43871413793103453,145,False,-1.1227,cash:2012-11,
2012-11-30,bvps_growth_12m,PGR,12,2013-10-31,2013-11-13,0.17623363544813686,0.075288312644207975,0.075288312644207975,87,False,0.10094532280392889,bvps:2013-10,
2012-11-30,pgr_drip_return_6m,PGR,6,2013-05-31,2013-05-31,0.21454992750621393,0.074175221479084244,0.074175221479084244,151,False,0.1403747060271297,pgr-return:2012-11,
2012-12-31,cash_dividend_12m,PGR,12,2013-12-31,2013-12-31,0.28449999999999998,1.4072,0.44534760273972607,146,False,-1.1227,cash:2012-12,
2012-12-31,bvps_growth_12m,PGR,12,2013-11-29,2013-12-11,0.17559523809523814,0.074865775527159881,0.074865775527159881,88,False,0.10072946256807826,bvps:2013-11,
2012-12-31,pgr_drip_return_6m,PGR,6,2013-06-28,2013-06-28,0.23445129107981222,0.073985572854246312,0.073985572854246312,152,False,0.16046571822556591,pgr-return:2012-12,
2013-01-31,cash_dividend_12m,PGR,12,2014-01-31,2014-01-31,1,1.2845,0.45105612244897958,147,False,-0.28449999999999998,cash:2013-01,
2013-01-31,bvps_growth_12m,PGR,12,2013-12-31,2014-01-22,0.045271629778672162,0.074582232114796518,0.074582232114796518,89,False,-0.029310602336124356,bvps:2013-12,
2013-01-31,pgr_drip_return_6m,PGR,6,2013-07-31,2013-07-31,0.14891736632788333,0.074873130924774933,0.074873130924774933,153,False,0.074044235403108394,pgr-return:2013-01,
2013-02-28,cash_dividend_12m,PGR,12,2014-02-28,2014-02-28,1,1.2845,0.45668750000000008,148,False,-0.28449999999999998,cash:2013-02,
2013-02-28,bvps_growth_12m,PGR,12,2014-01-31,2014-02-12,0.029382957884426908,0.074242065982005431,0.074242065982005431,90,False,-0.044859108097578523,bvps:2014-01,
2013-02-28,pgr_drip_return_6m,PGR,6,2013-08-30,2013-08-30,0.014158576051779947,0.076584527102839237,0.076584527102839237,154,False,-0.062425951051059289,pgr-return:2013-02,
2013-03-29,cash_dividend_12m,PGR,12,2014-03-31,2014-03-31,1,1.2845,0.46224328859060415,149,False,-0.28449999999999998,cash:2013-03,
2013-03-29,bvps_growth_12m,PGR,12,2014-02-28,2014-03-12,0.031761308950914335,0.073786693618626401,0.073786693618626401,91,False,-0.042025384667712065,bvps:2014-02,
2013-03-29,pgr_drip_return_6m,PGR,6,2013-09-30,2013-09-30,0.081123862287297177,0.077950975384327187,0.077950975384327187,155,False,0.0031728869029699902,pgr-return:2013-03,
2013-04-30,cash_dividend_12m,PGR,12,2014-04-30,2014-04-30,1,1.2845,0.46772500000000006,150,False,-0.28449999999999998,cash:2013-04,
2013-04-30,bvps_growth_12m,PGR,12,2014-03-31,2014-04-09,0.025495750708215192,0.073367171034030218,0.073367171034030218,92,False,-0.047871420325815026,bvps:2014-03,
2013-04-30,pgr_drip_return_6m,PGR,6,2013-10-31,2013-10-31,0.050019849146486717,0.078602890370944173,0.078602890370944173,156,False,-0.028583041224457456,pgr-return:2013-04,
2013-05-31,cash_dividend_12m,PGR,12,2014-05-30,2014-05-30,1,1.2845,0.47313410596026495,151,False,-0.28449999999999998,cash:2013-05,
2013-05-31,bvps_growth_12m,PGR,12,2014-04-30,2014-05-14,0.025806451612903292,0.07311955434521121,0.07311955434521121,93,False,-0.047313102732307918,bvps:2014-04,
2013-05-31,pgr_drip_return_6m,PGR,6,2013-11-29,2013-11-29,0.095723813260102153,0.079468795066073267,0.079468795066073267,157,False,0.016255018194028886,pgr-return:2013-05,
2013-06-28,cash_dividend_12m,PGR,12,2014-06-30,2014-06-30,1,1.2845,0.47847203947368411,152,False,-0.28449999999999998,cash:2013-06,
2013-06-28,bvps_growth_12m,PGR,12,2014-05-30,2014-06-11,0.03642987249544638,0.07313279304549844,0.07313279304549844,94,False,-0.036702920550052059,bvps:2014-05,
2013-06-28,pgr_drip_return_6m,PGR,6,2013-12-31,2013-12-31,0.064909520062942594,0.080449696939577944,0.080449696939577944,158,False,-0.01554017687663535,pgr-return:2013-06,
2013-07-31,cash_dividend_12m,PGR,12,2014-07-31,2014-07-31,1,1.2845,0.48374019607843133,153,False,-0.28449999999999998,cash:2013-07,
2013-07-31,bvps_growth_12m,PGR,12,2014-06-30,2014-07-10,0.056117755289788462,0.072923969683371212,0.072923969683371212,95,False,-0.01680621439358275,bvps:2014-06,
2013-07-31,pgr_drip_return_6m,PGR,6,2014-01-31,2014-01-31,-0.070111662531017416,0.080880311212460379,0.080880311212460379,159,False,-0.15099197374347778,pgr-return:2013-07,
2013-08-30,cash_dividend_12m,PGR,12,2014-08-29,2014-08-29,1,1.2845,0.48893993506493511,154,False,-0.28449999999999998,cash:2013-08,
2013-08-30,bvps_growth_12m,PGR,12,2014-07-31,2014-08-13,0.033183856502241982,0.07281973108115225,0.07281973108115225,96,False,-0.039635874578910268,bvps:2014-07,
2013-08-30,pgr_drip_return_6m,PGR,6,2014-02-28,2014-02-28,0.016254487435181542,0.080463300367706103,0.080463300367706103,160,False,-0.064208812932524562,pgr-return:2013-08,
2013-09-30,cash_dividend_12m,PGR,12,2014-09-30,2014-09-30,1,1.2845,0.4940725806451613,155,False,-0.28449999999999998,cash:2013-09,
2013-09-30,bvps_growth_12m,PGR,12,2014-08-29,2014-09-11,0.063233965672989889,0.072495736801790542,0.072495736801790542,97,False,-0.0092617711288006527,bvps:2014-08,
2013-09-30,pgr_drip_return_6m,PGR,6,2014-03-31,2014-03-31,-0.086861805129173963,0.080467403236771887,0.080467403236771887,161,False,-0.16732920836594584,pgr-return:2013-09,
2013-10-31,cash_dividend_12m,PGR,12,2014-10-31,2014-10-31,1,1.2845,0.49913942307692299,156,False,-0.28449999999999998,cash:2013-10,
2013-10-31,bvps_growth_12m,PGR,12,2014-09-30,2014-10-10,0.039752650176678284,0.072207825638552159,0.072207825638552159,98,False,-0.032455175461873875,bvps:2014-09,
2013-10-31,pgr_drip_return_6m,PGR,6,2014-04-30,2014-04-30,-0.064299652417830422,0.080279455372017042,0.080279455372017042,162,False,-0.14457910778984745,pgr-return:2013-10,
2013-11-29,cash_dividend_12m,PGR,12,2014-11-28,2014-11-28,1,0.28449999999999998,0.49777229299363057,157,False,0.71550000000000002,cash:2013-11,
2013-11-29,bvps_growth_12m,PGR,12,2014-10-31,2014-11-12,0.028253424657534332,0.073258591394204528,0.073258591394204528,99,False,-0.045005166736670196,bvps:2014-10,
2013-11-29,pgr_drip_return_6m,PGR,6,2014-05-30,2014-05-30,-0.067695159557880857,0.080374206033907145,0.080374206033907145,163,False,-0.14806936559178802,pgr-return:2013-11,
2013-12-31,cash_dividend_12m,PGR,12,2014-12-31,2014-12-31,1,0.28449999999999998,0.49642246835443027,158,False,0.71550000000000002,cash:2013-12,
2013-12-31,bvps_growth_12m,PGR,12,2014-11-28,2014-12-10,0.0303797468354432,0.074281957861214859,0.074281957861214859,100,False,-0.043902211025771659,bvps:2014-11,
2013-12-31,pgr_drip_return_6m,PGR,6,2014-06-30,2014-06-30,-0.029237222493654347,0.080279909168230523,0.080279909168230523,164,False,-0.10951713166188487,pgr-return:2013-12,
2014-01-31,cash_dividend_12m,PGR,12,2015-01-30,2015-01-30,0,1,0.4995896226415093,159,False,-1,cash:2014-01,
2014-01-31,bvps_growth_12m,PGR,12,2014-12-31,2015-01-28,0.13474494706448503,0.073994726890100573,0.073994726890100573,101,False,0.060750220174384459,bvps:2014-12,
2014-01-31,pgr_drip_return_6m,PGR,6,2014-07-31,2014-07-31,0.040877796901893415,0.07936844509732599,0.07936844509732599,165,False,-0.038490648195432575,pgr-return:2014-01,
2014-02-28,cash_dividend_12m,PGR,12,2015-02-27,2015-02-27,0.68620000000000003,1,0.50271718749999994,160,False,-0.31379999999999997,cash:2014-02,
2014-02-28,bvps_growth_12m,PGR,12,2015-01-30,2015-02-18,0.1313035204567079,0.073557356605731219,0.073557356605731219,102,False,0.057746163850976681,bvps:2015-01,
2014-02-28,pgr_drip_return_6m,PGR,6,2014-08-29,2014-08-29,0.021641486320947312,0.078988240533096193,0.078988240533096193,166,False,-0.057346754212148882,pgr-return:2014-02,
2014-03-31,cash_dividend_12m,PGR,12,2015-03-31,2015-03-31,0.68620000000000003,1,0.50580590062111797,161,False,-0.31379999999999997,cash:2014-03,
2014-03-31,bvps_growth_12m,PGR,12,2015-02-27,2015-03-18,0.12873134328358193,0.073151569735296115,0.073151569735296115,103,False,0.055579773548285819,bvps:2015-02,
2014-03-31,pgr_drip_return_6m,PGR,6,2014-09-30,2014-09-30,0.061718098415346034,0.07799512648721435,0.07799512648721435,167,False,-0.016277028071868316,pgr-return:2014-03,
2014-04-30,cash_dividend_12m,PGR,12,2015-04-30,2015-04-30,0.68620000000000003,1,0.50885648148148144,162,False,-0.31379999999999997,cash:2014-04,
2014-04-30,bvps_growth_12m,PGR,12,2015-03-31,2015-04-15,0.12891344383057102,0.072693340706189574,0.072693340706189574,104,False,0.056220103124381443,bvps:2015-03,
2014-04-30,pgr_drip_return_6m,PGR,6,2014-10-31,2014-10-31,0.1101303068516184,0.0771481337556367,0.0771481337556367,168,False,0.032982173095981698,pgr-return:2014-04,
2014-05-30,cash_dividend_12m,PGR,12,2015-05-29,2015-05-29,0.68620000000000003,1,0.51186963190184043,163,False,-0.31379999999999997,cash:2014-05,
2014-05-30,bvps_growth_12m,PGR,12,2015-04-30,2015-05-21,0.12309074573225498,0.072246798905301127,0.072246798905301127,105,False,0.050843946826953854,bvps:2015-04,
2014-05-30,pgr_drip_return_6m,PGR,6,2014-11-28,2014-11-28,0.088294047143427701,0.076291072848456126,0.076291072848456126,169,False,0.012002974294971575,pgr-return:2014-05,
2014-06-30,cash_dividend_12m,PGR,12,2015-06-30,2015-06-30,0.68620000000000003,1,0.51484603658536576,164,False,-0.31379999999999997,cash:2014-06,
2014-06-30,bvps_growth_12m,PGR,12,2015-05-29,2015-06-17,0.10720562390158173,0.071908903373132688,0.071908903373132688,106,False,0.035296720528449038,bvps:2015-05,
2014-06-30,pgr_drip_return_6m,PGR,6,2014-12-31,2014-12-31,0.069279493269992054,0.075670318169973119,0.075670318169973119,170,False,-0.0063908248999810652,pgr-return:2014-06,
2014-07-31,cash_dividend_12m,PGR,12,2015-07-31,2015-07-31,0.68620000000000003,1,0.51778636363636354,165,False,-0.31379999999999997,cash:2014-07,
2014-07-31,bvps_growth_12m,PGR,12,2015-06-30,2015-07-17,0.094076655052264702,0.071761322549923859,0.071761322549923859,107,False,0.022315332502340843,bvps:2015-06,
2014-07-31,pgr_drip_return_6m,PGR,6,2015-01-30,2015-01-30,0.072757337742868966,0.075466853133317677,0.075466853133317677,171,False,-0.0027095153904487107,pgr-return:2014-07,
2014-08-29,cash_dividend_12m,PGR,12,2015-08-31,2015-08-31,0.68620000000000003,1,0.52069126506024088,166,False,-0.31379999999999997,cash:2014-08,
2014-08-29,bvps_growth_12m,PGR,12,2015-07-31,2015-08-19,0.11024305555555558,0.071404123790223095,0.071404123790223095,108,False,0.038838931765332485,bvps:2015-07,
2014-08-29,pgr_drip_return_6m,PGR,6,2015-02-27,2015-02-27,0.093313757471864545,0.07515391495417599,0.07515391495417599,172,False,0.018159842517688554,pgr-return:2014-08,
2014-09-30,cash_dividend_12m,PGR,12,2015-09-30,2015-09-30,0.68620000000000003,1,0.523561377245509,167,False,-0.31379999999999997,cash:2014-09,
2014-09-30,bvps_growth_12m,PGR,12,2015-08-31,2015-09-17,0.078164825828377138,0.071329168211165916,0.071329168211165916,109,False,0.0068356576172112216,bvps:2015-08,
2014-09-30,pgr_drip_return_6m,PGR,6,2015-03-31,2015-03-31,0.089739144254389558,0.075076251274760794,0.075076251274760794,173,False,0.014662892979628764,pgr-return:2014-09,
2014-10-31,cash_dividend_12m,PGR,12,2015-10-30,2015-10-30,0.68620000000000003,1,0.52639732142857143,168,False,-0.31379999999999997,cash:2014-10,
2014-10-31,bvps_growth_12m,PGR,12,2015-09-30,2015-10-16,0.084112149532710401,0.071042108956306943,0.071042108956306943,110,False,0.013070040576403458,bvps:2015-09,
2014-10-31,pgr_drip_return_6m,PGR,6,2015-04-30,2015-04-30,0.043932725313512444,0.075277711364282962,0.075277711364282962,174,False,-0.031344986050770518,pgr-return:2014-10,
2014-11-28,cash_dividend_12m,PGR,12,2015-11-30,2015-11-30,0.68620000000000003,1,0.52919970414201178,169,False,-0.31379999999999997,cash:2014-11,
2014-11-28,bvps_growth_12m,PGR,12,2015-10-30,2015-11-18,0.095753538717735287,0.070656625313975652,0.070656625313975652,111,False,0.025096913403759635,bvps:2015-10,
2014-11-28,pgr_drip_return_6m,PGR,6,2015-05-29,2015-05-29,0.0302113066186811,0.075352090425878079,0.075352090425878079,175,False,-0.04514078380719698,pgr-return:2014-11,
2014-12-31,cash_dividend_12m,PGR,12,2015-12-31,2015-12-31,0.68620000000000003,1,0.53196911764705879,170,False,-0.31379999999999997,cash:2014-12,
2014-12-31,bvps_growth_12m,PGR,12,2015-11-30,2015-12-16,0.087633087633087525,0.07029701032756018,0.07029701032756018,112,False,0.017336077305527345,bvps:2015-11,
2014-12-31,pgr_drip_return_6m,PGR,6,2015-06-30,2015-06-30,0.076226223214266531,0.0753175870329469,0.0753175870329469,176,False,0.00090863618131963031,pgr-return:2014-12,
2015-01-30,cash_dividend_12m,PGR,12,2016-01-29,2016-01-29,0.68620000000000003,0,0.52885818713450294,171,False,0.68620000000000003,cash:2015-01,
2015-01-30,bvps_growth_12m,PGR,12,2015-12-31,2016-01-27,0.059372349448685524,0.070867346050895799,0.070867346050895799,113,False,-0.011494996602210275,bvps:2015-12,
2015-01-30,pgr_drip_return_6m,PGR,6,2015-07-31,2015-07-31,0.20641681609438622,0.075303122347692236,0.075303122347692236,177,False,0.13111369374669399,pgr-return:2015-01,
2015-02-27,cash_dividend_12m,PGR,12,2016-02-29,2016-02-29,0.88819999999999999,0.68620000000000003,0.52977296511627903,172,False,0.20199999999999996,cash:2015-02,
2015-02-27,bvps_growth_12m,PGR,12,2016-01-29,2016-02-17,0.05382674516400332,0.071397487931648532,0.071397487931648532,114,False,-0.017570742767645212,bvps:2016-01,
2015-02-27,pgr_drip_return_6m,PGR,6,2015-08-31,2015-08-31,0.12757973733583494,0.075404305691086457,0.075404305691086457,178,False,0.052175431644748485,pgr-return:2015-02,
2015-03-31,cash_dividend_12m,PGR,12,2016-03-31,2016-03-31,0.88819999999999999,0.68620000000000003,0.53067716763005779,173,False,0.20199999999999996,cash:2015-03,
2015-03-31,bvps_growth_12m,PGR,12,2016-02-29,2016-03-16,0.03966942148760344,0.07189604319557838,0.07189604319557838,115,False,-0.03222662170797494,bvps:2016-02,
2015-03-31,pgr_drip_return_6m,PGR,6,2015-09-30,2015-09-30,0.13466518682944884,0.075484388588088147,0.075484388588088147,179,False,0.059180798241360688,pgr-return:2015-03,
2015-04-30,cash_dividend_12m,PGR,12,2016-04-29,2016-04-29,0.88819999999999999,0.68620000000000003,0.53157097701149425,174,False,0.20199999999999996,cash:2015-04,
2015-04-30,bvps_growth_12m,PGR,12,2016-03-31,2016-04-14,0.057911908646003374,0.072387572511397283,0.072387572511397283,116,False,-0.014475663865393909,bvps:2016-03,
2015-04-30,pgr_drip_return_6m,PGR,6,2015-10-30,2015-10-30,0.23343261355174993,0.075309101569896064,0.075309101569896064,180,False,0.15812351198185387,pgr-return:2015-04,
2015-05-29,cash_dividend_12m,PGR,12,2016-05-31,2016-05-31,0.88819999999999999,0.68620000000000003,0.53245457142857133,175,False,0.20199999999999996,cash:2015-05,
2015-05-29,bvps_growth_12m,PGR,12,2016-04-29,2016-05-18,0.051200000000000134,0.072820932966276425,0.072820932966276425,117,False,-0.021620932966276291,bvps:2016-04,
2015-05-29,pgr_drip_return_6m,PGR,6,2015-11-30,2015-11-30,0.13825896122896864,0.075059942481767797,0.075059942481767797,181,False,0.063199018747200839,pgr-return:2015-05,
2015-06-30,cash_dividend_12m,PGR,12,2016-06-30,2016-06-30,0.88819999999999999,0.68620000000000003,0.53332812499999993,176,False,0.20199999999999996,cash:2015-06,
2015-06-30,bvps_growth_12m,PGR,12,2016-05-31,2016-06-15,0.053174603174603208,0.073112328652168837,0.073112328652168837,118,False,-0.019937725477565629,bvps:2016-05,
2015-06-30,pgr_drip_return_6m,PGR,6,2015-12-31,2015-12-31,0.12288135593220351,0.075066350617660649,0.075066350617660649,182,False,0.047815005314542858,pgr-return:2015-06,
2015-07-31,cash_dividend_12m,PGR,12,2016-07-29,2016-07-29,0.88819999999999999,0.68620000000000003,0.53419180790960452,177,False,0.20199999999999996,cash:2015-07,
2015-07-31,bvps_growth_12m,PGR,12,2016-06-30,2016-07-14,0.072452229299363013,0.073288499462253673,0.073288499462253673,119,False,-0.00083627016289065936,bvps:2016-06,
2015-07-31,pgr_drip_return_6m,PGR,6,2016-01-29,2016-01-29,0.024590163934426146,0.075784112724090844,0.075784112724090844,183,False,-0.051193948789664698,pgr-return:2015-07,
2015-08-31,cash_dividend_12m,PGR,12,2016-08-31,2016-08-31,0.88819999999999999,0.68620000000000003,0.53504578651685386,178,False,0.20199999999999996,cash:2015-08,
2015-08-31,bvps_growth_12m,PGR,12,2016-07-29,2016-08-17,0.075840500390930377,0.073596454096364533,0.073596454096364533,120,False,0.0022440462945658435,bvps:2016-07,
2015-08-31,pgr_drip_return_6m,PGR,6,2016-02-29,2016-02-29,0.098923236738768461,0.076065610683937288,0.076065610683937288,184,False,0.022857626054831173,pgr-return:2015-08,
2015-09-30,cash_dividend_12m,PGR,12,2016-09-30,2016-09-30,0.88819999999999999,0.68620000000000003,0.5358902234636872,179,False,0.20199999999999996,cash:2015-09,
2015-09-30,bvps_growth_12m,PGR,12,2016-08-31,2016-09-15,0.08983451536643039,0.073634209234645628,0.073634209234645628,121,False,0.016200306131784761,bvps:2016-08,
2015-09-30,pgr_drip_return_6m,PGR,6,2016-03-31,2016-03-31,0.16724433465927624,0.076382365149588696,0.076382365149588696,185,False,0.090861969509687543,pgr-return:2015-09,
2015-10-30,cash_dividend_12m,PGR,12,2016-10-31,2016-10-31,0.88819999999999999,0.68620000000000003,0.53672527777777768,180,False,0.20199999999999996,cash:2015-10,
2015-10-30,bvps_growth_12m,PGR,12,2016-09-30,2016-10-13,0.092476489028213038,0.073720093991187147,0.073720093991187147,122,False,0.018756395037025891,bvps:2016-09,
2015-10-30,pgr_drip_return_6m,PGR,6,2016-04-29,2016-04-29,0.011970124962269679,0.077226721323793865,0.077226721323793865,186,False,-0.065256596361524186,pgr-return:2015-10,
2015-11-30,cash_dividend_12m,PGR,12,2016-11-30,2016-11-30,0.88819999999999999,0.68620000000000003,0.53755110497237568,181,False,0.20199999999999996,cash:2015-11,
2015-11-30,bvps_growth_12m,PGR,12,2016-10-31,2016-11-16,0.058510638297872397,0.073899227688150965,0.073899227688150965,123,False,-0.015388589390278568,bvps:2016-10,
2015-11-30,pgr_drip_return_6m,PGR,6,2016-05-31,2016-05-31,0.098812493573264604,0.077553096938260041,0.077553096938260041,187,False,0.021259396635004563,pgr-return:2015-11,
2015-12-31,cash_dividend_12m,PGR,12,2016-12-30,2016-12-30,0.88819999999999999,0.68620000000000003,0.53836785714285706,182,False,0.20199999999999996,cash:2015-12,
2015-12-31,bvps_growth_12m,PGR,12,2016-11-30,2016-12-14,0.057981927710843539,0.074009984623190764,0.074009984623190764,124,False,-0.016028056912347224,bvps:2016-11,
2015-12-31,pgr_drip_return_6m,PGR,6,2016-06-30,2016-06-30,0.024541560754716807,0.077794204698866123,0.077794204698866123,188,False,-0.053252643944149317,pgr-return:2015-12,
2016-01-29,cash_dividend_12m,PGR,12,2017-01-31,2017-01-31,0.88819999999999999,0.68620000000000003,0.53917568306010932,183,False,0.20199999999999996,cash:2016-01,
2016-01-29,bvps_growth_12m,PGR,12,2016-12-30,2017-01-25,0.098478783026421102,0.073892883541794713,0.073892883541794713,125,False,0.024585899484626389,bvps:2016-12,
2016-01-29,pgr_drip_return_6m,PGR,6,2016-07-29,2016-07-29,0.069888391167999941,0.07751270183767861,0.07751270183767861,189,False,-0.0076243106696786689,pgr-return:2016-01,
2016-02-29,cash_dividend_12m,PGR,12,2017-02-28,2017-02-28,0.68079999999999996,0.88819999999999999,0.54107255434782597,184,False,-0.20740000000000003,cash:2016-02,
2016-02-29,bvps_growth_12m,PGR,12,2017-01-31,2017-02-15,0.12529928172386273,0.073733628475304319,0.073733628475304319,126,False,0.051565653248558413,bvps:2017-01,
2016-02-29,pgr_drip_return_6m,PGR,6,2016-08-31,2016-08-31,0.0040485829959515662,0.07762538886347381,0.07762538886347381,190,False,-0.073576805867522244,pgr-return:2016-02,
2016-03-31,cash_dividend_12m,PGR,12,2017-03-31,2017-03-31,0.68079999999999996,0.88819999999999999,0.54294891891891894,185,False,-0.20740000000000003,cash:2016-03,
2016-03-31,bvps_growth_12m,PGR,12,2017-02-28,2017-03-17,0.15182829888712246,0.073465406373038958,0.073465406373038958,127,False,0.078362892514083501,bvps:2017-02,
2016-03-31,pgr_drip_return_6m,PGR,6,2016-09-30,2016-09-30,-0.095087618500431015,0.078094598003765975,0.078094598003765975,191,False,-0.17318221650419699,pgr-return:2016-03,
2016-04-29,cash_dividend_12m,PGR,12,2017-04-28,2017-04-28,0.68079999999999996,0.88819999999999999,0.5448051075268816,186,False,-0.20740000000000003,cash:2016-04,
2016-04-29,bvps_growth_12m,PGR,12,2017-03-31,2017-04-18,0.13107170393215095,0.073343894672046481,0.073343894672046481,128,False,0.057727809260104471,bvps:2017-03,
2016-04-29,pgr_drip_return_6m,PGR,6,2016-10-31,2016-10-31,-0.034969325153374253,0.07775019970667485,0.07775019970667485,192,False,-0.1127195248600491,pgr-return:2016-04,
2016-05-31,cash_dividend_12m,PGR,12,2017-05-31,2017-05-31,0.68079999999999996,0.88819999999999999,0.54664144385026736,187,False,-0.20740000000000003,cash:2016-05,
2016-05-31,bvps_growth_12m,PGR,12,2017-04-28,2017-05-17,0.14992389649923887,0.073172236573813568,0.073172236573813568,129,False,0.076751659925425306,bvps:2017-04,
2016-05-31,pgr_drip_return_6m,PGR,6,2016-11-30,2016-11-30,0.0060150375939851397,0.077859330762978421,0.077859330762978421,193,False,-0.071844293168993281,pgr-return:2016-05,
2016-06-30,cash_dividend_12m,PGR,12,2017-06-30,2017-06-30,0.68079999999999996,0.88819999999999999,0.54845824468085091,188,False,-0.20740000000000003,cash:2016-06,
2016-06-30,bvps_growth_12m,PGR,12,2017-05-31,2017-06-14,0.15674453654860598,0.073018408624588874,0.073018408624588874,130,False,0.08372612792401711,bvps:2017-05,
2016-06-30,pgr_drip_return_6m,PGR,6,2016-12-30,2016-12-30,0.12058080808080818,0.077584496896956456,0.077584496896956456,194,False,0.042996311183851721,pgr-return:2016-06,
2016-07-29,cash_dividend_12m,PGR,12,2017-07-31,2017-07-31,0.68079999999999996,0.88819999999999999,0.55025582010582008,189,False,-0.20740000000000003,cash:2016-07,
2016-07-29,bvps_growth_12m,PGR,12,2017-06-30,2017-07-18,0.1492204899777283,0.073014086645006998,0.073014086645006998,131,False,0.076206403332721301,bvps:2017-06,
2016-07-29,pgr_drip_return_6m,PGR,6,2017-01-31,2017-01-31,0.16887111657951404,0.077545029688090017,0.077545029688090017,195,False,0.091326086891424019,pgr-return:2016-07,
2016-08-31,cash_dividend_12m,PGR,12,2017-08-31,2017-08-31,0.68079999999999996,0.88819999999999999,0.55203447368421033,190,False,-0.20740000000000003,cash:2016-08,
2016-08-31,bvps_growth_12m,PGR,12,2017-07-31,2017-08-16,0.15406976744186052,0.073035498870354904,0.073035498870354904,132,False,0.081034268571505613,bvps:2017-07,
2016-08-31,pgr_drip_return_6m,PGR,6,2017-02-28,2017-02-28,0.23292839885072447,0.077170047817211748,0.077170047817211748,196,False,0.15575835103351271,pgr-return:2016-08,
2016-09-30,cash_dividend_12m,PGR,12,2017-09-29,2017-09-29,0.68079999999999996,0.88819999999999999,0.55379450261780094,191,False,-0.20740000000000003,cash:2016-09,
2016-09-30,bvps_growth_12m,PGR,12,2017-08-31,2017-09-19,0.14967462039045554,0.073161807265062231,0.073161807265062231,133,False,0.076512813125393306,bvps:2017-08,
2016-09-30,pgr_drip_return_6m,PGR,6,2017-03-31,2017-03-31,0.26609335338345841,0.076295643419660261,0.076295643419660261,197,False,0.18979770996379813,pgr-return:2016-09,
2016-10-31,cash_dividend_12m,PGR,12,2017-10-31,2017-10-31,0.68079999999999996,0.88819999999999999,0.55553619791666675,192,False,-0.20740000000000003,cash:2016-10,
2016-10-31,bvps_growth_12m,PGR,12,2017-09-29,2017-10-17,0.14562410329985664,0.073305946681205145,0.073305946681205145,134,False,0.0723181566186515,bvps:2017-09,
2016-10-31,pgr_drip_return_6m,PGR,6,2017-04-28,2017-04-28,0.28517530698966098,0.075733699133937862,0.075733699133937862,198,False,0.20944160785572313,pgr-return:2016-10,
2016-11-30,cash_dividend_12m,PGR,12,2017-11-30,2017-11-30,0.68079999999999996,0.88819999999999999,0.55725984455958555,193,False,-0.20740000000000003,cash:2016-11,
2016-11-30,bvps_growth_12m,PGR,12,2017-10-31,2017-11-15,0.17085427135678377,0.073196351804291584,0.073196351804291584,135,False,0.097657919552492187,bvps:2017-10,
2016-11-30,pgr_drip_return_6m,PGR,6,2017-05-31,2017-05-31,0.28722983242860489,0.075383354101073788,0.075383354101073788,199,False,0.21184647832753112,pgr-return:2016-11,
2016-12-30,cash_dividend_12m,PGR,12,2017-12-29,2017-12-29,0.68079999999999996,0.88819999999999999,0.55896572164948455,194,False,-0.20740000000000003,cash:2016-12,
2016-12-30,bvps_growth_12m,PGR,12,2017-11-30,2017-12-13,0.18149466192170816,0.073084481038898572,0.073084481038898572,136,False,0.10841018088280958,bvps:2017-11,
2016-12-30,pgr_drip_return_6m,PGR,6,2017-06-30,2017-06-30,0.26422273684210529,0.075609341370972458,0.075609341370972458,200,False,0.18861339547113282,pgr-return:2016-12,
2017-01-31,cash_dividend_12m,PGR,12,2018-01-31,2018-01-31,0.68079999999999996,0.88819999999999999,0.56065410256410253,195,False,-0.20740000000000003,cash:2017-01,
2017-01-31,bvps_growth_12m,PGR,12,2017-12-29,2018-01-24,0.16326530612244894,0.073269840907420641,0.073269840907420641,137,False,0.089995465215028297,bvps:2017-12,
2017-01-31,pgr_drip_return_6m,PGR,6,2017-07-31,2017-07-31,0.26489430470914099,0.076073330302358244,0.076073330302358244,201,False,0.18882097440678275,pgr-return:2017-01,
2017-02-28,cash_dividend_12m,PGR,12,2018-02-28,2018-02-28,1.1247,0.68079999999999996,0.56126709183673473,196,False,0.44390000000000007,cash:2017-02,
2017-02-28,bvps_growth_12m,PGR,12,2018-01-31,2018-02-14,0.16950354609929064,0.073646865840873113,0.073646865840873113,138,False,0.095856680258417523,bvps:2018-01,
2017-02-28,pgr_drip_return_6m,PGR,6,2017-08-31,2017-08-31,0.23943661971830998,0.076849840542696696,0.076849840542696696,202,False,0.16258677917561329,pgr-return:2017-02,
2017-03-31,cash_dividend_12m,PGR,12,2018-03-30,2018-03-30,1.1247,0.68079999999999996,0.56187385786802035,197,False,0.44390000000000007,cash:2017-03,
2017-03-31,bvps_growth_12m,PGR,12,2018-02-28,2018-03-14,0.14492753623188404,0.074209322193723823,0.074209322193723823,139,False,0.070718214038160213,bvps:2018-02,
2017-03-31,pgr_drip_return_6m,PGR,6,2017-09-29,2017-09-29,0.23583460949464019,0.077782074596099454,0.077782074596099454,203,False,0.15805253489854074,pgr-return:2017-03,
2017-04-28,cash_dividend_12m,PGR,12,2018-04-30,2018-04-30,1.1247,0.68079999999999996,0.56247449494949509,198,False,0.44390000000000007,cash:2017-04,
2017-04-28,bvps_growth_12m,PGR,12,2018-03-30,2018-04-17,0.15064758009543278,0.074615482063284028,0.074615482063284028,140,False,0.076032098032148748,bvps:2018-03,
2017-04-28,pgr_drip_return_6m,PGR,6,2017-10-31,2017-10-31,0.2311178247734138,0.078798708088224756,0.078798708088224756,204,False,0.15231911668518905,pgr-return:2017-04,
2017-05-31,cash_dividend_12m,PGR,12,2018-05-31,2018-05-31,1.1247,0.68079999999999996,0.56306909547738704,199,False,0.44390000000000007,cash:2017-05,
2017-05-31,bvps_growth_12m,PGR,12,2018-04-30,2018-05-16,0.13898080741230978,0.075149584293326258,0.075149584293326258,141,False,0.063831223118983524,bvps:2018-04,
2017-05-31,pgr_drip_return_6m,PGR,6,2017-11-30,2017-11-30,0.22576832151300241,0.079815445280129044,0.079815445280129044,205,False,0.14595287623287337,pgr-return:2017-05,
2017-06-30,cash_dividend_12m,PGR,12,2018-06-29,2018-06-29,1.1247,0.68079999999999996,0.56365775000000007,200,False,0.44390000000000007,cash:2017-06,
2017-06-30,bvps_growth_12m,PGR,12,2018-05-31,2018-06-13,0.15635179153094469,0.075724196633152163,0.075724196633152163,142,False,0.080627594897792532,bvps:2018-05,
2017-06-30,pgr_drip_return_6m,PGR,6,2017-12-29,2017-12-29,0.27738716262190954,0.080710626307128927,0.080710626307128927,206,False,0.1966765363147806,pgr-return:2017-06,
2017-07-31,cash_dividend_12m,PGR,12,2018-07-31,2018-07-31,1.1247,0.68079999999999996,0.56424054726368167,201,False,0.44390000000000007,cash:2017-07,
2017-07-31,bvps_growth_12m,PGR,12,2018-06-29,2018-07-17,0.1653746770025839,0.076238156726470885,0.076238156726470885,143,False,0.089136520276113018,bvps:2018-06,
2017-07-31,pgr_drip_return_6m,PGR,6,2018-01-31,2018-01-31,0.16116052520118584,0.081600402531293248,0.081600402531293248,207,False,0.079560122669892597,pgr-return:2017-07,
2017-08-31,cash_dividend_12m,PGR,12,2018-08-31,2018-08-31,1.1247,0.68079999999999996,0.56481757425742585,202,False,0.44390000000000007,cash:2017-08,
2017-08-31,bvps_growth_12m,PGR,12,2018-07-31,2018-08-15,0.17317380352644829,0.076778654023105533,0.076778654023105533,144,False,0.096395149503342756,bvps:2018-07,
2017-08-31,pgr_drip_return_6m,PGR,6,2018-02-28,2018-02-28,0.21681355331204033,0.082359230498538535,0.082359230498538535,208,False,0.13445432281350178,pgr-return:2017-08,
2017-09-29,cash_dividend_12m,PGR,12,2018-09-28,2018-09-28,1.1247,0.68079999999999996,0.56538891625615773,203,False,0.44390000000000007,cash:2017-09,
2017-09-29,bvps_growth_12m,PGR,12,2018-08-31,2018-09-13,0.20566037735849063,0.077281384825638982,0.077281384825638982,145,False,0.12837899253285165,bvps:2018-08,
2017-09-29,pgr_drip_return_6m,PGR,6,2018-03-30,2018-03-30,0.28417650161668995,0.083093562455457667,0.083093562455457667,209,False,0.20108293916123227,pgr-return:2017-09,
2017-10-31,cash_dividend_12m,PGR,12,2018-10-31,2018-10-31,1.1247,0.68079999999999996,0.56595465686274526,204,False,0.44390000000000007,cash:2017-10,
2017-10-31,bvps_growth_12m,PGR,12,2018-09-28,2018-10-16,0.22041327489041929,0.077749485637106222,0.077749485637106222,146,False,0.14266378925331308,bvps:2018-09,
2017-10-31,pgr_drip_return_6m,PGR,6,2018-04-30,2018-04-30,0.27261455691080094,0.083798439895066981,0.083798439895066981,210,False,0.18881611701573398,pgr-return:2017-10,
2017-11-30,cash_dividend_12m,PGR,12,2018-11-30,2018-11-30,1.1247,0.68079999999999996,0.56651487804878065,205,False,0.44390000000000007,cash:2017-11,
2017-11-30,bvps_growth_12m,PGR,12,2018-10-31,2018-11-14,0.18700183936235448,0.078382851526355726,0.078382851526355726,147,False,0.10861898783599876,bvps:2018-10,
2017-11-30,pgr_drip_return_6m,PGR,6,2018-05-31,2018-05-31,0.22717365378145216,0.084471282935910275,0.084471282935910275,211,False,0.14270237084554188,pgr-return:2017-11,
2017-12-29,cash_dividend_12m,PGR,12,2018-12-31,2018-12-31,1.1247,0.68079999999999996,0.56706966019417493,206,False,0.44390000000000007,cash:2017-12,
2017-12-29,bvps_growth_12m,PGR,12,2018-11-30,2018-12-12,0.19759036144578301,0.079079552947945955,0.079079552947945955,148,False,0.11851080849783706,bvps:2018-11,
2017-12-29,pgr_drip_return_6m,PGR,6,2018-06-29,2018-06-29,0.071791796350392678,0.085381263500466889,0.085381263500466889,212,False,-0.013589467150074211,pgr-return:2017-12,
2018-01-31,cash_dividend_12m,PGR,12,2019-01-31,2019-01-31,1.1247,0.68079999999999996,0.56761908212560408,207,False,0.44390000000000007,cash:2018-01,
2018-01-31,bvps_growth_12m,PGR,12,2018-12-31,2019-01-23,0.10964912280701755,0.079644558002808383,0.079644558002808383,149,False,0.030004564804209169,bvps:2018-12,
2018-01-31,pgr_drip_return_6m,PGR,6,2018-07-31,2018-07-31,0.11431849289676843,0.085737034682160401,0.085737034682160401,213,False,0.02858145821460803,pgr-return:2018-01,
2018-02-28,cash_dividend_12m,PGR,12,2019-02-28,2019-02-28,2.5139999999999998,1.1247,0.5702973557692308,208,False,1.3892999999999998,cash:2018-02,
2018-02-28,bvps_growth_12m,PGR,12,2019-01-31,2019-02-13,0.14129775621588858,0.08024361792345161,0.08024361792345161,150,False,0.061054138292436971,bvps:2019-01,
2018-02-28,pgr_drip_return_6m,PGR,6,2018-08-31,2018-08-31,0.17016115058048875,0.086349541778561717,0.086349541778561717,214,False,0.083811608801927034,pgr-return:2018-02,
2018-03-30,cash_dividend_12m,PGR,12,2019-03-29,2019-03-29,2.5139999999999998,1.1247,0.57295000000000007,209,False,1.3892999999999998,cash:2018-03,
2018-03-30,bvps_growth_12m,PGR,12,2019-02-28,2019-03-13,0.1597347799879445,0.080671988243375001,0.080671988243375001,151,False,0.079062791744569497,bvps:2019-02,
2018-03-30,pgr_drip_return_6m,PGR,6,2018-09-28,2018-09-28,0.16592811422944376,0.08726966717315765,0.08726966717315765,215,False,0.078658447056286107,pgr-return:2018-03,
2018-04-30,cash_dividend_12m,PGR,12,2019-04-30,2019-04-30,2.6139999999999999,1.1247,0.57557738095238109,210,False,1.4892999999999998,cash:2018-04,
2018-04-30,bvps_growth_12m,PGR,12,2019-03-29,2019-04-16,0.17831753554502372,0.081132353979243801,0.081132353979243801,152,False,0.097185181565779918,bvps:2019-03,
2018-04-30,pgr_drip_return_6m,PGR,6,2018-10-31,2018-10-31,0.11692358150213189,0.088127745366387469,0.088127745366387469,216,False,0.028795836135744421,pgr-return:2018-04,
2018-05-31,cash_dividend_12m,PGR,12,2019-05-31,2019-05-31,2.6139999999999999,1.1247,0.57817985781990533,211,False,1.4892999999999998,cash:2018-05,
2018-05-31,bvps_growth_12m,PGR,12,2019-04-30,2019-05-15,0.20511330621731538,0.081510448446126593,0.081510448446126593,153,False,0.12360285777118879,bvps:2019-04,
2018-05-31,pgr_drip_return_6m,PGR,6,2018-11-30,2018-11-30,0.063191659983961479,0.088768509921295632,0.088768509921295632,217,False,-0.025576849937334153,pgr-return:2018-05,
2018-06-29,cash_dividend_12m,PGR,12,2019-06-28,2019-06-28,2.6139999999999999,1.1247,0.58075778301886805,212,False,1.4892999999999998,cash:2018-06,
2018-06-29,bvps_growth_12m,PGR,12,2019-05-31,2019-06-12,0.1876056338028167,0.081996431193430599,0.081996431193430599,154,False,0.1056092026093861,bvps:2019-05,
2018-06-29,pgr_drip_return_6m,PGR,6,2018-12-31,2018-12-31,0.0084530853761624059,0.088690635088401568,0.088690635088401568,218,False,-0.080237549712239162,pgr-return:2018-06,
2018-07-31,cash_dividend_12m,PGR,12,2019-07-31,2019-07-31,2.714,1.1247,0.58331150234741802,213,False,1.5892999999999999,cash:2018-07,
2018-07-31,bvps_growth_12m,PGR,12,2019-06-28,2019-07-17,0.21840354767184045,0.082534355359941261,0.082534355359941261,155,False,0.1358691923118992,bvps:2019-06,
2018-07-31,pgr_drip_return_6m,PGR,6,2019-01-31,2019-01-31,0.090696509103056711,0.088807657270174936,0.088807657270174936,219,False,0.0018888518328817744,pgr-return:2018-07,
2018-08-31,cash_dividend_12m,PGR,12,2019-08-30,2019-08-30,2.714,1.1247,0.58584135514018709,214,False,1.5892999999999999,cash:2018-08,
2018-08-31,bvps_growth_12m,PGR,12,2019-07-31,2019-08-14,0.2061191626409018,0.083115377463572712,0.083115377463572712,156,False,0.12300378517732909,bvps:2019-07,
2018-08-31,pgr_drip_return_6m,PGR,6,2019-02-28,2019-02-28,0.11107947970439347,0.089177445876130898,0.089177445876130898,220,False,0.021902033828262571,pgr-return:2018-08,
2018-09-28,cash_dividend_12m,PGR,12,2019-09-30,2019-09-30,2.714,1.1247,0.5883476744186048,215,False,1.5892999999999999,cash:2018-09,
2018-09-28,bvps_growth_12m,PGR,12,2019-08-30,2019-09-13,0.20239958268127278,0.083895918864177285,0.083895918864177285,157,False,0.1185036638170955,bvps:2019-08,
2018-09-28,pgr_drip_return_6m,PGR,6,2019-03-29,2019-03-29,0.053551802657520797,0.089524733968227327,0.089524733968227327,221,False,-0.03597293131070653,pgr-return:2018-09,
2018-10-31,cash_dividend_12m,PGR,12,2019-10-31,2019-10-31,2.8140000000000001,1.1247,0.59083078703703706,216,False,1.6893,cash:2018-10,
2018-10-31,bvps_growth_12m,PGR,12,2019-09-30,2019-10-16,0.19599794766546941,0.084759952763077559,0.084759952763077559,158,False,0.11123799490239185,bvps:2019-09,
2018-10-31,pgr_drip_return_6m,PGR,6,2019-04-30,2019-04-30,0.16298183490545193,0.089648152200362055,0.089648152200362055,222,False,0.073333682705089873,pgr-return:2018-10,
2018-11-30,cash_dividend_12m,PGR,12,2019-11-29,2019-11-29,2.8140000000000001,1.1247,0.59329101382488492,217,False,1.6893,cash:2018-11,
2018-11-30,bvps_growth_12m,PGR,12,2019-10-31,2019-11-13,0.23295454545454564,0.085402983496406334,0.085402983496406334,159,False,0.14755156195813929,bvps:2019-10,
2018-11-30,pgr_drip_return_6m,PGR,6,2019-05-31,2019-05-31,0.24337308059228646,0.089529513221813142,0.089529513221813142,223,False,0.15384356737047333,pgr-return:2018-11,
2018-12-31,cash_dividend_12m,PGR,12,2019-12-31,2019-12-31,2.8140000000000001,1.1247,0.59572866972477068,218,False,1.6893,cash:2018-12,
2018-12-31,bvps_growth_12m,PGR,12,2019-11-29,2019-12-11,0.21931589537223339,0.086104154608589945,0.086104154608589945,160,False,0.13321174076364345,bvps:2019-11,
2018-12-31,pgr_drip_return_6m,PGR,6,2019-06-28,2019-06-28,0.39310933711262708,0.089167564883216505,0.089167564883216505,224,False,0.30394177222941055,pgr-return:2018-12,
2019-01-31,cash_dividend_12m,PGR,12,2020-01-31,2020-01-31,5.1639999999999997,1.1247,0.59814406392694075,219,False,4.0392999999999999,cash:2019-01,
2019-01-31,bvps_growth_12m,PGR,12,2019-12-31,2020-01-29,0.27272727272727271,0.086250396647089486,0.086250396647089486,161,False,0.18647687608018321,bvps:2019-12,
2019-01-31,pgr_drip_return_6m,PGR,6,2019-07-31,2019-07-31,0.3023799966850782,0.089174360190860238,0.089174360190860238,225,False,0.21320563649421798,pgr-return:2019-01,
2019-02-28,cash_dividend_12m,PGR,12,2020-02-28,2020-02-28,2.6500000000000004,2.5139999999999998,0.60685250000000013,220,False,0.13600000000000056,cash:2019-02,
2019-02-28,bvps_growth_12m,PGR,12,2020-01-31,2020-02-19,0.24548352816153041,0.08659019516294629,0.08659019516294629,162,False,0.1588933329985841,bvps:2020-01,
2019-02-28,pgr_drip_return_6m,PGR,6,2019-08-30,2019-08-30,0.051613544648385412,0.089271285498442252,0.089271285498442252,226,False,-0.037657740850056839,pgr-return:2019-02,
2019-03-29,cash_dividend_12m,PGR,12,2020-03-31,2020-03-31,2.6500000000000004,2.5139999999999998,0.61548212669683267,221,False,0.13600000000000056,cash:2019-03,
2019-03-29,bvps_growth_12m,PGR,12,2020-02-28,2020-03-17,0.23960498960498988,0.087038934947148719,0.087038934947148719,163,False,0.15256605465784118,bvps:2020-02,
2019-03-29,pgr_drip_return_6m,PGR,6,2019-09-30,2019-09-30,0.07231991749741562,0.089113930948482231,0.089113930948482231,227,False,-0.016794013451066611,pgr-return:2019-03,
2019-04-30,cash_dividend_12m,PGR,12,2020-04-30,2020-04-30,2.6500000000000004,2.6139999999999999,0.62448445945945952,222,False,0.036000000000000476,cash:2019-04,
2019-04-30,bvps_growth_12m,PGR,12,2020-03-31,2020-04-15,0.19054801407742583,0.087595511780062585,0.087595511780062585,164,False,0.10295250229736325,bvps:2020-03,
2019-04-30,pgr_drip_return_6m,PGR,6,2019-10-31,2019-10-31,-0.088109585991447581,0.089437912983381218,0.089437912983381218,228,False,-0.1775474989748288,pgr-return:2019-04,
2019-05-31,cash_dividend_12m,PGR,12,2020-05-29,2020-05-29,2.6500000000000004,2.6139999999999999,0.63340605381165926,223,False,0.036000000000000476,cash:2019-05,
2019-05-31,bvps_growth_12m,PGR,12,2020-04-30,2020-05-20,0.24108003857280624,0.088307740837258064,0.088307740837258064,165,False,0.15277229773554818,bvps:2020-04,
2019-05-31,pgr_drip_return_6m,PGR,6,2019-11-29,2019-11-29,-0.076229757664960096,0.090110118955472523,0.090110118955472523,229,False,-0.16633987662043262,pgr-return:2019-05,
2019-06-28,cash_dividend_12m,PGR,12,2020-06-30,2020-06-30,2.6500000000000004,2.6139999999999999,0.6422479910714286,224,False,0.036000000000000476,cash:2019-06,
2019-06-28,bvps_growth_12m,PGR,12,2020-05-29,2020-06-17,0.26185958254269459,0.088905920915363826,0.088905920915363826,166,False,0.17295366162733078,bvps:2020-05,
2019-06-28,pgr_drip_return_6m,PGR,6,2019-12-31,2019-12-31,-0.095030564096590942,0.091427506860503632,0.091427506860503632,230,False,-0.18645807095709457,pgr-return:2019-06,
2019-07-31,cash_dividend_12m,PGR,12,2020-07-31,2020-07-31,2.6500000000000004,2.714,0.65145577777777774,225,False,-0.063999999999999613,cash:2019-07,
2019-07-31,bvps_growth_12m,PGR,12,2020-06-30,2020-07-15,0.2570518653321201,0.089681355806121174,0.089681355806121174,167,False,0.16737050952599891,bvps:2020-06,
2019-07-31,pgr_drip_return_6m,PGR,6,2020-01-31,2020-01-31,0.020191748548724187,0.092340721102168441,0.092340721102168441,231,False,-0.072148972553444254,pgr-return:2019-07,
2019-08-30,cash_dividend_12m,PGR,12,2020-08-31,2020-08-31,2.6500000000000004,2.714,0.66058207964601767,226,False,-0.063999999999999613,cash:2019-08,
2019-08-30,bvps_growth_12m,PGR,12,2020-07-31,2020-08-19,0.29817534490431696,0.090374437989661535,0.090374437989661535,168,False,0.20780090691465541,bvps:2020-07,
2019-08-30,pgr_drip_return_6m,PGR,6,2020-02-28,2020-02-28,-0.0030149665506256085,0.092165172927798689,0.092165172927798689,232,False,-0.095180139478424297,pgr-return:2019-08,
2019-09-30,cash_dividend_12m,PGR,12,2020-09-30,2020-09-30,2.6500000000000004,2.714,0.66962797356828196,227,False,-0.063999999999999613,cash:2019-09,
2019-09-30,bvps_growth_12m,PGR,12,2020-08-31,2020-09-17,0.29110629067245131,0.091037308668310127,0.091037308668310127,169,False,0.20006898200414119,bvps:2020-08,
2019-09-30,pgr_drip_return_6m,PGR,6,2020-03-31,2020-03-31,-0.014734229353228989,0.0920800001577112,0.0920800001577112,233,False,-0.10681422951094019,pgr-return:2019-09,
2019-10-31,cash_dividend_12m,PGR,12,2020-10-30,2020-10-30,2.6500000000000004,2.8140000000000001,0.6790331140350877,228,False,-0.1639999999999997,cash:2019-10,
2019-10-31,bvps_growth_12m,PGR,12,2020-09-30,2020-10-14,0.28871728871728886,0.091654724191822842,0.091654724191822842,170,False,0.197062564525466,bvps:2020-09,
2019-10-31,pgr_drip_return_6m,PGR,6,2020-04-30,2020-04-30,0.2352514771167411,0.091309959191261808,0.091309959191261808,234,False,0.1439415179254793,pgr-return:2019-10,
2019-11-29,cash_dividend_12m,PGR,12,2020-11-30,2020-11-30,2.6500000000000004,2.8140000000000001,0.68835611353711779,229,False,-0.1639999999999997,cash:2019-11,
2019-11-29,bvps_growth_12m,PGR,12,2020-10-30,2020-11-24,0.26518642647674895,0.092481038936049281,0.092481038936049281,171,False,0.17270538754069967,bvps:2020-10,
2019-11-29,annual_excess_to_bvps,PGR,12,2020-02-29,2020-02-29,0.094260578131545869,,,0,True,,annual-dec-feb:2020,0.10000000000000001
2019-11-29,pgr_drip_return_6m,PGR,6,2020-05-29,2020-05-29,0.098449952190076795,0.090597024225916173,0.090597024225916173,235,False,0.007852927964160622,pgr-return:2019-11,
2019-12-31,cash_dividend_12m,PGR,12,2020-12-31,2020-12-31,2.6500000000000004,2.8140000000000001,0.69759804347826082,230,False,-0.1639999999999997,cash:2019-12,
2019-12-31,bvps_growth_12m,PGR,12,2020-11-30,2020-12-18,0.30528052805280548,0.093218450892073604,0.093218450892073604,172,False,0.21206207716073189,bvps:2020-11,
2019-12-31,pgr_drip_return_6m,PGR,6,2020-06-30,2020-06-30,0.11515862079177186,0.089810466648278436,0.089810466648278436,236,False,0.025348154143493423,pgr-return:2019-12,
2020-01-31,cash_dividend_12m,PGR,12,2021-01-29,2021-01-29,4.8999999999999995,5.1639999999999997,0.71693311688311678,231,False,-0.26400000000000023,cash:2020-01,
2020-01-31,bvps_growth_12m,PGR,12,2020-12-31,2021-01-27,0.254214729370009,0.094256074139675919,0.094256074139675919,173,False,0.15995865523033309,bvps:2020-12,
2020-01-31,pgr_drip_return_6m,PGR,6,2020-07-31,2020-07-31,0.12248277299572163,0.08951671678287948,0.08951671678287948,237,False,0.032966056212842154,pgr-return:2020-01,
2020-02-28,cash_dividend_12m,PGR,12,2021-02-26,2021-02-26,4.8999999999999995,2.6500000000000004,0.72526530172413806,232,False,2.2499999999999991,cash:2020-02,
2020-02-28,bvps_growth_12m,PGR,12,2021-01-29,2021-02-17,0.23549488054607504,0.095125197438652082,0.095125197438652082,174,False,0.14036968310742295,bvps:2021-01,
2020-02-28,pgr_drip_return_6m,PGR,6,2020-08-31,2020-08-31,0.28378559716016061,0.089127928197444584,0.089127928197444584,238,False,0.19465766896271602,pgr-return:2020-02,
2020-03-31,cash_dividend_12m,PGR,12,2021-03-31,2021-03-31,4.8999999999999995,2.6500000000000004,0.7335259656652362,233,False,2.2499999999999991,cash:2020-03,
2020-03-31,bvps_growth_12m,PGR,12,2021-02-26,2021-03-17,0.22054507337526186,0.095950796251031173,0.095950796251031173,175,False,0.12459427712423068,bvps:2021-02,
2020-03-31,pgr_drip_return_6m,PGR,6,2020-09-30,2020-09-30,0.26242816423455695,0.088693358500579855,0.088693358500579855,239,False,0.17373480573397709,pgr-return:2020-03,
2020-04-30,cash_dividend_12m,PGR,12,2021-04-30,2021-04-30,4.8999999999999995,2.6500000000000004,0.74171602564102579,234,False,2.2499999999999991,cash:2020-04,
2020-04-30,bvps_growth_12m,PGR,12,2021-03-31,2021-04-15,0.25168918918918926,0.09648828044322659,0.09648828044322659,176,False,0.15520090874596265,bvps:2021-03,
2020-04-30,pgr_drip_return_6m,PGR,6,2020-10-30,2020-10-30,0.11154413621885362,0.089304017328147189,0.089304017328147189,240,False,0.022240118890706428,pgr-return:2020-04,
2020-05-29,cash_dividend_12m,PGR,12,2021-05-31,2021-05-31,4.8999999999999995,2.6500000000000004,0.74983638297872357,235,False,2.2499999999999991,cash:2020-05,
2020-05-29,bvps_growth_12m,PGR,12,2021-04-30,2021-05-19,0.1787101787101788,0.09730518303152931,0.09730518303152931,177,False,0.081404995678649492,bvps:2021-04,
2020-05-29,pgr_drip_return_6m,PGR,6,2020-11-30,2020-11-30,0.14103495114139752,0.089341967265333611,0.089341967265333611,241,False,0.051692983876063914,pgr-return:2020-05,
2020-06-30,cash_dividend_12m,PGR,12,2021-06-30,2021-06-30,4.8999999999999995,2.6500000000000004,0.75788792372881375,236,False,2.2499999999999991,cash:2020-06,
2020-06-30,bvps_growth_12m,PGR,12,2021-05-31,2021-06-16,0.16165413533834583,0.098229645950131353,0.098229645950131353,178,False,0.063424489388214475,bvps:2021-05,
2020-06-30,pgr_drip_return_6m,PGR,6,2020-12-31,2020-12-31,0.27243408260232638,0.089448647651806504,0.089448647651806504,242,False,0.18298543495051989,pgr-return:2020-06,
2020-07-31,cash_dividend_12m,PGR,12,2021-07-30,2021-07-30,4.8999999999999986,2.6500000000000004,0.76587151898734196,237,False,2.2499999999999982,cash:2020-07,
2020-07-31,bvps_growth_12m,PGR,12,2021-06-30,2021-07-15,0.12450235251538189,0.099116920918745813,0.099116920918745813,179,False,0.025385431596636074,bvps:2021-06,
2020-07-31,pgr_drip_return_6m,PGR,6,2021-01-29,2021-01-29,0.011102757477413183,0.089584590554456361,0.089584590554456361,243,False,-0.078481833077043178,pgr-return:2020-07,
2020-08-31,cash_dividend_12m,PGR,12,2021-08-31,2021-08-31,4.8999999999999986,2.6500000000000004,0.77378802521008427,238,False,2.2499999999999982,cash:2020-08,
2020-08-31,bvps_growth_12m,PGR,12,2021-07-30,2021-08-18,0.086732944806307666,0.10022280105199897,0.10022280105199897,180,False,-0.013489856245691309,bvps:2021-07,
2020-08-31,pgr_drip_return_6m,PGR,6,2021-02-26,2021-02-26,-0.038813411757946614,0.090380496319233852,0.090380496319233852,244,False,-0.12919390807718045,pgr-return:2020-08,
2020-09-30,cash_dividend_12m,PGR,12,2021-09-30,2021-09-30,4.8999999999999986,2.6500000000000004,0.78163828451882877,239,False,2.2499999999999982,cash:2020-09,
2020-09-30,bvps_growth_12m,PGR,12,2021-08-31,2021-09-17,0.05745967741935476,0.10127740596702911,0.10127740596702911,181,False,-0.043817728547674351,bvps:2021-08,
2020-09-30,pgr_drip_return_6m,PGR,6,2021-03-31,2021-03-31,0.077612699961880471,0.091082731698480066,0.091082731698480066,245,False,-0.013470031736599594,pgr-return:2020-09,
2020-10-30,cash_dividend_12m,PGR,12,2021-10-29,2021-10-29,4.8999999999999986,2.6500000000000004,0.789423125,240,False,2.2499999999999982,cash:2020-10,
2020-10-30,bvps_growth_12m,PGR,12,2021-09-30,2021-10-14,0.027962716378162389,0.10230729543268986,0.10230729543268986,182,False,-0.074344579054527474,bvps:2021-09,
2020-10-30,pgr_drip_return_6m,PGR,6,2021-04-30,2021-04-30,0.14838809172738876,0.091165908139619792,0.091165908139619792,246,False,0.057222183587768968,pgr-return:2020-10,
2020-11-30,cash_dividend_12m,PGR,12,2021-11-30,2021-11-30,4.8999999999999986,2.6500000000000004,0.7971433609958507,241,False,2.2499999999999982,cash:2020-11,
2020-11-30,bvps_growth_12m,PGR,12,2021-10-29,2021-11-17,0.030794701986754935,0.10319734532910549,0.10319734532910549,183,False,-0.072402643342350553,bvps:2021-10,
2020-11-30,annual_excess_to_bvps,PGR,12,2021-02-28,2021-02-28,0.1490066225165563,0.094260578131545869,0.094260578131545869,1,False,0.054746044385010434,annual-dec-feb:2021,0.10000000000000001
2020-11-30,pgr_drip_return_6m,PGR,6,2021-05-31,2021-05-31,0.17378516995216242,0.091367807099141149,0.091367807099141149,247,False,0.082417362853021273,pgr-return:2020-11,
2020-12-31,cash_dividend_12m,PGR,12,2021-12-31,2021-12-31,6.3999999999999986,2.6500000000000004,0.80479979338842977,242,False,3.7499999999999982,cash:2020-12,
2020-12-31,bvps_growth_12m,PGR,12,2021-11-30,2021-12-15,-0.0075853350189634128,0.10429562349608214,0.10429562349608214,184,False,-0.11188095851504555,bvps:2021-11,
2020-12-31,pgr_drip_return_6m,PGR,6,2021-06-30,2021-06-30,0.026108800965191747,0.092097913048750757,0.092097913048750757,248,False,-0.065989112083559009,pgr-return:2020-12,
2021-01-29,cash_dividend_12m,PGR,12,2022-01-31,2022-01-31,1.9000000000000001,4.8999999999999995,0.82165246913580259,243,False,-2.9999999999999991,cash:2021-01,
2021-01-29,bvps_growth_12m,PGR,12,2021-12-31,2022-01-26,0.073576229218252687,0.1051059970413466,0.1051059970413466,185,False,-0.031529767823093913,bvps:2021-12,
2021-01-29,pgr_drip_return_6m,PGR,6,2021-07-30,2021-07-30,0.093655726730513589,0.091772631299468277,0.091772631299468277,249,False,0.0018830954310453119,pgr-return:2021-01,
2021-02-26,cash_dividend_12m,PGR,12,2022-02-28,2022-02-28,1.9000000000000001,4.8999999999999995,0.83836700819672139,244,False,-2.9999999999999991,cash:2021-02,
2021-02-26,bvps_growth_12m,PGR,12,2022-01-31,2022-02-16,0.024171270718231996,0.10580701254406019,0.10580701254406019,186,False,-0.081635741825828195,bvps:2022-01,
2021-02-26,pgr_drip_return_6m,PGR,6,2021-08-31,2021-08-31,0.13659846469057335,0.091250287127238622,0.091250287127238622,250,False,0.045348177563334729,pgr-return:2021-02,
2021-03-31,cash_dividend_12m,PGR,12,2022-03-31,2022-03-31,1.9000000000000001,4.8999999999999995,0.85494510204081653,245,False,-2.9999999999999991,cash:2021-03,
2021-03-31,bvps_growth_12m,PGR,12,2022-02-28,2022-03-16,0.006526966678117585,0.10642058506187412,0.10642058506187412,187,False,-0.09989361838375653,bvps:2022-02,
2021-03-31,pgr_drip_return_6m,PGR,6,2021-09-30,2021-09-30,-0.036761849029369742,0.091195954110643573,0.091195954110643573,251,False,-0.12795780314001332,pgr-return:2021-03,
2021-04-30,cash_dividend_12m,PGR,12,2022-04-29,2022-04-29,1.9000000000000001,4.8999999999999995,0.8713884146341464,246,False,-2.9999999999999991,cash:2021-04,
2021-04-30,bvps_growth_12m,PGR,12,2022-03-31,2022-04-14,-0.044871794871794934,0.10719329040297686,0.10719329040297686,188,False,-0.15206508527477181,bvps:2022-03,
2021-04-30,pgr_drip_return_6m,PGR,6,2021-10-29,2021-10-29,-0.056181205282382574,0.091422907037694151,0.091422907037694151,252,False,-0.14760411232007672,pgr-return:2021-04,
2021-05-31,cash_dividend_12m,PGR,12,2022-05-31,2022-05-31,1.9000000000000001,4.8999999999999995,0.88769858299595161,247,False,-2.9999999999999991,cash:2021-05,
2021-05-31,bvps_growth_12m,PGR,12,2022-04-29,2022-05-18,-0.10942649967040208,0.1075716866374065,0.1075716866374065,189,False,-0.21699818630780859,bvps:2022-04,
2021-05-31,pgr_drip_return_6m,PGR,6,2021-11-30,2021-11-30,-0.043301441784625583,0.091748449578858068,0.091748449578858068,253,False,-0.13504989136348367,pgr-return:2021-05,
2021-06-30,cash_dividend_12m,PGR,12,2022-06-30,2022-06-30,1.9000000000000001,4.8999999999999995,0.90387721774193541,248,False,-2.9999999999999991,cash:2021-06,
2021-06-30,bvps_growth_12m,PGR,12,2022-05-31,2022-06-21,-0.12038834951456312,0.10785633110425355,0.10785633110425355,190,False,-0.22824468061881667,bvps:2022-05,
2021-06-30,pgr_drip_return_6m,PGR,6,2021-12-31,2021-12-31,0.077902801098590047,0.091490025765418426,0.091490025765418426,254,False,-0.013587224666828379,pgr-return:2021-06,
2021-07-30,cash_dividend_12m,PGR,12,2022-07-29,2022-07-29,1.9000000000000004,4.8999999999999986,0.91992590361445792,249,False,-2.9999999999999982,cash:2021-07,
2021-07-30,bvps_growth_12m,PGR,12,2022-06-30,2022-07-15,-0.16575474734470541,0.10794348304881443,0.10794348304881443,191,False,-0.27369823039351981,bvps:2022-06,
2021-07-30,pgr_drip_return_6m,PGR,6,2022-01-31,2022-01-31,0.16187542594637461,0.091498518710379589,0.091498518710379589,255,False,0.070376907235995018,pgr-return:2021-07,
2021-08-31,cash_dividend_12m,PGR,12,2022-08-31,2022-08-31,1.9000000000000004,4.8999999999999986,0.93584620000000018,250,False,-2.9999999999999982,cash:2021-08,
2021-08-31,bvps_growth_12m,PGR,12,2022-07-29,2022-08-17,-0.12176656151419551,0.10783301149546803,0.10783301149546803,192,False,-0.22959957300966355,bvps:2022-07,
2021-08-31,pgr_drip_return_6m,PGR,6,2022-02-28,2022-02-28,0.11866819530074579,0.091674690374364709,0.091674690374364709,256,False,0.026993504926381084,pgr-return:2021-08,
2021-09-30,cash_dividend_12m,PGR,12,2022-09-30,2022-09-30,1.9000000000000004,4.8999999999999986,0.95163964143426305,251,False,-2.9999999999999982,cash:2021-09,
2021-09-30,bvps_growth_12m,PGR,12,2022-08-31,2022-09-15,-0.14394661582459478,0.10757200976450372,0.10757200976450372,193,False,-0.25151862558909849,bvps:2022-08,
2021-09-30,pgr_drip_return_6m,PGR,6,2022-03-31,2022-03-31,0.2958596579392887,0.09117493730275486,0.09117493730275486,257,False,0.20468472063653384,pgr-return:2021-09,
2021-10-29,cash_dividend_12m,PGR,12,2022-10-31,2022-10-31,1.9000000000000004,4.8999999999999986,0.96730773809523829,252,False,-2.9999999999999982,cash:2021-10,
2021-10-29,bvps_growth_12m,PGR,12,2022-09-30,2022-10-13,-0.209520725388601,0.10716165258209991,0.10716165258209991,194,False,-0.31668237797070092,bvps:2022-09,
2021-10-29,pgr_drip_return_6m,PGR,6,2022-04-29,2022-04-29,0.15046111547587615,0.090603789463277573,0.090603789463277573,258,False,0.059857326012598577,pgr-return:2021-10,
2021-11-30,cash_dividend_12m,PGR,12,2022-11-30,2022-11-30,1.9000000000000004,4.8999999999999986,0.98285197628458509,253,False,-2.9999999999999982,cash:2021-11,
2021-11-30,bvps_growth_12m,PGR,12,2022-10-31,2022-11-16,-0.20719563122389972,0.10677002719443146,0.10677002719443146,195,False,-0.31396565841833118,bvps:2022-10,
2021-11-30,annual_excess_to_bvps,PGR,12,2022-02-28,2022-02-28,0.048185030517185999,0.12163360032405109,0.12163360032405109,2,False,-0.073448569806865094,annual-dec-feb:2022,0.10000000000000001
2021-11-30,pgr_drip_return_6m,PGR,6,2022-05-31,2022-05-31,0.29350734572512405,0.090086780848420797,0.090086780848420797,259,False,0.20342056487670324,pgr-return:2021-11,
2021-12-31,cash_dividend_12m,PGR,12,2022-12-30,2022-12-30,0.40000000000000002,6.3999999999999986,1.0041793307086617,254,False,-5.9999999999999982,cash:2021-12,
2021-12-31,bvps_growth_12m,PGR,12,2022-11-30,2022-12-14,-0.15955414012738844,0.10618658146885292,0.10618658146885292,196,False,-0.26574072159624135,bvps:2022-11,
2021-12-31,pgr_drip_return_6m,PGR,6,2022-06-30,2022-06-30,0.13203885256590686,0.09003991938784453,0.09003991938784453,260,False,0.041998933178062331,pgr-return:2021-12,
2022-01-31,cash_dividend_12m,PGR,12,2023-01-31,2023-01-31,0.40000000000000002,1.9000000000000001,1.0076923529411765,255,False,-1.5,cash:2022-01,
2022-01-31,bvps_growth_12m,PGR,12,2022-12-30,2023-01-25,-0.13278418451400331,0.10602104668585495,0.10602104668585495,197,False,-0.23880523119985825,bvps:2022-12,
2022-01-31,pgr_drip_return_6m,PGR,6,2022-07-29,2022-07-29,0.060127712353061691,0.090315151213739286,0.090315151213739286,261,False,-0.030187438860677596,pgr-return:2022-01,
2022-02-28,cash_dividend_12m,PGR,12,2023-02-28,2023-02-28,0.40000000000000002,1.9000000000000001,1.0111779296875001,256,False,-1.5,cash:2022-02,
2022-02-28,bvps_growth_12m,PGR,12,2023-01-31,2023-02-15,-0.054281861092380312,0.10560766397894776,0.10560766397894776,198,False,-0.15988952507132809,bvps:2023-01,
2022-02-28,pgr_drip_return_6m,PGR,6,2022-08-31,2022-08-31,0.16910094232819639,0.090423368939262214,0.090423368939262214,262,False,0.078677573388934177,pgr-return:2022-02,
2022-03-31,cash_dividend_12m,PGR,12,2023-03-31,2023-03-31,0.40000000000000002,1.9000000000000001,1.0146363813229573,257,False,-1.5,cash:2022-03,
2022-03-31,bvps_growth_12m,PGR,12,2023-02-28,2023-03-15,-0.067576791808873771,0.10510977102768732,0.10510977102768732,199,False,-0.17268656283656109,bvps:2023-02,
2022-03-31,pgr_drip_return_6m,PGR,6,2022-09-30,2022-09-30,-0.0022366100268935707,0.0912044955134068,0.0912044955134068,263,False,-0.09344110554030037,pgr-return:2022-03,
2022-04-29,cash_dividend_12m,PGR,12,2023-04-28,2023-04-28,0.40000000000000002,1.9000000000000001,1.0180680232558141,258,False,-1.5,cash:2022-04,
2022-04-29,bvps_growth_12m,PGR,12,2023-03-31,2023-04-13,-0.01200989049805723,0.10435986319818989,0.10435986319818989,200,False,-0.11636975369624712,bvps:2023-03,
2022-04-29,pgr_drip_return_6m,PGR,6,2022-10-31,2022-10-31,0.21014504888390717,0.091428952407204042,0.091428952407204042,264,False,0.11871609647670313,pgr-return:2022-04,
2022-05-31,cash_dividend_12m,PGR,12,2023-05-31,2023-05-31,0.40000000000000002,1.9000000000000001,1.021473166023166,259,False,-1.5,cash:2022-05,
2022-05-31,bvps_growth_12m,PGR,12,2023-04-28,2023-05-17,0.058475203552923904,0.103296249452575,0.103296249452575,201,False,-0.044821045899651094,bvps:2023-04,
2022-05-31,pgr_drip_return_6m,PGR,6,2022-11-30,2022-11-30,0.095183324643819622,0.092191512381988625,0.092191512381988625,265,False,0.0029918122618309978,pgr-return:2022-05,
2022-06-30,cash_dividend_12m,PGR,12,2023-06-30,2023-06-30,0.40000000000000002,1.9000000000000001,1.0248521153846155,260,False,-1.5,cash:2022-06,
2022-06-30,bvps_growth_12m,PGR,12,2023-05-31,2023-06-14,0.036423841059602724,0.10218889995273768,0.10218889995273768,202,False,-0.065765058893134956,bvps:2023-05,
2022-06-30,pgr_drip_return_6m,PGR,6,2022-12-30,2022-12-30,0.12019302957835776,0.092341314412755254,0.092341314412755254,266,False,0.027851715165602503,pgr-return:2022-06,
2022-07-29,cash_dividend_12m,PGR,12,2023-07-31,2023-07-31,0.40000000000000002,1.9000000000000004,1.0282051724137933,261,False,-1.5000000000000004,cash:2022-07,
2022-07-29,bvps_growth_12m,PGR,12,2023-06-30,2023-07-13,0.069058641975308532,0.10086898050792269,0.10086898050792269,203,False,-0.031810338532614155,bvps:2023-06,
2022-07-29,pgr_drip_return_6m,PGR,6,2023-01-31,2023-01-31,0.17582523155126784,0.092220664217775111,0.092220664217775111,267,False,0.083604567333492724,pgr-return:2022-07,
2022-08-31,cash_dividend_12m,PGR,12,2023-08-31,2023-08-31,0.40000000000000002,1.9000000000000004,1.0315326335877866,262,False,-1.5000000000000004,cash:2022-08,
2022-08-31,bvps_growth_12m,PGR,12,2023-07-31,2023-08-16,0.035201149425287293,0.099777629811735852,0.099777629811735852,204,False,-0.064576480386448559,bvps:2023-07,
2022-08-31,pgr_drip_return_6m,PGR,6,2023-02-28,2023-02-28,0.1348789682463567,0.092507530927142367,0.092507530927142367,268,False,0.042371437319214333,pgr-return:2022-08,
2022-09-30,bvps_growth_12m,PGR,12,2023-08-31,2023-09-15,0.073867854491462381,0.098588731052534226,0.098588731052534226,205,False,-0.024720876561071845,bvps:2023-08,
2022-09-30,pgr_drip_return_6m,PGR,6,2023-03-31,2023-03-31,0.233056465210701,0.092155322224710998,0.092155322224710998,269,False,0.14090114298598999,pgr-return:2022-09,
2022-10-31,pgr_drip_return_6m,PGR,6,2023-04-28,2023-04-28,0.053204130886892909,0.092592321212337653,0.092592321212337653,270,False,-0.039388190325444744,pgr-return:2022-10,
2022-11-30,pgr_drip_return_6m,PGR,6,2023-05-31,2023-05-31,-0.021973518692585459,0.092601882110608796,0.092601882110608796,271,False,-0.11457540080319426,pgr-return:2022-11,
2022-12-30,pgr_drip_return_6m,PGR,6,2023-06-30,2023-06-30,0.022007938274276162,0.09270332015276965,0.09270332015276965,272,False,-0.070695381878493488,pgr-return:2022-12,
2023-01-31,pgr_drip_return_6m,PGR,6,2023-07-31,2023-07-31,-0.072984986614147429,0.093007796018698199,0.093007796018698199,273,False,-0.16599278263284561,pgr-return:2023-01,
2023-02-28,pgr_drip_return_6m,PGR,6,2023-08-31,2023-08-31,-0.063726795993206076,0.093160610515879441,0.093160610515879441,274,False,-0.1568874065090855,pgr-return:2023-02,
