date,benchmark,horizon,pgr_return,benchmark_return,y_true,proxy_fill,target_end,available,partition
2004-02-27,VGT,6,-0.022176000938595064,-0.12973544973544981,0.10755944879685475,0,2004-08-31,2004-08-31,development
2004-03-31,VGT,6,-0.041819108854223019,-0.087459105779716384,0.045639996925493365,0,2004-09-30,2004-09-30,development
2004-04-30,VGT,6,0.069605953079140637,0.0096485182632668476,0.059957434815873789,0,2004-10-29,2004-10-29,development
2004-05-31,VGT,6,0.071362652298439189,0.021020363477118442,0.050342288821320746,0,2004-11-30,2004-11-30,development
2004-06-30,VGT,6,-0.011312399653661265,0.031090683842734057,-0.042403083496395322,0,2004-12-31,2004-12-31,development
2004-07-30,VGT,6,0.078008555068023622,0.039035572137226637,0.038972982930796984,0,2005-01-31,2005-01-31,development
2004-08-31,VGT,6,0.085671433215286585,0.09714983018396528,-0.011478396968678695,0,2005-02-28,2005-02-28,development
2004-09-30,VGT,6,0.071112324006867178,0.054786876169198306,0.016325447837668872,0,2005-03-31,2005-03-31,development
2004-10-29,VDE,6,-0.023729400595732364,0.15230197784562516,-0.17603137844135752,0,2005-04-29,2005-04-29,development
2004-10-29,VGT,6,-0.023729400595732364,-0.043559295188212444,0.01982989459248008,0,2005-04-29,2005-04-29,development
2004-11-30,GLD,6,0.038034874984119726,-0.075292559063810938,0.11332743404793066,0,2005-05-31,2005-05-31,development
2004-11-30,VDE,6,0.038034874984119726,0.10841490392718689,-0.070380028943067163,0,2005-05-31,2005-05-31,development
2004-11-30,VGT,6,0.038034874984119726,-0.019026328787894786,0.057061203772014513,0,2005-05-31,2005-05-31,development
2004-12-31,GLD,6,0.17850781314895192,0.0022831050228311334,0.17622470812612079,0,2005-06-30,2005-06-30,development
2004-12-31,VDE,6,0.17850781314895192,0.22743751192520523,-0.048929698776253305,0,2005-06-30,2005-06-30,development
2004-12-31,VGT,6,0.17850781314895192,-0.054398640033999301,0.23290645318295122,0,2005-06-30,2005-06-30,development
2005-01-31,GLD,6,0.20855893096677058,0.0030452096509721027,0.20551372131579848,0,2005-07-29,2005-07-29,development
2005-01-31,VDE,6,0.20855893096677058,0.27506522549385037,-0.06650629452707979,0,2005-07-29,2005-07-29,development
2005-01-31,VGT,6,0.20855893096677058,0.075445816186556991,0.13311311478021359,0,2005-07-29,2005-07-29,development
2005-02-28,GLD,6,0.10192147587855027,0.0025287356321839205,0.099392740246366351,0,2005-08-31,2005-08-31,development
2005-02-28,VDE,6,0.10192147587855027,0.08105989338350561,0.020861582495044662,0,2005-08-31,2005-08-31,development
2005-02-28,VGT,6,0.10192147587855027,0.036147283340817182,0.065774192537733089,0,2005-08-31,2005-08-31,development
2005-03-31,GLD,6,0.17672464713313429,0.10167492333097439,0.075049723802159907,0,2005-09-30,2005-09-30,development
2005-03-31,VDE,6,0.17672464713313429,0.27963024100363154,-0.10290559387049725,0,2005-09-30,2005-09-30,development
2005-03-31,VGT,6,0.17672464713313429,0.080789534083084868,0.095935113050049425,0,2005-09-30,2005-09-30,development
2005-03-31,VWO,6,0.17672464713313429,0.23141025641025648,-0.054685609277122182,0,2005-09-30,2005-09-30,development
2005-04-29,GLD,6,0.27338001249048771,0.089273356401384119,0.18410665608910359,0,2005-10-31,2005-10-31,development
2005-04-29,VDE,6,0.27338001249048771,0.21045344409830391,0.062926568392183801,0,2005-10-31,2005-10-31,development
2005-04-29,VGT,6,0.27338001249048771,0.097349397590361431,0.17603061490012628,0,2005-10-31,2005-10-31,development
2005-04-29,VWO,6,0.27338001249048771,0.15726681127982656,0.11611320121066115,0,2005-10-31,2005-10-31,development
2005-05-31,GLD,6,0.27392973954582134,0.18003820439350515,0.093891535152316186,0,2005-11-30,2005-11-30,development
2005-05-31,VDE,6,0.27392973954582134,0.22814321398834325,0.045786525557478086,0,2005-11-30,2005-11-30,development
2005-05-31,VGT,6,0.27392973954582134,0.10385296722763537,0.17007677231818596,0,2005-11-30,2005-11-30,development
2005-05-31,VWO,6,0.27392973954582134,0.2218972001671542,0.052032539378667142,0,2005-11-30,2005-11-30,development
2005-06-30,GLD,6,0.16937629499273599,0.17494305239179964,-0.0055667573990636487,0,2005-12-30,2005-12-30,development
2005-06-30,VDE,6,0.16937629499273599,0.13281290096251985,0.036563394030216134,0,2005-12-30,2005-12-30,development
2005-06-30,VGT,6,0.16937629499273599,0.089180441801458343,0.080195853191277644,0,2005-12-30,2005-12-30,development
2005-06-30,VWO,6,0.16937629499273599,0.26405591566515185,-0.094679620672415865,0,2005-12-30,2005-12-30,development
2005-07-29,GLD,6,0.054545630425331337,0.29915927136851939,-0.24461364094318805,0,2006-01-31,2006-01-31,development
2005-07-29,VDE,6,0.054545630425331337,0.19463646041539917,-0.14009082999006783,0,2006-01-31,2006-01-31,development
2005-07-29,VGT,6,0.054545630425331337,0.076583769190362583,-0.022038138765031245,0,2006-01-31,2006-01-31,development
2005-07-29,VWO,6,0.054545630425331337,0.31175561655632689,-0.25720998613099555,0,2006-01-31,2006-01-31,development
2005-08-31,GLD,6,0.12018743217788708,0.27585416188947498,-0.1556667297115879,0,2006-02-28,2006-02-28,development
2005-08-31,VDE,6,0.12018743217788708,0.12498771926386132,-0.0048002870859742419,0,2006-02-28,2006-02-28,development
2005-08-31,VGT,6,0.12018743217788708,0.080196205773364726,0.039991226404522351,0,2006-02-28,2006-02-28,development
2005-08-31,VWO,6,0.12018743217788708,0.30996334910907586,-0.18977591693118878,0,2006-02-28,2006-02-28,development
2005-09-30,GLD,6,-0.0043419360610993385,0.24411134903640241,-0.24845328509750175,0,2006-03-31,2006-03-31,development
2005-09-30,VDE,6,-0.0043419360610993385,0.023406616949766867,-0.027748553010866206,0,2006-03-31,2006-03-31,development
2005-09-30,VGT,6,-0.0043419360610993385,0.083737824515710102,-0.08807976057680944,0,2006-03-31,2006-03-31,development
2005-09-30,VWO,6,-0.0043419360610993385,0.18775012532130964,-0.19209206138240897,0,2006-03-31,2006-03-31,development
2005-10-31,GLD,6,-0.065111047730924909,0.37844133841592553,-0.44355238614685044,0,2006-04-28,2006-04-28,development
2005-10-31,VDE,6,-0.065111047730924909,0.19551967902990208,-0.26063072676082699,0,2006-04-28,2006-04-28,development
2005-10-31,VGT,6,-0.065111047730924909,0.1111644116701862,-0.17627545940111111,0,2006-04-28,2006-04-28,development
2005-10-31,VWO,6,-0.065111047730924909,0.38315539614442096,-0.44826644387534587,0,2006-04-28,2006-04-28,development
2005-11-30,GLD,6,-0.10407825860001352,0.3172804532577902,-0.42135871185780371,0,2006-05-31,2006-05-31,development
2005-11-30,VDE,6,-0.10407825860001352,0.092557731562070256,-0.19663599016208377,0,2006-05-31,2006-05-31,development
2005-11-30,VGT,6,-0.10407825860001352,-0.042986179531960267,-0.061092079068053251,0,2006-05-31,2006-05-31,development
2005-11-30,VWO,6,-0.10407825860001352,0.15674249566442677,-0.26082075426444029,0,2006-05-31,2006-05-31,development
2005-12-30,GLD,6,-0.11887891638384729,0.18708801861186508,-0.30596693499571237,0,2006-06-30,2006-06-30,development
2005-12-30,VDE,6,-0.11887891638384729,0.13589139770051251,-0.25477031408435979,0,2006-06-30,2006-06-30,development
2005-12-30,VGT,6,-0.11887891638384729,-0.04443985117817284,-0.074439065205674448,0,2006-06-30,2006-06-30,development
2005-12-30,VWO,6,-0.11887891638384729,0.055847568988173446,-0.17472648537202073,0,2006-06-30,2006-06-30,development
2006-01-31,GLD,6,-0.066768606987458567,0.1344598238360597,-0.20122843082351827,0,2006-07-31,2006-07-31,development
2006-01-31,VDE,6,-0.066768606987458567,0.02717055699641846,-0.093939163983877028,0,2006-07-31,2006-07-31,development
2006-01-31,VGT,6,-0.066768606987458567,-0.12363996043521264,0.056871353447754069,0,2006-07-31,2006-07-31,development
2006-01-31,VWO,6,-0.066768606987458567,-0.022307578667454364,-0.044461028320004203,0,2006-07-31,2006-07-31,development
2006-02-28,DBC,6,-0.11880574246070452,0.069112627986348096,-0.18791837044705262,0,2006-08-31,2006-08-31,development
2006-02-28,GLD,6,-0.11880574246070452,0.11017253774263125,-0.22897828020333577,0,2006-08-31,2006-08-31,development
2006-02-28,VDE,6,-0.11880574246070452,0.095783446121811666,-0.21458918858251619,0,2006-08-31,2006-08-31,development
2006-02-28,VGT,6,-0.11880574246070452,-0.063504823151125378,-0.055300919309579144,0,2006-08-31,2006-08-31,development
2006-02-28,VWO,6,-0.11880574246070452,-0.023166023166023231,-0.095639719294681291,0,2006-08-31,2006-08-31,development
2006-03-31,DBC,6,-0.057914988288796376,0.00041771094402665021,-0.058332699232823026,0,2006-09-29,2006-09-29,development
2006-03-31,GLD,6,-0.057914988288796376,0.023580034423407836,-0.081495022712204213,0,2006-09-29,2006-09-29,development
2006-03-31,VDE,6,-0.057914988288796376,-0.0087797429698434071,-0.049135245318952969,0,2006-09-29,2006-09-29,development
2006-03-31,VGT,6,-0.057914988288796376,-0.029250098154691595,-0.028664890134104781,0,2006-09-29,2006-09-29,development
2006-03-31,VWO,6,-0.057914988288796376,-0.0017835909631392921,-0.056131397325657084,0,2006-09-29,2006-09-29,development
2006-04-28,DBC,6,-0.11563278878951355,-0.039812646370023352,-0.0758201424194902,0,2006-10-31,2006-10-31,development
2006-04-28,GLD,6,-0.11563278878951355,-0.087417422031033976,-0.028215366758479576,0,2006-10-31,2006-10-31,development
2006-04-28,VDE,6,-0.11563278878951355,-0.0076059398768562048,-0.10802684891265735,0,2006-10-31,2006-10-31,development
2006-04-28,VGT,6,-0.11563278878951355,0.0081172045139576987,-0.12374999330347125,0,2006-10-31,2006-10-31,development
2006-04-28,VWO,6,-0.11563278878951355,-0.038328967323865926,-0.077303821465647626,0,2006-10-31,2006-10-31,development
2006-05-31,DBC,6,-0.1556383099549794,-0.036852207293666006,-0.1187861026613134,0,2006-11-30,2006-11-30,development
2006-05-31,GLD,6,-0.1556383099549794,-0.024577572964669669,-0.13106073699030973,0,2006-11-30,2006-11-30,development
2006-05-31,VDE,6,-0.1556383099549794,0.055625156602355563,-0.21126346655733497,0,2006-11-30,2006-11-30,development
2006-05-31,VGT,6,-0.1556383099549794,0.136497270054599,-0.2921355800095784,0,2006-11-30,2006-11-30,development
2006-05-31,VIG,6,-0.1556383099549794,0.078214070855656903,-0.23385238081063631,0,2006-11-30,2006-11-30,development
2006-05-31,VWO,6,-0.1556383099549794,0.12543239584899979,-0.28107070580397919,0,2006-11-30,2006-11-30,development
2006-06-30,DBC,6,-0.057250325229427412,-0.0052359151003011917,-0.052014410129126221,0,2006-12-29,2006-12-29,development
2006-06-30,GLD,6,-0.057250325229427412,0.032337089661930385,-0.089587414891357797,0,2006-12-29,2006-12-29,development
2006-06-30,VDE,6,-0.057250325229427412,0.047825860191637704,-0.10507618542106512,0,2006-12-29,2006-12-29,development
2006-06-30,VGT,6,-0.057250325229427412,0.14024629894331508,-0.1974966241727425,0,2006-12-29,2006-12-29,development
2006-06-30,VIG,6,-0.057250325229427412,0.10331596097358897,-0.16056628620301638,0,2006-12-29,2006-12-29,development
2006-06-30,VWO,6,-0.057250325229427412,0.22521634835787574,-0.28246667358730315,0,2006-12-29,2006-12-29,development
2006-07-31,DBC,6,-0.042959022461494412,-0.057257769361742761,0.014298746900248349,0,2007-01-31,2007-01-31,development
2006-07-31,GLD,6,-0.042959022461494412,0.01568689589605432,-0.058645918357548732,0,2007-01-31,2007-01-31,development
2006-07-31,VDE,6,-0.042959022461494412,-0.00056510358516981274,-0.042393918876324599,0,2007-01-31,2007-01-31,development
2006-07-31,VGT,6,-0.042959022461494412,0.195580622076859,-0.23853964453835341,0,2007-01-31,2007-01-31,development
2006-07-31,VIG,6,-0.042959022461494412,0.10484857401683012,-0.14780759647832453,0,2007-01-31,2007-01-31,development
2006-07-31,VWO,6,-0.042959022461494412,0.17896932330986504,-0.22192834577135945,0,2007-01-31,2007-01-31,development
2006-08-31,DBC,6,-0.020706520027079067,0.031257270950971527,-0.051963790978050595,0,2007-02-28,2007-02-28,development
2006-08-31,GLD,6,-0.020706520027079067,0.096325076898170492,-0.11703159692524956,0,2007-02-28,2007-02-28,development
2006-08-31,VDE,6,-0.020706520027079067,0.025967814196640626,-0.046674334223719693,0,2007-02-28,2007-02-28,development
2006-08-31,VGT,6,-0.020706520027079067,0.16819648682821153,-0.1889030068552906,0,2007-02-28,2007-02-28,development
2006-08-31,VIG,6,-0.020706520027079067,0.1187769484834067,-0.13948346851048576,0,2007-02-28,2007-02-28,development
2006-08-31,VWO,6,-0.020706520027079067,0.23873886561469337,-0.25944538564177244,0,2007-02-28,2007-02-28,development
2006-09-29,DBC,6,-0.1104935073924006,0.084935124770125991,-0.19542863216252659,0,2007-03-30,2007-03-30,development
2006-09-29,GLD,6,-0.1104935073924006,0.10543130990415328,-0.21592481729655388,0,2007-03-30,2007-03-30,development
2006-09-29,VDE,6,-0.1104935073924006,0.14344120209059219,-0.25393470948299279,0,2007-03-30,2007-03-30,development
2006-09-29,VGT,6,-0.1104935073924006,0.061942937793025843,-0.17243644518542645,0,2007-03-30,2007-03-30,development
2006-09-29,VIG,6,-0.1104935073924006,0.05302285868032719,-0.16351636607272779,0,2007-03-30,2007-03-30,development
2006-09-29,VWO,6,-0.1104935073924006,0.19510195781922146,-0.30559546521162206,0,2007-03-30,2007-03-30,development
2006-10-31,DBC,6,-0.03799116908970035,0.073849300405229634,-0.11184046949492998,0,2007-04-30,2007-04-30,development
2006-10-31,GLD,6,-0.03799116908970035,0.13737373737373737,-0.17536490646343772,0,2007-04-30,2007-04-30,development
2006-10-31,VDE,6,-0.03799116908970035,0.15663816747045534,-0.19462933656015569,0,2007-04-30,2007-04-30,development
2006-10-31,VGT,6,-0.03799116908970035,0.094092358368030871,-0.13208352745773122,0,2007-04-30,2007-04-30,development
2006-10-31,VIG,6,-0.03799116908970035,0.072581971550853552,-0.1105731406405539,0,2007-04-30,2007-04-30,development
2006-10-31,VWO,6,-0.03799116908970035,0.2182770640995999,-0.25626823318930025,0,2007-04-30,2007-04-30,development
2006-11-30,DBC,6,-0.0070341656284891307,0.04471551318076239,-0.05174967880925152,0,2007-05-31,2007-05-31,development
2006-11-30,GLD,6,-0.0070341656284891307,0.022677165354330731,-0.029711330982819861,0,2007-05-31,2007-05-31,development
2006-11-30,VDE,6,-0.0070341656284891307,0.18699689497431393,-0.19403106060280306,0,2007-05-31,2007-05-31,development
2006-11-30,VGT,6,-0.0070341656284891307,0.04051565533911905,-0.047549820967608181,0,2007-05-31,2007-05-31,development
2006-11-30,VIG,6,-0.0070341656284891307,0.073980418411858651,-0.081014584040347781,0,2007-05-31,2007-05-31,development
2006-11-30,VWO,6,-0.0070341656284891307,0.17528263994703353,-0.18231680557552266,0,2007-05-31,2007-05-31,development
2006-12-29,DBC,6,-0.011973575557390537,0.045565500406834714,-0.05753907596422525,0,2007-06-29,2007-06-29,development
2006-12-29,GLD,6,-0.011973575557390537,0.01676949849707321,-0.028743074054463746,0,2007-06-29,2007-06-29,development
2006-12-29,VDE,6,-0.011973575557390537,0.18920507996237057,-0.20117865551976111,0,2007-06-29,2007-06-29,development
2006-12-29,VGT,6,-0.011973575557390537,0.095853936858120825,-0.10782751241551136,0,2007-06-29,2007-06-29,development
2006-12-29,VIG,6,-0.011973575557390537,0.05352426329962201,-0.065497838857012547,0,2007-06-29,2007-06-29,development
2006-12-29,VWO,6,-0.011973575557390537,0.17960976870396683,-0.19158334426135737,0,2007-06-29,2007-06-29,development
2007-01-31,DBC,6,-0.10670081092616301,0.11450381679389321,-0.22120462772005622,0,2007-07-31,2007-07-31,development
2007-01-31,GLD,6,-0.10670081092616301,0.020436817472698987,-0.127137628398862,0,2007-07-31,2007-07-31,development
2007-01-31,VDE,6,-0.10670081092616301,0.21186337668652011,-0.31856418761268313,0,2007-07-31,2007-07-31,development
2007-01-31,VGT,6,-0.10670081092616301,0.088396744274086725,-0.19509755520024974,0,2007-07-31,2007-07-31,development
2007-01-31,VIG,6,-0.10670081092616301,0.024073448366710437,-0.13077425929287345,0,2007-07-31,2007-07-31,development
2007-01-31,VWO,6,-0.10670081092616301,0.20386070170862136,-0.31056151263478438,0,2007-07-31,2007-07-31,development
2007-02-28,DBC,6,-0.049948656280823123,0.017828843106180825,-0.067777499387003948,0,2007-08-31,2007-08-31,development
2007-02-28,GLD,6,-0.049948656280823123,-0.017720023626698223,-0.0322286326541249,0,2007-08-31,2007-08-31,development
2007-02-28,VDE,6,-0.049948656280823123,0.18222222222222229,-0.23217087850304541,0,2007-08-31,2007-08-31,development
2007-02-28,VGT,6,-0.049948656280823123,0.077532228360957633,-0.12748088464178076,0,2007-08-31,2007-08-31,development
2007-02-28,VIG,6,-0.049948656280823123,0.023526328481181302,-0.073474984762004425,0,2007-08-31,2007-08-31,development
2007-02-28,VWO,6,-0.049948656280823123,0.18009241913325846,-0.23004107541408159,0,2007-08-31,2007-08-31,development
2007-03-30,DBC,6,-0.032725156258822108,0.10766975600529594,-0.14039491226411804,0,2007-09-28,2007-09-28,development
2007-03-30,GLD,6,-0.032725156258822108,0.11819288104654713,-0.15091803730536923,0,2007-09-28,2007-09-28,development
2007-03-30,VDE,6,-0.032725156258822108,0.23253176043557167,-0.26525691669439377,0,2007-09-28,2007-09-28,development
2007-03-30,VGT,6,-0.032725156258822108,0.15693012600229084,-0.18965528226111295,0,2007-09-28,2007-09-28,development
2007-03-30,VIG,6,-0.032725156258822108,0.086137636700262643,-0.11886279295908475,0,2007-09-28,2007-09-28,development
2007-03-30,VWO,6,-0.032725156258822108,0.31583618612907305,-0.34856134238789516,0,2007-09-28,2007-09-28,development
2007-04-30,BND,6,-0.13142079639529425,0.035140111766710502,-0.16656090816200475,0,2007-10-31,2007-10-31,development
2007-04-30,DBC,6,-0.13142079639529425,0.15697674418604657,-0.28839754058134082,0,2007-10-31,2007-10-31,development
2007-04-30,GLD,6,-0.13142079639529425,0.14994079336885724,-0.28136158976415149,0,2007-10-31,2007-10-31,development
2007-04-30,VDE,6,-0.13142079639529425,0.18777895855472915,-0.3191997549500234,0,2007-10-31,2007-10-31,development
2007-04-30,VGT,6,-0.13142079639529425,0.13424509627496861,-0.26566589267026286,0,2007-10-31,2007-10-31,development
2007-04-30,VIG,6,-0.13142079639529425,0.027009936463687989,-0.15843073285898224,0,2007-10-31,2007-10-31,development
2007-04-30,VWO,6,-0.13142079639529425,0.37892215568862264,-0.51034295208391689,0,2007-10-31,2007-10-31,development
2007-05-31,BND,6,-0.12015439986198395,0.055579294752460928,-0.17573369461444488,0,2007-11-30,2007-11-30,development
2007-05-31,DBC,6,-0.12015439986198395,0.18398437499999987,-0.30413877486198382,0,2007-11-30,2007-11-30,development
2007-05-31,GLD,6,-0.12015439986198395,0.19063751154912212,-0.31079191141110607,0,2007-11-30,2007-11-30,development
2007-05-31,VDE,6,-0.12015439986198395,0.074654005455096595,-0.19480840531708055,0,2007-11-30,2007-11-30,development
2007-05-31,VGT,6,-0.12015439986198395,0.059996439380452182,-0.18015083924243613,0,2007-11-30,2007-11-30,development
2007-05-31,VIG,6,-0.12015439986198395,0.0005706711036397305,-0.12072507096562368,0,2007-11-30,2007-11-30,development
2007-05-31,VWO,6,-0.12015439986198395,0.2413793103448274,-0.36153371020681135,0,2007-11-30,2007-11-30,development
2007-06-29,BND,6,-0.13937019963388908,0.059946456491988265,-0.19931665612587735,0,2007-12-31,2007-12-31,development
2007-06-29,DBC,6,-0.13937019963388908,0.25611580796557365,-0.39548600759946273,0,2007-12-31,2007-12-31,development
2007-06-29,GLD,6,-0.13937019963388908,0.29142679321611964,-0.43079699285000872,0,2007-12-31,2007-12-31,development
2007-06-29,VDE,6,-0.13937019963388908,0.14609462833020048,-0.28546482796408956,0,2007-12-31,2007-12-31,development
2007-06-29,VGT,6,-0.13937019963388908,0.058609285729835703,-0.19797948536372478,0,2007-12-31,2007-12-31,development
2007-06-29,VIG,6,-0.13937019963388908,0.0083994007269239113,-0.14776960036081299,0,2007-12-31,2007-12-31,development
2007-06-29,VWO,6,-0.13937019963388908,0.176141397137352,-0.31551159677124108,0,2007-12-31,2007-12-31,development
2007-07-31,BND,6,-0.039846495326965159,0.077837025392866632,-0.11768352071983179,0,2008-01-31,2008-01-31,development
2007-07-31,DBC,6,-0.039846495326965159,0.25411474654846522,-0.29396124187543038,0,2008-01-31,2008-01-31,development
2007-07-31,GLD,6,-0.039846495326965159,0.38052285583244161,-0.42036935115940677,0,2008-01-31,2008-01-31,development
2007-07-31,VDE,6,-0.039846495326965159,0.0093755321743573816,-0.049222027501322541,0,2008-01-31,2008-01-31,development
2007-07-31,VGT,6,-0.039846495326965159,-0.097568176603762602,0.057721681276797443,0,2008-01-31,2008-01-31,development
2007-07-31,VIG,6,-0.039846495326965159,-0.049201920568498814,0.0093554252415336547,0,2008-01-31,2008-01-31,development
2007-07-31,VWO,6,-0.039846495326965159,0.014083092332220826,-0.053929587659185985,0,2008-01-31,2008-01-31,development
2007-08-31,BND,6,-0.091880542722731162,0.057857006158851032,-0.14973754888158219,0,2008-02-29,2008-02-29,development
2007-08-31,DBC,6,-0.091880542722731162,0.43919517158434851,-0.53107571430707967,0,2008-02-29,2008-02-29,development
2007-08-31,GLD,6,-0.091880542722731162,0.44588093806374052,-0.53776148078647168,0,2008-02-29,2008-02-29,development
2007-08-31,VDE,6,-0.091880542722731162,0.094277519161989565,-0.18615806188472073,0,2008-02-29,2008-02-29,development
2007-08-31,VGT,6,-0.091880542722731162,-0.13174721465042671,0.039866671927695552,0,2008-02-29,2008-02-29,development
2007-08-31,VIG,6,-0.091880542722731162,-0.062731965157369451,-0.029148577565361711,0,2008-02-29,2008-02-29,development
2007-08-31,VWO,6,-0.091880542722731162,0.052234860394391402,-0.14411540311712256,0,2008-02-29,2008-02-29,development
2007-09-28,BND,6,-0.17141166263509588,0.052071815213360795,-0.22348347784845668,0,2008-03-31,2008-03-31,development
2007-09-28,DBC,6,-0.17141166263509588,0.33533345263194358,-0.50674511526703947,0,2008-03-31,2008-03-31,development
2007-09-28,GLD,6,-0.17141166263509588,0.24989797306488892,-0.42130963569998481,0,2008-03-31,2008-03-31,development
2007-09-28,VDE,6,-0.17141166263509588,-0.013152297912884303,-0.15825936472221158,0,2008-03-31,2008-03-31,development
2007-09-28,VGT,6,-0.17141166263509588,-0.16059962675688622,-0.010812035878209669,0,2008-03-31,2008-03-31,development
2007-09-28,VIG,6,-0.17141166263509588,-0.083964654053484966,-0.087447008581610919,0,2008-03-31,2008-03-31,development
2007-09-28,VWO,6,-0.17141166263509588,-0.082587255748670096,-0.088824406886425789,0,2008-03-31,2008-03-31,development
2007-10-31,BND,6,0.019735988555237061,0.027845532696668451,-0.0081095441414313907,0,2008-04-30,2008-04-30,development
2007-10-31,DBC,6,0.019735988555237061,0.33297892580944799,-0.31324293725421093,0,2008-04-30,2008-04-30,development
2007-10-31,GLD,6,0.019735988555237061,0.12331059338396178,-0.10357460482872471,0,2008-04-30,2008-04-30,development
2007-10-31,VDE,6,0.019735988555237061,0.084636171665349424,-0.064900183110112364,0,2008-04-30,2008-04-30,development
2007-10-31,VGT,6,0.019735988555237061,-0.12772332114271545,0.14745930969795251,0,2008-04-30,2008-04-30,development
2007-10-31,VIG,6,0.019735988555237061,-0.040139812633467664,0.059875801188704725,0,2008-04-30,2008-04-30,development
2007-10-31,VWO,6,0.019735988555237061,-0.089155544339878046,0.10889153289511511,0,2008-04-30,2008-04-30,development
2007-11-30,BND,6,0.098612586298459926,0.012362454240450127,0.086250132058009799,0,2008-05-30,2008-05-30,development
2007-11-30,DBC,6,0.098612586298459926,0.37019228498221723,-0.27157969868375731,0,2008-05-30,2008-05-30,development
2007-11-30,GLD,6,0.098612586298459926,0.13101396792550446,-0.032401381627044534,0,2008-05-30,2008-05-30,development
2007-11-30,VDE,6,0.098612586298459926,0.18481529185332679,-0.086202705554866865,0,2008-05-30,2008-05-30,development
2007-11-30,VGT,6,0.098612586298459926,-0.023702710074637978,0.1223152963730979,0,2008-05-30,2008-05-30,development
2007-11-30,VIG,6,0.098612586298459926,-0.025667099974320706,0.12427968627278063,0,2008-05-30,2008-05-30,development
2007-11-30,VWO,6,0.098612586298459926,-0.01473142103174474,0.11334400733020467,0,2008-05-30,2008-05-30,development
2007-12-31,BND,6,0.028982431032732681,0.0096428060868416487,0.019339624945891032,0,2008-06-30,2008-06-30,development
2007-12-31,DBC,6,0.028982431032732681,0.44638324873096447,-0.41740081769823179,0,2008-06-30,2008-06-30,development
2007-12-31,GLD,6,0.028982431032732681,0.10204819277108435,-0.073065761738351664,0,2008-06-30,2008-06-30,development
2007-12-31,VDE,6,0.028982431032732681,0.1117298990602158,-0.082747468027483118,0,2008-06-30,2008-06-30,development
2007-12-31,VGT,6,0.028982431032732681,-0.12413679710621495,0.15311922813894763,0,2008-06-30,2008-06-30,development
2007-12-31,VIG,6,0.028982431032732681,-0.1021425524917543,0.13112498352448698,0,2008-06-30,2008-06-30,development
2007-12-31,VWO,6,0.028982431032732681,-0.11610700056915202,0.1450894316018847,0,2008-06-30,2008-06-30,development
2008-01-31,BND,6,0.040894220283533178,-0.020276158357187879,0.061170378640721057,0,2008-07-31,2008-07-31,development
2008-01-31,DBC,6,0.040894220283533178,0.24953387197016785,-0.20863965168663468,0,2008-07-31,2008-07-31,development
2008-01-31,GLD,6,0.040894220283533178,0.01539313399778508,0.025501086285748098,0,2008-07-31,2008-07-31,development
2008-01-31,VDE,6,0.040894220283533178,0.10252666118126008,-0.061632440897726903,0,2008-07-31,2008-07-31,development
2008-01-31,VGT,6,0.040894220283533178,0.006973436002102984,0.033920784281430194,0,2008-07-31,2008-07-31,development
2008-01-31,VIG,6,0.040894220283533178,-0.018078252012890372,0.05897247229642355,0,2008-07-31,2008-07-31,development
2008-01-31,VWO,6,0.040894220283533178,-0.037649619151251423,0.078543839434784601,0,2008-07-31,2008-07-31,development
2008-02-29,BND,6,0.0076377523186033081,-0.00048948370423052001,0.0081272360228338281,0,2008-08-29,2008-08-29,development
2008-02-29,DBC,6,0.0076377523186033081,0.051800554016620426,-0.044162801698017118,0,2008-08-29,2008-08-29,development
2008-02-29,GLD,6,0.0076377523186033081,-0.15044707839467675,0.15808483071328006,0,2008-08-29,2008-08-29,development
2008-02-29,VDE,6,0.0076377523186033081,0.00072946111060456786,0.0069082912079987402,0,2008-08-29,2008-08-29,development
2008-02-29,VGT,6,0.0076377523186033081,0.053618667824850919,-0.04598091550624761,0,2008-08-29,2008-08-29,development
2008-02-29,VIG,6,0.0076377523186033081,-0.0020346654119417495,0.0096724177305450576,0,2008-08-29,2008-08-29,development
2008-02-29,VWO,6,0.0076377523186033081,-0.15877893874206106,0.16641669106066437,0,2008-08-29,2008-08-29,development
2008-03-31,BND,6,0.087092731829573999,0.00040165098605826621,0.086691080843515733,0,2008-09-30,2008-09-30,development
2008-03-31,DBC,6,0.087092731829573999,-0.036834924965893689,0.12392765679546769,0,2008-09-30,2008-09-30,development
2008-03-31,GLD,6,0.087092731829573999,-0.057030909882455294,0.14412364171202929,0,2008-09-30,2008-09-30,development
2008-03-31,VDE,6,0.087092731829573999,-0.059443190368698273,0.14653592219827227,0,2008-09-30,2008-09-30,development
2008-03-31,VGT,6,0.087092731829573999,-0.04238958990536279,0.12948232173493679,0,2008-09-30,2008-09-30,development
2008-03-31,VIG,6,0.087092731829573999,-0.053733317300152739,0.14082604912972674,0,2008-09-30,2008-09-30,development
2008-03-31,VWO,6,0.087092731829573999,-0.22828412494651273,0.31537685677608673,0,2008-09-30,2008-09-30,development
2008-04-30,BND,6,-0.2344420600858369,-0.024983560366263369,-0.20945849971957353,0,2008-10-31,2008-10-31,development
2008-04-30,DBC,6,-0.2344420600858369,-0.31943371943371934,0.084991659347882442,0,2008-10-31,2008-10-31,development
2008-04-30,GLD,6,-0.2344420600858369,-0.1825369542798212,-0.051905105806015706,0,2008-10-31,2008-10-31,development
2008-04-30,VDE,6,-0.2344420600858369,-0.37986688851913475,0.14542482843329785,0,2008-10-31,2008-10-31,development
2008-04-30,VGT,6,-0.2344420600858369,-0.30554542137905871,0.071103361293221812,0,2008-10-31,2008-10-31,development
2008-04-30,VIG,6,-0.2344420600858369,-0.23806416372479144,0.0036221036389545436,0,2008-10-31,2008-10-31,development
2008-04-30,VWO,6,-0.2344420600858369,-0.51034281829659123,0.27590075821075433,0,2008-10-31,2008-10-31,development
2008-05-30,BND,6,-0.25124626121635085,0.012383010950481887,-0.26362927216683274,0,2008-11-28,2008-11-28,development
2008-05-30,DBC,6,-0.25124626121635085,-0.45129469790382237,0.20004843668747152,0,2008-11-28,2008-11-28,development
2008-05-30,GLD,6,-0.25124626121635085,-0.081646655231560894,-0.16959960598478996,0,2008-11-28,2008-11-28,development
2008-05-30,VDE,6,-0.25124626121635085,-0.42034088181163487,0.16909462059528402,0,2008-11-28,2008-11-28,development
2008-05-30,VGT,6,-0.25124626121635085,-0.41959972394755007,0.16835346273119922,0,2008-11-28,2008-11-28,development
2008-05-30,VIG,6,-0.25124626121635085,-0.25807401087101545,0.0068277496546645944,0,2008-11-28,2008-11-28,development
2008-05-30,VWO,6,-0.25124626121635085,-0.55617652726922329,0.30493026605287243,0,2008-11-28,2008-11-28,development
2008-06-30,BND,6,-0.27145811789038254,0.057477090400189557,-0.3289352082905721,0,2008-12-31,2008-12-31,development
2008-06-30,DBC,6,-0.27145811789038254,-0.55449655005253295,0.28303843216215041,0,2008-12-31,2008-12-31,development
2008-06-30,GLD,6,-0.27145811789038254,-0.064174046135344942,-0.2072840717550376,0,2008-12-31,2008-12-31,development
2008-06-30,VDE,6,-0.27145811789038254,-0.49134826464697223,0.21989014675658969,0,2008-12-31,2008-12-31,development
2008-06-30,VGT,6,-0.27145811789038254,-0.37219209778539764,0.10073397989501509,0,2008-12-31,2008-12-31,development
2008-06-30,VIG,6,-0.27145811789038254,-0.21208245378377077,-0.05937566410661177,0,2008-12-31,2008-12-31,development
2008-06-30,VWO,6,-0.27145811789038254,-0.48378155372095788,0.21232343583057534,0,2008-12-31,2008-12-31,development
2008-07-31,BND,6,-0.36354112100576208,0.05079886006962897,-0.41433998107539105,0,2009-01-30,2009-01-30,development
2008-07-31,DBC,6,-0.36354112100576208,-0.48857539016056128,0.1250342691547992,0,2009-01-30,2009-01-30,development
2008-07-31,GLD,6,-0.36354112100576208,-0.004144399607372673,-0.35939672139838941,0,2009-01-30,2009-01-30,development
2008-07-31,VDE,6,-0.36354112100576208,-0.38864650171247572,0.025105380706713643,0,2009-01-30,2009-01-30,development
2008-07-31,VGT,6,-0.36354112100576208,-0.36254987089944968,-0.0009912501063124024,0,2009-01-30,2009-01-30,development
2008-07-31,VIG,6,-0.36354112100576208,-0.25588165362845017,-0.10765946737731191,0,2009-01-30,2009-01-30,development
2008-07-31,VWO,6,-0.36354112100576208,-0.49163160742901812,0.12809048642325604,0,2009-01-30,2009-01-30,development
2008-08-29,BND,6,-0.3735787763941526,0.026965646388774411,-0.40054442278292701,0,2009-02-27,2009-02-27,development
2008-08-29,DBC,6,-0.3735787763941526,-0.488894260429106,0.1153154840349534,0,2009-02-27,2009-02-27,development
2008-08-29,GLD,6,-0.3735787763941526,0.13364337290417327,-0.50722214929832588,0,2009-02-27,2009-02-27,development
2008-08-29,VDE,6,-0.3735787763941526,-0.46212916433129836,0.088550387937145758,0,2009-02-27,2009-02-27,development
2008-08-29,VGT,6,-0.3735787763941526,-0.40296556387283566,0.029386787478683063,0,2009-02-27,2009-02-27,development
2008-08-29,VIG,6,-0.3735787763941526,-0.34912113133393785,-0.02445764506021475,0,2009-02-27,2009-02-27,development
2008-08-29,VWO,6,-0.3735787763941526,-0.46551248153952218,0.091933705145369582,0,2009-02-27,2009-02-27,development
2008-09-30,BND,6,-0.2259365994236312,0.034305298073807888,-0.26024189749743909,0,2009-03-31,2009-03-31,development
2008-09-30,DBC,6,-0.2259365994236312,-0.40564450825927789,0.17970790883564669,0,2009-03-31,2009-03-31,development
2008-09-30,GLD,6,-0.2259365994236312,0.046745152354570552,-0.27268175177820175,0,2009-03-31,2009-03-31,development
2008-09-30,VDE,6,-0.2259365994236312,-0.35574434089884266,0.12980774147521146,0,2009-03-31,2009-03-31,development
2008-09-30,VGT,6,-0.2259365994236312,-0.26093661366667775,0.035000014243046551,0,2009-03-31,2009-03-31,development
2008-09-30,VIG,6,-0.2259365994236312,-0.25848590708571706,0.032549307662085858,0,2009-03-31,2009-03-31,development
2008-09-30,VWO,6,-0.2259365994236312,-0.29461638755313357,0.068679788129502373,0,2009-03-31,2009-03-31,development
2008-10-31,BND,6,0.083391730903994432,0.080356865924176457,0.003034864979817975,0,2009-04-30,2009-04-30,development
2008-10-31,DBC,6,0.083391730903994432,-0.22798582471556184,0.31137755561955627,0,2009-04-30,2009-04-30,development
2008-10-31,GLD,6,0.083391730903994432,0.25763947294645351,-0.17424774204245908,0,2009-04-30,2009-04-30,development
2008-10-31,VDE,6,0.083391730903994432,-0.089676825821348061,0.17306855672534249,0,2009-04-30,2009-04-30,development
2008-10-31,VGT,6,0.083391730903994432,0.040481015800905684,0.042910715103088748,0,2009-04-30,2009-04-30,development
2008-10-31,VIG,6,0.083391730903994432,-0.072649981947087605,0.15604171285108204,0,2009-04-30,2009-04-30,development
2008-10-31,VWO,6,0.083391730903994432,0.12720324988942733,-0.043811518985432896,0,2009-04-30,2009-04-30,development
2008-11-28,BND,6,0.073901464713715059,0.046511887854381539,0.02738957685933352,0,2009-05-29,2009-05-29,development
2008-11-28,DBC,6,0.073901464713715059,0.060253860756246391,0.013647603957468668,0,2009-05-29,2009-05-29,development
2008-11-28,GLD,6,0.073901464713715059,0.19785829909102226,-0.1239568343773072,0,2009-05-29,2009-05-29,development
2008-11-28,VDE,6,0.073901464713715059,0.055997431399194442,0.017904033314520618,0,2009-05-29,2009-05-29,development
2008-11-28,VGT,6,0.073901464713715059,0.22491245898913648,-0.15101099427542142,0,2009-05-29,2009-05-29,development
2008-11-28,VIG,6,0.073901464713715059,0.0053076888393748245,0.068593775874340235,0,2009-05-29,2009-05-29,development
2008-11-28,VWO,6,0.073901464713715059,0.4830481563844351,-0.40914669167072004,0,2009-05-29,2009-05-29,development
2008-12-31,BND,6,0.068133427963094295,0.010847697306744841,0.057285730656349454,0,2009-06-30,2009-06-30,development
2008-12-31,DBC,6,0.068133427963094295,0.14049999999999985,-0.072366572036905552,0,2009-06-30,2009-06-30,development
2008-12-31,GLD,6,0.068133427963094295,0.078154205607476879,-0.010020777644382584,0,2009-06-30,2009-06-30,development
2008-12-31,VDE,6,0.068133427963094295,0.090054815974941249,-0.021921388011846954,0,2009-06-30,2009-06-30,development
2008-12-31,VGT,6,0.068133427963094295,0.28554180501056448,-0.21740837704747018,0,2009-06-30,2009-06-30,development
2008-12-31,VIG,6,0.068133427963094295,0.030854714359092483,0.037278713604001812,0,2009-06-30,2009-06-30,development
2008-12-31,VWO,6,0.068133427963094295,0.39268611232041795,-0.32455268435732365,0,2009-06-30,2009-06-30,development
2009-01-30,BND,6,0.28230452674897122,0.036125821283629289,0.24617870546534193,0,2009-07-31,2009-07-31,development
2009-01-30,DBC,6,0.28230452674897122,0.13777777777777778,0.14452674897119344,0,2009-07-31,2009-07-31,development
2009-01-30,GLD,6,0.28230452674897122,0.022341474099222269,0.25996305264974895,0,2009-07-31,2009-07-31,development
2009-01-30,VDE,6,0.28230452674897122,0.11758474576271172,0.1647197809862595,0,2009-07-31,2009-07-31,development
2009-01-30,VGT,6,0.28230452674897122,0.4139817629179332,-0.13167723616896199,0,2009-07-31,2009-07-31,development
2009-01-30,VIG,6,0.28230452674897122,0.15505119784591082,0.1272533289030604,0,2009-07-31,2009-07-31,development
2009-01-30,VWO,6,0.28230452674897122,0.64368886818816939,-0.36138434143919818,0,2009-07-31,2009-07-31,development
2009-02-27,BND,6,0.4382022471910112,0.050757175250393249,0.38744507194061795,0,2009-08-31,2009-08-31,development
2009-02-27,DBC,6,0.4382022471910112,0.18942961800104663,0.24877262918996457,0,2009-08-31,2009-08-31,development
2009-02-27,GLD,6,0.4382022471910112,0.013386591816906046,0.42481565537410515,0,2009-08-31,2009-08-31,development
2009-02-27,VDE,6,0.4382022471910112,0.31637931034482736,0.12182293684618384,0,2009-08-31,2009-08-31,development
2009-02-27,VGT,6,0.4382022471910112,0.52395676251061296,-0.085754515319601765,0,2009-08-31,2009-08-31,development
2009-02-27,VIG,6,0.4382022471910112,0.32932118505173325,0.10888106213927795,0,2009-08-31,2009-08-31,development
2009-02-27,VWO,6,0.4382022471910112,0.70276717557251889,-0.26456492838150769,0,2009-08-31,2009-08-31,development
2009-03-31,BND,6,0.21518987341772156,0.053765000717004074,0.16142487270071748,0,2009-09-30,2009-09-30,development
2009-03-31,DBC,6,0.21518987341772156,0.03339787028073582,0.18179200313698574,0,2009-09-30,2009-09-30,development
2009-03-31,GLD,6,0.21518987341772156,0.069577682214136072,0.14561219120358548,0,2009-09-30,2009-09-30,development
2009-03-31,VDE,6,0.21518987341772156,0.24849921011058473,-0.033309336692863178,0,2009-09-30,2009-09-30,development
2009-03-31,VGT,6,0.21518987341772156,0.38976377952755903,-0.17457390610983747,0,2009-09-30,2009-09-30,development
2009-03-31,VIG,6,0.21518987341772156,0.23736697197021717,-0.022177098552495611,0,2009-09-30,2009-09-30,development
2009-03-31,VWO,6,0.21518987341772156,0.56090534979423867,-0.34571547637651712,0,2009-09-30,2009-09-30,development
2009-04-30,BND,6,0.034928848641655685,0.04983787626143843,-0.014909027619782744,0,2009-10-30,2009-10-30,development
2009-04-30,DBC,6,0.034928848641655685,0.17338308457711427,-0.13845423593545858,0,2009-10-30,2009-10-30,development
2009-04-30,GLD,6,0.034928848641655685,0.1427775300936247,-0.10784868145196902,0,2009-10-30,2009-10-30,development
2009-04-30,VDE,6,0.034928848641655685,0.2180890955452226,-0.18316024690356691,0,2009-10-30,2009-10-30,development
2009-04-30,VGT,6,0.034928848641655685,0.25662589194699281,-0.22169704330533713,0,2009-10-30,2009-10-30,development
2009-04-30,VIG,6,0.034928848641655685,0.18956794865566584,-0.15463910001401016,0,2009-10-30,2009-10-30,development
2009-04-30,VWO,6,0.034928848641655685,0.38540899042004417,-0.35048014177838849,0,2009-10-30,2009-10-30,development
2009-05-29,BND,6,0.029758214507129566,0.056932021606177718,-0.027173807099048153,0,2009-11-30,2009-11-30,development
2009-05-29,DBC,6,0.029758214507129566,0.049935428325441178,-0.020177213818311612,0,2009-11-30,2009-11-30,development
2009-05-29,GLD,6,0.029758214507129566,0.19604989604989598,-0.16629168154276641,0,2009-11-30,2009-11-30,development
2009-05-29,VDE,6,0.029758214507129566,0.11069717935071854,-0.080938964843588979,0,2009-11-30,2009-11-30,development
2009-05-29,VGT,6,0.029758214507129566,0.26898579127878497,-0.2392275767716554,0,2009-11-30,2009-11-30,development
2009-05-29,VIG,6,0.029758214507129566,0.18621643949774103,-0.15645822499061146,0,2009-11-30,2009-11-30,development
2009-05-29,VWO,6,0.029758214507129566,0.224095646842428,-0.19433743233529843,0,2009-11-30,2009-11-30,development
2009-06-30,BND,6,0.19534883720930218,0.034817075445747081,0.1605317617635551,0,2009-12-31,2009-12-31,development
2009-06-30,DBC,6,0.19534883720930218,0.079351161771153089,0.11599767543814909,0,2009-12-31,2009-12-31,development
2009-06-30,GLD,6,0.19534883720930218,0.1627478600065011,0.032600977202801085,0,2009-12-31,2009-12-31,development
2009-06-30,VDE,6,0.19534883720930218,0.21497946642685872,-0.019630629217556539,0,2009-12-31,2009-12-31,development
2009-06-30,VGT,6,0.19534883720930218,0.29432618688925483,-0.098977349679952642,0,2009-12-31,2009-12-31,development
2009-06-30,VIG,6,0.19534883720930218,0.19431788890577151,0.0010309483035306766,0,2009-12-31,2009-12-31,development
2009-06-30,VWO,6,0.19534883720930218,0.29883800424837492,-0.10348916703907274,0,2009-12-31,2009-12-31,development
2009-07-31,BND,6,0.074347849218419082,0.034446214393824004,0.039901634824595078,0,2010-01-29,2010-01-29,development
2009-07-31,DBC,6,0.074347849218419082,-0.01519097222222221,0.089538821440641292,0,2010-01-29,2010-01-29,development
2009-07-31,GLD,6,0.074347849218419082,0.13508302088912694,-0.060735171670707855,0,2010-01-29,2010-01-29,development
2009-07-31,VDE,6,0.074347849218419082,0.096025776535170193,-0.021677927316751111,0,2010-01-29,2010-01-29,development
2009-07-31,VGT,6,0.074347849218419082,0.088014980164372369,-0.013667130945953287,0,2010-01-29,2010-01-29,development
2009-07-31,VIG,6,0.074347849218419082,0.094972413344376783,-0.020624564125957701,0,2010-01-29,2010-01-29,development
2009-07-31,VWO,6,0.074347849218419082,0.098124538413996154,-0.023776689195577072,0,2010-01-29,2010-01-29,development
2009-08-31,BND,6,0.040491767289474678,0.029390056793486163,0.011101710495988515,0,2010-02-26,2010-02-26,development
2009-08-31,DBC,6,0.040491767289474678,0.039595248570171382,0.00089651871930329641,0,2010-02-26,2010-02-26,development
2009-08-31,GLD,6,0.040491767289474678,0.16576115904974964,-0.12526939176027496,0,2010-02-26,2010-02-26,development
2009-08-31,VDE,6,0.040491767289474678,0.085910339704660776,-0.045418572415186098,0,2010-02-26,2010-02-26,development
2009-08-31,VGT,6,0.040491767289474678,0.099597142288635476,-0.059105374999160798,0,2010-02-26,2010-02-26,development
2009-08-31,VIG,6,0.040491767289474678,0.08903609614345509,-0.048544328853980412,0,2010-02-26,2010-02-26,development
2009-08-31,VWO,6,0.040491767289474678,0.10630118372225383,-0.065809416432779155,0,2010-02-26,2010-02-26,development
2009-09-30,BND,6,0.19203609500342456,0.014691040436855651,0.1773450545665689,0,2010-03-31,2010-03-31,development
2009-09-30,DBC,6,0.19203609500342456,0.07587822014051504,0.11615787486290952,0,2010-03-31,2010-03-31,development
2009-09-30,GLD,6,0.19203609500342456,0.11948453608247434,0.072551558920950221,0,2010-03-31,2010-03-31,development
2009-09-30,VDE,6,0.19203609500342456,0.052551140916951233,0.13948495408647332,0,2010-03-31,2010-03-31,development
2009-09-30,VGT,6,0.19203609500342456,0.14350009107035877,0.048536003933065786,0,2010-03-31,2010-03-31,development
2009-09-30,VIG,6,0.19203609500342456,0.1151678588024776,0.07686823620094696,0,2010-03-31,2010-03-31,development
2009-09-30,VWO,6,0.19203609500342456,0.10184672448833432,0.090189370515090239,0,2010-03-31,2010-03-31,development
2009-10-30,BND,6,0.26761625592066318,0.02300640874753479,0.24460984717312839,0,2010-04-30,2010-04-30,development
2009-10-30,DBC,6,0.26761625592066318,0.036251854992580101,0.23136440092808308,0,2010-04-30,2010-04-30,development
2009-10-30,GLD,6,0.26761625592066318,0.12513410709060757,0.14248214883005561,0,2010-04-30,2010-04-30,development
2009-10-30,VDE,6,0.26761625592066318,0.096238282370040507,0.17137797355062268,0,2010-04-30,2010-04-30,development
2009-10-30,VGT,6,0.26761625592066318,0.16988885439690993,0.097727401523753255,0,2010-04-30,2010-04-30,development
2009-10-30,VIG,6,0.26761625592066318,0.13979810308885021,0.12781815283181297,0,2010-04-30,2010-04-30,development
2009-10-30,VWO,6,0.26761625592066318,0.13361815997235715,0.13399809594830603,0,2010-04-30,2010-04-30,development
2009-11-30,BND,6,0.19067339433648112,0.020706254208293418,0.1699671401281877,0,2010-05-31,2010-05-31,development
2009-11-30,DBC,6,0.19067339433648112,-0.099630996309963082,0.2903043906464442,0,2010-05-31,2010-05-31,development
2009-11-30,GLD,6,0.19067339433648112,0.033208760646619151,0.15746463368986197,0,2010-05-31,2010-05-31,development
2009-11-30,VDE,6,0.19067339433648112,-0.060905616187452494,0.25157901052393361,0,2010-05-31,2010-05-31,development
2009-11-30,VGT,6,0.19067339433648112,0.024630475116887096,0.16604291921959402,0,2010-05-31,2010-05-31,development
2009-11-30,VIG,6,0.19067339433648112,0.003730390933971206,0.18694300340250991,0,2010-05-31,2010-05-31,development
2009-11-30,VWO,6,0.19067339433648112,-0.030496405126293924,0.22116979946277504,0,2010-05-31,2010-05-31,development
2009-12-31,BND,6,0.093725963144448032,0.046635551735543235,0.047090411408904798,0,2010-06-30,2010-06-30,development
2009-12-31,DBC,6,0.093725963144448032,-0.092607636068237298,0.18633359921268533,0,2010-06-30,2010-06-30,development
2009-12-31,GLD,6,0.093725963144448032,0.14397539837852946,-0.05024943523408143,0,2010-06-30,2010-06-30,development
2009-12-31,VDE,6,0.093725963144448032,-0.078685378433489217,0.17241134157793725,0,2010-06-30,2010-06-30,development
2009-12-31,VGT,6,0.093725963144448032,-0.047566976489885282,0.14129293963433331,0,2010-06-30,2010-06-30,development
2009-12-31,VIG,6,0.093725963144448032,-0.023901730997933246,0.11762769414238128,0,2010-06-30,2010-06-30,development
2009-12-31,VMBS,6,0.093725963144448032,0.043811230816362512,0.04991473232808552,0,2010-06-30,2010-06-30,development
2009-12-31,VWO,6,0.093725963144448032,-0.023170731707317094,0.11689669485176513,0,2010-06-30,2010-06-30,development
2010-01-29,BND,6,0.18455971049457176,0.04689793905955808,0.13766177143501368,0,2010-07-30,2010-07-30,development
2010-01-29,DBC,6,0.18455971049457176,0.0088144557073599472,0.17574525478721181,0,2010-07-30,2010-07-30,development
2010-01-29,GLD,6,0.18455971049457176,0.089939599848999574,0.094620110645572186,0,2010-07-30,2010-07-30,development
2010-01-29,VDE,6,0.18455971049457176,-0.013909774436090316,0.19846948493066208,0,2010-07-30,2010-07-30,development
2010-01-29,VGT,6,0.18455971049457176,0.05240174672489073,0.13215796376968103,0,2010-07-30,2010-07-30,development
2010-01-29,VIG,6,0.18455971049457176,0.033319450292649266,0.15124026020192249,0,2010-07-30,2010-07-30,development
2010-01-29,VMBS,6,0.18455971049457176,0.037862879721438647,0.14669683077313311,0,2010-07-30,2010-07-30,development
2010-01-29,VWO,6,0.18455971049457176,0.094926778242677701,0.08963293225189406,0,2010-07-30,2010-07-30,development
2010-02-26,BND,6,0.16034985422740533,0.053248381475195616,0.10710147275220971,0,2010-08-31,2010-08-31,development
2010-02-26,DBC,6,0.16034985422740533,-0.046127803639441356,0.20647765786684669,0,2010-08-31,2010-08-31,development
2010-02-26,GLD,6,0.16034985422740533,0.1058210728319473,0.054528781395458026,0,2010-08-31,2010-08-31,development
2010-02-26,VDE,6,0.16034985422740533,-0.064350379251284506,0.22470023347868984,0,2010-08-31,2010-08-31,development
2010-02-26,VGT,6,0.16034985422740533,-0.043494776828110204,0.20384463105551553,0,2010-08-31,2010-08-31,development
2010-02-26,VIG,6,0.16034985422740533,-0.012033966788100092,0.17238382101550542,0,2010-08-31,2010-08-31,development
2010-02-26,VMBS,6,0.16034985422740533,0.035524456142404626,0.1248253980850007,0,2010-08-31,2010-08-31,development
2010-02-26,VWO,6,0.16034985422740533,0.057713531854604927,0.1026363223728004,0,2010-08-31,2010-08-31,development
2010-03-31,BND,6,0.10742086144265706,0.057759537850968323,0.049661323591688733,0,2010-09-30,2010-09-30,development
2010-03-31,DBC,6,0.10742086144265706,0.037004788855028226,0.070416072587628831,0,2010-09-30,2010-09-30,development
2010-03-31,GLD,6,0.10742086144265706,0.16668201491850065,-0.059261153475843598,0,2010-09-30,2010-09-30,development
2010-03-31,VDE,6,0.10742086144265706,-0.0060053651993660084,0.11342622664202306,0,2010-09-30,2010-09-30,development
2010-03-31,VGT,6,0.10742086144265706,-0.0087111111111111139,0.11613197255376817,0,2010-09-30,2010-09-30,development
2010-03-31,VIG,6,0.10742086144265706,0.015367616787348881,0.092053244655308175,0,2010-09-30,2010-09-30,development
2010-03-31,VMBS,6,0.10742086144265706,0.030526410609481802,0.076894450833175254,0,2010-09-30,2010-09-30,development
2010-03-31,VWO,6,0.10742086144265706,0.088021338506304447,0.019399522936352609,0,2010-09-30,2010-09-30,development
2010-04-30,BND,6,0.053260328521652633,0.054211719358732369,-0.00095139083707973526,0,2010-10-29,2010-10-29,development
2010-04-30,DBC,6,0.053260328521652633,0.030278232405891892,0.022982096115760742,0,2010-10-29,2010-10-29,development
2010-04-30,GLD,6,0.053260328521652633,0.14961858529819705,-0.096358256776544415,0,2010-10-29,2010-10-29,development
2010-04-30,VDE,6,0.053260328521652633,-0.0093425999772130952,0.062602928498865729,0,2010-10-29,2010-10-29,development
2010-04-30,VGT,6,0.053260328521652633,0.030303030303030276,0.022957298218622357,0,2010-10-29,2010-10-29,development
2010-04-30,VIG,6,0.053260328521652633,0.015044818707231178,0.038215509814421456,0,2010-10-29,2010-10-29,development
2010-04-30,VMBS,6,0.053260328521652633,0.041960606174922921,0.011299722346729713,0,2010-10-29,2010-10-29,development
2010-04-30,VWO,6,0.053260328521652633,0.11436043747028046,-0.061100108948627829,0,2010-10-29,2010-10-29,development
2010-05-31,BND,6,0.054109239407861054,0.034226153461448972,0.019883085946412082,0,2010-11-30,2010-11-30,development
2010-05-31,DBC,6,0.054109239407861054,0.1502732240437159,-0.096163984635854849,0,2010-11-30,2010-11-30,development
2010-05-31,GLD,6,0.054109239407861054,0.1196911196911199,-0.065581880283258842,0,2010-11-30,2010-11-30,development
2010-05-31,VDE,6,0.054109239407861054,0.19549747703454523,-0.14138823762668418,0,2010-11-30,2010-11-30,development
2010-05-31,VGT,6,0.054109239407861054,0.13098618209350765,-0.076876942685646599,0,2010-11-30,2010-11-30,development
2010-05-31,VIG,6,0.054109239407861054,0.10186608803463737,-0.047756848626776316,0,2010-11-30,2010-11-30,development
2010-05-31,VMBS,6,0.054109239407861054,0.024931332269477302,0.029177907138383752,0,2010-11-30,2010-11-30,development
2010-05-31,VWO,6,0.054109239407861054,0.19371727748691114,-0.13960803807905009,0,2010-11-30,2010-11-30,development
2010-06-30,BND,6,0.068114115476359371,0.014572015578529385,0.053542099897829987,0,2010-12-31,2010-12-31,development
2010-06-30,DBC,6,0.068114115476359371,0.23321396598030453,-0.16509985050394516,0,2010-12-31,2010-12-31,development
2010-06-30,GLD,6,0.068114115476359371,0.13000977517106538,-0.061895659694706007,0,2010-12-31,2010-12-31,development
2010-06-30,VDE,6,0.068114115476359371,0.31419875102321826,-0.24608463554685889,0,2010-12-31,2010-12-31,development
2010-06-30,VGT,6,0.068114115476359371,0.18408679570744524,-0.11597268023108587,0,2010-12-31,2010-12-31,development
2010-06-30,VIG,6,0.068114115476359371,0.17519626245317488,-0.10708214697681551,0,2010-12-31,2010-12-31,development
2010-06-30,VMBS,6,0.068114115476359371,0.0098582878150248465,0.058255827661334525,0,2010-12-31,2010-12-31,development
2010-06-30,VWO,6,0.068114115476359371,0.22290143463761969,-0.15478731916126032,0,2010-12-31,2010-12-31,development
2010-07-30,BND,6,0.070044198042062078,0.0036932962770894751,0.066350901764972603,0,2011-01-31,2011-01-31,development
2010-07-30,DBC,6,0.070044198042062078,0.22717343818261249,-0.15712924014055041,0,2011-01-31,2011-01-31,development
2010-07-30,GLD,6,0.070044198042062078,0.12806303576067202,-0.058018837718609939,0,2011-01-31,2011-01-31,development
2010-07-30,VDE,6,0.070044198042062078,0.33660089703777696,-0.26655669899571488,0,2011-01-31,2011-01-31,development
2010-07-30,VGT,6,0.070044198042062078,0.20505838424245182,-0.13501418620038974,0,2011-01-31,2011-01-31,development
2010-07-30,VIG,6,0.070044198042062078,0.14505155014477356,-0.075007352102711478,0,2011-01-31,2011-01-31,development
2010-07-30,VMBS,6,0.070044198042062078,0.0043443131453746453,0.065699884896687433,0,2011-01-31,2011-01-31,development
2010-07-30,VWO,6,0.070044198042062078,0.11784872494471843,-0.047804526902656352,0,2011-01-31,2011-01-31,development
2010-08-31,BND,6,0.097425321552387256,-0.0054079659347704423,0.1028332874871577,0,2011-02-28,2011-02-28,development
2010-08-31,DBC,6,0.097425321552387256,0.31632653061224492,-0.21890120905985766,0,2011-02-28,2011-02-28,development
2010-08-31,GLD,6,0.097425321552387256,0.13531113131146166,-0.037885809759074407,0,2011-02-28,2011-02-28,development
2010-08-31,VDE,6,0.097425321552387256,0.50910463852421661,-0.41167931697182936,0,2011-02-28,2011-02-28,development
2010-08-31,VGT,6,0.097425321552387256,0.30745756484036835,-0.21003224328798109,0,2011-02-28,2011-02-28,development
2010-08-31,VIG,6,0.097425321552387256,0.20917080549581146,-0.11174548394342421,0,2011-02-28,2011-02-28,development
2010-08-31,VMBS,6,0.097425321552387256,0.0076864381920729308,0.089738883360314325,0,2011-02-28,2011-02-28,development
2010-08-31,VWO,6,0.097425321552387256,0.13581337718879194,-0.038388055636404683,0,2011-02-28,2011-02-28,development
2010-09-30,BND,6,0.045412576580755371,-0.0048081798327399561,0.050220756413495327,0,2011-03-31,2011-03-31,development
2010-09-30,DBC,6,0.045412576580755371,0.27287993282955525,-0.22746735624879988,0,2011-03-31,2011-03-31,development
2010-09-30,GLD,6,0.045412576580755371,0.099218565001183867,-0.053805988420428497,0,2011-03-31,2011-03-31,development
2010-09-30,VDE,6,0.045412576580755371,0.42727732891323589,-0.38186475233248052,0,2011-03-31,2011-03-31,development
2010-09-30,VGT,6,0.045412576580755371,0.15359962550504358,-0.10818704892428821,0,2011-03-31,2011-03-31,development
2010-09-30,VIG,6,0.045412576580755371,0.13815648751862919,-0.092743910937873819,0,2011-03-31,2011-03-31,development
2010-09-30,VMBS,6,0.045412576580755371,0.014412426627014252,0.031000149953741118,0,2011-03-31,2011-03-31,development
2010-09-30,VOO,6,0.045412576580755371,0.15552831385809829,-0.11011573727734292,0,2011-03-31,2011-03-31,development
2010-09-30,VWO,6,0.045412576580755371,0.083464595496689276,-0.038052018915933905,0,2011-03-31,2011-03-31,development
2010-10-29,BND,6,0.10835949565833092,-0.00033096025079848435,0.1086904559091294,0,2011-04-29,2011-04-29,development
2010-10-29,DBC,6,0.10835949565833092,0.26687847498014272,-0.1585189793218118,0,2011-04-29,2011-04-29,development
2010-10-29,GLD,6,0.10835949565833092,0.14892173126225305,-0.040562235603922137,0,2011-04-29,2011-04-29,development
2010-10-29,VDE,6,0.10835949565833092,0.37549282387543914,-0.26713332821710822,0,2011-04-29,2011-04-29,development
2010-10-29,VGT,6,0.10835949565833092,0.12538607845544991,-0.017026582797118994,0,2011-04-29,2011-04-29,development
2010-10-29,VIG,6,0.10835949565833092,0.15906131400446699,-0.050701818346136074,0,2011-04-29,2011-04-29,development
2010-10-29,VMBS,6,0.10835949565833092,0.0080640353960068634,0.10029546026232405,0,2011-04-29,2011-04-29,development
2010-10-29,VOO,6,0.10835949565833092,0.16277421734080644,-0.05441472168247552,0,2011-04-29,2011-04-29,development
2010-10-29,VWO,6,0.10835949565833092,0.098219944922423918,0.010139550735906999,0,2011-04-29,2011-04-29,development
2010-11-30,BND,6,0.11709747673944904,0.018274376531204561,0.098823100208244474,0,2011-05-31,2011-05-31,development
2010-11-30,DBC,6,0.11709747673944904,0.19081551860649237,-0.073718041867043338,0,2011-05-31,2011-05-31,development
2010-11-30,GLD,6,0.11709747673944904,0.12463376155059702,-0.0075362848111479863,0,2011-05-31,2011-05-31,development
2010-11-30,VDE,6,0.11709747673944904,0.22454217798319709,-0.10744470124374805,0,2011-05-31,2011-05-31,development
2010-11-30,VGT,6,0.11709747673944904,0.078079371937946895,0.03901810480150214,0,2011-05-31,2011-05-31,development
2010-11-30,VIG,6,0.11709747673944904,0.12517489092993062,-0.0080774141904815799,0,2011-05-31,2011-05-31,development
2010-11-30,VMBS,6,0.11709747673944904,0.017916696362126894,0.099180780377322142,0,2011-05-31,2011-05-31,development
2010-11-30,VOO,6,0.11709747673944904,0.13000864554114133,-0.012911168801692297,0,2011-05-31,2011-05-31,development
2010-11-30,VWO,6,0.11709747673944904,0.077496954933008233,0.039600521806440803,0,2011-05-31,2011-05-31,development
2010-12-31,BND,6,0.055731070696799945,0.036338491712083254,0.019392578984716691,0,2011-06-30,2011-06-30,development
2010-12-31,DBC,6,0.055731070696799945,0.025771324863883782,0.029959745832916163,0,2011-06-30,2011-06-30,development
2010-12-31,GLD,6,0.055731070696799945,0.054354094579007972,0.0013769761177919726,0,2011-06-30,2011-06-30,development
2010-12-31,VDE,6,0.055731070696799945,0.045651696249318974,0.010079374447480971,0,2011-06-30,2011-06-30,development
2010-12-31,VGT,6,0.055731070696799945,-0.018203865741004077,0.073934936437804022,0,2011-06-30,2011-06-30,development
2010-12-31,VIG,6,0.055731070696799945,0.036704310847250676,0.019026759849549268,0,2011-06-30,2011-06-30,development
2010-12-31,VMBS,6,0.055731070696799945,0.031131660702795605,0.02459940999400434,0,2011-06-30,2011-06-30,development
2010-12-31,VOO,6,0.055731070696799945,0.016939544239807702,0.038791526456992242,0,2011-06-30,2011-06-30,development
2010-12-31,VWO,6,0.055731070696799945,-0.031279857101316866,0.087010927798116811,0,2011-06-30,2011-06-30,development
2011-01-31,BND,6,0.0010172939979653517,0.039447232979183511,-0.038429938981218159,0,2011-07-29,2011-07-29,development
2011-01-31,DBC,6,0.0010172939979653517,0.077963688145247678,-0.076946394147282327,0,2011-07-29,2011-07-29,development
2011-01-31,GLD,6,0.0010172939979653517,0.21499846484494922,-0.21398117084698387,0,2011-07-29,2011-07-29,development
2011-01-31,VDE,6,0.0010172939979653517,0.081271064034665441,-0.080253770036700089,0,2011-07-29,2011-07-29,development
2011-01-31,VGT,6,0.0010172939979653517,-0.0040931989924434253,0.005110492990408777,0,2011-07-29,2011-07-29,development
2011-01-31,VIG,6,0.0010172939979653517,0.029549476880409209,-0.028532182882443857,0,2011-07-29,2011-07-29,development
2011-01-31,VMBS,6,0.0010172939979653517,0.031890810698742333,-0.030873516700776982,0,2011-07-29,2011-07-29,development
2011-01-31,VOO,6,0.0010172939979653517,0.021464157789661931,-0.020446863791696579,0,2011-07-29,2011-07-29,development
2011-01-31,VWO,6,0.0010172939979653517,0.050206476852858062,-0.04918918285489271,0,2011-07-29,2011-07-29,development
2011-02-28,BND,6,-0.10719530102790009,0.056490075025896314,-0.16368537605379641,0,2011-08-31,2011-08-31,development
2011-02-28,DBC,6,-0.10719530102790009,-0.0021907650825750968,-0.10500453594532499,0,2011-08-31,2011-08-31,development
2011-02-28,GLD,6,-0.10719530102790009,0.29178070226518393,-0.39897600329308403,0,2011-08-31,2011-08-31,development
2011-02-28,VDE,6,-0.10719530102790009,-0.15514215514215512,0.047946854114255033,0,2011-08-31,2011-08-31,development
2011-02-28,VGT,6,-0.10719530102790009,-0.1257256339749464,0.018530332947046313,0,2011-08-31,2011-08-31,development
2011-02-28,VIG,6,-0.10719530102790009,-0.067054002058360207,-0.040141298969539885,0,2011-08-31,2011-08-31,development
2011-02-28,VMBS,6,-0.10719530102790009,0.04559156106888218,-0.15278686209678227,0,2011-08-31,2011-08-31,development
2011-02-28,VOO,6,-0.10719530102790009,-0.10132868190466349,-0.0058666191232366049,0,2011-08-31,2011-08-31,development
2011-02-28,VWO,6,-0.10719530102790009,-0.095897853844064129,-0.011297447183835962,0,2011-08-31,2011-08-31,development
2011-02-28,VXUS,6,-0.10719530102790009,-0.12257809410834308,0.015382793080442991,0,2011-08-31,2011-08-31,development
2011-03-31,BND,6,-0.14901772879731667,0.061504821039205071,-0.21052254983652174,0,2011-09-30,2011-09-30,development
2011-03-31,DBC,6,-0.14901772879731667,-0.15072559366754634,0.0017078648702296695,0,2011-09-30,2011-09-30,development
2011-03-31,GLD,6,-0.14901772879731667,0.13499928191871335,-0.28401701071603003,0,2011-09-30,2011-09-30,development
2011-03-31,VDE,6,-0.14901772879731667,-0.24843314763231195,0.099415418834995273,0,2011-09-30,2011-09-30,development
2011-03-31,VGT,6,-0.14901772879731667,-0.11243158717748258,-0.036586141619834089,0,2011-09-30,2011-09-30,development
2011-03-31,VIG,6,-0.14901772879731667,-0.10274693610079588,-0.046270792696520791,0,2011-09-30,2011-09-30,development
2011-03-31,VMBS,6,-0.14901772879731667,0.040535335403033557,-0.18955306420035023,0,2011-09-30,2011-09-30,development
2011-03-31,VOO,6,-0.14901772879731667,-0.12868043976184906,-0.020337289035467609,0,2011-09-30,2011-09-30,development
2011-03-31,VWO,6,-0.14901772879731667,-0.25026156099602426,0.10124383219870758,0,2011-09-30,2011-09-30,development
2011-03-31,VXUS,6,-0.14901772879731667,-0.19589068422102529,0.046872955423708618,0,2011-09-30,2011-09-30,development
2011-04-29,BND,6,-0.11257976298997274,0.044813572896508669,-0.15739333588648141,0,2011-10-31,2011-10-31,development
2011-04-29,DBC,6,-0.11257976298997274,-0.11755485893416928,0.0049750959441965392,0,2011-10-31,2011-10-31,development
2011-04-29,GLD,6,-0.11257976298997274,0.11321126205946053,-0.22579102504943327,0,2011-10-31,2011-10-31,development
2011-04-29,VDE,6,-0.11257976298997274,-0.094673554068930521,-0.017906208921042222,0,2011-10-31,2011-10-31,development
2011-04-29,VGT,6,-0.11257976298997274,-0.018750566550838621,-0.093829196439134122,0,2011-10-31,2011-10-31,development
2011-04-29,VIG,6,-0.11257976298997274,-0.038124012385157613,-0.07445575060481513,0,2011-10-31,2011-10-31,development
2011-04-29,VMBS,6,-0.11257976298997274,0.02873756036372721,-0.14131732335369995,0,2011-10-31,2011-10-31,development
2011-04-29,VOO,6,-0.11257976298997274,-0.04727886856358432,-0.065300894426388423,0,2011-10-31,2011-10-31,development
2011-04-29,VWO,6,-0.11257976298997274,-0.14565217391304364,0.033072410923070894,0,2011-10-31,2011-10-31,development
2011-04-29,VXUS,6,-0.11257976298997274,-0.13389355742296905,0.021313794432996302,0,2011-10-31,2011-10-31,development
2011-05-31,BND,6,-0.18535681186283604,0.041641958063930673,-0.22699876992676671,0,2011-11-30,2011-11-30,development
2011-05-31,DBC,6,-0.18535681186283604,-0.1143617021276595,-0.070995109735176531,0,2011-11-30,2011-11-30,development
2011-05-31,GLD,6,-0.18535681186283604,0.091516366065464316,-0.27687317792830035,0,2011-11-30,2011-11-30,development
2011-05-31,VDE,6,-0.18535681186283604,-0.1618331543143573,-0.023523657548478738,0,2011-11-30,2011-11-30,development
2011-05-31,VGT,6,-0.18535681186283604,-0.088226108682073812,-0.097130703180762223,0,2011-11-30,2011-11-30,development
2011-05-31,VIG,6,-0.18535681186283604,-0.084210772571999049,-0.10114603929083699,0,2011-11-30,2011-11-30,development
2011-05-31,VMBS,6,-0.18535681186283604,0.026482804240578917,-0.21183961610341495,0,2011-11-30,2011-11-30,development
2011-05-31,VOO,6,-0.18535681186283604,-0.12031647289066638,-0.065040338972169653,0,2011-11-30,2011-11-30,development
2011-05-31,VWO,6,-0.18535681186283604,-0.23374741200828153,0.048390600145445495,0,2011-11-30,2011-11-30,development
2011-05-31,VXUS,6,-0.18535681186283604,-0.22938647909339593,0.044029667230559899,0,2011-11-30,2011-11-30,development
2011-06-30,BND,6,-0.051070038910505655,0.041368710462882596,-0.092438749373388251,0,2011-12-30,2011-12-30,development
2011-06-30,DBC,6,-0.051070038910505655,-0.050247699929228617,-0.00082233898127703764,0,2011-12-30,2011-12-30,development
2011-06-30,GLD,6,-0.051070038910505655,0.039176808423355691,-0.090246847333861346,0,2011-12-30,2011-12-30,development
2011-06-30,VDE,6,-0.051070038910505655,-0.01673456531079287,-0.034335473599712785,0,2011-12-30,2011-12-30,development
2011-06-30,VGT,6,-0.051070038910505655,0.024150046045571694,-0.075220084956077349,0,2011-12-30,2011-12-30,development
2011-06-30,VIG,6,-0.051070038910505655,0.024141686722963351,-0.075211725633469007,0,2011-12-30,2011-12-30,development
2011-06-30,VMBS,6,-0.051070038910505655,0.027771592079018026,-0.078841630989523681,0,2011-12-30,2011-12-30,development
2011-06-30,VOO,6,-0.051070038910505655,0.0019691945146678158,-0.053039233425173471,0,2011-12-30,2011-12-30,development
2011-06-30,VWO,6,-0.051070038910505655,-0.16141686990780446,0.11034683099729881,0,2011-12-30,2011-12-30,development
2011-06-30,VXUS,6,-0.051070038910505655,-0.13529188590451424,0.084221846994008587,0,2011-12-30,2011-12-30,development
2011-07-29,BND,6,0.058403481142348612,0.04039536917615294,0.018008111966195672,0,2012-01-31,2012-01-31,development
2011-07-29,DBC,6,0.058403481142348612,-0.069022457067371312,0.12742593820971992,0,2012-01-31,2012-01-31,development
2011-07-29,GLD,6,0.058403481142348612,0.067471097352959752,-0.0090676162106111402,0,2012-01-31,2012-01-31,development
2011-07-29,VDE,6,0.058403481142348612,-0.056891850249973341,0.11529533139232195,0,2012-01-31,2012-01-31,development
2011-07-29,VGT,6,0.058403481142348612,0.052098772474566957,0.0063047086677816555,0,2012-01-31,2012-01-31,development
2011-07-29,VIG,6,0.058403481142348612,0.055405471127686567,0.0029980100146620448,0,2012-01-31,2012-01-31,development
2011-07-29,VMBS,6,0.058403481142348612,0.028291774255989832,0.03011170688635878,0,2012-01-31,2012-01-31,development
2011-07-29,VOO,6,0.058403481142348612,0.031245105427218034,0.027158375715130578,0,2012-01-31,2012-01-31,development
2011-07-29,VWO,6,0.058403481142348612,-0.096941192829056333,0.15534467397140495,0,2012-01-31,2012-01-31,development
2011-07-29,VXUS,6,0.058403481142348612,-0.097804937985084495,0.15620841912743311,0,2012-01-31,2012-01-31,development
2011-08-31,BND,6,0.19785796253716392,0.025183995441938389,0.17267396709522553,0,2012-02-29,2012-02-29,development
2011-08-31,DBC,6,0.19785796253716392,0.0025333558520519439,0.19532460668511198,0,2012-02-29,2012-02-29,development
2011-08-31,GLD,6,0.19785796253716392,-0.029520482335042564,0.22737844487220649,0,2012-02-29,2012-02-29,development
2011-08-31,VDE,6,0.19785796253716392,0.17362859670732766,0.024229365829836258,0,2012-02-29,2012-02-29,development
2011-08-31,VGT,6,0.19785796253716392,0.24590725215299325,-0.048049289615829327,0,2012-02-29,2012-02-29,development
2011-08-31,VIG,6,0.19785796253716392,0.15302949930668852,0.044828463230475402,0,2012-02-29,2012-02-29,development
2011-08-31,VMBS,6,0.19785796253716392,0.014420549116935577,0.18343741342022835,0,2012-02-29,2012-02-29,development
2011-08-31,VOO,6,0.19785796253716392,0.17505577035897213,0.022802192178191794,0,2012-02-29,2012-02-29,development
2011-08-31,VWO,6,0.19785796253716392,0.095196101262019051,0.10266186127514487,0,2012-02-29,2012-02-29,development
2011-08-31,VXUS,6,0.19785796253716392,0.075215149613423904,0.12264281292374002,0,2012-02-29,2012-02-29,development
2011-09-30,BND,6,0.33069479224784071,0.013975167658303089,0.31671962458953762,0,2012-03-30,2012-03-30,development
2011-09-30,DBC,6,0.33069479224784071,0.11844660194174761,0.2122481903060931,0,2012-03-30,2012-03-30,development
2011-09-30,GLD,6,0.33069479224784071,0.025686448184233823,0.30500834406360688,0,2012-03-30,2012-03-30,development
2011-09-30,VDE,6,0.33069479224784071,0.23833842385779413,0.092356368390046573,0,2012-03-30,2012-03-30,development
2011-09-30,VGT,6,0.33069479224784071,0.3173126017209742,0.013382190526866511,0,2012-03-30,2012-03-30,development
2011-09-30,VIG,6,0.33069479224784071,0.21390686356249056,0.11678792868535015,0,2012-03-30,2012-03-30,development
2011-09-30,VMBS,6,0.33069479224784071,0.014702435548265225,0.31599235669957548,0,2012-03-30,2012-03-30,development
2011-09-30,VOO,6,0.33069479224784071,0.25655966099111294,0.074135131256727771,0,2012-03-30,2012-03-30,development
2011-09-30,VWO,6,0.33069479224784071,0.24185376255930779,0.088841029688532913,0,2012-03-30,2012-03-30,development
2011-09-30,VXUS,6,0.33069479224784071,0.1680853674549585,0.16260942479288221,0,2012-03-30,2012-03-30,development
2011-10-31,BND,6,0.12637355597850997,0.027480432270838628,0.098893123707671338,0,2012-04-30,2012-04-30,development
2011-10-31,DBC,6,0.12637355597850997,0.0053285968028420339,0.12104495917566793,0,2012-04-30,2012-04-30,development
2011-10-31,GLD,6,0.12637355597850997,-0.048579176983846284,0.17495273296235625,0,2012-04-30,2012-04-30,development
2011-10-31,VDE,6,0.12637355597850997,-0.014946876674130971,0.14132043265264094,0,2012-04-30,2012-04-30,development
2011-10-31,VGT,6,0.12637355597850997,0.1381385986958259,-0.011765042717315932,0,2012-04-30,2012-04-30,development
2011-10-31,VIG,6,0.12637355597850997,0.083075913399945689,0.043297642578564277,0,2012-04-30,2012-04-30,development
2011-10-31,VMBS,6,0.12637355597850997,0.02401558939415005,0.10235796658435992,0,2012-04-30,2012-04-30,development
2011-10-31,VOO,6,0.12637355597850997,0.10331762521208909,0.023055930766420873,0,2012-04-30,2012-04-30,development
2011-10-31,VWO,6,0.12637355597850997,0.010570928753180775,0.11580262722532919,0,2012-04-30,2012-04-30,development
2011-10-31,VXUS,6,0.12637355597850997,-0.00073030051510614147,0.12710385649361611,0,2012-04-30,2012-04-30,development
2011-11-30,BND,6,0.25326780476002453,0.024109145649992447,0.22915865911003208,0,2012-05-31,2012-05-31,development
2011-11-30,DBC,6,0.25326780476002453,-0.02214714714714705,0.27541495190717158,0,2012-05-31,2012-05-31,development
2011-11-30,GLD,6,0.25326780476002453,-0.06560587515299876,0.31887367991302329,0,2012-05-31,2012-05-31,development
2011-11-30,VDE,6,0.25326780476002453,0.030529200835697656,0.22273860392432687,0,2012-05-31,2012-05-31,development
2011-11-30,VGT,6,0.25326780476002453,0.15469457364245187,0.098573231117572657,0,2012-05-31,2012-05-31,development
2011-11-30,VIG,6,0.25326780476002453,0.11481787783737496,0.13844992692264957,0,2012-05-31,2012-05-31,development
2011-11-30,VMBS,6,0.25326780476002453,0.023436116104338822,0.22983168865568571,0,2012-05-31,2012-05-31,development
2011-11-30,VOO,6,0.25326780476002453,0.14936705908335179,0.10390074567667273,0,2012-05-31,2012-05-31,development
2011-11-30,VWO,6,0.25326780476002453,0.039081793771953421,0.21418601098807111,0,2012-05-31,2012-05-31,development
2011-11-30,VXUS,6,0.25326780476002453,0.044072533040695028,0.2091952717193295,0,2012-05-31,2012-05-31,development
2011-12-30,BND,6,0.088528959507944593,0.022320599397261498,0.066208360110683095,0,2012-06-29,2012-06-29,development
2011-12-30,DBC,6,0.088528959507944593,-0.040611028315946429,0.12913998782389102,0,2012-06-29,2012-06-29,development
2011-12-30,GLD,6,0.088528959507944593,0.021054016711625767,0.067474942796318826,0,2012-06-29,2012-06-29,development
2011-12-30,VDE,6,0.088528959507944593,-0.034917170915583662,0.12344613042352826,0,2012-06-29,2012-06-29,development
2011-12-30,VGT,6,0.088528959507944593,0.1199283037314649,-0.031399344223520309,0,2012-06-29,2012-06-29,development
2011-12-30,VIG,6,0.088528959507944593,0.048094452350840422,0.040434507157104171,0,2012-06-29,2012-06-29,development
2011-12-30,VMBS,6,0.088528959507944593,0.016924689156634809,0.071604270351309784,0,2012-06-29,2012-06-29,development
2011-12-30,VOO,6,0.088528959507944593,0.094564836479597458,-0.0060358769716528649,0,2012-06-29,2012-06-29,development
2011-12-30,VWO,6,0.088528959507944593,0.045014394137660174,0.043514565370284419,0,2012-06-29,2012-06-29,development
2011-12-30,VXUS,6,0.088528959507944593,0.032762836185819211,0.055766123322125383,0,2012-06-29,2012-06-29,development
2012-01-31,BND,6,-0.031815956926089073,0.027447362193400826,-0.059263319119489899,0,2012-07-31,2012-07-31,development
2012-01-31,DBC,6,-0.031815956926089073,-0.027314650585313904,-0.0045013063407751686,0,2012-07-31,2012-07-31,development
2012-01-31,GLD,6,-0.031815956926089073,-0.067645144108421706,0.035829187182332634,0,2012-07-31,2012-07-31,development
2012-01-31,VDE,6,-0.031815956926089073,-0.021117296985985856,-0.010698659940103217,0,2012-07-31,2012-07-31,development
2012-01-31,VGT,6,-0.031815956926089073,0.045733757383007667,-0.07754971430909674,0,2012-07-31,2012-07-31,development
2012-01-31,VIG,6,-0.031815956926089073,0.043723226608108012,-0.075539183534197085,0,2012-07-31,2012-07-31,development
2012-01-31,VMBS,6,-0.031815956926089073,0.018622147613732043,-0.050438104539821116,0,2012-07-31,2012-07-31,development
2012-01-31,VOO,6,-0.031815956926089073,0.063639282198886038,-0.095455239124975111,0,2012-07-31,2012-07-31,development
2012-01-31,VWO,6,-0.031815956926089073,-0.052545155993431902,0.020729199067342829,0,2012-07-31,2012-07-31,development
2012-01-31,VXUS,6,-0.031815956926089073,-0.031299614425039923,-0.00051634250104914958,0,2012-07-31,2012-07-31,development
2012-02-29,BND,6,-0.08866075594960332,0.030365529034840133,-0.11902628498444345,0,2012-08-31,2012-08-31,development
2012-02-29,DBC,6,-0.08866075594960332,-0.029986522911051305,-0.058674233038552015,0,2012-08-31,2012-08-31,development
2012-02-29,GLD,6,-0.08866075594960332,-0.046513113202617418,-0.042147642746985903,0,2012-08-31,2012-08-31,development
2012-02-29,VDE,6,-0.08866075594960332,-0.070259086002159021,-0.018401669947444299,0,2012-08-31,2012-08-31,development
2012-02-29,VGT,6,-0.08866075594960332,0.026717557251908497,-0.11537831320151182,0,2012-08-31,2012-08-31,development
2012-02-29,VIG,6,-0.08866075594960332,0.031391654895695842,-0.12005241084529916,0,2012-08-31,2012-08-31,development
2012-02-29,VMBS,6,-0.08866075594960332,0.023196923427997618,-0.11185767937760094,0,2012-08-31,2012-08-31,development
2012-02-29,VOO,6,-0.08866075594960332,0.042097440031772848,-0.13075819598137617,0,2012-08-31,2012-08-31,development
2012-02-29,VWO,6,-0.08866075594960332,-0.098899123792406174,0.010238367842802854,0,2012-08-31,2012-08-31,development
2012-02-29,VXUS,6,-0.08866075594960332,-0.060311284046692615,-0.028349471902910706,0,2012-08-31,2012-08-31,development
2012-03-30,BND,6,-0.10526315789473706,0.036749279970406556,-0.14201243786514361,0,2012-09-28,2012-09-28,development
2012-03-30,DBC,6,-0.10526315789473706,-0.0041666666666666519,-0.10109649122807041,0,2012-09-28,2012-09-28,development
2012-03-30,GLD,6,-0.10526315789473706,0.060264001973846515,-0.16552715986858357,0,2012-09-28,2012-09-28,development
2012-03-30,VDE,6,-0.10526315789473706,0.01711351968054764,-0.1223766775752847,0,2012-09-28,2012-09-28,development
2012-03-30,VGT,6,-0.10526315789473706,-0.010514963602049066,-0.094748194292687993,0,2012-09-28,2012-09-28,development
2012-03-30,VIG,6,-0.10526315789473706,0.030555756292437009,-0.13581891418717407,0,2012-09-28,2012-09-28,development
2012-03-30,VMBS,6,-0.10526315789473706,0.025452107813298541,-0.1307152657080356,0,2012-09-28,2012-09-28,development
2012-03-30,VOO,6,-0.10526315789473706,0.034680746081788838,-0.1399439039765259,0,2012-09-28,2012-09-28,development
2012-03-30,VWO,6,-0.10526315789473706,-0.028445089246361466,-0.076818068648375593,0,2012-09-28,2012-09-28,development
2012-03-30,VXUS,6,-0.10526315789473706,-0.015496251040904241,-0.089766906853832817,0,2012-09-28,2012-09-28,development
2012-04-30,BND,6,0.049744304974430387,0.023736006595024506,0.026008298379405881,0,2012-10-31,2012-10-31,development
2012-04-30,DBC,6,0.049744304974430387,-0.025441696113074452,0.075186001087504839,0,2012-10-31,2012-10-31,development
2012-04-30,GLD,6,0.049744304974430387,0.028194323955880618,0.021549981018549769,0,2012-10-31,2012-10-31,development
2012-04-30,VDE,6,0.049744304974430387,0.0088803088803088848,0.040863996094121502,0,2012-10-31,2012-10-31,development
2012-04-30,VGT,6,0.049744304974430387,-0.058454884239721117,0.1081991892141515,0,2012-10-31,2012-10-31,development
2012-04-30,VIG,6,0.049744304974430387,0.012769690123180855,0.036974614851249532,0,2012-10-31,2012-10-31,development
2012-04-30,VMBS,6,0.049744304974430387,0.014646359334809178,0.035097945639621209,0,2012-10-31,2012-10-31,development
2012-04-30,VOO,6,0.049744304974430387,0.017429432501977704,0.032314872472452683,0,2012-10-31,2012-10-31,development
2012-04-30,VWO,6,0.049744304974430387,-0.014493917491717023,0.06423822246614741,0,2012-10-31,2012-10-31,development
2012-04-30,VXUS,6,0.049744304974430387,0.0079024166430741172,0.04184188833135627,0,2012-10-31,2012-10-31,development
2012-05-31,BND,6,0.026948187533282653,0.023974219247951734,0.0029739682853309191,0,2012-11-30,2012-11-30,development
2012-05-31,DBC,6,0.026948187533282653,0.078694817658349292,-0.051746630125066639,0,2012-11-30,2012-11-30,development
2012-05-31,GLD,6,0.026948187533282653,0.087568771286350655,-0.060620583753068003,0,2012-11-30,2012-11-30,development
2012-05-31,VDE,6,0.026948187533282653,0.084904666596439471,-0.057956479063156818,0,2012-11-30,2012-11-30,development
2012-05-31,VGT,6,0.026948187533282653,0.042308267304529856,-0.015360079771247204,0,2012-11-30,2012-11-30,development
2012-05-31,VIG,6,0.026948187533282653,0.077556495269752723,-0.050608307736470071,0,2012-11-30,2012-11-30,development
2012-05-31,VMBS,6,0.026948187533282653,0.010048403938934358,0.016899783594348294,0,2012-11-30,2012-11-30,development
2012-05-31,VOO,6,0.026948187533282653,0.086220242211489051,-0.059272054678206398,0,2012-11-30,2012-11-30,development
2012-05-31,VWO,6,0.026948187533282653,0.13207673266145137,-0.10512854512816872,0,2012-11-30,2012-11-30,development
2012-05-31,VXUS,6,0.026948187533282653,0.15833079083188184,-0.13138260329859919,0,2012-11-30,2012-11-30,development
2012-06-29,BND,6,0.045348630503718956,0.016610657768785897,0.028737972734933059,0,2012-12-31,2012-12-31,development
2012-06-29,DBC,6,0.045348630503718956,0.073009708737864054,-0.027661078234145098,0,2012-12-31,2012-12-31,development
2012-06-29,GLD,6,0.045348630503718956,0.034473870739093915,0.010874759764625042,0,2012-12-31,2012-12-31,development
2012-06-29,VDE,6,0.045348630503718956,0.049647759599146468,-0.0042991290954275119,0,2012-12-31,2012-12-31,development
2012-06-29,VGT,6,0.045348630503718956,-0.0026148207877502161,0.047963451291469172,0,2012-12-31,2012-12-31,development
2012-06-29,VIG,6,0.045348630503718956,0.050196367972255462,-0.004847737468536506,0,2012-12-31,2012-12-31,development
2012-06-29,VMBS,6,0.045348630503718956,0.006848564329772211,0.038500066173946745,0,2012-12-31,2012-12-31,development
2012-06-29,VOO,6,0.045348630503718956,0.041705373559995484,0.0036432569437234719,0,2012-12-31,2012-12-31,development
2012-06-29,VWO,6,0.045348630503718956,0.12389628223818838,-0.078547651734469426,0,2012-12-31,2012-12-31,development
2012-06-29,VXUS,6,0.045348630503718956,0.12821933084904269,-0.082870700345323733,0,2012-12-31,2012-12-31,development
2012-07-31,BND,6,0.20978195764512497,0.00085101182277513843,0.20893094582234983,0,2013-01-31,2013-01-31,development
2012-07-31,DBC,6,0.20978195764512497,0.02151714077315825,0.18826481687196672,0,2013-01-31,2013-01-31,development
2012-07-31,GLD,6,0.20978195764512497,0.019741018154119772,0.1900409394910052,0,2013-01-31,2013-01-31,development
2012-07-31,VDE,6,0.20978195764512497,0.10092289574634794,0.10885906189877703,0,2013-01-31,2013-01-31,development
2012-07-31,VGT,6,0.20978195764512497,0.037032096041406115,0.17274986160371886,0,2013-01-31,2013-01-31,development
2012-07-31,VIG,6,0.20978195764512497,0.10356267156706433,0.10621928607806064,0,2013-01-31,2013-01-31,development
2012-07-31,VMBS,6,0.20978195764512497,-0.0032881247432465788,0.21307008238837155,0,2013-01-31,2013-01-31,development
2012-07-31,VOO,6,0.20978195764512497,0.09713494459073635,0.11264701305438862,0,2013-01-31,2013-01-31,development
2012-07-31,VWO,6,0.20978195764512497,0.12831472235143848,0.081467235293686491,0,2013-01-31,2013-01-31,development
2012-07-31,VXUS,6,0.20978195764512497,0.16511640017787332,0.044665557467251649,0,2013-01-31,2013-01-31,development
2012-08-31,BND,6,0.33842814234667706,-0.0038471275670260985,0.34227526991370316,0,2013-02-28,2013-02-28,development
2012-08-31,DBC,6,0.33842814234667706,-0.041333796457103111,0.37976193880378017,0,2013-02-28,2013-02-28,development
2012-08-31,GLD,6,0.33842814234667706,-0.068505663134819095,0.40693380548149616,0,2013-02-28,2013-02-28,development
2012-08-31,VDE,6,0.33842814234667706,0.095106563924939769,0.24332157842173729,0,2013-02-28,2013-02-28,development
2012-08-31,VGT,6,0.33842814234667706,-0.007258801406404225,0.34568694375308129,0,2013-02-28,2013-02-28,development
2012-08-31,VIG,6,0.33842814234667706,0.098222704379991255,0.24020543796668581,0,2013-02-28,2013-02-28,development
2012-08-31,VMBS,6,0.33842814234667706,-0.0079103973359231361,0.3463385396826002,0,2013-02-28,2013-02-28,development
2012-08-31,VOO,6,0.33842814234667706,0.089527463922030037,0.24890067842464703,0,2013-02-28,2013-02-28,development
2012-08-31,VWO,6,0.33842814234667706,0.11406354781441097,0.22436459453226609,0,2013-02-28,2013-02-28,development
2012-08-31,VXUS,6,0.33842814234667706,0.13303666935309888,0.20539147299357818,0,2013-02-28,2013-02-28,development
2012-09-28,BND,6,0.28838401073347142,-0.00092127156570398494,0.2893052822991754,0,2013-03-29,2013-03-29,development
2012-09-28,DBC,6,0.28838401073347142,-0.04776847977684795,0.33615249051031937,0,2013-03-29,2013-03-29,development
2012-09-28,GLD,6,0.28838401073347142,-0.10134388271569017,0.38972789344916159,0,2013-03-29,2013-03-29,development
2012-09-28,VDE,6,0.28838401073347142,0.07957558909832807,0.20880842163514335,0,2013-03-29,2013-03-29,development
2012-09-28,VGT,6,0.28838401073347142,0.0052165891643616291,0.28316742156910979,0,2013-03-29,2013-03-29,development
2012-09-28,VIG,6,0.28838401073347142,0.1149515185964185,0.17343249213705292,0,2013-03-29,2013-03-29,development
2012-09-28,VMBS,6,0.28838401073347142,-0.0068378520281416888,0.29522186276161311,0,2013-03-29,2013-03-29,development
2012-09-28,VOO,6,0.28838401073347142,0.099680332139139294,0.18870367859433212,0,2013-03-29,2013-03-29,development
2012-09-28,VWO,6,0.28838401073347142,0.040167460850243808,0.24821654988322761,0,2013-03-29,2013-03-29,development
2012-09-28,VXUS,6,0.28838401073347142,0.10275039256442109,0.18563361816905033,0,2013-03-29,2013-03-29,development
2012-10-31,BND,6,0.1796497132965762,0.011119289412659938,0.16853042388391626,0,2013-04-30,2013-04-30,development
2012-10-31,DBC,6,0.1796497132965762,-0.052936910804930903,0.2325866241015071,0,2013-04-30,2013-04-30,development
2012-10-31,GLD,6,0.1796497132965762,-0.15078647622491415,0.33043618952149034,0,2013-04-30,2013-04-30,development
2012-10-31,VDE,6,0.1796497132965762,0.075534004078455785,0.10411570921812041,0,2013-04-30,2013-04-30,development
2012-10-31,VGT,6,0.1796497132965762,0.047289450838541303,0.13236026245803489,0,2013-04-30,2013-04-30,development
2012-10-31,VIG,6,0.1796497132965762,0.14247553376382993,0.037174179532746265,0,2013-04-30,2013-04-30,development
2012-10-31,VMBS,6,0.1796497132965762,0.0014083662812554021,0.17824134701532079,0,2013-04-30,2013-04-30,development
2012-10-31,VOO,6,0.1796497132965762,0.13310294876887374,0.046546764527702456,0,2013-04-30,2013-04-30,development
2012-10-31,VWO,6,0.1796497132965762,0.041379714285432412,0.13826999901114378,0,2013-04-30,2013-04-30,development
2012-10-31,VXUS,6,0.1796497132965762,0.11440968351201963,0.065240029784556564,0,2013-04-30,2013-04-30,development
2012-11-30,BND,6,0.21454992750621371,-0.011889919733746313,0.22643984723996002,0,2013-05-31,2013-05-31,development
2012-11-30,DBC,6,0.21454992750621371,-0.079715302491103146,0.29426522999731686,0,2013-05-31,2013-05-31,development
2012-11-30,GLD,6,0.21454992750621371,-0.19349593495934969,0.4080458624655634,0,2013-05-31,2013-05-31,development
2012-11-30,VDE,6,0.21454992750621371,0.13664108845988032,0.077908839046333389,0,2013-05-31,2013-05-31,development
2012-11-30,VGT,6,0.21454992750621371,0.10908328199183992,0.10546664551437379,0,2013-05-31,2013-05-31,development
2012-11-30,VIG,6,0.21454992750621371,0.14476788278938058,0.069782044716833136,0,2013-05-31,2013-05-31,development
2012-11-30,VMBS,6,0.21454992750621371,-0.010902379992536959,0.22545230749875067,0,2013-05-31,2013-05-31,development
2012-11-30,VOO,6,0.21454992750621371,0.16506056214765441,0.049489365358559301,0,2013-05-31,2013-05-31,development
2012-11-30,VWO,6,0.21454992750621371,0.00021315165603219555,0.21433677585018152,0,2013-05-31,2013-05-31,development
2012-11-30,VXUS,6,0.21454992750621371,0.072617037962946496,0.14193288954326722,0,2013-05-31,2013-05-31,development
2012-12-31,BND,6,0.23445129107981222,-0.027338489655697407,0.26178978073550963,0,2013-06-28,2013-06-28,development
2012-12-31,DBC,6,0.23445129107981222,-0.090481360839666958,0.32493265191947918,0,2013-06-28,2013-06-28,development
2012-12-31,GLD,6,0.23445129107981222,-0.25806652547651676,0.49251781655632898,0,2013-06-28,2013-06-28,development
2012-12-31,VDE,6,0.23445129107981222,0.12226769138636584,0.11218359969344638,0,2013-06-28,2013-06-28,development
2012-12-31,VGT,6,0.23445129107981222,0.092278163295437698,0.14217312778437452,0,2013-06-28,2013-06-28,development
2012-12-31,VIG,6,0.23445129107981222,0.13806570551724628,0.096385585562565934,0,2013-06-28,2013-06-28,development
2012-12-31,VMBS,6,0.23445129107981222,-0.021119438944983693,0.25557073002479591,0,2013-06-28,2013-06-28,development
2012-12-31,VOO,6,0.23445129107981222,0.15550885879340681,0.078942432286405406,0,2013-06-28,2013-06-28,development
2012-12-31,VWO,6,0.23445129107981222,-0.10283727657326558,0.3372885676530778,0,2013-06-28,2013-06-28,development
2012-12-31,VXUS,6,0.23445129107981222,0.0031875034393031854,0.23126378764050903,0,2013-06-28,2013-06-28,development
2013-01-31,BND,6,0.14891736632788333,-0.01781661585316674,0.16673398218105007,0,2013-07-31,2013-07-31,development
2013-01-31,DBC,6,0.14891736632788333,-0.077115315958586228,0.22603268228646956,0,2013-07-31,2013-07-31,development
2013-01-31,GLD,6,0.14891736632788333,-0.19838157485216312,0.34729894118004645,0,2013-07-31,2013-07-31,development
2013-01-31,VDE,6,0.14891736632788333,0.081434407625964544,0.067482958701918783,0,2013-07-31,2013-07-31,development
2013-01-31,VGT,6,0.14891736632788333,0.096678445229682053,0.052238921098201274,0,2013-07-31,2013-07-31,development
2013-01-31,VIG,6,0.14891736632788333,0.11319182766723035,0.035725538660652978,0,2013-07-31,2013-07-31,development
2013-01-31,VMBS,6,0.14891736632788333,-0.014086673963520147,0.16300404029140347,0,2013-07-31,2013-07-31,development
2013-01-31,VOO,6,0.14891736632788333,0.13659723486902164,0.012320131458861683,0,2013-07-31,2013-07-31,development
2013-01-31,VWO,6,0.14891736632788333,-0.087720646541213587,0.23663801286909691,0,2013-07-31,2013-07-31,development
2013-01-31,VXUS,6,0.14891736632788333,0.016041893389224127,0.1328754729386592,0,2013-07-31,2013-07-31,development
2013-02-28,BND,6,0.014158576051779947,-0.025740810720457974,0.039899386772237921,0,2013-08-30,2013-08-30,development
2013-02-28,DBC,6,0.014158576051779947,-0.034057971014492816,0.048216547066272764,0,2013-08-30,2013-08-30,development
2013-02-28,GLD,6,0.014158576051779947,-0.11995816173105833,0.13411673778283828,0,2013-08-30,2013-08-30,development
2013-02-28,VDE,6,0.014158576051779947,0.049531700288184322,-0.035373124236404374,0,2013-08-30,2013-08-30,development
2013-02-28,VGT,6,0.014158576051779947,0.090258281864121326,-0.076099705812341378,0,2013-08-30,2013-08-30,development
2013-02-28,VIG,6,0.014158576051779947,0.06470950602821679,-0.050550929976436842,0,2013-08-30,2013-08-30,development
2013-02-28,VMBS,6,0.014158576051779947,-0.020354266766596685,0.034512842818376632,0,2013-08-30,2013-08-30,development
2013-02-28,VOO,6,0.014158576051779947,0.086875411238243494,-0.072716835186463546,0,2013-08-30,2013-08-30,development
2013-02-28,VWO,6,0.014158576051779947,-0.12390394918753744,0.13806252523931739,0,2013-08-30,2013-08-30,development
2013-02-28,VXUS,6,0.014158576051779947,-0.0042687366194813503,0.018427312671261298,0,2013-08-30,2013-08-30,development
2013-03-29,BND,6,0.081123862287297177,-0.020148290420347714,0.10127215270764489,0,2013-09-30,2013-09-30,development
2013-03-29,DBC,6,0.081123862287297177,-0.052727938484071646,0.13385180077136882,0,2013-09-30,2013-09-30,development
2013-03-29,GLD,6,0.081123862287297177,-0.16508059817440279,0.24620446046169997,0,2013-09-30,2013-09-30,development
2013-03-29,VDE,6,0.081123862287297177,0.061159650516282804,0.019964211771014373,0,2013-09-30,2013-09-30,development
2013-03-29,VGT,6,0.081123862287297177,0.11289437585733864,-0.031770513570041459,0,2013-09-30,2013-09-30,development
2013-03-29,VIG,6,0.081123862287297177,0.075609495503777602,0.0055143667835195753,0,2013-09-30,2013-09-30,development
2013-03-29,VMBS,6,0.081123862287297177,-0.0088435410487800459,0.089967403336077223,0,2013-09-30,2013-09-30,development
2013-03-29,VOO,6,0.081123862287297177,0.091703973410486528,-0.010580111123189351,0,2013-09-30,2013-09-30,development
2013-03-29,VWO,6,0.081123862287297177,-0.034953865641158766,0.11607772792845594,0,2013-09-30,2013-09-30,development
2013-03-29,VXUS,6,0.081123862287297177,0.072386066433814511,0.0087377958534826661,0,2013-09-30,2013-09-30,development
2013-04-30,BND,6,0.050019849146486495,-0.01904455996843657,0.069064409114923064,0,2013-10-31,2013-10-31,development
2013-04-30,DBC,6,0.050019849146486495,-0.0099540581929556948,0.05997390733944219,0,2013-10-31,2013-10-31,development
2013-04-30,GLD,6,0.050019849146486495,-0.07416081186572987,0.12418066101221636,0,2013-10-31,2013-10-31,development
2013-04-30,VDE,6,0.050019849146486495,0.13065554447366035,-0.080635695327173851,0,2013-10-31,2013-10-31,development
2013-04-30,VGT,6,0.050019849146486495,0.1717284814555633,-0.1217086323090768,0,2013-10-31,2013-10-31,development
2013-04-30,VIG,6,0.050019849146486495,0.10661115322974912,-0.056591304083262628,0,2013-10-31,2013-10-31,development
2013-04-30,VMBS,6,0.050019849146486495,-0.0065221371278748608,0.056541986274361355,0,2013-10-31,2013-10-31,development
2013-04-30,VOO,6,0.050019849146486495,0.12384860039652801,-0.073828751250041513,0,2013-10-31,2013-10-31,development
2013-04-30,VWO,6,0.050019849146486495,0.0062085808135519116,0.043811268332934583,0,2013-10-31,2013-10-31,development
2013-04-30,VXUS,6,0.050019849146486495,0.088899135770195592,-0.038879286623709097,0,2013-10-31,2013-10-31,development
2013-05-31,BND,6,0.095723813260102153,-0.0047727826611353441,0.1004965959212375,0,2013-11-29,2013-11-29,development
2013-05-31,DBC,6,0.095723813260102153,-0.013534416086620205,0.10925822934672236,0,2013-11-29,2013-11-29,development
2013-05-31,GLD,6,0.095723813260102153,-0.098715651135005911,0.19443946439510806,0,2013-11-29,2013-11-29,development
2013-05-31,VDE,6,0.095723813260102153,0.087766652154984914,0.0079571611051172386,0,2013-11-29,2013-11-29,development
2013-05-31,VGT,6,0.095723813260102153,0.13390052356020932,-0.038176710300107164,0,2013-11-29,2013-11-29,development
2013-05-31,VIG,6,0.095723813260102153,0.10923542367735761,-0.01351161041725546,0,2013-11-29,2013-11-29,development
2013-05-31,VMBS,6,0.095723813260102153,0.0012525026122847116,0.094471310647817441,0,2013-11-29,2013-11-29,development
2013-05-31,VOO,6,0.095723813260102153,0.1181754240252193,-0.022451610765117147,0,2013-11-29,2013-11-29,development
2013-05-31,VWO,6,0.095723813260102153,0.020285265585314738,0.075438547674787415,0,2013-11-29,2013-11-29,development
2013-05-31,VXUS,6,0.095723813260102153,0.1034972984950302,-0.0077734852349280459,0,2013-11-29,2013-11-29,development
2013-06-28,BND,6,0.064909520062942594,0.0042006121356716886,0.060708907927270905,0,2013-12-31,2013-12-31,development
2013-06-28,DBC,6,0.064909520062942594,0.028651014723438228,0.036258505339504365,0,2013-12-31,2013-12-31,development
2013-06-28,GLD,6,0.064909520062942594,-0.016707245403408622,0.081616765466351215,0,2013-12-31,2013-12-31,development
2013-06-28,VDE,6,0.064909520062942594,0.1438884640147915,-0.078978943951848901,0,2013-12-31,2013-12-31,development
2013-06-28,VGT,6,0.064909520062942594,0.21598754279626342,-0.15107802273332083,0,2013-12-31,2013-12-31,development
2013-06-28,VIG,6,0.064909520062942594,0.14490368043815272,-0.079994160375210122,0,2013-12-31,2013-12-31,development
2013-06-28,VMBS,6,0.064909520062942594,0.0055872066968587486,0.059322313366083845,0,2013-12-31,2013-12-31,development
2013-06-28,VOO,6,0.064909520062942594,0.1604051819519845,-0.095495661889041905,0,2013-12-31,2013-12-31,development
2013-06-28,VWO,6,0.064909520062942594,0.062702481538127408,0.0022070385248151858,0,2013-12-31,2013-12-31,development
2013-06-28,VXUS,6,0.064909520062942594,0.15157920818908366,-0.086669688126141065,0,2013-12-31,2013-12-31,development
2013-07-31,BND,6,-0.070111662531017305,0.017544827950796815,-0.08765649048181412,0,2014-01-31,2014-01-31,development
2013-07-31,DBC,6,-0.070111662531017305,-0.037524177949709969,-0.032587484581307335,0,2014-01-31,2014-01-31,development
2013-07-31,GLD,6,-0.070111662531017305,-0.067479422270538936,-0.002632240260478369,0,2014-01-31,2014-01-31,development
2013-07-31,VDE,6,-0.070111662531017305,0.01395578882468218,-0.084067451355699485,0,2014-01-31,2014-01-31,development
2013-07-31,VGT,6,-0.070111662531017305,0.13908948591790438,-0.20920114844892168,0,2014-01-31,2014-01-31,development
2013-07-31,VIG,6,-0.070111662531017305,0.033424280675676821,-0.10353594320669413,0,2014-01-31,2014-01-31,development
2013-07-31,VMBS,6,-0.070111662531017305,0.020936660182568456,-0.091048322713585761,0,2014-01-31,2014-01-31,development
2013-07-31,VOO,6,-0.070111662531017305,0.064787641755834624,-0.13489930428685193,0,2014-01-31,2014-01-31,development
2013-07-31,VWO,6,-0.070111662531017305,-0.046769447381789897,-0.023342215149227408,0,2014-01-31,2014-01-31,development
2013-07-31,VXUS,6,-0.070111662531017305,0.039583011491827191,-0.1096946740228445,0,2014-01-31,2014-01-31,development
2013-08-30,BND,6,0.01625448743518132,0.030797310974922221,-0.014542823539740901,0,2014-02-28,2014-02-28,development
2013-08-30,DBC,6,0.01625448743518132,-0.019879969992498081,0.036134457427679401,0,2014-02-28,2014-02-28,development
2013-08-30,GLD,6,0.01625448743518132,-0.051998217203981567,0.068252704639162887,0,2014-02-28,2014-02-28,development
2013-08-30,VDE,6,0.01625448743518132,0.094126562279267523,-0.077872074844086203,0,2014-02-28,2014-02-28,development
2013-08-30,VGT,6,0.01625448743518132,0.19322436745048321,-0.17696988001530189,0,2014-02-28,2014-02-28,development
2013-08-30,VIG,6,0.01625448743518132,0.12575726410126586,-0.10950277666608454,0,2014-02-28,2014-02-28,development
2013-08-30,VMBS,6,0.01625448743518132,0.031014950176396994,-0.014760462741215674,0,2014-02-28,2014-02-28,development
2013-08-30,VOO,6,0.01625448743518132,0.15177837037558861,-0.13552388294040729,0,2014-02-28,2014-02-28,development
2013-08-30,VWO,6,0.01625448743518132,0.04515219645093338,-0.02889770901575206,0,2014-02-28,2014-02-28,development
2013-08-30,VXUS,6,0.01625448743518132,0.13166531068136655,-0.11541082324618523,0,2014-02-28,2014-02-28,development
2013-09-30,BND,6,-0.086861805129173963,0.018337447289471509,-0.10519925241864547,0,2014-03-31,2014-03-31,development
2013-09-30,DBC,6,-0.086861805129173963,0.010436799381523088,-0.097298604510697051,0,2014-03-31,2014-03-31,development
2013-09-30,GLD,6,-0.086861805129173963,-0.034193998604326592,-0.052667806524847371,0,2014-03-31,2014-03-31,development
2013-09-30,VDE,6,-0.086861805129173963,0.086527542412147884,-0.17338934754132185,0,2014-03-31,2014-03-31,development
2013-09-30,VGT,6,-0.086861805129173963,0.12838248915850681,-0.21524429428768077,0,2014-03-31,2014-03-31,development
2013-09-30,VIG,6,-0.086861805129173963,0.077650411184868151,-0.16451221631404211,0,2014-03-31,2014-03-31,development
2013-09-30,VMBS,6,-0.086861805129173963,0.01293696805977973,-0.099798773188953693,0,2014-03-31,2014-03-31,development
2013-09-30,VOO,6,-0.086861805129173963,0.10813111425697564,-0.1949929193861496,0,2014-03-31,2014-03-31,development
2013-09-30,VWO,6,-0.086861805129173963,0.0022906104887965295,-0.089152415617970493,0,2014-03-31,2014-03-31,development
2013-09-30,VXUS,6,-0.086861805129173963,0.042812652596448952,-0.12967445772562292,0,2014-03-31,2014-03-31,development
2013-10-31,BND,6,-0.064299652417830311,0.0142784828231175,-0.078578135240947811,0,2014-04-30,2014-04-30,development
2013-10-31,DBC,6,-0.064299652417830311,0.027455529775715526,-0.091755182193545837,0,2014-04-30,2014-04-30,development
2013-10-31,GLD,6,-0.064299652417830311,-0.03855587919668868,-0.02574377322114163,0,2014-04-30,2014-04-30,development
2013-10-31,VDE,6,-0.064299652417830311,0.093370293306276775,-0.15766994572410709,0,2014-04-30,2014-04-30,development
2013-10-31,VGT,6,-0.064299652417830311,0.077175446496554612,-0.14147509891438492,0,2014-04-30,2014-04-30,development
2013-10-31,VIG,6,-0.064299652417830311,0.049373739983952003,-0.11367339240178231,0,2014-04-30,2014-04-30,development
2013-10-31,VMBS,6,-0.064299652417830311,0.012325635626913245,-0.076625288044743556,0,2014-04-30,2014-04-30,development
2013-10-31,VOO,6,-0.064299652417830311,0.069623534973981993,-0.1339231873918123,0,2014-04-30,2014-04-30,development
2013-10-31,VWO,6,-0.064299652417830311,-0.03159380464669781,-0.032705847771132501,0,2014-04-30,2014-04-30,development
2013-10-31,VXUS,6,-0.064299652417830311,0.01685819399481403,-0.081157846412644341,0,2014-04-30,2014-04-30,development
2013-11-29,BND,6,-0.067695159557880857,0.030889828615370485,-0.098584988173251342,0,2014-05-30,2014-05-30,development
2013-11-29,DBC,6,-0.067695159557880857,0.020384163073304595,-0.088079322631185453,0,2014-05-30,2014-05-30,development
2013-11-29,GLD,6,-0.067695159557880857,-0.0022369511184755497,-0.065458208439405308,0,2014-05-30,2014-05-30,development
2013-11-29,VDE,6,-0.067695159557880857,0.11318939979016429,-0.18088455934804515,0,2014-05-30,2014-05-30,development
2013-11-29,VGT,6,-0.067695159557880857,0.095013336759321332,-0.16270849631720219,0,2014-05-30,2014-05-30,development
2013-11-29,VIG,6,-0.067695159557880857,0.050906279521168774,-0.11860143907904963,0,2014-05-30,2014-05-30,development
2013-11-29,VMBS,6,-0.067695159557880857,0.031383267875645382,-0.099078427433526239,0,2014-05-30,2014-05-30,development
2013-11-29,VOO,6,-0.067695159557880857,0.07617336399272201,-0.14386852355060287,0,2014-05-30,2014-05-30,development
2013-11-29,VWO,6,-0.067695159557880857,0.025880199729952702,-0.093575359287833559,0,2014-05-30,2014-05-30,development
2013-11-29,VXUS,6,-0.067695159557880857,0.051803537420739509,-0.11949869697862037,0,2014-05-30,2014-05-30,development
2013-12-31,BND,6,-0.029237222493654458,0.038779516990601115,-0.068016739484255573,0,2014-06-30,2014-06-30,development
2013-12-31,DBC,6,-0.029237222493654458,0.034429400386847053,-0.063666622880501511,0,2014-06-30,2014-06-30,development
2013-12-31,GLD,6,-0.029237222493654458,0.081454918032786816,-0.11069214052644127,0,2014-06-30,2014-06-30,development
2013-12-31,VDE,6,-0.029237222493654458,0.13775913910428872,-0.16699636159794318,0,2014-06-30,2014-06-30,development
2013-12-31,VGT,6,-0.029237222493654458,0.084157303370786307,-0.11339452586444076,0,2014-06-30,2014-06-30,development
2013-12-31,VIG,6,-0.029237222493654458,0.048505707161255573,-0.077742929654910031,0,2014-06-30,2014-06-30,development
2013-12-31,VMBS,6,-0.029237222493654458,0.040622223069679109,-0.069859445563333566,0,2014-06-30,2014-06-30,development
2013-12-31,VOO,6,-0.029237222493654458,0.075183660221628257,-0.10442088271528271,0,2014-06-30,2014-06-30,development
2013-12-31,VWO,6,-0.029237222493654458,0.075302581715710692,-0.10453980420936515,0,2014-06-30,2014-06-30,development
2013-12-31,VXUS,6,-0.029237222493654458,0.063977111595561409,-0.093214334089215867,0,2014-06-30,2014-06-30,development
2014-01-31,BND,6,0.040877796901893415,0.024047421536572022,0.016830375365321393,0,2014-07-31,2014-07-31,development
2014-01-31,DBC,6,0.040877796901893415,0.032556270096463003,0.0083215268054304126,0,2014-07-31,2014-07-31,development
2014-01-31,GLD,6,0.040877796901893415,0.047472728786743135,-0.0065949318848497196,0,2014-07-31,2014-07-31,development
2014-01-31,VDE,6,0.040877796901893415,0.20989214694978098,-0.16901435004788756,0,2014-07-31,2014-07-31,development
2014-01-31,VGT,6,0.040877796901893415,0.13380603842634953,-0.092928241524456112,0,2014-07-31,2014-07-31,development
2014-01-31,VIG,6,0.040877796901893415,0.097473003347408271,-0.056595206445514856,0,2014-07-31,2014-07-31,development
2014-01-31,VMBS,6,0.040877796901893415,0.020230978881800921,0.020646818020092494,0,2014-07-31,2014-07-31,development
2014-01-31,VOO,6,0.040877796901893415,0.12097206848037945,-0.080094271578486032,0,2014-07-31,2014-07-31,development
2014-01-31,VWO,6,0.040877796901893415,0.20662365444993203,-0.16574585754803861,0,2014-07-31,2014-07-31,development
2014-01-31,VXUS,6,0.040877796901893415,0.11937023722105655,-0.078492440319163137,0,2014-07-31,2014-07-31,development
2014-02-28,BND,6,0.021641486320947312,0.026483251351400616,-0.0048417650304533044,0,2014-08-29,2014-08-29,development
2014-02-28,DBC,6,0.021641486320947312,-0.04209720627631075,0.063738692597258062,0,2014-08-29,2014-08-29,development
2014-02-28,GLD,6,0.021641486320947312,-0.029462466698009782,0.051103953018957093,0,2014-08-29,2014-08-29,development
2014-02-28,VDE,6,0.021641486320947312,0.13544656397158583,-0.11380507765063852,0,2014-08-29,2014-08-29,development
2014-02-28,VGT,6,0.021641486320947312,0.10622750572581552,-0.084586019404868207,0,2014-08-29,2014-08-29,development
2014-02-28,VIG,6,0.021641486320947312,0.052027833969057191,-0.030386347648109879,0,2014-08-29,2014-08-29,development
2014-02-28,VMBS,6,0.021641486320947312,0.022176586044529545,-0.00053509972358223301,0,2014-08-29,2014-08-29,development
2014-02-28,VOO,6,0.021641486320947312,0.088054516937305927,-0.066413030616358615,0,2014-08-29,2014-08-29,development
2014-02-28,VWO,6,0.021641486320947312,0.18178649796098623,-0.16014501164003891,0,2014-08-29,2014-08-29,development
2014-02-28,VXUS,6,0.021641486320947312,0.050375834590496327,-0.028734348269549015,0,2014-08-29,2014-08-29,development
2014-03-31,BND,6,0.061718098415346256,0.021347586129614848,0.040370512285731408,0,2014-09-30,2014-09-30,development
2014-03-31,DBC,6,0.061718098415346256,-0.10137719969395576,0.16309529810930201,0,2014-09-30,2014-09-30,development
2014-03-31,GLD,6,0.061718098415346256,-0.060211946050096388,0.12193004446544264,0,2014-09-30,2014-09-30,development
2014-03-31,VDE,6,0.061718098415346256,0.037080314715276064,0.024637783700070193,0,2014-09-30,2014-09-30,development
2014-03-31,VGT,6,0.061718098415346256,0.1050016561775422,-0.043283557762195946,0,2014-09-30,2014-09-30,development
2014-03-31,VIG,6,0.061718098415346256,0.048327139091755456,0.013390959323590801,0,2014-09-30,2014-09-30,development
2014-03-31,VMBS,6,0.061718098415346256,0.022768147988706078,0.038949950426640179,0,2014-09-30,2014-09-30,development
2014-03-31,VOO,6,0.061718098415346256,0.078149742362870978,-0.016431643947524721,0,2014-09-30,2014-09-30,development
2014-03-31,VWO,6,0.061718098415346256,0.076791877195161895,-0.015073778779815639,0,2014-09-30,2014-09-30,development
2014-03-31,VXUS,6,0.061718098415346256,0.012290978627481852,0.049427119787864404,0,2014-09-30,2014-09-30,development
2014-04-30,BND,6,0.11013030685161818,0.021030952318884522,0.089099354532733654,0,2014-10-31,2014-10-31,development
2014-04-30,DBC,6,0.11013030685161818,-0.15995483628152052,0.27008514313313869,0,2014-10-31,2014-10-31,development
2014-04-30,GLD,6,0.11013030685161818,-0.10180977437614613,0.21194008122776431,0,2014-10-31,2014-10-31,development
2014-04-30,VDE,6,0.11013030685161818,-0.06031201015152643,0.17044231700314461,0,2014-10-31,2014-10-31,development
2014-04-30,VGT,6,0.11013030685161818,0.14312934319659254,-0.032999036344974364,0,2014-10-31,2014-10-31,development
2014-04-30,VIG,6,0.11013030685161818,0.059528275771436601,0.050602031080181575,0,2014-10-31,2014-10-31,development
2014-04-30,VMBS,6,0.11013030685161818,0.02494226294034485,0.085188043911273326,0,2014-10-31,2014-10-31,development
2014-04-30,VOO,6,0.11013030685161818,0.093312315690526448,0.016817991161091728,0,2014-10-31,2014-10-31,development
2014-04-30,VWO,6,0.11013030685161818,0.074774038903117734,0.035356267948500442,0,2014-10-31,2014-10-31,development
2014-04-30,VXUS,6,0.11013030685161818,-0.009827447827892466,0.11995775467951064,0,2014-10-31,2014-10-31,development
2014-05-30,BND,6,0.088294047143427701,0.019293459772859567,0.069000587370568134,0,2014-11-28,2014-11-28,development
2014-05-30,DBC,6,0.088294047143427701,-0.21552055320783703,0.30381460035126473,0,2014-11-28,2014-11-28,development
2014-05-30,GLD,6,0.088294047143427701,-0.069085775969442875,0.15737982311287058,0,2014-11-28,2014-11-28,development
2014-05-30,VDE,6,0.088294047143427701,-0.16399560922063672,0.25228965636406442,0,2014-11-28,2014-11-28,development
2014-05-30,VGT,6,0.088294047143427701,0.14096963239211502,-0.052675585248687318,0,2014-11-28,2014-11-28,development
2014-05-30,VIG,6,0.088294047143427701,0.066686932851974801,0.0216071142914529,0,2014-11-28,2014-11-28,development
2014-05-30,VMBS,6,0.088294047143427701,0.021167607624762219,0.067126439518665482,0,2014-11-28,2014-11-28,development
2014-05-30,VOO,6,0.088294047143427701,0.086301250317421641,0.0019927968260060602,0,2014-11-28,2014-11-28,development
2014-05-30,VWO,6,0.088294047143427701,0.01885902979920262,0.069435017344225081,0,2014-11-28,2014-11-28,development
2014-05-30,VXUS,6,0.088294047143427701,-0.043767444914697085,0.13206149205812479,0,2014-11-28,2014-11-28,development
2014-06-30,BND,6,0.069279493269992054,0.016657098331837705,0.052622394938154349,0,2014-12-31,2014-12-31,development
2014-06-30,DBC,6,0.069279493269992054,-0.29730740463724759,0.36658689790723964,0,2014-12-31,2014-12-31,development
2014-06-30,GLD,6,0.069279493269992054,-0.093399652613295414,0.16267914588328747,0,2014-12-31,2014-12-31,development
2014-06-30,VDE,6,0.069279493269992054,-0.19832215426706845,0.26760164753706051,0,2014-12-31,2014-12-31,development
2014-06-30,VGT,6,0.069279493269992054,0.12035796813239719,-0.051078474862405132,0,2014-12-31,2014-12-31,development
2014-06-30,VIG,6,0.069279493269992054,0.067730018834326833,0.0015494744356652213,0,2014-12-31,2014-12-31,development
2014-06-30,VMBS,6,0.069279493269992054,0.017412681572101629,0.051866811697890425,0,2014-12-31,2014-12-31,development
2014-06-30,VOO,6,0.069279493269992054,0.076028000791324324,-0.0067485075213322698,0,2014-12-31,2014-12-31,development
2014-06-30,VWO,6,0.069279493269992054,-0.059640250175624576,0.12891974344561663,0,2014-12-31,2014-12-31,development
2014-06-30,VXUS,6,0.069279493269992054,-0.080421976947864793,0.14970147021785685,0,2014-12-31,2014-12-31,development
2014-07-31,BND,6,0.072757337742868966,0.041953134927727342,0.030804202815141624,0,2015-01-30,2015-01-30,development
2014-07-31,DBC,6,0.072757337742868966,-0.32269365511872328,0.39545099286159224,0,2015-01-30,2015-01-30,development
2014-07-31,GLD,6,0.072757337742868966,-0.018610234436485906,0.091367572179354872,0,2015-01-30,2015-01-30,development
2014-07-31,VDE,6,0.072757337742868966,-0.24491389303628497,0.31767123077915393,0,2015-01-30,2015-01-30,development
2014-07-31,VGT,6,0.072757337742868966,0.028387375907406476,0.04436996183546249,0,2015-01-30,2015-01-30,development
2014-07-31,VIG,6,0.072757337742868966,0.020266353804442971,0.052490983938425995,0,2015-01-30,2015-01-30,development
2014-07-31,VMBS,6,0.072757337742868966,0.029532663599171949,0.043224674143697017,0,2015-01-30,2015-01-30,development
2014-07-31,VOO,6,0.072757337742868966,0.01986525401877004,0.052892083724098926,0,2015-01-30,2015-01-30,development
2014-07-31,VWO,6,0.072757337742868966,-0.097503701629675255,0.17026103937254422,0,2015-01-30,2015-01-30,development
2014-07-31,VXUS,6,0.072757337742868966,-0.098241037571158762,0.17099837531402773,0,2015-01-30,2015-01-30,development
2014-08-29,BND,6,0.093313757471864323,0.021098411170196174,0.072215346301668148,0,2015-02-27,2015-02-27,development
2014-08-29,DBC,6,0.093313757471864323,-0.27407111466240508,0.3673848721342694,0,2015-02-27,2015-02-27,development
2014-08-29,GLD,6,0.093313757471864323,-0.062166962699822359,0.15548072017168668,0,2015-02-27,2015-02-27,development
2014-08-29,VDE,6,0.093313757471864323,-0.20046547304145745,0.29377923051332178,0,2015-02-27,2015-02-27,development
2014-08-29,VGT,6,0.093313757471864323,0.088925124309042092,0.0043886331628222308,0,2015-02-27,2015-02-27,development
2014-08-29,VIG,6,0.093313757471864323,0.071321820013553916,0.021991937458310407,0,2015-02-27,2015-02-27,development
2014-08-29,VMBS,6,0.093313757471864323,0.02086068824990539,0.072453069221958932,0,2015-02-27,2015-02-27,development
2014-08-29,VOO,6,0.093313757471864323,0.060909245142947155,0.032404512328917168,0,2015-02-27,2015-02-27,development
2014-08-29,VWO,6,0.093313757471864323,-0.065876842407116887,0.15919059987898121,0,2015-02-27,2015-02-27,development
2014-08-29,VXUS,6,0.093313757471864323,-0.037311636486724087,0.13062539395858841,0,2015-02-27,2015-02-27,development
2014-09-30,BND,6,0.08973914425438978,0.031224085264459189,0.058515058989930591,0,2015-03-31,2015-03-31,development
2014-09-30,DBC,6,0.08973914425438978,-0.26862494678586635,0.35836409104025613,0,2015-03-31,2015-03-31,development
2014-09-30,GLD,6,0.08973914425438978,-0.017085255424568624,0.1068243996789584,0,2015-03-31,2015-03-31,development
2014-09-30,VDE,6,0.08973914425438978,-0.17232010979905232,0.2620592540534421,0,2015-03-31,2015-03-31,development
2014-09-30,VGT,6,0.08973914425438978,0.069659622244042652,0.020079522010347128,0,2015-03-31,2015-03-31,development
2014-09-30,VIG,6,0.08973914425438978,0.047824013785564778,0.041915130468825001,0,2015-03-31,2015-03-31,development
2014-09-30,VMBS,6,0.08973914425438978,0.027722698293622283,0.062016445960767497,0,2015-03-31,2015-03-31,development
2014-09-30,VOO,6,0.08973914425438978,0.049820312077226259,0.039918832177163521,0,2015-03-31,2015-03-31,development
2014-09-30,VWO,6,0.08973914425438978,-0.051822503002062481,0.14156164725645226,0,2015-03-31,2015-03-31,development
2014-09-30,VXUS,6,0.08973914425438978,-0.0083034837183715293,0.098042627972761309,0,2015-03-31,2015-03-31,development
2014-10-31,BND,6,0.043932725313512444,0.030037745150563566,0.013894980162948878,0,2015-04-30,2015-04-30,development
2014-10-31,DBC,6,0.043932725313512444,-0.19354838709677424,0.23748111241028669,0,2015-04-30,2015-04-30,development
2014-10-31,GLD,6,0.043932725313512444,0.0034617432984200835,0.04047098201509236,0,2015-04-30,2015-04-30,development
2014-10-31,VDE,6,0.043932725313512444,-0.061869610036573652,0.1058023353500861,0,2015-04-30,2015-04-30,development
2014-10-31,VGT,6,0.043932725313512444,0.088994996088121781,-0.045062270774609336,0,2015-04-30,2015-04-30,development
2014-10-31,VIG,6,0.043932725313512444,0.044690311736048205,-0.00075758642253576092,0,2015-04-30,2015-04-30,development
2014-10-31,VMBS,6,0.043932725313512444,0.02469638113094863,0.019236344182563814,0,2015-04-30,2015-04-30,development
2014-10-31,VOO,6,0.043932725313512444,0.060133890908180776,-0.016201165594668332,0,2015-04-30,2015-04-30,development
2014-10-31,VWO,6,0.043932725313512444,0.054037519635264264,-0.01010479432175182,0,2015-04-30,2015-04-30,development
2014-10-31,VXUS,6,0.043932725313512444,0.059291518464578363,-0.015358793151065919,0,2015-04-30,2015-04-30,development
2014-11-28,BND,6,0.0302113066186811,0.0083928022100498989,0.021818504408631201,0,2015-05-29,2015-05-29,development
2014-11-28,DBC,6,0.0302113066186811,-0.13271302644466221,0.16292433306334331,0,2015-05-29,2015-05-29,development
2014-11-28,GLD,6,0.0302113066186811,0.017750423691017758,0.012460882927663341,0,2015-05-29,2015-05-29,development
2014-11-28,VDE,6,0.0302113066186811,-0.0075776716077752271,0.037788978226456327,0,2015-05-29,2015-05-29,development
2014-11-28,VGT,6,0.0302113066186811,0.044408168082105792,-0.014196861463424693,0,2015-05-29,2015-05-29,development
2014-11-28,VIG,6,0.0302113066186811,0.0056931187044746423,0.024518187914206457,0,2015-05-29,2015-05-29,development
2014-11-28,VMBS,6,0.0302113066186811,0.011654972089446547,0.018556334529234553,0,2015-05-29,2015-05-29,development
2014-11-28,VOO,6,0.0302113066186811,0.029076093987102425,0.0011352126315786748,0,2015-05-29,2015-05-29,development
2014-11-28,VWO,6,0.0302113066186811,0.01019349256764257,0.020017814051038529,0,2015-05-29,2015-05-29,development
2014-11-28,VXUS,6,0.0302113066186811,0.042982513963792268,-0.012771207345111169,0,2015-05-29,2015-05-29,development
2014-12-31,BND,6,0.076226223214266531,-0.0042759390412492326,0.080502162255515763,0,2015-06-30,2015-06-30,development
2014-12-31,DBC,6,0.076226223214266531,-0.058009579563597535,0.13423580277786407,0,2015-06-30,2015-06-30,development
2014-12-31,GLD,6,0.076226223214266531,-0.019768353217800239,0.095994576432066769,0,2015-06-30,2015-06-30,development
2014-12-31,VDE,6,0.076226223214266531,-0.040563280488884912,0.11678950370315144,0,2015-06-30,2015-06-30,development
2014-12-31,VGT,6,0.076226223214266531,0.014968659369445136,0.061257563844821394,0,2015-06-30,2015-06-30,development
2014-12-31,VIG,6,0.076226223214266531,-0.015900150694281856,0.092126373908548387,0,2015-06-30,2015-06-30,development
2014-12-31,VMBS,6,0.076226223214266531,0.0026391091150290702,0.073587114099237461,0,2015-06-30,2015-06-30,development
2014-12-31,VOO,6,0.076226223214266531,0.016461585880792828,0.059764637333473702,0,2015-06-30,2015-06-30,development
2014-12-31,VWO,6,0.076226223214266531,0.041673255526399,0.034552967687867531,0,2015-06-30,2015-06-30,development
2014-12-31,VXUS,6,0.076226223214266531,0.065798532060797887,0.010427691153468643,0,2015-06-30,2015-06-30,development
2015-01-30,BND,6,0.20641681609438622,-0.018200117831148721,0.22461693392553495,0,2015-07-31,2015-07-31,development
2015-01-30,DBC,6,0.20641681609438622,-0.095977011494252751,0.30239382758863897,0,2015-07-31,2015-07-31,development
2015-01-30,GLD,6,0.20641681609438622,-0.15002025111381123,0.35643706720819746,0,2015-07-31,2015-07-31,development
2015-01-30,VDE,6,0.20641681609438622,-0.078907721280602749,0.28532453737498897,0,2015-07-31,2015-07-31,development
2015-01-30,VGT,6,0.20641681609438622,0.077670865985517201,0.12874595010886902,0,2015-07-31,2015-07-31,development
2015-01-30,VIG,6,0.20641681609438622,0.035114660982998869,0.17130215511138736,0,2015-07-31,2015-07-31,development
2015-01-30,VMBS,6,0.20641681609438622,0.0027049270604282416,0.20371188903395798,0,2015-07-31,2015-07-31,development
2015-01-30,VOO,6,0.20641681609438622,0.064712831961366346,0.14170398413301988,0,2015-07-31,2015-07-31,development
2015-01-30,VWO,6,0.20641681609438622,-0.029894269988658628,0.23631108608304485,0,2015-07-31,2015-07-31,development
2015-01-30,VXUS,6,0.20641681609438622,0.046726261731810936,0.15969055436257529,0,2015-07-31,2015-07-31,development
2015-02-27,BND,6,0.12757973733583494,-0.0063133997560801403,0.13389313709191508,0,2015-08-31,2015-08-31,development
2015-02-27,DBC,6,0.12757973733583494,-0.15685195376995054,0.28443169110578548,0,2015-08-31,2015-08-31,development
2015-02-27,GLD,6,0.12757973733583494,-0.064221763085399397,0.19180150042123434,0,2015-08-31,2015-08-31,development
2015-02-27,VDE,6,0.12757973733583494,-0.16883583161296112,0.29641556894879606,0,2015-08-31,2015-08-31,development
2015-02-27,VGT,6,0.12757973733583494,-0.055214723926380271,0.18279446126221521,0,2015-08-31,2015-08-31,development
2015-02-27,VIG,6,0.12757973733583494,-0.070198013606093124,0.19777775094192807,0,2015-08-31,2015-08-31,development
2015-02-27,VMBS,6,0.12757973733583494,0.005631094120440272,0.12194864321539467,0,2015-08-31,2015-08-31,development
2015-02-27,VOO,6,0.12757973733583494,-0.045020548325418575,0.17260028566125352,0,2015-08-31,2015-08-31,development
2015-02-27,VWO,6,0.12757973733583494,-0.16280438021998112,0.29038411755581606,0,2015-08-31,2015-08-31,development
2015-02-27,VXUS,6,0.12757973733583494,-0.077265960737294859,0.2048456980731298,0,2015-08-31,2015-08-31,development
2015-03-31,BND,6,0.13466518682944884,-0.008000936609168896,0.14266612343861773,0,2015-09-30,2015-09-30,development
2015-03-31,DBC,6,0.13466518682944884,-0.11816065192083813,0.25282583875028697,0,2015-09-30,2015-09-30,development
2015-03-31,GLD,6,0.13466518682944884,-0.04562836780810009,0.18029355463754893,0,2015-09-30,2015-09-30,development
2015-03-31,VDE,6,0.13466518682944884,-0.18553998004214467,0.32020516687159351,0,2015-09-30,2015-09-30,development
2015-03-31,VGT,6,0.13466518682944884,-0.038202042099583111,0.17286722892903195,0,2015-09-30,2015-09-30,development
2015-03-31,VIG,6,0.13466518682944884,-0.070944729853708033,0.20560991668315687,0,2015-09-30,2015-09-30,development
2015-03-31,VMBS,6,0.13466518682944884,0.0043568351712779396,0.1303083516581709,0,2015-09-30,2015-09-30,development
2015-03-31,VOO,6,0.13466518682944884,-0.053084385251218169,0.187749572080667,0,2015-09-30,2015-09-30,development
2015-03-31,VWO,6,0.13466518682944884,-0.16542145236799133,0.30008663919744016,0,2015-09-30,2015-09-30,development
2015-03-31,VXUS,6,0.13466518682944884,-0.11399931753315018,0.24866450436259901,0,2015-09-30,2015-09-30,development
2015-04-30,BND,6,0.23343261355174993,-0.0073705255332884301,0.24080313908503836,0,2015-10-30,2015-10-30,development
2015-04-30,DBC,6,0.23343261355174993,-0.15555555555555567,0.3889881691073056,0,2015-10-30,2015-10-30,development
2015-04-30,GLD,6,0.23343261355174993,-0.033171163202122989,0.26660377675387292,0,2015-10-30,2015-10-30,development
2015-04-30,VDE,6,0.23343261355174993,-0.16519308463418936,0.39862569818593929,0,2015-10-30,2015-10-30,development
2015-04-30,VGT,6,0.23343261355174993,0.01546620725927994,0.21796640629246999,0,2015-10-30,2015-10-30,development
2015-04-30,VIG,6,0.23343261355174993,-0.024227982956581018,0.25766059650833095,0,2015-10-30,2015-10-30,development
2015-04-30,VMBS,6,0.23343261355174993,0.0018323994843918445,0.23160021406735809,0,2015-10-30,2015-10-30,development
2015-04-30,VOO,6,0.23343261355174993,-0.0078381085067962264,0.24127072205854616,0,2015-10-30,2015-10-30,development
2015-04-30,VWO,6,0.23343261355174993,-0.20192287965735989,0.43535549320910982,0,2015-10-30,2015-10-30,development
2015-04-30,VXUS,6,0.23343261355174993,-0.10399009144703475,0.33742270499878468,0,2015-10-30,2015-10-30,development
2015-05-29,BND,6,0.13825896122896864,2.3293053637907235e-05,0.13823566817533073,0,2015-11-30,2015-11-30,development
2015-05-29,DBC,6,0.13825896122896864,-0.19367588932806334,0.33193485055703198,0,2015-11-30,2015-11-30,development
2015-05-29,GLD,6,0.13825896122896864,-0.11262050832602977,0.2508794695549984,0,2015-11-30,2015-11-30,development
2015-05-29,VDE,6,0.13825896122896864,-0.13673708873400481,0.27499604996297344,0,2015-11-30,2015-11-30,development
2015-05-29,VGT,6,0.13825896122896864,0.01898642541213702,0.11927253581683162,0,2015-11-30,2015-11-30,development
2015-05-29,VIG,6,0.13825896122896864,-0.0094851087930734046,0.14774407002204204,0,2015-11-30,2015-11-30,development
2015-05-29,VMBS,6,0.13825896122896864,0.0026166721646219138,0.13564228906434672,0,2015-11-30,2015-11-30,development
2015-05-29,VOO,6,0.13825896122896864,0.0029738660711007281,0.13528509515786791,0,2015-11-30,2015-11-30,development
2015-05-29,VWO,6,0.13825896122896864,-0.17854651306686165,0.31680547429583028,0,2015-11-30,2015-11-30,development
2015-05-29,VXUS,6,0.13825896122896864,-0.097744022732320857,0.23600298396128949,0,2015-11-30,2015-11-30,development
2015-06-30,BND,6,0.12288135593220328,0.013086235883651209,0.10979512004855208,0,2015-12-31,2015-12-31,development
2015-06-30,DBC,6,0.12288135593220328,-0.24519774011299433,0.36807909604519762,0,2015-12-31,2015-12-31,development
2015-06-30,GLD,6,0.12288135593220328,-0.09861407249466958,0.22149542842687286,0,2015-12-31,2015-12-31,development
2015-06-30,VDE,6,0.12288135593220328,-0.2093625698659688,0.33224392579817208,0,2015-12-31,2015-12-31,development
2015-06-30,VGT,6,0.12288135593220328,0.011515155135200406,0.11136620079700288,0,2015-12-31,2015-12-31,development
2015-06-30,VIG,6,0.12288135593220328,-0.017284262755252855,0.14016561868745614,0,2015-12-31,2015-12-31,development
2015-06-30,VMBS,6,0.12288135593220328,0.014718945818601004,0.10816241011360228,0,2015-12-31,2015-12-31,development
2015-06-30,VOO,6,0.12288135593220328,-0.017608277226528135,0.14048963315873142,0,2015-12-31,2015-12-31,development
2015-06-30,VWO,6,0.12288135593220328,-0.19219848457734101,0.3150798405095443,0,2015-12-31,2015-12-31,development
2015-06-30,VXUS,6,0.12288135593220328,-0.11692436864988098,0.23980572458208427,0,2015-12-31,2015-12-31,development
2015-07-31,BND,6,0.024590163934426146,0.012181965006571316,0.01240819892785483,0,2016-01-29,2016-01-29,development
2015-07-31,DBC,6,0.024590163934426146,-0.18753973299427851,0.21212989692870465,0,2016-01-29,2016-01-29,development
2015-07-31,GLD,6,0.024590163934426146,0.019243305060516525,0.0053468588739096212,0,2016-01-29,2016-01-29,development
2015-07-31,VDE,6,0.024590163934426146,-0.15745984075612318,0.18205000469054933,0,2016-01-29,2016-01-29,development
2015-07-31,VGT,6,0.024590163934426146,-0.049206910003121385,0.07379707393754753,0,2016-01-29,2016-01-29,development
2015-07-31,VIG,6,0.024590163934426146,-0.042052125683996966,0.066642289618423112,0,2016-01-29,2016-01-29,development
2015-07-31,VMBS,6,0.024590163934426146,0.016406653001880267,0.0081835109325458788,0,2016-01-29,2016-01-29,development
2015-07-31,VOO,6,0.024590163934426146,-0.068418778779764433,0.093008942714190579,0,2016-01-29,2016-01-29,development
2015-07-31,VWO,6,0.024590163934426146,-0.18041104585831491,0.20500120979274106,0,2016-01-29,2016-01-29,development
2015-07-31,VXUS,6,0.024590163934426146,-0.13688939766407282,0.16147956159849897,0,2016-01-29,2016-01-29,development
2015-08-31,BND,6,0.098923236738768905,0.021321171867901834,0.077602064870867071,0,2016-02-29,2016-02-29,development
2015-08-31,DBC,6,0.098923236738768905,-0.17819843342036557,0.27712167015913447,0,2016-02-29,2016-02-29,development
2015-08-31,GLD,6,0.098923236738768905,0.077368905243790254,0.021554331494978651,0,2016-02-29,2016-02-29,development
2015-08-31,VDE,6,0.098923236738768905,-0.12190473348862896,0.22082797022739786,0,2016-02-29,2016-02-29,development
2015-08-31,VGT,6,0.098923236738768905,-0.0029203902101798684,0.10184362694894877,0,2016-02-29,2016-02-29,development
2015-08-31,VIG,6,0.098923236738768905,0.029177414971621962,0.069745821767146943,0,2016-02-29,2016-02-29,development
2015-08-31,VMBS,6,0.098923236738768905,0.018821045133637249,0.080102191605131656,0,2016-02-29,2016-02-29,development
2015-08-31,VOO,6,0.098923236738768905,-0.0094547581773266609,0.10837799491609557,0,2016-02-29,2016-02-29,development
2015-08-31,VWO,6,0.098923236738768905,-0.10109146138989789,0.20001469812866679,0,2016-02-29,2016-02-29,development
2015-08-31,VXUS,6,0.098923236738768905,-0.093912421550215508,0.19283565828898441,0,2016-02-29,2016-02-29,development
2015-09-30,BND,6,0.16724433465927624,0.023136812866544565,0.14410752179273167,0,2016-03-31,2016-03-31,development
2015-09-30,DBC,6,0.16724433465927624,-0.11881188118811892,0.28605621584739516,0,2016-03-31,2016-03-31,development
2015-09-30,GLD,6,0.16724433465927624,0.059375284582460663,0.10786905007681558,0,2016-03-31,2016-03-31,development
2015-09-30,VDE,6,0.16724433465927624,0.009757583402843828,0.15748675125643241,0,2016-03-31,2016-03-31,development
2015-09-30,VGT,6,0.16724433465927624,0.072093794354404439,0.0951505403048718,0,2016-03-31,2016-03-31,development
2015-09-30,VIG,6,0.16724433465927624,0.10018161513567425,0.067062719523601988,0,2016-03-31,2016-03-31,development
2015-09-30,VMBS,6,0.16724433465927624,0.014288524806231218,0.15295580985304502,0,2016-03-31,2016-03-31,development
2015-09-30,VOO,6,0.16724433465927624,0.065872730169122429,0.10137160449015381,0,2016-03-31,2016-03-31,development
2015-09-30,VWO,6,0.16724433465927624,0.041068405160501698,0.12617592949877454,0,2016-03-31,2016-03-31,development
2015-09-30,VXUS,6,0.16724433465927624,0.0080016455015854415,0.1592426891576908,0,2016-03-31,2016-03-31,development
2015-10-30,BND,6,0.011970124962269901,0.027885151023200327,-0.015915026060930426,0,2016-04-29,2016-04-29,development
2015-10-30,DBC,6,0.011970124962269901,-0.040789473684210376,0.052759598646480277,0,2016-04-29,2016-04-29,development
2015-10-30,GLD,6,0.011970124962269901,0.13129002744739249,-0.11931990248512259,0,2016-04-29,2016-04-29,development
2015-10-30,VDE,6,0.011970124962269901,0.017522842892351953,-0.0055527179300820517,0,2016-04-29,2016-04-29,development
2015-10-30,VGT,6,0.011970124962269901,-0.047636035813977795,0.059606160776247696,0,2016-04-29,2016-04-29,development
2015-10-30,VIG,6,0.011970124962269901,0.040454760430679082,-0.028484635468409181,0,2016-04-29,2016-04-29,development
2015-10-30,VMBS,6,0.011970124962269901,0.018411875269424005,-0.0064417503071541038,0,2016-04-29,2016-04-29,development
2015-10-30,VOO,6,0.011970124962269901,0.0041804988630229634,0.0077896260992469379,0,2016-04-29,2016-04-29,development
2015-10-30,VWO,6,0.011970124962269901,0.0091757325149732782,0.0027943924472966231,0,2016-04-29,2016-04-29,development
2015-10-30,VXUS,6,0.011970124962269901,-0.014787695556739089,0.02675782051900899,0,2016-04-29,2016-04-29,development
2015-11-30,BND,6,0.098812493573264826,0.030485162172790625,0.068327331400474201,0,2016-05-31,2016-05-31,development
2015-11-30,DBC,6,0.098812493573264826,0.036414565826330625,0.062397927746934201,0,2016-05-31,2016-05-31,development
2015-11-30,GLD,6,0.098812493573264826,0.14192592592592601,-0.043113432352661185,0,2016-05-31,2016-05-31,development
2015-11-30,VDE,6,0.098812493573264826,0.01168539565585891,0.087127097917405916,0,2016-05-31,2016-05-31,development
2015-11-30,VGT,6,0.098812493573264826,-0.008700971351489617,0.10751346492475444,0,2016-05-31,2016-05-31,development
2015-11-30,VIG,6,0.098812493573264826,0.044026420787218967,0.054786072786045859,0,2016-05-31,2016-05-31,development
2015-11-30,VMBS,6,0.098812493573264826,0.024471012257640812,0.074341481315624014,0,2016-05-31,2016-05-31,development
2015-11-30,VOO,6,0.098812493573264826,0.014554888268887733,0.084257605304377092,0,2016-05-31,2016-05-31,development
2015-11-30,VWO,6,0.098812493573264826,-0.0017163754004050347,0.10052886897366986,0,2016-05-31,2016-05-31,development
2015-11-30,VXUS,6,0.098812493573264826,-0.008395573031695136,0.10720806660495996,0,2016-05-31,2016-05-31,development
2015-12-31,BND,6,0.024541560754717029,0.046955845083494596,-0.022414284328777567,0,2016-06-30,2016-06-30,development
2015-12-31,DBC,6,0.024541560754717029,0.12350299401197606,-0.098961433257259035,0,2016-06-30,2016-06-30,development
2015-12-31,GLD,6,0.024541560754717029,0.24196727774492421,-0.21742571699020719,0,2016-06-30,2016-06-30,development
2015-12-31,VDE,6,0.024541560754717029,0.13158713233641439,-0.10704557158169736,0,2016-06-30,2016-06-30,development
2015-12-31,VGT,6,0.024541560754717029,-0.02643330505055197,0.050974865805268998,0,2016-06-30,2016-06-30,development
2015-12-31,VIG,6,0.024541560754717029,0.046518483877906913,-0.021976923123189884,0,2016-06-30,2016-06-30,development
2015-12-31,VMBS,6,0.024541560754717029,0.027842310920379809,-0.0033007501656627802,0,2016-06-30,2016-06-30,development
2015-12-31,VOO,6,0.024541560754717029,0.0083695894928008663,0.016171971261916163,0,2016-06-30,2016-06-30,development
2015-12-31,VWO,6,0.024541560754717029,0.031961327488785995,-0.0074197667340689666,0,2016-06-30,2016-06-30,development
2015-12-31,VXUS,6,0.024541560754717029,-0.036367964730465108,0.060909525485182137,0,2016-06-30,2016-06-30,development
2016-01-29,BND,6,0.069888391167999941,0.048311848081956654,0.021576543086043287,0,2016-07-29,2016-07-29,development
2016-01-29,DBC,6,0.069888391167999941,0.11737089201877926,-0.047482500850779319,0,2016-07-29,2016-07-29,development
2016-01-29,GLD,6,0.069888391167999941,0.2059931257082801,-0.13610473454028016,0,2016-07-29,2016-07-29,development
2016-01-29,VDE,6,0.069888391167999941,0.18205086639433676,-0.11216247522633682,0,2016-07-29,2016-07-29,development
2016-01-29,VGT,6,0.069888391167999941,0.13814951416906007,-0.068261123001060131,0,2016-07-29,2016-07-29,development
2016-01-29,VIG,6,0.069888391167999941,0.132480725733501,-0.062592334565501062,0,2016-07-29,2016-07-29,development
2016-01-29,VMBS,6,0.069888391167999941,0.019104568539112909,0.050783822628887032,0,2016-07-29,2016-07-29,development
2016-01-29,VOO,6,0.069888391167999941,0.13275064392057212,-0.062862252752572179,0,2016-07-29,2016-07-29,development
2016-01-29,VWO,6,0.069888391167999941,0.21131186324196194,-0.141423472073962,0,2016-07-29,2016-07-29,development
2016-01-29,VXUS,6,0.069888391167999941,0.1065674832025636,-0.036679092034563654,0,2016-07-29,2016-07-29,development
2016-02-29,BND,6,0.0040485829959513442,0.034866653198580178,-0.030818070202628833,0,2016-08-31,2016-08-31,development
2016-02-29,DBC,6,0.0040485829959513442,0.18109610802223974,-0.1770475250262884,0,2016-08-31,2016-08-31,development
2016-02-29,GLD,6,0.0040485829959513442,0.076338485184868965,-0.072289902188917621,0,2016-08-31,2016-08-31,development
2016-02-29,VDE,6,0.0040485829959513442,0.2354972720738755,-0.23144868907792415,0,2016-08-31,2016-08-31,development
2016-02-29,VGT,6,0.0040485829959513442,0.16952917045918081,-0.16548058746322947,0,2016-08-31,2016-08-31,development
2016-02-29,VIG,6,0.0040485829959513442,0.11128623519247993,-0.10723765219652859,0,2016-08-31,2016-08-31,development
2016-02-29,VMBS,6,0.0040485829959513442,0.016666296423787808,-0.012617713427836463,0,2016-08-31,2016-08-31,development
2016-02-29,VOO,6,0.0040485829959513442,0.12553058388293392,-0.12148200088698258,0,2016-08-31,2016-08-31,development
2016-02-29,VWO,6,0.0040485829959513442,0.2370099065880924,-0.23296132359214106,0,2016-08-31,2016-08-31,development
2016-02-29,VXUS,6,0.0040485829959513442,0.14014778124006,-0.13609919824410865,0,2016-08-31,2016-08-31,development
2016-03-31,BND,6,-0.095087618500431015,0.034675854620416446,-0.12976347312084746,0,2016-09-30,2016-09-30,development
2016-03-31,DBC,6,-0.095087618500431015,0.12434456928838955,-0.21943218778882057,0,2016-09-30,2016-09-30,development
2016-03-31,GLD,6,-0.095087618500431015,0.080030946445456941,-0.17511856494588796,0,2016-09-30,2016-09-30,development
2016-03-31,VDE,6,-0.095087618500431015,0.15684207034574205,-0.25192968884617306,0,2016-09-30,2016-09-30,development
2016-03-31,VGT,6,-0.095087618500431015,0.12928261042673084,-0.22437022892716185,0,2016-09-30,2016-09-30,development
2016-03-31,VIG,6,-0.095087618500431015,0.057187943607153846,-0.15227556210758486,0,2016-09-30,2016-09-30,development
2016-03-31,VMBS,6,-0.095087618500431015,0.023088302849869846,-0.11817592135030086,0,2016-09-30,2016-09-30,development
2016-03-31,VOO,6,-0.095087618500431015,0.076679583019488851,-0.17176720151991987,0,2016-09-30,2016-09-30,development
2016-03-31,VWO,6,-0.095087618500431015,0.13371674125690114,-0.22880435975733215,0,2016-09-30,2016-09-30,development
2016-03-31,VXUS,6,-0.095087618500431015,0.090363145418390856,-0.18545076391882187,0,2016-09-30,2016-09-30,development
2016-04-29,BND,6,-0.034969325153374364,0.013451359436431165,-0.048420684589805529,0,2016-10-31,2016-10-31,development
2016-04-29,DBC,6,-0.034969325153374364,0.039780521262002821,-0.074749846415377186,0,2016-10-31,2016-10-31,development
2016-04-29,GLD,6,-0.034969325153374364,-0.016740800646987575,-0.01822852450638679,0,2016-10-31,2016-10-31,development
2016-04-29,VDE,6,-0.034969325153374364,0.019002212721091372,-0.053971537874465736,0,2016-10-31,2016-10-31,development
2016-04-29,VGT,6,-0.034969325153374364,0.15417705703887941,-0.18914638219225377,0,2016-10-31,2016-10-31,development
2016-04-29,VIG,6,-0.034969325153374364,0.024550565273677716,-0.05951989042705208,0,2016-10-31,2016-10-31,development
2016-04-29,VMBS,6,-0.034969325153374364,0.012567949057675332,-0.047537274211049696,0,2016-10-31,2016-10-31,development
2016-04-29,VOO,6,-0.034969325153374364,0.04107095255087323,-0.076040277704247594,0,2016-10-31,2016-10-31,development
2016-04-29,VWO,6,-0.034969325153374364,0.092115946839960383,-0.12708527199333475,0,2016-10-31,2016-10-31,development
2016-04-29,VXUS,6,-0.034969325153374364,0.026270051800047822,-0.061239376953422187,0,2016-10-31,2016-10-31,development
2016-05-31,BND,6,0.0060150375939851397,-0.010294134065681027,0.016309171659666166,0,2016-11-30,2016-11-30,development
2016-05-31,DBC,6,0.0060150375939851397,0.014189189189189211,-0.0081741515952040711,0,2016-11-30,2016-11-30,development
2016-05-31,GLD,6,0.0060150375939851397,-0.026033558207922525,0.032048595801907664,0,2016-11-30,2016-11-30,development
2016-05-31,VDE,6,0.0060150375939851397,0.089536018516379823,-0.083520980922394683,0,2016-11-30,2016-11-30,development
2016-05-31,VGT,6,0.0060150375939851397,0.11492899404617263,-0.10891395645218749,0,2016-11-30,2016-11-30,development
2016-05-31,VIG,6,0.0060150375939851397,0.051248796357812099,-0.045233758763826959,0,2016-11-30,2016-11-30,development
2016-05-31,VMBS,6,0.0060150375939851397,-0.0098833317873154858,0.015898369381300625,0,2016-11-30,2016-11-30,development
2016-05-31,VOO,6,0.0060150375939851397,0.065732693809441356,-0.059717656215456216,0,2016-11-30,2016-11-30,development
2016-05-31,VWO,6,0.0060150375939851397,0.086616868714412654,-0.080601831120427514,0,2016-11-30,2016-11-30,development
2016-05-31,VXUS,6,0.0060150375939851397,0.013596909596465867,-0.0075818720024807273,0,2016-11-30,2016-11-30,development
2016-06-30,BND,6,0.12058080808080818,-0.020776986521784835,0.14135779460259301,0,2016-12-30,2016-12-30,development
2016-06-30,DBC,6,0.12058080808080818,0.055296469020652994,0.065284339060155183,0,2016-12-30,2016-12-30,development
2016-06-30,GLD,6,0.12058080808080818,-0.1301484009205619,0.25072920900137008,0,2016-12-30,2016-12-30,development
2016-06-30,VDE,6,0.12058080808080818,0.14150549362247133,-0.020924685541663157,0,2016-12-30,2016-12-30,development
2016-06-30,VGT,6,0.12058080808080818,0.16860103542447802,-0.048020227343669841,0,2016-12-30,2016-12-30,development
2016-06-30,VIG,6,0.12058080808080818,0.069852945139153411,0.050727862941654767,0,2016-12-30,2016-12-30,development
2016-06-30,VMBS,6,0.12058080808080818,-0.01488242056399891,0.13546322864480709,0,2016-12-30,2016-12-30,development
2016-06-30,VOO,6,0.12058080808080818,0.11236208443887419,0.0082187236419339893,0,2016-12-30,2016-12-30,development
2016-06-30,VWO,6,0.12058080808080818,0.08671043081174612,0.033870377269062057,0,2016-12-30,2016-12-30,development
2016-06-30,VXUS,6,0.12058080808080818,0.086846174581826974,0.033734633498981204,0,2016-12-30,2016-12-30,development
2016-07-29,BND,6,0.16887111657951426,-0.033650347983820272,0.20252146456333453,0,2017-01-31,2017-01-31,development
2016-07-29,DBC,6,0.16887111657951426,0.10294117647058831,0.065929940108925944,0,2017-01-31,2017-01-31,development
2016-07-29,GLD,6,0.16887111657951426,-0.12009613893626914,0.28896725551578339,0,2017-01-31,2017-01-31,development
2016-07-29,VDE,6,0.16887111657951426,0.1176234796369362,0.051247636942578056,0,2017-01-31,2017-01-31,development
2016-07-29,VGT,6,0.16887111657951426,0.12220941612045522,0.046661700459059041,0,2017-01-31,2017-01-31,development
2016-07-29,VIG,6,0.16887111657951426,0.033780845729203479,0.13509027085031078,0,2017-01-31,2017-01-31,development
2016-07-29,VMBS,6,0.16887111657951426,-0.019099910083745453,0.18797102666325971,0,2017-01-31,2017-01-31,development
2016-07-29,VOO,6,0.16887111657951426,0.066416601272805575,0.10245451530670868,0,2017-01-31,2017-01-31,development
2016-07-29,VWO,6,0.16887111657951426,0.043484110622760808,0.12538700595675345,0,2017-01-31,2017-01-31,development
2016-07-29,VXUS,6,0.16887111657951426,0.04621369377404716,0.1226574228054671,0,2017-01-31,2017-01-31,development
2016-08-31,BND,6,0.23292839885072492,-0.018192516274201487,0.2511209151249264,0,2017-02-28,2017-02-28,development
2016-08-31,DBC,6,0.23292839885072492,0.055817081371889676,0.17711131747883524,0,2017-02-28,2017-02-28,development
2016-08-31,GLD,6,0.23292839885072492,-0.050376834589448638,0.28330523344017355,0,2017-02-28,2017-02-28,development
2016-08-31,VDE,6,0.23292839885072492,0.028478424555819615,0.2044499742949053,0,2017-02-28,2017-02-28,development
2016-08-31,VGT,6,0.23292839885072492,0.14262846064755763,0.090299938203167285,0,2017-02-28,2017-02-28,development
2016-08-31,VIG,6,0.23292839885072492,0.078451658046863271,0.15447674080386165,0,2017-02-28,2017-02-28,development
2016-08-31,VMBS,6,0.23292839885072492,-0.009204246920945458,0.24213264577167037,0,2017-02-28,2017-02-28,development
2016-08-31,VOO,6,0.23292839885072492,0.10207862233982512,0.1308497765108998,0,2017-02-28,2017-02-28,development
2016-08-31,VWO,6,0.23292839885072492,0.063531895844227027,0.16939650300649789,0,2017-02-28,2017-02-28,development
2016-08-31,VXUS,6,0.23292839885072492,0.05135012666024652,0.1815782721904784,0,2017-02-28,2017-02-28,development
2016-09-30,BND,6,0.26609335338345863,-0.024326741465476087,0.29042009484893472,0,2017-03-31,2017-03-31,development
2016-09-30,DBC,6,0.26609335338345863,0.013324450366422491,0.25276890301703614,0,2017-03-31,2017-03-31,development
2016-09-30,GLD,6,0.26609335338345863,-0.055078000636739954,0.32117135402019859,0,2017-03-31,2017-03-31,development
2016-09-30,VDE,6,0.26609335338345863,0.0015931914421822846,0.26450016194127635,0,2017-03-31,2017-03-31,development
2016-09-30,VGT,6,0.26609335338345863,0.13380053864889407,0.13229281473456456,0,2017-03-31,2017-03-31,development
2016-09-30,VIG,6,0.26609335338345863,0.083854277857393855,0.18223907552606478,0,2017-03-31,2017-03-31,development
2016-09-30,VMBS,6,0.26609335338345863,-0.015258354803664775,0.28135170818712341,0,2017-03-31,2017-03-31,development
2016-09-30,VOO,6,0.26609335338345863,0.10067410453578973,0.1654192488476689,0,2017-03-31,2017-03-31,development
2016-09-30,VWO,6,0.26609335338345863,0.062453925974798263,0.20363942740866037,0,2017-03-31,2017-03-31,development
2016-09-30,VXUS,6,0.26609335338345863,0.064649838790919123,0.20144351459253951,0,2017-03-31,2017-03-31,development
2016-10-31,BND,6,0.2851753069896612,-0.0061584491664207208,0.29133375615608192,0,2017-04-28,2017-04-28,development
2016-10-31,DBC,6,0.2851753069896612,-0.023746701846965812,0.30892200883662702,0,2017-04-28,2017-04-28,development
2016-10-31,GLD,6,0.2851753069896612,-0.006662279980259922,0.29183758696992113,0,2017-04-28,2017-04-28,development
2016-10-31,VDE,6,0.2851753069896612,-0.0087555273600636863,0.29393083434972489,0,2017-04-28,2017-04-28,development
2016-10-31,VGT,6,0.2851753069896612,0.16669730069046307,0.11847800629919814,0,2017-04-28,2017-04-28,development
2016-10-31,VIG,6,0.2851753069896612,0.12669674774414297,0.15847855924551824,0,2017-04-28,2017-04-28,development
2016-10-31,VMBS,6,0.2851753069896612,-0.0066047710787395797,0.29178007806840078,0,2017-04-28,2017-04-28,development
2016-10-31,VOO,6,0.2851753069896612,0.13241072080395044,0.15276458618571076,0,2017-04-28,2017-04-28,development
2016-10-31,VWO,6,0.2851753069896612,0.084224348407459182,0.20095095858220202,0,2017-04-28,2017-04-28,development
2016-10-31,VXUS,6,0.2851753069896612,0.108581599430428,0.1765937075592332,0,2017-04-28,2017-04-28,development
2016-11-30,BND,6,0.28722983242860511,0.023850315891201346,0.26337951653740377,0,2017-05-31,2017-05-31,development
2016-11-30,DBC,6,0.28722983242860511,-0.009327115256495766,0.29655694768510088,0,2017-05-31,2017-05-31,development
2016-11-30,GLD,6,0.28722983242860511,0.070420033744782895,0.21680979868382222,0,2017-05-31,2017-05-31,development
2016-11-30,VDE,6,0.28722983242860511,-0.081048163130495454,0.36827799555910057,0,2017-05-31,2017-05-31,development
2016-11-30,VGT,6,0.28722983242860511,0.19934005699505963,0.087889775433545481,0,2017-05-31,2017-05-31,development
2016-11-30,VIG,6,0.28722983242860511,0.097048435672143052,0.19018139675646206,0,2017-05-31,2017-05-31,development
2016-11-30,VMBS,6,0.28722983242860511,0.018787980251719016,0.2684418521768861,0,2017-05-31,2017-05-31,development
2016-11-30,VOO,6,0.28722983242860511,0.10237526195802382,0.18485457047058129,0,2017-05-31,2017-05-31,development
2016-11-30,VWO,6,0.28722983242860511,0.15070202635599173,0.13652780607261339,0,2017-05-31,2017-05-31,development
2016-11-30,VXUS,6,0.28722983242860511,0.16692020976483524,0.12030962266376988,0,2017-05-31,2017-05-31,development
2016-12-30,BND,6,0.26422273684210529,0.023377443541096943,0.24084529330100835,0,2017-06-30,2017-06-30,development
2016-12-30,DBC,6,0.26422273684210529,-0.087752525252525304,0.35197526209463059,0,2017-06-30,2017-06-30,development
2016-12-30,GLD,6,0.26422273684210529,0.076726576042331907,0.18749616079977338,0,2017-06-30,2017-06-30,development
2016-12-30,VDE,6,0.26422273684210529,-0.14360443660693589,0.40782717344904118,0,2017-06-30,2017-06-30,development
2016-12-30,VGT,6,0.26422273684210529,0.16555952917600059,0.098663207666104702,0,2017-06-30,2017-06-30,development
2016-12-30,VIG,6,0.26422273684210529,0.099100880269514358,0.16512185657259093,0,2017-06-30,2017-06-30,development
2016-12-30,VMBS,6,0.26422273684210529,0.015618859551099762,0.24860387729100553,0,2017-06-30,2017-06-30,development
2016-12-30,VOO,6,0.26422273684210529,0.091435601735680105,0.17278713510642518,0,2017-06-30,2017-06-30,development
2016-12-30,VWO,6,0.26422273684210529,0.15026022003235684,0.11396251680974845,0,2017-06-30,2017-06-30,development
2016-12-30,VXUS,6,0.26422273684210529,0.14842142963947702,0.11580130720262827,0,2017-06-30,2017-06-30,development
2017-01-31,BND,6,0.26489430470914144,0.027629849976538612,0.23726445473260283,0,2017-07-31,2017-07-31,development
2017-01-31,DBC,6,0.26489430470914144,-0.050793650793650835,0.31568795550279227,0,2017-07-31,2017-07-31,development
2017-01-31,GLD,6,0.26489430470914144,0.063441712926249005,0.20145259178289243,0,2017-07-31,2017-07-31,development
2017-01-31,VDE,6,0.26489430470914144,-0.10915631824171845,0.37405062295085989,0,2017-07-31,2017-07-31,development
2017-01-31,VGT,6,0.26489430470914144,0.15438587882128951,0.11050842588785192,0,2017-07-31,2017-07-31,development
2017-01-31,VIG,6,0.26489430470914144,0.082005710525976383,0.18288859418316505,0,2017-07-31,2017-07-31,development
2017-01-31,VMBS,6,0.26489430470914144,0.020741644784289415,0.24415265992485202,0,2017-07-31,2017-07-31,development
2017-01-31,VOO,6,0.26489430470914144,0.088397358558677697,0.17649694615046374,0,2017-07-31,2017-07-31,development
2017-01-31,VWO,6,0.26489430470914144,0.13873121951821266,0.12616308519092878,0,2017-07-31,2017-07-31,development
2017-01-31,VXUS,6,0.26489430470914144,0.13373140868648714,0.1311628960226543,0,2017-07-31,2017-07-31,development
2017-02-28,BND,6,0.23943661971830976,0.022783650701162728,0.21665296901714703,0,2017-08-31,2017-08-31,development
2017-02-28,DBC,6,0.23943661971830976,-0.057961783439490433,0.2973984031578002,0,2017-08-31,2017-08-31,development
2017-02-28,GLD,6,0.23943661971830976,0.025396825396825307,0.21403979432148446,0,2017-08-31,2017-08-31,development
2017-02-28,VDE,6,0.23943661971830976,-0.11272222517364361,0.35215884489195337,0,2017-08-31,2017-08-31,development
2017-02-28,VGT,6,0.23943661971830976,0.11042327622384174,0.12901334349446802,0,2017-08-31,2017-08-31,development
2017-02-28,VIG,6,0.23943661971830976,0.024400172300707457,0.21503644741760231,0,2017-08-31,2017-08-31,development
2017-02-28,VMBS,6,0.23943661971830976,0.015350516380080226,0.22408610333822954,0,2017-08-31,2017-08-31,development
2017-02-28,VOO,6,0.23943661971830976,0.042576839299831137,0.19685978041847862,0,2017-08-31,2017-08-31,development
2017-02-28,VWO,6,0.23943661971830976,0.13685234730696316,0.1025842724113466,0,2017-08-31,2017-08-31,development
2017-02-28,VXUS,6,0.23943661971830976,0.12399220163317359,0.11544441808513617,0,2017-08-31,2017-08-31,development
2017-03-31,BND,6,0.23583460949464019,0.023632440838208035,0.21220216865643216,0,2017-09-29,2017-09-29,development
2017-03-31,DBC,6,0.23583460949464019,0.012491781722550943,0.22334282777208925,0,2017-09-29,2017-09-29,development
2017-03-31,GLD,6,0.23583460949464019,0.024090296495956842,0.21174431299868335,0,2017-09-29,2017-09-29,development
2017-03-31,VDE,6,0.23583460949464019,-0.014344644522339967,0.25017925401698016,0,2017-09-29,2017-09-29,development
2017-03-31,VGT,6,0.23583460949464019,0.12687091098482095,0.10896369850981924,0,2017-09-29,2017-09-29,development
2017-03-31,VIG,6,0.23583460949464019,0.064559437915750584,0.17127517157888961,0,2017-09-29,2017-09-29,development
2017-03-31,VMBS,6,0.23583460949464019,0.015869020108387311,0.21996558938625288,0,2017-09-29,2017-09-29,development
2017-03-31,VOO,6,0.23583460949464019,0.076903962561283512,0.15893064693335668,0,2017-09-29,2017-09-29,development
2017-03-31,VWO,6,0.23583460949464019,0.11652520021597579,0.1193094092786644,0,2017-09-29,2017-09-29,development
2017-03-31,VXUS,6,0.23583460949464019,0.11935419503168387,0.11648041446295632,0,2017-09-29,2017-09-29,development
2017-04-28,BND,6,0.23111782477341403,0.013544861361342475,0.21757296341207155,0,2017-10-31,2017-10-31,development
2017-04-28,DBC,6,0.23111782477341403,0.076351351351351182,0.15476647342206284,0,2017-10-31,2017-10-31,development
2017-04-28,GLD,6,0.23111782477341403,0.0010764262648008671,0.23004139850861316,0,2017-10-31,2017-10-31,development
2017-04-28,VDE,6,0.23111782477341403,0.0011601531550518018,0.22995767161836222,0,2017-10-31,2017-10-31,development
2017-04-28,VGT,6,0.23111782477341403,0.17358257934630972,0.057535245427104309,0,2017-10-31,2017-10-31,development
2017-04-28,VIG,6,0.23111782477341403,0.077105983754906404,0.15401184101850762,0,2017-10-31,2017-10-31,development
2017-04-28,VMBS,6,0.23111782477341403,0.009206712055824795,0.22191111271758923,0,2017-10-31,2017-10-31,development
2017-04-28,VOO,6,0.23111782477341403,0.093347304964994438,0.13777051980841959,0,2017-10-31,2017-10-31,development
2017-04-28,VWO,6,0.23111782477341403,0.12888654141106803,0.10223128336234599,0,2017-10-31,2017-10-31,development
2017-04-28,VXUS,6,0.23111782477341403,0.11326812403786013,0.1178497007355539,0,2017-10-31,2017-10-31,development
2017-05-31,BND,6,0.22576832151300241,0.01335356167310997,0.21241475983989244,0,2017-11-30,2017-11-30,development
2017-05-31,DBC,6,0.22576832151300241,0.10558170813718903,0.12018661337581338,0,2017-11-30,2017-11-30,development
2017-05-31,GLD,6,0.22576832151300241,0.014766882362700962,0.21100143915030145,0,2017-11-30,2017-11-30,development
2017-05-31,VDE,6,0.22576832151300241,0.037475940815622666,0.18829238069737975,0,2017-11-30,2017-11-30,development
2017-05-31,VGT,6,0.22576832151300241,0.1638071985324574,0.061961122980545014,0,2017-11-30,2017-11-30,development
2017-05-31,VIG,6,0.22576832151300241,0.072763905301639564,0.15300441621136285,0,2017-11-30,2017-11-30,development
2017-05-31,VMBS,6,0.22576832151300241,0.0069606461495672622,0.21880767536343515,0,2017-11-30,2017-11-30,development
2017-05-31,VOO,6,0.22576832151300241,0.087860563169584571,0.13790775834341784,0,2017-11-30,2017-11-30,development
2017-05-31,VWO,6,0.22576832151300241,0.12903544241825871,0.096732879094743707,0,2017-11-30,2017-11-30,development
2017-05-31,VXUS,6,0.22576832151300241,0.10072642459979142,0.12504189691321099,0,2017-11-30,2017-11-30,development
2017-06-30,BND,6,0.27738716262190977,0.011973121946371679,0.26541404067553809,0,2017-12-29,2017-12-29,development
2017-06-30,DBC,6,0.27738716262190977,0.14948096885813134,0.12790619376377843,0,2017-12-29,2017-12-29,development
2017-06-30,GLD,6,0.27738716262190977,0.047703779020505044,0.22968338360140472,0,2017-12-29,2017-12-29,development
2017-06-30,VDE,6,0.27738716262190977,0.13848819806276325,0.13889896455914652,0,2017-12-29,2017-12-29,development
2017-06-30,VGT,6,0.27738716262190977,0.17599398914602937,0.10139317347588039,0,2017-12-29,2017-12-29,development
2017-06-30,VIG,6,0.27738716262190977,0.11193071591353965,0.16545644670837012,0,2017-12-29,2017-12-29,development
2017-06-30,VMBS,6,0.27738716262190977,0.0089163628257808991,0.26847079979612887,0,2017-12-29,2017-12-29,development
2017-06-30,VOO,6,0.27738716262190977,0.11557846015908901,0.16180870246282075,0,2017-12-29,2017-12-29,development
2017-06-30,VWO,6,0.27738716262190977,0.14287413736026111,0.13451302526164866,0,2017-12-29,2017-12-29,development
2017-06-30,VXUS,6,0.27738716262190977,0.10961492500461878,0.16777223761729099,0,2017-12-29,2017-12-29,development
2017-07-31,BND,6,0.16116052520118584,-0.0017277339977505024,0.16288825919893635,0,2018-01-31,2018-01-31,development
2017-07-31,DBC,6,0.16116052520118584,0.15384615384615397,0.007314371355031879,0,2018-01-31,2018-01-31,development
2017-07-31,GLD,6,0.16116052520118584,0.061148396718866405,0.10001212848231944,0,2018-01-31,2018-01-31,development
2017-07-31,VDE,6,0.16116052520118584,0.19088481347812514,-0.029724288276939292,0,2018-01-31,2018-01-31,development
2017-07-31,VGT,6,0.16116052520118584,0.2222912586024135,-0.061130733401227655,0,2018-01-31,2018-01-31,development
2017-07-31,VIG,6,0.16116052520118584,0.17938317832451234,-0.018222653123326493,0,2018-01-31,2018-01-31,development
2017-07-31,VMBS,6,0.16116052520118584,-0.0034238990249845225,0.16458442422617037,0,2018-01-31,2018-01-31,development
2017-07-31,VOO,6,0.16116052520118584,0.1728833628880817,-0.011722837686895859,0,2018-01-31,2018-01-31,development
2017-07-31,VWO,6,0.16116052520118584,0.20672492485643468,-0.045564399655248833,0,2018-01-31,2018-01-31,development
2017-07-31,VXUS,6,0.16116052520118584,0.15800887549309439,0.003151649708091453,0,2018-01-31,2018-01-31,development
2017-08-31,BND,6,0.21681355331204033,-0.020644125469601149,0.23745767878164148,0,2018-02-28,2018-02-28,development
2017-08-31,DBC,6,0.21681355331204033,0.13995943204868144,0.076854121263358888,0,2018-02-28,2018-02-28,development
2017-08-31,GLD,6,0.21681355331204033,0.027700831024930705,0.18911272228710962,0,2018-02-28,2018-02-28,development
2017-08-31,VDE,6,0.21681355331204033,0.12004341731289059,0.096770135999149742,0,2018-02-28,2018-02-28,development
2017-08-31,VGT,6,0.21681355331204033,0.20796334026750496,0.0088502130445353711,0,2018-02-28,2018-02-28,development
2017-08-31,VIG,6,0.21681355331204033,0.13993675909735592,0.076876794214684407,0,2018-02-28,2018-02-28,development
2017-08-31,VMBS,6,0.21681355331204033,-0.018249569568470236,0.23506312288051057,0,2018-02-28,2018-02-28,development
2017-08-31,VOO,6,0.21681355331204033,0.13533765717553292,0.081475896136507409,0,2018-02-28,2018-02-28,development
2017-08-31,VWO,6,0.21681355331204033,0.11874489707513836,0.098068656236901974,0,2018-02-28,2018-02-28,development
2017-08-31,VXUS,6,0.21681355331204033,0.094959953371813288,0.12185359994022704,0,2018-02-28,2018-02-28,development
2017-09-29,BND,6,0.28417650161669017,-0.01192868264040281,0.29610518425709298,0,2018-03-30,2018-03-30,development
2017-09-29,DBC,6,0.28417650161669017,0.10259740259740258,0.18157909901928759,0,2018-03-30,2018-03-30,development
2017-09-29,GLD,6,0.28417650161669017,0.034627405823326241,0.24954909579336393,0,2018-03-30,2018-03-30,development
2017-09-29,VDE,6,0.28417650161669017,-0.00030253201314156541,0.28447903362983173,0,2018-03-30,2018-03-30,development
2017-09-29,VGT,6,0.28417650161669017,0.13040783995441929,0.15376866166227088,0,2018-03-30,2018-03-30,development
2017-09-29,VIG,6,0.28417650161669017,0.07604769510004572,0.20812880651664445,0,2018-03-30,2018-03-30,development
2017-09-29,VMBS,6,0.28417650161669017,-0.01122369556110181,0.29540019717779198,0,2018-03-30,2018-03-30,development
2017-09-29,VOO,6,0.28417650161669017,0.058881145204987995,0.22529535641170217,0,2018-03-30,2018-03-30,development
2017-09-29,VWO,6,0.28417650161669017,0.085504943846716808,0.19867155776997336,0,2018-03-30,2018-03-30,development
2017-09-29,VXUS,6,0.28417650161669017,0.045867160105228511,0.23830934151146166,0,2018-03-30,2018-03-30,development
2017-10-31,BND,6,0.27261455691080094,-0.01891018837964753,0.29152474529044847,0,2018-04-30,2018-04-30,development
2017-10-31,DBC,6,0.27261455691080094,0.097300690521029631,0.17531386638977131,0,2018-04-30,2018-04-30,development
2017-10-31,GLD,6,0.27261455691080094,0.038047973531844415,0.23456658337895653,0,2018-04-30,2018-04-30,development
2017-10-31,VDE,6,0.27261455691080094,0.11889722260612268,0.15371733430467827,0,2018-04-30,2018-04-30,development
2017-10-31,VGT,6,0.27261455691080094,0.064594862319114155,0.20801969459168679,0,2018-04-30,2018-04-30,development
2017-10-31,VIG,6,0.27261455691080094,0.043943757294006902,0.22867079961679404,0,2018-04-30,2018-04-30,development
2017-10-31,VMBS,6,0.27261455691080094,-0.015097851598547152,0.28771240850934809,0,2018-04-30,2018-04-30,development
2017-10-31,VOO,6,0.27261455691080094,0.04433091240420195,0.22828364450659899,0,2018-04-30,2018-04-30,development
2017-10-31,VWO,6,0.27261455691080094,0.034841371951442657,0.23777318495935829,0,2018-04-30,2018-04-30,development
2017-10-31,VXUS,6,0.27261455691080094,0.040268253628461981,0.23234630328233896,0,2018-04-30,2018-04-30,development
2017-11-30,BND,6,0.22717365378145216,-0.020044099728991904,0.24721775351044406,0,2018-05-31,2018-05-31,development
2017-11-30,DBC,6,0.22717365378145216,0.096107055961070609,0.13106659782038155,0,2018-05-31,2018-05-31,development
2017-11-30,GLD,6,0.22717365378145216,0.0072759973839111591,0.219897656397541,0,2018-05-31,2018-05-31,development
2017-11-30,VDE,6,0.22717365378145216,0.11919071198012476,0.10798294180132739,0,2018-05-31,2018-05-31,development
2017-11-30,VGT,6,0.22717365378145216,0.095291508954217674,0.13188214482723448,0,2018-05-31,2018-05-31,development
2017-11-30,VIG,6,0.22717365378145216,0.054899357799895521,0.17227429598155664,0,2018-05-31,2018-05-31,development
2017-11-30,VMBS,6,0.22717365378145216,-0.014590804716798966,0.24176445849825112,0,2018-05-31,2018-05-31,development
2017-11-30,VOO,6,0.22717365378145216,0.055461565095480614,0.17171208868597154,0,2018-05-31,2018-05-31,development
2017-11-30,VWO,6,0.22717365378145216,-0.0027785737857638493,0.22995222756721601,0,2018-05-31,2018-05-31,development
2017-11-30,VXUS,6,0.22717365378145216,0.0084574912299777427,0.21871616255147441,0,2018-05-31,2018-05-31,development
2017-12-29,BND,6,0.071791796350393122,-0.018098913187942767,0.089890709538335889,0,2018-06-29,2018-06-29,development
2017-12-29,DBC,6,0.071791796350393122,0.064419024683925574,0.007372771666467548,0,2018-06-29,2018-06-29,development
2017-12-29,GLD,6,0.071791796350393122,-0.040436716538617024,0.11222851288901015,0,2018-06-29,2018-06-29,development
2017-12-29,VDE,6,0.071791796350393122,0.075367394075086525,-0.0035755977246934023,0,2018-06-29,2018-06-29,development
2017-12-29,VGT,6,0.071791796350393122,0.10637392611213459,-0.034582129761741465,0,2018-06-29,2018-06-29,development
2017-12-29,VIG,6,0.071791796350393122,0.0054426785856032112,0.066349117764789911,0,2018-06-29,2018-06-29,development
2017-12-29,VMBS,6,0.071791796350393122,-0.0091480001704803415,0.080939796520873464,0,2018-06-29,2018-06-29,development
2017-12-29,VOO,6,0.071791796350393122,0.026497749836727147,0.045294046513665975,0,2018-06-29,2018-06-29,development
2017-12-29,VWO,6,0.071791796350393122,-0.073126786182614256,0.14491858253300738,0,2018-06-29,2018-06-29,development
2017-12-29,VXUS,6,0.071791796350393122,-0.034902216120693219,0.10669401247108634,0,2018-06-29,2018-06-29,development
2018-01-31,BND,6,0.11431849289676843,-0.0087341950074845132,0.12305268790425294,0,2018-07-31,2018-07-31,development
2018-01-31,DBC,6,0.11431849289676843,0,0.11431849289676843,0,2018-07-31,2018-07-31,development
2018-01-31,GLD,6,0.11431849289676843,-0.095572733661278941,0.20989122655804737,0,2018-07-31,2018-07-31,development
2018-01-31,VDE,6,0.11431849289676843,0.007951406085412227,0.1063670868113562,0,2018-07-31,2018-07-31,development
2018-01-31,VGT,6,0.11431849289676843,0.059649904866796222,0.054668588029972209,0,2018-07-31,2018-07-31,development
2018-01-31,VIG,6,0.11431849289676843,-0.016097581416234519,0.13041607431300295,0,2018-07-31,2018-07-31,development
2018-01-31,VMBS,6,0.11431849289676843,-0.0025774285114096296,0.11689592140817806,0,2018-07-31,2018-07-31,development
2018-01-31,VOO,6,0.11431849289676843,-0.0091411302798959371,0.12345962317666437,0,2018-07-31,2018-07-31,development
2018-01-31,VWO,6,0.11431849289676843,-0.1348446040378164,0.24916309693458483,0,2018-07-31,2018-07-31,development
2018-01-31,VXUS,6,0.11431849289676843,-0.082319027089457597,0.19663751998622603,0,2018-07-31,2018-07-31,development
2018-02-28,BND,6,0.17016115058048853,0.010591820839007671,0.15956932974148086,0,2018-08-31,2018-08-31,development
2018-02-28,DBC,6,0.17016115058048853,0.030842230130486481,0.13931892045000205,0,2018-08-31,2018-08-31,development
2018-02-28,GLD,6,0.17016115058048853,-0.10012684319010623,0.27028799377059476,0,2018-08-31,2018-08-31,development
2018-02-28,VDE,6,0.17016115058048853,0.10821037485316665,0.061950775727321883,0,2018-08-31,2018-08-31,development
2018-02-28,VGT,6,0.17016115058048853,0.14784295907381684,0.022318191506671692,0,2018-08-31,2018-08-31,development
2018-02-28,VIG,6,0.17016115058048853,0.062548998051801696,0.10761215252868683,0,2018-08-31,2018-08-31,development
2018-02-28,VMBS,6,0.17016115058048853,0.01404528010472994,0.15611587047575859,0,2018-08-31,2018-08-31,development
2018-02-28,VOO,6,0.17016115058048853,0.066010024887534158,0.10415112569295437,0,2018-08-31,2018-08-31,development
2018-02-28,VWO,6,0.17016115058048853,-0.12864518379331336,0.29880633437380189,0,2018-08-31,2018-08-31,development
2018-02-28,VXUS,6,0.17016115058048853,-0.055783255409093124,0.22594440598958165,0,2018-08-31,2018-08-31,development
2018-03-30,BND,6,0.16592811422944376,-0.0014112287110119581,0.16733934294045572,0,2018-09-28,2018-09-28,development
2018-03-30,DBC,6,0.16592811422944376,0.058303886925795023,0.10762422730364873,0,2018-09-28,2018-09-28,development
2018-03-30,GLD,6,0.16592811422944376,-0.10358534064711022,0.26951345487655398,0,2018-09-28,2018-09-28,development
2018-03-30,VDE,6,0.16592811422944376,0.1523495619694839,0.013578552259959853,0,2018-09-28,2018-09-28,development
2018-03-30,VGT,6,0.16592811422944376,0.19149525443976478,-0.025567140210321027,0,2018-09-28,2018-09-28,development
2018-03-30,VIG,6,0.16592811422944376,0.10636457394399312,0.059563540285450634,0,2018-09-28,2018-09-28,development
2018-03-30,VMBS,6,0.16592811422944376,0.0017422957060606592,0.1641858185233831,0,2018-09-28,2018-09-28,development
2018-03-30,VOO,6,0.16592811422944376,0.11314335361387107,0.05278476061557269,0,2018-09-28,2018-09-28,development
2018-03-30,VWO,6,0.16592811422944376,-0.11171732397210421,0.27764543820154797,0,2018-09-28,2018-09-28,development
2018-03-30,VXUS,6,0.16592811422944376,-0.030007637164731427,0.19593575139417518,0,2018-09-28,2018-09-28,development
2018-04-30,BND,6,0.11692358150213211,0.0033675991564161567,0.11355598234571596,0,2018-10-31,2018-10-31,development
2018-04-30,DBC,6,0.11692358150213211,-0.0011441647597253413,0.11806774626185745,0,2018-10-31,2018-10-31,development
2018-04-30,GLD,6,0.11692358150213211,-0.069561752988047787,0.1864853344901799,0,2018-10-31,2018-10-31,development
2018-04-30,VDE,6,0.11692358150213211,-0.08355386895818584,0.20047745046031795,0,2018-10-31,2018-10-31,development
2018-04-30,VGT,6,0.11692358150213211,0.064690439660604948,0.052233141841527164,0,2018-10-31,2018-10-31,development
2018-04-30,VIG,6,0.11692358150213211,0.013723430333526077,0.10320015116860604,0,2018-10-31,2018-10-31,development
2018-04-30,VMBS,6,0.11692358150213211,0.0039403059645082283,0.11298327553762388,0,2018-10-31,2018-10-31,development
2018-04-30,VOO,6,0.11692358150213211,0.0042818556746424541,0.11264172582748966,0,2018-10-31,2018-10-31,development
2018-04-30,VWO,6,0.11692358150213211,-0.17204897794251983,0.28897255944465194,0,2018-10-31,2018-10-31,development
2018-04-30,VXUS,6,0.11692358150213211,-0.13401879251106574,0.25094237401319786,0,2018-10-31,2018-10-31,development
2018-05-31,BND,6,0.063191659983961701,0.0015619423630772733,0.061629717620884428,0,2018-11-30,2018-11-30,development
2018-05-31,DBC,6,0.063191659983961701,-0.15149833518312994,0.21468999516709164,0,2018-11-30,2018-11-30,development
2018-05-31,GLD,6,0.063191659983961701,-0.06225144062981891,0.12544310061378061,0,2018-11-30,2018-11-30,development
2018-05-31,VDE,6,0.063191659983961701,-0.11552077600300237,0.17871243598696407,0,2018-11-30,2018-11-30,development
2018-05-31,VGT,6,0.063191659983961701,0.0046435674213611833,0.058548092562600518,0,2018-11-30,2018-11-30,development
2018-05-31,VIG,6,0.063191659983961701,0.061753606267172634,0.0014380537167890672,0,2018-11-30,2018-11-30,development
2018-05-31,VMBS,6,0.063191659983961701,0.0064340930098869542,0.056757566974074747,0,2018-11-30,2018-11-30,development
2018-05-31,VOO,6,0.063191659983961701,0.022943469527940019,0.040248190456021682,0,2018-11-30,2018-11-30,development
2018-05-31,VWO,6,0.063191659983961701,-0.10564208191575108,0.16883374189971279,0,2018-11-30,2018-11-30,development
2018-05-31,VXUS,6,0.063191659983961701,-0.096968920423626925,0.16016058040758863,0,2018-11-30,2018-11-30,development
2018-06-29,BND,6,0.0084530853761621838,0.014610859894178541,-0.0061577745180163568,0,2018-12-31,2018-12-31,development
2018-06-29,DBC,6,0.0084530853761621838,-0.17224030633545573,0.18069339171161791,0,2018-12-31,2018-12-31,development
2018-06-29,GLD,6,0.0084530853761621838,0.020311841550779475,-0.011858756174617291,0,2018-12-31,2018-12-31,development
2018-06-29,VDE,6,0.0084530853761621838,-0.25980556180049896,0.26825864717666115,0,2018-12-31,2018-12-31,development
2018-06-29,VGT,6,0.0084530853761621838,-0.083168887333515684,0.091621972709677868,0,2018-12-31,2018-12-31,development
2018-06-29,VIG,6,0.0084530853761621838,-0.036096882320208246,0.044549967696370429,0,2018-12-31,2018-12-31,development
2018-06-29,VMBS,6,0.0084530853761621838,0.016363354018554821,-0.0079102686423926372,0,2018-12-31,2018-12-31,development
2018-06-29,VOO,6,0.0084530853761621838,-0.078147170535487587,0.086600255911649771,0,2018-12-31,2018-12-31,development
2018-06-29,VWO,6,0.0084530853761621838,-0.078969136764006742,0.087422222140168926,0,2018-12-31,2018-12-31,development
2018-06-29,VXUS,6,0.0084530853761621838,-0.11563587594207581,0.12408896131823799,0,2018-12-31,2018-12-31,development
2018-07-31,BND,6,0.090696509103056711,0.020253430224944635,0.070443078878112075,0,2019-01-31,2019-01-31,development
2018-07-31,DBC,6,0.090696509103056711,-0.087022692859811568,0.17771920196286828,0,2019-01-31,2019-01-31,development
2018-07-31,GLD,6,0.090696509103056711,0.060692394025727348,0.030004115077329363,0,2019-01-31,2019-01-31,development
2018-07-31,VDE,6,0.090696509103056711,-0.18128670356736942,0.27198321267042613,0,2019-01-31,2019-01-31,development
2018-07-31,VGT,6,0.090696509103056711,-0.047530074230332064,0.13822658333338878,0,2019-01-31,2019-01-31,development
2018-07-31,VIG,6,0.090696509103056711,-0.019867264549171204,0.11056377365222791,0,2019-01-31,2019-01-31,development
2018-07-31,VMBS,6,0.090696509103056711,0.020792581156469092,0.069903927946587618,0,2019-01-31,2019-01-31,development
2018-07-31,VOO,6,0.090696509103056711,-0.045843993348197887,0.1365405024512546,0,2019-01-31,2019-01-31,development
2018-07-31,VWO,6,0.090696509103056711,-0.045514022609537519,0.13621053171259423,0,2019-01-31,2019-01-31,development
2018-07-31,VXUS,6,0.090696509103056711,-0.077743134196398445,0.16843964329945516,0,2019-01-31,2019-01-31,development
2018-08-31,BND,6,0.11107947970439347,0.023300515599036675,0.087778964105356794,0,2019-02-28,2019-02-28,development
2018-08-31,DBC,6,0.11107947970439347,-0.062384105469097673,0.17346358517349114,0,2019-02-28,2019-02-28,development
2018-08-31,GLD,6,0.11107947970439347,0.10562945995947493,0.0054500197449185439,0,2019-02-28,2019-02-28,development
2018-08-31,VDE,6,0.11107947970439347,-0.12619484192810371,0.23727432163249718,0,2019-02-28,2019-02-28,development
2018-08-31,VGT,6,0.11107947970439347,-0.042878761545140365,0.15395824124953383,0,2019-02-28,2019-02-28,development
2018-08-31,VIG,6,0.11107947970439347,0.0072617639806697998,0.10381771572372367,0,2019-02-28,2019-02-28,development
2018-08-31,VMBS,6,0.11107947970439347,0.023400604481585763,0.087678875222807706,0,2019-02-28,2019-02-28,development
2018-08-31,VOO,6,0.11107947970439347,-0.028394221025997313,0.13947370073039078,0,2019-02-28,2019-02-28,development
2018-08-31,VWO,6,0.11107947970439347,0.01342926868737182,0.097650211017021649,0,2019-02-28,2019-02-28,development
2018-08-31,VXUS,6,0.11107947970439347,-0.029991963545164313,0.14107144324955778,0,2019-02-28,2019-02-28,development
2018-09-28,BND,6,0.053551802657520575,0.046651075329528391,0.0069007273279921844,0,2019-03-29,2019-03-29,development
2018-09-28,DBC,6,0.053551802657520575,-0.10387676883453434,0.15742857149205491,0,2019-03-29,2019-03-29,development
2018-09-28,GLD,6,0.053551802657520575,0.082032635686413613,-0.028480833028893038,0,2019-03-29,2019-03-29,development
2018-09-28,VDE,6,0.053551802657520575,-0.13668445239312421,0.19023625505064479,0,2019-03-29,2019-03-29,development
2018-09-28,VGT,6,0.053551802657520575,-0.0028915553837253194,0.056443358041245895,0,2019-03-29,2019-03-29,development
2018-09-28,VIG,6,0.053551802657520575,0.00073805116368985679,0.052813751493830718,0,2019-03-29,2019-03-29,development
2018-09-28,VMBS,6,0.053551802657520575,0.04209295878421293,0.011458843873307645,0,2019-03-29,2019-03-29,development
2018-09-28,VOO,6,0.053551802657520575,-0.017417163443573025,0.0709689661010936,0,2019-03-29,2019-03-29,development
2018-09-28,VWO,6,0.053551802657520575,0.045712488006265373,0.0078393146512552025,0,2019-03-29,2019-03-29,development
2018-09-28,VXUS,6,0.053551802657520575,-0.025555678272687454,0.07910748093020803,0,2019-03-29,2019-03-29,development
2018-10-31,BND,6,0.16298183490545193,0.05154084137931414,0.11144099352613779,0,2019-04-30,2019-04-30,development
2018-10-31,DBC,6,0.16298183490545193,-0.070160541404194365,0.23314237630964629,0,2019-04-30,2019-04-30,development
2018-10-31,GLD,6,0.16298183490545193,0.039393679883531707,0.12358815502192022,0,2019-04-30,2019-04-30,development
2018-10-31,VDE,6,0.16298183490545193,-0.0078861918095259886,0.17086802671497792,0,2019-04-30,2019-04-30,development
2018-10-31,VGT,6,0.16298183490545193,0.17963690305233859,-0.016655068146886665,0,2019-04-30,2019-04-30,development
2018-10-31,VIG,6,0.16298183490545193,0.12713746368324497,0.035844371222206961,0,2019-04-30,2019-04-30,development
2018-10-31,VMBS,6,0.16298183490545193,0.044153010336599463,0.11882882456885246,0,2019-04-30,2019-04-30,development
2018-10-31,VOO,6,0.16298183490545193,0.11777343526074735,0.045208399644704578,0,2019-04-30,2019-04-30,development
2018-10-31,VWO,6,0.16298183490545193,0.17195040890535362,-0.0089685739999016967,0,2019-04-30,2019-04-30,development
2018-10-31,VXUS,6,0.16298183490545193,0.10865636621044206,0.054325468695009871,0,2019-04-30,2019-04-30,development
2018-11-30,BND,6,0.24337308059228646,0.067966109882122261,0.1754069707101642,0,2019-05-31,2019-05-31,development
2018-11-30,DBC,6,0.24337308059228646,0.0021901536375439346,0.24118292695474253,0,2019-05-31,2019-05-31,development
2018-11-30,GLD,6,0.24337308059228646,0.067422537649298953,0.17595054294298751,0,2019-05-31,2019-05-31,development
2018-11-30,VDE,6,0.24337308059228646,-0.1090542723773581,0.35242735296964456,0,2019-05-31,2019-05-31,development
2018-11-30,VGT,6,0.24337308059228646,0.071675401137939243,0.17169767945434722,0,2019-05-31,2019-05-31,development
2018-11-30,VIG,6,0.24337308059228646,0.015093196540087561,0.2282798840521989,0,2019-05-31,2019-05-31,development
2018-11-30,VMBS,6,0.24337308059228646,0.049225246389899224,0.19414783420238724,0,2019-05-31,2019-05-31,development
2018-11-30,VOO,6,0.24337308059228646,0.0085816580317692459,0.23479142256051722,0,2019-05-31,2019-05-31,development
2018-11-30,VWO,6,0.24337308059228646,0.032951240357215417,0.21042184023507104,0,2019-05-31,2019-05-31,development
2018-11-30,VXUS,6,0.24337308059228646,0.018718939483732155,0.22465414110855431,0,2019-05-31,2019-05-31,development
2018-12-31,BND,6,0.39310933711262708,0.064083354203657628,0.32902598290896945,0,2019-06-28,2019-06-28,development
2018-12-31,DBC,6,0.39310933711262708,0.088581314878892981,0.3045280222337341,0,2019-06-28,2019-06-28,development
2018-12-31,GLD,6,0.39310933711262708,0.10028085246984952,0.29282848464277755,0,2019-06-28,2019-06-28,development
2018-12-31,VDE,6,0.39310933711262708,0.12597277703006604,0.26713656008256104,0,2019-06-28,2019-06-28,development
2018-12-31,VGT,6,0.39310933711262708,0.28449947473640513,0.10860986237622194,0,2019-06-28,2019-06-28,development
2018-12-31,VIG,6,0.39310933711262708,0.19812190638272065,0.19498743072990643,0,2019-06-28,2019-06-28,development
2018-12-31,VMBS,6,0.39310933711262708,0.041120514559631838,0.35198882255299524,0,2019-06-28,2019-06-28,development
2018-12-31,VOO,6,0.39310933711262708,0.19441180944557979,0.19869752766704729,0,2019-06-28,2019-06-28,development
2018-12-31,VWO,6,0.39310933711262708,0.12404553700929855,0.26906380010332853,0,2019-06-28,2019-06-28,development
2018-12-31,VXUS,6,0.39310933711262708,0.13637016126618828,0.25673917584643879,0,2019-06-28,2019-06-28,development
2019-01-31,BND,6,0.30237999668507798,0.05811389692467217,0.24426609976040581,0,2019-07-31,2019-07-31,development
2019-01-31,DBC,6,0.30237999668507798,-0.0032154340836013651,0.30559543076867934,0,2019-07-31,2019-07-31,development
2019-01-31,GLD,6,0.30237999668507798,0.087742145531499061,0.21463785115357892,0,2019-07-31,2019-07-31,development
2019-01-31,VDE,6,0.30237999668507798,-0.013215298978630718,0.3155952956637087,0,2019-07-31,2019-07-31,development
2019-01-31,VGT,6,0.30237999668507798,0.25650521756682743,0.045874779118250553,0,2019-07-31,2019-07-31,development
2019-01-31,VIG,6,0.30237999668507798,0.1691133586532938,0.13326663803178418,0,2019-07-31,2019-07-31,development
2019-01-31,VMBS,6,0.30237999668507798,0.041306086738828851,0.26107390994624913,0,2019-07-31,2019-07-31,development
2019-01-31,VOO,6,0.30237999668507798,0.14750155521661634,0.15487844146846164,0,2019-07-31,2019-07-31,development
2019-01-31,VWO,6,0.30237999668507798,0.048673446836738687,0.25370654984833929,0,2019-07-31,2019-07-31,development
2019-01-31,VXUS,6,0.30237999668507798,0.062284518613520579,0.2400954780715574,0,2019-07-31,2019-07-31,development
2019-02-28,BND,6,0.05161354464838519,0.079084387982709892,-0.027470843334324702,0,2019-08-30,2019-08-30,development
2019-02-28,DBC,6,0.05161354464838519,-0.078309509011808554,0.12992305366019374,0,2019-08-30,2019-08-30,development
2019-02-28,GLD,6,0.05161354464838519,0.14541832669322718,-0.093804782044841994,0,2019-08-30,2019-08-30,development
2019-02-28,VDE,6,0.05161354464838519,-0.13381839098817994,0.18543193563656513,0,2019-08-30,2019-08-30,development
2019-02-28,VGT,6,0.05161354464838519,0.1145243922486785,-0.062910847600293307,0,2019-08-30,2019-08-30,development
2019-02-28,VIG,6,0.05161354464838519,0.095559918631481944,-0.043946373983096754,0,2019-08-30,2019-08-30,development
2019-02-28,VMBS,6,0.05161354464838519,0.04344312110690729,0.0081704235414779003,0,2019-08-30,2019-08-30,development
2019-02-28,VOO,6,0.05161354464838519,0.057960834170006859,-0.0063472895216216685,0,2019-08-30,2019-08-30,development
2019-02-28,VWO,6,0.05161354464838519,-0.025907112938356236,0.077520657586741426,0,2019-08-30,2019-08-30,development
2019-02-28,VXUS,6,0.05161354464838519,-0.0074994168838727893,0.059112961532257979,0,2019-08-30,2019-08-30,development
2019-03-29,BND,6,0.072319917497415176,0.054038227127690908,0.018281690369724268,0,2019-09-30,2019-09-30,development
2019-03-29,DBC,6,0.072319917497415176,-0.044654088050314344,0.11697400554772952,0,2019-09-30,2019-09-30,development
2019-03-29,GLD,6,0.072319917497415176,0.156134743053848,-0.083814825556432826,0,2019-09-30,2019-09-30,development
2019-03-29,VDE,6,0.072319917497415176,-0.10742453533914464,0.17974445283655982,0,2019-09-30,2019-09-30,development
2019-03-29,VGT,6,0.072319917497415176,0.070067823326156908,0.0022520941712582676,0,2019-09-30,2019-09-30,development
2019-03-29,VIG,6,0.072319917497415176,0.093969431339044895,-0.021649513841629719,0,2019-09-30,2019-09-30,development
2019-03-29,VMBS,6,0.072319917497415176,0.031337737930278387,0.040982179567136789,0,2019-09-30,2019-09-30,development
2019-03-29,VOO,6,0.072319917497415176,0.055464111212853107,0.016855806284562069,0,2019-09-30,2019-09-30,development
2019-03-29,VWO,6,0.072319917497415176,-0.03717661348792789,0.10949653098534307,0,2019-09-30,2019-09-30,development
2019-03-29,VXUS,6,0.072319917497415176,0.0087955356760811565,0.063524381821334019,0,2019-09-30,2019-09-30,development
2019-04-30,BND,6,-0.088109585991447803,0.05129726819441327,-0.13940685418586107,0,2019-10-31,2019-10-31,development
2019-04-30,DBC,6,-0.088109585991447803,-0.026200873362445476,-0.061908712629002327,0,2019-10-31,2019-10-31,development
2019-04-30,GLD,6,-0.088109585991447803,0.16882260855236053,-0.25693219454380833,0,2019-10-31,2019-10-31,development
2019-04-30,VDE,6,-0.088109585991447803,-0.11333065773557804,0.025221071744130241,0,2019-10-31,2019-10-31,development
2019-04-30,VGT,6,-0.088109585991447803,0.048456677638480938,-0.13656626362992874,0,2019-10-31,2019-10-31,development
2019-04-30,VIG,6,-0.088109585991447803,0.065110895148692061,-0.15322048114013986,0,2019-10-31,2019-10-31,development
2019-04-30,VMBS,6,-0.088109585991447803,0.032958689805987484,-0.12106827579743529,0,2019-10-31,2019-10-31,development
2019-04-30,VOO,6,-0.088109585991447803,0.038115612453720971,-0.12622519844516877,0,2019-10-31,2019-10-31,development
2019-04-30,VWO,6,-0.088109585991447803,-0.016457042923871734,-0.071652543067576069,0,2019-10-31,2019-10-31,development
2019-04-30,VXUS,6,-0.088109585991447803,0.018185761536384293,-0.1062953475278321,0,2019-10-31,2019-10-31,development
2019-05-31,BND,6,-0.076229757664960096,0.038936519776136436,-0.11516627744109653,0,2019-11-29,2019-11-29,development
2019-05-31,DBC,6,-0.076229757664960096,0.011896893588896118,-0.088126651253856214,0,2019-11-29,2019-11-29,development
2019-05-31,GLD,6,-0.076229757664960096,0.11781399497283718,-0.19404375263779727,0,2019-11-29,2019-11-29,development
2019-05-31,VDE,6,-0.076229757664960096,-0.0091343160067712814,-0.067095441658188815,0,2019-11-29,2019-11-29,development
2019-05-31,VGT,6,-0.076229757664960096,0.22274784972776551,-0.29897760739272561,0,2019-11-29,2019-11-29,development
2019-05-31,VIG,6,-0.076229757664960096,0.1398315624676687,-0.2160613201326288,0,2019-11-29,2019-11-29,development
2019-05-31,VMBS,6,-0.076229757664960096,0.026361705876210229,-0.10259146354117032,0,2019-11-29,2019-11-29,development
2019-05-31,VOO,6,-0.076229757664960096,0.15275301506107497,-0.22898277272603507,0,2019-11-29,2019-11-29,development
2019-05-31,VWO,6,-0.076229757664960096,0.055051748358877939,-0.13128150602383803,0,2019-11-29,2019-11-29,development
2019-05-31,VXUS,6,-0.076229757664960096,0.088206956957426419,-0.16443671462238652,0,2019-11-29,2019-11-29,development
2019-06-28,BND,6,-0.095030564096591053,0.026836796482708536,-0.12186736057929959,0,2019-12-31,2019-12-31,development
2019-06-28,DBC,6,-0.095030564096591053,0.038357108610028723,-0.13338767270661978,0,2019-12-31,2019-12-31,development
2019-06-28,GLD,6,-0.095030564096591053,0.06854354354354375,-0.1635741076401348,0,2019-12-31,2019-12-31,development
2019-06-28,VDE,6,-0.095030564096591053,-0.027735705181989312,-0.067294858914601741,0,2019-12-31,2019-12-31,development
2019-06-28,VGT,6,-0.095030564096591053,0.1724558033672372,-0.26748636746382826,0,2019-12-31,2019-12-31,development
2019-06-28,VIG,6,-0.095030564096591053,0.096342931028269296,-0.19137349512486035,0,2019-12-31,2019-12-31,development
2019-06-28,VMBS,6,-0.095030564096591053,0.021882414373860737,-0.11691297847045179,0,2019-12-31,2019-12-31,development
2019-06-28,VOO,6,-0.095030564096591053,0.11280419582221657,-0.20783475991880762,0,2019-12-31,2019-12-31,development
2019-06-28,VWO,6,-0.095030564096591053,0.075295313201849234,-0.17032587729844029,0,2019-12-31,2019-12-31,development
2019-06-28,VXUS,6,-0.095030564096591053,0.077761890850004622,-0.17279245494659567,0,2019-12-31,2019-12-31,development
2019-07-31,BND,6,0.020191748548724187,0.045742205948946957,-0.02555045740022277,0,2020-01-31,2020-01-31,development
2019-07-31,DBC,6,0.020191748548724187,-0.044533984501711976,0.064725733050436163,0,2020-01-31,2020-01-31,development
2019-07-31,GLD,6,0.020191748548724187,0.117404968572284,-0.09721322002355981,0,2020-01-31,2020-01-31,development
2019-07-31,VDE,6,0.020191748548724187,-0.11563194561163226,0.13582369416035645,0,2020-01-31,2020-01-31,development
2019-07-31,VGT,6,0.020191748548724187,0.14589528017322584,-0.12570353162450165,0,2020-01-31,2020-01-31,development
2019-07-31,VIG,6,0.020191748548724187,0.060924587059393742,-0.040732838510669556,0,2020-01-31,2020-01-31,development
2019-07-31,VMBS,6,0.020191748548724187,0.025233798538995655,-0.0050420499902714688,0,2020-01-31,2020-01-31,development
2019-07-31,VOO,6,0.020191748548724187,0.076219856193858515,-0.056028107645134329,0,2020-01-31,2020-01-31,development
2019-07-31,VWO,6,0.020191748548724187,0.010485645528697685,0.0097061030200265019,0,2020-01-31,2020-01-31,development
2019-07-31,VXUS,6,0.020191748548724187,0.039243649420692917,-0.01905190087196873,0,2020-01-31,2020-01-31,development
2019-08-30,BND,6,-0.0030149665506254975,0.032898488645171975,-0.035913455195797472,0,2020-02-28,2020-02-28,development
2019-08-30,DBC,6,-0.0030149665506254975,-0.067805807845840671,0.064790841295215174,0,2020-02-28,2020-02-28,development
2019-08-30,GLD,6,-0.0030149665506254975,0.03220869565217388,-0.035223662202799377,0,2020-02-28,2020-02-28,development
2019-08-30,VDE,6,-0.0030149665506254975,-0.17846698286125517,0.17545201631062968,0,2020-02-28,2020-02-28,development
2019-08-30,VGT,6,-0.0030149665506254975,0.11071058488908303,-0.11372555143970853,0,2020-02-28,2020-02-28,development
2019-08-30,VIG,6,-0.0030149665506254975,-0.020447550479285703,0.017432583928660206,0,2020-02-28,2020-02-28,development
2019-08-30,VMBS,6,-0.0030149665506254975,0.023667687412123328,-0.026682653962748826,0,2020-02-28,2020-02-28,development
2019-08-30,VOO,6,-0.0030149665506254975,0.021379342048061689,-0.024394308598687187,0,2020-02-28,2020-02-28,development
2019-08-30,VWO,6,-0.0030149665506254975,0.028203277607045996,-0.031218244157671493,0,2020-02-28,2020-02-28,development
2019-08-30,VXUS,6,-0.0030149665506254975,0.010393910796645089,-0.013408877347270587,0,2020-02-28,2020-02-28,development
2019-09-30,BND,6,-0.014734229353228989,0.033202498380719092,-0.047936727733948081,0,2020-03-31,2020-03-31,development
2019-09-30,DBC,6,-0.014734229353228989,-0.23634403453217656,0.22160980517894757,0,2020-03-31,2020-03-31,development
2019-09-30,GLD,6,-0.014734229353228989,0.079327945555082824,-0.094062174908311813,0,2020-03-31,2020-03-31,development
2019-09-30,VDE,6,-0.014734229353228989,-0.51488959630738695,0.50015536695415796,0,2020-03-31,2020-03-31,development
2019-09-30,VGT,6,-0.014734229353228989,-0.018759902146748941,0.0040256727935199521,0,2020-03-31,2020-03-31,development
2019-09-30,VIG,6,-0.014734229353228989,-0.13598165817167029,0.12124742881844131,0,2020-03-31,2020-03-31,development
2019-09-30,VMBS,6,-0.014734229353228989,0.033386402827143113,-0.048120632180372103,0,2020-03-31,2020-03-31,development
2019-09-30,VOO,6,-0.014734229353228989,-0.13370205873215513,0.11896782937892614,0,2020-03-31,2020-03-31,development
2019-09-30,VWO,6,-0.014734229353228989,-0.16831665925275285,0.15358242989952386,0,2020-03-31,2020-03-31,development
2019-09-30,VXUS,6,-0.014734229353228989,-0.18397029146009991,0.16923606210687092,0,2020-03-31,2020-03-31,development
2019-10-31,BND,6,0.23525147711674088,0.056025093497781064,0.17922638361895982,0,2020-04-30,2020-04-30,development
2019-10-31,DBC,6,0.23525147711674088,-0.30374184766724277,0.53899332478398365,0,2020-04-30,2020-04-30,development
2019-10-31,GLD,6,0.23525147711674088,0.14648244748343409,0.088769029633306795,0,2020-04-30,2020-04-30,development
2019-10-31,VDE,6,0.23525147711674088,-0.40084498487270004,0.63609646198944092,0,2020-04-30,2020-04-30,development
2019-10-31,VGT,6,0.23525147711674088,0.061727310716801487,0.17352416639993939,0,2020-04-30,2020-04-30,development
2019-10-31,VIG,6,0.23525147711674088,-0.049063491273971915,0.2843149683907128,0,2020-04-30,2020-04-30,development
2019-10-31,VMBS,6,0.23525147711674088,0.033254664249335208,0.20199681286740567,0,2020-04-30,2020-04-30,development
2019-10-31,VOO,6,0.23525147711674088,-0.052404905134316615,0.2876563822510575,0,2020-04-30,2020-04-30,development
2019-10-31,VWO,6,0.23525147711674088,-0.15108150787653485,0.38633298499327573,0,2020-04-30,2020-04-30,development
2019-10-31,VXUS,6,0.23525147711674088,-0.16318734618574759,0.39843882330248848,0,2020-04-30,2020-04-30,development
2019-11-29,BND,6,0.098449952190076795,0.056378688248506004,0.042071263941570791,0,2020-05-29,2020-05-29,development
2019-11-29,DBC,6,0.098449952190076795,-0.21844504936465137,0.31689500155472816,0,2020-05-29,2020-05-29,development
2019-11-29,GLD,6,0.098449952190076795,0.18170607863049448,-0.083256126440417688,0,2020-05-29,2020-05-29,development
2019-11-29,VDE,6,0.098449952190076795,-0.31655995321664299,0.41500990540671978,0,2020-05-29,2020-05-29,development
2019-11-29,VGT,6,0.098449952190076795,0.11232147289061145,-0.013871520700534656,0,2020-05-29,2020-05-29,development
2019-11-29,VIG,6,0.098449952190076795,-0.030025868794423261,0.12847582098450006,0,2020-05-29,2020-05-29,development
2019-11-29,VMBS,6,0.098449952190076795,0.036388290999572082,0.062061661190504713,0,2020-05-29,2020-05-29,development
2019-11-29,VOO,6,0.098449952190076795,-0.021959858140656818,0.12040981033073361,0,2020-05-29,2020-05-29,development
2019-11-29,VWO,6,0.098449952190076795,-0.098957891500132678,0.19740784369020947,0,2020-05-29,2020-05-29,development
2019-11-29,VXUS,6,0.098449952190076795,-0.10901880950150034,0.20746876169157713,0,2020-05-29,2020-05-29,development
2019-12-31,BND,6,0.11515862079177164,0.060937891628053187,0.054220729163718451,0,2020-06-30,2020-06-30,development
2019-12-31,DBC,6,0.11515862079177164,-0.25062189054726347,0.36578051133903511,0,2020-06-30,2020-06-30,development
2019-12-31,GLD,6,0.11515862079177164,0.17009766036675322,-0.054939039574981585,0,2020-06-30,2020-06-30,development
2019-12-31,VDE,6,0.11515862079177164,-0.38779062183594226,0.5029492426277139,0,2020-06-30,2020-06-30,development
2019-12-31,VGT,6,0.11515862079177164,0.10983254360997141,0.0053260771818002262,0,2020-06-30,2020-06-30,development
2019-12-31,VIG,6,0.11515862079177164,-0.079777790167421481,0.19493641095919312,0,2020-06-30,2020-06-30,development
2019-12-31,VMBS,6,0.11515862079177164,0.03324627756421239,0.081912343227559248,0,2020-06-30,2020-06-30,development
2019-12-31,VOO,6,0.11515862079177164,-0.061904125433217883,0.17706274622498952,0,2020-06-30,2020-06-30,development
2019-12-31,VWO,6,0.11515862079177164,-0.10797929688518804,0.22313791767695967,0,2020-06-30,2020-06-30,development
2019-12-31,VXUS,6,0.11515862079177164,-0.11882944169143572,0.23398806248320736,0,2020-06-30,2020-06-30,development
2020-01-31,BND,6,0.12248277299572186,0.05878229159592685,0.063700481399795006,0,2020-07-31,2020-07-31,development
2020-01-31,DBC,6,0.12248277299572186,-0.11248285322359408,0.23496562621931594,0,2020-07-31,2020-07-31,development
2020-01-31,GLD,6,0.12248277299572186,0.24174646755507934,-0.11926369455935748,0,2020-07-31,2020-07-31,development
2020-01-31,VDE,6,0.12248277299572186,-0.3132178515339199,0.43570062452964176,0,2020-07-31,2020-07-31,development
2020-01-31,VGT,6,0.12248277299572186,0.16868442010594831,-0.046201647110226451,0,2020-07-31,2020-07-31,development
2020-01-31,VIG,6,0.12248277299572186,-0.0086633975061102264,0.13114617050183208,0,2020-07-31,2020-07-31,development
2020-01-31,VMBS,6,0.12248277299572186,0.028026812772970144,0.094455960222751711,0,2020-07-31,2020-07-31,development
2020-01-31,VOO,6,0.12248277299572186,0.024562687450423226,0.09792008554529863,0,2020-07-31,2020-07-31,development
2020-01-31,VWO,6,0.12248277299572186,0.0300953591337354,0.092387413861986456,0,2020-07-31,2020-07-31,development
2020-01-31,VXUS,6,0.12248277299572186,-0.040595067154924336,0.16307784015064619,0,2020-07-31,2020-07-31,development
2020-02-28,BND,6,0.28378559716016061,0.028581337486486058,0.25520425967367455,0,2020-08-31,2020-08-31,development
2020-02-28,DBC,6,0.28378559716016061,-0.0044085231447463791,0.28819412030490699,0,2020-08-31,2020-08-31,development
2020-02-28,GLD,6,0.28378559716016061,0.2426876937592668,0.041097903400893809,0,2020-08-31,2020-08-31,development
2020-02-28,VDE,6,0.28378559716016061,-0.17848175319274595,0.46226735035290656,0,2020-08-31,2020-08-31,development
2020-02-28,VGT,6,0.28378559716016061,0.39668602048594392,-0.11290042332578332,0,2020-08-31,2020-08-31,development
2020-02-28,VIG,6,0.28378559716016061,0.15771953082052037,0.12606606633964024,0,2020-08-31,2020-08-31,development
2020-02-28,VMBS,6,0.28378559716016061,0.020332189333596817,0.26345340782656379,0,2020-08-31,2020-08-31,development
2020-02-28,VOO,6,0.28378559716016061,0.19677839974162414,0.087007197418536464,0,2020-08-31,2020-08-31,development
2020-02-28,VWO,6,0.28378559716016061,0.12086365651527764,0.16292194064488297,0,2020-08-31,2020-08-31,development
2020-02-28,VXUS,6,0.28378559716016061,0.08515217680013154,0.19863342036002907,0,2020-08-31,2020-08-31,development
2020-03-31,BND,6,0.26242816423455695,0.036918193863505255,0.22550997037105169,0,2020-09-30,2020-09-30,development
2020-03-31,DBC,6,0.26242816423455695,0.13397548161120842,0.12845268262334852,0,2020-09-30,2020-09-30,development
2020-03-31,GLD,6,0.26242816423455695,0.14903119868637105,0.1133969655481859,0,2020-09-30,2020-09-30,development
2020-03-31,VDE,6,0.26242816423455695,0.11588590724678571,0.14654225698777124,0,2020-09-30,2020-09-30,development
2020-03-31,VGT,6,0.26242816423455695,0.47099239976422425,-0.2085642355296673,0,2020-09-30,2020-09-30,development
2020-03-31,VIG,6,0.26242816423455695,0.25645737125476376,0.0059707929797931936,0,2020-09-30,2020-09-30,development
2020-03-31,VMBS,6,0.26242816423455695,0.0084969739203786254,0.25393119031417832,0,2020-09-30,2020-09-30,development
2020-03-31,VOO,6,0.26242816423455695,0.30914995904728526,-0.046721794812728312,0,2020-09-30,2020-09-30,development
2020-03-31,VWO,6,0.26242816423455695,0.29864251904455563,-0.036214354809998683,0,2020-09-30,2020-09-30,development
2020-03-31,VXUS,6,0.26242816423455695,0.25767417393519465,0.0047539902993622984,0,2020-09-30,2020-09-30,development
2020-04-30,BND,6,0.11154413621885362,0.01113120280806168,0.10041293341079194,0,2020-10-30,2020-10-30,development
2020-04-30,DBC,6,0.11154413621885362,0.18224299065420557,-0.070698854435351954,0,2020-10-30,2020-10-30,development
2020-04-30,GLD,6,0.11154413621885362,0.083374323659616278,0.028169812559237339,0,2020-10-30,2020-10-30,development
2020-04-30,VDE,6,0.11154413621885362,-0.13004644198484439,0.241590578203698,0,2020-10-30,2020-10-30,development
2020-04-30,VGT,6,0.11154413621885362,0.28023079064749323,-0.16868665442863962,0,2020-10-30,2020-10-30,development
2020-04-30,VIG,6,0.11154413621885362,0.13028626983333758,-0.018742133614483958,0,2020-10-30,2020-10-30,development
2020-04-30,VMBS,6,0.11154413621885362,0.0070573606569657166,0.1044867755618879,0,2020-10-30,2020-10-30,development
2020-04-30,VOO,6,0.11154413621885362,0.16349283410609394,-0.051948697887240325,0,2020-10-30,2020-10-30,development
2020-04-30,VWO,6,0.11154413621885362,0.26593033367169028,-0.15438619745283666,0,2020-10-30,2020-10-30,development
2020-04-30,VXUS,6,0.11154413621885362,0.17302221160904341,-0.06147807539018979,0,2020-10-30,2020-10-30,development
2020-05-29,BND,6,0.14103495114139752,0.015919015821439064,0.12511593531995846,0,2020-11-30,2020-11-30,development
2020-05-29,DBC,6,0.14103495114139752,0.19015280135823431,-0.049117850216836789,0,2020-11-30,2020-11-30,development
2020-05-29,GLD,6,0.14103495114139752,0.029955189982198815,0.11107976115919871,0,2020-11-30,2020-11-30,development
2020-05-29,VDE,6,0.14103495114139752,0.052457912658402828,0.088577038482994697,0,2020-11-30,2020-11-30,development
2020-05-29,VGT,6,0.14103495114139752,0.28224024280739868,-0.14120529166600115,0,2020-11-30,2020-11-30,development
2020-05-29,VIG,6,0.14103495114139752,0.18989595738182175,-0.048861006240424221,0,2020-11-30,2020-11-30,development
2020-05-29,VMBS,6,0.14103495114139752,0.00030305707374345126,0.14073189406765407,0,2020-11-30,2020-11-30,development
2020-05-29,VOO,6,0.14103495114139752,0.20578151576459125,-0.064746564623193725,0,2020-11-30,2020-11-30,development
2020-05-29,VWO,6,0.14103495114139752,0.32335618286991141,-0.18232123172851389,0,2020-11-30,2020-11-30,development
2020-05-29,VXUS,6,0.14103495114139752,0.25190285943882951,-0.11086790829743198,0,2020-11-30,2020-11-30,development
2020-06-30,BND,6,0.27243408260232616,0.013779692508747887,0.25865439009357827,0,2020-12-31,2020-12-31,development
2020-06-30,DBC,6,0.27243408260232616,0.21991701244813266,0.05251707015419349,0,2020-12-31,2020-12-31,development
2020-06-30,GLD,6,0.27243408260232616,0.070973940194547946,0.20146014240777821,0,2020-12-31,2020-12-31,development
2020-06-30,VDE,6,0.27243408260232616,0.093754017247170029,0.17868006535515613,0,2020-12-31,2020-12-31,development
2020-06-30,VGT,6,0.27243408260232616,0.31135009713273276,-0.038916014530406606,0,2020-12-31,2020-12-31,development
2020-06-30,VIG,6,0.27243408260232616,0.25059645341450665,0.021837629187819507,0,2020-12-31,2020-12-31,development
2020-06-30,VMBS,6,0.27243408260232616,0.0041619990801105011,0.26827208352221565,0,2020-12-31,2020-12-31,development
2020-06-30,VOO,6,0.27243408260232616,0.2571424387794623,0.015291643822863854,0,2020-12-31,2020-12-31,development
2020-06-30,VWO,6,0.27243408260232616,0.28691960680374073,-0.014485524201414579,0,2020-12-31,2020-12-31,development
2020-06-30,VXUS,6,0.27243408260232616,0.25094549816846401,0.021488584433862146,0,2020-12-31,2020-12-31,development
2020-07-31,BND,6,0.011102757477412961,-0.011045768804947897,0.022148526282360859,0,2021-01-29,2021-01-29,development
2020-07-31,DBC,6,0.011102757477412961,0.17387944358578045,-0.16277668610836749,0,2021-01-29,2021-01-29,development
2020-07-31,GLD,6,0.011102757477412961,-0.069136601412932097,0.080239358890345058,0,2021-01-29,2021-01-29,development
2020-07-31,VDE,6,0.011102757477412961,0.1562941507829787,-0.14519139330556574,0,2021-01-29,2021-01-29,development
2020-07-31,VGT,6,0.011102757477412961,0.19500346257518952,-0.18390070509777656,0,2021-01-29,2021-01-29,development
2020-07-31,VIG,6,0.011102757477412961,0.12430699088527186,-0.1132042334078589,0,2021-01-29,2021-01-29,development
2020-07-31,VMBS,6,0.011102757477412961,0.003401877771066486,0.0077008797063464751,0,2021-01-29,2021-01-29,development
2020-07-31,VOO,6,0.011102757477412961,0.14306796351494122,-0.13196520603752826,0,2021-01-29,2021-01-29,development
2020-07-31,VWO,6,0.011102757477412961,0.2204684726426156,-0.20936571516520264,0,2021-01-29,2021-01-29,development
2020-07-31,VXUS,6,0.011102757477412961,0.19676106790898729,-0.18565831043157432,0,2021-01-29,2021-01-29,development
2020-08-31,BND,6,-0.038813411757946725,-0.014192048756324738,-0.024621363001621988,0,2021-02-26,2021-02-26,development
2020-08-31,DBC,6,-0.038813411757946725,0.23468634686346856,-0.27349975862141529,0,2021-02-26,2021-02-26,development
2020-08-31,GLD,6,-0.038813411757946725,-0.12245783393893372,0.083644422180986999,0,2021-02-26,2021-02-26,development
2020-08-31,VDE,6,-0.038813411757946725,0.39163448211614194,-0.43044789387408866,0,2021-02-26,2021-02-26,development
2020-08-31,VGT,6,-0.038813411757946725,0.094518099026144275,-0.133331510784091,0,2021-02-26,2021-02-26,development
2020-08-31,VIG,6,-0.038813411757946725,0.066915163629174712,-0.10572857538712144,0,2021-02-26,2021-02-26,development
2020-08-31,VMBS,6,-0.038813411757946725,-0.0041998292586764574,-0.034613582499270268,0,2021-02-26,2021-02-26,development
2020-08-31,VOO,6,-0.038813411757946725,0.094284221483797559,-0.13309763324174428,0,2021-02-26,2021-02-26,development
2020-08-31,VWO,6,-0.038813411757946725,0.1811050345299825,-0.21991844628792923,0,2021-02-26,2021-02-26,development
2020-08-31,VXUS,6,-0.038813411757946725,0.15893959016618275,-0.19775300192412948,0,2021-02-26,2021-02-26,development
2020-09-30,BND,6,0.077612699961880471,-0.027949119030800329,0.1055618189926808,0,2021-03-31,2021-03-31,development
2020-09-30,DBC,6,0.077612699961880471,0.29498069498069501,-0.21736799501881454,0,2021-03-31,2021-03-31,development
2020-09-30,GLD,6,0.077612699961880471,-0.072596318737852883,0.15020901869973335,0,2021-03-31,2021-03-31,development
2020-09-30,VDE,6,0.077612699961880471,0.76014241796579229,-0.68252971800391182,0,2021-03-31,2021-03-31,development
2020-09-30,VGT,6,0.077612699961880471,0.17936133313433222,-0.10174863317245175,0,2021-03-31,2021-03-31,development
2020-09-30,VIG,6,0.077612699961880471,0.17879994784906583,-0.10118724788718536,0,2021-03-31,2021-03-31,development
2020-09-30,VMBS,6,0.077612699961880471,-0.0081080333991356834,0.085720733361016155,0,2021-03-31,2021-03-31,development
2020-09-30,VOO,6,0.077612699961880471,0.21451386548686546,-0.13690116552498499,0,2021-03-31,2021-03-31,development
2020-09-30,VWO,6,0.077612699961880471,0.24032675129320413,-0.16271405133132366,0,2021-03-31,2021-03-31,development
2020-09-30,VXUS,6,0.077612699961880471,0.23952867511588782,-0.16191597515400735,0,2021-03-31,2021-03-31,development
2020-10-30,BND,6,0.14838809172738876,-0.014745796795190058,0.16313388852257882,0,2021-04-30,2021-04-30,development
2020-10-30,DBC,6,0.14838809172738876,0.41581027667984172,-0.26742218495245296,0,2021-04-30,2021-04-30,development
2020-10-30,GLD,6,0.14838809172738876,-0.059818388195232663,0.20820647992262142,0,2021-04-30,2021-04-30,development
2020-10-30,VDE,6,0.14838809172738876,0.79142610278803938,-0.64303801106065062,0,2021-04-30,2021-04-30,development
2020-10-30,VGT,6,0.14838809172738876,0.26975412091152662,-0.12136602918413786,0,2021-04-30,2021-04-30,development
2020-10-30,VIG,6,0.14838809172738876,0.22697613640790126,-0.078588044680512503,0,2021-04-30,2021-04-30,development
2020-10-30,VMBS,6,0.14838809172738876,-0.0013359799787505677,0.14972407170613933,0,2021-04-30,2021-04-30,development
2020-10-30,VOO,6,0.14838809172738876,0.28898313776571483,-0.14059504603832607,0,2021-04-30,2021-04-30,development
2020-10-30,VWO,6,0.14838809172738876,0.2181619572871436,-0.069773865559754844,0,2021-04-30,2021-04-30,development
2020-10-30,VXUS,6,0.14838809172738876,0.27977987725884579,-0.13139178553145703,0,2021-04-30,2021-04-30,development
2020-11-30,BND,6,0.1737851699521622,-0.023741167490886839,0.19752633744304904,0,2021-05-31,2021-05-31,development
2020-11-30,DBC,6,0.1737851699521622,0.32667617689015715,-0.15289100693799496,0,2021-05-31,2021-05-31,development
2020-11-30,GLD,6,0.1737851699521622,0.06311460754514564,0.11067056240701656,0,2021-05-31,2021-05-31,development
2020-11-30,VDE,6,0.1737851699521622,0.40817159937766623,-0.23438642942550403,0,2021-05-31,2021-05-31,development
2020-11-30,VGT,6,0.1737851699521622,0.12190789872703833,0.051877271225123867,0,2021-05-31,2021-05-31,development
2020-11-30,VIG,6,0.1737851699521622,0.13188396776133859,0.041901202190823605,0,2021-05-31,2021-05-31,development
2020-11-30,VMBS,6,0.1737851699521622,-0.0051922561645887377,0.17897742611675094,0,2021-05-31,2021-05-31,development
2020-11-30,VOO,6,0.1737851699521622,0.16430906849836613,0.0094761014537960708,0,2021-05-31,2021-05-31,development
2020-11-30,VWO,6,0.1737851699521622,0.11308984824037704,0.060695321711785155,0,2021-05-31,2021-05-31,development
2020-11-30,VXUS,6,0.1737851699521622,0.14578503363060746,0.028000136321554736,0,2021-05-31,2021-05-31,development
2020-12-31,BND,6,0.026108800965191747,-0.021578405815728008,0.047687206780919755,0,2021-06-30,2021-06-30,development
2020-12-31,DBC,6,0.026108800965191747,0.29183673469387728,-0.26572793372868553,0,2021-06-30,2021-06-30,development
2020-12-31,GLD,6,0.026108800965191747,-0.065990132316662953,0.0920989332818547,0,2021-06-30,2021-06-30,development
2020-12-31,VDE,6,0.026108800965191747,0.53005560763381609,-0.50394680666862435,0,2021-06-30,2021-06-30,development
2020-12-31,VGT,6,0.026108800965191747,0.11462275198360605,-0.088513951018414305,0,2021-06-30,2021-06-30,development
2020-12-31,VIG,6,0.026108800965191747,0.1018219431506644,-0.075713142185472648,0,2021-06-30,2021-06-30,development
2020-12-31,VMBS,6,0.026108800965191747,-0.010551062693352597,0.036659863658544345,0,2021-06-30,2021-06-30,development
2020-12-31,VOO,6,0.026108800965191747,0.14889807821157341,-0.12278927724638167,0,2021-06-30,2021-06-30,development
2020-12-31,VWO,6,0.026108800965191747,0.09590973896795596,-0.069800938002764212,0,2021-06-30,2021-06-30,development
2020-12-31,VXUS,6,0.026108800965191747,0.11529142264015602,-0.089182621674964269,0,2021-06-30,2021-06-30,development
2021-01-29,BND,6,0.093655726730513811,0.002313710131059965,0.091342016599453846,0,2021-07-30,2021-07-30,development
2021-01-29,DBC,6,0.093655726730513811,0.28373930217248211,-0.1900835754419683,0,2021-07-30,2021-07-30,development
2021-01-29,GLD,6,0.093655726730513811,-0.016163605816580828,0.10981933254709464,0,2021-07-30,2021-07-30,development
2021-01-29,VDE,6,0.093655726730513811,0.29701802462241855,-0.20336229789190474,0,2021-07-30,2021-07-30,development
2021-01-29,VGT,6,0.093655726730513811,0.17724276462171318,-0.083587037891199367,0,2021-07-30,2021-07-30,development
2021-01-29,VIG,6,0.093655726730513811,0.17481144168956875,-0.081155714959054936,0,2021-07-30,2021-07-30,development
2021-01-29,VMBS,6,0.093655726730513811,-0.0048481861286983063,0.098503912859212117,0,2021-07-30,2021-07-30,development
2021-01-29,VOO,6,0.093655726730513811,0.1932464382659389,-0.099590711535425092,0,2021-07-30,2021-07-30,development
2021-01-29,VWO,6,0.093655726730513811,-0.004575780151973019,0.09823150688248683,0,2021-07-30,2021-07-30,development
2021-01-29,VXUS,6,0.093655726730513811,0.087891705027439038,0.0057640217030747731,0,2021-07-30,2021-07-30,development
2021-02-26,BND,6,0.13659846469057335,0.016259394935610016,0.12033906975496333,0,2021-08-31,2021-08-31,development
2021-02-26,DBC,6,0.13659846469057335,0.14763897190675412,-0.011040507216180773,0,2021-08-31,2021-08-31,development
2021-02-26,GLD,6,0.13659846469057335,0.051789135405722719,0.084809329284850632,0,2021-08-31,2021-08-31,development
2021-02-26,VDE,6,0.13659846469057335,0.058450835192473516,0.078147629498099835,0,2021-08-31,2021-08-31,development
2021-02-26,VGT,6,0.13659846469057335,0.1963190288901302,-0.059720564199556847,0,2021-08-31,2021-08-31,development
2021-02-26,VIG,6,0.13659846469057335,0.17569999152700011,-0.039101526836426759,0,2021-08-31,2021-08-31,development
2021-02-26,VMBS,6,0.13659846469057335,0.00036338339248209728,0.13623508129809125,0,2021-08-31,2021-08-31,development
2021-02-26,VOO,6,0.13659846469057335,0.19197380565843591,-0.055375340967862563,0,2021-08-31,2021-08-31,development
2021-02-26,VWO,6,0.13659846469057335,-0.013416986330465619,0.15001545102103897,0,2021-08-31,2021-08-31,development
2021-02-26,VXUS,6,0.13659846469057335,0.074845686418593349,0.061752778271980002,0,2021-08-31,2021-08-31,development
2021-03-31,BND,6,-0.036761849029369853,0.023795861437215571,-0.060557710466585424,0,2021-09-30,2021-09-30,development
2021-03-31,DBC,6,-0.036761849029369853,0.18783542039355994,-0.22459726942292979,0,2021-09-30,2021-09-30,development
2021-03-31,GLD,6,-0.036761849029369853,0.0065335305719920189,-0.043295379601361872,0,2021-09-30,2021-09-30,development
2021-03-31,VDE,6,-0.036761849029369853,0.050186500797055889,-0.086948349826425742,0,2021-09-30,2021-09-30,development
2021-03-31,VGT,6,-0.036761849029369853,0.18349160216394234,-0.22025345119331219,0,2021-09-30,2021-09-30,development
2021-03-31,VIG,6,-0.036761849029369853,0.078938173431346792,-0.11570002246071664,0,2021-09-30,2021-09-30,development
2021-03-31,VMBS,6,-0.036761849029369853,0.0037736646401203,-0.040535513669490153,0,2021-09-30,2021-09-30,development
2021-03-31,VOO,6,-0.036761849029369853,0.12866943546763632,-0.16543128449700617,0,2021-09-30,2021-09-30,development
2021-03-31,VWO,6,-0.036761849029369853,-0.015055910352363977,-0.021705938677005876,0,2021-09-30,2021-09-30,development
2021-03-31,VXUS,6,-0.036761849029369853,0.040361202570762256,-0.077123051600132109,0,2021-09-30,2021-09-30,development
2021-04-30,BND,6,-0.056181205282382574,0.010760604389263184,-0.066941809671645758,0,2021-10-29,2021-10-29,development
2021-04-30,DBC,6,-0.056181205282382574,0.19207146845337819,-0.24825267373576076,0,2021-10-29,2021-10-29,development
2021-04-30,GLD,6,-0.056181205282382574,0.0059760956175298752,-0.062157300899912449,0,2021-10-29,2021-10-29,development
2021-04-30,VDE,6,-0.056181205282382574,0.21518593708735789,-0.27136714236974047,0,2021-10-29,2021-10-29,development
2021-04-30,VGT,6,-0.056181205282382574,0.15597999470107893,-0.2121611999834615,0,2021-10-29,2021-10-29,development
2021-04-30,VIG,6,-0.056181205282382574,0.083037092411441193,-0.13921829769382377,0,2021-10-29,2021-10-29,development
2021-04-30,VMBS,6,-0.056181205282382574,-0.0053693579111214751,-0.050811847371261099,0,2021-10-29,2021-10-29,development
2021-04-30,VOO,6,-0.056181205282382574,0.1078643563553825,-0.16404556163776507,0,2021-10-29,2021-10-29,development
2021-04-30,VWO,6,-0.056181205282382574,-0.02996409527677113,-0.026217110005611444,0,2021-10-29,2021-10-29,development
2021-04-30,VXUS,6,-0.056181205282382574,0.023424111102910317,-0.07960531638529289,0,2021-10-29,2021-10-29,development
2021-05-31,BND,6,-0.043301441784625694,0.0094969999471785638,-0.052798441731804258,0,2021-11-30,2021-11-30,development
2021-05-31,DBC,6,-0.043301441784625694,0.076881720430107547,-0.12018316221473324,0,2021-11-30,2021-11-30,development
2021-05-31,GLD,6,-0.043301441784625694,-0.06463729117614081,0.021335849391515116,0,2021-11-30,2021-11-30,development
2021-05-31,VDE,6,-0.043301441784625694,0.095314343190523898,-0.13861578497514959,0,2021-11-30,2021-11-30,development
2021-05-31,VGT,6,-0.043301441784625694,0.19190925505670164,-0.23521069684132734,0,2021-11-30,2021-11-30,development
2021-05-31,VIG,6,-0.043301441784625694,0.064066465083850943,-0.10736790686847664,0,2021-11-30,2021-11-30,development
2021-05-31,VMBS,6,-0.043301441784625694,-0.0037654071072231732,-0.039536034677402521,0,2021-11-30,2021-11-30,development
2021-05-31,VOO,6,-0.043301441784625694,0.10046719834336648,-0.14376864012799218,0,2021-11-30,2021-11-30,development
2021-05-31,VWO,6,-0.043301441784625694,-0.076668924367288005,0.033367482582662311,0,2021-11-30,2021-11-30,development
2021-05-31,VXUS,6,-0.043301441784625694,-0.047057403077112259,0.0037559612924865649,0,2021-11-30,2021-11-30,development
2021-06-30,BND,6,0.077902801098590047,0.0030200677805531928,0.074882733318036854,0,2021-12-31,2021-12-31,development
2021-06-30,DBC,6,0.077902801098590047,0.094260136914165571,-0.016357335815575524,0,2021-12-31,2021-12-31,development
2021-06-30,GLD,6,0.077902801098590047,0.026232066750705441,0.051670734347884606,0,2021-12-31,2021-12-31,development
2021-06-30,VDE,6,0.077902801098590047,0.02098339831911189,0.056919402779478157,0,2021-12-31,2021-12-31,development
2021-06-30,VGT,6,0.077902801098590047,0.17021045518130618,-0.092307654082716128,0,2021-12-31,2021-12-31,development
2021-06-30,VIG,6,0.077902801098590047,0.12317009890377273,-0.045267297805182682,0,2021-12-31,2021-12-31,development
2021-06-30,VMBS,6,0.077902801098590047,-0.0022648720331481798,0.080167673131738226,0,2021-12-31,2021-12-31,development
2021-06-30,VOO,6,0.077902801098590047,0.12080263211475084,-0.042899831016160794,0,2021-12-31,2021-12-31,development
2021-06-30,VWO,6,0.077902801098590047,-0.0762145382419539,0.15411733934054395,0,2021-12-31,2021-12-31,development
2021-06-30,VXUS,6,0.077902801098590047,-0.02313334463727923,0.10103614573586928,0,2021-12-31,2021-12-31,development
2021-07-30,BND,6,0.16187542594637438,-0.032071974580728413,0.1939474005271028,0,2022-01-31,2022-01-31,development
2021-07-30,DBC,6,0.16187542594637438,0.14564102564102566,0.016234400305348728,0,2022-01-31,2022-01-31,development
2021-07-30,GLD,6,0.16187542594637438,-0.016016959133199893,0.17789238507957428,0,2022-01-31,2022-01-31,development
2021-07-30,VDE,6,0.16187542594637438,0.34243848646903619,-0.1805630605226618,0,2022-01-31,2022-01-31,development
2021-07-30,VGT,6,0.16187542594637438,-0.0018841665111507533,0.16375959245752514,0,2022-01-31,2022-01-31,development
2021-07-30,VIG,6,0.16187542594637438,0.015814592103955638,0.14606083384241875,0,2022-01-31,2022-01-31,development
2021-07-30,VMBS,6,0.16187542594637438,-0.023348770941201247,0.18522419688757563,0,2022-01-31,2022-01-31,development
2021-07-30,VOO,6,0.16187542594637438,0.014585831440131036,0.14728959450624335,0,2022-01-31,2022-01-31,development
2021-07-30,VWO,6,0.16187542594637438,-0.040375442130885397,0.20225086807725978,0,2022-01-31,2022-01-31,development
2021-07-30,VXUS,6,0.16187542594637438,-0.047536034435410324,0.20941146038178471,0,2022-01-31,2022-01-31,development
2021-08-31,BND,6,0.11866819530074557,-0.0490992757441443,0.16776747104488987,0,2022-02-28,2022-02-28,development
2021-08-31,DBC,6,0.11866819530074557,0.22239583333333335,-0.10372763803258778,0,2022-02-28,2022-02-28,development
2021-08-31,GLD,6,0.11866819530074557,0.03736999823726439,0.081298197063481181,0,2022-02-28,2022-02-28,development
2021-08-31,VDE,6,0.11866819530074557,0.41132553290065621,-0.29265733759991064,0,2022-02-28,2022-02-28,development
2021-08-31,VGT,6,0.11866819530074557,-0.046343306417779506,0.16501150171852508,0,2022-02-28,2022-02-28,development
2021-08-31,VIG,6,0.11866819530074557,-0.011392383890965196,0.13006057919171077,0,2022-02-28,2022-02-28,development
2021-08-31,VMBS,6,0.11866819530074557,-0.037424341694929697,0.15609253699567527,0,2022-02-28,2022-02-28,development
2021-08-31,VOO,6,0.11866819530074557,-0.021133349148947933,0.1398015444496935,0,2022-02-28,2022-02-28,development
2021-08-31,VWO,6,0.11866819530074557,-0.041963443493907793,0.16063163879465336,0,2022-02-28,2022-02-28,development
2021-08-31,VXUS,6,0.11866819530074557,-0.054894859486737335,0.17356305478748291,0,2022-02-28,2022-02-28,development
2021-09-30,BND,6,0.2958596579392887,-0.073693271217475487,0.36955292915676419,0,2022-03-31,2022-03-31,development
2021-09-30,DBC,6,0.2958596579392887,0.36345381526104403,-0.067594157321755333,0,2022-03-31,2022-03-31,development
2021-09-30,GLD,6,0.2958596579392887,0.11684017146356385,0.17901948647572485,0,2022-03-31,2022-03-31,development
2021-09-30,VDE,6,0.2958596579392887,0.56775904630508722,-0.27189938836579852,0,2022-03-31,2022-03-31,development
2021-09-30,VGT,6,0.2958596579392887,-0.013571658596650216,0.30943131653593892,0,2022-03-31,2022-03-31,development
2021-09-30,VIG,6,0.2958596579392887,0.033473127498973465,0.26238653044031524,0,2022-03-31,2022-03-31,development
2021-09-30,VMBS,6,0.2958596579392887,-0.065335307658564767,0.36119496559785347,0,2022-03-31,2022-03-31,development
2021-09-30,VOO,6,0.2958596579392887,0.026624338914202905,0.2692353190250858,0,2022-03-31,2022-03-31,development
2021-09-30,VWO,6,0.2958596579392887,-0.073744887699595529,0.36960454563888423,0,2022-03-31,2022-03-31,development
2021-09-30,VXUS,6,0.2958596579392887,-0.059820996413657457,0.35568065435294616,0,2022-03-31,2022-03-31,development
2021-10-29,BND,6,0.15046111547587615,-0.096805347654669971,0.24726646313054612,0,2022-04-29,2022-04-29,development
2021-10-29,DBC,6,0.15046111547587615,0.28946135831381725,-0.1390002428379411,0,2022-04-29,2022-04-29,development
2021-10-29,GLD,6,0.15046111547587615,0.06156615661566156,0.08889495886021459,0,2022-04-29,2022-04-29,development
2021-10-29,VDE,6,0.15046111547587615,0.32147532323413675,-0.17101420775826059,0,2022-04-29,2022-04-29,development
2021-10-29,VGT,6,0.15046111547587615,-0.15130679307660466,0.30176790855248081,0,2022-04-29,2022-04-29,development
2021-10-29,VIG,6,0.15046111547587615,-0.054893186726829857,0.20535430220270601,0,2022-04-29,2022-04-29,development
2021-10-29,VMBS,6,0.15046111547587615,-0.085658100651231917,0.23611921612710807,0,2022-04-29,2022-04-29,development
2021-10-29,VOO,6,0.15046111547587615,-0.096689355087639206,0.24715047056351536,0,2022-04-29,2022-04-29,development
2021-10-29,VWO,6,0.15046111547587615,-0.13165381746066829,0.28211493293654444,0,2022-04-29,2022-04-29,development
2021-10-29,VXUS,6,0.15046111547587615,-0.12736459432956715,0.2778257098054433,0,2022-04-29,2022-04-29,development
2021-11-30,BND,6,0.29350734572512405,-0.084346662184872634,0.37785400790999668,0,2022-05-31,2022-05-31,development
2021-11-30,DBC,6,0.29350734572512405,0.44782825761357947,-0.15432091188845543,0,2022-05-31,2022-05-31,development
2021-11-30,GLD,6,0.29350734572512405,0.035960443512136564,0.25754690221298748,0,2022-05-31,2022-05-31,development
2021-11-30,VDE,6,0.29350734572512405,0.61083587490548341,-0.31732852918035936,0,2022-05-31,2022-05-31,development
2021-11-30,VGT,6,0.29350734572512405,-0.17371348434256872,0.46722083006769277,0,2022-05-31,2022-05-31,development
2021-11-30,VIG,6,0.29350734572512405,-0.048887478189109435,0.34239482391423348,0,2022-05-31,2022-05-31,development
2021-11-30,VMBS,6,0.29350734572512405,-0.069254770125555476,0.36276211585067952,0,2022-05-31,2022-05-31,development
2021-11-30,VOO,6,0.29350734572512405,-0.089251798203787591,0.38275914392891164,0,2022-05-31,2022-05-31,development
2021-11-30,VWO,6,0.29350734572512405,-0.11122860307201798,0.40473594879714203,0,2022-05-31,2022-05-31,development
2021-11-30,VXUS,6,0.29350734572512405,-0.077738598442936291,0.37124594416806034,0,2022-05-31,2022-05-31,development
2021-12-31,BND,6,0.13203885256590664,-0.10862966464364399,0.24066851720955063,0,2022-06-30,2022-06-30,development
2021-12-31,DBC,6,0.13203885256590664,0.33301251203079874,-0.2009736594648921,0,2022-06-30,2022-06-30,development
2021-12-31,GLD,6,0.13203885256590664,-0.0050889096864763506,0.13712776225238299,0,2022-06-30,2022-06-30,development
2021-12-31,VDE,6,0.13203885256590664,0.30629910291535389,-0.17426025034944725,0,2022-06-30,2022-06-30,development
2021-12-31,VGT,6,0.13203885256590664,-0.24646938830847909,0.37850824087438573,0,2022-06-30,2022-06-30,development
2021-12-31,VIG,6,0.13203885256590664,-0.13923887589467199,0.27127772846057863,0,2022-06-30,2022-06-30,development
2021-12-31,VMBS,6,0.13203885256590664,-0.096805309371259085,0.22884416193716572,0,2022-06-30,2022-06-30,development
2021-12-31,VOO,6,0.13203885256590664,-0.17262638453239687,0.30466523709830351,0,2022-06-30,2022-06-30,development
2021-12-31,VWO,6,0.13203885256590664,-0.13822194368310203,0.27026079624900867,0,2022-06-30,2022-06-30,development
2021-12-31,VXUS,6,0.13203885256590664,-0.16391574395668185,0.29595459652258849,0,2022-06-30,2022-06-30,development
2022-01-31,BND,6,0.060127712353061691,-0.063497634714332563,0.12362534706739425,0,2022-07-29,2022-07-29,development
2022-01-31,DBC,6,0.060127712353061691,0.16875559534467333,-0.10862788299161164,0,2022-07-29,2022-07-29,development
2022-01-31,GLD,6,0.060127712353061691,-0.017953321364452379,0.07808103371751407,0,2022-07-29,2022-07-29,development
2022-01-31,VDE,6,0.060127712353061691,0.23292648679278716,-0.17279877443972547,0,2022-07-29,2022-07-29,development
2022-01-31,VGT,6,0.060127712353061691,-0.093530272092897548,0.15365798444595924,0,2022-07-29,2022-07-29,development
2022-01-31,VIG,6,0.060127712353061691,-0.038194777285195713,0.098322489638257404,0,2022-07-29,2022-07-29,development
2022-01-31,VMBS,6,0.060127712353061691,-0.045685202044005058,0.10581291439706675,0,2022-07-29,2022-07-29,development
2022-01-31,VOO,6,0.060127712353061691,-0.060770517503276111,0.1208982298563378,0,2022-07-29,2022-07-29,development
2022-01-31,VWO,6,0.060127712353061691,-0.13266979883592134,0.19279751118898303,0,2022-07-29,2022-07-29,development
2022-01-31,VXUS,6,0.060127712353061691,-0.10586666903368969,0.16599438138675138,0,2022-07-29,2022-07-29,development
2022-02-28,BND,6,0.16910094232819617,-0.064403090696766085,0.23350403302496225,0,2022-08-31,2022-08-31,development
2022-02-28,DBC,6,0.16910094232819617,0.13463996591393279,0.034460976414263378,0,2022-08-31,2022-08-31,development
2022-02-28,GLD,6,0.16910094232819617,-0.083772302463891335,0.2528732447920875,0,2022-08-31,2022-08-31,development
2022-02-28,VDE,6,0.16910094232819617,0.24680355587430025,-0.077702613546104082,0,2022-08-31,2022-08-31,development
2022-02-28,VGT,6,0.16910094232819617,-0.10295440356154795,0.27205534588974412,0,2022-08-31,2022-08-31,development
2022-02-28,VIG,6,0.16910094232819617,-0.041056301782724458,0.21015724411092063,0,2022-08-31,2022-08-31,development
2022-02-28,VMBS,6,0.16910094232819617,-0.05430830406172138,0.22340924638991755,0,2022-08-31,2022-08-31,development
2022-02-28,VOO,6,0.16910094232819617,-0.067412438961266696,0.23651338128946287,0,2022-08-31,2022-08-31,development
2022-02-28,VWO,6,0.16910094232819617,-0.1275743898470223,0.29667533217521846,0,2022-08-31,2022-08-31,development
2022-02-28,VXUS,6,0.16910094232819617,-0.13501378735348435,0.30411472968168052,0,2022-08-31,2022-08-31,development
2022-03-31,BND,6,-0.0022366100268935707,-0.082666587113497614,0.080429977086604043,0,2022-09-30,2022-09-30,development
2022-03-31,DBC,6,-0.0022366100268935707,-0.11966126656848308,0.11742465654158951,0,2022-09-30,2022-09-30,development
2022-03-31,GLD,6,-0.0022366100268935707,-0.15193551924553139,0.14969890921863782,0,2022-09-30,2022-09-30,development
2022-03-31,VDE,6,-0.0022366100268935707,-0.060650112227763064,0.058413502200869494,0,2022-09-30,2022-09-30,development
2022-03-31,VGT,6,-0.0022366100268935707,-0.25533383738317961,0.25309722735628604,0,2022-09-30,2022-09-30,development
2022-03-31,VIG,6,-0.0022366100268935707,-0.15795355033039826,0.15571694030350469,0,2022-09-30,2022-09-30,development
2022-03-31,VMBS,6,-0.0022366100268935707,-0.080085597380495255,0.077848987353601684,0,2022-09-30,2022-09-30,development
2022-03-31,VOO,6,-0.0022366100268935707,-0.2044798785006654,0.20224326847377183,0,2022-09-30,2022-09-30,development
2022-03-31,VWO,6,-0.0022366100268935707,-0.19180574384839488,0.18956913382150131,0,2022-09-30,2022-09-30,development
2022-03-31,VXUS,6,-0.0022366100268935707,-0.22226157044692996,0.22002496042003639,0,2022-09-30,2022-09-30,development
2022-04-29,BND,6,0.21014504888390717,-0.062596059871124266,0.27274110875503144,0,2022-10-31,2022-10-31,development
2022-04-29,DBC,6,0.21014504888390717,-0.081002542680711942,0.29114759156461911,0,2022-10-31,2022-10-31,development
2022-04-29,GLD,6,0.21014504888390717,-0.13424905319088798,0.34439410207479515,0,2022-10-31,2022-10-31,development
2022-04-29,VDE,6,0.21014504888390717,0.21296623524478675,-0.0028211863608795795,0,2022-10-31,2022-10-31,development
2022-04-29,VGT,6,0.21014504888390717,-0.086047943038871422,0.29619299192277859,0,2022-10-31,2022-10-31,development
2022-04-29,VIG,6,0.21014504888390717,-0.019658989987462072,0.22980403887136924,0,2022-10-31,2022-10-31,development
2022-04-29,VMBS,6,0.21014504888390717,-0.064409259233781491,0.27455430811768866,0,2022-10-31,2022-10-31,development
2022-04-29,VOO,6,0.21014504888390717,-0.04844517573716689,0.25859022462107406,0,2022-10-31,2022-10-31,development
2022-04-29,VWO,6,0.21014504888390717,-0.16388747061730768,0.37403251950121486,0,2022-10-31,2022-10-31,development
2022-04-29,VXUS,6,0.21014504888390717,-0.13087976393270939,0.34102481281661656,0,2022-10-31,2022-10-31,development
2022-05-31,BND,6,0.095183324643819622,-0.04734861588816397,0.14253194053198359,0,2022-11-30,2022-11-30,development
2022-05-31,DBC,6,0.095183324643819622,-0.14620689655172403,0.24139022119554365,0,2022-11-30,2022-11-30,development
2022-05-31,GLD,6,0.095183324643819622,-0.055713045993636023,0.15089637063745565,0,2022-11-30,2022-11-30,development
2022-05-31,VDE,6,0.095183324643819622,0.068348480566829073,0.026834844076990549,0,2022-11-30,2022-11-30,development
2022-05-31,VGT,6,0.095183324643819622,-0.056428186526141899,0.15161151116996152,0,2022-11-30,2022-11-30,development
2022-05-31,VIG,6,0.095183324643819622,0.025407214216348173,0.069776110427471449,0,2022-11-30,2022-11-30,development
2022-05-31,VMBS,6,0.095183324643819622,-0.049399849577192567,0.14458317422101219,0,2022-11-30,2022-11-30,development
2022-05-31,VOO,6,0.095183324643819622,-0.023370454140546282,0.1185537787843659,0,2022-11-30,2022-11-30,development
2022-05-31,VWO,6,0.095183324643819622,-0.080219609196448438,0.17540293384026806,0,2022-11-30,2022-11-30,development
2022-05-31,VXUS,6,0.095183324643819622,-0.055365870651419735,0.15054919529523936,0,2022-11-30,2022-11-30,development
2022-06-30,BND,6,0.12019302957835798,-0.025288527664168781,0.14548155724252676,0,2022-12-30,2022-12-30,development
2022-06-30,DBC,6,0.12019302957835798,-0.10477963471561447,0.22497266429397245,0,2022-12-30,2022-12-30,development
2022-06-30,GLD,6,0.12019302957835798,-0.002645658180963073,0.12283868775932105,0,2022-12-30,2022-12-30,development
2022-06-30,VDE,6,0.12019302957835798,0.2472375698540159,-0.12704454027565792,0,2022-12-30,2022-12-30,development
2022-06-30,VGT,6,0.12019302957835798,-0.066922928226562206,0.18711595780492019,0,2022-12-30,2022-12-30,development
2022-06-30,VIG,6,0.12019302957835798,0.047771542327418537,0.072421487250939443,0,2022-12-30,2022-12-30,development
2022-06-30,VMBS,6,0.12019302957835798,-0.024588549562964412,0.14478157914132239,0,2022-12-30,2022-12-30,development
2022-06-30,VOO,6,0.12019302957835798,-0.011285670365771994,0.13147869994412997,0,2022-12-30,2022-12-30,development
2022-06-30,VWO,6,0.12019302957835798,-0.048714521862430304,0.16890755144078828,0,2022-12-30,2022-12-30,development
2022-06-30,VXUS,6,0.12019302957835798,0.0034288359735938911,0.11676419360476409,0,2022-12-30,2022-12-30,development
2022-07-29,BND,6,0.17582523155126784,-0.023737905717338914,0.19956313726860675,0,2023-01-31,2023-01-31,development
2022-07-29,DBC,6,0.17582523155126784,-0.045640648104935622,0.22146587965620346,0,2023-01-31,2023-01-31,development
2022-07-29,GLD,6,0.17582523155126784,0.092138939670932452,0.083686291880335384,0,2023-01-31,2023-01-31,development
2022-07-29,VDE,6,0.17582523155126784,0.17712737725122807,-0.0013021456999602332,0,2023-01-31,2023-01-31,development
2022-07-29,VGT,6,0.17582523155126784,-0.044355755372915473,0.22018098692418331,0,2023-01-31,2023-01-31,development
2022-07-29,VIG,6,0.17582523155126784,0.024369128873787949,0.15145610267747989,0,2023-01-31,2023-01-31,development
2022-07-29,VMBS,6,0.17582523155126784,-0.028014151825948463,0.2038393833772163,0,2023-01-31,2023-01-31,development
2022-07-29,VOO,6,0.17582523155126784,-0.0066999677630114052,0.18252519931427924,0,2023-01-31,2023-01-31,development
2022-07-29,VWO,6,0.17582523155126784,0.068745480156221062,0.10707975139504677,0,2023-01-31,2023-01-31,development
2022-07-29,VXUS,6,0.17582523155126784,0.075439299418773587,0.10038593213249425,0,2023-01-31,2023-01-31,development
2022-08-31,BND,6,0.1348789682463567,-0.03027534424098266,0.16515431248733936,0,2023-02-28,2023-02-28,development
2022-08-31,DBC,6,0.1348789682463567,-0.1058304212683997,0.2407093895147564,0,2023-02-28,2023-02-28,development
2022-08-31,GLD,6,0.1348789682463567,0.040739366963402635,0.094139601282954066,0,2023-02-28,2023-02-28,development
2022-08-31,VDE,6,0.1348789682463567,0.033399486402635681,0.10147948184372102,0,2023-02-28,2023-02-28,development
2022-08-31,VGT,6,0.1348789682463567,-0.022982515893738786,0.15786148414009549,0,2023-02-28,2023-02-28,development
2022-08-31,VIG,6,0.1348789682463567,0.01767095928785456,0.11720800895850214,0,2023-02-28,2023-02-28,development
2022-08-31,VMBS,6,0.1348789682463567,-0.033760105445833744,0.16863907369219044,0,2023-02-28,2023-02-28,development
2022-08-31,VOO,6,0.1348789682463567,-0.013358701652095628,0.14823766989845233,0,2023-02-28,2023-02-28,development
2022-08-31,VWO,6,0.1348789682463567,-0.027317363433863817,0.16219633168022052,0,2023-02-28,2023-02-28,development
2022-08-31,VXUS,6,0.1348789682463567,0.052496317199634435,0.082382651046722266,0,2023-02-28,2023-02-28,development
2022-09-30,BND,6,0.233056465210701,0.049413215696929802,0.1836432495137712,0,2023-03-31,2023-03-31,development
2022-09-30,DBC,6,0.233056465210701,-0.0011645737603208639,0.23422103897102187,0,2023-03-31,2023-03-31,development
2022-09-30,GLD,6,0.233056465210701,0.18458653908320954,0.048469926127491458,0,2023-03-31,2023-03-31,development
2022-09-30,VDE,6,0.233056465210701,0.14849488857741977,0.084561576633281232,0,2023-03-31,2023-03-31,development
2022-09-30,VGT,6,0.233056465210701,0.25996010218863019,-0.026903636977929191,0,2023-03-31,2023-03-31,development
2022-09-30,VIG,6,0.233056465210701,0.15172537558764576,0.081331089623055242,0,2023-03-31,2023-03-31,development
2022-09-30,VMBS,6,0.233056465210701,0.047412927495441126,0.18564353771525988,0,2023-03-31,2023-03-31,development
2022-09-30,VOO,6,0.233056465210701,0.1556273947906972,0.077429070420003798,0,2023-03-31,2023-03-31,development
2022-09-30,VWO,6,0.233056465210701,0.12575423522906859,0.10730222998163241,0,2023-03-31,2023-03-31,development
2022-09-30,VXUS,6,0.233056465210701,0.22363164667843827,0.0094248185322627354,0,2023-03-31,2023-03-31,development
2022-10-31,BND,6,0.053204130886892909,0.064611536754762389,-0.01140740586786948,0,2023-04-28,2023-04-28,development
2022-10-31,DBC,6,0.053204130886892909,-0.063198529565741013,0.11640266045263392,0,2023-04-28,2023-04-28,development
2022-10-31,GLD,6,0.053204130886892909,0.20658135283363821,-0.1533772219467453,0,2023-04-28,2023-04-28,development
2022-10-31,VDE,6,0.053204130886892909,-0.043627019656714783,0.096831150543607691,0,2023-04-28,2023-04-28,development
2022-10-31,VGT,6,0.053204130886892909,0.15554115144863889,-0.10233702056174598,0,2023-04-28,2023-04-28,development
2022-10-31,VIG,6,0.053204130886892909,0.066391085480131284,-0.013186954593238376,0,2023-04-28,2023-04-28,development
2022-10-31,VMBS,6,0.053204130886892909,0.061405770427878759,-0.00820163954098585,0,2023-04-28,2023-04-28,development
2022-10-31,VOO,6,0.053204130886892909,0.078474747731492878,-0.025270616844599969,0,2023-04-28,2023-04-28,development
2022-10-31,VWO,6,0.053204130886892909,0.14997425062944947,-0.09677011974255656,0,2023-04-28,2023-04-28,development
2022-10-31,VXUS,6,0.053204130886892909,0.19548727643512342,-0.14228314554823052,0,2023-04-28,2023-04-28,development
2022-11-30,BND,6,-0.021973518692585459,0.010934057678934073,-0.032907576371519531,0,2023-05-31,2023-05-31,development
2022-11-30,DBC,6,-0.021973518692585459,-0.072427061211471355,0.050453542518885897,0,2023-05-31,2023-05-31,development
2022-11-30,GLD,6,-0.021973518692585459,0.10844259281950741,-0.13041611151209287,0,2023-05-31,2023-05-31,development
2022-11-30,VDE,6,-0.021973518692585459,-0.13637691523328288,0.11440339654069742,0,2023-05-31,2023-05-31,development
2022-11-30,VGT,6,-0.021973518692585459,0.2292833187374459,-0.25125683743003135,0,2023-05-31,2023-05-31,development
2022-11-30,VIG,6,-0.021973518692585459,-0.006667659714394425,-0.015305858978191034,0,2023-05-31,2023-05-31,development
2022-11-30,VMBS,6,-0.021973518692585459,0.0044443870093846538,-0.026417905701970112,0,2023-05-31,2023-05-31,development
2022-11-30,VOO,6,-0.021973518692585459,0.052674564576427496,-0.074648083269012955,0,2023-05-31,2023-05-31,development
2022-11-30,VWO,6,-0.021973518692585459,0.04485640368735444,-0.066829922379939899,0,2023-05-31,2023-05-31,development
2022-11-30,VXUS,6,-0.021973518692585459,0.0664615290169428,-0.088435047709528258,0,2023-05-31,2023-05-31,development
2022-12-30,BND,6,0.022007938274276162,0.024180944791683867,-0.0021730065174077051,0,2023-06-30,2023-06-30,development
2022-12-30,DBC,6,0.022007938274276162,-0.079107505070993844,0.10111544334527001,0,2023-06-30,2023-06-30,development
2022-12-30,GLD,6,0.022007938274276162,0.050872435746286415,-0.028864497472010253,0,2023-06-30,2023-06-30,development
2022-12-30,VDE,6,0.022007938274276162,-0.051936225146469561,0.073944163420745723,0,2023-06-30,2023-06-30,development
2022-12-30,VGT,6,0.022007938274276162,0.38936013523976132,-0.36735219696548516,0,2023-06-30,2023-06-30,development
2022-12-30,VIG,6,0.022007938274276162,0.080269241070202169,-0.058261302795926007,0,2023-06-30,2023-06-30,development
2022-12-30,VMBS,6,0.022007938274276162,0.023366768905052737,-0.0013588306307765752,0,2023-06-30,2023-06-30,development
2022-12-30,VOO,6,0.022007938274276162,0.16855266446112394,-0.14654472618684777,0,2023-06-30,2023-06-30,development
2022-12-30,VWO,6,0.022007938274276162,0.050014262257031428,-0.028006323982755266,0,2023-06-30,2023-06-30,development
2022-12-30,VXUS,6,0.022007938274276162,0.098453266700577746,-0.076445328426301584,0,2023-06-30,2023-06-30,development
2023-01-31,BND,6,-0.072984986614147207,-0.0098815973540152813,-0.063103389260131926,0,2023-07-31,2023-07-31,development
2023-01-31,DBC,6,-0.072984986614147207,-0.0076705692369802847,-0.065314417377166922,0,2023-07-31,2023-07-31,development
2023-01-31,GLD,6,-0.072984986614147207,0.014730498828255945,-0.087715485442403152,0,2023-07-31,2023-07-31,development
2023-01-31,VDE,6,-0.072984986614147207,-0.033941508546007082,-0.039043478068140125,0,2023-07-31,2023-07-31,development
2023-01-31,VGT,6,-0.072984986614147207,0.29033451460963344,-0.36331950122378065,0,2023-07-31,2023-07-31,development
2023-01-31,VIG,6,-0.072984986614147207,0.080266800062408272,-0.15325178667655548,0,2023-07-31,2023-07-31,development
2023-01-31,VMBS,6,-0.072984986614147207,-0.015516150286918551,-0.057468836327228656,0,2023-07-31,2023-07-31,development
2023-01-31,VOO,6,-0.072984986614147207,0.13511589544475111,-0.20810088205889832,0,2023-07-31,2023-07-31,development
2023-01-31,VWO,6,-0.072984986614147207,0.0091842138176279065,-0.082169200431775113,0,2023-07-31,2023-07-31,development
2023-01-31,VXUS,6,-0.072984986614147207,0.04424023589471493,-0.11722522250886214,0,2023-07-31,2023-07-31,development
2023-02-28,BND,6,-0.063726795993206187,0.0032118152141142886,-0.066938611207320475,0,2023-08-31,2023-08-31,development
2023-02-28,DBC,6,-0.063726795993206187,0.031263202365863885,-0.094989998359070071,0,2023-08-31,2023-08-31,development
2023-02-28,GLD,6,-0.063726795993206187,0.055063855063855138,-0.11879065105706132,0,2023-08-31,2023-08-31,development
2023-02-28,VDE,6,-0.063726795993206187,0.059137074370375853,-0.12286387036358204,0,2023-08-31,2023-08-31,development
2023-02-28,VGT,6,-0.063726795993206187,0.22150478602102441,-0.2852315820142306,0,2023-08-31,2023-08-31,development
2023-02-28,VIG,6,-0.063726795993206187,0.067706863012782392,-0.13143365900598858,0,2023-08-31,2023-08-31,development
2023-02-28,VMBS,6,-0.063726795993206187,-0.0034641678916502716,-0.060262628101555915,0,2023-08-31,2023-08-31,development
2023-02-28,VOO,6,-0.063726795993206187,0.11867362359032807,-0.18240041958353426,0,2023-08-31,2023-08-31,development
2023-02-28,VWO,6,-0.063726795993206187,0.025767748813756208,-0.089494544806962395,0,2023-08-31,2023-08-31,development
2023-02-28,VXUS,6,-0.063726795993206187,0.034759761177498794,-0.09848655717070498,0,2023-08-31,2023-08-31,development
2004-02-27,VGT,12,0.061595582493298551,-0.045189396462123721,0.10678497895542227,0,2005-02-28,2005-02-28,development
2004-03-31,VGT,12,0.026319361134124142,-0.037463840808740212,0.063783201942864354,0,2005-03-31,2005-03-31,development
2004-04-30,VGT,12,0.044224844938945518,-0.034331059580104184,0.078555904519049702,0,2005-04-29,2005-04-29,development
2004-05-31,VGT,12,0.11211179684126527,0.0015940943424670451,0.11051770249879822,0,2005-05-31,2005-05-31,development
2004-06-30,VGT,12,0.16517606177164867,-0.024999247110036982,0.19017530888168566,0,2005-06-30,2005-06-30,development
2004-07-30,VGT,12,0.30283686688604372,0.11742645892398573,0.18541040796205799,0,2005-07-29,2005-07-29,development
2004-08-31,VGT,12,0.19632466800776971,0.13680881596295458,0.059515852044815132,0,2005-08-31,2005-08-31,development
2004-09-30,VGT,12,0.26040427150693213,0.14000261645186041,0.12040165505507172,0,2005-09-30,2005-09-30,development
2004-10-29,VDE,12,0.2431634680635022,0.39480789772452418,-0.15164442966102198,0,2005-10-31,2005-10-31,development
2004-10-29,VGT,12,0.2431634680635022,0.049549631256115889,0.19361383680738631,0,2005-10-31,2005-10-31,development
2004-11-30,GLD,12,0.3223834979279987,0.09119010819165374,0.23119338973634496,0,2005-11-30,2005-11-30,development
2004-11-30,VDE,12,0.3223834979279987,0.36129224254171599,-0.038908744613717294,0,2005-11-30,2005-11-30,development
2004-11-30,VGT,12,0.3223834979279987,0.082850697739669021,0.23953280018832968,0,2005-11-30,2005-11-30,development
2004-12-31,GLD,12,0.37811910016011296,0.17762557077625574,0.20049352938385723,0,2005-12-30,2005-12-30,development
2004-12-31,VDE,12,0.37811910016011296,0.39045704863420938,-0.012337948474096416,0,2005-12-30,2005-12-30,development
2004-12-31,VGT,12,0.37811910016011296,0.029930507015828445,0.34818859314428452,0,2005-12-30,2005-12-30,development
2005-01-31,GLD,12,0.27448053976251763,0.30311548371984087,-0.028634943957323244,0,2006-01-31,2006-01-31,development
2005-01-31,VDE,12,0.27448053976251763,0.52323940778273625,-0.24875886802021863,0,2006-01-31,2006-01-31,development
2005-01-31,VGT,12,0.27448053976251763,0.1578075103501293,0.11667302941238833,0,2006-01-31,2006-01-31,development
2005-02-28,GLD,12,0.23435858852606106,0.27908045977011486,-0.044721871244053801,0,2006-02-28,2006-02-28,development
2005-02-28,VDE,12,0.23435858852606106,0.21617910384514305,0.018179484680918012,0,2006-02-28,2006-02-28,development
2005-02-28,VGT,12,0.23435858852606106,0.11924236408713029,0.11511622443893077,0,2006-02-28,2006-02-28,development
2005-03-31,GLD,12,0.17161538395376241,0.37060627506487376,-0.19899089111111135,0,2006-03-31,2006-03-31,development
2005-03-31,VDE,12,0.17161538395376241,0.30958205589214161,-0.13796667193837919,0,2006-03-31,2006-03-31,development
2005-03-31,VGT,12,0.17161538395376241,0.17129249842655025,0.0003228855272121578,0,2006-03-31,2006-03-31,development
2005-03-31,VWO,12,0.17161538395376241,0.46260768637322824,-0.29099230241946583,0,2006-03-31,2006-03-31,development
2005-04-29,GLD,12,0.19046890571761388,0.50149942329873132,-0.31103051758111744,0,2006-04-28,2006-04-28,development
2005-04-29,VDE,12,0.19046890571761388,0.44712091296904366,-0.25665200725142978,0,2006-04-28,2006-04-28,development
2005-04-29,VGT,12,0.19046890571761388,0.21933559777012746,-0.028866692052513576,0,2006-04-28,2006-04-28,development
2005-04-29,VWO,12,0.19046890571761388,0.6006798348005391,-0.41021092908292522,0,2006-04-28,2006-04-28,development
2005-05-31,GLD,12,0.14134135067512332,0.55444126074498534,-0.41309991006986202,0,2006-05-31,2006-05-31,development
2005-05-31,VDE,12,0.14134135067512332,0.34181736390845452,-0.2004760132333312,0,2006-05-31,2006-05-31,development
2005-05-31,VGT,12,0.14134135067512332,0.056402545401501136,0.084938805273622187,0,2006-05-31,2006-05-31,development
2005-05-31,VWO,12,0.14134135067512332,0.41342041676672947,-0.27207906609160615,0,2006-05-31,2006-05-31,development
2005-06-30,GLD,12,0.030362108199041504,0.39476082004555813,-0.36439871184651662,0,2006-06-30,2006-06-30,development
2005-06-30,VDE,12,0.030362108199041504,0.28675242940748902,-0.25639032120844751,0,2006-06-30,2006-06-30,development
2005-06-30,VGT,12,0.030362108199041504,0.04077742506162485,-0.010415316862583346,0,2006-06-30,2006-06-30,development
2005-06-30,VWO,12,0.030362108199041504,0.33465036562017025,-0.30428825742112875,0,2006-06-30,2006-06-30,development
2005-07-29,GLD,12,-0.015864912322879343,0.47384399813171418,-0.48970891045459353,0,2006-07-31,2006-07-31,development
2005-07-29,VDE,12,-0.015864912322879343,0.22709539845311522,-0.24296031077599456,0,2006-07-31,2006-07-31,development
2005-07-29,VGT,12,-0.015864912322879343,-0.056525005437526032,0.040660093114646689,0,2006-07-31,2006-07-31,development
2005-07-29,VWO,12,-0.015864912322879343,0.28249352494752156,-0.2983584372704009,0,2006-07-31,2006-07-31,development
2005-08-31,GLD,12,-0.012897267397156797,0.4164182526943363,-0.4293155200914931,0,2006-08-31,2006-08-31,development
2005-08-31,VDE,12,-0.012897267397156797,0.2327429198596711,-0.2456401872568279,0,2006-08-31,2006-08-31,development
2005-08-31,VGT,12,-0.012897267397156797,0.011598536757210454,-0.024495804154367251,0,2006-08-31,2006-08-31,development
2005-08-31,VWO,12,-0.012897267397156797,0.27961670781697356,-0.29251397521413036,0,2006-08-31,2006-08-31,development
2005-09-30,GLD,12,-0.062005461173766485,0.27344753747323325,-0.33545299864699973,0,2006-09-29,2006-09-29,development
2005-09-30,VDE,12,-0.062005461173766485,0.014421369899310976,-0.076426831073077461,0,2006-09-29,2006-09-29,development
2005-09-30,VGT,12,-0.062005461173766485,0.052038386774673651,-0.11404384794844014,0,2006-09-29,2006-09-29,development
2005-09-30,VWO,12,-0.062005461173766485,0.185631664931319,-0.24763712610508548,0,2006-09-29,2006-09-29,development
2005-10-31,GLD,12,-0.17321486449030443,0.25794155019059728,-0.43115641468090171,0,2006-10-31,2006-10-31,development
2005-10-31,VDE,12,-0.17321486449030443,0.1864266282296021,-0.35964149271990653,0,2006-10-31,2006-10-31,development
2005-10-31,VGT,12,-0.17321486449030443,0.12018396044834478,-0.29339882493864922,0,2006-10-31,2006-10-31,development
2005-10-31,VWO,12,-0.17321486449030443,0.3301404781617725,-0.50335534265207693,0,2006-10-31,2006-10-31,development
2005-11-30,GLD,12,-0.24351800428342962,0.28490489680291375,-0.52842290108634338,0,2006-11-30,2006-11-30,development
2005-11-30,VDE,12,-0.24351800428342962,0.15333142647732489,-0.39684943076075452,0,2006-11-30,2006-11-30,development
2005-11-30,VGT,12,-0.24351800428342962,0.087643594366449307,-0.33116159864987893,0,2006-11-30,2006-11-30,development
2005-11-30,VWO,12,-0.24351800428342962,0.30183547827596713,-0.54535348255939675,0,2006-11-30,2006-11-30,development
2005-12-30,GLD,12,-0.16932338498737753,0.22547499030632023,-0.39479837529369777,0,2006-12-29,2006-12-29,development
2005-12-30,VDE,12,-0.16932338498737753,0.19021638087982118,-0.35953976586719871,0,2006-12-29,2006-12-29,development
2005-12-30,VGT,12,-0.16932338498737753,0.08957392311181156,-0.25889730809918909,0,2006-12-29,2006-12-29,development
2005-12-30,VWO,12,-0.16932338498737753,0.29364170289823033,-0.46296508788560786,0,2006-12-29,2006-12-29,development
2006-01-31,GLD,12,-0.10685931536165605,0.15225597699083204,-0.25911529235248809,0,2007-01-31,2007-01-31,development
2006-01-31,VDE,12,-0.10685931536165605,0.02659009923207889,-0.13344941459373494,0,2007-01-31,2007-01-31,development
2006-01-31,VGT,12,-0.10685931536165605,0.047759081266169234,-0.15461839662782528,0,2007-01-31,2007-01-31,development
2006-01-31,VWO,12,-0.10685931536165605,0.15266937238361478,-0.25952868774527083,0,2007-01-31,2007-01-31,development
2006-02-28,DBC,12,-0.13705220900218906,0.10253017107642259,-0.23958238007861166,0,2007-02-28,2007-02-28,development
2006-02-28,GLD,12,-0.13705220900218906,0.21710999281092747,-0.35416220181311653,0,2007-02-28,2007-02-28,development
2006-02-28,VDE,12,-0.13705220900218906,0.12423854705045723,-0.26129075605264629,0,2007-02-28,2007-02-28,development
2006-02-28,VGT,12,-0.13705220900218906,0.094010375526419887,-0.23106258452860895,0,2007-02-28,2007-02-28,development
2006-02-28,VWO,12,-0.13705220900218906,0.21004221235720988,-0.34709442135939894,0,2007-02-28,2007-02-28,development
2006-03-31,DBC,12,-0.16200926549457806,0.085388314045301339,-0.2473975795398794,0,2007-03-30,2007-03-30,development
2006-03-31,GLD,12,-0.16200926549457806,0.13149741824440597,-0.29350668373898403,0,2007-03-30,2007-03-30,development
2006-03-31,VDE,12,-0.16200926549457806,0.13340208223510786,-0.29541134772968591,0,2007-03-30,2007-03-30,development
2006-03-31,VGT,12,-0.16200926549457806,0.030881002627898058,-0.19289026812247612,0,2007-03-30,2007-03-30,development
2006-03-31,VWO,12,-0.16200926549457806,0.19297038476722483,-0.35497965026180289,0,2007-03-30,2007-03-30,development
2006-04-28,DBC,12,-0.14923093304799784,0.031096517953499214,-0.18032745100149705,0,2007-04-30,2007-04-30,development
2006-04-28,GLD,12,-0.14923093304799784,0.037947457366722892,-0.18717839041472073,0,2007-04-30,2007-04-30,development
2006-04-28,VDE,12,-0.14923093304799784,0.14784084710939793,-0.29707178015739577,0,2007-04-30,2007-04-30,development
2006-04-28,VGT,12,-0.14923093304799784,0.1029733297980624,-0.25220426284606023,0,2007-04-30,2007-04-30,development
2006-04-28,VWO,12,-0.14923093304799784,0.1715817623183109,-0.32081269536630874,0,2007-04-30,2007-04-30,development
2006-05-31,DBC,12,-0.16157768993310717,0.0062154405261163337,-0.16779313045922351,0,2007-05-31,2007-05-31,development
2006-05-31,GLD,12,-0.16157768993310717,-0.0024577572964669114,-0.15911993263664026,0,2007-05-31,2007-05-31,development
2006-05-31,VDE,12,-0.16157768993310717,0.25302378314377005,-0.41460147307687722,0,2007-05-31,2007-05-31,development
2006-05-31,VGT,12,-0.16157768993310717,0.18254320174198058,-0.34412089167508775,0,2007-05-31,2007-05-31,development
2006-05-31,VIG,12,-0.16157768993310717,0.15798079895511163,-0.31955848888821881,0,2007-05-31,2007-05-31,development
2006-05-31,VWO,12,-0.16157768993310717,0.32270115727532733,-0.4842788472084345,0,2007-05-31,2007-05-31,development
2006-06-30,DBC,12,-0.068538409691998203,0.040091008214900636,-0.10862941790689884,0,2007-06-29,2007-06-29,development
2006-06-30,GLD,12,-0.068538409691998203,0.049648864935489145,-0.11818727462748735,0,2007-06-29,2007-06-29,development
2006-06-30,VDE,12,-0.068538409691998203,0.24607983585583626,-0.31461824554783446,0,2007-06-29,2007-06-29,development
2006-06-30,VGT,12,-0.068538409691998203,0.24954339568493356,-0.31808180537693176,0,2007-06-29,2007-06-29,development
2006-06-30,VIG,12,-0.068538409691998203,0.16237013497141484,-0.23090854466341304,0,2007-06-29,2007-06-29,development
2006-06-30,VWO,12,-0.068538409691998203,0.44527717329875283,-0.51381558299075103,0,2007-06-29,2007-06-29,development
2006-07-31,DBC,12,-0.14507607085442076,0.050689814299126557,-0.19576588515354731,0,2007-07-31,2007-07-31,development
2006-07-31,GLD,12,-0.14507607085442076,0.036444303596894212,-0.18152037445131497,0,2007-07-31,2007-07-31,development
2006-07-31,VDE,12,-0.14507607085442076,0.21117854834761851,-0.35625461920203927,0,2007-07-31,2007-07-31,development
2006-07-31,VGT,12,-0.14507607085442076,0.30126605658564087,-0.44634212744006163,0,2007-07-31,2007-07-31,development
2006-07-31,VIG,12,-0.14507607085442076,0.13144608911645794,-0.2765221599708787,0,2007-07-31,2007-07-31,development
2006-07-31,VWO,12,-0.14507607085442076,0.41931483685275261,-0.56439090770717337,0,2007-07-31,2007-07-31,development
2006-08-31,DBC,12,-0.069620913456297728,0.049643395036864657,-0.11926430849316239,0,2007-08-31,2007-08-31,development
2006-08-31,GLD,12,-0.069620913456297728,0.076898170632993201,-0.14651908408929093,0,2007-08-31,2007-08-31,development
2006-08-31,VDE,12,-0.069620913456297728,0.21292194922802832,-0.28254286268432605,0,2007-08-31,2007-08-31,development
2006-08-31,VGT,12,-0.069620913456297728,0.25876936361544489,-0.32839027707174262,0,2007-08-31,2007-08-31,development
2006-08-31,VIG,12,-0.069620913456297728,0.14509766247060107,-0.2147185759268988,0,2007-08-31,2007-08-31,development
2006-08-31,VWO,12,-0.069620913456297728,0.46182634459763183,-0.53144725805392956,0,2007-08-31,2007-08-31,development
2006-09-29,DBC,12,-0.13960274635622116,0.20174982493570059,-0.34135257129192176,0,2007-09-28,2007-09-28,development
2006-09-29,GLD,12,-0.13960274635622116,0.23608542122078369,-0.37568816757700485,0,2007-09-28,2007-09-28,development
2006-09-29,VDE,12,-0.13960274635622116,0.40932759776728389,-0.54893034412350505,0,2007-09-28,2007-09-28,development
2006-09-29,VGT,12,-0.13960274635622116,0.22859377682812809,-0.36819652318434926,0,2007-09-28,2007-09-28,development
2006-09-29,VIG,12,-0.13960274635622116,0.14372775911840519,-0.28333050547462635,0,2007-09-28,2007-09-28,development
2006-09-29,VWO,12,-0.13960274635622116,0.57255840221223253,-0.71216114856845369,0,2007-09-28,2007-09-28,development
2006-10-31,DBC,12,-0.16441913578723788,0.2424186673293065,-0.40683780311654438,0,2007-10-31,2007-10-31,development
2006-10-31,GLD,12,-0.16441913578723788,0.30791245791245792,-0.4723315936996958,0,2007-10-31,2007-10-31,development
2006-10-31,VDE,12,-0.16441913578723788,0.37383047798270774,-0.53824961376994562,0,2007-10-31,2007-10-31,development
2006-10-31,VGT,12,-0.16441913578723788,0.24096889235085461,-0.40538802813809249,0,2007-10-31,2007-10-31,development
2006-10-31,VIG,12,-0.16441913578723788,0.10155234245453926,-0.26597147824177714,0,2007-10-31,2007-10-31,development
2006-10-31,VWO,12,-0.16441913578723788,0.67990923545422666,-0.84432837124146454,0,2007-10-31,2007-10-31,development
2006-11-30,DBC,12,-0.12634337954085217,0.23692684392612917,-0.36327022346698135,0,2007-11-30,2007-11-30,development
2006-11-30,GLD,12,-0.12634337954085217,0.21763779527559035,-0.34398117481644253,0,2007-11-30,2007-11-30,development
2006-11-30,VDE,12,-0.12634337954085217,0.27561096764690896,-0.40195434718776113,0,2007-11-30,2007-11-30,development
2006-11-30,VGT,12,-0.12634337954085217,0.10294288977908383,-0.22928626931993601,0,2007-11-30,2007-11-30,development
2006-11-30,VIG,12,-0.12634337954085217,0.074593308002521175,-0.20093668754337335,0,2007-11-30,2007-11-30,development
2006-11-30,VWO,12,-0.12634337954085217,0.45897155303769654,-0.58531493257854872,0,2007-11-30,2007-11-30,development
2006-12-29,DBC,12,-0.14967501557551466,0.31335135332446051,-0.46302636889997517,0,2007-12-31,2007-12-31,development
2006-12-29,GLD,12,-0.14967501557551466,0.31308337288403743,-0.46275838845955208,0,2007-12-31,2007-12-31,development
2006-12-29,VDE,12,-0.14967501557551466,0.36294155412785933,-0.51261656970337399,0,2007-12-31,2007-12-31,development
2006-12-29,VGT,12,-0.14967501557551466,0.16008115336160378,-0.30975616893711844,0,2007-12-31,2007-12-31,development
2006-12-29,VIG,12,-0.14967501557551466,0.062373235762612778,-0.21204825133812744,0,2007-12-31,2007-12-31,development
2006-12-29,VWO,12,-0.14967501557551466,0.38738788144035219,-0.53706289701586685,0,2007-12-31,2007-12-31,development
2007-01-31,DBC,12,-0.14229565288917545,0.3977156717257706,-0.54001132461494605,0,2008-01-31,2008-01-31,development
2007-01-31,GLD,12,-0.14229565288917545,0.40873634945397819,-0.55103200234315364,0,2008-01-31,2008-01-31,development
2007-01-31,VDE,12,-0.14229565288917545,0.22322524076557015,-0.3655208936547456,0,2008-01-31,2008-01-31,development
2007-01-31,VGT,12,-0.14229565288917545,-0.017796141486207562,-0.12449951140296789,0,2008-01-31,2008-01-31,development
2007-01-31,VIG,12,-0.14229565288917545,-0.026312932096137165,-0.11598272079303829,0,2008-01-31,2008-01-31,development
2007-01-31,VWO,12,-0.14229565288917545,0.22081478312591596,-0.36311043601509141,0,2008-01-31,2008-01-31,development
2007-02-28,DBC,12,-0.13723988935620113,0.4648543564976988,-0.60209424585389992,0,2008-02-29,2008-02-29,development
2007-02-28,GLD,12,-0.13723988935620113,0.42025989367985828,-0.5574997830360594,0,2008-02-29,2008-02-29,development
2007-02-28,VDE,12,-0.13723988935620113,0.29367920043150764,-0.43091908978770876,0,2008-02-29,2008-02-29,development
2007-02-28,VGT,12,-0.13723988935620113,-0.064429641421665962,-0.072810247934535166,0,2008-02-29,2008-02-29,development
2007-02-28,VIG,12,-0.13723988935620113,-0.040681489494750367,-0.096558399861450761,0,2008-02-29,2008-02-29,development
2007-02-28,VWO,12,-0.13723988935620113,0.24173438189916396,-0.37897427125536509,0,2008-02-29,2008-02-29,development
2007-03-30,DBC,12,-0.19852734544959993,0.47910847966253423,-0.67763582511213416,0,2008-03-31,2008-03-31,development
2007-03-30,GLD,12,-0.19852734544959993,0.39762701551566781,-0.59615436096526775,0,2008-03-31,2008-03-31,development
2007-03-30,VDE,12,-0.19852734544959993,0.21632113553523147,-0.4148484809848314,0,2008-03-31,2008-03-31,development
2007-03-30,VGT,12,-0.19852734544959993,-0.028872420417474398,-0.16965492503212554,0,2008-03-31,2008-03-31,development
2007-03-30,VIG,12,-0.19852734544959993,-0.0050595342197446991,-0.19346781122985524,0,2008-03-31,2008-03-31,development
2007-03-30,VWO,12,-0.19852734544959993,0.2071648865018767,-0.40569223195147663,0,2008-03-31,2008-03-31,development
2007-04-30,BND,12,-0.11427852717363496,0.06396413959454339,-0.17824266676817835,0,2008-04-30,2008-04-30,development
2007-04-30,DBC,12,-0.11427852717363496,0.54222561765162891,-0.65650414482526387,0,2008-04-30,2008-04-30,development
2007-04-30,GLD,12,-0.11427852717363496,0.29174067495559486,-0.40601920212922982,0,2008-04-30,2008-04-30,development
2007-04-30,VDE,12,-0.11427852717363496,0.28830802239145692,-0.40258654956509188,0,2008-04-30,2008-04-30,development
2007-04-30,VGT,12,-0.11427852717363496,-0.010624454411109374,-0.10365407276252558,0,2008-04-30,2008-04-30,development
2007-04-30,VIG,12,-0.11427852717363496,-0.014214049958673924,-0.10006447721496103,0,2008-04-30,2008-04-30,development
2007-04-30,VWO,12,-0.11427852717363496,0.25598360029588552,-0.37026212746952047,0,2008-04-30,2008-04-30,development
2007-05-31,BND,12,-0.033390549689053528,0.068628845481004896,-0.10201939517005842,0,2008-05-30,2008-05-30,development
2007-05-31,DBC,12,-0.033390549689053528,0.62228625616449218,-0.65567680585354571,0,2008-05-30,2008-05-30,development
2007-05-31,GLD,12,-0.033390549689053528,0.34662765629812142,-0.38001820598717495,0,2008-05-30,2008-05-30,development
2007-05-31,VDE,12,-0.033390549689053528,0.27326649911462675,-0.30665704880368028,0,2008-05-30,2008-05-30,development
2007-05-31,VGT,12,-0.033390549689053528,0.034871651097668765,-0.068262200786722294,0,2008-05-30,2008-05-30,development
2007-05-31,VIG,12,-0.033390549689053528,-0.025111076342950733,-0.0082794733461027947,0,2008-05-30,2008-05-30,development
2007-05-31,VWO,12,-0.033390549689053528,0.2230920290640408,-0.25648257875309433,0,2008-05-30,2008-05-30,development
2007-06-29,BND,12,-0.11442705580006385,0.070167314634375311,-0.18459437043443916,0,2008-06-30,2008-06-30,development
2007-06-29,DBC,12,-0.11442705580006385,0.81682486310756675,-0.93125191890763059,0,2008-06-30,2008-06-30,development
2007-06-29,GLD,12,-0.11442705580006385,0.42321456355998133,-0.53764161936004518,0,2008-06-30,2008-06-30,development
2007-06-29,VDE,12,-0.11442705580006385,0.27414766546698943,-0.38857472126705328,0,2008-06-30,2008-06-30,development
2007-06-29,VGT,12,-0.11442705580006385,-0.072803080387564112,-0.041623975412499736,0,2008-06-30,2008-06-30,development
2007-06-29,VIG,12,-0.11442705580006385,-0.094601087994479527,-0.019825967805584321,0,2008-06-30,2008-06-30,development
2007-06-29,VWO,12,-0.11442705580006385,0.039583147270522367,-0.15401020307058622,0,2008-06-30,2008-06-30,development
2007-07-31,BND,12,-0.00058176640085960685,0.055982631182760478,-0.056564397583620085,0,2008-07-31,2008-07-31,development
2007-07-31,DBC,12,-0.00058176640085960685,0.56705885514958942,-0.56764062155044903,0,2008-07-31,2008-07-31,development
2007-07-31,GLD,12,-0.00058176640085960685,0.40177342913927538,-0.40235519554013499,0,2008-07-31,2008-07-31,development
2007-07-31,VDE,12,-0.00058176640085960685,0.11286343536625187,-0.11344520176711148,0,2008-07-31,2008-07-31,development
2007-07-31,VGT,12,-0.00058176640085960685,-0.091275126037047905,0.090693359636188298,0,2008-07-31,2008-07-31,development
2007-07-31,VIG,12,-0.00058176640085960685,-0.066390687861833664,0.065808921460974057,0,2008-07-31,2008-07-31,development
2007-07-31,VWO,12,-0.00058176640085960685,-0.024096749881810653,0.023514983480951046,0,2008-07-31,2008-07-31,development
2007-08-31,BND,12,-0.084944551232342902,0.05733920239293,-0.1422837536252729,0,2008-08-29,2008-08-29,development
2007-08-31,DBC,12,-0.084944551232342902,0.51374627881046275,-0.59869083004280566,0,2008-08-29,2008-08-29,development
2007-08-31,GLD,12,-0.084944551232342902,0.22835237522549612,-0.31329692645783902,0,2008-08-29,2008-08-29,development
2007-08-31,VDE,12,-0.084944551232342902,0.095075752056427154,-0.18002030328877006,0,2008-08-29,2008-08-29,development
2007-08-31,VGT,12,-0.084944551232342902,-0.085192656964766411,0.0002481057324235092,0,2008-08-29,2008-08-29,development
2007-08-31,VIG,12,-0.084944551232342902,-0.064638992009582341,-0.020305559222760561,0,2008-08-29,2008-08-29,development
2007-08-31,VWO,12,-0.084944551232342902,-0.11483787404643075,0.029893322814087853,0,2008-08-29,2008-08-29,development
2007-09-28,BND,12,-0.099247640771861656,0.052494380895345083,-0.15174202166720674,0,2008-09-30,2008-09-30,development
2007-09-28,DBC,12,-0.099247640771861656,0.2861465450997982,-0.38539418587165986,0,2008-09-30,2008-09-30,development
2007-09-28,GLD,12,-0.099247640771861656,0.1786151544007617,-0.27786279517262336,0,2008-09-30,2008-09-30,development
2007-09-28,VDE,12,-0.099247640771861656,-0.071813673732961103,-0.027433967038900553,0,2008-09-30,2008-09-30,development
2007-09-28,VGT,12,-0.099247640771861656,-0.19618146434507022,0.096933823573208566,0,2008-09-30,2008-09-30,development
2007-09-28,VIG,12,-0.099247640771861656,-0.13318627195538424,0.033938631183522583,0,2008-09-30,2008-09-30,development
2007-09-28,VWO,12,-0.099247640771861656,-0.29201802128486376,0.1927703805130021,0,2008-09-30,2008-09-30,development
2007-10-31,BND,12,-0.21933301734532018,0.0021662917833471518,-0.22149930912866733,0,2008-10-31,2008-10-31,development
2007-10-31,DBC,12,-0.21933301734532018,-0.092819490388627801,-0.12651352695669238,0,2008-10-31,2008-10-31,development
2007-10-31,GLD,12,-0.21933301734532018,-0.081735101042605174,-0.13759791630271501,0,2008-10-31,2008-10-31,development
2007-10-31,VDE,12,-0.21933301734532018,-0.32738119604047311,0.10804817869515293,0,2008-10-31,2008-10-31,development
2007-10-31,VGT,12,-0.21933301734532018,-0.39424346654329034,0.17491044919797016,0,2008-10-31,2008-10-31,development
2007-10-31,VIG,12,-0.21933301734532018,-0.26864812543160277,0.049315108086282589,0,2008-10-31,2008-10-31,development
2007-10-31,VWO,12,-0.21933301734532018,-0.55399847087128928,0.3346654535259691,0,2008-10-31,2008-10-31,development
2007-11-30,BND,12,-0.1774097185342538,0.024898549597166308,-0.20230826813142011,0,2008-11-28,2008-11-28,development
2007-11-30,DBC,12,-0.1774097185342538,-0.24816822833898056,0.070758509804726755,0,2008-11-28,2008-11-28,development
2007-11-30,GLD,12,-0.1774097185342538,0.038670460424211184,-0.21608017895846499,0,2008-11-28,2008-11-28,development
2007-11-30,VDE,12,-0.1774097185342538,-0.31321101270821006,0.13580129417395626,0,2008-11-28,2008-11-28,development
2007-11-30,VGT,12,-0.1774097185342538,-0.43335678341806116,0.25594706488380736,0,2008-11-28,2008-11-28,development
2007-11-30,VIG,12,-0.1774097185342538,-0.27711709940753593,0.099707380873282125,0,2008-11-28,2008-11-28,development
2007-11-30,VWO,12,-0.1774097185342538,-0.56271467770979144,0.38530495917553764,0,2008-11-28,2008-11-28,development
2007-12-31,BND,12,-0.25034320303768343,0.067674136924195993,-0.31801733996187942,0,2008-12-31,2008-12-31,development
2007-12-31,DBC,12,-0.25034320303768343,-0.35563127274413009,0.10528806970644666,0,2008-12-31,2008-12-31,development
2007-12-31,GLD,12,-0.25034320303768343,0.031325301204819134,-0.28166850424250256,0,2008-12-31,2008-12-31,development
2007-12-31,VDE,12,-0.25034320303768343,-0.43451665759917479,0.18417345456149137,0,2008-12-31,2008-12-31,development
2007-12-31,VGT,12,-0.25034320303768343,-0.45012615996429017,0.19978295692660675,0,2008-12-31,2008-12-31,development
2007-12-31,VIG,12,-0.25034320303768343,-0.29256236310733608,0.04221916006965265,0,2008-12-31,2008-12-31,development
2007-12-31,VWO,12,-0.25034320303768343,-0.54371812915688533,0.29337492611920191,0,2008-12-31,2008-12-31,development
2008-01-31,BND,12,-0.33751363140676116,0.029492695981304662,-0.36700632738806582,0,2009-01-30,2009-01-30,development
2008-01-31,DBC,12,-0.33751363140676116,-0.3609576270464937,0.02344399563973254,0,2009-01-30,2009-01-30,development
2008-01-31,GLD,12,-0.33751363140676116,0.011184939091915869,-0.34869857049867703,0,2009-01-30,2009-01-30,development
2008-01-31,VDE,12,-0.33751363140676116,-0.32596646873157265,-0.011547162675188516,0,2009-01-30,2009-01-30,development
2008-01-31,VGT,12,-0.33751363140676116,-0.35810465321963469,0.020591021812873533,0,2009-01-30,2009-01-30,development
2008-01-31,VIG,12,-0.33751363140676116,-0.26933401262157031,-0.068179618785190854,0,2009-01-30,2009-01-30,development
2008-01-31,VWO,12,-0.33751363140676116,-0.51077148379784942,0.17325785239108826,0,2009-01-30,2009-01-30,development
2008-02-29,BND,12,-0.36879432624113462,0.026462963440062603,-0.39525728968119722,0,2009-02-27,2009-02-27,development
2008-02-29,DBC,12,-0.36879432624113462,-0.46241869995825913,0.093624373717124509,0,2009-02-27,2009-02-27,development
2008-02-29,GLD,12,-0.36879432624113462,-0.036909960490746685,-0.33188436575038793,0,2009-02-27,2009-02-27,development
2008-02-29,VDE,12,-0.36879432624113462,-0.46173680847414966,0.092942482233015045,0,2009-02-27,2009-02-27,development
2008-02-29,VGT,12,-0.36879432624113462,-0.37095337276213614,0.0021590465210015175,0,2009-02-27,2009-02-27,development
2008-02-29,VIG,12,-0.36879432624113462,-0.35044545205537647,-0.018348874185758146,0,2009-02-27,2009-02-27,development
2008-02-29,VWO,12,-0.36879432624113462,-0.55037784249155464,0.18158351625042002,0,2009-02-27,2009-02-27,development
2008-03-31,BND,12,-0.1585213032581454,0.034720727816664354,-0.19324203107480975,0,2009-03-31,2009-03-31,development
2008-03-31,DBC,12,-0.1585213032581454,-0.42753754820061429,0.2690162449424689,0,2009-03-31,2009-03-31,development
2008-03-31,GLD,12,-0.1585213032581454,-0.012951676099259846,-0.14556962715888555,0,2009-03-31,2009-03-31,development
2008-03-31,VDE,12,-0.1585213032581454,-0.39404095268890393,0.23551964943075854,0,2009-03-31,2009-03-31,development
2008-03-31,VGT,12,-0.1585213032581454,-0.29226520752741592,0.13374390426927052,0,2009-03-31,2009-03-31,development
2008-03-31,VIG,12,-0.1585213032581454,-0.29832991912281515,0.13980861586466975,0,2009-03-31,2009-03-31,development
2008-03-31,VWO,12,-0.1585213032581454,-0.45564426827217663,0.29712296501403124,0,2009-03-31,2009-03-31,development
2008-04-30,BND,12,-0.17060085836909866,0.053365704947252679,-0.22396656331635134,0,2009-04-30,2009-04-30,development
2008-04-30,DBC,12,-0.17060085836909866,-0.47459318418222529,0.30399232581312663,0,2009-04-30,2009-04-30,development
2008-04-30,GLD,12,-0.17060085836909866,0.028073793972728245,-0.19867465234182691,0,2009-04-30,2009-04-30,development
2008-04-30,VDE,12,-0.17060085836909866,-0.43547845754345493,0.26487759917435627,0,2009-04-30,2009-04-30,development
2008-04-30,VGT,12,-0.17060085836909866,-0.27743319460889315,0.10683233623979449,0,2009-04-30,2009-04-30,development
2008-04-30,VIG,12,-0.17060085836909866,-0.29341878847502445,0.12281793010592579,0,2009-04-30,2009-04-30,development
2008-04-30,VWO,12,-0.17060085836909866,-0.4480568334522198,0.27745597508312114,0,2009-04-30,2009-04-30,development
2008-05-30,BND,12,-0.19591226321036881,0.059470856021491825,-0.25538311923186063,0,2009-05-29,2009-05-29,development
2008-05-30,DBC,12,-0.19591226321036881,-0.41823308503510515,0.22232082182473634,0,2009-05-29,2009-05-29,development
2008-05-30,GLD,12,-0.19591226321036881,0.10005717552887372,-0.29596943873924253,0,2009-05-29,2009-05-29,development
2008-05-30,VDE,12,-0.19591226321036881,-0.38788146010596436,0.19196919689559555,0,2009-05-29,2009-05-29,development
2008-05-30,VGT,12,-0.19591226321036881,-0.28906047066261997,0.093148207452251164,0,2009-05-29,2009-05-29,development
2008-05-30,VIG,12,-0.19591226321036881,-0.25413609857887343,0.058223835368504617,0,2009-05-29,2009-05-29,development
2008-05-30,VWO,12,-0.19591226321036881,-0.34178841700648399,0.14587615379611518,0,2009-05-29,2009-05-29,development
2008-06-30,BND,12,-0.22182006204756977,0.06894828178566792,-0.29076834383323769,0,2009-06-30,2009-06-30,development
2008-06-30,DBC,12,-0.22182006204756977,-0.49190331533491394,0.27008325328734417,0,2009-06-30,2009-06-30,development
2008-06-30,GLD,12,-0.22182006204756977,0.0089646878758062876,-0.23078474992337605,0,2009-06-30,2009-06-30,development
2008-06-30,VDE,12,-0.22182006204756977,-0.44554172622442079,0.22372166417685102,0,2009-06-30,2009-06-30,development
2008-06-30,VGT,12,-0.22182006204756977,-0.1929266961871442,-0.028893365860425568,0,2009-06-30,2009-06-30,development
2008-06-30,VIG,12,-0.22182006204756977,-0.18777148295675195,-0.034048579090817821,0,2009-06-30,2009-06-30,development
2008-06-30,VWO,12,-0.22182006204756977,-0.28106973894355436,0.059249676895984593,0,2009-06-30,2009-06-30,development
2008-07-31,BND,12,-0.18386589837611311,0.08875983189354586,-0.27262573026965897,0,2009-07-31,2009-07-31,development
2008-07-31,DBC,12,-0.18386589837611311,-0.41811244391601632,0.23424654553990321,0,2009-07-31,2009-07-31,development
2008-07-31,GLD,12,-0.18386589837611311,0.018104482495364671,-0.20197038087147778,0,2009-07-31,2009-07-31,development
2008-07-31,VDE,12,-0.18386589837611311,-0.31676065604519277,0.13289475766907966,0,2009-07-31,2009-07-31,development
2008-07-31,VGT,12,-0.18386589837611311,-0.098657142682139654,-0.085208755693973459,0,2009-07-31,2009-07-31,development
2008-07-31,VIG,12,-0.18386589837611311,-0.14050521268442295,-0.04336068569169016,0,2009-07-31,2009-07-31,development
2008-07-31,VWO,12,-0.18386589837611311,-0.16440053219236384,-0.019465366183749278,0,2009-07-31,2009-07-31,development
2008-08-29,BND,12,-0.099079588521927331,0.079091521678662735,-0.17817111020059007,0,2009-08-31,2009-08-31,development
2008-08-29,DBC,12,-0.099079588521927331,-0.39207569542404908,0.29299610690212174,0,2009-08-31,2009-08-31,development
2008-08-29,GLD,12,-0.099079588521927331,0.1488189940031821,-0.24789858252510943,0,2009-08-31,2009-08-31,development
2008-08-29,VDE,12,-0.099079588521927331,-0.29195796028783849,0.19287837176591116,0,2009-08-31,2009-08-31,development
2008-08-29,VGT,12,-0.099079588521927331,-0.090145333612297263,-0.0089342549096300683,0,2009-08-31,2009-08-31,development
2008-08-29,VIG,12,-0.099079588521927331,-0.13477293097969889,0.03569334245777156,0,2009-08-31,2009-08-31,development
2008-08-29,VWO,12,-0.099079588521927331,-0.089892197812287633,-0.0091873907096396978,0,2009-08-31,2009-08-31,development
2008-09-30,BND,12,-0.059365994236311392,0.089914723166347077,-0.14928071740265847,0,2009-09-30,2009-09-30,development
2008-09-30,DBC,12,-0.059365994236311392,-0.38579430064547826,0.32642830640916687,0,2009-09-30,2009-09-30,development
2008-09-30,GLD,12,-0.059365994236311392,0.11957525392428447,-0.17894124816059587,0,2009-09-30,2009-09-30,development
2008-09-30,VDE,12,-0.059365994236311392,-0.19564731850293093,0.13628132426661954,0,2009-09-30,2009-09-30,development
2008-09-30,VGT,12,-0.059365994236311392,0.02712352510103444,-0.086489519337345833,0,2009-09-30,2009-09-30,development
2008-09-30,VIG,12,-0.059365994236311392,-0.08247495217741152,0.023108957941100128,0,2009-09-30,2009-09-30,development
2008-09-30,VWO,12,-0.059365994236311392,0.1010370543254997,-0.16040304856181109,0,2009-09-30,2009-09-30,development
2008-10-31,BND,12,0.12123335669236157,0.13419955772630088,-0.012966201033939306,0,2009-10-30,2009-10-30,development
2008-10-31,DBC,12,0.12123335669236157,-0.094131625667488894,0.21536498235985047,0,2009-10-30,2009-10-30,development
2008-10-31,GLD,12,0.12123335669236157,0.43720213064199598,-0.31596877394963441,0,2009-10-30,2009-10-30,development
2008-10-31,VDE,12,0.12123335669236157,0.1088547318891302,0.012378624803231375,0,2009-10-30,2009-10-30,development
2008-10-31,VGT,12,0.12123335669236157,0.30749538453472613,-0.18626202784236456,0,2009-10-30,2009-10-30,development
2008-10-31,VIG,12,0.12123335669236157,0.10314585866099768,0.018087498031363891,0,2009-10-30,2009-10-30,development
2008-10-31,VWO,12,0.12123335669236157,0.56163751642750426,-0.44040415973514269,0,2009-10-30,2009-10-30,development
2008-11-28,BND,12,0.10585885486018642,0.10609192526482891,-0.00023307040464248807,0,2009-11-30,2009-11-30,development
2008-11-28,DBC,12,0.10585885486018642,0.11319809142681225,-0.0073392365666258286,0,2009-11-30,2009-11-30,development
2008-11-28,GLD,12,0.10585885486018642,0.43269829411032257,-0.32683943925013614,0,2009-11-30,2009-11-30,development
2008-11-28,VDE,12,0.10585885486018642,0.17289336845668912,-0.067034513596502698,0,2009-11-30,2009-11-30,development
2008-11-28,VGT,12,0.10585885486018642,0.55439650601757151,-0.44853765115738509,0,2009-11-30,2009-11-30,development
2008-11-28,VIG,12,0.10585885486018642,0.192512507254746,-0.086653652394559577,0,2009-11-30,2009-11-30,development
2008-11-28,VWO,12,0.10585885486018642,0.81539279228787565,-0.70953393742768922,0,2009-11-30,2009-11-30,development
2008-12-31,BND,12,0.27679205110007077,0.046042457848033624,0.23074959325203714,0,2009-12-31,2009-12-31,development
2008-12-31,DBC,12,0.27679205110007077,0.23100000000000009,0.045792051100070674,0,2009-12-31,2009-12-31,development
2008-12-31,GLD,12,0.27679205110007077,0.25362149532710299,0.023170555772967782,0,2009-12-31,2009-12-31,development
2008-12-31,VDE,12,0.27679205110007077,0.32439421868926166,-0.047602167589190891,0,2009-12-31,2009-12-31,development
2008-12-31,VGT,12,0.27679205110007077,0.6639104225660537,-0.38711837146598294,0,2009-12-31,2009-12-31,development
2008-12-31,VIG,12,0.27679205110007077,0.23116822622191346,0.045623824878157304,0,2009-12-31,2009-12-31,development
2008-12-31,VWO,12,0.27679205110007077,0.80887365067067973,-0.53208159957060897,0,2009-12-31,2009-12-31,development
2009-01-30,BND,12,0.37764111035579995,0.071816433462542184,0.30582467689325776,0,2010-01-29,2010-01-29,development
2009-01-30,DBC,12,0.37764111035579995,0.12049382716049384,0.25714728319530611,0,2010-01-29,2010-01-29,development
2009-01-30,GLD,12,0.37764111035579995,0.16044244880078851,0.21719866155501144,0,2010-01-29,2010-01-29,development
2009-01-30,VDE,12,0.37764111035579995,0.22490168881843697,0.15273942153736297,0,2010-01-29,2010-01-29,development
2009-01-30,VGT,12,0.37764111035579995,0.53843333973393959,-0.16079222937813964,0,2010-01-29,2010-01-29,development
2009-01-30,VIG,12,0.37764111035579995,0.26474919764165006,0.11289191271414989,0,2010-01-29,2010-01-29,development
2009-01-30,VWO,12,0.37764111035579995,0.8049750796753572,-0.42733396931955725,0,2010-01-29,2010-01-29,development
2009-02-27,BND,12,0.49643759789946929,0.081638988307165317,0.41479860959230397,0,2010-02-26,2010-02-26,development
2009-02-27,DBC,12,0.49643759789946929,0.23652537938252216,0.25991221851694712,0,2010-02-26,2010-02-26,development
2009-02-27,GLD,12,0.49643759789946929,0.18136672784195196,0.31507087005751733,0,2010-02-26,2010-02-26,development
2009-02-27,VDE,12,0.49643759789946929,0.42946990407673868,0.066967693822730601,0,2010-02-26,2010-02-26,development
2009-02-27,VGT,12,0.49643759789946929,0.67573850102811073,-0.17930090312864144,0,2010-02-26,2010-02-26,development
2009-02-27,VIG,12,0.49643759789946929,0.44767875388953104,0.04875884400993824,0,2010-02-26,2010-02-26,development
2009-02-27,VWO,12,0.49643759789946929,0.88377334193927659,-0.38733574403980731,0,2010-02-26,2010-02-26,development
2009-03-31,BND,12,0.4485501913965666,0.069245904953480597,0.379304286443086,0,2010-03-31,2010-03-31,development
2009-03-31,DBC,12,0.4485501913965666,0.11181026137463701,0.33673993002192959,0,2010-03-31,2010-03-31,development
2009-03-31,GLD,12,0.4485501913965666,0.19737567537766032,0.25117451601890628,0,2010-03-31,2010-03-31,development
2009-03-31,VDE,12,0.4485501913965666,0.31410926803580863,0.13444092336075797,0,2010-03-31,2010-03-31,development
2009-03-31,VGT,12,0.4485501913965666,0.58919500845604977,-0.14064481705948317,0,2010-03-31,2010-03-31,development
2009-03-31,VIG,12,0.4485501913965666,0.37987187668493227,0.068678314711634325,0,2010-03-31,2010-03-31,development
2009-03-31,VWO,12,0.4485501913965666,0.71987844690709935,-0.27132825551053275,0,2010-03-31,2010-03-31,development
2009-04-30,BND,12,0.31189263225941843,0.073990875561352754,0.23790175669806568,0,2010-04-30,2010-04-30,development
2009-04-30,DBC,12,0.31189263225941843,0.21592039800995022,0.095972234249468213,0,2010-04-30,2010-04-30,development
2009-04-30,GLD,12,0.31189263225941843,0.28577797592510024,0.026114656334318198,0,2010-04-30,2010-04-30,development
2009-04-30,VDE,12,0.31189263225941843,0.33531589787417104,-0.023423265614752609,0,2010-04-30,2010-04-30,development
2009-04-30,VGT,12,0.31189263225941843,0.47011262513536267,-0.15821999287594424,0,2010-04-30,2010-04-30,development
2009-04-30,VIG,12,0.31189263225941843,0.35586729137302275,-0.04397465911360432,0,2010-04-30,2010-04-30,development
2009-04-30,VWO,12,0.31189263225941843,0.5705247905291313,-0.25863215826971286,0,2010-04-30,2010-04-30,development
2009-05-29,BND,12,0.22610570861307822,0.078817124726440646,0.14728858388663757,0,2010-05-31,2010-05-31,development
2009-05-29,DBC,12,0.22610570861307822,-0.054670684459750318,0.28077639307282853,0,2010-05-31,2010-05-31,development
2009-05-29,GLD,12,0.22610570861307822,0.23576923076923073,-0.0096635221561525153,0,2010-05-31,2010-05-31,development
2009-05-29,VDE,12,0.22610570861307822,0.043049483244697706,0.18305622536838051,0,2010-05-31,2010-05-31,development
2009-05-29,VGT,12,0.22610570861307822,0.30024151423456025,-0.074135805621482032,0,2010-05-31,2010-05-31,development
2009-05-29,VIG,12,0.22610570861307822,0.19064149054937096,0.035464218063707253,0,2010-05-31,2010-05-31,development
2009-05-29,VWO,12,0.22610570861307822,0.18676513008298867,0.039340578530089543,0,2010-05-31,2010-05-31,development
2009-06-30,BND,12,0.30738405827033999,0.083076340704520746,0.22430771756581924,0,2010-06-30,2010-06-30,development
2009-06-30,DBC,12,0.30738405827033999,-0.020604997807978864,0.32798905607831885,0,2010-06-30,2010-06-30,development
2009-06-30,GLD,12,0.30738405827033999,0.33015494636471976,-0.022770888094379771,0,2010-06-30,2010-06-30,development
2009-06-30,VDE,12,0.30738405827033999,0.11937834732214259,0.1880057109481974,0,2010-06-30,2010-06-30,development
2009-06-30,VGT,12,0.30738405827033999,0.23275900358725066,0.074625054683089331,0,2010-06-30,2010-06-30,development
2009-06-30,VIG,12,0.30738405827033999,0.16577162399912626,0.14161243427121373,0,2010-06-30,2010-06-30,development
2009-06-30,VWO,12,0.30738405827033999,0.26874297732066865,0.038641080949671336,0,2010-06-30,2010-06-30,development
2009-07-31,BND,12,0.2726291772406364,0.082959609916856136,0.18966956732378026,0,2010-07-30,2010-07-30,development
2009-07-31,DBC,12,0.2726291772406364,-0.0065104166666667407,0.27913959390730314,0,2010-07-30,2010-07-30,development
2009-07-31,GLD,12,0.2726291772406364,0.2371719335832887,0.035457243657347703,0,2010-07-30,2010-07-30,development
2009-07-31,VDE,12,0.2726291772406364,0.080780305207425407,0.19184887203321099,0,2010-07-30,2010-07-30,development
2009-07-31,VGT,12,0.2726291772406364,0.1450288655878329,0.1276003116528035,0,2010-07-30,2010-07-30,development
2009-07-31,VIG,12,0.2726291772406364,0.131456292242627,0.1411728849980094,0,2010-07-30,2010-07-30,development
2009-07-31,VWO,12,0.2726291772406364,0.20236596295486442,0.07026321428577198,0,2010-07-30,2010-07-30,development
2009-08-31,BND,12,0.20733447049915754,0.084203411224399005,0.12313105927475854,0,2010-08-31,2010-08-31,development
2009-08-31,DBC,12,0.20733447049915754,-0.0083589969203695658,0.21569346741952711,0,2010-08-31,2010-08-31,development
2009-08-31,GLD,12,0.20733447049915754,0.28912325556620866,-0.081788785067051117,0,2010-08-31,2010-08-31,development
2009-08-31,VDE,12,0.20733447049915754,0.016031597511774631,0.19130287298738291,0,2010-08-31,2010-08-31,development
2009-08-31,VGT,12,0.20733447049915754,0.051770409983963539,0.155564060515194,0,2010-08-31,2010-08-31,development
2009-08-31,VIG,12,0.20733447049915754,0.075930671931422555,0.13140379856773499,0,2010-08-31,2010-08-31,development
2009-08-31,VWO,12,0.20733447049915754,0.17014973232979513,0.037184738169362408,0,2010-08-31,2010-08-31,development
2009-09-30,BND,12,0.32008563919943356,0.073299125994006564,0.24678651320542699,0,2010-09-30,2010-09-30,development
2009-09-30,DBC,12,0.32008563919943356,0.1156908665105385,0.20439477268889505,0,2010-09-30,2010-09-30,development
2009-09-30,GLD,12,0.32008563919943356,0.30608247422680401,0.014003164972629545,0,2010-09-30,2010-09-30,development
2009-09-30,VDE,12,0.32008563919943356,0.046230186924735683,0.27385545227469787,0,2010-09-30,2010-09-30,development
2009-09-30,VGT,12,0.32008563919943356,0.13353893472147926,0.18654670447795429,0,2010-09-30,2010-09-30,development
2009-09-30,VIG,12,0.32008563919943356,0.13230533111012255,0.18778030808931101,0,2010-09-30,2010-09-30,development
2009-09-30,VWO,12,0.32008563919943356,0.19883274800658479,0.12125289119284877,0,2010-09-30,2010-09-30,development
2009-10-30,BND,12,0.33512991415038496,0.078465345080740656,0.2566645690696443,0,2010-10-29,2010-10-29,development
2009-10-30,DBC,12,0.33512991415038496,0.067627729489082133,0.26750218466130282,0,2010-10-29,2010-10-29,development
2009-10-30,GLD,12,0.33512991415038496,0.2934750804642543,0.041654833686130655,0,2010-10-29,2010-10-29,development
2009-10-30,VDE,12,0.33512991415038496,0.085996566618150139,0.24913334753223482,0,2010-10-29,2010-10-29,development
2009-10-30,VGT,12,0.33512991415038496,0.20534003180287685,0.1297898823475081,0,2010-10-29,2010-10-29,development
2009-10-30,VIG,12,0.33512991415038496,0.15694615891266794,0.17818375523771701,0,2010-10-29,2010-10-29,development
2009-10-30,VWO,12,0.33512991415038496,0.26325922867105023,0.071870685479334728,0,2010-10-29,2010-10-29,development
2009-11-30,BND,12,0.25509982608720438,0.055641103103887257,0.19945872298331713,0,2010-11-30,2010-11-30,development
2009-11-30,DBC,12,0.25509982608720438,0.035670356703566997,0.21942946938363739,0,2010-11-30,2010-11-30,development
2009-11-30,GLD,12,0.25509982608720438,0.15687467408308708,0.0982251520041173,0,2010-11-30,2010-11-30,development
2009-11-30,VDE,12,0.25509982608720438,0.12268496654521144,0.13241485954199295,0,2010-11-30,2010-11-30,development
2009-11-30,VGT,12,0.25509982608720438,0.15884290910910481,0.096256916978099571,0,2010-11-30,2010-11-30,development
2009-11-30,VIG,12,0.25509982608720438,0.10597647929989229,0.14912334678731209,0,2010-11-30,2010-11-30,development
2009-11-30,VWO,12,0.25509982608720438,0.15731319178641368,0.097786634300790709,0,2010-11-30,2010-11-30,development
2009-12-31,BND,12,0.16822413969756123,0.061887141300476234,0.10633699839708499,0,2010-12-31,2010-12-31,development
2009-12-31,DBC,12,0.16822413969756123,0.11900893582453298,0.049215203873028246,0,2010-12-31,2010-12-31,development
2009-12-31,GLD,12,0.16822413969756123,0.29270338272295215,-0.12447924302539093,0,2010-12-31,2010-12-31,development
2009-12-31,VDE,12,0.16822413969756123,0.21079052496213757,-0.042566385264576345,0,2010-12-31,2010-12-31,development
2009-12-31,VGT,12,0.16822413969756123,0.12776336693404566,0.040460772763515562,0,2010-12-31,2010-12-31,development
2009-12-31,VIG,12,0.16822413969756123,0.14710703751824261,0.021117102179318614,0,2010-12-31,2010-12-31,development
2009-12-31,VMBS,12,0.16822413969756123,0.054101422354305484,0.11412271734325574,0,2010-12-31,2010-12-31,development
2009-12-31,VWO,12,0.16822413969756123,0.19456591359113817,-0.026341773893576947,0,2010-12-31,2010-12-31,development
2010-01-29,BND,12,0.26753124544910123,0.050764443320379549,0.21676680212872168,0,2011-01-31,2011-01-31,development
2010-01-29,DBC,12,0.26753124544910123,0.23799030409872168,0.029540941350379546,0,2011-01-31,2011-01-31,development
2010-01-29,GLD,12,0.26753124544910123,0.22952057380143454,0.038010671647666694,0,2011-01-31,2011-01-31,development
2010-01-29,VDE,12,0.26753124544910123,0.31800908004890549,-0.050477834599804261,0,2011-01-31,2011-01-31,development
2010-01-29,VGT,12,0.26753124544910123,0.26820554848223099,-0.00067430303312976392,0,2011-01-31,2011-01-31,development
2010-01-29,VIG,12,0.26753124544910123,0.18320403835234345,0.084327207096757784,0,2011-01-31,2011-01-31,development
2010-01-29,VMBS,12,0.26753124544910123,0.042371681072908896,0.22515956437619233,0,2011-01-31,2011-01-31,development
2010-01-29,VWO,12,0.26753124544910123,0.22396250296640585,0.043568742482695377,0,2011-01-31,2011-01-31,development
2010-02-26,BND,12,0.27339731188877603,0.047552450107325672,0.22584486178145036,0,2011-02-28,2011-02-28,development
2010-02-26,DBC,12,0.27339731188877603,0.25560727888277635,0.017790033005999684,0,2011-02-28,2011-02-28,development
2010-02-26,GLD,12,0.27339731188877603,0.25545097322489241,0.017946338663883621,0,2011-02-28,2011-02-28,development
2010-02-26,VDE,12,0.27339731188877603,0.41199318270531071,-0.13859587081653468,0,2011-02-28,2011-02-28,development
2010-02-26,VGT,12,0.27339731188877603,0.25058998984541203,0.022807322043363998,0,2011-02-28,2011-02-28,development
2010-02-26,VIG,12,0.27339731188877603,0.19461968418133457,0.078777627707441455,0,2011-02-28,2011-02-28,development
2010-02-26,VMBS,12,0.27339731188877603,0.043483950870923271,0.22991336101785276,0,2011-02-28,2011-02-28,development
2010-02-26,VWO,12,0.27339731188877603,0.20136517871406356,0.072032133174712465,0,2011-02-28,2011-02-28,development
2010-03-31,BND,12,0.15771169612004776,0.052673639773185066,0.1050380563468627,0,2011-03-31,2011-03-31,development
2010-03-31,DBC,12,0.15771169612004776,0.31998258598171536,-0.1622708898616676,0,2011-03-31,2011-03-31,development
2010-03-31,GLD,12,0.15771169612004776,0.28243853025140431,-0.12472683413135655,0,2011-03-31,2011-03-31,development
2010-03-31,VDE,12,0.15771169612004776,0.41870600731233654,-0.26099431119228877,0,2011-03-31,2011-03-31,development
2010-03-31,VGT,12,0.15771169612004776,0.14355049098953288,0.014161205130514887,0,2011-03-31,2011-03-31,development
2010-03-31,VIG,12,0.15771169612004776,0.15564724026285059,0.0020644558571971672,0,2011-03-31,2011-03-31,development
2010-03-31,VMBS,12,0.15771169612004776,0.045378796889591344,0.11233289923045642,0,2011-03-31,2011-03-31,development
2010-03-31,VWO,12,0.15771169612004776,0.17883259941649965,-0.021120903296451887,0,2011-03-31,2011-03-31,development
2010-04-30,BND,12,0.16739108651718682,0.053862817183698786,0.11352826933348803,0,2011-04-29,2011-04-29,development
2010-04-30,DBC,12,0.16739108651718682,0.30523731587561342,-0.13784622935842661,0,2011-04-29,2011-04-29,development
2010-04-30,GLD,12,0.16739108651718682,0.32082177531206657,-0.15343068879487975,0,2011-04-29,2011-04-29,development
2010-04-30,VDE,12,0.16739108651718682,0.36264214465044353,-0.19525105813325672,0,2011-04-29,2011-04-29,development
2010-04-30,VGT,12,0.16739108651718682,0.15948868689349371,0.0079023996236931016,0,2011-04-29,2011-04-29,development
2010-04-30,VIG,12,0.16739108651718682,0.17649918134422937,-0.0091080948270425566,0,2011-04-29,2011-04-29,development
2010-04-30,VMBS,12,0.16739108651718682,0.050363013384362221,0.11702807313282459,0,2011-04-29,2011-04-29,development
2010-04-30,VWO,12,0.16739108651718682,0.22381285826233976,-0.056421771745152949,0,2011-04-29,2011-04-29,development
2010-05-31,BND,12,0.17754277155026155,0.053125991608222956,0.12441677994203859,0,2011-05-31,2011-05-31,development
2010-05-31,DBC,12,0.17754277155026155,0.36976320582877942,-0.19222043427851787,0,2011-05-31,2011-05-31,development
2010-05-31,GLD,12,0.17754277155026155,0.25924243571302386,-0.081699664162762309,0,2011-05-31,2011-05-31,development
2010-05-31,VDE,12,0.17754277155026155,0.46393708430129932,-0.28639431275103777,0,2011-05-31,2011-05-31,development
2010-05-31,VGT,12,0.17754277155026155,0.21929287286186505,-0.041750101311603505,0,2011-05-31,2011-05-31,development
2010-05-31,VIG,12,0.17754277155026155,0.23979205542376247,-0.062249283873500927,0,2011-05-31,2011-05-31,development
2010-05-31,VMBS,12,0.17754277155026155,0.043294715741779788,0.13424805580848176,0,2011-05-31,2011-05-31,development
2010-05-31,VWO,12,0.17754277155026155,0.28622673154306755,-0.108683959992806,0,2011-05-31,2011-05-31,development
2010-06-30,BND,12,0.12764125875822208,0.051440032357941368,0.076201226400280708,0,2011-06-30,2011-06-30,development
2010-06-30,DBC,12,0.12764125875822208,0.26499552372426161,-0.13735426496603953,0,2011-06-30,2011-06-30,development
2010-06-30,GLD,12,0.12764125875822208,0.19143043336591714,-0.063789174607695065,0,2011-06-30,2011-06-30,development
2010-06-30,VDE,12,0.12764125875822208,0.37419415321616456,-0.24655289445794248,0,2011-06-30,2011-06-30,development
2010-06-30,VGT,12,0.12764125875822208,0.16253183865269127,-0.034890579894469198,0,2011-06-30,2011-06-30,development
2010-06-30,VIG,12,0.12764125875822208,0.21833103137678345,-0.090689772618561371,0,2011-06-30,2011-06-30,development
2010-06-30,VMBS,12,0.12764125875822208,0.041296853389188204,0.086344405369033872,0,2011-06-30,2011-06-30,development
2010-06-30,VWO,12,0.12764125875822208,0.18464925251315956,-0.05700799375493748,0,2011-06-30,2011-06-30,development
2010-07-30,BND,12,0.071132747582287825,0.043286219574976581,0.027846528007311244,0,2011-07-29,2011-07-29,development
2010-07-30,DBC,12,0.071132747582287825,0.32284840541721294,-0.25171565783492511,0,2011-07-29,2011-07-29,development
2010-07-30,GLD,12,0.071132747582287825,0.37059485669754966,-0.29946210911526183,0,2011-07-29,2011-07-29,development
2010-07-30,VDE,12,0.071132747582287825,0.44522787412972531,-0.37409512654743748,0,2011-07-29,2011-07-29,development
2010-07-30,VGT,12,0.071132747582287825,0.20012584047823512,-0.12899309289594729,0,2011-07-29,2011-07-29,development
2010-07-30,VIG,12,0.071132747582287825,0.17888722445265337,-0.10775447687036555,0,2011-07-29,2011-07-29,development
2010-07-30,VMBS,12,0.071132747582287825,0.03637366751225235,0.034759080070035475,0,2011-07-29,2011-07-29,development
2010-07-30,VWO,12,0.071132747582287825,0.17397197107865248,-0.10283922349636465,0,2011-07-29,2011-07-29,development
2010-08-31,BND,12,-0.020213516147060795,0.050776612689733103,-0.070990128836793898,0,2011-08-31,2011-08-31,development
2010-08-31,DBC,12,-0.020213516147060795,0.31344276841171248,-0.33365628455877328,0,2011-08-31,2011-08-31,development
2010-08-31,GLD,12,-0.020213516147060795,0.46657301049500033,-0.48678652664206112,0,2011-08-31,2011-08-31,development
2010-08-31,VDE,12,-0.020213516147060795,0.2749788925685468,-0.29519240871560759,0,2011-08-31,2011-08-31,development
2010-08-31,VGT,12,-0.020213516147060795,0.1430766336054734,-0.1632901497525342,0,2011-08-31,2011-08-31,development
2010-08-31,VIG,12,-0.020213516147060795,0.1280910638151862,-0.148304579962247,0,2011-08-31,2011-08-31,development
2010-08-31,VMBS,12,-0.020213516147060795,0.053628435977191247,-0.073841952124252042,0,2011-08-31,2011-08-31,development
2010-08-31,VWO,12,-0.020213516147060795,0.026891311949008401,-0.047104828096069196,0,2011-08-31,2011-08-31,development
2010-09-30,BND,12,-0.11037243123745977,0.056400914966328264,-0.16677334620378803,0,2011-09-30,2011-09-30,development
2010-09-30,DBC,12,-0.11037243123745977,0.081024349286314079,-0.19139678052377385,0,2011-09-30,2011-09-30,development
2010-09-30,GLD,12,-0.11037243123745977,0.24761228194806217,-0.35798471318552194,0,2011-09-30,2011-09-30,development
2010-09-30,VDE,12,-0.11037243123745977,0.072694329547082326,-0.18306676078454209,0,2011-09-30,2011-09-30,development
2010-09-30,VGT,12,-0.11037243123745977,0.0238985886421621,-0.13427101987962187,0,2011-09-30,2011-09-30,development
2010-09-30,VIG,12,-0.11037243123745977,0.021214395622846549,-0.13158682686030632,0,2011-09-30,2011-09-30,development
2010-09-30,VMBS,12,-0.11037243123745977,0.055531974577345489,-0.16590440581480526,0,2011-09-30,2011-09-30,development
2010-09-30,VOO,12,-0.11037243123745977,0.0068344222735703397,-0.11720685351103011,0,2011-09-30,2011-09-30,development
2010-09-30,VWO,12,-0.11037243123745977,-0.18768494545623815,0.077312514218778383,0,2011-09-30,2011-09-30,development
2010-10-29,BND,12,-0.016419353670569681,0.044467781134385209,-0.06088713480495489,0,2011-10-31,2011-10-31,development
2010-10-29,DBC,12,-0.016419353670569681,0.11795075456711657,-0.13437010823768625,0,2011-10-31,2011-10-31,development
2010-10-29,GLD,12,-0.016419353670569681,0.278992610465993,-0.29541196413656268,0,2011-10-31,2011-10-31,development
2010-10-29,VDE,12,-0.016419353670569681,0.24527002964284184,-0.26168938331341152,0,2011-10-31,2011-10-31,development
2010-10-29,VGT,12,-0.016419353670569681,0.10428445189598379,-0.12070380556655347,0,2011-10-31,2011-10-31,development
2010-10-29,VIG,12,-0.016419353670569681,0.11487324611420369,-0.13129259978477337,0,2011-10-31,2011-10-31,development
2010-10-29,VMBS,12,-0.016419353670569681,0.037033336463702105,-0.053452690134271785,0,2011-10-31,2011-10-31,development
2010-10-29,VOO,12,-0.016419353670569681,0.10779956795002588,-0.12421892162059556,0,2011-10-31,2011-10-31,development
2010-10-29,VWO,12,-0.016419353670569681,-0.06173817749019006,0.04531882381962038,0,2011-10-31,2011-10-31,development
2010-11-30,BND,12,-0.089964150088993833,0.060677315416292066,-0.1506414655052859,0,2011-11-30,2011-11-30,development
2010-11-30,DBC,12,-0.089964150088993833,0.054631828978622288,-0.14459597906761612,0,2011-11-30,2011-11-30,development
2010-11-30,GLD,12,-0.089964150088993833,0.22755615656224171,-0.31752030665123554,0,2011-11-30,2011-11-30,development
2010-11-30,VDE,12,-0.089964150088993833,0.026370654729203302,-0.11633480481819714,0,2011-11-30,2011-11-30,development
2010-11-30,VGT,12,-0.089964150088993833,-0.017035375898552196,-0.072928774190441636,0,2011-11-30,2011-11-30,development
2010-11-30,VIG,12,-0.089964150088993833,0.03042304408610641,-0.12038719417510024,0,2011-11-30,2011-11-30,development
2010-11-30,VMBS,12,-0.089964150088993833,0.044873984965102087,-0.13483813505409592,0,2011-11-30,2011-11-30,development
2010-11-30,VOO,12,-0.089964150088993833,-0.0059500090263280292,-0.084014141062665804,0,2011-11-30,2011-11-30,development
2010-11-30,VWO,12,-0.089964150088993833,-0.17436516972938632,0.084401019640392483,0,2011-11-30,2011-11-30,development
2010-12-31,BND,12,0.0018148438372844744,0.079210478717260946,-0.077395634879976472,0,2011-12-30,2011-12-30,development
2010-12-31,DBC,12,0.0018148438372844744,-0.025771324863883893,0.027586168701168368,0,2011-12-30,2011-12-30,development
2010-12-31,GLD,12,0.0018148438372844744,0.095660322952710652,-0.093845479115426178,0,2011-12-30,2011-12-30,development
2010-12-31,VDE,12,0.0018148438372844744,0.02815316964609349,-0.026338325808809016,0,2011-12-30,2011-12-30,development
2010-12-31,VGT,12,0.0018148438372844744,0.0055065561087148662,-0.0036917122714303918,0,2011-12-30,2011-12-30,development
2010-12-31,VIG,12,0.0018148438372844744,0.061732101544070606,-0.059917257706786131,0,2011-12-30,2011-12-30,development
2010-12-31,VMBS,12,0.0018148438372844744,0.059767828563594083,-0.057952984726309609,0,2011-12-30,2011-12-30,development
2010-12-31,VOO,12,0.0018148438372844744,0.018942096012073417,-0.017127252174788943,0,2011-12-30,2011-12-30,development
2010-12-31,VWO,12,0.0018148438372844744,-0.18764763038466326,0.18946247422194773,0,2011-12-30,2011-12-30,development
2011-01-31,BND,12,0.059480188651140464,0.081436087694508164,-0.021955899043367699,0,2012-01-31,2012-01-31,development
2011-01-31,DBC,12,0.059480188651140464,0.0035599857600570051,0.055920202891083459,0,2012-01-31,2012-01-31,development
2011-01-31,GLD,12,0.059480188651140464,0.29697574455019948,-0.23749555589905902,0,2012-01-31,2012-01-31,development
2011-01-31,VDE,12,0.059480188651140464,0.019755552579975966,0.039724636071164499,0,2012-01-31,2012-01-31,development
2011-01-31,VGT,12,0.059480188651140464,0.047792322839123047,0.011687865812017417,0,2012-01-31,2012-01-31,development
2011-01-31,VIG,12,0.059480188651140464,0.086592150696231496,-0.027111962045091031,0,2012-01-31,2012-01-31,development
2011-01-31,VMBS,12,0.059480188651140464,0.061084832571861591,-0.0016046439207211272,0,2012-01-31,2012-01-31,development
2011-01-31,VOO,12,0.059480188651140464,0.053379913089924624,0.0061002755612158399,0,2012-01-31,2012-01-31,development
2011-01-31,VWO,12,0.059480188651140464,-0.051601791730058633,0.1110819803811991,0,2012-01-31,2012-01-31,development
2011-02-28,BND,12,0.069453217654325439,0.083096716259801529,-0.01364349860547609,0,2012-02-29,2012-02-29,development
2011-02-28,DBC,12,0.069453217654325439,0.0003370407819345278,0.069116176872390911,0,2012-02-29,2012-02-29,development
2011-02-28,GLD,12,0.069453217654325439,0.25364671286321561,-0.18419349520889017,0,2012-02-29,2012-02-29,development
2011-02-28,VDE,12,0.069453217654325439,-0.0084506731223104037,0.077903890776635842,0,2012-02-29,2012-02-29,development
2011-02-28,VGT,12,0.069453217654325439,0.089264773002074804,-0.019811555347749366,0,2012-02-29,2012-02-29,development
2011-02-28,VIG,12,0.069453217654325439,0.075714256886827869,-0.00626103923250243,0,2012-02-29,2012-02-29,development
2011-02-28,VMBS,12,0.069453217654325439,0.060669565531529468,0.0087836521227959707,0,2012-02-29,2012-02-29,development
2011-02-28,VOO,12,0.069453217654325439,0.055988917984028497,0.013464299670296942,0,2012-02-29,2012-02-29,development
2011-02-28,VWO,12,0.069453217654325439,-0.0098308543873948384,0.079284072041720277,0,2012-02-29,2012-02-29,development
2011-02-28,VXUS,12,0.069453217654325439,-0.056582674182606651,0.12603589183693209,0,2012-02-29,2012-02-29,development
2011-03-31,BND,12,0.1323976765846504,0.07633952888332507,0.056058147701325334,0,2012-03-30,2012-03-30,development
2011-03-31,DBC,12,0.1323976765846504,-0.050131926121372183,0.18252960270602259,0,2012-03-30,2012-03-30,development
2011-03-31,GLD,12,0.1323976765846504,0.16415338216286091,-0.031755705578210502,0,2012-03-30,2012-03-30,development
2011-03-31,VDE,12,0.1323976765846504,-0.069305888615233679,0.20170356519988408,0,2012-03-30,2012-03-30,development
2011-03-31,VGT,12,0.1323976765846504,0.16920505510058614,-0.03680737851593574,0,2012-03-30,2012-03-30,development
2011-03-31,VIG,12,0.1323976765846504,0.089181652619717777,0.043216023964932626,0,2012-03-30,2012-03-30,development
2011-03-31,VMBS,12,0.1323976765846504,0.055833739107489233,0.07656393747716117,0,2012-03-30,2012-03-30,development
2011-03-31,VOO,12,0.1323976765846504,0.094865011227776685,0.037532665356873718,0,2012-03-30,2012-03-30,development
2011-03-31,VWO,12,0.1323976765846504,-0.068934498587570614,0.20133217517222102,0,2012-03-30,2012-03-30,development
2011-03-31,VXUS,12,0.1323976765846504,-0.060731674404361113,0.19312935098901152,0,2012-03-30,2012-03-30,development
2011-04-29,BND,12,-0.0004333119917234729,0.073525501522144099,-0.073958813513867572,0,2012-04-30,2012-04-30,development
2011-04-29,DBC,12,-0.0004333119917234729,-0.11285266457680232,0.11241935258507885,0,2012-04-30,2012-04-30,development
2011-04-29,GLD,12,-0.0004333119917234729,0.059132375139463011,-0.059565687131186484,0,2012-04-30,2012-04-30,development
2011-04-29,VDE,12,-0.0004333119917234729,-0.10820535680609156,0.10777204481436808,0,2012-04-30,2012-04-30,development
2011-04-29,VGT,12,-0.0004333119917234729,0.11679785515690178,-0.11723116714862525,0,2012-04-30,2012-04-30,development
2011-04-29,VIG,12,-0.0004333119917234729,0.04178471386342042,-0.042218025855143892,0,2012-04-30,2012-04-30,development
2011-04-29,VMBS,12,-0.0004333119917234729,0.053443299207762252,-0.053876611199485724,0,2012-04-30,2012-04-30,development
2011-04-29,VOO,12,-0.0004333119917234729,0.051154016225800847,-0.05158732821752432,0,2012-04-30,2012-04-30,development
2011-04-29,VWO,12,-0.0004333119917234729,-0.13662092391304348,0.13618761192132001,0,2012-04-30,2012-04-30,development
2011-04-29,VXUS,12,-0.0004333119917234729,-0.13452607540411987,0.1340927634123964,0,2012-04-30,2012-04-30,development
2011-05-31,BND,12,0.020966080059371173,0.06675505574603724,-0.045788975686666067,0,2012-05-31,2012-05-31,development
2011-05-31,DBC,12,0.020966080059371173,-0.13397606382978711,0.15494214388915828,0,2012-05-31,2012-05-31,development
2011-05-31,GLD,12,0.020966080059371173,0.019906479625918516,0.0010596004334526565,0,2012-05-31,2012-05-31,development
2011-05-31,VDE,12,0.020966080059371173,-0.13624459034859715,0.15721067040796832,0,2012-05-31,2012-05-31,development
2011-05-31,VGT,12,0.020966080059371173,0.052820364693672017,-0.031854284634300845,0,2012-05-31,2012-05-31,development
2011-05-31,VIG,12,0.020966080059371173,0.020938203067613292,2.7876991757880276e-05,0,2012-05-31,2012-05-31,development
2011-05-31,VMBS,12,0.020966080059371173,0.050539574419868671,-0.029573494360497499,0,2012-05-31,2012-05-31,development
2011-05-31,VOO,12,0.020966080059371173,0.01107926847772478,0.0098868115816463931,0,2012-05-31,2012-05-31,development
2011-05-31,VWO,12,0.020966080059371173,-0.20380088638716354,0.22476696644653471,0,2012-05-31,2012-05-31,development
2011-05-31,VXUS,12,0.020966080059371173,-0.19542358923163328,0.21638966929100445,0,2012-05-31,2012-05-31,development
2011-06-30,BND,12,0.03293774319066145,0.06461268427396738,-0.03167494108330593,0,2012-06-29,2012-06-29,development
2011-06-30,DBC,12,0.03293774319066145,-0.088818117480537917,0.12175586067119937,0,2012-06-29,2012-06-29,development
2011-06-30,GLD,12,0.03293774319066145,0.061055654314234875,-0.028117911123573425,0,2012-06-29,2012-06-29,development
2011-06-30,VDE,12,0.03293774319066145,-0.051067412549221647,0.084005155739883097,0,2012-06-29,2012-06-29,development
2011-06-30,VGT,12,0.03293774319066145,0.14697462383431859,-0.11403688064365713,0,2012-06-29,2012-06-29,development
2011-06-30,VIG,12,0.03293774319066145,0.073397220275570163,-0.040459477084908713,0,2012-06-29,2012-06-29,development
2011-06-30,VMBS,12,0.03293774319066145,0.045166306798975153,-0.012228563608313703,0,2012-06-29,2012-06-29,development
2011-06-30,VOO,12,0.03293774319066145,0.096720247551541405,-0.063782504360879955,0,2012-06-29,2012-06-29,development
2011-06-30,VWO,12,0.03293774319066145,-0.12366855837264157,0.15660630156330302,0,2012-06-29,2012-06-29,development
2011-06-30,VXUS,12,0.03293774319066145,-0.10696159561385521,0.13989933880451666,0,2012-06-29,2012-06-29,development
2011-07-29,BND,12,0.024729361575900999,0.068951477698267816,-0.044222116122366817,0,2012-07-31,2012-07-31,development
2011-07-29,DBC,12,0.024729361575900999,-0.094451783355350094,0.11918114493125109,0,2012-07-31,2012-07-31,development
2011-07-29,GLD,12,0.024729361575900999,-0.0047381388590561624,0.029467500434957161,0,2012-07-31,2012-07-31,development
2011-07-29,VDE,12,0.024729361575900999,-0.076807745138148253,0.10153710671404925,0,2012-07-31,2012-07-31,development
2011-07-29,VGT,12,0.024729361575900999,0.10021520247787907,-0.075485840901978074,0,2012-07-31,2012-07-31,development
2011-07-29,VIG,12,0.024729361575900999,0.10155120370523951,-0.076821842129338513,0,2012-07-31,2012-07-31,development
2011-07-29,VMBS,12,0.024729361575900999,0.047440775466171425,-0.022711413890270427,0,2012-07-31,2012-07-31,development
2011-07-29,VOO,12,0.024729361575900999,0.096872803707720889,-0.07214344213181989,0,2012-07-31,2012-07-31,development
2011-07-29,VWO,12,0.024729361575900999,-0.14439255872309609,0.16912192029899709,0,2012-07-31,2012-07-31,development
2011-07-29,VXUS,12,0.024729361575900999,-0.1260432955623263,0.1507726571382273,0,2012-07-31,2012-07-31,development
2011-08-31,BND,12,0.091654970058367313,0.056314249821584061,0.035340720236783252,0,2012-08-31,2012-08-31,development
2011-08-31,DBC,12,0.091654970058367313,-0.027529133592298694,0.11918410365066601,0,2012-08-31,2012-08-31,development
2011-08-31,GLD,12,0.091654970058367313,-0.07466050600101426,0.16631547605938157,0,2012-08-31,2012-08-31,development
2011-08-31,VDE,12,0.091654970058367313,0.091170524196674263,0.00048444586169305026,0,2012-08-31,2012-08-31,development
2011-08-31,VGT,12,0.091654970058367313,0.27919485049295889,-0.18753988043459158,0,2012-08-31,2012-08-31,development
2011-08-31,VIG,12,0.091654970058367313,0.18922500343348103,-0.097570033375113718,0,2012-08-31,2012-08-31,development
2011-08-31,VMBS,12,0.091654970058367313,0.037951984918588533,0.053702985139778781,0,2012-08-31,2012-08-31,development
2011-08-31,VOO,12,0.091654970058367313,0.22452261018564768,-0.13286764012728036,0,2012-08-31,2012-08-31,development
2011-08-31,VWO,12,0.091654970058367313,-0.013117833533653922,0.10477280359202124,0,2012-08-31,2012-08-31,development
2011-08-31,VXUS,12,0.091654970058367313,0.010367543313781535,0.081287426744585778,0,2012-08-31,2012-08-31,development
2011-09-30,BND,12,0.19062165622175198,0.051238024977618091,0.13938363124413389,0,2012-09-28,2012-09-28,development
2011-09-30,DBC,12,0.19062165622175198,0.11378640776699034,0.07683524845476164,0,2012-09-28,2012-09-28,development
2011-09-30,GLD,12,0.19062165622175198,0.087498418322156102,0.10312323789959588,0,2012-09-28,2012-09-28,development
2011-09-30,VDE,12,0.19062165622175198,0.25953075284566274,-0.068909096623910759,0,2012-09-28,2012-09-28,development
2011-09-30,VGT,12,0.19062165622175198,0.30346110766135759,-0.11283945143960561,0,2012-09-28,2012-09-28,development
2011-09-30,VIG,12,0.19062165622175198,0.25099870584722273,-0.060377049625470747,0,2012-09-28,2012-09-28,development
2011-09-30,VMBS,12,0.19062165622175198,0.040528751336256219,0.15009290488549576,0,2012-09-28,2012-09-28,development
2011-09-30,VOO,12,0.19062165622175198,0.30013808753056437,-0.10951643130881239,0,2012-09-28,2012-09-28,development
2011-09-30,VWO,12,0.19062165622175198,0.20652912145237856,-0.015907465230626583,0,2012-09-28,2012-09-28,development
2011-09-30,VXUS,12,0.19062165622175198,0.14998442336366957,0.040637232858082406,0,2012-09-28,2012-09-28,development
2011-10-31,BND,12,0.18240422566223846,0.051868714587477882,0.13053551107476058,0,2012-10-31,2012-10-31,development
2011-10-31,DBC,12,0.18240422566223846,-0.020248667850799373,0.20265289351303784,0,2012-10-31,2012-10-31,development
2011-10-31,GLD,12,0.18240422566223846,-0.021754510081358314,0.20415873574359678,0,2012-10-31,2012-10-31,development
2011-10-31,VDE,12,0.18240422566223846,-0.0061993006754842428,0.1886035263377227,0,2012-10-31,2012-10-31,development
2011-10-31,VGT,12,0.18240422566223846,0.071608838660303098,0.11079538700193536,0,2012-10-31,2012-10-31,development
2011-10-31,VIG,12,0.18240422566223846,0.096906457193943973,0.085497768468294488,0,2012-10-31,2012-10-31,development
2011-10-31,VMBS,12,0.18240422566223846,0.039013689680863273,0.14339053598137519,0,2012-10-31,2012-10-31,development
2011-10-31,VOO,12,0.18240422566223846,0.12254782528896557,0.059856400373272889,0,2012-10-31,2012-10-31,development
2011-10-31,VWO,12,0.18240422566223846,-0.0040762029076957251,0.18648042856993419,0,2012-10-31,2012-10-31,development
2011-10-31,VXUS,12,0.18240422566223846,0.0071663449890229103,0.17523788067321555,0,2012-10-31,2012-10-31,development
2011-11-30,BND,12,0.28704110059212296,0.048661362841637912,0.23837973775048504,0,2012-11-30,2012-11-30,development
2011-11-30,DBC,12,0.28704110059212296,0.054804804804804874,0.23223629578731808,0,2012-11-30,2012-11-30,development
2011-11-30,GLD,12,0.28704110059212296,0.016217870257037914,0.27082323033508504,0,2012-11-30,2012-11-30,development
2011-11-30,VDE,12,0.28704110059212296,0.11802593905054759,0.16901516154157536,0,2012-11-30,2012-11-30,development
2011-11-30,VGT,12,0.28704110059212296,0.20354770031920677,0.083493400272916185,0,2012-11-30,2012-11-30,development
2011-11-30,VIG,12,0.28704110059212296,0.20127924530650509,0.085761855285617861,0,2012-11-30,2012-11-30,development
2011-11-30,VMBS,12,0.28704110059212296,0.033720015604649545,0.25332108498747341,0,2012-11-30,2012-11-30,development
2011-11-30,VOO,12,0.28704110059212296,0.24846576530742515,0.038575335284697809,0,2012-11-30,2012-11-30,development
2011-11-30,VWO,12,0.28704110059212296,0.17632032206135317,0.11072077853076978,0,2012-11-30,2012-11-30,development
2011-11-30,VXUS,12,0.28704110059212296,0.20938136288287423,0.077659737709248722,0,2012-11-30,2012-11-30,development
2011-12-30,BND,12,0.13789225708526787,0.039302017003829404,0.098590240081438463,0,2012-12-31,2012-12-31,development
2011-12-30,DBC,12,0.13789225708526787,0.029433681073025131,0.10845857601224274,0,2012-12-31,2012-12-31,development
2011-12-30,GLD,12,0.13789225708526787,0.056253700901375048,0.081638556183892819,0,2012-12-31,2012-12-31,development
2011-12-30,VDE,12,0.13789225708526787,0.012997029376063507,0.12489522770920436,0,2012-12-31,2012-12-31,development
2011-12-30,VGT,12,0.13789225708526787,0.11699989192207805,0.020892365163189819,0,2012-12-31,2012-12-31,development
2011-12-30,VIG,12,0.13789225708526787,0.10070498715072285,0.03718726993454502,0,2012-12-31,2012-12-31,development
2011-12-30,VMBS,12,0.13789225708526787,0.023889163308857597,0.11400309377641027,0,2012-12-31,2012-12-31,development
2011-12-30,VOO,12,0.13789225708526787,0.14021407187061463,-0.0023218147853467652,0,2012-12-31,2012-12-31,development
2011-12-30,VWO,12,0.13789225708526787,0.1744877924567092,-0.036595535371441335,0,2012-12-31,2012-12-31,development
2011-12-30,VXUS,12,0.13789225708526787,0.16518299596732433,-0.027290738882056464,0,2012-12-31,2012-12-31,development
2012-01-31,BND,12,0.17129158699072788,0.0283217320459066,0.14296985494482128,0,2013-01-31,2013-01-31,development
2012-01-31,DBC,12,0.17129158699072788,-0.0063852429939694755,0.17767682998469736,0,2013-01-31,2013-01-31,development
2012-01-31,GLD,12,0.17129158699072788,-0.049239509972184403,0.22053109696291229,0,2013-01-31,2013-01-31,development
2012-01-31,VDE,12,0.17129158699072788,0.077674379998200704,0.09361720699252718,0,2013-01-31,2013-01-31,development
2012-01-31,VGT,12,0.17129158699072788,0.084459470320155772,0.086832116670572113,0,2013-01-31,2013-01-31,development
2012-01-31,VIG,12,0.17129158699072788,0.15181399233224036,0.019477594658487529,0,2013-01-31,2013-01-31,development
2012-01-31,VMBS,12,0.17129158699072788,0.015272790926144308,0.15601879606458358,0,2013-01-31,2013-01-31,development
2012-01-31,VOO,12,0.17129158699072788,0.16695582493980554,0.0043357620509223427,0,2013-01-31,2013-01-31,development
2012-01-31,VWO,12,0.17129158699072788,0.069027249255796397,0.10226433773493149,0,2013-01-31,2013-01-31,development
2012-01-31,VXUS,12,0.17129158699072788,0.1286487060920154,0.042642880898712487,0,2013-01-31,2013-01-31,development
2012-02-29,BND,12,0.21976209146199754,0.026401581403976859,0.19336051005802068,0,2013-02-28,2013-02-28,development
2012-02-29,DBC,12,0.21976209146199754,-0.070080862533692723,0.28984295399569027,0,2013-02-28,2013-02-28,development
2012-02-29,GLD,12,0.21976209146199754,-0.11183236467302637,0.33159445613502392,0,2013-02-28,2013-02-28,development
2012-02-29,VDE,12,0.21976209146199754,0.018165377668608595,0.20159671379338895,0,2013-02-28,2013-02-28,development
2012-02-29,VGT,12,0.21976209146199754,0.019264818403348372,0.20049727305864917,0,2013-02-28,2013-02-28,development
2012-02-29,VIG,12,0.21976209146199754,0.13269773251450556,0.087064358947491982,0,2013-02-28,2013-02-28,development
2012-02-29,VMBS,12,0.21976209146199754,0.015103029210788099,0.20465906225120944,0,2013-02-28,2013-02-28,development
2012-02-29,VOO,12,0.21976209146199754,0.13539378099745725,0.084368310464540297,0,2013-02-28,2013-02-28,development
2012-02-29,VWO,12,0.21976209146199754,0.0038836390865062409,0.2158784523754913,0,2013-02-28,2013-02-28,development
2012-02-29,VXUS,12,0.21976209146199754,0.064701772952425518,0.15506031850957203,0,2013-02-28,2013-02-28,development
2012-03-30,BND,12,0.15276464118257937,0.035794152338005647,0.11697048884457373,0,2013-03-29,2013-03-29,development
2012-03-30,DBC,12,0.15276464118257937,-0.051736111111111094,0.20450075229369047,0,2013-03-29,2013-03-29,development
2012-03-30,GLD,12,0.15276464118257937,-0.047187268689859452,0.19995190987243883,0,2013-03-29,2013-03-29,development
2012-03-30,VDE,12,0.15276464118257937,0.09805092718900088,0.054713713993578494,0,2013-03-29,2013-03-29,development
2012-03-30,VGT,12,0.15276464118257937,-0.005353226682877521,0.1581178678654569,0,2013-03-29,2013-03-29,development
2012-03-30,VIG,12,0.15276464118257937,0.14901970547653343,0.0037449357060459487,0,2013-03-29,2013-03-29,development
2012-03-30,VMBS,12,0.15276464118257937,0.018440218038125122,0.13432442314445425,0,2013-03-29,2013-03-29,development
2012-03-30,VOO,12,0.15276464118257937,0.13781806650919415,0.014946574673385227,0,2013-03-29,2013-03-29,development
2012-03-30,VWO,12,0.15276464118257937,0.010579804595197473,0.1421848365873819,0,2013-03-29,2013-03-29,development
2012-03-30,VXUS,12,0.15276464118257937,0.085661895645787078,0.067102745536792296,0,2013-03-29,2013-03-29,development
2012-04-30,BND,12,0.23833056839780054,0.035119223534515465,0.20321134486328507,0,2013-04-30,2013-04-30,development
2012-04-30,DBC,12,0.23833056839780054,-0.077031802120141379,0.31536237051794191,0,2013-04-30,2013-04-30,development
2012-04-30,GLD,12,0.23833056839780054,-0.12684347502788451,0.36517404342568505,0,2013-04-30,2013-04-30,development
2012-04-30,VDE,12,0.23833056839780054,0.08508507824594802,0.15324549015185251,0,2013-04-30,2013-04-30,development
2012-04-30,VGT,12,0.23833056839780054,-0.013929732775706527,0.25226030117350706,0,2013-04-30,2013-04-30,development
2012-04-30,VIG,12,0.23833056839780054,0.1570645923033096,0.081265976094490933,0,2013-04-30,2013-04-30,development
2012-04-30,VMBS,12,0.23833056839780054,0.016075353054694874,0.22225521534310566,0,2013-04-30,2013-04-30,development
2012-04-30,VOO,12,0.23833056839780054,0.15285229013223267,0.085478278265567864,0,2013-04-30,2013-04-30,development
2012-04-30,VWO,12,0.23833056839780054,0.026286042629031448,0.21204452576876909,0,2013-04-30,2013-04-30,development
2012-04-30,VXUS,12,0.23833056839780054,0.12321621314220788,0.11511435525559266,0,2013-04-30,2013-04-30,development
2012-05-31,BND,12,0.24727984672118608,0.011799247971667981,0.2354805987495181,0,2013-05-31,2013-05-31,development
2012-05-31,DBC,12,0.24727984672118608,-0.007293666026871426,0.25457351274805751,0,2013-05-31,2013-05-31,development
2012-05-31,GLD,12,0.24727984672118608,-0.12287136494629303,0.37015121166747911,0,2013-05-31,2013-05-31,development
2012-05-31,VDE,12,0.24727984672118608,0.23314722111538044,0.014132625605805638,0,2013-05-31,2013-05-31,development
2012-05-31,VGT,12,0.24727984672118608,0.15600667394933598,0.091273172771850097,0,2013-05-31,2013-05-31,development
2012-05-31,VIG,12,0.24727984672118608,0.23355206767589998,0.013727779045286104,0,2013-05-31,2013-05-31,development
2012-05-31,VMBS,12,0.24727984672118608,-0.00096352757166329184,0.24824337429284937,0,2013-05-31,2013-05-31,development
2012-05-31,VOO,12,0.24727984672118608,0.26551236600707884,-0.018232519285892756,0,2013-05-31,2013-05-31,development
2012-05-31,VWO,12,0.24727984672118608,0.13231803669177356,0.11496181002941253,0,2013-05-31,2013-05-31,development
2012-05-31,VXUS,12,0.24727984672118608,0.2424453418433703,0.0048345048778157818,0,2013-05-31,2013-05-31,development
2012-06-29,BND,12,0.2904319665538293,-0.011181942182497795,0.3016139087363271,0,2013-06-28,2013-06-28,development
2012-06-29,DBC,12,0.2904319665538293,-0.024077669902912602,0.3145096364567419,0,2013-06-28,2013-06-28,development
2012-06-29,GLD,12,0.2904319665538293,-0.23248920677878726,0.52292117333261656,0,2013-06-28,2013-06-28,development
2012-06-29,VDE,12,0.2904319665538293,0.17798576793420517,0.11244619861962413,0,2013-06-28,2013-06-28,development
2012-06-29,VGT,12,0.2904319665538293,0.089422051648047063,0.20100991490578224,0,2013-06-28,2013-06-28,development
2012-06-29,VIG,12,0.2904319665538293,0.19519247044799459,0.095239496105834709,0,2013-06-28,2013-06-28,development
2012-06-29,VMBS,12,0.2904319665538293,-0.014415512451434909,0.30484747900526421,0,2013-06-28,2013-06-28,development
2012-06-29,VOO,12,0.2904319665538293,0.20369978740127004,0.086732179152559263,0,2013-06-28,2013-06-28,development
2012-06-29,VWO,12,0.2904319665538293,0.0083178494219946497,0.28211411713183465,0,2013-06-28,2013-06-28,development
2012-06-29,VXUS,12,0.2904319665538293,0.13181553384641242,0.15861643270741688,0,2013-06-28,2013-06-28,development
2012-07-31,BND,12,0.38993950060862792,-0.016980766181124651,0.40692026678975257,0,2013-07-31,2013-07-31,development
2012-07-31,DBC,12,0.38993950060862792,-0.057257476294675369,0.44719697690330329,0,2013-07-31,2013-07-31,development
2012-07-31,GLD,12,0.38993950060862792,-0.18255681096864285,0.57249631157727077,0,2013-07-31,2013-07-31,development
2012-07-31,VDE,12,0.38993950060862792,0.19057589960331334,0.19936360100531458,0,2013-07-31,2013-07-31,development
2012-07-31,VGT,12,0.38993950060862792,0.13729074673996777,0.25264875386866015,0,2013-07-31,2013-07-31,development
2012-07-31,VIG,12,0.38993950060862792,0.2284769473070718,0.16146255330155612,0,2013-07-31,2013-07-31,development
2012-07-31,VMBS,12,0.38993950060862792,-0.017328479965557197,0.40726798057418512,0,2013-07-31,2013-07-31,development
2012-07-31,VOO,12,0.38993950060862792,0.24700054430000828,0.14293895630861964,0,2013-07-31,2013-07-31,development
2012-07-31,VWO,12,0.38993950060862792,0.029338225404800244,0.36060127520382768,0,2013-07-31,2013-07-31,development
2012-07-31,VXUS,12,0.38993950060862792,0.18380707325556345,0.20613242735306447,0,2013-07-31,2013-07-31,development
2012-08-31,BND,12,0.35737837898993519,-0.029488910104963906,0.38686728909489909,0,2013-08-30,2013-08-30,development
2012-08-31,DBC,12,0.35737837898993519,-0.073984022229940938,0.43136240121987612,0,2013-08-30,2013-08-30,development
2012-08-31,GLD,12,0.35737837898993519,-0.18024601144805741,0.53762439043799259,0,2013-08-30,2013-08-30,development
2012-08-31,VDE,12,0.35737837898993519,0.14934905403289322,0.20802932495704196,0,2013-08-30,2013-08-30,development
2012-08-31,VGT,12,0.35737837898993519,0.082344313514382206,0.27503406547555298,0,2013-08-30,2013-08-30,development
2012-08-31,VIG,12,0.35737837898993519,0.16928815308939282,0.18809022590054236,0,2013-08-30,2013-08-30,development
2012-08-31,VMBS,12,0.35737837898993519,-0.028103653764914638,0.38548203275484982,0,2013-08-30,2013-08-30,development
2012-08-31,VOO,12,0.35737837898993519,0.18418061040561695,0.17319776858431823,0,2013-08-30,2013-08-30,development
2012-08-31,VWO,12,0.35737837898993519,-0.02397332540567354,0.38135170439560873,0,2013-08-30,2013-08-30,development
2012-08-31,VXUS,12,0.35737837898993519,0.12820003423141602,0.22917834475851917,0,2013-08-30,2013-08-30,development
2012-09-28,BND,12,0.39290269779336917,-0.021050999938989956,0.41395369773235913,0,2013-09-30,2013-09-30,development
2012-09-28,DBC,12,0.39290269779336917,-0.097977684797768361,0.49088038259113753,0,2013-09-30,2013-09-30,development
2012-09-28,GLD,12,0.39290269779336917,-0.24969457211007029,0.64259726990343946,0,2013-09-30,2013-09-30,development
2012-09-28,VDE,12,0.39290269779336917,0.14560205483349176,0.24730064295987741,0,2013-09-30,2013-09-30,development
2012-09-28,VGT,12,0.39290269779336917,0.11869988859951497,0.2742028091938542,0,2013-09-30,2013-09-30,development
2012-09-28,VIG,12,0.39290269779336917,0.19925244042866441,0.19365025736470476,0,2013-09-30,2013-09-30,development
2012-09-28,VMBS,12,0.39290269779336917,-0.015620922251825431,0.4085236200451946,0,2013-09-30,2013-09-30,development
2012-09-28,VOO,12,0.39290269779336917,0.20052538807766207,0.1923773097157071,0,2013-09-30,2013-09-30,development
2012-09-28,VWO,12,0.39290269779336917,0.0038095871793792924,0.38909311061398988,0,2013-09-30,2013-09-30,development
2012-09-28,VXUS,12,0.39290269779336917,0.18257415574050428,0.21032854205286489,0,2013-09-30,2013-09-30,development
2012-10-31,BND,12,0.23865561400136714,-0.0081370325298023571,0.2467926465311695,0,2013-10-31,2013-10-31,development
2012-10-31,DBC,12,0.23865561400136714,-0.062364031907178985,0.30101964590854613,0,2013-10-31,2013-10-31,development
2012-10-31,GLD,12,0.23865561400136714,-0.21376484059543177,0.45242045459679892,0,2013-10-31,2013-10-31,development
2012-10-31,VDE,12,0.23865561400136714,0.21605848498126257,0.022597129020104578,0,2013-10-31,2013-10-31,development
2012-10-31,VGT,12,0.23865561400136714,0.22713887787547482,0.011516736125892324,0,2013-10-31,2013-10-31,development
2012-10-31,VIG,12,0.23865561400136714,0.26427616795516506,-0.02562055395379792,0,2013-10-31,2013-10-31,development
2012-10-31,VMBS,12,0.23865561400136714,-0.0051229564046322285,0.24377857040599937,0,2013-10-31,2013-10-31,development
2012-10-31,VOO,12,0.23865561400136714,0.27343616307907737,-0.034780549077710221,0,2013-10-31,2013-10-31,development
2012-10-31,VWO,12,0.23865561400136714,0.047845204399167063,0.19081040960220008,0,2013-10-31,2013-10-31,development
2012-10-31,VXUS,12,0.23865561400136714,0.21347974127017544,0.025175872731191706,0,2013-10-31,2013-10-31,development
2012-11-30,BND,12,0.33081127796188903,-0.016605954392134081,0.34741723235402311,0,2013-11-29,2013-11-29,development
2012-11-30,DBC,12,0.33081127796188903,-0.092170818505338037,0.42298209646722706,0,2013-11-29,2013-11-29,development
2012-11-30,GLD,12,0.33081127796188903,-0.27311050888286659,0.60392178684475561,0,2013-11-29,2013-11-29,development
2012-11-30,VDE,12,0.33081127796188903,0.23640027149580223,0.0944110064660868,0,2013-11-29,2013-11-29,development
2012-11-30,VGT,12,0.33081127796188903,0.25759011412242239,0.073221163839466641,0,2013-11-29,2013-11-29,development
2012-11-30,VIG,12,0.33081127796188903,0.26981708747811006,0.060994190483778965,0,2013-11-29,2013-11-29,development
2012-11-30,VMBS,12,0.33081127796188903,-0.0096635326396731225,0.34047481060156215,0,2013-11-29,2013-11-29,development
2012-11-30,VOO,12,0.33081127796188903,0.30274208809451397,0.028069189867375055,0,2013-11-29,2013-11-29,development
2012-11-30,VWO,12,0.33081127796188903,0.020502741079299502,0.31030853688258953,0,2013-11-29,2013-11-29,development
2012-11-30,VXUS,12,0.33081127796188903,0.18363000371185256,0.14718127425003646,0,2013-11-29,2013-11-29,development
2012-12-31,BND,12,0.31457893192488262,-0.023252715911444288,0.33783164783632691,0,2013-12-31,2013-12-31,development
2012-12-31,DBC,12,0.31457893192488262,-0.064422728917842731,0.37900166084272535,0,2013-12-31,2013-12-31,development
2012-12-31,GLD,12,0.31457893192488262,-0.27046219010838413,0.58504112203326675,0,2013-12-31,2013-12-31,development
2012-12-31,VDE,12,0.31457893192488262,0.28374906571337632,0.030829866211506296,0,2013-12-31,2013-12-31,development
2012-12-31,VGT,12,0.31457893192488262,0.32819663983563485,-0.01361770791075223,0,2013-12-31,2013-12-31,development
2012-12-31,VIG,12,0.31457893192488262,0.30297561482713831,0.011603317097744315,0,2013-12-31,2013-12-31,development
2012-12-31,VMBS,12,0.31457893192488262,-0.015650230918832109,0.33022916284371473,0,2013-12-31,2013-12-31,development
2012-12-31,VOO,12,0.31457893192488262,0.34085846753529325,-0.026279535610410631,0,2013-12-31,2013-12-31,development
2012-12-31,VWO,12,0.31457893192488262,-0.046582947470904745,0.36116187939578737,0,2013-12-31,2013-12-31,development
2012-12-31,VXUS,12,0.31457893192488262,0.15524987087581632,0.1593290610490663,0,2013-12-31,2013-12-31,development
2013-01-31,BND,12,0.068364859663877509,-0.00058437736217908931,0.068949237026056598,0,2014-01-31,2014-01-31,development
2013-01-31,DBC,12,0.068364859663877509,-0.11174580506961806,0.18011066473349557,0,2014-01-31,2014-01-31,development
2013-01-31,GLD,12,0.068364859663877509,-0.25247432306255835,0.32083918272643586,0,2014-01-31,2014-01-31,development
2013-01-31,VDE,12,0.068364859663877509,0.096526677846537678,-0.02816181818266017,0,2014-01-31,2014-01-31,development
2013-01-31,VGT,12,0.068364859663877509,0.24921488639392519,-0.18085002673004769,0,2014-01-31,2014-01-31,development
2013-01-31,VIG,12,0.068364859663877509,0.15039946376104951,-0.082034604097172004,0,2014-01-31,2014-01-31,development
2013-01-31,VMBS,12,0.068364859663877509,0.0065550583131714912,0.061809801350706017,0,2014-01-31,2014-01-31,development
2013-01-31,VOO,12,0.068364859663877509,0.21023468934238809,-0.14186982967851058,0,2014-01-31,2014-01-31,development
2013-01-31,VWO,12,0.068364859663877509,-0.13038744776029765,0.19875230742417516,0,2014-01-31,2014-01-31,development
2013-01-31,VXUS,12,0.068364859663877509,0.056259891331427614,0.012104968332449895,0,2014-01-31,2014-01-31,development
2013-02-28,BND,12,0.030643203883495174,0.004263752501959539,0.026379451381535635,0,2014-02-28,2014-02-28,development
2013-02-28,DBC,12,0.030643203883495174,-0.053260869565217361,0.083904073448712535,0,2014-02-28,2014-02-28,development
2013-02-28,GLD,12,0.030643203883495174,-0.165718768385958,0.19636197226945318,0,2014-02-28,2014-02-28,development
2013-02-28,VDE,12,0.030643203883495174,0.14832051123942569,-0.11767730735593052,0,2014-02-28,2014-02-28,development
2013-02-28,VGT,12,0.030643203883495174,0.30092274873496683,-0.27027954485147165,0,2014-02-28,2014-02-28,development
2013-02-28,VIG,12,0.030643203883495174,0.19860446056893566,-0.16796125668544049,0,2014-02-28,2014-02-28,development
2013-02-28,VMBS,12,0.030643203883495174,0.010029396840157245,0.020613807043337928,0,2014-02-28,2014-02-28,development
2013-02-28,VOO,12,0.030643203883495174,0.25183958995728184,-0.22119638607378667,0,2014-02-28,2014-02-28,development
2013-02-28,VWO,12,0.030643203883495174,-0.084346288191366248,0.11498949207486142,0,2014-02-28,2014-02-28,development
2013-02-28,VXUS,12,0.030643203883495174,0.12683452952866414,-0.096191325645168968,0,2014-02-28,2014-02-28,development
2013-03-29,BND,12,-0.012784507959201941,-0.0021803113444324174,-0.010604196614769523,0,2014-03-31,2014-03-31,development
2013-03-29,DBC,12,-0.012784507959201941,-0.042841450018308191,0.030056942059106251,0,2014-03-31,2014-03-31,development
2013-03-29,GLD,12,-0.012784507959201941,-0.19362983103515241,0.18084532307595047,0,2014-03-31,2014-03-31,development
2013-03-29,VDE,12,-0.012784507959201941,0.15297918718239045,-0.16576369514159239,0,2014-03-31,2014-03-31,development
2013-03-29,VGT,12,-0.012784507959201941,0.2557705260004064,-0.26855503395960834,0,2014-03-31,2014-03-31,development
2013-03-29,VIG,12,-0.012784507959201941,0.15913101510399441,-0.17191552306319635,0,2014-03-31,2014-03-31,development
2013-03-29,VMBS,12,-0.012784507959201941,0.0039790184029162567,-0.016763526362118197,0,2014-03-31,2014-03-31,development
2013-03-29,VOO,12,-0.012784507959201941,0.20975114049413013,-0.22253564845333207,0,2014-03-31,2014-03-31,development
2013-03-29,VWO,12,-0.012784507959201941,-0.032743320843623858,0.019958812884421917,0,2014-03-31,2014-03-31,development
2013-03-29,VXUS,12,-0.012784507959201941,0.11829775854531754,-0.13108226650451948,0,2014-03-31,2014-03-31,development
2013-04-30,BND,12,-0.017496062185455186,-0.0050380045677023144,-0.012458057617752871,0,2014-04-30,2014-04-30,development
2013-04-30,DBC,12,-0.017496062185455186,0.017228177641653852,-0.034724239827109038,0,2014-04-30,2014-04-30,development
2013-04-30,GLD,12,-0.017496062185455186,-0.10985735575899502,0.092361293573539838,0,2014-04-30,2014-04-30,development
2013-04-30,VDE,12,-0.017496062185455186,0.23622518428953398,-0.25372124647498917,0,2014-04-30,2014-04-30,development
2013-04-30,VGT,12,-0.017496062185455186,0.26215715018462626,-0.27965321237008145,0,2014-04-30,2014-04-30,development
2013-04-30,VIG,12,-0.017496062185455186,0.16124868457265618,-0.17874474675811136,0,2014-04-30,2014-04-30,development
2013-04-30,VMBS,12,-0.017496062185455186,0.0057231090132914275,-0.023219171198746613,0,2014-04-30,2014-04-30,development
2013-04-30,VOO,12,-0.017496062185455186,0.20209491273169622,-0.2195909749171514,0,2014-04-30,2014-04-30,development
2013-04-30,VWO,12,-0.017496062185455186,-0.025581376522502364,0.0080853143370471781,0,2014-04-30,2014-04-30,development
2013-04-30,VXUS,12,-0.017496062185455186,0.10725600864179508,-0.12475207082725026,0,2014-04-30,2014-04-30,development
2013-05-31,BND,12,0.021548614890089857,0.025969615515814226,-0.0044210006257243695,0,2014-05-30,2014-05-30,development
2013-05-31,DBC,12,0.021548614890089857,0.006573859242072766,0.014974755648017091,0,2014-05-30,2014-05-30,development
2013-05-31,GLD,12,0.021548614890089857,-0.10073178016726392,0.12228039505735377,0,2014-05-30,2014-05-30,development
2013-05-31,VDE,12,0.021548614890089857,0.2108903066241643,-0.18934169173407445,0,2014-05-30,2014-05-30,development
2013-05-31,VGT,12,0.021548614890089857,0.24163619585680629,-0.22008758096671643,0,2014-05-30,2014-05-30,development
2013-05-31,VIG,12,0.021548614890089857,0.16570247220985923,-0.14415385731976937,0,2014-05-30,2014-05-30,development
2013-05-31,VMBS,12,0.021548614890089857,0.032675078112926359,-0.011126463222836502,0,2014-05-30,2014-05-30,development
2013-05-31,VOO,12,0.021548614890089857,0.20335060760720847,-0.18180199271711861,0,2014-05-30,2014-05-30,development
2013-05-31,VWO,12,0.021548614890089857,0.046690452040190511,-0.025141837150100654,0,2014-05-30,2014-05-30,development
2013-05-31,VXUS,12,0.021548614890089857,0.16066236209130236,-0.1391137472012125,0,2014-05-30,2014-05-30,development
2013-06-28,BND,12,0.033774523489251473,0.043143026835959164,-0.0093685033467076906,0,2014-06-30,2014-06-30,development
2013-06-28,DBC,12,0.033774523489251473,0.064066852367687943,-0.03029232887843647,0,2014-06-30,2014-06-30,development
2013-06-28,GLD,12,0.033774523489251473,0.063386785324490047,-0.029612261835238574,0,2014-06-30,2014-06-30,development
2013-06-28,VDE,12,0.033774523489251473,0.30146955404879638,-0.26769503055954491,0,2014-06-30,2014-06-30,development
2013-06-28,VGT,12,0.033774523489251473,0.31832177533046568,-0.28454725184121421,0,2014-06-30,2014-06-30,development
2013-06-28,VIG,12,0.033774523489251473,0.20043804308932955,-0.16666351960007808,0,2014-06-30,2014-06-30,development
2013-06-28,VMBS,12,0.033774523489251473,0.046436394523314162,-0.012661871034062688,0,2014-06-30,2014-06-30,development
2013-06-28,VOO,12,0.033774523489251473,0.24764869087127939,-0.21387416738202791,0,2014-06-30,2014-06-30,development
2013-06-28,VWO,12,0.033774523489251473,0.14272672199364078,-0.10895219850438931,0,2014-06-30,2014-06-30,development
2013-06-28,VXUS,12,0.033774523489251473,0.22525391970252473,-0.19147939621327326,0,2014-06-30,2014-06-30,development
2013-07-31,BND,12,-0.032099875930520994,0.042014157360888316,-0.074114033291409309,0,2014-07-31,2014-07-31,development
2013-07-31,DBC,12,-0.032099875930520994,-0.0061895551257253878,-0.025910320804795606,0,2014-07-31,2014-07-31,development
2013-07-31,GLD,12,-0.032099875930520994,-0.023210125795931069,-0.0088897501345899244,0,2014-07-31,2014-07-31,development
2013-07-31,VDE,12,-0.032099875930520994,0.22677714625325329,-0.25887702218377429,0,2014-07-31,2014-07-31,development
2013-07-31,VGT,12,-0.032099875930520994,0.29150653744168609,-0.32360641337220708,0,2014-07-31,2014-07-31,development
2013-07-31,VIG,12,-0.032099875930520994,0.13415524904526999,-0.16625512497579098,0,2014-07-31,2014-07-31,development
2013-07-31,VMBS,12,-0.032099875930520994,0.041591208194378115,-0.073691084124899109,0,2014-07-31,2014-07-31,development
2013-07-31,VOO,12,-0.032099875930520994,0.19359720527138324,-0.22569708120190424,0,2014-07-31,2014-07-31,development
2013-07-31,VWO,12,-0.032099875930520994,0.1501905329335127,-0.18229040886403369,0,2014-07-31,2014-07-31,development
2013-07-31,VXUS,12,-0.032099875930520994,0.16367828218458702,-0.19577815811510801,0,2014-07-31,2014-07-31,development
2013-08-30,BND,12,0.038247745023611168,0.058096175253818938,-0.01984843023020777,0,2014-08-29,2014-08-29,development
2013-08-30,DBC,12,0.038247745023611168,-0.061140285071267786,0.099388030094878954,0,2014-08-29,2014-08-29,development
2013-08-30,GLD,12,0.038247745023611168,-0.079928688159263128,0.1181764331828743,0,2014-08-29,2014-08-29,development
2013-08-30,VDE,12,0.038247745023611168,0.24232224569003757,-0.20407450066642641,0,2014-08-29,2014-08-29,development
2013-08-30,VGT,12,0.038247745023611168,0.31997761577601191,-0.28172987075240075,0,2014-08-29,2014-08-29,development
2013-08-30,VIG,12,0.038247745023611168,0.18432797612738661,-0.14608023110377544,0,2014-08-29,2014-08-29,development
2013-08-30,VMBS,12,0.038247745023611168,0.053879341932180136,-0.015631596908568968,0,2014-08-29,2014-08-29,development
2013-08-30,VOO,12,0.038247745023611168,0.25319765839784836,-0.21494991337423719,0,2014-08-29,2014-08-29,development
2013-08-30,VWO,12,0.038247745023611168,0.2351467540799812,-0.19689900905637003,0,2014-08-29,2014-08-29,development
2013-08-30,VXUS,12,0.038247745023611168,0.18867389518405364,-0.15042615016044247,0,2014-08-29,2014-08-29,development
2013-09-30,BND,12,-0.030504652151324807,0.040076493654495504,-0.070581145805820311,0,2014-09-30,2014-09-30,development
2013-09-30,DBC,12,-0.030504652151324807,-0.091998453807499159,0.061493801656174352,0,2014-09-30,2014-09-30,development
2013-09-30,GLD,12,-0.030504652151324807,-0.092347057455222092,0.061842405303897285,0,2014-09-30,2014-09-30,development
2013-09-30,VDE,12,-0.030504652151324807,0.12681632563160572,-0.15732097778293053,0,2014-09-30,2014-09-30,development
2013-09-30,VGT,12,-0.030504652151324807,0.24686451932188769,-0.27736917147321249,0,2014-09-30,2014-09-30,development
2013-09-30,VIG,12,-0.030504652151324807,0.12973017249848673,-0.16023482464981154,0,2014-09-30,2014-09-30,development
2013-09-30,VMBS,12,-0.030504652151324807,0.035999666851796119,-0.066504319003120926,0,2014-09-30,2014-09-30,development
2013-09-30,VOO,12,-0.030504652151324807,0.19473127534043932,-0.22523592749176413,0,2014-09-30,2014-09-30,development
2013-09-30,VWO,12,-0.030504652151324807,0.07925838796331619,-0.109763040114641,0,2014-09-30,2014-09-30,development
2013-09-30,VXUS,12,-0.030504652151324807,0.055629840621979509,-0.086134492773304316,0,2014-09-30,2014-09-30,development
2013-10-31,BND,12,0.038749313982559874,0.035609725233441081,0.0031395887491187935,0,2014-10-31,2014-10-31,development
2013-10-31,DBC,12,0.038749313982559874,-0.13689095127610207,0.17564026525866194,0,2014-10-31,2014-10-31,development
2013-10-31,GLD,12,0.038749313982559874,-0.136440288210946,0.17518960219350588,0,2014-10-31,2014-10-31,development
2013-10-31,VDE,12,0.038749313982559874,0.027426933077011162,0.011322380905548712,0,2014-10-31,2014-10-31,development
2013-10-31,VGT,12,0.038749313982559874,0.23135086066110278,-0.1926015466785429,0,2014-10-31,2014-10-31,development
2013-10-31,VIG,12,0.038749313982559874,0.11184114936502043,-0.073091835382460557,0,2014-10-31,2014-10-31,development
2013-10-31,VMBS,12,0.038749313982559874,0.037575327811971482,0.0011739861705883925,0,2014-10-31,2014-10-31,development
2013-10-31,VOO,12,0.038749313982559874,0.16943258393949101,-0.13068326995693114,0,2014-10-31,2014-10-31,development
2013-10-31,VWO,12,0.038749313982559874,0.040817837878670327,-0.0020685238961104524,0,2014-10-31,2014-10-31,development
2013-10-31,VXUS,12,0.038749313982559874,0.0068650731449650948,0.031884240837594779,0,2014-10-31,2014-10-31,development
2013-11-29,BND,12,0.014621807976161527,0.050779260054011122,-0.036157452077849594,0,2014-11-28,2014-11-28,development
2013-11-29,DBC,12,0.014621807976161527,-0.1995295962367698,0.21415140421293133,0,2014-11-28,2014-11-28,development
2013-11-29,GLD,12,0.014621807976161527,-0.071168185584092769,0.085789993560254296,0,2014-11-28,2014-11-28,development
2013-11-29,VDE,12,0.014621807976161527,-0.069368774006378531,0.083990581982540058,0,2014-11-28,2014-11-28,development
2013-11-29,VGT,12,0.014621807976161527,0.24937696430674627,-0.23475515633058475,0,2014-11-28,2014-11-28,development
2013-11-29,VIG,12,0.014621807976161527,0.12098799601731569,-0.10636618804115416,0,2014-11-28,2014-11-28,development
2013-11-29,VMBS,12,0.014621807976161527,0.053215184200782195,-0.038593376224620668,0,2014-11-28,2014-11-28,development
2013-11-29,VOO,12,0.014621807976161527,0.16904847086359953,-0.154426662887438,0,2014-11-28,2014-11-28,development
2013-11-29,VWO,12,0.014621807976161527,0.045227304987071726,-0.030605497010910199,0,2014-11-28,2014-11-28,development
2013-11-29,VXUS,12,0.014621807976161527,0.0057687840355937769,0.0088530239405677502,0,2014-11-28,2014-11-28,development
2013-12-31,BND,12,0.038016730817355349,0.056082569550212513,-0.018065838732857165,0,2014-12-31,2014-12-31,development
2013-12-31,DBC,12,0.038016730817355349,-0.27311411992263068,0.31113085073998603,0,2014-12-31,2014-12-31,development
2013-12-31,GLD,12,0.038016730817355349,-0.019552595628415381,0.05756932644577073,0,2014-12-31,2014-12-31,development
2013-12-31,VDE,12,0.038016730817355349,-0.087883704399918994,0.12590043521727434,0,2014-12-31,2014-12-31,development
2013-12-31,VGT,12,0.038016730817355349,0.21464427354039328,-0.17662754272303793,0,2014-12-31,2014-12-31,development
2013-12-31,VIG,12,0.038016730817355349,0.11952101845518648,-0.08150428763783113,0,2014-12-31,2014-12-31,development
2013-12-31,VMBS,12,0.038016730817355349,0.058742246476844118,-0.020725515659488769,0,2014-12-31,2014-12-31,development
2013-12-31,VOO,12,0.038016730817355349,0.15692772439177705,-0.1189109935744217,0,2014-12-31,2014-12-31,development
2013-12-31,VWO,12,0.038016730817355349,0.011171266727690865,0.026845464089664484,0,2014-12-31,2014-12-31,development
2013-12-31,VXUS,12,0.038016730817355349,-0.021590031146232702,0.059606761963588051,0,2014-12-31,2014-12-31,development
2014-01-31,BND,12,0.11660929432013778,0.067009421184687223,0.049599873135450556,0,2015-01-30,2015-01-30,development
2014-01-31,DBC,12,0.11660929432013778,-0.30064308681672036,0.41725238113685814,0,2015-01-30,2015-01-30,development
2014-01-31,GLD,12,0.11660929432013778,0.027979015738196278,0.088630278581941502,0,2015-01-30,2015-01-30,development
2014-01-31,VDE,12,0.11660929432013778,-0.086427248913719001,0.20303654323385678,0,2015-01-30,2015-01-30,development
2014-01-31,VGT,12,0.11660929432013778,0.16599181664524543,-0.049382522325107647,0,2015-01-30,2015-01-30,development
2014-01-31,VIG,12,0.11660929432013778,0.11971477952407139,-0.0031054852039336112,0,2015-01-30,2015-01-30,development
2014-01-31,VMBS,12,0.11660929432013778,0.050361117174571035,0.066248177145566745,0,2015-01-30,2015-01-30,development
2014-01-31,VOO,12,0.11660929432013778,0.14324046336868812,-0.026631169048550341,0,2015-01-30,2015-01-30,development
2014-01-31,VWO,12,0.11660929432013778,0.088973381667137419,0.027635912653000361,0,2015-01-30,2015-01-30,development
2014-01-31,VXUS,12,0.11660929432013778,0.0094021436901858824,0.1072071506299519,0,2015-01-30,2015-01-30,development
2014-02-28,BND,12,0.11697469219869538,0.048140417047732198,0.068834275150963187,0,2015-02-27,2015-02-27,development
2014-02-28,DBC,12,0.11697469219869538,-0.30463069269039411,0.4216053848890895,0,2015-02-27,2015-02-27,development
2014-02-28,GLD,12,0.11697469219869538,-0.08979783732957225,0.20677252952826763,0,2015-02-27,2015-02-27,development
2014-02-28,VDE,12,0.11697469219869538,-0.092171268588275623,0.20914596078697101,0,2015-02-27,2015-02-27,development
2014-02-28,VGT,12,0.11697469219869538,0.20459892418656511,-0.087624231987869727,0,2015-02-27,2015-02-27,development
2014-02-28,VIG,12,0.11697469219869538,0.12706037379264723,-0.010085681593951845,0,2015-02-27,2015-02-27,development
2014-02-28,VMBS,12,0.11697469219869538,0.043499893142356916,0.073474799056338469,0,2015-02-27,2015-02-27,development
2014-02-28,VOO,12,0.11697469219869538,0.15432709623833119,-0.0373524040396358,0,2015-02-27,2015-02-27,development
2014-02-28,VWO,12,0.11697469219869538,0.10393413507595173,0.013040557122743657,0,2015-02-27,2015-02-27,development
2014-02-28,VXUS,12,0.11697469219869538,0.011184593275816335,0.10579009892287905,0,2015-02-27,2015-02-27,development
2014-03-31,BND,12,0.15699577200653714,0.053238230243575657,0.10375754176296148,0,2015-03-31,2015-03-31,development
2014-03-31,DBC,12,0.15699577200653714,-0.34276970160673303,0.49976547361327017,0,2015-03-31,2015-03-31,development
2014-03-31,GLD,12,0.15699577200653714,-0.076268464996788743,0.23326423700332588,0,2015-03-31,2015-03-31,development
2014-03-31,VDE,12,0.15699577200653714,-0.14162947898689604,0.29862525099343318,0,2015-03-31,2015-03-31,development
2014-03-31,VGT,12,0.15699577200653714,0.18197565412591143,-0.024979882119374297,0,2015-03-31,2015-03-31,development
2014-03-31,VIG,12,0.15699577200653714,0.098462350643461205,0.058533421363075933,0,2015-03-31,2015-03-31,development
2014-03-31,VMBS,12,0.15699577200653714,0.05112204077972371,0.10587373122681343,0,2015-03-31,2015-03-31,development
2014-03-31,VOO,12,0.15699577200653714,0.13186349899337024,0.025132273013166895,0,2015-03-31,2015-03-31,development
2014-03-31,VWO,12,0.15699577200653714,0.020989826906619324,0.13600594509991781,0,2015-03-31,2015-03-31,development
2014-03-31,VXUS,12,0.15699577200653714,0.0038854369681942114,0.15311033503834293,0,2015-03-31,2015-03-31,development
2014-04-30,BND,12,0.15890135668473571,0.051700419855476465,0.10720093682925924,0,2015-04-30,2015-04-30,development
2014-04-30,DBC,12,0.15890135668473571,-0.32254422280767781,0.48144557949241351,0,2015-04-30,2015-04-30,development
2014-04-30,GLD,12,0.15890135668473571,-0.09870047038188634,0.25760182706662205,0,2015-04-30,2015-04-30,development
2014-04-30,VDE,12,0.15890135668473571,-0.11845013963950335,0.27735149632423906,0,2015-04-30,2015-04-30,development
2014-04-30,VGT,12,0.15890135668473571,0.24486213462259054,-0.085960777937854838,0,2015-04-30,2015-04-30,development
2014-04-30,VIG,12,0.15890135668473571,0.10687892470881977,0.052022431975915939,0,2015-04-30,2015-04-30,development
2014-04-30,VMBS,12,0.15890135668473571,0.050254627703136601,0.10864672898159911,0,2015-04-30,2015-04-30,development
2014-04-30,VOO,12,0.15890135668473571,0.15905743921083126,-0.00015608252609555784,0,2015-04-30,2015-04-30,development
2014-04-30,VWO,12,0.15890135668473571,0.13285216213381723,0.026049194550918475,0,2015-04-30,2015-04-30,development
2014-04-30,VXUS,12,0.15890135668473571,0.048881386332338739,0.11001997035239697,0,2015-04-30,2015-04-30,development
2014-05-30,BND,12,0.12117283229296305,0.027848188174730781,0.093324644118232269,0,2015-05-29,2015-05-29,development
2014-05-30,DBC,12,0.12117283229296305,-0.31963119477525925,0.4408040270682223,0,2015-05-29,2015-05-29,development
2014-05-30,GLD,12,0.12117283229296305,-0.052561654072905473,0.17373448636586852,0,2015-05-29,2015-05-29,development
2014-05-30,VDE,12,0.12117283229296305,-0.17033057595662093,0.29150340824958398,0,2015-05-29,2015-05-29,development
2014-05-30,VGT,12,0.12117283229296305,0.19163800360396244,-0.070465171310999386,0,2015-05-29,2015-05-29,development
2014-05-30,VIG,12,0.12117283229296305,0.072759708181213245,0.048413124111749806,0,2015-05-29,2015-05-29,development
2014-05-30,VMBS,12,0.12117283229296305,0.033069287590275831,0.08810354470268722,0,2015-05-29,2015-05-29,development
2014-05-30,VOO,12,0.12117283229296305,0.11788664756995804,0.0032861847230050145,0,2015-05-29,2015-05-29,development
2014-05-30,VWO,12,0.12117283229296305,0.029244761746936021,0.09192807054602703,0,2015-05-29,2015-05-29,development
2014-05-30,VXUS,12,0.12117283229296305,-0.0026661657631104063,0.12383899805607346,0,2015-05-29,2015-05-29,development
2014-06-30,BND,12,0.15078663060242836,0.012309934553517587,0.13847669604891077,0,2015-06-30,2015-06-30,development
2014-06-30,DBC,12,0.15078663060242836,-0.33807030665669402,0.48885693725912238,0,2015-06-30,2015-06-30,development
2014-06-30,GLD,12,0.15078663060242836,-0.11132164850781612,0.26210827911024448,0,2015-06-30,2015-06-30,development
2014-06-30,VDE,12,0.15078663060242836,-0.23084083758525842,0.38162746818768678,0,2015-06-30,2015-06-30,development
2014-06-30,VGT,12,0.15078663060242836,0.13712822492921473,0.013658405673213636,0,2015-06-30,2015-06-30,development
2014-06-30,VIG,12,0.15078663060242836,0.050752950634052718,0.10003367996837564,0,2015-06-30,2015-06-30,development
2014-06-30,VMBS,12,0.15078663060242836,0.020097744653784888,0.13068888594864347,0,2015-06-30,2015-06-30,development
2014-06-30,VOO,12,0.15078663060242836,0.093741128136488383,0.057045502465939979,0,2015-06-30,2015-06-30,development
2014-06-30,VWO,12,0.15078663060242836,-0.020452398034452757,0.17123902863688112,0,2015-06-30,2015-06-30,development
2014-06-30,VXUS,12,0.15078663060242836,-0.019915092915663735,0.1707017235180921,0,2015-06-30,2015-06-30,development
2014-07-31,BND,12,0.29419249184164231,0.022989465097507988,0.27120302674413432,0,2015-07-31,2015-07-31,development
2014-07-31,DBC,12,0.29419249184164231,-0.38769949396652392,0.68189198580816623,0,2015-07-31,2015-07-31,development
2014-07-31,GLD,12,0.29419249184164231,-0.16583857350684861,0.46003106534849092,0,2015-07-31,2015-07-31,development
2014-07-31,VDE,12,0.29419249184164231,-0.30449601710743324,0.59868850894907555,0,2015-07-31,2015-07-31,development
2014-07-31,VGT,12,0.29419249184164231,0.10826311396270838,0.18592937787893393,0,2015-07-31,2015-07-31,development
2014-07-31,VIG,12,0.29419249184164231,0.056092660930646243,0.23809983091099607,0,2015-07-31,2015-07-31,development
2014-07-31,VMBS,12,0.29419249184164231,0.032317474360536114,0.2618750174811062,0,2015-07-31,2015-07-31,development
2014-07-31,VOO,12,0.29419249184164231,0.085863622825322894,0.20832886901631942,0,2015-07-31,2015-07-31,development
2014-07-31,VWO,12,0.29419249184164231,-0.12448316963692274,0.41867566147856505,0,2015-07-31,2015-07-31,development
2014-07-31,VXUS,12,0.29419249184164231,-0.056105212273702354,0.35029770411534467,0,2015-07-31,2015-07-31,development
2014-08-29,BND,12,0.23279843947577961,0.014651808710180347,0.21814663076559926,0,2015-08-31,2015-08-31,development
2014-08-29,DBC,12,0.23279843947577961,-0.38793447862564923,0.62073291810142883,0,2015-08-31,2015-08-31,development
2014-08-29,GLD,12,0.23279843947577961,-0.12239625383497499,0.35519469331075459,0,2015-08-31,2015-08-31,development
2014-08-29,VDE,12,0.23279843947577961,-0.33545554980377845,0.56825398927955806,0,2015-08-31,2015-08-31,development
2014-08-29,VGT,12,0.23279843947577961,0.028800424193818897,0.20399801528196071,0,2015-08-31,2015-08-31,development
2014-08-29,VIG,12,0.23279843947577961,-0.0038828436842620606,0.23668128316004167,0,2015-08-31,2015-08-31,development
2014-08-29,VMBS,12,0.23279843947577961,0.026609250869298107,0.2061891886064815,0,2015-08-31,2015-08-31,development
2014-08-29,VOO,12,0.23279843947577961,0.013146529203105661,0.21965191027267394,0,2015-08-31,2015-08-31,development
2014-08-29,VWO,12,0.23279843947577961,-0.21795618412815798,0.45075462360393759,0,2015-08-31,2015-08-31,development
2014-08-29,VXUS,12,0.23279843947577961,-0.11169467778419151,0.34449311725997112,0,2015-08-31,2015-08-31,development
2014-09-30,BND,12,0.23648906971077066,0.022973326728410015,0.21351574298236065,0,2015-09-30,2015-09-30,development
2014-09-30,DBC,12,0.23648906971077066,-0.35504469987228604,0.5915337695830567,0,2015-09-30,2015-09-30,development
2014-09-30,GLD,12,0.23648906971077066,-0.061934050914061123,0.29842312062483178,0,2015-09-30,2015-09-30,development
2014-09-30,VDE,12,0.23648906971077066,-0.32588782010822059,0.56237688981899125,0,2015-09-30,2015-09-30,development
2014-09-30,VGT,12,0.23648906971077066,0.028796440322851558,0.2076926293879191,0,2015-09-30,2015-09-30,development
2014-09-30,VIG,12,0.23648906971077066,-0.026513577806680177,0.26300264751745084,0,2015-09-30,2015-09-30,development
2014-09-30,VMBS,12,0.23648906971077066,0.032200316691868514,0.20428875301890215,0,2015-09-30,2015-09-30,development
2014-09-30,VOO,12,0.23648906971077066,-0.0059087538136353146,0.24239782352440598,0,2015-09-30,2015-09-30,development
2014-09-30,VWO,12,0.23648906971077066,-0.20867140165810805,0.44516047136887871,0,2015-09-30,2015-09-30,development
2014-09-30,VXUS,12,0.23648906971077066,-0.1213562097744797,0.35784527948525036,0,2015-09-30,2015-09-30,development
2014-10-31,BND,12,0.28762066975564671,0.022445825649680451,0.26517484410596626,0,2015-10-30,2015-10-30,development
2014-10-31,DBC,12,0.28762066975564671,-0.31899641577060944,0.60661708552625615,0,2015-10-30,2015-10-30,development
2014-10-31,GLD,12,0.28762066975564671,-0.02982424995561872,0.31744491971126543,0,2015-10-30,2015-10-30,development
2014-10-31,VDE,12,0.28762066975564671,-0.21684226294370701,0.50446293269935372,0,2015-10-30,2015-10-30,development
2014-10-31,VGT,12,0.28762066975564671,0.10583761840193939,0.18178305135370731,0,2015-10-30,2015-10-30,development
2014-10-31,VIG,12,0.28762066975564671,0.019379572668401845,0.26824109708724486,0,2015-10-30,2015-10-30,development
2014-10-31,VMBS,12,0.28762066975564671,0.026574034251390932,0.26104663550425578,0,2015-10-30,2015-10-30,development
2014-10-31,VOO,12,0.28762066975564671,0.051824446439510563,0.23579622331613614,0,2015-10-30,2015-10-30,development
2014-10-31,VWO,12,0.28762066975564671,-0.15879677159638939,0.44641744135203609,0,2015-10-30,2015-10-30,development
2014-10-31,VXUS,12,0.28762066975564671,-0.050864303409621447,0.33848497316526815,0,2015-10-30,2015-10-30,development
2014-11-28,BND,12,0.17264725171811834,0.0084162907576799117,0.16423096096043843,0,2015-11-30,2015-11-30,development
2014-11-28,DBC,12,0.17264725171811834,-0.30068560235063679,0.47333285406875514,0,2015-11-30,2015-11-30,development
2014-11-28,GLD,12,0.17264725171811834,-0.096869146374096826,0.26951639809221517,0,2015-11-30,2015-11-30,development
2014-11-28,VDE,12,0.17264725171811834,-0.14327861158675059,0.31592586330486894,0,2015-11-30,2015-11-30,development
2014-11-28,VGT,12,0.17264725171811834,0.064237745865223239,0.1084095058528951,0,2015-11-30,2015-11-30,development
2014-11-28,VIG,12,0.17264725171811834,-0.0038459899388825214,0.17649324165700087,0,2015-11-30,2015-11-30,development
2014-11-28,VMBS,12,0.17264725171811834,0.014302141495114329,0.15834511022300402,0,2015-11-30,2015-11-30,development
2014-11-28,VOO,12,0.17264725171811834,0.032136428467591571,0.14051082325052677,0,2015-11-30,2015-11-30,development
2014-11-28,VWO,12,0.17264725171811834,-0.1701730330531448,0.34282028477126314,0,2015-11-30,2015-11-30,development
2014-11-28,VXUS,12,0.17264725171811834,-0.058962792590497859,0.2316100443086162,0,2015-11-30,2015-11-30,development
2014-12-31,BND,12,0.20847436081262982,0.0087543408954839919,0.19972001991714583,0,2015-12-31,2015-12-31,development
2014-12-31,DBC,12,0.20847436081262982,-0.28898350186269284,0.49745786267532266,0,2015-12-31,2015-12-31,development
2014-12-31,GLD,12,0.20847436081262982,-0.11643298789514944,0.32490734870777926,0,2015-12-31,2015-12-31,development
2014-12-31,VDE,12,0.20847436081262982,-0.24143341770950666,0.44990777852213648,0,2015-12-31,2015-12-31,development
2014-12-31,VGT,12,0.20847436081262982,0.026656180939450769,0.18181817987317905,0,2015-12-31,2015-12-31,development
2014-12-31,VIG,12,0.20847436081262982,-0.032909591067086574,0.2413839518797164,0,2015-12-31,2015-12-31,development
2014-12-31,VMBS,12,0.20847436081262982,0.01739689983770365,0.19107746097492617,0,2015-12-31,2015-12-31,development
2014-12-31,VOO,12,0.20847436081262982,-0.0014365515135125184,0.20991091232614234,0,2015-12-31,2015-12-31,development
2014-12-31,VWO,12,0.20847436081262982,-0.15853476561052016,0.36700912642314998,0,2015-12-31,2015-12-31,development
2014-12-31,VXUS,12,0.20847436081262982,-0.058819288408380799,0.26729364922101062,0,2015-12-31,2015-12-31,development
2015-01-30,BND,12,0.23608280337539567,-0.0062398660231119951,0.24232266939850766,0,2016-01-29,2016-01-29,development
2015-01-30,DBC,12,0.23608280337539567,-0.26551724137931032,0.50160004475470599,0,2016-01-29,2016-01-29,development
2015-01-30,GLD,12,0.23608280337539567,-0.13366383151073302,0.36974663488612869,0,2016-01-29,2016-01-29,development
2015-01-30,VDE,12,0.23608280337539567,-0.22394276480945363,0.4600255681848493,0,2016-01-29,2016-01-29,development
2015-01-30,VGT,12,0.23608280337539567,0.024642012669982005,0.21144079070541366,0,2016-01-29,2016-01-29,development
2015-01-30,VIG,12,0.23608280337539567,-0.0084141108380061391,0.24449691421340181,0,2016-01-29,2016-01-29,development
2015-01-30,VMBS,12,0.23608280337539567,0.01915595886198429,0.21692684451341138,0,2016-01-29,2016-01-29,development
2015-01-30,VOO,12,0.23608280337539567,-0.0081335197525749248,0.24421632312797059,0,2016-01-29,2016-01-29,development
2015-01-30,VWO,12,0.23608280337539567,-0.20491205933314871,0.44099486270854438,0,2016-01-29,2016-01-29,development
2015-01-30,VXUS,12,0.23608280337539567,-0.096559465755823304,0.33264226913121897,0,2016-01-29,2016-01-29,development
2015-02-27,BND,12,0.23912357463414669,0.014873163030551417,0.22425041160359527,0,2016-02-29,2016-02-29,development
2015-02-27,DBC,12,0.23912357463414669,-0.30709961474958725,0.54622318938373393,0,2016-02-29,2016-02-29,development
2015-02-27,GLD,12,0.23912357463414669,0.0081783746556474135,0.23094519997849927,0,2016-02-29,2016-02-29,development
2015-02-27,VDE,12,0.23912357463414669,-0.27015867804548099,0.50928225267962768,0,2016-02-29,2016-02-29,development
2015-02-27,VGT,12,0.23912357463414669,-0.05797386559734774,0.29709744023149443,0,2016-02-29,2016-02-29,development
2015-02-27,VIG,12,0.23912357463414669,-0.043068795207639732,0.28219236984178642,0,2016-02-29,2016-02-29,development
2015-02-27,VMBS,12,0.23912357463414669,0.024558122330669896,0.21456545230347679,0,2016-02-29,2016-02-29,development
2015-02-27,VOO,12,0.23912357463414669,-0.054049648105317649,0.29317322273946433,0,2016-02-29,2016-02-29,development
2015-02-27,VWO,12,0.23912357463414669,-0.24743770889276451,0.48656128352691119,0,2016-02-29,2016-02-29,development
2015-02-27,VXUS,12,0.23912357463414669,-0.1639221488112671,0.40304572344541378,0,2016-02-29,2016-02-29,development
2015-03-31,BND,12,0.32443151106178347,0.014950760084292192,0.30948075097749128,0,2016-03-31,2016-03-31,development
2015-03-31,DBC,12,0.32443151106178347,-0.22293364377182767,0.54736515483361114,0,2016-03-31,2016-03-31,development
2015-03-31,GLD,12,0.32443151106178347,0.011037719450721406,0.31339379161106207,0,2016-03-31,2016-03-31,development
2015-03-31,VDE,12,0.32443151106178347,-0.177592818469124,0.50202432953090748,0,2016-03-31,2016-03-31,development
2015-03-31,VGT,12,0.32443151106178347,0.031137622087775707,0.29329388897400777,0,2016-03-31,2016-03-31,development
2015-03-31,VIG,12,0.32443151106178347,0.022129527659857873,0.3023019834019256,0,2016-03-31,2016-03-31,development
2015-03-31,VMBS,12,0.32443151106178347,0.0187076127249306,0.30572389833685287,0,2016-03-31,2016-03-31,development
2015-03-31,VOO,12,0.32443151106178347,0.0092915315320569736,0.3151399795297265,0,2016-03-31,2016-03-31,development
2015-03-31,VWO,12,0.32443151106178347,-0.13114664243557705,0.45557815349736053,0,2016-03-31,2016-03-31,development
2015-03-31,VXUS,12,0.32443151106178347,-0.10690985415788756,0.43134136521967104,0,2016-03-31,2016-03-31,development
2015-04-30,BND,12,0.24819695606850356,0.020309097272295684,0.22788785879620788,0,2016-04-29,2016-04-29,development
2015-04-30,DBC,12,0.24819695606850356,-0.19000000000000006,0.43819695606850362,0,2016-04-29,2016-04-29,development
2015-04-30,GLD,12,0.24819695606850356,0.093763821318000984,0.15443313475050258,0,2016-04-29,2016-04-29,development
2015-04-30,VDE,12,0.24819695606850356,-0.15056489421078523,0.39876185027928879,0,2016-04-29,2016-04-29,development
2015-04-30,VGT,12,0.24819695606850356,-0.032906577357607381,0.28110353342611094,0,2016-04-29,2016-04-29,development
2015-04-30,VIG,12,0.24819695606850356,0.015246640227870811,0.23295031584063275,0,2016-04-29,2016-04-29,development
2015-04-30,VMBS,12,0.24819695606850356,0.020278012664566081,0.22791894340393748,0,2016-04-29,2016-04-29,development
2015-04-30,VOO,12,0.24819695606850356,-0.0036903768474740861,0.25188733291597765,0,2016-04-29,2016-04-29,development
2015-04-30,VWO,12,0.24819695606850356,-0.19459993747477577,0.44279689354327934,0,2016-04-29,2016-04-29,development
2015-04-30,VXUS,12,0.24819695606850356,-0.11724001319053767,0.36543696925904123,0,2016-04-29,2016-04-29,development
2015-05-29,BND,12,0.25073316752011698,0.030509165318946208,0.22022400220117078,0,2016-05-31,2016-05-31,development
2015-05-29,DBC,12,0.25073316752011698,-0.16431394692264256,0.41504711444275955,0,2016-05-31,2016-05-31,development
2015-05-29,GLD,12,0.25073316752011698,0.013321647677476012,0.23741151984264097,0,2016-05-31,2016-05-31,development
2015-05-29,VDE,12,0.25073316752011698,-0.12664952006083308,0.37738268758095006,0,2016-05-31,2016-05-31,development
2015-05-29,VGT,12,0.25073316752011698,0.010120253717069261,0.24061291380304772,0,2016-05-31,2016-05-31,development
2015-05-29,VIG,12,0.25073316752011698,0.03412371660320912,0.21660945091690786,0,2016-05-31,2016-05-31,development
2015-05-29,VMBS,12,0.25073316752011698,0.027151717038877532,0.22358145048123945,0,2016-05-31,2016-05-31,development
2015-05-29,VOO,12,0.25073316752011698,0.017572038628379749,0.23316112889173723,0,2016-05-31,2016-05-31,development
2015-05-29,VWO,12,0.25073316752011698,-0.17995643562441066,0.43068960314452764,0,2016-05-31,2016-05-31,development
2015-05-29,VXUS,12,0.25073316752011698,-0.10531897868275508,0.35605214620287207,0,2016-05-31,2016-05-31,development
2015-06-30,BND,12,0.1504386169491525,0.060656556232024483,0.08978206071712802,0,2016-06-30,2016-06-30,development
2015-06-30,DBC,12,0.1504386169491525,-0.15197740112994351,0.30241601807909602,0,2016-06-30,2016-06-30,development
2015-06-30,GLD,12,0.1504386169491525,0.11949182658137891,0.030946790367773591,0,2016-06-30,2016-06-30,development
2015-06-30,VDE,12,0.1504386169491525,-0.10532485771679945,0.25576347466595195,0,2016-06-30,2016-06-30,development
2015-06-30,VGT,12,0.1504386169491525,-0.015222533523744697,0.1656611504728972,0,2016-06-30,2016-06-30,development
2015-06-30,VIG,12,0.1504386169491525,0.028430183424332345,0.12200843352482016,0,2016-06-30,2016-06-30,development
2015-06-30,VMBS,12,0.1504386169491525,0.042971066204882336,0.10746755074427017,0,2016-06-30,2016-06-30,development
2015-06-30,VOO,12,0.1504386169491525,-0.009386061785788713,0.15982467873494122,0,2016-06-30,2016-06-30,development
2015-06-30,VWO,12,0.1504386169491525,-0.16638007579697978,0.31681869274613228,0,2016-06-30,2016-06-30,development
2015-06-30,VXUS,12,0.1504386169491525,-0.14904003206515537,0.29947864901430787,0,2016-06-30,2016-06-30,development
2015-07-31,BND,12,0.096197122098360621,0.061082346331265081,0.035114775767095541,0,2016-07-29,2016-07-29,development
2015-07-31,DBC,12,0.096197122098360621,-0.0921805467260014,0.18837766882436202,0,2016-07-29,2016-07-29,development
2015-07-31,GLD,12,0.096197122098360621,0.22920041932717039,-0.13300329722880977,0,2016-07-29,2016-07-29,development
2015-07-31,VDE,12,0.096197122098360621,-0.0040746747937528971,0.10027179689211352,0,2016-07-29,2016-07-29,development
2015-07-31,VGT,12,0.096197122098360621,0.082144693455246998,0.014052428643113624,0,2016-07-29,2016-07-29,development
2015-07-31,VIG,12,0.096197122098360621,0.084857503920251709,0.011339618178108912,0,2016-07-29,2016-07-29,development
2015-07-31,VMBS,12,0.096197122098360621,0.035824663567764814,0.060372458530595807,0,2016-07-29,2016-07-29,development
2015-07-31,VOO,12,0.096197122098360621,0.055249228201534883,0.040947893896825738,0,2016-07-29,2016-07-29,development
2015-07-31,VWO,12,0.096197122098360621,-0.0072221768661046015,0.10341929896446522,0,2016-07-29,2016-07-29,development
2015-07-31,VXUS,12,0.096197122098360621,-0.044909873047684346,0.14110699514604497,0,2016-07-29,2016-07-29,development
2015-08-31,BND,12,0.1033723186688853,0.056931222971787321,0.046441095697097978,0,2016-08-31,2016-08-31,development
2015-08-31,DBC,12,0.1033723186688853,-0.029373368146214274,0.13274568681509957,0,2016-08-31,2016-08-31,development
2015-08-31,GLD,12,0.1033723186688853,0.15961361545538177,-0.056241296786496475,0,2016-08-31,2016-08-31,development
2015-08-31,VDE,12,0.1033723186688853,0.084884306395781595,0.018488012273103704,0,2016-08-31,2016-08-31,development
2015-08-31,VGT,12,0.1033723186688853,0.16611368891925227,-0.062741370250366968,0,2016-08-31,2016-08-31,development
2015-08-31,VIG,12,0.1033723186688853,0.14371069482894239,-0.040338376160057088,0,2016-08-31,2016-08-31,development
2015-08-31,VMBS,12,0.1033723186688853,0.035801018674627594,0.067571299994257705,0,2016-08-31,2016-08-31,development
2015-08-31,VOO,12,0.1033723186688853,0.1148889643911355,-0.011516645722250196,0,2016-08-31,2016-08-31,development
2015-08-31,VWO,12,0.1033723186688853,0.11195876737732124,-0.0085864487084359453,0,2016-08-31,2016-08-31,development
2015-08-31,VXUS,12,0.1033723186688853,0.033073742178700627,0.070298576490184672,0,2016-08-31,2016-08-31,development
2015-09-30,BND,12,0.056253850668405603,0.058614956246300975,-0.0023611055778953727,0,2016-09-30,2016-09-30,development
2015-09-30,DBC,12,0.056253850668405603,-0.0092409240924092861,0.065494774760814889,0,2016-09-30,2016-09-30,development
2015-09-30,GLD,12,0.056253850668405603,0.14415809124852008,-0.087904240580114479,0,2016-09-30,2016-09-30,development
2015-09-30,VDE,12,0.056253850668405603,0.16813005333105902,-0.11187620266265341,0,2016-09-30,2016-09-30,development
2015-09-30,VGT,12,0.056253850668405603,0.21069687871084053,-0.15444302804243493,0,2016-09-30,2016-09-30,development
2015-09-30,VIG,12,0.056253850668405603,0.16309873929968077,-0.10684488863127517,0,2016-09-30,2016-09-30,development
2015-09-30,VMBS,12,0.056253850668405603,0.037706725444105027,0.018547125224300576,0,2016-09-30,2016-09-30,development
2015-09-30,VOO,12,0.056253850668405603,0.14760340667033489,-0.091349556001929288,0,2016-09-30,2016-09-30,development
2015-09-30,VWO,12,0.056253850668405603,0.18027667972408312,-0.12402282905567752,0,2016-09-30,2016-09-30,development
2015-09-30,VXUS,12,0.056253850668405603,0.099087844776022616,-0.042833994107617013,0,2016-09-30,2016-09-30,development
2015-10-30,BND,12,-0.02341778738303657,0.04171160364898352,-0.06512939103202009,0,2016-10-31,2016-10-31,development
2015-10-30,DBC,12,-0.02341778738303657,-0.0026315789473682072,-0.020786208435668363,0,2016-10-31,2016-10-31,development
2015-10-30,GLD,12,-0.02341778738303657,0.11235132662397063,-0.1357691140070072,0,2016-10-31,2016-10-31,development
2015-10-30,VDE,12,-0.02341778738303657,0.036858028401562049,-0.060275815784598619,0,2016-10-31,2016-10-31,development
2015-10-30,VGT,12,-0.02341778738303657,0.099196637414103783,-0.12261442479714035,0,2016-10-31,2016-10-31,development
2015-10-30,VIG,12,-0.02341778738303657,0.065998512940941056,-0.089416300323977627,0,2016-10-31,2016-10-31,development
2015-10-30,VMBS,12,-0.02341778738303657,0.031211223837541713,-0.054629011220578283,0,2016-10-31,2016-10-31,development
2015-10-30,VOO,12,-0.02341778738303657,0.045423148484338371,-0.068840935867374942,0,2016-10-31,2016-10-31,development
2015-10-30,VWO,12,-0.02341778738303657,0.10213691064350061,-0.12555469802653718,0,2016-10-31,2016-10-31,development
2015-10-30,VXUS,12,-0.02341778738303657,0.011093882715029757,-0.034511670098066327,0,2016-10-31,2016-10-31,development
2015-11-30,BND,12,0.10542189203084829,0.019877209760688963,0.085544682270159322,0,2016-11-30,2016-11-30,development
2015-11-30,DBC,12,0.10542189203084829,0.051120448179271749,0.054301443851576536,0,2016-11-30,2016-11-30,development
2015-11-30,GLD,12,0.10542189203084829,0.11219753086419759,-0.0067756388333493067,0,2016-11-30,2016-11-30,development
2015-11-30,VDE,12,0.10542189203084829,0.10226767797405278,0.0031542140567955013,0,2016-11-30,2016-11-30,development
2015-11-30,VGT,12,0.10542189203084829,0.10522802881003157,0.00019386322081671459,0,2016-11-30,2016-11-30,development
2015-11-30,VIG,12,0.10542189203084829,0.097531518218318514,0.0078903738125297718,0,2016-11-30,2016-11-30,development
2015-11-30,VMBS,12,0.10542189203084829,0.014345825337011675,0.09107606669383661,0,2016-11-30,2016-11-30,development
2015-11-30,VOO,12,0.10542189203084829,0.081244314092338454,0.024177577938509831,0,2016-11-30,2016-11-30,development
2015-11-30,VWO,12,0.10542189203084829,0.084751826251286078,0.020670065779562208,0,2016-11-30,2016-11-30,development
2015-11-30,VXUS,12,0.10542189203084829,0.0050871827172482842,0.1003347093136,0,2016-11-30,2016-11-30,development
2015-12-31,BND,12,0.14808161006289322,0.025203257601291051,0.12287835246160217,0,2016-12-30,2016-12-30,development
2015-12-31,DBC,12,0.14808161006289322,0.1856287425149703,-0.037547132452077081,0,2016-12-30,2016-12-30,development
2015-12-31,GLD,12,0.14808161006289322,0.08032722255075897,0.067754387512134251,0,2016-12-30,2016-12-30,development
2015-12-31,VDE,12,0.14808161006289322,0.29171292807451565,-0.14363131801162243,0,2016-12-30,2016-12-30,development
2015-12-31,VGT,12,0.14808161006289322,0.13771104777271193,0.010370562290181295,0,2016-12-30,2016-12-30,development
2015-12-31,VIG,12,0.14808161006289322,0.1196208821193403,0.028460727943552921,0,2016-12-30,2016-12-30,development
2015-12-31,VMBS,12,0.14808161006289322,0.012545529375790121,0.1355360806871031,0,2016-12-30,2016-12-30,development
2015-12-31,VOO,12,0.14808161006289322,0.12167209845298399,0.026409511609909231,0,2016-12-30,2016-12-30,development
2015-12-31,VWO,12,0.14808161006289322,0.12144313877640012,0.026638471286493104,0,2016-12-30,2016-12-30,development
2015-12-31,VXUS,12,0.14808161006289322,0.04731979123719432,0.1007618188256989,0,2016-12-30,2016-12-30,development
2016-01-29,BND,12,0.25056163840000023,0.013035789598436986,0.23752584880156324,0,2017-01-31,2017-01-31,development
2016-01-29,DBC,12,0.25056163840000023,0.23239436619718323,0.018167272202816998,0,2017-01-31,2017-01-31,development
2016-01-29,GLD,12,0.25056163840000023,0.061158007727032837,0.18940363067296739,0,2017-01-31,2017-01-31,development
2016-01-29,VDE,12,0.25056163840000023,0.32108780240749391,-0.070526164007493675,0,2017-01-31,2017-01-31,development
2016-01-29,VGT,12,0.25056163840000023,0.27724210175344077,-0.026680463353440542,0,2017-01-31,2017-01-31,development
2016-01-29,VIG,12,0.25056163840000023,0.17073688242080087,0.079824755979199358,0,2017-01-31,2017-01-31,development
2016-01-29,VMBS,12,0.25056163840000023,-0.00036023708591848003,0.25092187548591871,0,2017-01-31,2017-01-31,development
2016-01-29,VOO,12,0.25056163840000023,0.2079840917793585,0.042577546620641726,0,2017-01-31,2017-01-31,development
2016-01-29,VWO,12,0.25056163840000023,0.26398468230183791,-0.013423043901837683,0,2017-01-31,2017-01-31,development
2016-01-29,VXUS,12,0.25056163840000023,0.15770605401160509,0.09285558438839514,0,2017-01-31,2017-01-31,development
2016-02-29,BND,12,0.23792001180153743,0.016039824768636635,0.2218801870329008,0,2017-02-28,2017-02-28,development
2016-02-29,DBC,12,0.23792001180153743,0.24702144559173922,-0.009101433790201785,0,2017-02-28,2017-02-28,development
2016-02-29,GLD,12,0.23792001180153743,0.022115959354453096,0.21580405244708434,0,2017-02-28,2017-02-28,development
2016-02-29,VDE,12,0.23792001180153743,0.27068228792555216,-0.032762276124014722,0,2017-02-28,2017-02-28,development
2016-02-29,VGT,12,0.23792001180153743,0.3363373157241889,-0.098417303922651467,0,2017-02-28,2017-02-28,development
2016-02-29,VIG,12,0.23792001180153743,0.19846848290798658,0.039451528893550858,0,2017-02-28,2017-02-28,development
2016-02-29,VMBS,12,0.23792001180153743,0.0073086487953000212,0.23061136300623741,0,2017-02-28,2017-02-28,development
2016-02-29,VOO,12,0.23792001180153743,0.24042319528704281,-0.0025031834855053781,0,2017-02-28,2017-02-28,development
2016-02-29,VWO,12,0.23792001180153743,0.31559949113172414,-0.077679479330186707,0,2017-02-28,2017-02-28,development
2016-02-29,VXUS,12,0.23792001180153743,0.19869451421813622,0.039225497583401214,0,2017-02-28,2017-02-28,development
2016-03-31,BND,12,0.14570355161100101,0.0095055626044950881,0.13619798900650593,0,2017-03-31,2017-03-31,development
2016-03-31,DBC,12,0.14570355161100101,0.13932584269662929,0.0063777089143717269,0,2017-03-31,2017-03-31,development
2016-03-31,GLD,12,0.14570355161100101,0.020545001289435261,0.12515855032156575,0,2017-03-31,2017-03-31,development
2016-03-31,VDE,12,0.14570355161100101,0.15868514123217325,-0.01298158962117224,0,2017-03-31,2017-03-31,development
2016-03-31,VGT,12,0.14570355161100101,0.2803812319886565,-0.13467768037765548,0,2017-03-31,2017-03-31,development
2016-03-31,VIG,12,0.14570355161100101,0.14583767517787494,-0.00013412356687392268,0,2017-03-31,2017-03-31,development
2016-03-31,VMBS,12,0.14570355161100101,0.007477658529507325,0.13822589308149369,0,2017-03-31,2017-03-31,development
2016-03-31,VOO,12,0.14570355161100101,0.18507333591194319,-0.039369784300942179,0,2017-03-31,2017-03-31,development
2016-03-31,VWO,12,0.14570355161100101,0.20452180269174902,-0.058818251080748007,0,2017-03-31,2017-03-31,development
2016-03-31,VXUS,12,0.14570355161100101,0.16085494699324943,-0.015151395382248412,0,2017-03-31,2017-03-31,development
2016-04-29,BND,12,0.24023359380045184,0.0072100707567019917,0.23302352304374985,0,2017-04-28,2017-04-28,development
2016-04-29,DBC,12,0.24023359380045184,0.015089163237311354,0.22514443056314049,0,2017-04-28,2017-04-28,development
2016-04-29,GLD,12,0.24023359380045184,-0.023291548726243505,0.26352514252669534,0,2017-04-28,2017-04-28,development
2016-04-29,VDE,12,0.24023359380045184,0.010080310967646389,0.23015328283280545,0,2017-04-28,2017-04-28,development
2016-04-29,VGT,12,0.24023359380045184,0.34657525696612335,-0.10634166316567151,0,2017-04-28,2017-04-28,development
2016-04-29,VIG,12,0.24023359380045184,0.15435778979327597,0.085875804007175871,0,2017-04-28,2017-04-28,development
2016-04-29,VMBS,12,0.24023359380045184,0.0058801695524806075,0.23435342424797123,0,2017-04-28,2017-04-28,development
2016-04-29,VOO,12,0.24023359380045184,0.1789199077861896,0.061313686014262236,0,2017-04-28,2017-04-28,development
2016-04-29,VWO,12,0.24023359380045184,0.18409870084795132,0.056134892952500515,0,2017-04-28,2017-04-28,development
2016-04-29,VXUS,12,0.24023359380045184,0.13770409547204521,0.10252949832840663,0,2017-04-28,2017-04-28,development
2016-05-31,BND,12,0.29497256826276219,0.013310663476227447,0.28166190478653474,0,2017-05-31,2017-05-31,development
2016-05-31,DBC,12,0.29497256826276219,0.0047297297297295149,0.29024283853303268,0,2017-05-31,2017-05-31,development
2016-05-31,GLD,12,0.29497256826276219,0.042553191489361764,0.25241937677340043,0,2017-05-31,2017-05-31,development
2016-05-31,VDE,12,0.29497256826276219,0.0012311255511137098,0.29374144271164848,0,2017-05-31,2017-05-31,development
2016-05-31,VGT,12,0.29497256826276219,0.33717900326478101,-0.042206435002018816,0,2017-05-31,2017-05-31,development
2016-05-31,VIG,12,0.29497256826276219,0.15327084754656117,0.14170172071620102,0,2017-05-31,2017-05-31,development
2016-05-31,VMBS,12,0.29497256826276219,0.0087189606219622018,0.28625360764079999,0,2017-05-31,2017-05-31,development
2016-05-31,VOO,12,0.29497256826276219,0.17483735751541341,0.12013521074734879,0,2017-05-31,2017-05-31,development
2016-05-31,VWO,12,0.29497256826276219,0.25037223270227726,0.044600335560484927,0,2017-05-31,2017-05-31,development
2016-05-31,VXUS,12,0.29497256826276219,0.18278671836329652,0.11218584989946567,0,2017-05-31,2017-05-31,development
2016-06-30,BND,12,0.41666373604465745,0.0021147441899449504,0.4145489918547125,0,2017-06-30,2017-06-30,development
2016-06-30,DBC,12,0.41666373604465745,-0.037308461025982731,0.45397219707064018,0,2017-06-30,2017-06-30,development
2016-06-30,GLD,12,0.41666373604465745,-0.063407666058249434,0.48007140210290689,0,2017-06-30,2017-06-30,development
2016-06-30,VDE,12,0.41666373604465745,-0.02241975967290577,0.43908349571756322,0,2017-06-30,2017-06-30,development
2016-06-30,VGT,12,0.41666373604465745,0.36207407264394109,0.054589663400716359,0,2017-06-30,2017-06-30,development
2016-06-30,VIG,12,0.41666373604465745,0.17587631376137591,0.24078742228328154,0,2017-06-30,2017-06-30,development
2016-06-30,VMBS,12,0.41666373604465745,0.00050399255053124037,0.41615974349412621,0,2017-06-30,2017-06-30,development
2016-06-30,VOO,12,0.41666373604465745,0.21407158097749801,0.20259215506715944,0,2017-06-30,2017-06-30,development
2016-06-30,VWO,12,0.41666373604465745,0.24999977925697636,0.16666395678768109,0,2017-06-30,2017-06-30,development
2016-06-30,VXUS,12,0.41666373604465745,0.24815743761145859,0.16850629843319886,0,2017-06-30,2017-06-30,development
2016-07-29,BND,12,0.47849841830044237,-0.0069502520737327877,0.48544867037417516,0,2017-07-31,2017-07-31,development
2016-07-29,DBC,12,0.47849841830044237,0.046918767507002856,0.43157965079343952,0,2017-07-31,2017-07-31,development
2016-07-29,GLD,12,0.47849841830044237,-0.064273530779965782,0.54277194908040816,0,2017-07-31,2017-07-31,development
2016-07-29,VDE,12,0.47849841830044237,-0.0043721845807299653,0.48287060288117234,0,2017-07-31,2017-07-31,development
2016-07-29,VGT,12,0.47849841830044237,0.29546270304973787,0.1830357152507045,0,2017-07-31,2017-07-31,development
2016-07-29,VIG,12,0.47849841830044237,0.1185567785113717,0.35994163978907068,0,2017-07-31,2017-07-31,development
2016-07-29,VMBS,12,0.47849841830044237,0.0012455711501748734,0.4772528471502675,0,2017-07-31,2017-07-31,development
2016-07-29,VOO,12,0.47849841830044237,0.16068501194844398,0.3178134063519984,0,2017-07-31,2017-07-31,development
2016-07-29,VWO,12,0.47849841830044237,0.18824793383733418,0.29025048446310819,0,2017-07-31,2017-07-31,development
2016-07-29,VXUS,12,0.47849841830044237,0.18612532482954358,0.29237309347089879,0,2017-07-31,2017-07-31,development
2016-08-31,BND,12,0.52813660702625054,0.0041766424907945243,0.52395996453545601,0,2017-08-31,2017-08-31,development
2016-08-31,DBC,12,0.52813660702625054,-0.0053799596503025793,0.53351656667655312,0,2017-08-31,2017-08-31,development
2016-08-31,GLD,12,0.52813660702625054,-0.026259420864736205,0.55439602789098674,0,2017-08-31,2017-08-31,development
2016-08-31,VDE,12,0.52813660702625054,-0.087453952003195723,0.61559055902944626,0,2017-08-31,2017-08-31,development
2016-08-31,VGT,12,0.52813660702625054,0.26880123877886608,0.25933536824738446,0,2017-08-31,2017-08-31,development
2016-08-31,VIG,12,0.52813660702625054,0.10476606432119051,0.42337054270506003,0,2017-08-31,2017-08-31,development
2016-08-31,VMBS,12,0.52813660702625054,0.0060049795160084241,0.52213162751024211,0,2017-08-31,2017-08-31,development
2016-08-31,VOO,12,0.52813660702625054,0.14900164673896721,0.37913496028728333,0,2017-08-31,2017-08-31,development
2016-08-31,VWO,12,0.52813660702625054,0.20907873222633433,0.31905787479991621,0,2017-08-31,2017-08-31,development
2016-08-31,VXUS,12,0.52813660702625054,0.18170934355216639,0.34642726347408415,0,2017-08-31,2017-08-31,development
2016-09-30,BND,12,0.56468198496240629,-0.0012692009057372333,0.56595118586814352,0,2017-09-29,2017-09-29,development
2016-09-30,DBC,12,0.56468198496240629,0.025982678214523824,0.53869930674788247,0,2017-09-29,2017-09-29,development
2016-09-30,GLD,12,0.56468198496240629,-0.032314549506526569,0.59699653446893286,0,2017-09-29,2017-09-29,development
2016-09-30,VDE,12,0.56468198496240629,-0.012774306845051986,0.57745629180745828,0,2017-09-29,2017-09-29,development
2016-09-30,VGT,12,0.56468198496240629,0.27764684586235977,0.28703513910004652,0,2017-09-29,2017-09-29,development
2016-09-30,VIG,12,0.56468198496240629,0.15382730081844898,0.41085468414395732,0,2017-09-29,2017-09-29,development
2016-09-30,VMBS,12,0.56468198496240629,0.00036853016552229612,0.564313454796884,0,2017-09-29,2017-09-29,development
2016-09-30,VOO,12,0.56468198496240629,0.18532030466318439,0.3793616802992219,0,2017-09-29,2017-09-29,development
2016-09-30,VWO,12,0.56468198496240629,0.18625658241926124,0.37842540254314505,0,2017-09-29,2017-09-29,development
2016-09-30,VXUS,12,0.56468198496240629,0.19172026329042136,0.37296172167198494,0,2017-09-29,2017-09-29,development
2016-10-31,BND,12,0.58220222839361613,0.0073029968547615454,0.57489923153885458,0,2017-10-31,2017-10-31,development
2016-10-31,DBC,12,0.58220222839361613,0.05079155672823199,0.53141067166538414,0,2017-10-31,2017-10-31,development
2016-10-31,GLD,12,0.58220222839361613,-0.0055930251686131527,0.58779525356222928,0,2017-10-31,2017-10-31,development
2016-10-31,VDE,12,0.58220222839361613,-0.0076055319577028602,0.58980776035131899,0,2017-10-31,2017-10-31,development
2016-10-31,VGT,12,0.58220222839361613,0.36921562746069081,0.21298660093292532,0,2017-10-31,2017-10-31,development
2016-10-31,VIG,12,0.58220222839361613,0.21357180887240879,0.36863041952120734,0,2017-10-31,2017-10-31,development
2016-10-31,VMBS,12,0.58220222839361613,0.0025411327515685311,0.5796610956420476,0,2017-10-31,2017-10-31,development
2016-10-31,VOO,12,0.58220222839361613,0.23811820970446584,0.34408401868915028,0,2017-10-31,2017-10-31,development
2016-10-31,VWO,12,0.58220222839361613,0.22396627478736542,0.35823595360625071,0,2017-10-31,2017-10-31,development
2016-10-31,VXUS,12,0.58220222839361613,0.23414855754080288,0.34805367085281325,0,2017-10-31,2017-10-31,development
2016-11-30,BND,12,0.57784555109747449,0.037522364228487648,0.54032318686898684,0,2017-11-30,2017-11-30,development
2016-11-30,DBC,12,0.57784555109747449,0.095269820119920245,0.48257573097755424,0,2017-11-30,2017-11-30,development
2016-11-30,GLD,12,0.57784555109747449,0.086226800461770559,0.49161875063570393,0,2017-11-30,2017-11-30,development
2016-11-30,VDE,12,0.57784555109747449,-0.046609578479566038,0.62445512957704052,0,2017-11-30,2017-11-30,development
2016-11-30,VGT,12,0.57784555109747449,0.39580059181917804,0.18204495927829645,0,2017-11-30,2017-11-30,development
2016-11-30,VIG,12,0.57784555109747449,0.17687396415670276,0.40097158694077173,0,2017-11-30,2017-11-30,development
2016-11-30,VMBS,12,0.57784555109747449,0.025879402883683511,0.55196614821379097,0,2017-11-30,2017-11-30,development
2016-11-30,VOO,12,0.57784555109747449,0.19923057329787408,0.37861497779960041,0,2017-11-30,2017-11-30,development
2016-11-30,VWO,12,0.57784555109747449,0.29918337141842399,0.27866217967905049,0,2017-11-30,2017-11-30,development
2016-11-30,VXUS,12,0.57784555109747449,0.28445991028768569,0.29338564080978879,0,2017-11-30,2017-11-30,development
2016-12-30,BND,12,0.61490189473684209,0.035630466469780631,0.57927142826706146,0,2017-12-29,2017-12-29,development
2016-12-30,DBC,12,0.61490189473684209,0.048611111111110938,0.56629078362573115,0,2017-12-29,2017-12-29,development
2016-12-30,GLD,12,0.61490189473684209,0.12809050269136035,0.48681139204548174,0,2017-12-29,2017-12-29,development
2016-12-30,VDE,12,0.61490189473684209,-0.0250037582036855,0.63990565294052759,0,2017-12-29,2017-12-29,development
2016-12-30,VGT,12,0.61490189473684209,0.37069100030285251,0.24421089443398958,0,2017-12-29,2017-12-29,development
2016-12-30,VIG,12,0.61490189473684209,0.22212402865928271,0.39277786607755938,0,2017-12-29,2017-12-29,development
2016-12-30,VMBS,12,0.61490189473684209,0.024674485795562973,0.59022740894127912,0,2017-12-29,2017-12-29,development
2016-12-30,VOO,12,0.61490189473684209,0.21758204794709868,0.39731984678974341,0,2017-12-29,2017-12-29,development
2016-12-30,VWO,12,0.61490189473684209,0.31460265670930387,0.30029923802753822,0,2017-12-29,2017-12-29,development
2016-12-30,VXUS,12,0.61490189473684209,0.27430555852310556,0.34059633621373653,0,2017-12-29,2017-12-29,development
2017-01-31,BND,12,0.46874533518005546,0.025854378947631096,0.44289095623242436,0,2018-01-31,2018-01-31,development
2017-01-31,DBC,12,0.46874533518005546,0.095238095238095344,0.37350723994196011,0,2018-01-31,2018-01-31,development
2017-01-31,GLD,12,0.46874533518005546,0.12846946867565423,0.34027586650440123,0,2018-01-31,2018-01-31,development
2017-01-31,VDE,12,0.46874533518005546,0.060892211788877493,0.40785312339117796,0,2018-01-31,2018-01-31,development
2017-01-31,VGT,12,0.46874533518005546,0.41099576873732713,0.057749566442728328,0,2018-01-31,2018-01-31,development
2017-01-31,VIG,12,0.46874533518005546,0.27609933384539831,0.19264600133465715,0,2018-01-31,2018-01-31,development
2017-01-31,VMBS,12,0.46874533518005546,0.017246728461951299,0.45149860671810416,0,2018-01-31,2018-01-31,development
2017-01-31,VOO,12,0.46874533518005546,0.27656315406480725,0.19218218111524821,0,2018-01-31,2018-01-31,development
2017-01-31,VWO,12,0.46874533518005546,0.37413534530479153,0.094609989875263922,0,2018-01-31,2018-01-31,development
2017-01-31,VXUS,12,0.46874533518005546,0.31287103368424063,0.15587430149581483,0,2018-01-31,2018-01-31,development
2017-02-28,BND,12,0.50816327734450084,0.0016691766878311753,0.50649410065666967,0,2018-02-28,2018-02-28,development
2017-02-28,DBC,12,0.50816327734450084,0.073885350318471321,0.43427792702602952,0,2018-02-28,2018-02-28,development
2017-02-28,GLD,12,0.50816327734450084,0.053801169590643294,0.45436210775385755,0,2018-02-28,2018-02-28,development
2017-02-28,VDE,12,0.50816327734450084,-0.0062103689777104343,0.51437364632221128,0,2018-02-28,2018-02-28,development
2017-02-28,VGT,12,0.50816327734450084,0.34135060985813825,0.16681266748636259,0,2018-02-28,2018-02-28,development
2017-02-28,VIG,12,0.50816327734450084,0.16775141243124159,0.34041186491325925,0,2018-02-28,2018-02-28,development
2017-02-28,VMBS,12,0.50816327734450084,-0.0031791935049803044,0.51134247084948115,0,2018-02-28,2018-02-28,development
2017-02-28,VOO,12,0.50816327734450084,0.1836767461561426,0.32448653118835824,0,2018-02-28,2018-02-28,development
2017-02-28,VWO,12,0.50816327734450084,0.27184776227755791,0.23631551506694293,0,2018-02-28,2018-02-28,development
2017-02-28,VXUS,12,0.50816327734450084,0.2307264486905416,0.27743682865395924,0,2018-02-28,2018-02-28,development
2017-03-31,BND,12,0.5870297653976555,0.011421854311028268,0.57560791108662723,0,2018-03-30,2018-03-30,development
2017-03-31,DBC,12,0.5870297653976555,0.11637080867850114,0.47065895671915436,0,2018-03-30,2018-03-30,development
2017-03-31,GLD,12,0.5870297653976555,0.059551886792452935,0.52747787860520257,0,2018-03-30,2018-03-30,development
2017-03-31,VDE,12,0.5870297653976555,-0.014642836821296412,0.60167260221895191,0,2018-03-30,2018-03-30,development
2017-03-31,VGT,12,0.5870297653976555,0.27382371239382008,0.31320605300383542,0,2018-03-30,2018-03-30,development
2017-03-31,VIG,12,0.5870297653976555,0.14551672946624361,0.44151303593141189,0,2018-03-30,2018-03-30,development
2017-03-31,VMBS,12,0.5870297653976555,0.00446721549673601,0.58256254990091949,0,2018-03-30,2018-03-30,development
2017-03-31,VOO,12,0.5870297653976555,0.14031330115268159,0.44671646424497391,0,2018-03-30,2018-03-30,development
2017-03-31,VWO,12,0.5870297653976555,0.21199362476388717,0.37503614063376833,0,2018-03-30,2018-03-30,development
2017-03-31,VXUS,12,0.5870297653976555,0.17069579310966132,0.41633397228799418,0,2018-03-30,2018-03-30,development
2017-04-28,BND,12,0.56673846507900727,-0.0056214628982242942,0.57235992797723156,0,2018-04-30,2018-04-30,development
2017-04-28,DBC,12,0.56673846507900727,0.18108108108108101,0.38565738399792626,0,2018-04-30,2018-04-30,development
2017-04-28,GLD,12,0.56673846507900727,0.039165355634677601,0.52757310944432967,0,2018-04-30,2018-04-30,development
2017-04-28,VDE,12,0.56673846507900727,0.12019531474910794,0.44654315032989933,0,2018-04-30,2018-04-30,development
2017-04-28,VGT,12,0.56673846507900727,0.2493899844792955,0.31734848059971177,0,2018-04-30,2018-04-30,development
2017-04-28,VIG,12,0.56673846507900727,0.12443806768495458,0.44230039739405269,0,2018-04-30,2018-04-30,development
2017-04-28,VMBS,12,0.56673846507900727,-0.0060301411150517348,0.572768606194059,0,2018-04-30,2018-04-30,development
2017-04-28,VOO,12,0.56673846507900727,0.14181638856876777,0.4249220765102395,0,2018-04-30,2018-04-30,development
2017-04-28,VWO,12,0.56673846507900727,0.16821849729134897,0.3985199677876583,0,2018-04-30,2018-04-30,development
2017-04-28,VXUS,12,0.56673846507900727,0.15809748721309869,0.40864097786590858,0,2018-04-30,2018-04-30,development
2017-05-31,BND,12,0.50423058980066915,-0.006958198177794972,0.51118878797846412,0,2018-05-31,2018-05-31,development
2017-05-31,DBC,12,0.50423058980066915,0.21183591123066603,0.29239467857000312,0,2018-05-31,2018-05-31,development
2017-05-31,GLD,12,0.50423058980066915,0.022150323544051664,0.48208026625661748,0,2018-05-31,2018-05-31,development
2017-05-31,VDE,12,0.50423058980066915,0.16113343686368653,0.34309715293698262,0,2018-05-31,2018-05-31,development
2017-05-31,VGT,12,0.50423058980066915,0.27470814261239607,0.22952244718827308,0,2018-05-31,2018-05-31,development
2017-05-31,VIG,12,0.50423058980066915,0.13165795477360764,0.37257263502706151,0,2018-05-31,2018-05-31,development
2017-05-31,VMBS,12,0.50423058980066915,-0.0077317199959028304,0.51196230979657198,0,2018-05-31,2018-05-31,development
2017-05-31,VOO,12,0.50423058980066915,0.14819501260862089,0.35603557719204826,0,2018-05-31,2018-05-31,development
2017-05-31,VWO,12,0.50423058980066915,0.12589833413475704,0.37833225566591211,0,2018-05-31,2018-05-31,development
2017-05-31,VXUS,12,0.50423058980066915,0.11003580868244889,0.39419478111822026,0,2018-05-31,2018-05-31,development
2017-06-30,BND,12,0.36909308166146815,-0.0063424917362672195,0.37543557339773537,0,2018-06-29,2018-06-29,development
2017-06-30,DBC,12,0.36909308166146815,0.22352941176470598,0.14556366989676217,0,2018-06-29,2018-06-29,development
2017-06-30,GLD,12,0.36909308166146815,0.005338078291815096,0.36375500336965305,0,2018-06-29,2018-06-29,development
2017-06-30,VDE,12,0.36909308166146815,0.22429308673599446,0.14479999492547369,0,2018-06-29,2018-06-29,development
2017-06-30,VGT,12,0.36909308166146815,0.30108908685576363,0.068003994805704515,0,2018-06-29,2018-06-29,development
2017-06-30,VIG,12,0.36909308166146815,0.11798259740971662,0.25111048425175153,0,2018-06-29,2018-06-29,development
2017-06-30,VMBS,12,0.36909308166146815,-0.0003132042333497953,0.36940628589481794,0,2018-06-29,2018-06-29,development
2017-06-30,VOO,12,0.36909308166146815,0.14513877911962592,0.22395430254184223,0,2018-06-29,2018-06-29,development
2017-06-30,VWO,12,0.36909308166146815,0.059299424683877611,0.30979365697759054,0,2018-06-29,2018-06-29,development
2017-06-30,VXUS,12,0.36909308166146815,0.070886905081360752,0.2982061765801074,0,2018-06-29,2018-06-29,development
2017-07-31,BND,12,0.29390264645340558,-0.010446838639577516,0.3043494850929831,0,2018-07-31,2018-07-31,development
2017-07-31,DBC,12,0.29390264645340558,0.15384615384615397,0.14005649260725161,0,2018-07-31,2018-07-31,development
2017-07-31,GLD,12,0.29390264645340558,-0.040268456375838868,0.33417110282924445,0,2018-07-31,2018-07-31,development
2017-07-31,VDE,12,0.29390264645340558,0.20035402223104026,0.093548624222365317,0,2018-07-31,2018-07-31,development
2017-07-31,VGT,12,0.29390264645340558,0.29520081589756408,-0.0012981694441585034,0,2018-07-31,2018-07-31,development
2017-07-31,VIG,12,0.29390264645340558,0.16039796159049602,0.13350468486290956,0,2018-07-31,2018-07-31,development
2017-07-31,VMBS,12,0.29390264645340558,-0.0059925026814269255,0.29989514913483251,0,2018-07-31,2018-07-31,development
2017-07-31,VOO,12,0.29390264645340558,0.1621618832647993,0.13174076318860628,0,2018-07-31,2018-07-31,development
2017-07-31,VWO,12,0.29390264645340558,0.044004580181604913,0.24989806627180067,0,2018-07-31,2018-07-31,development
2017-07-31,VXUS,12,0.29390264645340558,0.062682711501546029,0.23121993495185955,0,2018-07-31,2018-07-31,development
2017-08-31,BND,12,0.42386794758555002,-0.010270963508945519,0.43413891109449554,0,2018-08-31,2018-08-31,development
2017-08-31,DBC,12,0.42386794758555002,0.17511832319134557,0.24874962439420445,0,2018-08-31,2018-08-31,development
2017-08-31,GLD,12,0.42386794758555002,-0.075199608929444328,0.49906755651499435,0,2018-08-31,2018-08-31,development
2017-08-31,VDE,12,0.42386794758555002,0.24124373535214017,0.18262421223340985,0,2018-08-31,2018-08-31,development
2017-08-31,VGT,12,0.42386794758555002,0.38655221494534486,0.037315732640205157,0,2018-08-31,2018-08-31,development
2017-08-31,VIG,12,0.42386794758555002,0.21123866122131352,0.2126292863642365,0,2018-08-31,2018-08-31,development
2017-08-31,VMBS,12,0.42386794758555002,-0.0044606097801200839,0.4283285573656701,0,2018-08-31,2018-08-31,development
2017-08-31,VOO,12,0.42386794758555002,0.21028132418144474,0.21358662340410528,0,2018-08-31,2018-08-31,development
2017-08-31,VWO,12,0.42386794758555002,-0.025176245826924348,0.44904419341247437,0,2018-08-31,2018-08-31,development
2017-08-31,VXUS,12,0.42386794758555002,0.033879522630144709,0.38998842495540531,0,2018-08-31,2018-08-31,development
2017-09-29,BND,12,0.49725748686771176,-0.013323077251988114,0.51058056411969988,0,2018-09-28,2018-09-28,development
2017-09-29,DBC,12,0.49725748686771176,0.16688311688311686,0.33037436998459491,0,2018-09-28,2018-09-28,development
2017-09-29,GLD,12,0.49725748686771176,-0.072544826451719002,0.56980231331943076,0,2018-09-28,2018-09-28,development
2017-09-29,VDE,12,0.49725748686771176,0.15200093933665837,0.34525654753105339,0,2018-09-28,2018-09-28,development
2017-09-29,VGT,12,0.49725748686771176,0.34687557688719561,0.15038190998051615,0,2018-09-28,2018-09-28,development
2017-09-29,VIG,12,0.49725748686771176,0.19050104973277793,0.30675643713493383,0,2018-09-28,2018-09-28,development
2017-09-29,VMBS,12,0.49725748686771176,-0.0095009548516232778,0.50675844171933504,0,2018-09-28,2018-09-28,development
2017-09-29,VOO,12,0.49725748686771176,0.17868650905197669,0.31857097781573507,0,2018-09-28,2018-09-28,development
2017-09-29,VWO,12,0.49725748686771176,-0.035764763638327701,0.53302225050603946,0,2018-09-28,2018-09-28,development
2017-09-29,VXUS,12,0.49725748686771176,0.014483157842282823,0.48277432902542894,0,2018-09-28,2018-09-28,development
2017-10-31,BND,12,0.42141320877656052,-0.015606271157666218,0.43701947993422674,0,2018-10-31,2018-10-31,development
2017-10-31,DBC,12,0.42141320877656052,0.096045197740113109,0.32536801103644741,0,2018-10-31,2018-10-31,development
2017-10-31,GLD,12,0.42141320877656052,-0.034160463192721369,0.45557367196928189,0,2018-10-31,2018-10-31,development
2017-10-31,VDE,12,0.42141320877656052,0.025409030690812795,0.39600417808574773,0,2018-10-31,2018-10-31,development
2017-10-31,VGT,12,0.42141320877656052,0.13346397202295912,0.2879492367536014,0,2018-10-31,2018-10-31,development
2017-10-31,VIG,12,0.42141320877656052,0.058270246719350549,0.36314296205720997,0,2018-10-31,2018-10-31,development
2017-10-31,VMBS,12,0.42141320877656052,-0.011217035788744001,0.43263024456530452,0,2018-10-31,2018-10-31,development
2017-10-31,VOO,12,0.42141320877656052,0.048802586647684221,0.3726106221288763,0,2018-10-31,2018-10-31,development
2017-10-31,VWO,12,0.42141320877656052,-0.14320202842543805,0.56461523720199858,0,2018-10-31,2018-10-31,development
2017-10-31,VXUS,12,0.42141320877656052,-0.099147241610419434,0.52056045038697996,0,2018-10-31,2018-10-31,development
2017-11-30,BND,12,0.30472079405248564,-0.018513465094410986,0.32323425914689663,0,2018-11-30,2018-11-30,development
2017-11-30,DBC,12,0.30472079405248564,-0.069951338199513491,0.37467213225199913,0,2018-11-30,2018-11-30,development
2017-11-30,GLD,12,0.30472079405248564,-0.055428384565075151,0.36014917861756079,0,2018-11-30,2018-11-30,development
2017-11-30,VDE,12,0.30472079405248564,-0.010099067563171915,0.31481986161565756,0,2018-11-30,2018-11-30,development
2017-11-30,VGT,12,0.30472079405248564,0.10037756892209093,0.20434322513039471,0,2018-11-30,2018-11-30,development
2017-11-30,VIG,12,0.30472079405248564,0.12004319739296365,0.18467759665952199,0,2018-11-30,2018-11-30,development
2017-11-30,VMBS,12,0.30472079405248564,-0.0082505903015490656,0.31297138435403471,0,2018-11-30,2018-11-30,development
2017-11-30,VOO,12,0.30472079405248564,0.079677515352160722,0.22504327870032492,0,2018-11-30,2018-11-30,development
2017-11-30,VWO,12,0.30472079405248564,-0.10812712138203029,0.41284791543451593,0,2018-11-30,2018-11-30,development
2017-11-30,VXUS,12,0.30472079405248564,-0.089331542987712398,0.39405233704019804,0,2018-11-30,2018-11-30,development
2017-12-29,BND,12,0.080851743910413054,-0.0037524939785901212,0.084604237889003175,0,2018-12-31,2018-12-31,development
2017-12-29,DBC,12,0.080851743910413054,-0.11891683419692078,0.19976857810733384,0,2018-12-31,2018-12-31,development
2017-12-29,GLD,12,0.080851743910413054,-0.020946219167003677,0.10179796307741673,0,2018-12-31,2018-12-31,development
2017-12-29,VDE,12,0.080851743910413054,-0.20401903588452996,0.28487077979494302,0,2018-12-31,2018-12-31,development
2017-12-29,VGT,12,0.080851743910413054,0.014358037702575155,0.066493706207837899,0,2018-12-31,2018-12-31,development
2017-12-29,VIG,12,0.080851743910413054,-0.030850667463016346,0.1117024113734294,0,2018-12-31,2018-12-31,development
2017-12-29,VMBS,12,0.080851743910413054,0.0070656618827231732,0.073786082027689881,0,2018-12-31,2018-12-31,development
2017-12-29,VOO,12,0.080851743910413054,-0.05372014487405774,0.13457188878447079,0,2018-12-31,2018-12-31,development
2017-12-29,VWO,12,0.080851743910413054,-0.14632116376745385,0.22717290767786691,0,2018-12-31,2018-12-31,development
2017-12-29,VXUS,12,0.080851743910413054,-0.14650214372933301,0.22735388763974607,0,2018-12-31,2018-12-31,development
2018-01-31,BND,12,0.2153832902314845,0.011342337808304848,0.20404095242317966,0,2019-01-31,2019-01-31,development
2018-01-31,DBC,12,0.2153832902314845,-0.087022692859811568,0.30240598309129607,0,2019-01-31,2019-01-31,development
2018-01-31,GLD,12,0.2153832902314845,-0.040680877645037805,0.25606416787652231,0,2019-01-31,2019-01-31,development
2018-01-31,VDE,12,0.2153832902314845,-0.17477678167990707,0.39016007191139157,0,2019-01-31,2019-01-31,development
2018-01-31,VGT,12,0.2153832902314845,0.0092846662303129879,0.20609862400117152,0,2019-01-31,2019-01-31,development
2018-01-31,VIG,12,0.2153832902314845,-0.035645031056807497,0.251028321288292,0,2019-01-31,2019-01-31,development
2018-01-31,VMBS,12,0.2153832902314845,0.018161561253561054,0.19722172897792345,0,2019-01-31,2019-01-31,development
2018-01-31,VOO,12,0.2153832902314845,-0.054566057712347349,0.26994934794383185,0,2019-01-31,2019-01-31,development
2018-01-31,VWO,12,0.2153832902314845,-0.17422130629040267,0.38960459652188717,0,2019-01-31,2019-01-31,development
2018-01-31,VXUS,12,0.2153832902314845,-0.1536624221159234,0.36904571234740791,0,2019-01-31,2019-01-31,development
2018-02-28,BND,12,0.30014204235726361,0.03413913132472568,0.26600291103253793,0,2019-02-28,2019-02-28,development
2018-02-28,DBC,12,0.30014204235726361,-0.033465940275973716,0.33360798263323732,0,2019-02-28,2019-02-28,development
2018-02-28,GLD,12,0.30014204235726361,-0.0050737276042492896,0.30521576996151289,0,2019-02-28,2019-02-28,development
2018-02-28,VDE,12,0.30014204235726361,-0.031640058224513323,0.33178210058177693,0,2019-02-28,2019-02-28,development
2018-02-28,VGT,12,0.30014204235726361,0.098624874540422347,0.20151716781684126,0,2019-02-28,2019-02-28,development
2018-02-28,VIG,12,0.30014204235726361,0.070264978093550923,0.22987706426371268,0,2019-02-28,2019-02-28,development
2018-02-28,VMBS,12,0.30014204235726361,0.037774552630879699,0.26236748972638391,0,2019-02-28,2019-02-28,development
2018-02-28,VOO,12,0.30014204235726361,0.03574150062494863,0.26440054173231498,0,2019-02-28,2019-02-28,development
2018-02-28,VWO,12,0.30014204235726361,-0.11694352584443823,0.41708556820170184,0,2019-02-28,2019-02-28,development
2018-02-28,VXUS,12,0.30014204235726361,-0.08410216959159722,0.38424421194886083,0,2019-02-28,2019-02-28,development
2018-03-30,BND,12,0.22836566651551404,0.045174011281611692,0.18319165523390235,0,2019-03-29,2019-03-29,development
2018-03-30,DBC,12,0.22836566651551404,-0.051629301293084962,0.279994967808599,0,2019-03-29,2019-03-29,development
2018-03-30,GLD,12,0.22836566651551404,-0.030050083472454081,0.25841574998796812,0,2019-03-29,2019-03-29,development
2018-03-30,VDE,12,0.22836566651551404,-0.0051587068737717345,0.23352437338928578,0,2019-03-29,2019-03-29,development
2018-03-30,VGT,12,0.22836566651551404,0.18804997992210626,0.040315686593407785,0,2019-03-29,2019-03-29,development
2018-03-30,VIG,12,0.22836566651551404,0.10718112760525766,0.12118453891025638,0,2019-03-29,2019-03-29,development
2018-03-30,VMBS,12,0.22836566651551404,0.043908592871618746,0.1844570736438953,0,2019-03-29,2019-03-29,development
2018-03-30,VOO,12,0.22836566651551404,0.093755553887851173,0.13461011262766287,0,2019-03-29,2019-03-29,development
2018-03-30,VWO,12,0.22836566651551404,-0.071111712798005655,0.2994773793135197,0,2019-03-29,2019-03-29,development
2018-03-30,VXUS,12,0.22836566651551404,-0.054796449916313494,0.28316211643182754,0,2019-03-29,2019-03-29,development
2018-04-30,BND,12,0.29896183626451855,0.055082009429680445,0.24387982683483811,0,2019-04-30,2019-04-30,development
2018-04-30,DBC,12,0.29896183626451855,-0.071224430944921813,0.37018626720944037,0,2019-04-30,2019-04-30,development
2018-04-30,GLD,12,0.29896183626451855,-0.03290836653386453,0.33187020279838308,0,2019-04-30,2019-04-30,development
2018-04-30,VDE,12,0.29896183626451855,-0.090781138930679628,0.38974297519519818,0,2019-04-30,2019-04-30,development
2018-04-30,VGT,12,0.29896183626451855,0.25594813295066876,0.043013703313849794,0,2019-04-30,2019-04-30,development
2018-04-30,VIG,12,0.29896183626451855,0.14260565614240917,0.15635618012210939,0,2019-04-30,2019-04-30,development
2018-04-30,VMBS,12,0.29896183626451855,0.048267292671088091,0.25069454359343046,0,2019-04-30,2019-04-30,development
2018-04-30,VOO,12,0.29896183626451855,0.12255957978748322,0.17640225647703534,0,2019-04-30,2019-04-30,development
2018-04-30,VWO,12,0.29896183626451855,-0.029682461146130712,0.32864429741064927,0,2019-04-30,2019-04-30,development
2018-04-30,VXUS,12,0.29896183626451855,-0.039924421298787149,0.3388862575633057,0,2019-04-30,2019-04-30,development
2018-05-31,BND,12,0.32194388953428521,0.069634211391478074,0.25230967814280714,0,2019-05-31,2019-05-31,development
2018-05-31,DBC,12,0.32194388953428521,-0.14963998617546914,0.47158387570975435,0,2019-05-31,2019-05-31,development
2018-05-31,GLD,12,0.32194388953428521,0.00097394691989283189,0.32096994261439238,0,2019-05-31,2019-05-31,development
2018-05-31,VDE,12,0.32194388953428521,-0.21197701420888515,0.53392090374317036,0,2019-05-31,2019-05-31,development
2018-05-31,VGT,12,0.32194388953428521,0.076651798116937453,0.24529209141734776,0,2019-05-31,2019-05-31,development
2018-05-31,VIG,12,0.32194388953428521,0.077778862123709658,0.24416502741057555,0,2019-05-31,2019-05-31,development
2018-05-31,VMBS,12,0.32194388953428521,0.055976059213493246,0.26596783032079196,0,2019-05-31,2019-05-31,development
2018-05-31,VOO,12,0.32194388953428521,0.031722020569260323,0.29022186896502489,0,2019-05-31,2019-05-31,development
2018-05-31,VWO,12,0.32194388953428521,-0.076171879191578307,0.39811576872586352,0,2019-05-31,2019-05-31,development
2018-05-31,VXUS,12,0.32194388953428521,-0.080065136293107519,0.40200902582739273,0,2019-05-31,2019-05-31,development
2018-06-29,BND,12,0.40488540927756866,0.079630527007654939,0.32525488226991373,0,2019-06-28,2019-06-28,development
2018-06-29,DBC,12,0.40488540927756866,-0.098916264266900811,0.50380167354446947,0,2019-06-28,2019-06-28,development
2018-06-29,GLD,12,0.40488540927756866,0.12262958280657377,0.2822558264709949,0,2019-06-28,2019-06-28,development
2018-06-29,VDE,12,0.40488540927756866,-0.16656121287829828,0.57144662215586695,0,2019-06-28,2019-06-28,development
2018-06-29,VGT,12,0.40488540927756866,0.1776690826420928,0.22721632663547586,0,2019-06-28,2019-06-28,development
2018-06-29,VIG,12,0.40488540927756866,0.1548734409227599,0.25001196835480877,0,2019-06-28,2019-06-28,development
2018-06-29,VMBS,12,0.40488540927756866,0.058156738115350937,0.34672867116221773,0,2019-06-28,2019-06-28,development
2018-06-29,VOO,12,0.40488540927756866,0.10107190608323591,0.30381350319433276,0,2019-06-28,2019-06-28,development
2018-06-29,VWO,12,0.40488540927756866,0.035280631268239881,0.36960477800932878,0,2019-06-28,2019-06-28,development
2018-06-29,VXUS,12,0.40488540927756866,0.0049650022737346422,0.39992040700383402,0,2019-06-28,2019-06-28,development
2018-07-31,BND,12,0.42050131591006523,0.079544332906080095,0.34095698300398514,0,2019-07-31,2019-07-31,development
2018-07-31,DBC,12,0.42050131591006523,-0.089958311210744824,0.51045962712081006,0,2019-07-31,2019-07-31,development
2018-07-31,GLD,12,0.42050131591006523,0.15375982042648695,0.26674149548357828,0,2019-07-31,2019-07-31,development
2018-07-31,VDE,12,0.42050131591006523,-0.19210624455750691,0.61260756046757214,0,2019-07-31,2019-07-31,development
2018-07-31,VGT,12,0.42050131591006523,0.19678343130507647,0.22371788460498876,0,2019-07-31,2019-07-31,development
2018-07-31,VIG,12,0.42050131591006523,0.14588627426895884,0.27461504164110639,0,2019-07-31,2019-07-31,development
2018-07-31,VMBS,12,0.42050131591006523,0.062957528056071244,0.35754378785399399,0,2019-07-31,2019-07-31,development
2018-07-31,VOO,12,0.42050131591006523,0.094895501552219041,0.32560581435784619,0,2019-07-31,2019-07-31,development
2018-07-31,VWO,12,0.42050131591006523,0.00094409986738974716,0.41955721604267548,0,2019-07-31,2019-07-31,development
2018-07-31,VXUS,12,0.42050131591006523,-0.020300809271806886,0.44080212518187212,0,2019-07-31,2019-07-31,development
2018-08-31,BND,12,0.1684262300380206,0.1042276105975779,0.064198619440442695,0,2019-08-30,2019-08-30,development
2018-08-31,DBC,12,0.1684262300380206,-0.13580834581148027,0.30423457584950087,0,2019-08-30,2019-08-30,development
2018-08-31,GLD,12,0.1684262300380206,0.26640824596951806,-0.097982015931497468,0,2019-08-30,2019-08-30,development
2018-08-31,VDE,12,0.1684262300380206,-0.24312604221845713,0.41155227225647772,0,2019-08-30,2019-08-30,development
2018-08-31,VGT,12,0.1684262300380206,0.066734966597205014,0.10169126344081558,0,2019-08-30,2019-08-30,development
2018-08-31,VIG,12,0.1684262300380206,0.10351561618726568,0.064910613850754917,0,2019-08-30,2019-08-30,development
2018-08-31,VMBS,12,0.1684262300380206,0.067860320882961345,0.10056590915505925,0,2019-08-30,2019-08-30,development
2018-08-31,VOO,12,0.1684262300380206,0.027920860407735226,0.14050536963028537,0,2019-08-30,2019-08-30,development
2018-08-31,VWO,12,0.1684262300380206,-0.012825757831547713,0.18125198786956831,0,2019-08-30,2019-08-30,development
2018-08-31,VXUS,12,0.1684262300380206,-0.037266458191245966,0.20569268822926656,0,2019-08-30,2019-08-30,development
2018-09-28,BND,12,0.12974458210496564,0.10321024386162736,0.026534338243338285,0,2019-09-30,2019-09-30,development
2018-09-28,DBC,12,0.12974458210496564,-0.14389233450292926,0.27363691660789491,0,2019-09-30,2019-09-30,development
2018-09-28,GLD,12,0.12974458210496564,0.25097552323518979,-0.12123094113022415,0,2019-09-30,2019-09-30,development
2018-09-28,VDE,12,0.12974458210496564,-0.22942572394585214,0.35917030605081779,0,2019-09-30,2019-09-30,development
2018-09-28,VGT,12,0.12974458210496564,0.066973662950666979,0.062770919154298666,0,2019-09-30,2019-09-30,development
2018-09-28,VIG,12,0.12974458210496564,0.094776836750885662,0.034967745354079982,0,2019-09-30,2019-09-30,development
2018-09-28,VMBS,12,0.12974458210496564,0.074749794825580862,0.054994787279384783,0,2019-09-30,2019-09-30,development
2018-09-28,VOO,12,0.12974458210496564,0.037080920279033203,0.092663661825932442,0,2019-09-30,2019-09-30,development
2018-09-28,VWO,12,0.12974458210496564,0.0068364390201569591,0.12290814308480869,0,2019-09-30,2019-09-30,development
2018-09-28,VXUS,12,0.12974458210496564,-0.016984918476580235,0.14672950058154588,0,2019-09-30,2019-09-30,development
2018-10-31,BND,12,0.060511986916358174,0.10548201393692791,-0.044970027020569736,0,2019-10-31,2019-10-31,development
2018-10-31,DBC,12,0.060511986916358174,-0.094523147306267985,0.15503513422262616,0,2019-10-31,2019-10-31,development
2018-10-31,GLD,12,0.060511986916358174,0.21486683223430703,-0.15435484531794885,0,2019-10-31,2019-10-31,development
2018-10-31,VDE,12,0.060511986916358174,-0.12032310224030152,0.18083508915665969,0,2019-10-31,2019-10-31,development
2018-10-31,VGT,12,0.060511986916358174,0.23679818819400178,-0.17628620127764361,0,2019-10-31,2019-10-31,development
2018-10-31,VIG,12,0.060511986916358174,0.20052639289928753,-0.14001440598292936,0,2019-10-31,2019-10-31,development
2018-10-31,VMBS,12,0.060511986916358174,0.078566925514271579,-0.018054938597913406,0,2019-10-31,2019-10-31,development
2018-10-31,VOO,12,0.060511986916358174,0.16037805433021046,-0.099866067413852289,0,2019-10-31,2019-10-31,development
2018-10-31,VWO,12,0.060511986916358174,0.15266357072134906,-0.092151583804990889,0,2019-10-31,2019-10-31,development
2018-10-31,VXUS,12,0.060511986916358174,0.12881812651213953,-0.068306139595781357,0,2019-10-31,2019-10-31,development
2018-11-30,BND,12,0.14859105197160161,0.10954899343979108,0.039042058531810531,0,2019-11-29,2019-11-29,development
2018-11-30,DBC,12,0.14859105197160161,0.014113103251209402,0.1344779487203922,0,2019-11-29,2019-11-29,development
2018-11-30,GLD,12,0.14859105197160161,0.19317985113380653,-0.044588799162204928,0,2019-11-29,2019-11-29,development
2018-11-30,VDE,12,0.14859105197160161,-0.11719245219834606,0.26578350416994767,0,2019-11-29,2019-11-29,development
2018-11-30,VGT,12,0.14859105197160161,0.31038879234755568,-0.16179774037595407,0,2019-11-29,2019-11-29,development
2018-11-30,VIG,12,0.14859105197160161,0.15703526426258829,-0.0084442122909866857,0,2019-11-29,2019-11-29,development
2018-11-30,VMBS,12,0.14859105197160161,0.07688461373312383,0.071706438238477777,0,2019-11-29,2019-11-29,development
2018-11-30,VOO,12,0.14859105197160161,0.16264554723142011,-0.0140544952598185,0,2019-11-29,2019-11-29,development
2018-11-30,VWO,12,0.14859105197160161,0.089817012108351468,0.058774039863250138,0,2019-11-29,2019-11-29,development
2018-11-30,VXUS,12,0.14859105197160161,0.10857703713048861,0.040014014841112999,0,2019-11-29,2019-11-29,development
2018-12-31,BND,12,0.26072137095858605,0.092639942621059124,0.16808142833752693,0,2019-12-31,2019-12-31,development
2018-12-31,DBC,12,0.26072137095858605,0.13033614660455028,0.13038522435403577,0,2019-12-31,2019-12-31,development
2018-12-31,GLD,12,0.26072137095858605,0.17569800099124411,0.085023369967341944,0,2019-12-31,2019-12-31,development
2018-12-31,VDE,12,0.26072137095858605,0.094743128043414337,0.16597824291517171,0,2019-12-31,2019-12-31,development
2018-12-31,VGT,12,0.26072137095858605,0.50601886357686587,-0.24529749261827982,0,2019-12-31,2019-12-31,development
2018-12-31,VIG,12,0.26072137095858605,0.31355248257280954,-0.052831111614223492,0,2019-12-31,2019-12-31,development
2018-12-31,VMBS,12,0.26072137095858605,0.063902745072352829,0.19681862588623322,0,2019-12-31,2019-12-31,development
2018-12-31,VOO,12,0.26072137095858605,0.32914647309064704,-0.068425102132060989,0,2019-12-31,2019-12-31,development
2018-12-31,VWO,12,0.26072137095858605,0.20868089777155441,0.052040473187031644,0,2019-12-31,2019-12-31,development
2018-12-31,VXUS,12,0.26072137095858605,0.22473645371177176,0.035984917246814296,0,2019-12-31,2019-12-31,development
2019-01-31,BND,12,0.32867732609303157,0.10651436071524323,0.22216296537778835,0,2020-01-31,2020-01-31,development
2019-01-31,DBC,12,0.32867732609303157,-0.047606222493667971,0.37628354858669955,0,2020-01-31,2020-01-31,development
2019-01-31,GLD,12,0.32867732609303157,0.21544847794237354,0.11322884815065803,0,2020-01-31,2020-01-31,development
2019-01-31,VDE,12,0.32867732609303157,-0.12731913385752458,0.45599645995055615,0,2020-01-31,2020-01-31,development
2019-01-31,VGT,12,0.32867732609303157,0.43982339832285966,-0.11114607222982809,0,2020-01-31,2020-01-31,development
2019-01-31,VIG,12,0.32867732609303157,0.24034110725486646,0.088336218838165115,0,2020-01-31,2020-01-31,development
2019-01-31,VMBS,12,0.32867732609303157,0.06758219474902627,0.2610951313440053,0,2020-01-31,2020-01-31,development
2019-01-31,VOO,12,0.32867732609303157,0.2349639587374559,0.093713367355575672,0,2020-01-31,2020-01-31,development
2019-01-31,VWO,12,0.32867732609303157,0.05966946487562641,0.26900786121740516,0,2020-01-31,2020-01-31,development
2019-01-31,VXUS,12,0.32867732609303157,0.10397243984701898,0.22470488624601259,0,2020-01-31,2020-01-31,development
2019-02-28,BND,12,0.048442964987085668,0.11458463346794145,-0.066141668480855786,0,2020-02-28,2020-02-28,development
2019-02-28,DBC,12,0.048442964987085668,-0.14080547733709248,0.18924844232417815,0,2020-02-28,2020-02-28,development
2019-02-28,GLD,12,0.048442964987085668,0.18231075697211141,-0.13386779198502574,0,2020-02-28,2020-02-28,development
2019-02-28,VDE,12,0.048442964987085668,-0.28840320935842678,0.33684617434551245,0,2020-02-28,2020-02-28,development
2019-02-28,VGT,12,0.048442964987085668,0.23791403958767954,-0.18947107460059387,0,2020-02-28,2020-02-28,development
2019-02-28,VIG,12,0.048442964987085668,0.073158401892182701,-0.024715436905097032,0,2020-02-28,2020-02-28,development
2019-02-28,VMBS,12,0.048442964987085668,0.068139006729595941,-0.019696041742510273,0,2020-02-28,2020-02-28,development
2019-02-28,VOO,12,0.048442964987085668,0.080579340717179981,-0.032136375730094313,0,2020-02-28,2020-02-28,development
2019-02-28,VWO,12,0.048442964987085668,0.0015654991704920906,0.046877465816593578,0,2020-02-28,2020-02-28,development
2019-02-28,VXUS,12,0.048442964987085668,0.0028165456426545443,0.045626419344431124,0,2020-02-28,2020-02-28,development
2019-03-29,BND,12,0.056520109892972625,0.089034929657114237,-0.032514819764141611,0,2020-03-31,2020-03-31,development
2019-03-29,DBC,12,0.056520109892972625,-0.27044439525432462,0.32696450514729725,0,2020-03-31,2020-03-31,development
2019-03-29,GLD,12,0.056520109892972625,0.24784853700516352,-0.19132842711219089,0,2020-03-31,2020-03-31,development
2019-03-29,VDE,12,0.056520109892972625,-0.5670023560122508,0.62352246590522342,0,2020-03-31,2020-03-31,development
2019-03-29,VGT,12,0.056520109892972625,0.04999345567017377,0.0065266542227988555,0,2020-03-31,2020-03-31,development
2019-03-29,VIG,12,0.056520109892972625,-0.054790345923557582,0.11131045581653021,0,2020-03-31,2020-03-31,development
2019-03-29,VMBS,12,0.056520109892972625,0.065770395099653323,-0.0092502852066806973,0,2020-03-31,2020-03-31,development
2019-03-29,VOO,12,0.056520109892972625,-0.085653613374209736,0.14217372326718236,0,2020-03-31,2020-03-31,development
2019-03-29,VWO,12,0.056520109892972625,-0.19923582935606188,0.2557559392490345,0,2020-03-31,2020-03-31,development
2019-03-29,VXUS,12,0.056520109892972625,-0.17679287304589508,0.23331298293886771,0,2020-03-31,2020-03-31,development
2019-04-30,BND,12,0.12641398087266054,0.11019629593896729,0.016217684933693244,0,2020-04-30,2020-04-30,development
2019-04-30,DBC,12,0.12641398087266054,-0.32198441934408362,0.44839840021674415,0,2020-04-30,2020-04-30,development
2019-04-30,GLD,12,0.12641398087266054,0.34003460492708237,-0.21362062405442184,0,2020-04-30,2020-04-30,development
2019-04-30,VDE,12,0.12641398087266054,-0.4687476168226471,0.59516159769530763,0,2020-04-30,2020-04-30,development
2019-04-30,VGT,12,0.12641398087266054,0.11317508875217697,0.01323889212048357,0,2020-04-30,2020-04-30,development
2019-04-30,VIG,12,0.12641398087266054,0.012852836038751647,0.11356114483390889,0,2020-04-30,2020-04-30,development
2019-04-30,VMBS,12,0.12641398087266054,0.067309384218918744,0.059104596653741792,0,2020-04-30,2020-04-30,development
2019-04-30,VOO,12,0.12641398087266054,-0.01628673773536915,0.14270071860802969,0,2020-04-30,2020-04-30,development
2019-04-30,VWO,12,0.12641398087266054,-0.1650521959402792,0.29146617681293974,0,2020-04-30,2020-04-30,development
2019-04-30,VXUS,12,0.12641398087266054,-0.14796927081285272,0.27438325168551325,0,2020-04-30,2020-04-30,development
2019-05-31,BND,12,0.014715378527540235,0.097510397934582826,-0.082795019407042592,0,2020-05-29,2020-05-29,development
2019-05-31,DBC,12,0.014715378527540235,-0.20914697328306764,0.22386235181060787,0,2020-05-29,2020-05-29,development
2019-05-31,GLD,12,0.014715378527540235,0.32092759263763893,-0.30621221411009869,0,2020-05-29,2020-05-29,development
2019-05-31,VDE,12,0.014715378527540235,-0.32280271057564469,0.33751808910318493,0,2020-05-29,2020-05-29,development
2019-05-31,VGT,12,0.014715378527540235,0.3600886891830164,-0.34537331065547616,0,2020-05-29,2020-05-29,development
2019-05-31,VIG,12,0.014715378527540235,0.10560712952527207,-0.090891750997731835,0,2020-05-29,2020-05-29,development
2019-05-31,VMBS,12,0.014715378527540235,0.063709254300450935,-0.0489938757729107,0,2020-05-29,2020-05-29,development
2019-05-31,VOO,12,0.014715378527540235,0.12743872237911913,-0.11272334385157889,0,2020-05-29,2020-05-29,development
2019-05-31,VWO,12,0.014715378527540235,-0.049353948082245247,0.064069326609785482,0,2020-05-29,2020-05-29,development
2019-05-31,VXUS,12,0.014715378527540235,-0.030428069981322636,0.045143448508862871,0,2020-05-29,2020-05-29,development
2019-06-28,BND,12,0.009184468000753121,0.089410065906469161,-0.08022559790571604,0,2020-06-30,2020-06-30,development
2019-06-28,DBC,12,0.009184468000753121,-0.22187791301300697,0.23106238101376009,0,2020-06-30,2020-06-30,development
2019-06-28,GLD,12,0.009184468000753121,0.25030030030030037,-0.24111583229954725,0,2020-06-30,2020-06-30,development
2019-06-28,VDE,12,0.009184468000753121,-0.40477068065834954,0.41395514865910266,0,2020-06-30,2020-06-30,development
2019-06-28,VGT,12,0.009184468000753121,0.30122960652133313,-0.29204513852058001,0,2020-06-30,2020-06-30,development
2019-06-28,VIG,12,0.009184468000753121,0.0088791147251601199,0.00030535327559300107,0,2020-06-30,2020-06-30,development
2019-06-28,VMBS,12,0.009184468000753121,0.055856200760121544,-0.046671732759368423,0,2020-06-30,2020-06-30,development
2019-06-28,VOO,12,0.009184468000753121,0.043917025301426715,-0.034732557300673594,0,2020-06-30,2020-06-30,development
2019-06-28,VWO,12,0.009184468000753121,-0.040814318661624549,0.04999878666237767,0,2020-06-30,2020-06-30,development
2019-06-28,VXUS,12,0.009184468000753121,-0.050307952916007537,0.059492420916760658,0,2020-06-30,2020-06-30,development
2019-07-31,BND,12,0.14514766289832637,0.10721332923320581,0.037934333665120556,0,2020-07-31,2020-07-31,development
2019-07-31,DBC,12,0.14514766289832637,-0.15200752808313822,0.29715519098146459,0,2020-07-31,2020-07-31,development
2019-07-31,GLD,12,0.14514766289832637,0.38753367255312798,-0.24238600965480162,0,2020-07-31,2020-07-31,development
2019-07-31,VDE,12,0.14514766289832637,-0.39263180757238969,0.53777947047071606,0,2020-07-31,2020-07-31,development
2019-07-31,VGT,12,0.14514766289832637,0.33918996101138976,-0.19404229811306339,0,2020-07-31,2020-07-31,development
2019-07-31,VIG,12,0.14514766289832637,0.051733375637692314,0.093414287260634055,0,2020-07-31,2020-07-31,development
2019-07-31,VMBS,12,0.14514766289832637,0.053967834259168956,0.091179828639157412,0,2020-07-31,2020-07-31,development
2019-07-31,VOO,12,0.14514766289832637,0.10265470814948774,0.042492954748838629,0,2020-07-31,2020-07-31,development
2019-07-31,VWO,12,0.14514766289832637,0.040896573930368163,0.10425108896795821,0,2020-07-31,2020-07-31,development
2019-07-31,VXUS,12,0.14514766289832637,-0.0029445163178688505,0.14809217921619522,0,2020-07-31,2020-07-31,development
2019-08-30,BND,12,0.27991502652654798,0.062420108938420871,0.21749491758812711,0,2020-08-31,2020-08-31,development
2019-08-30,DBC,12,0.27991502652654798,-0.071915407517350372,0.35183043404389835,0,2020-08-31,2020-08-31,development
2019-08-30,GLD,12,0.27991502652654798,0.28271304347826076,-0.0027980169517127784,0,2020-08-31,2020-08-31,development
2019-08-30,VDE,12,0.27991502652654798,-0.32509563606590453,0.60501066259245251,0,2020-08-31,2020-08-31,development
2019-08-30,VGT,12,0.27991502652654798,0.5513139467203485,-0.27139892019380052,0,2020-08-31,2020-08-31,development
2019-08-30,VIG,12,0.27991502652654798,0.13404700227321298,0.145868024253335,0,2020-08-31,2020-08-31,development
2019-08-30,VMBS,12,0.27991502652654798,0.044481092647271847,0.23543393387927614,0,2020-08-31,2020-08-31,development
2019-08-30,VOO,12,0.27991502652654798,0.22236473450543226,0.057550292021115723,0,2020-08-31,2020-08-31,development
2019-08-30,VWO,12,0.27991502652654798,0.15247568537962675,0.12743934114692124,0,2020-08-31,2020-08-31,development
2019-08-30,VXUS,12,0.27991502652654798,0.096431151726577458,0.18348387479997053,0,2020-08-31,2020-08-31,development
2019-09-30,BND,12,0.24382725812074901,0.071346468516196637,0.17248078960455238,0,2020-09-30,2020-09-30,development
2019-09-30,DBC,12,0.24382725812074901,-0.13403285877335258,0.37786011689410159,0,2020-09-30,2020-09-30,development
2019-09-30,GLD,12,0.24382725812074901,0.24018148305685516,0.0036457750638938524,0,2020-09-30,2020-09-30,development
2019-09-30,VDE,12,0.24382725812074901,-0.45867213706061405,0.70249939518136306,0,2020-09-30,2020-09-30,development
2019-09-30,VGT,12,0.24382725812074901,0.4433967262860361,-0.19956946816528709,0,2020-09-30,2020-09-30,development
2019-09-30,VIG,12,0.24382725812074901,0.08560221448952321,0.1582250436312258,0,2020-09-30,2020-09-30,development
2019-09-30,VMBS,12,0.24382725812074901,0.04216706014163929,0.20166019797910972,0,2020-09-30,2020-09-30,development
2019-09-30,VOO,12,0.24382725812074901,0.13411391433354658,0.10971334378720243,0,2020-09-30,2020-09-30,development
2019-09-30,VWO,12,0.24382725812074901,0.080059348675396436,0.16376790944535258,0,2020-09-30,2020-09-30,development
2019-09-30,VXUS,12,0.24382725812074901,0.026299489594496572,0.21752776852625244,0,2020-09-30,2020-09-30,development
2019-10-31,BND,12,0.37303653614479071,0.067779922983907115,0.30525661316088359,0,2020-10-30,2020-10-30,development
2019-10-31,DBC,12,0.37303653614479071,-0.17685367971874966,0.54989021586354037,0,2020-10-30,2020-10-30,development
2019-10-31,GLD,12,0.37303653614479071,0.24206964612998716,0.13096689001480355,0,2020-10-30,2020-10-30,development
2019-10-31,VDE,12,0.37303653614479071,-0.47876296278738106,0.85179949893217177,0,2020-10-30,2020-10-30,development
2019-10-31,VGT,12,0.37303653614479071,0.35925599445100764,0.013780541693783066,0,2020-10-30,2020-10-30,development
2019-10-31,VIG,12,0.37303653614479071,0.074830479296279284,0.29820605684851142,0,2020-10-30,2020-10-30,development
2019-10-31,VMBS,12,0.37303653614479071,0.040546715065434613,0.3324898210793561,0,2020-10-30,2020-10-30,development
2019-10-31,VOO,12,0.37303653614479071,0.10252010251030708,0.27051643363448363,0,2020-10-30,2020-10-30,development
2019-10-31,VWO,12,0.37303653614479071,0.074671669993926493,0.29836486615086422,0,2020-10-30,2020-10-30,development
2019-10-31,VXUS,12,0.37303653614479071,-0.018400170120372872,0.39143670626516358,0,2020-10-30,2020-10-30,development
2019-11-29,BND,12,0.25336978752847461,0.073195197300164994,0.18017459022830962,0,2020-11-30,2020-11-30,development
2019-11-29,DBC,12,0.25336978752847461,-0.069830186085943269,0.32319997361441788,0,2020-11-30,2020-11-30,development
2019-11-29,GLD,12,0.25336978752847461,0.21710430871899011,0.036265478809484497,0,2020-11-30,2020-11-30,development
2019-11-29,VDE,12,0.25336978752847461,-0.28070811493522696,0.53407790246370157,0,2020-11-30,2020-11-30,development
2019-11-29,VGT,12,0.25336978752847461,0.42626335547914107,-0.17289356795066646,0,2020-11-30,2020-11-30,development
2019-11-29,VIG,12,0.25336978752847461,0.15416829748646044,0.099201490042014173,0,2020-11-30,2020-11-30,development
2019-11-29,VMBS,12,0.25336978752847461,0.036702375802304399,0.21666741172617021,0,2020-11-30,2020-11-30,development
2019-11-29,VOO,12,0.25336978752847461,0.17930272472977449,0.074067062798700123,0,2020-11-30,2020-11-30,development
2019-11-29,VWO,12,0.25336978752847461,0.19239964530944098,0.06097014221903363,0,2020-11-30,2020-11-30,development
2019-11-29,VXUS,12,0.25336978752847461,0.11542190009128417,0.13794788743719044,0,2020-11-30,2020-11-30,development
2019-12-31,BND,12,0.41896583660325337,0.075557289545567174,0.3434085470576862,0,2020-12-31,2020-12-31,development
2019-12-31,DBC,12,0.41896583660325337,-0.085820895522387808,0.50478673212564118,0,2020-12-31,2020-12-31,development
2019-12-31,GLD,12,0.41896583660325337,0.25314410173540369,0.16582173486784968,0,2020-12-31,2020-12-31,development
2019-12-31,VDE,12,0.41896583660325337,-0.33039353323666998,0.74935936983992335,0,2020-12-31,2020-12-31,development
2019-12-31,VGT,12,0.41896583660325337,0.4553790138640037,-0.036413177260750329,0,2020-12-31,2020-12-31,development
2019-12-31,VIG,12,0.41896583660325337,0.15082663196988255,0.26813920463337082,0,2020-12-31,2020-12-31,development
2019-12-31,VMBS,12,0.41896583660325337,0.03754664762096227,0.3814191889822911,0,2020-12-31,2020-12-31,development
2019-12-31,VOO,12,0.41896583660325337,0.17932013556183701,0.23964570104141636,0,2020-12-31,2020-12-31,development
2019-12-31,VWO,12,0.41896583660325337,0.14795893251331016,0.27100690408994321,0,2020-12-31,2020-12-31,development
2019-12-31,VXUS,12,0.41896583660325337,0.10229634303469037,0.316669493568563,0,2020-12-31,2020-12-31,development
2020-01-31,BND,12,0.13494542699686751,0.047087227188185254,0.087858199808682258,0,2021-01-29,2021-01-29,development
2020-01-31,DBC,12,0.13494542699686751,0.041838134430726814,0.093107292566140698,0,2021-01-29,2021-01-29,development
2020-01-31,GLD,12,0.13494542699686751,0.15589633697180738,-0.020950909974939869,0,2021-01-29,2021-01-29,development
2020-01-31,VDE,12,0.13494542699686751,-0.20587781886650425,0.34082324586337176,0,2021-01-29,2021-01-29,development
2020-01-31,VGT,12,0.13494542699686751,0.39658192868428577,-0.26163650168741825,0,2021-01-29,2021-01-29,development
2020-01-31,VIG,12,0.13494542699686751,0.11456667250433417,0.020378754492533346,0,2021-01-29,2021-01-29,development
2020-01-31,VMBS,12,0.13494542699686751,0.031524034335402851,0.10342139266146466,0,2021-01-29,2021-01-29,development
2020-01-31,VOO,12,0.13494542699686751,0.17114478463735061,-0.036199357640483099,0,2021-01-29,2021-01-29,development
2020-01-31,VWO,12,0.13494542699686751,0.2571989096381968,-0.12225348264132929,0,2021-01-29,2021-01-29,development
2020-01-31,VXUS,12,0.13494542699686751,0.14817847198882284,-0.013233044991955323,0,2021-01-29,2021-01-29,development
2020-02-28,BND,12,0.23395749816866185,0.013983660995032121,0.21997383717362973,0,2021-02-26,2021-02-26,development
2020-02-28,DBC,12,0.23395749816866185,0.2292432035268186,0.004714294641843253,0,2021-02-26,2021-02-26,development
2020-02-28,GLD,12,0.23395749816866185,0.090510850518937813,0.14344664764972404,0,2021-02-26,2021-02-26,development
2020-02-28,VDE,12,0.23395749816866185,0.1432531199445739,0.090704378224087945,0,2021-02-26,2021-02-26,development
2020-02-28,VGT,12,0.23395749816866185,0.52869812807866579,-0.29474062991000394,0,2021-02-26,2021-02-26,development
2020-02-28,VIG,12,0.23395749816866185,0.23518852266206691,-0.001231024493405064,0,2021-02-26,2021-02-26,development
2020-02-28,VMBS,12,0.23395749816866185,0.016046968351264068,0.21791052981739778,0,2021-02-26,2021-02-26,development
2020-02-28,VOO,12,0.23395749816866185,0.3096157194498883,-0.075658221281226457,0,2021-02-26,2021-02-26,development
2020-02-28,VWO,12,0.23395749816866185,0.32385770773187961,-0.089900209563217759,0,2021-02-26,2021-02-26,development
2020-02-28,VXUS,12,0.23395749816866185,0.25762581904868553,-0.023668320880023686,0,2021-02-26,2021-02-26,development
2020-03-31,BND,12,0.36040862256872108,0.0079372438380118648,0.35247137873070922,0,2021-03-31,2021-03-31,development
2020-03-31,DBC,12,0.36040862256872108,0.46847635726795112,-0.10806773469923003,0,2021-03-31,2021-03-31,development
2020-03-31,GLD,12,0.36040862256872108,0.065615763546797989,0.29479285902192309,0,2021-03-31,2021-03-31,development
2020-03-31,VDE,12,0.36040862256872108,0.96411811895530919,-0.60370949638658811,0,2021-03-31,2021-03-31,development
2020-03-31,VGT,12,0.36040862256872108,0.73483155761640595,-0.37442293504768487,0,2021-03-31,2021-03-31,development
2020-03-31,VIG,12,0.36040862256872108,0.48111188370968994,-0.12070326114096885,0,2021-03-31,2021-03-31,development
2020-03-31,VMBS,12,0.36040862256872108,0.00032004677290498051,0.3600885757958161,0,2021-03-31,2021-03-31,development
2020-03-31,VOO,12,0.36040862256872108,0.58998077726449005,-0.22957215469576897,0,2021-03-31,2021-03-31,development
2020-03-31,VWO,12,0.36040862256872108,0.61074105673775647,-0.25033243416903539,0,2021-03-31,2021-03-31,development
2020-03-31,VXUS,12,0.36040862256872108,0.55892320254536032,-0.19851457997663924,0,2021-03-31,2021-03-31,development
2020-04-30,BND,12,0.27648404946313798,-0.0037787324418221413,0.28026278190496012,0,2021-04-30,2021-04-30,development
2020-04-30,DBC,12,0.27648404946313798,0.67383177570093444,-0.39734772623779646,0,2021-04-30,2021-04-30,development
2020-04-30,GLD,12,0.27648404946313798,0.018568617806197896,0.25791543165694009,0,2021-04-30,2021-04-30,development
2020-04-30,VDE,12,0.27648404946313798,0.55845751204167859,-0.28197346257854061,0,2021-04-30,2021-04-30,development
2020-04-30,VGT,12,0.27648404946313798,0.62557832214247644,-0.34909427267933846,0,2021-04-30,2021-04-30,development
2020-04-30,VIG,12,0.27648404946313798,0.38683428039500711,-0.11035023093186913,0,2021-04-30,2021-04-30,development
2020-04-30,VMBS,12,0.27648404946313798,0.0057119521856745514,0.27077209727746343,0,2021-04-30,2021-04-30,development
2020-04-30,VOO,12,0.27648404946313798,0.49972264407399747,-0.22323859461085949,0,2021-04-30,2021-04-30,development
2020-04-30,VWO,12,0.27648404946313798,0.54210817305467307,-0.26562412359153509,0,2021-04-30,2021-04-30,development
2020-04-30,VXUS,12,0.27648404946313798,0.50121022199492149,-0.22472617253178351,0,2021-04-30,2021-04-30,development
2020-05-29,BND,12,0.33932990404686247,-0.0082000876903546294,0.3475299917372171,0,2021-05-31,2021-05-31,development
2020-05-29,DBC,12,0.33932990404686247,0.57894736842105288,-0.2396174643741904,0,2021-05-31,2021-05-31,development
2020-05-29,GLD,12,0.33932990404686247,0.094960407587011186,0.24436949645985129,0,2021-05-31,2021-05-31,development
2020-05-29,VDE,12,0.33932990404686247,0.48204134214586314,-0.14271143809900066,0,2021-05-31,2021-05-31,development
2020-05-29,VGT,12,0.33932990404686247,0.43855545647129612,-0.09922555242443365,0,2021-05-31,2021-05-31,development
2020-05-29,VIG,12,0.33932990404686247,0.34682415746451301,-0.0074942534176505315,0,2021-05-31,2021-05-31,development
2020-05-29,VMBS,12,0.33932990404686247,-0.0048907726408046193,0.34422067668766709,0,2021-05-31,2021-05-31,development
2020-05-29,VOO,12,0.33932990404686247,0.40390235343241909,-0.064572449385556618,0,2021-05-31,2021-05-31,development
2020-05-29,VWO,12,0.33932990404686247,0.47301433275863447,-0.133684428711772,0,2021-05-31,2021-05-31,development
2020-05-29,VXUS,12,0.33932990404686247,0.43441155990437297,-0.095081655857510494,0,2021-05-31,2021-05-31,development
2020-06-30,BND,12,0.30565581080631676,-0.0080960571039497831,0.31375186791026655,0,2021-06-30,2021-06-30,development
2020-06-30,DBC,12,0.30565581080631676,0.57593360995850595,-0.27027779915218919,0,2021-06-30,2021-06-30,development
2020-06-30,GLD,12,0.30565581080631676,0.00030022817341190944,0.30535558263290485,0,2021-06-30,2021-06-30,development
2020-06-30,VDE,12,0.30565581080631676,0.67350446746104597,-0.36784865665472921,0,2021-06-30,2021-06-30,development
2020-06-30,VGT,12,0.30565581080631676,0.46166065408005585,-0.15600484327373909,0,2021-06-30,2021-06-30,development
2020-06-30,VIG,12,0.30565581080631676,0.37793461439850118,-0.072278803592184415,0,2021-06-30,2021-06-30,development
2020-06-30,VMBS,12,0.30565581080631676,-0.0064329771264659552,0.31208878793278272,0,2021-06-30,2021-06-30,development
2020-06-30,VOO,12,0.30565581080631676,0.44432853195193478,-0.13867272114561802,0,2021-06-30,2021-06-30,development
2020-06-30,VWO,12,0.30565581080631676,0.41034773036503203,-0.10469191955871526,0,2021-06-30,2021-06-30,development
2020-06-30,VXUS,12,0.30565581080631676,0.39516878429760482,-0.089512973491288061,0,2021-06-30,2021-06-30,development
2020-07-31,BND,12,0.10579832102818654,-0.0087576153810772217,0.11455593640926376,0,2021-07-30,2021-07-30,development
2020-07-31,DBC,12,0.10579832102818654,0.50695517774343135,-0.40115685671524481,0,2021-07-30,2021-07-30,development
2020-07-31,GLD,12,0.10579832102818654,-0.084182710456776166,0.1899810314849627,0,2021-07-30,2021-07-30,development
2020-07-31,VDE,12,0.10579832102818654,0.49973435533099608,-0.39393603430280955,0,2021-07-30,2021-07-30,development
2020-07-31,VGT,12,0.10579832102818654,0.40680918001453592,-0.30101085898634938,0,2021-07-30,2021-07-30,development
2020-07-31,VIG,12,0.10579832102818654,0.32084871686358696,-0.21505039583540042,0,2021-07-30,2021-07-30,development
2020-07-31,VMBS,12,0.10579832102818654,-0.0014628012942531354,0.10726112232243967,0,2021-07-30,2021-07-30,development
2020-07-31,VOO,12,0.10579832102818654,0.36396177616010372,-0.25816345513191719,0,2021-07-30,2021-07-30,development
2020-07-31,VWO,12,0.10579832102818654,0.21488387722938862,-0.10908555620120208,0,2021-07-30,2021-07-30,development
2020-07-31,VXUS,12,0.10579832102818654,0.30194643867796689,-0.19614811764978035,0,2021-07-30,2021-07-30,development
2020-08-31,BND,12,0.092483200477088134,0.0018365920536107527,0.090646608423477382,0,2021-08-31,2021-08-31,development
2020-08-31,DBC,12,0.092483200477088134,0.41697416974169732,-0.32449096926460919,0,2021-08-31,2021-08-31,development
2020-08-31,GLD,12,0.092483200477088134,-0.077010683876565955,0.16949388435365409,0,2021-08-31,2021-08-31,development
2020-08-31,VDE,12,0.092483200477088134,0.4729766798784758,-0.38049347940138767,0,2021-08-31,2021-08-31,development
2020-08-31,VGT,12,0.092483200477088134,0.30939282932962842,-0.21690962885254028,0,2021-08-31,2021-08-31,development
2020-08-31,VIG,12,0.092483200477088134,0.25437214883884862,-0.16188894836176049,0,2021-08-31,2021-08-31,development
2020-08-31,VMBS,12,0.092483200477088134,-0.0038379720143982832,0.096321172491486418,0,2021-08-31,2021-08-31,development
2020-08-31,VOO,12,0.092483200477088134,0.30435812795402084,-0.21187492747693271,0,2021-08-31,2021-08-31,development
2020-08-31,VWO,12,0.092483200477088134,0.1652581644268496,-0.072774963949761462,0,2021-08-31,2021-08-31,development
2020-08-31,VXUS,12,0.092483200477088134,0.24568121930985387,-0.15319801883276574,0,2021-08-31,2021-08-31,development
2020-09-30,BND,12,0.03799766457375009,-0.0048183309573338606,0.04281599553108395,0,2021-09-30,2021-09-30,development
2020-09-30,DBC,12,0.03799766457375009,0.53822393822393844,-0.50022627365018835,0,2021-09-30,2021-09-30,development
2020-09-30,GLD,12,0.03799766457375009,-0.066537098433748665,0.10453476300749875,0,2021-09-30,2021-09-30,development
2020-09-30,VDE,12,0.03799766457375009,0.84847780682796436,-0.81048014225421428,0,2021-09-30,2021-09-30,development
2020-09-30,VGT,12,0.03799766457375009,0.39576423368135383,-0.35776656910760374,0,2021-09-30,2021-09-30,development
2020-09-30,VIG,12,0.03799766457375009,0.27185226257323802,-0.23385459799948793,0,2021-09-30,2021-09-30,development
2020-09-30,VMBS,12,0.03799766457375009,-0.0043649657579546419,0.042362630331704731,0,2021-09-30,2021-09-30,development
2020-09-30,VOO,12,0.03799766457375009,0.37078467892667755,-0.33278701435292746,0,2021-09-30,2021-09-30,development
2020-09-30,VWO,12,0.03799766457375009,0.22165250291809491,-0.18365483834434482,0,2021-09-30,2021-09-30,development
2020-09-30,VXUS,12,0.03799766457375009,0.28955754306450854,-0.25155987849075845,0,2021-09-30,2021-09-30,development
2020-10-30,BND,12,0.0838702646022087,-0.0041438660916445214,0.088014130693853221,0,2021-10-29,2021-10-29,development
2020-10-30,DBC,12,0.0838702646022087,0.68774703557312256,-0.60387677097091386,0,2021-10-29,2021-10-29,development
2020-10-30,GLD,12,0.0838702646022087,-0.054199772985243921,0.13807003758745262,0,2021-10-29,2021-10-29,development
2020-10-30,VDE,12,0.0838702646022087,1.1769158074392374,-1.0930455428370287,0,2021-10-29,2021-10-29,development
2020-10-30,VGT,12,0.0838702646022087,0.46781036196297965,-0.38394009736077095,0,2021-10-29,2021-10-29,development
2020-10-30,VIG,12,0.0838702646022087,0.3288606672334371,-0.2449904026312284,0,2021-10-29,2021-10-29,development
2020-10-30,VMBS,12,0.0838702646022087,-0.0066981645352039987,0.090568429137412698,0,2021-10-29,2021-10-29,development
2020-10-30,VOO,12,0.0838702646022087,0.42801847427375495,-0.34414820967154625,0,2021-10-29,2021-10-29,development
2020-10-30,VWO,12,0.0838702646022087,0.18166083633645358,-0.09779057173424488,0,2021-10-29,2021-10-29,development
2020-10-30,VXUS,12,0.0838702646022087,0.30975758329102598,-0.22588731868881728,0,2021-10-29,2021-10-29,development
2020-11-30,BND,12,0.12295857974782165,-0.01446963741011531,0.13742821715793696,0,2021-11-30,2021-11-30,development
2020-11-30,DBC,12,0.12295857974782165,0.42867332382310996,-0.30571474407528831,0,2021-11-30,2021-11-30,development
2020-11-30,GLD,12,0.12295857974782165,-0.0056022408963585235,0.12856082064418017,0,2021-11-30,2021-11-30,development
2020-11-30,VDE,12,0.12295857974782165,0.54239055047189821,-0.41943197072407656,0,2021-11-30,2021-11-30,development
2020-11-30,VGT,12,0.12295857974782165,0.33721240781397399,-0.21425382806615234,0,2021-11-30,2021-11-30,development
2020-11-30,VIG,12,0.12295857974782165,0.20439977246089103,-0.081441192713069377,0,2021-11-30,2021-11-30,development
2020-11-30,VMBS,12,0.12295857974782165,-0.0089381123135471308,0.13189669206136878,0,2021-11-30,2021-11-30,development
2020-11-30,VOO,12,0.12295857974782165,0.28128393861617162,-0.15832535886834997,0,2021-11-30,2021-11-30,development
2020-11-30,VWO,12,0.12295857974782165,0.027750446851639632,0.095208132896182018,0,2021-11-30,2021-11-30,development
2020-11-30,VXUS,12,0.12295857974782165,0.091867365463329298,0.031091214284492352,0,2021-11-30,2021-11-30,development
2020-12-31,BND,12,0.10604555079229572,-0.018623506283334534,0.12466905707563025,0,2021-12-31,2021-12-31,development
2020-12-31,DBC,12,0.10604555079229572,0.41360544217687067,-0.30755989138457496,0,2021-12-31,2021-12-31,development
2020-12-31,GLD,12,0.10604555079229572,-0.041489123121776217,0.14753467391407193,0,2021-12-31,2021-12-31,development
2020-12-31,VDE,12,0.10604555079229572,0.5621613738991873,-0.45611582310689158,0,2021-12-31,2021-12-31,development
2020-12-31,VGT,12,0.10604555079229572,0.30434319795417597,-0.19829764716188025,0,2021-12-31,2021-12-31,development
2020-12-31,VIG,12,0.10604555079229572,0.23753346086287896,-0.13148791007058325,0,2021-12-31,2021-12-31,development
2020-12-31,VMBS,12,0.10604555079229572,-0.012792037919686639,0.11883758871198236,0,2021-12-31,2021-12-31,development
2020-12-31,VOO,12,0.10604555079229572,0.28768799009111046,-0.18164243929881474,0,2021-12-31,2021-12-31,development
2020-12-31,VWO,12,0.10604555079229572,0.012385484257652957,0.093660066534642761,0,2021-12-31,2021-12-31,development
2020-12-31,VXUS,12,0.10604555079229572,0.089491001789219871,0.016554549003075847,0,2021-12-31,2021-12-31,development
2021-01-29,BND,12,0.27069171333370723,-0.029832469702178788,0.30052418303588602,0,2022-01-31,2022-01-31,development
2021-01-29,DBC,12,0.27069171333370723,0.47070441079657677,-0.20001269746286954,0,2022-01-31,2022-01-31,development
2021-01-29,GLD,12,0.27069171333370723,-0.031921673135971385,0.30261338646967861,0,2022-01-31,2022-01-31,development
2021-01-29,VDE,12,0.27069171333370723,0.74116691389717881,-0.47047520056347159,0,2022-01-31,2022-01-31,development
2021-01-29,VGT,12,0.27069171333370723,0.17502464322911826,0.095667070104588969,0,2022-01-31,2022-01-31,development
2021-01-29,VIG,12,0.27069171333370723,0.19339060543894937,0.077301107894757859,0,2022-01-31,2022-01-31,development
2021-01-29,VMBS,12,0.27069171333370723,-0.028083757882500171,0.2987754712162074,0,2022-01-31,2022-01-31,development
2021-01-29,VOO,12,0.27069171333370723,0.21065092968102261,0.060040783652684615,0,2022-01-31,2022-01-31,development
2021-01-29,VWO,12,0.27069171333370723,-0.044766473136128804,0.31545818646983603,0,2022-01-31,2022-01-31,development
2021-01-29,VXUS,12,0.27069171333370723,0.036177647475257535,0.23451406585844969,0,2022-01-31,2022-01-31,development
2021-02-26,BND,12,0.27147655327700182,-0.033638205323910708,0.30511475860091253,0,2022-02-28,2022-02-28,development
2021-02-26,DBC,12,0.27147655327700182,0.40286909742976662,-0.1313925441527648,0,2022-02-28,2022-02-28,development
2021-02-26,GLD,12,0.27147655327700182,0.091094493541808319,0.1803820597351935,0,2022-02-28,2022-02-28,development
2021-02-26,VDE,12,0.27147655327700182,0.49381868902716253,-0.22234213575016071,0,2022-02-28,2022-02-28,development
2021-02-26,VGT,12,0.27147655327700182,0.14087764956085436,0.13059890371614746,0,2022-02-28,2022-02-28,development
2021-02-26,VIG,12,0.27147655327700182,0.16230596588292001,0.10917058739408181,0,2022-02-28,2022-02-28,development
2021-02-26,VMBS,12,0.27147655327700182,-0.037074557686694098,0.30855111096369592,0,2022-02-28,2022-02-28,development
2021-02-26,VOO,12,0.27147655327700182,0.16678340704705596,0.10469314622994585,0,2022-02-28,2022-02-28,development
2021-02-26,VWO,12,0.27147655327700182,-0.054817406876636499,0.32629396015363832,0,2022-02-28,2022-02-28,development
2021-02-26,VXUS,12,0.27147655327700182,0.015842183492718931,0.25563436978428289,0,2022-02-28,2022-02-28,development
2021-03-31,BND,12,0.24822146083087371,-0.051651004651006027,0.29987246548187974,0,2022-03-31,2022-03-31,development
2021-03-31,DBC,12,0.24822146083087371,0.61955873583780563,-0.37133727500693192,0,2022-03-31,2022-03-31,development
2021-03-31,GLD,12,0.24822146083087371,0.12413708086784991,0.12408437996302379,0,2022-03-31,2022-03-31,development
2021-03-31,VDE,12,0.24822146083087371,0.64643938693206904,-0.39821792610119533,0,2022-03-31,2022-03-31,development
2021-03-31,VGT,12,0.24822146083087371,0.16742965818737088,0.08079180264350283,0,2022-03-31,2022-03-31,development
2021-03-31,VIG,12,0.24822146083087371,0.11505360847412383,0.13316785235674988,0,2022-03-31,2022-03-31,development
2021-03-31,VMBS,12,0.24822146083087371,-0.061808196558706952,0.31002965738958066,0,2022-03-31,2022-03-31,development
2021-03-31,VOO,12,0.24822146083087371,0.15871951303962883,0.089501947791244874,0,2022-03-31,2022-03-31,development
2021-03-31,VWO,12,0.24822146083087371,-0.087690501633809204,0.33591196246468291,0,2022-03-31,2022-03-31,development
2021-03-31,VXUS,12,0.24822146083087371,-0.021874241197131772,0.27009570202800548,0,2022-03-31,2022-03-31,development
2021-04-30,BND,12,0.085826823377926909,-0.087086427314283843,0.17291325069221075,0,2022-04-29,2022-04-29,development
2021-04-30,DBC,12,0.085826823377926909,0.53713009491903985,-0.45130327154111294,0,2022-04-29,2022-04-29,development
2021-04-30,GLD,12,0.085826823377926909,0.0679101774719304,0.017916645905996509,0,2022-04-29,2022-04-29,development
2021-04-30,VDE,12,0.085826823377926909,0.60583822900209361,-0.5200114056241667,0,2022-04-29,2022-04-29,development
2021-04-30,VGT,12,0.085826823377926909,-0.018927631157851676,0.10475445453577859,0,2022-04-29,2022-04-29,development
2021-04-30,VIG,12,0.085826823377926909,0.023585735065617008,0.0622410883123099,0,2022-04-29,2022-04-29,development
2021-04-30,VMBS,12,0.085826823377926909,-0.090567529561970006,0.17639435293989691,0,2022-04-29,2022-04-29,development
2021-04-30,VOO,12,0.085826823377926909,0.00074566621479799089,0.085081157163128918,0,2022-04-29,2022-04-29,development
2021-04-30,VWO,12,0.085826823377926909,-0.15767302520749737,0.24349984858542428,0,2022-04-29,2022-04-29,development
2021-04-30,VXUS,12,0.085826823377926909,-0.10692388563480959,0.1927507090127365,0,2022-04-29,2022-04-29,development
2021-05-31,BND,12,0.23749661269622191,-0.075650702484008514,0.31314731518023042,0,2022-05-31,2022-05-31,development
2021-05-31,DBC,12,0.23749661269622191,0.55913978494623628,-0.32164317225001438,0,2022-05-31,2022-05-31,development
2021-05-31,GLD,12,0.23749661269622191,-0.031001233322121347,0.26849784601834326,0,2022-05-31,2022-05-31,development
2021-05-31,VDE,12,0.23749661269622191,0.76437163830983246,-0.52687502561361055,0,2022-05-31,2022-05-31,development
2021-05-31,VGT,12,0.23749661269622191,-0.015141454659353459,0.25263806735557537,0,2022-05-31,2022-05-31,development
2021-05-31,VIG,12,0.23749661269622191,0.012046938980301514,0.2254496737159204,0,2022-05-31,2022-05-31,development
2021-05-31,VMBS,12,0.23749661269622191,-0.072759404829138674,0.31025601752536058,0,2022-05-31,2022-05-31,development
2021-05-31,VOO,12,0.23749661269622191,0.0022485220269368167,0.23524809066928509,0,2022-05-31,2022-05-31,development
2021-05-31,VWO,12,0.23749661269622191,-0.17936975008289835,0.41686636277912026,0,2022-05-31,2022-05-31,development
2021-05-31,VXUS,12,0.23749661269622191,-0.12113782495846959,0.3586344376546915,0,2022-05-31,2022-05-31,development
2021-06-30,BND,12,0.22022785013322466,-0.10593766581329322,0.32616551594651788,0,2022-06-30,2022-06-30,development
2021-06-30,DBC,12,0.22022785013322466,0.45866245392311766,-0.23843460378989301,0,2022-06-30,2022-06-30,development
2021-06-30,GLD,12,0.22022785013322466,0.021009664445645004,0.19921818568757965,0,2022-06-30,2022-06-30,development
2021-06-30,VDE,12,0.22022785013322466,0.3337096973157252,-0.11348184718250054,0,2022-06-30,2022-06-30,development
2021-06-30,VGT,12,0.22022785013322466,-0.11821059989941718,0.33843845003264184,0,2022-06-30,2022-06-30,development
2021-06-30,VIG,12,0.22022785013322466,-0.033218843106096019,0.25344669323932068,0,2022-06-30,2022-06-30,development
2021-06-30,VMBS,12,0.22022785013322466,-0.098850929766551965,0.31907877989977662,0,2022-06-30,2022-06-30,development
2021-06-30,VOO,12,0.22022785013322466,-0.072677474041612733,0.29290532417483739,0,2022-06-30,2022-06-30,development
2021-06-30,VWO,12,0.22022785013322466,-0.20390196031234298,0.42412981044556763,0,2022-06-30,2022-06-30,development
2021-06-30,VXUS,12,0.22022785013322466,-0.1832571691975351,0.40348501933075975,0,2022-06-30,2022-06-30,development
2021-07-30,BND,12,0.23173633734776899,-0.093533114768566517,0.32526945211633551,0,2022-07-29,2022-07-29,development
2021-07-30,DBC,12,0.23173633734776899,0.33897435897435901,-0.10723802162659002,0,2022-07-29,2022-07-29,development
2021-07-30,GLD,12,0.23173633734776899,-0.033682722883052629,0.26541906023082162,0,2022-07-29,2022-07-29,development
2021-07-30,VDE,12,0.23173633734776899,0.65512796685769548,-0.42339162950992648,0,2022-07-29,2022-07-29,development
2021-07-30,VGT,12,0.23173633734776899,-0.095238211997592082,0.32697454934536108,0,2022-07-29,2022-07-29,development
2021-07-30,VIG,12,0.23173633734776899,-0.022984220004506839,0.25472055735227583,0,2022-07-29,2022-07-29,development
2021-07-30,VMBS,12,0.23173633734776899,-0.067967279667278335,0.29970361701504733,0,2022-07-29,2022-07-29,development
2021-07-30,VOO,12,0.23173633734776899,-0.047071074587977435,0.27880741193574643,0,2022-07-29,2022-07-29,development
2021-07-30,VWO,12,0.23173633734776899,-0.16768863918139076,0.39942497652915976,0,2022-07-29,2022-07-29,development
2021-07-30,VXUS,12,0.23173633734776899,-0.14837022184435233,0.38010655919212133,0,2022-07-29,2022-07-29,development
2021-08-31,BND,12,0.30783604127868447,-0.11034022133201471,0.41817626261069918,0,2022-08-31,2022-08-31,development
2021-08-31,DBC,12,0.30783604127868447,0.38697916666666665,-0.079143125387982183,0,2022-08-31,2022-08-31,development
2021-08-31,GLD,12,0.30783604127868447,-0.049532875022034184,0.35736891630071865,0,2022-08-31,2022-08-31,development
2021-08-31,VDE,12,0.30783604127868447,0.7596456929167299,-0.45180965163804543,0,2022-08-31,2022-08-31,development
2021-08-31,VGT,12,0.30783604127868447,-0.14452646250801493,0.4523625037866994,0,2022-08-31,2022-08-31,development
2021-08-31,VIG,12,0.30783604127868447,-0.051980956522637567,0.35981699780132204,0,2022-08-31,2022-08-31,development
2021-08-31,VMBS,12,0.30783604127868447,-0.089700193228573144,0.39753623450725761,0,2022-08-31,2022-08-31,development
2021-08-31,VOO,12,0.30783604127868447,-0.08712113750066397,0.39495717877934844,0,2022-08-31,2022-08-31,development
2021-08-31,VWO,12,0.30783604127868447,-0.1641843726413148,0.47202041391999927,0,2022-08-31,2022-08-31,development
2021-08-31,VXUS,12,0.30783604127868447,-0.1824970839546799,0.49033312523336436,0,2022-08-31,2022-08-31,development
2021-09-30,BND,12,0.29296132523489482,-0.1502678871061951,0.44322921234108992,0,2022-09-30,2022-09-30,development
2021-09-30,DBC,12,0.29296132523489482,0.20030120481927693,0.092660120415617886,0,2022-09-30,2022-09-30,development
2021-09-30,GLD,12,0.29296132523489482,-0.052847519902020967,0.34580884513691579,0,2022-09-30,2022-09-30,development
2021-09-30,VDE,12,0.29296132523489482,0.4726742842005931,-0.17971295896569828,0,2022-09-30,2022-09-30,development
2021-09-30,VGT,12,0.29296132523489482,-0.26544019231069271,0.55840151754558753,0,2022-09-30,2022-09-30,development
2021-09-30,VIG,12,0.29296132523489482,-0.12976762216054982,0.42272894739544464,0,2022-09-30,2022-09-30,development
2021-09-30,VMBS,12,0.29296132523489482,-0.14018848789518534,0.43314981313008016,0,2022-09-30,2022-09-30,development
2021-09-30,VOO,12,0.29296132523489482,-0.18329968117279916,0.47626100640769398,0,2022-09-30,2022-09-30,development
2021-09-30,VWO,12,0.29296132523489482,-0.25140593850775317,0.54436726374264799,0,2022-09-30,2022-09-30,development
2021-09-30,VXUS,12,0.29296132523489482,-0.26878665825198778,0.5617479834868826,0,2022-09-30,2022-09-30,development
2021-10-29,BND,12,0.39222482282658833,-0.15334177418815753,0.54556659701474586,0,2022-10-31,2022-10-31,development
2021-10-29,DBC,12,0.39222482282658833,0.18501170960187352,0.20721311322471481,0,2022-10-31,2022-10-31,development
2021-10-29,GLD,12,0.39222482282658833,-0.080948094809480953,0.47317291763606928,0,2022-10-31,2022-10-31,development
2021-10-29,VDE,12,0.39222482282658833,0.60290494779219861,-0.21068012496561028,0,2022-10-31,2022-10-31,development
2021-10-29,VGT,12,0.39222482282658833,-0.22433509780342609,0.61655992063001441,0,2022-10-31,2022-10-31,development
2021-10-29,VIG,12,0.39222482282658833,-0.073473032106049385,0.46569785493263771,0,2022-10-31,2022-10-31,development
2021-10-29,VMBS,12,0.39222482282658833,-0.14455018507469486,0.53677500790128319,0,2022-10-31,2022-10-31,development
2021-10-29,VOO,12,0.39222482282658833,-0.14045039802567205,0.53267522085226038,0,2022-10-31,2022-10-31,development
2021-10-29,VWO,12,0.39222482282658833,-0.27396487693723437,0.6661896997638227,0,2022-10-31,2022-10-31,development
2021-10-29,VXUS,12,0.39222482282658833,-0.24157491022303745,0.63379973304962578,0,2022-10-31,2022-10-31,development
2021-11-30,BND,12,0.41662767534244383,-0.12770158036379631,0.54432925570624013,0,2022-11-30,2022-11-30,development
2021-11-30,DBC,12,0.41662767534244383,0.2361457813280079,0.18048189401443593,0,2022-11-30,2022-11-30,development
2021-11-30,GLD,12,0.41662767534244383,-0.02175606832484267,0.4383837436672865,0,2022-11-30,2022-11-30,development
2021-11-30,VDE,12,0.41662767534244383,0.72093405939781174,-0.30430638405536792,0,2022-11-30,2022-11-30,development
2021-11-30,VGT,12,0.41662767534244383,-0.22033933397212213,0.63696700931456596,0,2022-11-30,2022-11-30,development
2021-11-30,VIG,12,0.41662767534244383,-0.024722358603609051,0.44135003394605288,0,2022-11-30,2022-11-30,development
2021-11-30,VMBS,12,0.41662767534244383,-0.11523344447604256,0.53186111981848638,0,2022-11-30,2022-11-30,development
2021-11-30,VOO,12,0.41662767534244383,-0.11053639728745102,0.52716407262989484,0,2022-11-30,2022-11-30,development
2021-11-30,VWO,12,0.41662767534244383,-0.18252549719856226,0.59915317254100608,0,2022-11-30,2022-11-30,development
2021-11-30,VXUS,12,0.41662767534244383,-0.1288004039083418,0.54542807925078562,0,2022-11-30,2022-11-30,development
2021-12-31,BND,12,0.26810203185621106,-0.13117110802832255,0.39927313988453361,0,2022-12-30,2022-12-30,development
2021-12-31,DBC,12,0.26810203185621106,0.193339947948868,0.074762083907343069,0,2022-12-30,2022-12-30,development
2021-12-31,GLD,12,0.26810203185621106,-0.0077211043518953248,0.27582313620810639,0,2022-12-30,2022-12-30,development
2021-12-31,VDE,12,0.26810203185621106,0.62926531862262713,-0.36116328676641607,0,2022-12-30,2022-12-30,development
2021-12-31,VGT,12,0.26810203185621106,-0.29689786335122825,0.56499989520743932,0,2022-12-30,2022-12-30,development
2021-12-31,VIG,12,0.26810203185621106,-0.098118989420677871,0.36622102127688894,0,2022-12-30,2022-12-30,development
2021-12-31,VMBS,12,0.26810203185621106,-0.11901355678679015,0.38711558864300122,0,2022-12-30,2022-12-30,development
2021-12-31,VOO,12,0.26810203185621106,-0.18196385042590124,0.45006588228211231,0,2022-12-30,2022-12-30,development
2021-12-31,VWO,12,0.26810203185621106,-0.18020304964811429,0.44830508150432535,0,2022-12-30,2022-12-30,development
2021-12-31,VXUS,12,0.26810203185621106,-0.16104894818260496,0.42915098003881602,0,2022-12-30,2022-12-30,development
2022-01-31,BND,12,0.24652491285145461,-0.085728239565548647,0.33225315241700326,0,2023-01-31,2023-01-31,development
2022-01-31,DBC,12,0.24652491285145461,0.1154128324968724,0.13111208035458222,0,2023-01-31,2023-01-31,development
2022-01-31,GLD,12,0.24652491285145461,0.072531418312387741,0.17399349453906687,0,2023-01-31,2023-01-31,development
2022-01-31,VDE,12,0.24652491285145461,0.45131152174196454,-0.20478660889050992,0,2023-01-31,2023-01-31,development
2022-01-31,VGT,12,0.24652491285145461,-0.13373742159689816,0.38026233444835278,0,2023-01-31,2023-01-31,development
2022-01-31,VIG,12,0.24652491285145461,-0.014756421861376157,0.26128133471283077,0,2023-01-31,2023-01-31,development
2022-01-31,VMBS,12,0.24652491285145461,-0.072419521683693699,0.31894443453514831,0,2023-01-31,2023-01-31,development
2022-01-31,VOO,12,0.24652491285145461,-0.067063324758074083,0.3135882376095287,0,2023-01-31,2023-01-31,development
2022-01-31,VWO,12,0.24652491285145461,-0.073044767702904911,0.31956968055435953,0,2023-01-31,2023-01-31,development
2022-01-31,VXUS,12,0.24652491285145461,-0.038413876958616755,0.28493878981007137,0,2023-01-31,2023-01-31,development
2022-02-28,BND,12,0.32678807120526665,-0.092728609196720879,0.41951668040198753,0,2023-02-28,2023-02-28,development
2022-02-28,DBC,12,0.32678807120526665,0.014560540333298677,0.31222753087196797,0,2023-02-28,2023-02-28,development
2022-02-28,GLD,12,0.32678807120526665,-0.046445766071934402,0.37323383727720105,0,2023-02-28,2023-02-28,development
2022-02-28,VDE,12,0.32678807120526665,0.2884461542854817,0.038341916919784946,0,2023-02-28,2023-02-28,development
2022-02-28,VGT,12,0.32678807120526665,-0.12357076823910307,0.45035883944436972,0,2023-02-28,2023-02-28,development
2022-02-28,VIG,12,0.32678807120526665,-0.024110846732182112,0.35089891793744876,0,2023-02-28,2023-02-28,development
2022-02-28,VMBS,12,0.32678807120526665,-0.086234955435847027,0.41302302664111368,0,2023-02-28,2023-02-28,development
2022-02-28,VOO,12,0.32678807120526665,-0.0798705979536386,0.40665866915890525,0,2023-02-28,2023-02-28,development
2022-02-28,VWO,12,0.32678807120526665,-0.15140675730858155,0.4781948285138482,0,2023-02-28,2023-02-28,development
2022-02-28,VXUS,12,0.32678807120526665,-0.089605196761082473,0.41639326796634912,0,2023-02-28,2023-02-28,development
2022-03-31,BND,12,0.23029859875688485,-0.037338193316535984,0.26763679207342084,0,2023-03-31,2023-03-31,development
2022-03-31,DBC,12,0.23029859875688485,-0.12068648595763154,0.35098508471451639,0,2023-03-31,2023-03-31,development
2022-03-31,GLD,12,0.23029859875688485,0.0046057681763351788,0.22569283058054967,0,2023-03-31,2023-03-31,development
2022-03-31,VDE,12,0.23029859875688485,0.078838544692187096,0.15146005406469776,0,2023-03-31,2023-03-31,development
2022-03-31,VGT,12,0.23029859875688485,-0.061750345652895944,0.2920489444097808,0,2023-03-31,2023-03-31,development
2022-03-31,VIG,12,0.23029859875688485,-0.030193736492034162,0.26049233524891902,0,2023-03-31,2023-03-31,development
2022-03-31,VMBS,12,0.23029859875688485,-0.036469762507084558,0.26676836126396941,0,2023-03-31,2023-03-31,development
2022-03-31,VOO,12,0.23029859875688485,-0.080675154488144996,0.31097375324502985,0,2023-03-31,2023-03-31,development
2022-03-31,VWO,12,0.23029859875688485,-0.090171893249523905,0.32047049200640876,0,2023-03-31,2023-03-31,development
2022-03-31,VXUS,12,0.23029859875688485,-0.048334644760874457,0.27863324351775931,0,2023-03-31,2023-03-31,development
2022-04-29,BND,12,0.27452976445685184,-0.0020289507394283257,0.27655871519628017,0,2023-04-28,2023-04-28,development
2022-04-29,DBC,12,0.27452976445685184,-0.13908183065794577,0.41361159511479761,0,2023-04-28,2023-04-28,development
2022-04-29,GLD,12,0.27452976445685184,0.044598948617941447,0.2299308158389104,0,2023-04-28,2023-04-28,development
2022-04-29,VDE,12,0.27452976445685184,0.16004813345683111,0.11448163100002073,0,2023-04-28,2023-04-28,development
2022-04-29,VGT,12,0.27452976445685184,0.056109212269714437,0.21842055218713741,0,2023-04-28,2023-04-28,development
2022-04-29,VIG,12,0.27452976445685184,0.045426913807958602,0.22910285064889324,0,2023-04-28,2023-04-28,development
2022-04-29,VMBS,12,0.27452976445685184,-0.0069585889918422072,0.28148835344869405,0,2023-04-28,2023-04-28,development
2022-04-29,VOO,12,0.27452976445685184,0.026227849049544005,0.24830191540730784,0,2023-04-28,2023-04-28,development
2022-04-29,VWO,12,0.27452976445685184,-0.038492120581244849,0.31302188503809669,0,2023-04-28,2023-04-28,development
2022-04-29,VXUS,12,0.27452976445685184,0.039022183910736974,0.23550758054611487,0,2023-04-28,2023-04-28,development
2022-05-31,BND,12,0.071118293387950615,-0.036932270706368731,0.10805056409431935,0,2023-05-31,2023-05-31,development
2022-05-31,DBC,12,0.071118293387950615,-0.20804462191710438,0.27916291530505499,0,2023-05-31,2023-05-31,development
2022-05-31,GLD,12,0.071118293387950615,0.046687879664448984,0.024430413723501632,0,2023-05-31,2023-05-31,development
2022-05-31,VDE,12,0.071118293387950615,-0.07734958960703997,0.14846788299499059,0,2023-05-31,2023-05-31,development
2022-05-31,VGT,12,0.071118293387950615,0.15991709033425461,-0.088798796946303993,0,2023-05-31,2023-05-31,development
2022-05-31,VIG,12,0.071118293387950615,0.018570147843268492,0.052548145544682123,0,2023-05-31,2023-05-31,development
2022-05-31,VMBS,12,0.071118293387950615,-0.045175014617534259,0.11629330800548487,0,2023-05-31,2023-05-31,development
2022-05-31,VOO,12,0.071118293387950615,0.02807308194007474,0.043045211447875875,0,2023-05-31,2023-05-31,development
2022-05-31,VWO,12,0.071118293387950615,-0.038961568682851722,0.11007986207080234,0,2023-05-31,2023-05-31,development
2022-05-31,VXUS,12,0.071118293387950615,0.0074159579466754888,0.063702335441275126,0,2023-05-31,2023-05-31,development
2022-06-30,BND,12,0.1448461686285929,-0.0017190833637951153,0.14656525199238801,0,2023-06-30,2023-06-30,development
2022-06-30,DBC,12,0.1448461686285929,-0.17559828430200597,0.32044445293059887,0,2023-06-30,2023-06-30,development
2022-06-30,GLD,12,0.1448461686285929,0.048092186489505639,0.096753982139087258,0,2023-06-30,2023-06-30,development
2022-06-30,VDE,12,0.1448461686285929,0.18246075861494226,-0.037614589986349367,0,2023-06-30,2023-06-30,development
2022-06-30,VGT,12,0.1448461686285929,0.29638008662826398,-0.15153391799967109,0,2023-06-30,2023-06-30,development
2022-06-30,VIG,12,0.1448461686285929,0.13187536884499584,0.012970799783597053,0,2023-06-30,2023-06-30,development
2022-06-30,VMBS,12,0.1448461686285929,-0.0017963356132599806,0.14664250424185288,0,2023-06-30,2023-06-30,development
2022-06-30,VOO,12,0.1448461686285929,0.15536476428497115,-0.010518595656378249,0,2023-06-30,2023-06-30,development
2022-06-30,VWO,12,0.1448461686285929,-0.001136680477552332,0.14598284910614523,0,2023-06-30,2023-06-30,development
2022-06-30,VXUS,12,0.1448461686285929,0.10221968277675253,0.042626485851840368,0,2023-06-30,2023-06-30,development
2022-07-29,BND,12,0.090007642765921991,-0.033384934645027786,0.12339257741094978,0,2023-07-31,2023-07-31,development
2022-07-29,DBC,12,0.090007642765921991,-0.052961127590606338,0.14296877035652833,0,2023-07-31,2023-07-31,development
2022-07-29,GLD,12,0.090007642765921991,0.10822669104204774,-0.018219048276125749,0,2023-07-31,2023-07-31,development
2022-07-29,VDE,12,0.090007642765921991,0.13717389831651672,-0.047166255550594727,0,2023-07-31,2023-07-31,development
2022-07-29,VGT,12,0.090007642765921991,0.23310075253037876,-0.14309310976445677,0,2023-07-31,2023-07-31,development
2022-07-29,VIG,12,0.090007642765921991,0.10659196093120382,-0.016584318165281831,0,2023-07-31,2023-07-31,development
2022-07-29,VMBS,12,0.090007642765921991,-0.043095630322975031,0.13310327308889702,0,2023-07-31,2023-07-31,development
2022-07-29,VOO,12,0.090007642765921991,0.12751065553798946,-0.037503012772067468,0,2023-07-31,2023-07-31,development
2022-07-29,VWO,12,0.090007642765921991,0.078561067162599141,0.011446575603322851,0,2023-07-31,2023-07-31,development
2022-07-29,VXUS,12,0.090007642765921991,0.12301698771550718,-0.033009344949585184,0,2023-07-31,2023-07-31,development
2022-08-31,BND,12,0.06255676775994079,-0.027160767838114053,0.089717535598054843,0,2023-08-31,2023-08-31,development
2022-08-31,DBC,12,0.06255676775994079,-0.07787581677911426,0.14043258453905505,0,2023-08-31,2023-08-31,development
2022-08-31,GLD,12,0.06255676775994079,0.098046488625123773,-0.035489720865182983,0,2023-08-31,2023-08-31,development
2022-08-31,VDE,12,0.06255676775994079,0.094511708684336559,-0.031954940924395769,0,2023-08-31,2023-08-31,development
2022-08-31,VGT,12,0.06255676775994079,0.1934315328620182,-0.13087476510207741,0,2023-08-31,2023-08-31,development
2022-08-31,VIG,12,0.06255676775994079,0.086574267520444392,-0.024017499760503602,0,2023-08-31,2023-08-31,development
2022-08-31,VMBS,12,0.06255676775994079,-0.037107322664179931,0.099664090424120722,0,2023-08-31,2023-08-31,development
2022-08-31,VOO,12,0.06255676775994079,0.1037295964067162,-0.041172828646775406,0,2023-08-31,2023-08-31,development
2022-08-31,VWO,12,0.06255676775994079,-0.0022535215793255681,0.064810289339266358,0,2023-08-31,2023-08-31,development
2022-08-31,VXUS,12,0.06255676775994079,0.089080837825690651,-0.026524070065749861,0,2023-08-31,2023-08-31,development
