date,benchmark,horizon,target_end,available,pgr_start_observation,pgr_end_observation,benchmark_start_observation,benchmark_end_observation
2004-02-27,VGT,6,2004-08-31,2004-08-31,2004-02-27,2004-08-27,2004-02-27,2004-08-27
2004-03-31,VGT,6,2004-09-30,2004-09-30,2004-03-26,2004-09-24,2004-03-26,2004-09-24
2004-04-30,VGT,6,2004-10-29,2004-10-29,2004-04-30,2004-10-29,2004-04-30,2004-10-29
2004-05-31,VGT,6,2004-11-30,2004-11-30,2004-05-28,2004-11-26,2004-05-28,2004-11-26
2004-06-30,VGT,6,2004-12-31,2004-12-31,2004-06-25,2004-12-31,2004-06-25,2004-12-31
2004-07-30,VGT,6,2005-01-31,2005-01-31,2004-07-30,2005-01-28,2004-07-30,2005-01-28
2004-08-31,VGT,6,2005-02-28,2005-02-28,2004-08-27,2005-02-25,2004-08-27,2005-02-25
2004-09-30,VGT,6,2005-03-31,2005-03-31,2004-09-24,2005-03-24,2004-09-24,2005-03-24
2004-10-29,VDE,6,2005-04-29,2005-04-29,2004-10-29,2005-04-29,2004-10-29,2005-04-29
2004-10-29,VGT,6,2005-04-29,2005-04-29,2004-10-29,2005-04-29,2004-10-29,2005-04-29
2004-11-30,GLD,6,2005-05-31,2005-05-31,2004-11-26,2005-05-27,2004-11-26,2005-05-27
2004-11-30,VDE,6,2005-05-31,2005-05-31,2004-11-26,2005-05-27,2004-11-26,2005-05-27
2004-11-30,VGT,6,2005-05-31,2005-05-31,2004-11-26,2005-05-27,2004-11-26,2005-05-27
2004-12-31,GLD,6,2005-06-30,2005-06-30,2004-12-31,2005-06-24,2004-12-31,2005-06-24
2004-12-31,VDE,6,2005-06-30,2005-06-30,2004-12-31,2005-06-24,2004-12-31,2005-06-24
2004-12-31,VGT,6,2005-06-30,2005-06-30,2004-12-31,2005-06-24,2004-12-31,2005-06-24
2005-01-31,GLD,6,2005-07-29,2005-07-29,2005-01-28,2005-07-29,2005-01-28,2005-07-29
2005-01-31,VDE,6,2005-07-29,2005-07-29,2005-01-28,2005-07-29,2005-01-28,2005-07-29
2005-01-31,VGT,6,2005-07-29,2005-07-29,2005-01-28,2005-07-29,2005-01-28,2005-07-29
2005-02-28,GLD,6,2005-08-31,2005-08-31,2005-02-25,2005-08-26,2005-02-25,2005-08-26
2005-02-28,VDE,6,2005-08-31,2005-08-31,2005-02-25,2005-08-26,2005-02-25,2005-08-26
2005-02-28,VGT,6,2005-08-31,2005-08-31,2005-02-25,2005-08-26,2005-02-25,2005-08-26
2005-03-31,GLD,6,2005-09-30,2005-09-30,2005-03-24,2005-09-30,2005-03-24,2005-09-30
2005-03-31,VDE,6,2005-09-30,2005-09-30,2005-03-24,2005-09-30,2005-03-24,2005-09-30
2005-03-31,VGT,6,2005-09-30,2005-09-30,2005-03-24,2005-09-30,2005-03-24,2005-09-30
2005-03-31,VWO,6,2005-09-30,2005-09-30,2005-03-24,2005-09-30,2005-03-24,2005-09-30
2005-04-29,GLD,6,2005-10-31,2005-10-31,2005-04-29,2005-10-28,2005-04-29,2005-10-28
2005-04-29,VDE,6,2005-10-31,2005-10-31,2005-04-29,2005-10-28,2005-04-29,2005-10-28
2005-04-29,VGT,6,2005-10-31,2005-10-31,2005-04-29,2005-10-28,2005-04-29,2005-10-28
2005-04-29,VWO,6,2005-10-31,2005-10-31,2005-04-29,2005-10-28,2005-04-29,2005-10-28
2005-05-31,GLD,6,2005-11-30,2005-11-30,2005-05-27,2005-11-25,2005-05-27,2005-11-25
2005-05-31,VDE,6,2005-11-30,2005-11-30,2005-05-27,2005-11-25,2005-05-27,2005-11-25
2005-05-31,VGT,6,2005-11-30,2005-11-30,2005-05-27,2005-11-25,2005-05-27,2005-11-25
2005-05-31,VWO,6,2005-11-30,2005-11-30,2005-05-27,2005-11-25,2005-05-27,2005-11-25
2005-06-30,GLD,6,2005-12-30,2005-12-30,2005-06-24,2005-12-30,2005-06-24,2005-12-30
2005-06-30,VDE,6,2005-12-30,2005-12-30,2005-06-24,2005-12-30,2005-06-24,2005-12-30
2005-06-30,VGT,6,2005-12-30,2005-12-30,2005-06-24,2005-12-30,2005-06-24,2005-12-30
2005-06-30,VWO,6,2005-12-30,2005-12-30,2005-06-24,2005-12-30,2005-06-24,2005-12-30
2005-07-29,GLD,6,2006-01-31,2006-01-31,2005-07-29,2006-01-27,2005-07-29,2006-01-27
2005-07-29,VDE,6,2006-01-31,2006-01-31,2005-07-29,2006-01-27,2005-07-29,2006-01-27
2005-07-29,VGT,6,2006-01-31,2006-01-31,2005-07-29,2006-01-27,2005-07-29,2006-01-27
2005-07-29,VWO,6,2006-01-31,2006-01-31,2005-07-29,2006-01-27,2005-07-29,2006-01-27
2005-08-31,GLD,6,2006-02-28,2006-02-28,2005-08-26,2006-02-24,2005-08-26,2006-02-24
2005-08-31,VDE,6,2006-02-28,2006-02-28,2005-08-26,2006-02-24,2005-08-26,2006-02-24
2005-08-31,VGT,6,2006-02-28,2006-02-28,2005-08-26,2006-02-24,2005-08-26,2006-02-24
2005-08-31,VWO,6,2006-02-28,2006-02-28,2005-08-26,2006-02-24,2005-08-26,2006-02-24
2005-09-30,GLD,6,2006-03-31,2006-03-31,2005-09-30,2006-03-31,2005-09-30,2006-03-31
2005-09-30,VDE,6,2006-03-31,2006-03-31,2005-09-30,2006-03-31,2005-09-30,2006-03-31
2005-09-30,VGT,6,2006-03-31,2006-03-31,2005-09-30,2006-03-31,2005-09-30,2006-03-31
2005-09-30,VWO,6,2006-03-31,2006-03-31,2005-09-30,2006-03-31,2005-09-30,2006-03-31
2005-10-31,GLD,6,2006-04-28,2006-04-28,2005-10-28,2006-04-28,2005-10-28,2006-04-28
2005-10-31,VDE,6,2006-04-28,2006-04-28,2005-10-28,2006-04-28,2005-10-28,2006-04-28
2005-10-31,VGT,6,2006-04-28,2006-04-28,2005-10-28,2006-04-28,2005-10-28,2006-04-28
2005-10-31,VWO,6,2006-04-28,2006-04-28,2005-10-28,2006-04-28,2005-10-28,2006-04-28
2005-11-30,GLD,6,2006-05-31,2006-05-31,2005-11-25,2006-05-26,2005-11-25,2006-05-26
2005-11-30,VDE,6,2006-05-31,2006-05-31,2005-11-25,2006-05-26,2005-11-25,2006-05-26
2005-11-30,VGT,6,2006-05-31,2006-05-31,2005-11-25,2006-05-26,2005-11-25,2006-05-26
2005-11-30,VWO,6,2006-05-31,2006-05-31,2005-11-25,2006-05-26,2005-11-25,2006-05-26
2005-12-30,GLD,6,2006-06-30,2006-06-30,2005-12-30,2006-06-30,2005-12-30,2006-06-30
2005-12-30,VDE,6,2006-06-30,2006-06-30,2005-12-30,2006-06-30,2005-12-30,2006-06-30
2005-12-30,VGT,6,2006-06-30,2006-06-30,2005-12-30,2006-06-30,2005-12-30,2006-06-30
2005-12-30,VWO,6,2006-06-30,2006-06-30,2005-12-30,2006-06-30,2005-12-30,2006-06-30
2006-01-31,GLD,6,2006-07-31,2006-07-31,2006-01-27,2006-07-28,2006-01-27,2006-07-28
2006-01-31,VDE,6,2006-07-31,2006-07-31,2006-01-27,2006-07-28,2006-01-27,2006-07-28
2006-01-31,VGT,6,2006-07-31,2006-07-31,2006-01-27,2006-07-28,2006-01-27,2006-07-28
2006-01-31,VWO,6,2006-07-31,2006-07-31,2006-01-27,2006-07-28,2006-01-27,2006-07-28
2006-02-28,DBC,6,2006-08-31,2006-08-31,2006-02-24,2006-08-25,2006-02-24,2006-08-25
2006-02-28,GLD,6,2006-08-31,2006-08-31,2006-02-24,2006-08-25,2006-02-24,2006-08-25
2006-02-28,VDE,6,2006-08-31,2006-08-31,2006-02-24,2006-08-25,2006-02-24,2006-08-25
2006-02-28,VGT,6,2006-08-31,2006-08-31,2006-02-24,2006-08-25,2006-02-24,2006-08-25
2006-02-28,VWO,6,2006-08-31,2006-08-31,2006-02-24,2006-08-25,2006-02-24,2006-08-25
2006-03-31,DBC,6,2006-09-29,2006-09-29,2006-03-31,2006-09-29,2006-03-31,2006-09-29
2006-03-31,GLD,6,2006-09-29,2006-09-29,2006-03-31,2006-09-29,2006-03-31,2006-09-29
2006-03-31,VDE,6,2006-09-29,2006-09-29,2006-03-31,2006-09-29,2006-03-31,2006-09-29
2006-03-31,VGT,6,2006-09-29,2006-09-29,2006-03-31,2006-09-29,2006-03-31,2006-09-29
2006-03-31,VWO,6,2006-09-29,2006-09-29,2006-03-31,2006-09-29,2006-03-31,2006-09-29
2006-04-28,DBC,6,2006-10-31,2006-10-31,2006-04-28,2006-10-27,2006-04-28,2006-10-27
2006-04-28,GLD,6,2006-10-31,2006-10-31,2006-04-28,2006-10-27,2006-04-28,2006-10-27
2006-04-28,VDE,6,2006-10-31,2006-10-31,2006-04-28,2006-10-27,2006-04-28,2006-10-27
2006-04-28,VGT,6,2006-10-31,2006-10-31,2006-04-28,2006-10-27,2006-04-28,2006-10-27
2006-04-28,VWO,6,2006-10-31,2006-10-31,2006-04-28,2006-10-27,2006-04-28,2006-10-27
2006-05-31,DBC,6,2006-11-30,2006-11-30,2006-05-26,2006-11-24,2006-05-26,2006-11-24
2006-05-31,GLD,6,2006-11-30,2006-11-30,2006-05-26,2006-11-24,2006-05-26,2006-11-24
2006-05-31,VDE,6,2006-11-30,2006-11-30,2006-05-26,2006-11-24,2006-05-26,2006-11-24
2006-05-31,VGT,6,2006-11-30,2006-11-30,2006-05-26,2006-11-24,2006-05-26,2006-11-24
2006-05-31,VIG,6,2006-11-30,2006-11-30,2006-05-26,2006-11-24,2006-05-26,2006-11-24
2006-05-31,VWO,6,2006-11-30,2006-11-30,2006-05-26,2006-11-24,2006-05-26,2006-11-24
2006-06-30,DBC,6,2006-12-29,2006-12-29,2006-06-30,2006-12-29,2006-06-30,2006-12-29
2006-06-30,GLD,6,2006-12-29,2006-12-29,2006-06-30,2006-12-29,2006-06-30,2006-12-29
2006-06-30,VDE,6,2006-12-29,2006-12-29,2006-06-30,2006-12-29,2006-06-30,2006-12-29
2006-06-30,VGT,6,2006-12-29,2006-12-29,2006-06-30,2006-12-29,2006-06-30,2006-12-29
2006-06-30,VIG,6,2006-12-29,2006-12-29,2006-06-30,2006-12-29,2006-06-30,2006-12-29
2006-06-30,VWO,6,2006-12-29,2006-12-29,2006-06-30,2006-12-29,2006-06-30,2006-12-29
2006-07-31,DBC,6,2007-01-31,2007-01-31,2006-07-28,2007-01-26,2006-07-28,2007-01-26
2006-07-31,GLD,6,2007-01-31,2007-01-31,2006-07-28,2007-01-26,2006-07-28,2007-01-26
2006-07-31,VDE,6,2007-01-31,2007-01-31,2006-07-28,2007-01-26,2006-07-28,2007-01-26
2006-07-31,VGT,6,2007-01-31,2007-01-31,2006-07-28,2007-01-26,2006-07-28,2007-01-26
2006-07-31,VIG,6,2007-01-31,2007-01-31,2006-07-28,2007-01-26,2006-07-28,2007-01-26
2006-07-31,VWO,6,2007-01-31,2007-01-31,2006-07-28,2007-01-26,2006-07-28,2007-01-26
2006-08-31,DBC,6,2007-02-28,2007-02-28,2006-08-25,2007-02-23,2006-08-25,2007-02-23
2006-08-31,GLD,6,2007-02-28,2007-02-28,2006-08-25,2007-02-23,2006-08-25,2007-02-23
2006-08-31,VDE,6,2007-02-28,2007-02-28,2006-08-25,2007-02-23,2006-08-25,2007-02-23
2006-08-31,VGT,6,2007-02-28,2007-02-28,2006-08-25,2007-02-23,2006-08-25,2007-02-23
2006-08-31,VIG,6,2007-02-28,2007-02-28,2006-08-25,2007-02-23,2006-08-25,2007-02-23
2006-08-31,VWO,6,2007-02-28,2007-02-28,2006-08-25,2007-02-23,2006-08-25,2007-02-23
2006-09-29,DBC,6,2007-03-30,2007-03-30,2006-09-29,2007-03-30,2006-09-29,2007-03-30
2006-09-29,GLD,6,2007-03-30,2007-03-30,2006-09-29,2007-03-30,2006-09-29,2007-03-30
2006-09-29,VDE,6,2007-03-30,2007-03-30,2006-09-29,2007-03-30,2006-09-29,2007-03-30
2006-09-29,VGT,6,2007-03-30,2007-03-30,2006-09-29,2007-03-30,2006-09-29,2007-03-30
2006-09-29,VIG,6,2007-03-30,2007-03-30,2006-09-29,2007-03-30,2006-09-29,2007-03-30
2006-09-29,VWO,6,2007-03-30,2007-03-30,2006-09-29,2007-03-30,2006-09-29,2007-03-30
2006-10-31,DBC,6,2007-04-30,2007-04-30,2006-10-27,2007-04-27,2006-10-27,2007-04-27
2006-10-31,GLD,6,2007-04-30,2007-04-30,2006-10-27,2007-04-27,2006-10-27,2007-04-27
2006-10-31,VDE,6,2007-04-30,2007-04-30,2006-10-27,2007-04-27,2006-10-27,2007-04-27
2006-10-31,VGT,6,2007-04-30,2007-04-30,2006-10-27,2007-04-27,2006-10-27,2007-04-27
2006-10-31,VIG,6,2007-04-30,2007-04-30,2006-10-27,2007-04-27,2006-10-27,2007-04-27
2006-10-31,VWO,6,2007-04-30,2007-04-30,2006-10-27,2007-04-27,2006-10-27,2007-04-27
2006-11-30,DBC,6,2007-05-31,2007-05-31,2006-11-24,2007-05-25,2006-11-24,2007-05-25
2006-11-30,GLD,6,2007-05-31,2007-05-31,2006-11-24,2007-05-25,2006-11-24,2007-05-25
2006-11-30,VDE,6,2007-05-31,2007-05-31,2006-11-24,2007-05-25,2006-11-24,2007-05-25
2006-11-30,VGT,6,2007-05-31,2007-05-31,2006-11-24,2007-05-25,2006-11-24,2007-05-25
2006-11-30,VIG,6,2007-05-31,2007-05-31,2006-11-24,2007-05-25,2006-11-24,2007-05-25
2006-11-30,VWO,6,2007-05-31,2007-05-31,2006-11-24,2007-05-25,2006-11-24,2007-05-25
2006-12-29,DBC,6,2007-06-29,2007-06-29,2006-12-29,2007-06-29,2006-12-29,2007-06-29
2006-12-29,GLD,6,2007-06-29,2007-06-29,2006-12-29,2007-06-29,2006-12-29,2007-06-29
2006-12-29,VDE,6,2007-06-29,2007-06-29,2006-12-29,2007-06-29,2006-12-29,2007-06-29
2006-12-29,VGT,6,2007-06-29,2007-06-29,2006-12-29,2007-06-29,2006-12-29,2007-06-29
2006-12-29,VIG,6,2007-06-29,2007-06-29,2006-12-29,2007-06-29,2006-12-29,2007-06-29
2006-12-29,VWO,6,2007-06-29,2007-06-29,2006-12-29,2007-06-29,2006-12-29,2007-06-29
2007-01-31,DBC,6,2007-07-31,2007-07-31,2007-01-26,2007-07-27,2007-01-26,2007-07-27
2007-01-31,GLD,6,2007-07-31,2007-07-31,2007-01-26,2007-07-27,2007-01-26,2007-07-27
2007-01-31,VDE,6,2007-07-31,2007-07-31,2007-01-26,2007-07-27,2007-01-26,2007-07-27
2007-01-31,VGT,6,2007-07-31,2007-07-31,2007-01-26,2007-07-27,2007-01-26,2007-07-27
2007-01-31,VIG,6,2007-07-31,2007-07-31,2007-01-26,2007-07-27,2007-01-26,2007-07-27
2007-01-31,VWO,6,2007-07-31,2007-07-31,2007-01-26,2007-07-27,2007-01-26,2007-07-27
2007-02-28,DBC,6,2007-08-31,2007-08-31,2007-02-23,2007-08-31,2007-02-23,2007-08-31
2007-02-28,GLD,6,2007-08-31,2007-08-31,2007-02-23,2007-08-31,2007-02-23,2007-08-31
2007-02-28,VDE,6,2007-08-31,2007-08-31,2007-02-23,2007-08-31,2007-02-23,2007-08-31
2007-02-28,VGT,6,2007-08-31,2007-08-31,2007-02-23,2007-08-31,2007-02-23,2007-08-31
2007-02-28,VIG,6,2007-08-31,2007-08-31,2007-02-23,2007-08-31,2007-02-23,2007-08-31
2007-02-28,VWO,6,2007-08-31,2007-08-31,2007-02-23,2007-08-31,2007-02-23,2007-08-31
2007-03-30,DBC,6,2007-09-28,2007-09-28,2007-03-30,2007-09-28,2007-03-30,2007-09-28
2007-03-30,GLD,6,2007-09-28,2007-09-28,2007-03-30,2007-09-28,2007-03-30,2007-09-28
2007-03-30,VDE,6,2007-09-28,2007-09-28,2007-03-30,2007-09-28,2007-03-30,2007-09-28
2007-03-30,VGT,6,2007-09-28,2007-09-28,2007-03-30,2007-09-28,2007-03-30,2007-09-28
2007-03-30,VIG,6,2007-09-28,2007-09-28,2007-03-30,2007-09-28,2007-03-30,2007-09-28
2007-03-30,VWO,6,2007-09-28,2007-09-28,2007-03-30,2007-09-28,2007-03-30,2007-09-28
2007-04-30,BND,6,2007-10-31,2007-10-31,2007-04-27,2007-10-26,2007-04-27,2007-10-26
2007-04-30,DBC,6,2007-10-31,2007-10-31,2007-04-27,2007-10-26,2007-04-27,2007-10-26
2007-04-30,GLD,6,2007-10-31,2007-10-31,2007-04-27,2007-10-26,2007-04-27,2007-10-26
2007-04-30,VDE,6,2007-10-31,2007-10-31,2007-04-27,2007-10-26,2007-04-27,2007-10-26
2007-04-30,VGT,6,2007-10-31,2007-10-31,2007-04-27,2007-10-26,2007-04-27,2007-10-26
2007-04-30,VIG,6,2007-10-31,2007-10-31,2007-04-27,2007-10-26,2007-04-27,2007-10-26
2007-04-30,VWO,6,2007-10-31,2007-10-31,2007-04-27,2007-10-26,2007-04-27,2007-10-26
2007-05-31,BND,6,2007-11-30,2007-11-30,2007-05-25,2007-11-30,2007-05-25,2007-11-30
2007-05-31,DBC,6,2007-11-30,2007-11-30,2007-05-25,2007-11-30,2007-05-25,2007-11-30
2007-05-31,GLD,6,2007-11-30,2007-11-30,2007-05-25,2007-11-30,2007-05-25,2007-11-30
2007-05-31,VDE,6,2007-11-30,2007-11-30,2007-05-25,2007-11-30,2007-05-25,2007-11-30
2007-05-31,VGT,6,2007-11-30,2007-11-30,2007-05-25,2007-11-30,2007-05-25,2007-11-30
2007-05-31,VIG,6,2007-11-30,2007-11-30,2007-05-25,2007-11-30,2007-05-25,2007-11-30
2007-05-31,VWO,6,2007-11-30,2007-11-30,2007-05-25,2007-11-30,2007-05-25,2007-11-30
2007-06-29,BND,6,2007-12-31,2007-12-31,2007-06-29,2007-12-28,2007-06-29,2007-12-28
2007-06-29,DBC,6,2007-12-31,2007-12-31,2007-06-29,2007-12-28,2007-06-29,2007-12-28
2007-06-29,GLD,6,2007-12-31,2007-12-31,2007-06-29,2007-12-28,2007-06-29,2007-12-28
2007-06-29,VDE,6,2007-12-31,2007-12-31,2007-06-29,2007-12-28,2007-06-29,2007-12-28
2007-06-29,VGT,6,2007-12-31,2007-12-31,2007-06-29,2007-12-28,2007-06-29,2007-12-28
2007-06-29,VIG,6,2007-12-31,2007-12-31,2007-06-29,2007-12-28,2007-06-29,2007-12-28
2007-06-29,VWO,6,2007-12-31,2007-12-31,2007-06-29,2007-12-28,2007-06-29,2007-12-28
2007-07-31,BND,6,2008-01-31,2008-01-31,2007-07-27,2008-01-25,2007-07-27,2008-01-25
2007-07-31,DBC,6,2008-01-31,2008-01-31,2007-07-27,2008-01-25,2007-07-27,2008-01-25
2007-07-31,GLD,6,2008-01-31,2008-01-31,2007-07-27,2008-01-25,2007-07-27,2008-01-25
2007-07-31,VDE,6,2008-01-31,2008-01-31,2007-07-27,2008-01-25,2007-07-27,2008-01-25
2007-07-31,VGT,6,2008-01-31,2008-01-31,2007-07-27,2008-01-25,2007-07-27,2008-01-25
2007-07-31,VIG,6,2008-01-31,2008-01-31,2007-07-27,2008-01-25,2007-07-27,2008-01-25
2007-07-31,VWO,6,2008-01-31,2008-01-31,2007-07-27,2008-01-25,2007-07-27,2008-01-25
2007-08-31,BND,6,2008-02-29,2008-02-29,2007-08-31,2008-02-29,2007-08-31,2008-02-29
2007-08-31,DBC,6,2008-02-29,2008-02-29,2007-08-31,2008-02-29,2007-08-31,2008-02-29
2007-08-31,GLD,6,2008-02-29,2008-02-29,2007-08-31,2008-02-29,2007-08-31,2008-02-29
2007-08-31,VDE,6,2008-02-29,2008-02-29,2007-08-31,2008-02-29,2007-08-31,2008-02-29
2007-08-31,VGT,6,2008-02-29,2008-02-29,2007-08-31,2008-02-29,2007-08-31,2008-02-29
2007-08-31,VIG,6,2008-02-29,2008-02-29,2007-08-31,2008-02-29,2007-08-31,2008-02-29
2007-08-31,VWO,6,2008-02-29,2008-02-29,2007-08-31,2008-02-29,2007-08-31,2008-02-29
2007-09-28,BND,6,2008-03-31,2008-03-31,2007-09-28,2008-03-28,2007-09-28,2008-03-28
2007-09-28,DBC,6,2008-03-31,2008-03-31,2007-09-28,2008-03-28,2007-09-28,2008-03-28
2007-09-28,GLD,6,2008-03-31,2008-03-31,2007-09-28,2008-03-28,2007-09-28,2008-03-28
2007-09-28,VDE,6,2008-03-31,2008-03-31,2007-09-28,2008-03-28,2007-09-28,2008-03-28
2007-09-28,VGT,6,2008-03-31,2008-03-31,2007-09-28,2008-03-28,2007-09-28,2008-03-28
2007-09-28,VIG,6,2008-03-31,2008-03-31,2007-09-28,2008-03-28,2007-09-28,2008-03-28
2007-09-28,VWO,6,2008-03-31,2008-03-31,2007-09-28,2008-03-28,2007-09-28,2008-03-28
2007-10-31,BND,6,2008-04-30,2008-04-30,2007-10-26,2008-04-25,2007-10-26,2008-04-25
2007-10-31,DBC,6,2008-04-30,2008-04-30,2007-10-26,2008-04-25,2007-10-26,2008-04-25
2007-10-31,GLD,6,2008-04-30,2008-04-30,2007-10-26,2008-04-25,2007-10-26,2008-04-25
2007-10-31,VDE,6,2008-04-30,2008-04-30,2007-10-26,2008-04-25,2007-10-26,2008-04-25
2007-10-31,VGT,6,2008-04-30,2008-04-30,2007-10-26,2008-04-25,2007-10-26,2008-04-25
2007-10-31,VIG,6,2008-04-30,2008-04-30,2007-10-26,2008-04-25,2007-10-26,2008-04-25
2007-10-31,VWO,6,2008-04-30,2008-04-30,2007-10-26,2008-04-25,2007-10-26,2008-04-25
2007-11-30,BND,6,2008-05-30,2008-05-30,2007-11-30,2008-05-30,2007-11-30,2008-05-30
2007-11-30,DBC,6,2008-05-30,2008-05-30,2007-11-30,2008-05-30,2007-11-30,2008-05-30
2007-11-30,GLD,6,2008-05-30,2008-05-30,2007-11-30,2008-05-30,2007-11-30,2008-05-30
2007-11-30,VDE,6,2008-05-30,2008-05-30,2007-11-30,2008-05-30,2007-11-30,2008-05-30
2007-11-30,VGT,6,2008-05-30,2008-05-30,2007-11-30,2008-05-30,2007-11-30,2008-05-30
2007-11-30,VIG,6,2008-05-30,2008-05-30,2007-11-30,2008-05-30,2007-11-30,2008-05-30
2007-11-30,VWO,6,2008-05-30,2008-05-30,2007-11-30,2008-05-30,2007-11-30,2008-05-30
2007-12-31,BND,6,2008-06-30,2008-06-30,2007-12-28,2008-06-27,2007-12-28,2008-06-27
2007-12-31,DBC,6,2008-06-30,2008-06-30,2007-12-28,2008-06-27,2007-12-28,2008-06-27
2007-12-31,GLD,6,2008-06-30,2008-06-30,2007-12-28,2008-06-27,2007-12-28,2008-06-27
2007-12-31,VDE,6,2008-06-30,2008-06-30,2007-12-28,2008-06-27,2007-12-28,2008-06-27
2007-12-31,VGT,6,2008-06-30,2008-06-30,2007-12-28,2008-06-27,2007-12-28,2008-06-27
2007-12-31,VIG,6,2008-06-30,2008-06-30,2007-12-28,2008-06-27,2007-12-28,2008-06-27
2007-12-31,VWO,6,2008-06-30,2008-06-30,2007-12-28,2008-06-27,2007-12-28,2008-06-27
2008-01-31,BND,6,2008-07-31,2008-07-31,2008-01-25,2008-07-25,2008-01-25,2008-07-25
2008-01-31,DBC,6,2008-07-31,2008-07-31,2008-01-25,2008-07-25,2008-01-25,2008-07-25
2008-01-31,GLD,6,2008-07-31,2008-07-31,2008-01-25,2008-07-25,2008-01-25,2008-07-25
2008-01-31,VDE,6,2008-07-31,2008-07-31,2008-01-25,2008-07-25,2008-01-25,2008-07-25
2008-01-31,VGT,6,2008-07-31,2008-07-31,2008-01-25,2008-07-25,2008-01-25,2008-07-25
2008-01-31,VIG,6,2008-07-31,2008-07-31,2008-01-25,2008-07-25,2008-01-25,2008-07-25
2008-01-31,VWO,6,2008-07-31,2008-07-31,2008-01-25,2008-07-25,2008-01-25,2008-07-25
2008-02-29,BND,6,2008-08-29,2008-08-29,2008-02-29,2008-08-29,2008-02-29,2008-08-29
2008-02-29,DBC,6,2008-08-29,2008-08-29,2008-02-29,2008-08-29,2008-02-29,2008-08-29
2008-02-29,GLD,6,2008-08-29,2008-08-29,2008-02-29,2008-08-29,2008-02-29,2008-08-29
2008-02-29,VDE,6,2008-08-29,2008-08-29,2008-02-29,2008-08-29,2008-02-29,2008-08-29
2008-02-29,VGT,6,2008-08-29,2008-08-29,2008-02-29,2008-08-29,2008-02-29,2008-08-29
2008-02-29,VIG,6,2008-08-29,2008-08-29,2008-02-29,2008-08-29,2008-02-29,2008-08-29
2008-02-29,VWO,6,2008-08-29,2008-08-29,2008-02-29,2008-08-29,2008-02-29,2008-08-29
2008-03-31,BND,6,2008-09-30,2008-09-30,2008-03-28,2008-09-26,2008-03-28,2008-09-26
2008-03-31,DBC,6,2008-09-30,2008-09-30,2008-03-28,2008-09-26,2008-03-28,2008-09-26
2008-03-31,GLD,6,2008-09-30,2008-09-30,2008-03-28,2008-09-26,2008-03-28,2008-09-26
2008-03-31,VDE,6,2008-09-30,2008-09-30,2008-03-28,2008-09-26,2008-03-28,2008-09-26
2008-03-31,VGT,6,2008-09-30,2008-09-30,2008-03-28,2008-09-26,2008-03-28,2008-09-26
2008-03-31,VIG,6,2008-09-30,2008-09-30,2008-03-28,2008-09-26,2008-03-28,2008-09-26
2008-03-31,VWO,6,2008-09-30,2008-09-30,2008-03-28,2008-09-26,2008-03-28,2008-09-26
2008-04-30,BND,6,2008-10-31,2008-10-31,2008-04-25,2008-10-31,2008-04-25,2008-10-31
2008-04-30,DBC,6,2008-10-31,2008-10-31,2008-04-25,2008-10-31,2008-04-25,2008-10-31
2008-04-30,GLD,6,2008-10-31,2008-10-31,2008-04-25,2008-10-31,2008-04-25,2008-10-31
2008-04-30,VDE,6,2008-10-31,2008-10-31,2008-04-25,2008-10-31,2008-04-25,2008-10-31
2008-04-30,VGT,6,2008-10-31,2008-10-31,2008-04-25,2008-10-31,2008-04-25,2008-10-31
2008-04-30,VIG,6,2008-10-31,2008-10-31,2008-04-25,2008-10-31,2008-04-25,2008-10-31
2008-04-30,VWO,6,2008-10-31,2008-10-31,2008-04-25,2008-10-31,2008-04-25,2008-10-31
2008-05-30,BND,6,2008-11-28,2008-11-28,2008-05-30,2008-11-28,2008-05-30,2008-11-28
2008-05-30,DBC,6,2008-11-28,2008-11-28,2008-05-30,2008-11-28,2008-05-30,2008-11-28
2008-05-30,GLD,6,2008-11-28,2008-11-28,2008-05-30,2008-11-28,2008-05-30,2008-11-28
2008-05-30,VDE,6,2008-11-28,2008-11-28,2008-05-30,2008-11-28,2008-05-30,2008-11-28
2008-05-30,VGT,6,2008-11-28,2008-11-28,2008-05-30,2008-11-28,2008-05-30,2008-11-28
2008-05-30,VIG,6,2008-11-28,2008-11-28,2008-05-30,2008-11-28,2008-05-30,2008-11-28
2008-05-30,VWO,6,2008-11-28,2008-11-28,2008-05-30,2008-11-28,2008-05-30,2008-11-28
2008-06-30,BND,6,2008-12-31,2008-12-31,2008-06-27,2008-12-26,2008-06-27,2008-12-26
2008-06-30,DBC,6,2008-12-31,2008-12-31,2008-06-27,2008-12-26,2008-06-27,2008-12-26
2008-06-30,GLD,6,2008-12-31,2008-12-31,2008-06-27,2008-12-26,2008-06-27,2008-12-26
2008-06-30,VDE,6,2008-12-31,2008-12-31,2008-06-27,2008-12-26,2008-06-27,2008-12-26
2008-06-30,VGT,6,2008-12-31,2008-12-31,2008-06-27,2008-12-26,2008-06-27,2008-12-26
2008-06-30,VIG,6,2008-12-31,2008-12-31,2008-06-27,2008-12-26,2008-06-27,2008-12-26
2008-06-30,VWO,6,2008-12-31,2008-12-31,2008-06-27,2008-12-26,2008-06-27,2008-12-26
2008-07-31,BND,6,2009-01-30,2009-01-30,2008-07-25,2009-01-30,2008-07-25,2009-01-30
2008-07-31,DBC,6,2009-01-30,2009-01-30,2008-07-25,2009-01-30,2008-07-25,2009-01-30
2008-07-31,GLD,6,2009-01-30,2009-01-30,2008-07-25,2009-01-30,2008-07-25,2009-01-30
2008-07-31,VDE,6,2009-01-30,2009-01-30,2008-07-25,2009-01-30,2008-07-25,2009-01-30
2008-07-31,VGT,6,2009-01-30,2009-01-30,2008-07-25,2009-01-30,2008-07-25,2009-01-30
2008-07-31,VIG,6,2009-01-30,2009-01-30,2008-07-25,2009-01-30,2008-07-25,2009-01-30
2008-07-31,VWO,6,2009-01-30,2009-01-30,2008-07-25,2009-01-30,2008-07-25,2009-01-30
2008-08-29,BND,6,2009-02-27,2009-02-27,2008-08-29,2009-02-27,2008-08-29,2009-02-27
2008-08-29,DBC,6,2009-02-27,2009-02-27,2008-08-29,2009-02-27,2008-08-29,2009-02-27
2008-08-29,GLD,6,2009-02-27,2009-02-27,2008-08-29,2009-02-27,2008-08-29,2009-02-27
2008-08-29,VDE,6,2009-02-27,2009-02-27,2008-08-29,2009-02-27,2008-08-29,2009-02-27
2008-08-29,VGT,6,2009-02-27,2009-02-27,2008-08-29,2009-02-27,2008-08-29,2009-02-27
2008-08-29,VIG,6,2009-02-27,2009-02-27,2008-08-29,2009-02-27,2008-08-29,2009-02-27
2008-08-29,VWO,6,2009-02-27,2009-02-27,2008-08-29,2009-02-27,2008-08-29,2009-02-27
2008-09-30,BND,6,2009-03-31,2009-03-31,2008-09-26,2009-03-27,2008-09-26,2009-03-27
2008-09-30,DBC,6,2009-03-31,2009-03-31,2008-09-26,2009-03-27,2008-09-26,2009-03-27
2008-09-30,GLD,6,2009-03-31,2009-03-31,2008-09-26,2009-03-27,2008-09-26,2009-03-27
2008-09-30,VDE,6,2009-03-31,2009-03-31,2008-09-26,2009-03-27,2008-09-26,2009-03-27
2008-09-30,VGT,6,2009-03-31,2009-03-31,2008-09-26,2009-03-27,2008-09-26,2009-03-27
2008-09-30,VIG,6,2009-03-31,2009-03-31,2008-09-26,2009-03-27,2008-09-26,2009-03-27
2008-09-30,VWO,6,2009-03-31,2009-03-31,2008-09-26,2009-03-27,2008-09-26,2009-03-27
2008-10-31,BND,6,2009-04-30,2009-04-30,2008-10-31,2009-04-24,2008-10-31,2009-04-24
2008-10-31,DBC,6,2009-04-30,2009-04-30,2008-10-31,2009-04-24,2008-10-31,2009-04-24
2008-10-31,GLD,6,2009-04-30,2009-04-30,2008-10-31,2009-04-24,2008-10-31,2009-04-24
2008-10-31,VDE,6,2009-04-30,2009-04-30,2008-10-31,2009-04-24,2008-10-31,2009-04-24
2008-10-31,VGT,6,2009-04-30,2009-04-30,2008-10-31,2009-04-24,2008-10-31,2009-04-24
2008-10-31,VIG,6,2009-04-30,2009-04-30,2008-10-31,2009-04-24,2008-10-31,2009-04-24
2008-10-31,VWO,6,2009-04-30,2009-04-30,2008-10-31,2009-04-24,2008-10-31,2009-04-24
2008-11-28,BND,6,2009-05-29,2009-05-29,2008-11-28,2009-05-29,2008-11-28,2009-05-29
2008-11-28,DBC,6,2009-05-29,2009-05-29,2008-11-28,2009-05-29,2008-11-28,2009-05-29
2008-11-28,GLD,6,2009-05-29,2009-05-29,2008-11-28,2009-05-29,2008-11-28,2009-05-29
2008-11-28,VDE,6,2009-05-29,2009-05-29,2008-11-28,2009-05-29,2008-11-28,2009-05-29
2008-11-28,VGT,6,2009-05-29,2009-05-29,2008-11-28,2009-05-29,2008-11-28,2009-05-29
2008-11-28,VIG,6,2009-05-29,2009-05-29,2008-11-28,2009-05-29,2008-11-28,2009-05-29
2008-11-28,VWO,6,2009-05-29,2009-05-29,2008-11-28,2009-05-29,2008-11-28,2009-05-29
2008-12-31,BND,6,2009-06-30,2009-06-30,2008-12-26,2009-06-26,2008-12-26,2009-06-26
2008-12-31,DBC,6,2009-06-30,2009-06-30,2008-12-26,2009-06-26,2008-12-26,2009-06-26
2008-12-31,GLD,6,2009-06-30,2009-06-30,2008-12-26,2009-06-26,2008-12-26,2009-06-26
2008-12-31,VDE,6,2009-06-30,2009-06-30,2008-12-26,2009-06-26,2008-12-26,2009-06-26
2008-12-31,VGT,6,2009-06-30,2009-06-30,2008-12-26,2009-06-26,2008-12-26,2009-06-26
2008-12-31,VIG,6,2009-06-30,2009-06-30,2008-12-26,2009-06-26,2008-12-26,2009-06-26
2008-12-31,VWO,6,2009-06-30,2009-06-30,2008-12-26,2009-06-26,2008-12-26,2009-06-26
2009-01-30,BND,6,2009-07-31,2009-07-31,2009-01-30,2009-07-31,2009-01-30,2009-07-31
2009-01-30,DBC,6,2009-07-31,2009-07-31,2009-01-30,2009-07-31,2009-01-30,2009-07-31
2009-01-30,GLD,6,2009-07-31,2009-07-31,2009-01-30,2009-07-31,2009-01-30,2009-07-31
2009-01-30,VDE,6,2009-07-31,2009-07-31,2009-01-30,2009-07-31,2009-01-30,2009-07-31
2009-01-30,VGT,6,2009-07-31,2009-07-31,2009-01-30,2009-07-31,2009-01-30,2009-07-31
2009-01-30,VIG,6,2009-07-31,2009-07-31,2009-01-30,2009-07-31,2009-01-30,2009-07-31
2009-01-30,VWO,6,2009-07-31,2009-07-31,2009-01-30,2009-07-31,2009-01-30,2009-07-31
2009-02-27,BND,6,2009-08-31,2009-08-31,2009-02-27,2009-08-28,2009-02-27,2009-08-28
2009-02-27,DBC,6,2009-08-31,2009-08-31,2009-02-27,2009-08-28,2009-02-27,2009-08-28
2009-02-27,GLD,6,2009-08-31,2009-08-31,2009-02-27,2009-08-28,2009-02-27,2009-08-28
2009-02-27,VDE,6,2009-08-31,2009-08-31,2009-02-27,2009-08-28,2009-02-27,2009-08-28
2009-02-27,VGT,6,2009-08-31,2009-08-31,2009-02-27,2009-08-28,2009-02-27,2009-08-28
2009-02-27,VIG,6,2009-08-31,2009-08-31,2009-02-27,2009-08-28,2009-02-27,2009-08-28
2009-02-27,VWO,6,2009-08-31,2009-08-31,2009-02-27,2009-08-28,2009-02-27,2009-08-28
2009-03-31,BND,6,2009-09-30,2009-09-30,2009-03-27,2009-09-25,2009-03-27,2009-09-25
2009-03-31,DBC,6,2009-09-30,2009-09-30,2009-03-27,2009-09-25,2009-03-27,2009-09-25
2009-03-31,GLD,6,2009-09-30,2009-09-30,2009-03-27,2009-09-25,2009-03-27,2009-09-25
2009-03-31,VDE,6,2009-09-30,2009-09-30,2009-03-27,2009-09-25,2009-03-27,2009-09-25
2009-03-31,VGT,6,2009-09-30,2009-09-30,2009-03-27,2009-09-25,2009-03-27,2009-09-25
2009-03-31,VIG,6,2009-09-30,2009-09-30,2009-03-27,2009-09-25,2009-03-27,2009-09-25
2009-03-31,VWO,6,2009-09-30,2009-09-30,2009-03-27,2009-09-25,2009-03-27,2009-09-25
2009-04-30,BND,6,2009-10-30,2009-10-30,2009-04-24,2009-10-30,2009-04-24,2009-10-30
2009-04-30,DBC,6,2009-10-30,2009-10-30,2009-04-24,2009-10-30,2009-04-24,2009-10-30
2009-04-30,GLD,6,2009-10-30,2009-10-30,2009-04-24,2009-10-30,2009-04-24,2009-10-30
2009-04-30,VDE,6,2009-10-30,2009-10-30,2009-04-24,2009-10-30,2009-04-24,2009-10-30
2009-04-30,VGT,6,2009-10-30,2009-10-30,2009-04-24,2009-10-30,2009-04-24,2009-10-30
2009-04-30,VIG,6,2009-10-30,2009-10-30,2009-04-24,2009-10-30,2009-04-24,2009-10-30
2009-04-30,VWO,6,2009-10-30,2009-10-30,2009-04-24,2009-10-30,2009-04-24,2009-10-30
2009-05-29,BND,6,2009-11-30,2009-11-30,2009-05-29,2009-11-27,2009-05-29,2009-11-27
2009-05-29,DBC,6,2009-11-30,2009-11-30,2009-05-29,2009-11-27,2009-05-29,2009-11-27
2009-05-29,GLD,6,2009-11-30,2009-11-30,2009-05-29,2009-11-27,2009-05-29,2009-11-27
2009-05-29,VDE,6,2009-11-30,2009-11-30,2009-05-29,2009-11-27,2009-05-29,2009-11-27
2009-05-29,VGT,6,2009-11-30,2009-11-30,2009-05-29,2009-11-27,2009-05-29,2009-11-27
2009-05-29,VIG,6,2009-11-30,2009-11-30,2009-05-29,2009-11-27,2009-05-29,2009-11-27
2009-05-29,VWO,6,2009-11-30,2009-11-30,2009-05-29,2009-11-27,2009-05-29,2009-11-27
2009-06-30,BND,6,2009-12-31,2009-12-31,2009-06-26,2009-12-31,2009-06-26,2009-12-31
2009-06-30,DBC,6,2009-12-31,2009-12-31,2009-06-26,2009-12-31,2009-06-26,2009-12-31
2009-06-30,GLD,6,2009-12-31,2009-12-31,2009-06-26,2009-12-31,2009-06-26,2009-12-31
2009-06-30,VDE,6,2009-12-31,2009-12-31,2009-06-26,2009-12-31,2009-06-26,2009-12-31
2009-06-30,VGT,6,2009-12-31,2009-12-31,2009-06-26,2009-12-31,2009-06-26,2009-12-31
2009-06-30,VIG,6,2009-12-31,2009-12-31,2009-06-26,2009-12-31,2009-06-26,2009-12-31
2009-06-30,VWO,6,2009-12-31,2009-12-31,2009-06-26,2009-12-31,2009-06-26,2009-12-31
2009-07-31,BND,6,2010-01-29,2010-01-29,2009-07-31,2010-01-29,2009-07-31,2010-01-29
2009-07-31,DBC,6,2010-01-29,2010-01-29,2009-07-31,2010-01-29,2009-07-31,2010-01-29
2009-07-31,GLD,6,2010-01-29,2010-01-29,2009-07-31,2010-01-29,2009-07-31,2010-01-29
2009-07-31,VDE,6,2010-01-29,2010-01-29,2009-07-31,2010-01-29,2009-07-31,2010-01-29
2009-07-31,VGT,6,2010-01-29,2010-01-29,2009-07-31,2010-01-29,2009-07-31,2010-01-29
2009-07-31,VIG,6,2010-01-29,2010-01-29,2009-07-31,2010-01-29,2009-07-31,2010-01-29
2009-07-31,VWO,6,2010-01-29,2010-01-29,2009-07-31,2010-01-29,2009-07-31,2010-01-29
2009-08-31,BND,6,2010-02-26,2010-02-26,2009-08-28,2010-02-26,2009-08-28,2010-02-26
2009-08-31,DBC,6,2010-02-26,2010-02-26,2009-08-28,2010-02-26,2009-08-28,2010-02-26
2009-08-31,GLD,6,2010-02-26,2010-02-26,2009-08-28,2010-02-26,2009-08-28,2010-02-26
2009-08-31,VDE,6,2010-02-26,2010-02-26,2009-08-28,2010-02-26,2009-08-28,2010-02-26
2009-08-31,VGT,6,2010-02-26,2010-02-26,2009-08-28,2010-02-26,2009-08-28,2010-02-26
2009-08-31,VIG,6,2010-02-26,2010-02-26,2009-08-28,2010-02-26,2009-08-28,2010-02-26
2009-08-31,VWO,6,2010-02-26,2010-02-26,2009-08-28,2010-02-26,2009-08-28,2010-02-26
2009-09-30,BND,6,2010-03-31,2010-03-31,2009-09-25,2010-03-26,2009-09-25,2010-03-26
2009-09-30,DBC,6,2010-03-31,2010-03-31,2009-09-25,2010-03-26,2009-09-25,2010-03-26
2009-09-30,GLD,6,2010-03-31,2010-03-31,2009-09-25,2010-03-26,2009-09-25,2010-03-26
2009-09-30,VDE,6,2010-03-31,2010-03-31,2009-09-25,2010-03-26,2009-09-25,2010-03-26
2009-09-30,VGT,6,2010-03-31,2010-03-31,2009-09-25,2010-03-26,2009-09-25,2010-03-26
2009-09-30,VIG,6,2010-03-31,2010-03-31,2009-09-25,2010-03-26,2009-09-25,2010-03-26
2009-09-30,VWO,6,2010-03-31,2010-03-31,2009-09-25,2010-03-26,2009-09-25,2010-03-26
2009-10-30,BND,6,2010-04-30,2010-04-30,2009-10-30,2010-04-30,2009-10-30,2010-04-30
2009-10-30,DBC,6,2010-04-30,2010-04-30,2009-10-30,2010-04-30,2009-10-30,2010-04-30
2009-10-30,GLD,6,2010-04-30,2010-04-30,2009-10-30,2010-04-30,2009-10-30,2010-04-30
2009-10-30,VDE,6,2010-04-30,2010-04-30,2009-10-30,2010-04-30,2009-10-30,2010-04-30
2009-10-30,VGT,6,2010-04-30,2010-04-30,2009-10-30,2010-04-30,2009-10-30,2010-04-30
2009-10-30,VIG,6,2010-04-30,2010-04-30,2009-10-30,2010-04-30,2009-10-30,2010-04-30
2009-10-30,VWO,6,2010-04-30,2010-04-30,2009-10-30,2010-04-30,2009-10-30,2010-04-30
2009-11-30,BND,6,2010-05-31,2010-05-31,2009-11-27,2010-05-28,2009-11-27,2010-05-28
2009-11-30,DBC,6,2010-05-31,2010-05-31,2009-11-27,2010-05-28,2009-11-27,2010-05-28
2009-11-30,GLD,6,2010-05-31,2010-05-31,2009-11-27,2010-05-28,2009-11-27,2010-05-28
2009-11-30,VDE,6,2010-05-31,2010-05-31,2009-11-27,2010-05-28,2009-11-27,2010-05-28
2009-11-30,VGT,6,2010-05-31,2010-05-31,2009-11-27,2010-05-28,2009-11-27,2010-05-28
2009-11-30,VIG,6,2010-05-31,2010-05-31,2009-11-27,2010-05-28,2009-11-27,2010-05-28
2009-11-30,VWO,6,2010-05-31,2010-05-31,2009-11-27,2010-05-28,2009-11-27,2010-05-28
2009-12-31,BND,6,2010-06-30,2010-06-30,2009-12-31,2010-06-25,2009-12-31,2010-06-25
2009-12-31,DBC,6,2010-06-30,2010-06-30,2009-12-31,2010-06-25,2009-12-31,2010-06-25
2009-12-31,GLD,6,2010-06-30,2010-06-30,2009-12-31,2010-06-25,2009-12-31,2010-06-25
2009-12-31,VDE,6,2010-06-30,2010-06-30,2009-12-31,2010-06-25,2009-12-31,2010-06-25
2009-12-31,VGT,6,2010-06-30,2010-06-30,2009-12-31,2010-06-25,2009-12-31,2010-06-25
2009-12-31,VIG,6,2010-06-30,2010-06-30,2009-12-31,2010-06-25,2009-12-31,2010-06-25
2009-12-31,VMBS,6,2010-06-30,2010-06-30,2009-12-31,2010-06-25,2009-12-31,2010-06-25
2009-12-31,VWO,6,2010-06-30,2010-06-30,2009-12-31,2010-06-25,2009-12-31,2010-06-25
2010-01-29,BND,6,2010-07-30,2010-07-30,2010-01-29,2010-07-30,2010-01-29,2010-07-30
2010-01-29,DBC,6,2010-07-30,2010-07-30,2010-01-29,2010-07-30,2010-01-29,2010-07-30
2010-01-29,GLD,6,2010-07-30,2010-07-30,2010-01-29,2010-07-30,2010-01-29,2010-07-30
2010-01-29,VDE,6,2010-07-30,2010-07-30,2010-01-29,2010-07-30,2010-01-29,2010-07-30
2010-01-29,VGT,6,2010-07-30,2010-07-30,2010-01-29,2010-07-30,2010-01-29,2010-07-30
2010-01-29,VIG,6,2010-07-30,2010-07-30,2010-01-29,2010-07-30,2010-01-29,2010-07-30
2010-01-29,VMBS,6,2010-07-30,2010-07-30,2010-01-29,2010-07-30,2010-01-29,2010-07-30
2010-01-29,VWO,6,2010-07-30,2010-07-30,2010-01-29,2010-07-30,2010-01-29,2010-07-30
2010-02-26,BND,6,2010-08-31,2010-08-31,2010-02-26,2010-08-27,2010-02-26,2010-08-27
2010-02-26,DBC,6,2010-08-31,2010-08-31,2010-02-26,2010-08-27,2010-02-26,2010-08-27
2010-02-26,GLD,6,2010-08-31,2010-08-31,2010-02-26,2010-08-27,2010-02-26,2010-08-27
2010-02-26,VDE,6,2010-08-31,2010-08-31,2010-02-26,2010-08-27,2010-02-26,2010-08-27
2010-02-26,VGT,6,2010-08-31,2010-08-31,2010-02-26,2010-08-27,2010-02-26,2010-08-27
2010-02-26,VIG,6,2010-08-31,2010-08-31,2010-02-26,2010-08-27,2010-02-26,2010-08-27
2010-02-26,VMBS,6,2010-08-31,2010-08-31,2010-02-26,2010-08-27,2010-02-26,2010-08-27
2010-02-26,VWO,6,2010-08-31,2010-08-31,2010-02-26,2010-08-27,2010-02-26,2010-08-27
2010-03-31,BND,6,2010-09-30,2010-09-30,2010-03-26,2010-09-24,2010-03-26,2010-09-24
2010-03-31,DBC,6,2010-09-30,2010-09-30,2010-03-26,2010-09-24,2010-03-26,2010-09-24
2010-03-31,GLD,6,2010-09-30,2010-09-30,2010-03-26,2010-09-24,2010-03-26,2010-09-24
2010-03-31,VDE,6,2010-09-30,2010-09-30,2010-03-26,2010-09-24,2010-03-26,2010-09-24
2010-03-31,VGT,6,2010-09-30,2010-09-30,2010-03-26,2010-09-24,2010-03-26,2010-09-24
2010-03-31,VIG,6,2010-09-30,2010-09-30,2010-03-26,2010-09-24,2010-03-26,2010-09-24
2010-03-31,VMBS,6,2010-09-30,2010-09-30,2010-03-26,2010-09-24,2010-03-26,2010-09-24
2010-03-31,VWO,6,2010-09-30,2010-09-30,2010-03-26,2010-09-24,2010-03-26,2010-09-24
2010-04-30,BND,6,2010-10-29,2010-10-29,2010-04-30,2010-10-29,2010-04-30,2010-10-29
2010-04-30,DBC,6,2010-10-29,2010-10-29,2010-04-30,2010-10-29,2010-04-30,2010-10-29
2010-04-30,GLD,6,2010-10-29,2010-10-29,2010-04-30,2010-10-29,2010-04-30,2010-10-29
2010-04-30,VDE,6,2010-10-29,2010-10-29,2010-04-30,2010-10-29,2010-04-30,2010-10-29
2010-04-30,VGT,6,2010-10-29,2010-10-29,2010-04-30,2010-10-29,2010-04-30,2010-10-29
2010-04-30,VIG,6,2010-10-29,2010-10-29,2010-04-30,2010-10-29,2010-04-30,2010-10-29
2010-04-30,VMBS,6,2010-10-29,2010-10-29,2010-04-30,2010-10-29,2010-04-30,2010-10-29
2010-04-30,VWO,6,2010-10-29,2010-10-29,2010-04-30,2010-10-29,2010-04-30,2010-10-29
2010-05-31,BND,6,2010-11-30,2010-11-30,2010-05-28,2010-11-26,2010-05-28,2010-11-26
2010-05-31,DBC,6,2010-11-30,2010-11-30,2010-05-28,2010-11-26,2010-05-28,2010-11-26
2010-05-31,GLD,6,2010-11-30,2010-11-30,2010-05-28,2010-11-26,2010-05-28,2010-11-26
2010-05-31,VDE,6,2010-11-30,2010-11-30,2010-05-28,2010-11-26,2010-05-28,2010-11-26
2010-05-31,VGT,6,2010-11-30,2010-11-30,2010-05-28,2010-11-26,2010-05-28,2010-11-26
2010-05-31,VIG,6,2010-11-30,2010-11-30,2010-05-28,2010-11-26,2010-05-28,2010-11-26
2010-05-31,VMBS,6,2010-11-30,2010-11-30,2010-05-28,2010-11-26,2010-05-28,2010-11-26
2010-05-31,VWO,6,2010-11-30,2010-11-30,2010-05-28,2010-11-26,2010-05-28,2010-11-26
2010-06-30,BND,6,2010-12-31,2010-12-31,2010-06-25,2010-12-31,2010-06-25,2010-12-31
2010-06-30,DBC,6,2010-12-31,2010-12-31,2010-06-25,2010-12-31,2010-06-25,2010-12-31
2010-06-30,GLD,6,2010-12-31,2010-12-31,2010-06-25,2010-12-31,2010-06-25,2010-12-31
2010-06-30,VDE,6,2010-12-31,2010-12-31,2010-06-25,2010-12-31,2010-06-25,2010-12-31
2010-06-30,VGT,6,2010-12-31,2010-12-31,2010-06-25,2010-12-31,2010-06-25,2010-12-31
2010-06-30,VIG,6,2010-12-31,2010-12-31,2010-06-25,2010-12-31,2010-06-25,2010-12-31
2010-06-30,VMBS,6,2010-12-31,2010-12-31,2010-06-25,2010-12-31,2010-06-25,2010-12-31
2010-06-30,VWO,6,2010-12-31,2010-12-31,2010-06-25,2010-12-31,2010-06-25,2010-12-31
2010-07-30,BND,6,2011-01-31,2011-01-31,2010-07-30,2011-01-28,2010-07-30,2011-01-28
2010-07-30,DBC,6,2011-01-31,2011-01-31,2010-07-30,2011-01-28,2010-07-30,2011-01-28
2010-07-30,GLD,6,2011-01-31,2011-01-31,2010-07-30,2011-01-28,2010-07-30,2011-01-28
2010-07-30,VDE,6,2011-01-31,2011-01-31,2010-07-30,2011-01-28,2010-07-30,2011-01-28
2010-07-30,VGT,6,2011-01-31,2011-01-31,2010-07-30,2011-01-28,2010-07-30,2011-01-28
2010-07-30,VIG,6,2011-01-31,2011-01-31,2010-07-30,2011-01-28,2010-07-30,2011-01-28
2010-07-30,VMBS,6,2011-01-31,2011-01-31,2010-07-30,2011-01-28,2010-07-30,2011-01-28
2010-07-30,VWO,6,2011-01-31,2011-01-31,2010-07-30,2011-01-28,2010-07-30,2011-01-28
2010-08-31,BND,6,2011-02-28,2011-02-28,2010-08-27,2011-02-25,2010-08-27,2011-02-25
2010-08-31,DBC,6,2011-02-28,2011-02-28,2010-08-27,2011-02-25,2010-08-27,2011-02-25
2010-08-31,GLD,6,2011-02-28,2011-02-28,2010-08-27,2011-02-25,2010-08-27,2011-02-25
2010-08-31,VDE,6,2011-02-28,2011-02-28,2010-08-27,2011-02-25,2010-08-27,2011-02-25
2010-08-31,VGT,6,2011-02-28,2011-02-28,2010-08-27,2011-02-25,2010-08-27,2011-02-25
2010-08-31,VIG,6,2011-02-28,2011-02-28,2010-08-27,2011-02-25,2010-08-27,2011-02-25
2010-08-31,VMBS,6,2011-02-28,2011-02-28,2010-08-27,2011-02-25,2010-08-27,2011-02-25
2010-08-31,VWO,6,2011-02-28,2011-02-28,2010-08-27,2011-02-25,2010-08-27,2011-02-25
2010-09-30,BND,6,2011-03-31,2011-03-31,2010-09-24,2011-03-25,2010-09-24,2011-03-25
2010-09-30,DBC,6,2011-03-31,2011-03-31,2010-09-24,2011-03-25,2010-09-24,2011-03-25
2010-09-30,GLD,6,2011-03-31,2011-03-31,2010-09-24,2011-03-25,2010-09-24,2011-03-25
2010-09-30,VDE,6,2011-03-31,2011-03-31,2010-09-24,2011-03-25,2010-09-24,2011-03-25
2010-09-30,VGT,6,2011-03-31,2011-03-31,2010-09-24,2011-03-25,2010-09-24,2011-03-25
2010-09-30,VIG,6,2011-03-31,2011-03-31,2010-09-24,2011-03-25,2010-09-24,2011-03-25
2010-09-30,VMBS,6,2011-03-31,2011-03-31,2010-09-24,2011-03-25,2010-09-24,2011-03-25
2010-09-30,VOO,6,2011-03-31,2011-03-31,2010-09-24,2011-03-25,2010-09-24,2011-03-25
2010-09-30,VWO,6,2011-03-31,2011-03-31,2010-09-24,2011-03-25,2010-09-24,2011-03-25
2010-10-29,BND,6,2011-04-29,2011-04-29,2010-10-29,2011-04-29,2010-10-29,2011-04-29
2010-10-29,DBC,6,2011-04-29,2011-04-29,2010-10-29,2011-04-29,2010-10-29,2011-04-29
2010-10-29,GLD,6,2011-04-29,2011-04-29,2010-10-29,2011-04-29,2010-10-29,2011-04-29
2010-10-29,VDE,6,2011-04-29,2011-04-29,2010-10-29,2011-04-29,2010-10-29,2011-04-29
2010-10-29,VGT,6,2011-04-29,2011-04-29,2010-10-29,2011-04-29,2010-10-29,2011-04-29
2010-10-29,VIG,6,2011-04-29,2011-04-29,2010-10-29,2011-04-29,2010-10-29,2011-04-29
2010-10-29,VMBS,6,2011-04-29,2011-04-29,2010-10-29,2011-04-29,2010-10-29,2011-04-29
2010-10-29,VOO,6,2011-04-29,2011-04-29,2010-10-29,2011-04-29,2010-10-29,2011-04-29
2010-10-29,VWO,6,2011-04-29,2011-04-29,2010-10-29,2011-04-29,2010-10-29,2011-04-29
2010-11-30,BND,6,2011-05-31,2011-05-31,2010-11-26,2011-05-27,2010-11-26,2011-05-27
2010-11-30,DBC,6,2011-05-31,2011-05-31,2010-11-26,2011-05-27,2010-11-26,2011-05-27
2010-11-30,GLD,6,2011-05-31,2011-05-31,2010-11-26,2011-05-27,2010-11-26,2011-05-27
2010-11-30,VDE,6,2011-05-31,2011-05-31,2010-11-26,2011-05-27,2010-11-26,2011-05-27
2010-11-30,VGT,6,2011-05-31,2011-05-31,2010-11-26,2011-05-27,2010-11-26,2011-05-27
2010-11-30,VIG,6,2011-05-31,2011-05-31,2010-11-26,2011-05-27,2010-11-26,2011-05-27
2010-11-30,VMBS,6,2011-05-31,2011-05-31,2010-11-26,2011-05-27,2010-11-26,2011-05-27
2010-11-30,VOO,6,2011-05-31,2011-05-31,2010-11-26,2011-05-27,2010-11-26,2011-05-27
2010-11-30,VWO,6,2011-05-31,2011-05-31,2010-11-26,2011-05-27,2010-11-26,2011-05-27
2010-12-31,BND,6,2011-06-30,2011-06-30,2010-12-31,2011-06-24,2010-12-31,2011-06-24
2010-12-31,DBC,6,2011-06-30,2011-06-30,2010-12-31,2011-06-24,2010-12-31,2011-06-24
2010-12-31,GLD,6,2011-06-30,2011-06-30,2010-12-31,2011-06-24,2010-12-31,2011-06-24
2010-12-31,VDE,6,2011-06-30,2011-06-30,2010-12-31,2011-06-24,2010-12-31,2011-06-24
2010-12-31,VGT,6,2011-06-30,2011-06-30,2010-12-31,2011-06-24,2010-12-31,2011-06-24
2010-12-31,VIG,6,2011-06-30,2011-06-30,2010-12-31,2011-06-24,2010-12-31,2011-06-24
2010-12-31,VMBS,6,2011-06-30,2011-06-30,2010-12-31,2011-06-24,2010-12-31,2011-06-24
2010-12-31,VOO,6,2011-06-30,2011-06-30,2010-12-31,2011-06-24,2010-12-31,2011-06-24
2010-12-31,VWO,6,2011-06-30,2011-06-30,2010-12-31,2011-06-24,2010-12-31,2011-06-24
2011-01-31,BND,6,2011-07-29,2011-07-29,2011-01-28,2011-07-29,2011-01-28,2011-07-29
2011-01-31,DBC,6,2011-07-29,2011-07-29,2011-01-28,2011-07-29,2011-01-28,2011-07-29
2011-01-31,GLD,6,2011-07-29,2011-07-29,2011-01-28,2011-07-29,2011-01-28,2011-07-29
2011-01-31,VDE,6,2011-07-29,2011-07-29,2011-01-28,2011-07-29,2011-01-28,2011-07-29
2011-01-31,VGT,6,2011-07-29,2011-07-29,2011-01-28,2011-07-29,2011-01-28,2011-07-29
2011-01-31,VIG,6,2011-07-29,2011-07-29,2011-01-28,2011-07-29,2011-01-28,2011-07-29
2011-01-31,VMBS,6,2011-07-29,2011-07-29,2011-01-28,2011-07-29,2011-01-28,2011-07-29
2011-01-31,VOO,6,2011-07-29,2011-07-29,2011-01-28,2011-07-29,2011-01-28,2011-07-29
2011-01-31,VWO,6,2011-07-29,2011-07-29,2011-01-28,2011-07-29,2011-01-28,2011-07-29
2011-02-28,BND,6,2011-08-31,2011-08-31,2011-02-25,2011-08-26,2011-02-25,2011-08-26
2011-02-28,DBC,6,2011-08-31,2011-08-31,2011-02-25,2011-08-26,2011-02-25,2011-08-26
2011-02-28,GLD,6,2011-08-31,2011-08-31,2011-02-25,2011-08-26,2011-02-25,2011-08-26
2011-02-28,VDE,6,2011-08-31,2011-08-31,2011-02-25,2011-08-26,2011-02-25,2011-08-26
2011-02-28,VGT,6,2011-08-31,2011-08-31,2011-02-25,2011-08-26,2011-02-25,2011-08-26
2011-02-28,VIG,6,2011-08-31,2011-08-31,2011-02-25,2011-08-26,2011-02-25,2011-08-26
2011-02-28,VMBS,6,2011-08-31,2011-08-31,2011-02-25,2011-08-26,2011-02-25,2011-08-26
2011-02-28,VOO,6,2011-08-31,2011-08-31,2011-02-25,2011-08-26,2011-02-25,2011-08-26
2011-02-28,VWO,6,2011-08-31,2011-08-31,2011-02-25,2011-08-26,2011-02-25,2011-08-26
2011-02-28,VXUS,6,2011-08-31,2011-08-31,2011-02-25,2011-08-26,2011-02-25,2011-08-26
2011-03-31,BND,6,2011-09-30,2011-09-30,2011-03-25,2011-09-30,2011-03-25,2011-09-30
2011-03-31,DBC,6,2011-09-30,2011-09-30,2011-03-25,2011-09-30,2011-03-25,2011-09-30
2011-03-31,GLD,6,2011-09-30,2011-09-30,2011-03-25,2011-09-30,2011-03-25,2011-09-30
2011-03-31,VDE,6,2011-09-30,2011-09-30,2011-03-25,2011-09-30,2011-03-25,2011-09-30
2011-03-31,VGT,6,2011-09-30,2011-09-30,2011-03-25,2011-09-30,2011-03-25,2011-09-30
2011-03-31,VIG,6,2011-09-30,2011-09-30,2011-03-25,2011-09-30,2011-03-25,2011-09-30
2011-03-31,VMBS,6,2011-09-30,2011-09-30,2011-03-25,2011-09-30,2011-03-25,2011-09-30
2011-03-31,VOO,6,2011-09-30,2011-09-30,2011-03-25,2011-09-30,2011-03-25,2011-09-30
2011-03-31,VWO,6,2011-09-30,2011-09-30,2011-03-25,2011-09-30,2011-03-25,2011-09-30
2011-03-31,VXUS,6,2011-09-30,2011-09-30,2011-03-25,2011-09-30,2011-03-25,2011-09-30
2011-04-29,BND,6,2011-10-31,2011-10-31,2011-04-29,2011-10-28,2011-04-29,2011-10-28
2011-04-29,DBC,6,2011-10-31,2011-10-31,2011-04-29,2011-10-28,2011-04-29,2011-10-28
2011-04-29,GLD,6,2011-10-31,2011-10-31,2011-04-29,2011-10-28,2011-04-29,2011-10-28
2011-04-29,VDE,6,2011-10-31,2011-10-31,2011-04-29,2011-10-28,2011-04-29,2011-10-28
2011-04-29,VGT,6,2011-10-31,2011-10-31,2011-04-29,2011-10-28,2011-04-29,2011-10-28
2011-04-29,VIG,6,2011-10-31,2011-10-31,2011-04-29,2011-10-28,2011-04-29,2011-10-28
2011-04-29,VMBS,6,2011-10-31,2011-10-31,2011-04-29,2011-10-28,2011-04-29,2011-10-28
2011-04-29,VOO,6,2011-10-31,2011-10-31,2011-04-29,2011-10-28,2011-04-29,2011-10-28
2011-04-29,VWO,6,2011-10-31,2011-10-31,2011-04-29,2011-10-28,2011-04-29,2011-10-28
2011-04-29,VXUS,6,2011-10-31,2011-10-31,2011-04-29,2011-10-28,2011-04-29,2011-10-28
2011-05-31,BND,6,2011-11-30,2011-11-30,2011-05-27,2011-11-25,2011-05-27,2011-11-25
2011-05-31,DBC,6,2011-11-30,2011-11-30,2011-05-27,2011-11-25,2011-05-27,2011-11-25
2011-05-31,GLD,6,2011-11-30,2011-11-30,2011-05-27,2011-11-25,2011-05-27,2011-11-25
2011-05-31,VDE,6,2011-11-30,2011-11-30,2011-05-27,2011-11-25,2011-05-27,2011-11-25
2011-05-31,VGT,6,2011-11-30,2011-11-30,2011-05-27,2011-11-25,2011-05-27,2011-11-25
2011-05-31,VIG,6,2011-11-30,2011-11-30,2011-05-27,2011-11-25,2011-05-27,2011-11-25
2011-05-31,VMBS,6,2011-11-30,2011-11-30,2011-05-27,2011-11-25,2011-05-27,2011-11-25
2011-05-31,VOO,6,2011-11-30,2011-11-30,2011-05-27,2011-11-25,2011-05-27,2011-11-25
2011-05-31,VWO,6,2011-11-30,2011-11-30,2011-05-27,2011-11-25,2011-05-27,2011-11-25
2011-05-31,VXUS,6,2011-11-30,2011-11-30,2011-05-27,2011-11-25,2011-05-27,2011-11-25
2011-06-30,BND,6,2011-12-30,2011-12-30,2011-06-24,2011-12-30,2011-06-24,2011-12-30
2011-06-30,DBC,6,2011-12-30,2011-12-30,2011-06-24,2011-12-30,2011-06-24,2011-12-30
2011-06-30,GLD,6,2011-12-30,2011-12-30,2011-06-24,2011-12-30,2011-06-24,2011-12-30
2011-06-30,VDE,6,2011-12-30,2011-12-30,2011-06-24,2011-12-30,2011-06-24,2011-12-30
2011-06-30,VGT,6,2011-12-30,2011-12-30,2011-06-24,2011-12-30,2011-06-24,2011-12-30
2011-06-30,VIG,6,2011-12-30,2011-12-30,2011-06-24,2011-12-30,2011-06-24,2011-12-30
2011-06-30,VMBS,6,2011-12-30,2011-12-30,2011-06-24,2011-12-30,2011-06-24,2011-12-30
2011-06-30,VOO,6,2011-12-30,2011-12-30,2011-06-24,2011-12-30,2011-06-24,2011-12-30
2011-06-30,VWO,6,2011-12-30,2011-12-30,2011-06-24,2011-12-30,2011-06-24,2011-12-30
2011-06-30,VXUS,6,2011-12-30,2011-12-30,2011-06-24,2011-12-30,2011-06-24,2011-12-30
2011-07-29,BND,6,2012-01-31,2012-01-31,2011-07-29,2012-01-27,2011-07-29,2012-01-27
2011-07-29,DBC,6,2012-01-31,2012-01-31,2011-07-29,2012-01-27,2011-07-29,2012-01-27
2011-07-29,GLD,6,2012-01-31,2012-01-31,2011-07-29,2012-01-27,2011-07-29,2012-01-27
2011-07-29,VDE,6,2012-01-31,2012-01-31,2011-07-29,2012-01-27,2011-07-29,2012-01-27
2011-07-29,VGT,6,2012-01-31,2012-01-31,2011-07-29,2012-01-27,2011-07-29,2012-01-27
2011-07-29,VIG,6,2012-01-31,2012-01-31,2011-07-29,2012-01-27,2011-07-29,2012-01-27
2011-07-29,VMBS,6,2012-01-31,2012-01-31,2011-07-29,2012-01-27,2011-07-29,2012-01-27
2011-07-29,VOO,6,2012-01-31,2012-01-31,2011-07-29,2012-01-27,2011-07-29,2012-01-27
2011-07-29,VWO,6,2012-01-31,2012-01-31,2011-07-29,2012-01-27,2011-07-29,2012-01-27
2011-07-29,VXUS,6,2012-01-31,2012-01-31,2011-07-29,2012-01-27,2011-07-29,2012-01-27
2011-08-31,BND,6,2012-02-29,2012-02-29,2011-08-26,2012-02-24,2011-08-26,2012-02-24
2011-08-31,DBC,6,2012-02-29,2012-02-29,2011-08-26,2012-02-24,2011-08-26,2012-02-24
2011-08-31,GLD,6,2012-02-29,2012-02-29,2011-08-26,2012-02-24,2011-08-26,2012-02-24
2011-08-31,VDE,6,2012-02-29,2012-02-29,2011-08-26,2012-02-24,2011-08-26,2012-02-24
2011-08-31,VGT,6,2012-02-29,2012-02-29,2011-08-26,2012-02-24,2011-08-26,2012-02-24
2011-08-31,VIG,6,2012-02-29,2012-02-29,2011-08-26,2012-02-24,2011-08-26,2012-02-24
2011-08-31,VMBS,6,2012-02-29,2012-02-29,2011-08-26,2012-02-24,2011-08-26,2012-02-24
2011-08-31,VOO,6,2012-02-29,2012-02-29,2011-08-26,2012-02-24,2011-08-26,2012-02-24
2011-08-31,VWO,6,2012-02-29,2012-02-29,2011-08-26,2012-02-24,2011-08-26,2012-02-24
2011-08-31,VXUS,6,2012-02-29,2012-02-29,2011-08-26,2012-02-24,2011-08-26,2012-02-24
2011-09-30,BND,6,2012-03-30,2012-03-30,2011-09-30,2012-03-30,2011-09-30,2012-03-30
2011-09-30,DBC,6,2012-03-30,2012-03-30,2011-09-30,2012-03-30,2011-09-30,2012-03-30
2011-09-30,GLD,6,2012-03-30,2012-03-30,2011-09-30,2012-03-30,2011-09-30,2012-03-30
2011-09-30,VDE,6,2012-03-30,2012-03-30,2011-09-30,2012-03-30,2011-09-30,2012-03-30
2011-09-30,VGT,6,2012-03-30,2012-03-30,2011-09-30,2012-03-30,2011-09-30,2012-03-30
2011-09-30,VIG,6,2012-03-30,2012-03-30,2011-09-30,2012-03-30,2011-09-30,2012-03-30
2011-09-30,VMBS,6,2012-03-30,2012-03-30,2011-09-30,2012-03-30,2011-09-30,2012-03-30
2011-09-30,VOO,6,2012-03-30,2012-03-30,2011-09-30,2012-03-30,2011-09-30,2012-03-30
2011-09-30,VWO,6,2012-03-30,2012-03-30,2011-09-30,2012-03-30,2011-09-30,2012-03-30
2011-09-30,VXUS,6,2012-03-30,2012-03-30,2011-09-30,2012-03-30,2011-09-30,2012-03-30
2011-10-31,BND,6,2012-04-30,2012-04-30,2011-10-28,2012-04-27,2011-10-28,2012-04-27
2011-10-31,DBC,6,2012-04-30,2012-04-30,2011-10-28,2012-04-27,2011-10-28,2012-04-27
2011-10-31,GLD,6,2012-04-30,2012-04-30,2011-10-28,2012-04-27,2011-10-28,2012-04-27
2011-10-31,VDE,6,2012-04-30,2012-04-30,2011-10-28,2012-04-27,2011-10-28,2012-04-27
2011-10-31,VGT,6,2012-04-30,2012-04-30,2011-10-28,2012-04-27,2011-10-28,2012-04-27
2011-10-31,VIG,6,2012-04-30,2012-04-30,2011-10-28,2012-04-27,2011-10-28,2012-04-27
2011-10-31,VMBS,6,2012-04-30,2012-04-30,2011-10-28,2012-04-27,2011-10-28,2012-04-27
2011-10-31,VOO,6,2012-04-30,2012-04-30,2011-10-28,2012-04-27,2011-10-28,2012-04-27
2011-10-31,VWO,6,2012-04-30,2012-04-30,2011-10-28,2012-04-27,2011-10-28,2012-04-27
2011-10-31,VXUS,6,2012-04-30,2012-04-30,2011-10-28,2012-04-27,2011-10-28,2012-04-27
2011-11-30,BND,6,2012-05-31,2012-05-31,2011-11-25,2012-05-25,2011-11-25,2012-05-25
2011-11-30,DBC,6,2012-05-31,2012-05-31,2011-11-25,2012-05-25,2011-11-25,2012-05-25
2011-11-30,GLD,6,2012-05-31,2012-05-31,2011-11-25,2012-05-25,2011-11-25,2012-05-25
2011-11-30,VDE,6,2012-05-31,2012-05-31,2011-11-25,2012-05-25,2011-11-25,2012-05-25
2011-11-30,VGT,6,2012-05-31,2012-05-31,2011-11-25,2012-05-25,2011-11-25,2012-05-25
2011-11-30,VIG,6,2012-05-31,2012-05-31,2011-11-25,2012-05-25,2011-11-25,2012-05-25
2011-11-30,VMBS,6,2012-05-31,2012-05-31,2011-11-25,2012-05-25,2011-11-25,2012-05-25
2011-11-30,VOO,6,2012-05-31,2012-05-31,2011-11-25,2012-05-25,2011-11-25,2012-05-25
2011-11-30,VWO,6,2012-05-31,2012-05-31,2011-11-25,2012-05-25,2011-11-25,2012-05-25
2011-11-30,VXUS,6,2012-05-31,2012-05-31,2011-11-25,2012-05-25,2011-11-25,2012-05-25
2011-12-30,BND,6,2012-06-29,2012-06-29,2011-12-30,2012-06-29,2011-12-30,2012-06-29
2011-12-30,DBC,6,2012-06-29,2012-06-29,2011-12-30,2012-06-29,2011-12-30,2012-06-29
2011-12-30,GLD,6,2012-06-29,2012-06-29,2011-12-30,2012-06-29,2011-12-30,2012-06-29
2011-12-30,VDE,6,2012-06-29,2012-06-29,2011-12-30,2012-06-29,2011-12-30,2012-06-29
2011-12-30,VGT,6,2012-06-29,2012-06-29,2011-12-30,2012-06-29,2011-12-30,2012-06-29
2011-12-30,VIG,6,2012-06-29,2012-06-29,2011-12-30,2012-06-29,2011-12-30,2012-06-29
2011-12-30,VMBS,6,2012-06-29,2012-06-29,2011-12-30,2012-06-29,2011-12-30,2012-06-29
2011-12-30,VOO,6,2012-06-29,2012-06-29,2011-12-30,2012-06-29,2011-12-30,2012-06-29
2011-12-30,VWO,6,2012-06-29,2012-06-29,2011-12-30,2012-06-29,2011-12-30,2012-06-29
2011-12-30,VXUS,6,2012-06-29,2012-06-29,2011-12-30,2012-06-29,2011-12-30,2012-06-29
2012-01-31,BND,6,2012-07-31,2012-07-31,2012-01-27,2012-07-27,2012-01-27,2012-07-27
2012-01-31,DBC,6,2012-07-31,2012-07-31,2012-01-27,2012-07-27,2012-01-27,2012-07-27
2012-01-31,GLD,6,2012-07-31,2012-07-31,2012-01-27,2012-07-27,2012-01-27,2012-07-27
2012-01-31,VDE,6,2012-07-31,2012-07-31,2012-01-27,2012-07-27,2012-01-27,2012-07-27
2012-01-31,VGT,6,2012-07-31,2012-07-31,2012-01-27,2012-07-27,2012-01-27,2012-07-27
2012-01-31,VIG,6,2012-07-31,2012-07-31,2012-01-27,2012-07-27,2012-01-27,2012-07-27
2012-01-31,VMBS,6,2012-07-31,2012-07-31,2012-01-27,2012-07-27,2012-01-27,2012-07-27
2012-01-31,VOO,6,2012-07-31,2012-07-31,2012-01-27,2012-07-27,2012-01-27,2012-07-27
2012-01-31,VWO,6,2012-07-31,2012-07-31,2012-01-27,2012-07-27,2012-01-27,2012-07-27
2012-01-31,VXUS,6,2012-07-31,2012-07-31,2012-01-27,2012-07-27,2012-01-27,2012-07-27
2012-02-29,BND,6,2012-08-31,2012-08-31,2012-02-24,2012-08-31,2012-02-24,2012-08-31
2012-02-29,DBC,6,2012-08-31,2012-08-31,2012-02-24,2012-08-31,2012-02-24,2012-08-31
2012-02-29,GLD,6,2012-08-31,2012-08-31,2012-02-24,2012-08-31,2012-02-24,2012-08-31
2012-02-29,VDE,6,2012-08-31,2012-08-31,2012-02-24,2012-08-31,2012-02-24,2012-08-31
2012-02-29,VGT,6,2012-08-31,2012-08-31,2012-02-24,2012-08-31,2012-02-24,2012-08-31
2012-02-29,VIG,6,2012-08-31,2012-08-31,2012-02-24,2012-08-31,2012-02-24,2012-08-31
2012-02-29,VMBS,6,2012-08-31,2012-08-31,2012-02-24,2012-08-31,2012-02-24,2012-08-31
2012-02-29,VOO,6,2012-08-31,2012-08-31,2012-02-24,2012-08-31,2012-02-24,2012-08-31
2012-02-29,VWO,6,2012-08-31,2012-08-31,2012-02-24,2012-08-31,2012-02-24,2012-08-31
2012-02-29,VXUS,6,2012-08-31,2012-08-31,2012-02-24,2012-08-31,2012-02-24,2012-08-31
2012-03-30,BND,6,2012-09-28,2012-09-28,2012-03-30,2012-09-28,2012-03-30,2012-09-28
2012-03-30,DBC,6,2012-09-28,2012-09-28,2012-03-30,2012-09-28,2012-03-30,2012-09-28
2012-03-30,GLD,6,2012-09-28,2012-09-28,2012-03-30,2012-09-28,2012-03-30,2012-09-28
2012-03-30,VDE,6,2012-09-28,2012-09-28,2012-03-30,2012-09-28,2012-03-30,2012-09-28
2012-03-30,VGT,6,2012-09-28,2012-09-28,2012-03-30,2012-09-28,2012-03-30,2012-09-28
2012-03-30,VIG,6,2012-09-28,2012-09-28,2012-03-30,2012-09-28,2012-03-30,2012-09-28
2012-03-30,VMBS,6,2012-09-28,2012-09-28,2012-03-30,2012-09-28,2012-03-30,2012-09-28
2012-03-30,VOO,6,2012-09-28,2012-09-28,2012-03-30,2012-09-28,2012-03-30,2012-09-28
2012-03-30,VWO,6,2012-09-28,2012-09-28,2012-03-30,2012-09-28,2012-03-30,2012-09-28
2012-03-30,VXUS,6,2012-09-28,2012-09-28,2012-03-30,2012-09-28,2012-03-30,2012-09-28
2012-04-30,BND,6,2012-10-31,2012-10-31,2012-04-27,2012-10-26,2012-04-27,2012-10-26
2012-04-30,DBC,6,2012-10-31,2012-10-31,2012-04-27,2012-10-26,2012-04-27,2012-10-26
2012-04-30,GLD,6,2012-10-31,2012-10-31,2012-04-27,2012-10-26,2012-04-27,2012-10-26
2012-04-30,VDE,6,2012-10-31,2012-10-31,2012-04-27,2012-10-26,2012-04-27,2012-10-26
2012-04-30,VGT,6,2012-10-31,2012-10-31,2012-04-27,2012-10-26,2012-04-27,2012-10-26
2012-04-30,VIG,6,2012-10-31,2012-10-31,2012-04-27,2012-10-26,2012-04-27,2012-10-26
2012-04-30,VMBS,6,2012-10-31,2012-10-31,2012-04-27,2012-10-26,2012-04-27,2012-10-26
2012-04-30,VOO,6,2012-10-31,2012-10-31,2012-04-27,2012-10-26,2012-04-27,2012-10-26
2012-04-30,VWO,6,2012-10-31,2012-10-31,2012-04-27,2012-10-26,2012-04-27,2012-10-26
2012-04-30,VXUS,6,2012-10-31,2012-10-31,2012-04-27,2012-10-26,2012-04-27,2012-10-26
2012-05-31,BND,6,2012-11-30,2012-11-30,2012-05-25,2012-11-30,2012-05-25,2012-11-30
2012-05-31,DBC,6,2012-11-30,2012-11-30,2012-05-25,2012-11-30,2012-05-25,2012-11-30
2012-05-31,GLD,6,2012-11-30,2012-11-30,2012-05-25,2012-11-30,2012-05-25,2012-11-30
2012-05-31,VDE,6,2012-11-30,2012-11-30,2012-05-25,2012-11-30,2012-05-25,2012-11-30
2012-05-31,VGT,6,2012-11-30,2012-11-30,2012-05-25,2012-11-30,2012-05-25,2012-11-30
2012-05-31,VIG,6,2012-11-30,2012-11-30,2012-05-25,2012-11-30,2012-05-25,2012-11-30
2012-05-31,VMBS,6,2012-11-30,2012-11-30,2012-05-25,2012-11-30,2012-05-25,2012-11-30
2012-05-31,VOO,6,2012-11-30,2012-11-30,2012-05-25,2012-11-30,2012-05-25,2012-11-30
2012-05-31,VWO,6,2012-11-30,2012-11-30,2012-05-25,2012-11-30,2012-05-25,2012-11-30
2012-05-31,VXUS,6,2012-11-30,2012-11-30,2012-05-25,2012-11-30,2012-05-25,2012-11-30
2012-06-29,BND,6,2012-12-31,2012-12-31,2012-06-29,2012-12-28,2012-06-29,2012-12-28
2012-06-29,DBC,6,2012-12-31,2012-12-31,2012-06-29,2012-12-28,2012-06-29,2012-12-28
2012-06-29,GLD,6,2012-12-31,2012-12-31,2012-06-29,2012-12-28,2012-06-29,2012-12-28
2012-06-29,VDE,6,2012-12-31,2012-12-31,2012-06-29,2012-12-28,2012-06-29,2012-12-28
2012-06-29,VGT,6,2012-12-31,2012-12-31,2012-06-29,2012-12-28,2012-06-29,2012-12-28
2012-06-29,VIG,6,2012-12-31,2012-12-31,2012-06-29,2012-12-28,2012-06-29,2012-12-28
2012-06-29,VMBS,6,2012-12-31,2012-12-31,2012-06-29,2012-12-28,2012-06-29,2012-12-28
2012-06-29,VOO,6,2012-12-31,2012-12-31,2012-06-29,2012-12-28,2012-06-29,2012-12-28
2012-06-29,VWO,6,2012-12-31,2012-12-31,2012-06-29,2012-12-28,2012-06-29,2012-12-28
2012-06-29,VXUS,6,2012-12-31,2012-12-31,2012-06-29,2012-12-28,2012-06-29,2012-12-28
2012-07-31,BND,6,2013-01-31,2013-01-31,2012-07-27,2013-01-25,2012-07-27,2013-01-25
2012-07-31,DBC,6,2013-01-31,2013-01-31,2012-07-27,2013-01-25,2012-07-27,2013-01-25
2012-07-31,GLD,6,2013-01-31,2013-01-31,2012-07-27,2013-01-25,2012-07-27,2013-01-25
2012-07-31,VDE,6,2013-01-31,2013-01-31,2012-07-27,2013-01-25,2012-07-27,2013-01-25
2012-07-31,VGT,6,2013-01-31,2013-01-31,2012-07-27,2013-01-25,2012-07-27,2013-01-25
2012-07-31,VIG,6,2013-01-31,2013-01-31,2012-07-27,2013-01-25,2012-07-27,2013-01-25
2012-07-31,VMBS,6,2013-01-31,2013-01-31,2012-07-27,2013-01-25,2012-07-27,2013-01-25
2012-07-31,VOO,6,2013-01-31,2013-01-31,2012-07-27,2013-01-25,2012-07-27,2013-01-25
2012-07-31,VWO,6,2013-01-31,2013-01-31,2012-07-27,2013-01-25,2012-07-27,2013-01-25
2012-07-31,VXUS,6,2013-01-31,2013-01-31,2012-07-27,2013-01-25,2012-07-27,2013-01-25
2012-08-31,BND,6,2013-02-28,2013-02-28,2012-08-31,2013-02-22,2012-08-31,2013-02-22
2012-08-31,DBC,6,2013-02-28,2013-02-28,2012-08-31,2013-02-22,2012-08-31,2013-02-22
2012-08-31,GLD,6,2013-02-28,2013-02-28,2012-08-31,2013-02-22,2012-08-31,2013-02-22
2012-08-31,VDE,6,2013-02-28,2013-02-28,2012-08-31,2013-02-22,2012-08-31,2013-02-22
2012-08-31,VGT,6,2013-02-28,2013-02-28,2012-08-31,2013-02-22,2012-08-31,2013-02-22
2012-08-31,VIG,6,2013-02-28,2013-02-28,2012-08-31,2013-02-22,2012-08-31,2013-02-22
2012-08-31,VMBS,6,2013-02-28,2013-02-28,2012-08-31,2013-02-22,2012-08-31,2013-02-22
2012-08-31,VOO,6,2013-02-28,2013-02-28,2012-08-31,2013-02-22,2012-08-31,2013-02-22
2012-08-31,VWO,6,2013-02-28,2013-02-28,2012-08-31,2013-02-22,2012-08-31,2013-02-22
2012-08-31,VXUS,6,2013-02-28,2013-02-28,2012-08-31,2013-02-22,2012-08-31,2013-02-22
2012-09-28,BND,6,2013-03-29,2013-03-29,2012-09-28,2013-03-28,2012-09-28,2013-03-28
2012-09-28,DBC,6,2013-03-29,2013-03-29,2012-09-28,2013-03-28,2012-09-28,2013-03-28
2012-09-28,GLD,6,2013-03-29,2013-03-29,2012-09-28,2013-03-28,2012-09-28,2013-03-28
2012-09-28,VDE,6,2013-03-29,2013-03-29,2012-09-28,2013-03-28,2012-09-28,2013-03-28
2012-09-28,VGT,6,2013-03-29,2013-03-29,2012-09-28,2013-03-28,2012-09-28,2013-03-28
2012-09-28,VIG,6,2013-03-29,2013-03-29,2012-09-28,2013-03-28,2012-09-28,2013-03-28
2012-09-28,VMBS,6,2013-03-29,2013-03-29,2012-09-28,2013-03-28,2012-09-28,2013-03-28
2012-09-28,VOO,6,2013-03-29,2013-03-29,2012-09-28,2013-03-28,2012-09-28,2013-03-28
2012-09-28,VWO,6,2013-03-29,2013-03-29,2012-09-28,2013-03-28,2012-09-28,2013-03-28
2012-09-28,VXUS,6,2013-03-29,2013-03-29,2012-09-28,2013-03-28,2012-09-28,2013-03-28
2012-10-31,BND,6,2013-04-30,2013-04-30,2012-10-26,2013-04-26,2012-10-26,2013-04-26
2012-10-31,DBC,6,2013-04-30,2013-04-30,2012-10-26,2013-04-26,2012-10-26,2013-04-26
2012-10-31,GLD,6,2013-04-30,2013-04-30,2012-10-26,2013-04-26,2012-10-26,2013-04-26
2012-10-31,VDE,6,2013-04-30,2013-04-30,2012-10-26,2013-04-26,2012-10-26,2013-04-26
2012-10-31,VGT,6,2013-04-30,2013-04-30,2012-10-26,2013-04-26,2012-10-26,2013-04-26
2012-10-31,VIG,6,2013-04-30,2013-04-30,2012-10-26,2013-04-26,2012-10-26,2013-04-26
2012-10-31,VMBS,6,2013-04-30,2013-04-30,2012-10-26,2013-04-26,2012-10-26,2013-04-26
2012-10-31,VOO,6,2013-04-30,2013-04-30,2012-10-26,2013-04-26,2012-10-26,2013-04-26
2012-10-31,VWO,6,2013-04-30,2013-04-30,2012-10-26,2013-04-26,2012-10-26,2013-04-26
2012-10-31,VXUS,6,2013-04-30,2013-04-30,2012-10-26,2013-04-26,2012-10-26,2013-04-26
2012-11-30,BND,6,2013-05-31,2013-05-31,2012-11-30,2013-05-31,2012-11-30,2013-05-31
2012-11-30,DBC,6,2013-05-31,2013-05-31,2012-11-30,2013-05-31,2012-11-30,2013-05-31
2012-11-30,GLD,6,2013-05-31,2013-05-31,2012-11-30,2013-05-31,2012-11-30,2013-05-31
2012-11-30,VDE,6,2013-05-31,2013-05-31,2012-11-30,2013-05-31,2012-11-30,2013-05-31
2012-11-30,VGT,6,2013-05-31,2013-05-31,2012-11-30,2013-05-31,2012-11-30,2013-05-31
2012-11-30,VIG,6,2013-05-31,2013-05-31,2012-11-30,2013-05-31,2012-11-30,2013-05-31
2012-11-30,VMBS,6,2013-05-31,2013-05-31,2012-11-30,2013-05-31,2012-11-30,2013-05-31
2012-11-30,VOO,6,2013-05-31,2013-05-31,2012-11-30,2013-05-31,2012-11-30,2013-05-31
2012-11-30,VWO,6,2013-05-31,2013-05-31,2012-11-30,2013-05-31,2012-11-30,2013-05-31
2012-11-30,VXUS,6,2013-05-31,2013-05-31,2012-11-30,2013-05-31,2012-11-30,2013-05-31
2012-12-31,BND,6,2013-06-28,2013-06-28,2012-12-28,2013-06-28,2012-12-28,2013-06-28
2012-12-31,DBC,6,2013-06-28,2013-06-28,2012-12-28,2013-06-28,2012-12-28,2013-06-28
2012-12-31,GLD,6,2013-06-28,2013-06-28,2012-12-28,2013-06-28,2012-12-28,2013-06-28
2012-12-31,VDE,6,2013-06-28,2013-06-28,2012-12-28,2013-06-28,2012-12-28,2013-06-28
2012-12-31,VGT,6,2013-06-28,2013-06-28,2012-12-28,2013-06-28,2012-12-28,2013-06-28
2012-12-31,VIG,6,2013-06-28,2013-06-28,2012-12-28,2013-06-28,2012-12-28,2013-06-28
2012-12-31,VMBS,6,2013-06-28,2013-06-28,2012-12-28,2013-06-28,2012-12-28,2013-06-28
2012-12-31,VOO,6,2013-06-28,2013-06-28,2012-12-28,2013-06-28,2012-12-28,2013-06-28
2012-12-31,VWO,6,2013-06-28,2013-06-28,2012-12-28,2013-06-28,2012-12-28,2013-06-28
2012-12-31,VXUS,6,2013-06-28,2013-06-28,2012-12-28,2013-06-28,2012-12-28,2013-06-28
2013-01-31,BND,6,2013-07-31,2013-07-31,2013-01-25,2013-07-26,2013-01-25,2013-07-26
2013-01-31,DBC,6,2013-07-31,2013-07-31,2013-01-25,2013-07-26,2013-01-25,2013-07-26
2013-01-31,GLD,6,2013-07-31,2013-07-31,2013-01-25,2013-07-26,2013-01-25,2013-07-26
2013-01-31,VDE,6,2013-07-31,2013-07-31,2013-01-25,2013-07-26,2013-01-25,2013-07-26
2013-01-31,VGT,6,2013-07-31,2013-07-31,2013-01-25,2013-07-26,2013-01-25,2013-07-26
2013-01-31,VIG,6,2013-07-31,2013-07-31,2013-01-25,2013-07-26,2013-01-25,2013-07-26
2013-01-31,VMBS,6,2013-07-31,2013-07-31,2013-01-25,2013-07-26,2013-01-25,2013-07-26
2013-01-31,VOO,6,2013-07-31,2013-07-31,2013-01-25,2013-07-26,2013-01-25,2013-07-26
2013-01-31,VWO,6,2013-07-31,2013-07-31,2013-01-25,2013-07-26,2013-01-25,2013-07-26
2013-01-31,VXUS,6,2013-07-31,2013-07-31,2013-01-25,2013-07-26,2013-01-25,2013-07-26
2013-02-28,BND,6,2013-08-30,2013-08-30,2013-02-22,2013-08-30,2013-02-22,2013-08-30
2013-02-28,DBC,6,2013-08-30,2013-08-30,2013-02-22,2013-08-30,2013-02-22,2013-08-30
2013-02-28,GLD,6,2013-08-30,2013-08-30,2013-02-22,2013-08-30,2013-02-22,2013-08-30
2013-02-28,VDE,6,2013-08-30,2013-08-30,2013-02-22,2013-08-30,2013-02-22,2013-08-30
2013-02-28,VGT,6,2013-08-30,2013-08-30,2013-02-22,2013-08-30,2013-02-22,2013-08-30
2013-02-28,VIG,6,2013-08-30,2013-08-30,2013-02-22,2013-08-30,2013-02-22,2013-08-30
2013-02-28,VMBS,6,2013-08-30,2013-08-30,2013-02-22,2013-08-30,2013-02-22,2013-08-30
2013-02-28,VOO,6,2013-08-30,2013-08-30,2013-02-22,2013-08-30,2013-02-22,2013-08-30
2013-02-28,VWO,6,2013-08-30,2013-08-30,2013-02-22,2013-08-30,2013-02-22,2013-08-30
2013-02-28,VXUS,6,2013-08-30,2013-08-30,2013-02-22,2013-08-30,2013-02-22,2013-08-30
2013-03-29,BND,6,2013-09-30,2013-09-30,2013-03-28,2013-09-27,2013-03-28,2013-09-27
2013-03-29,DBC,6,2013-09-30,2013-09-30,2013-03-28,2013-09-27,2013-03-28,2013-09-27
2013-03-29,GLD,6,2013-09-30,2013-09-30,2013-03-28,2013-09-27,2013-03-28,2013-09-27
2013-03-29,VDE,6,2013-09-30,2013-09-30,2013-03-28,2013-09-27,2013-03-28,2013-09-27
2013-03-29,VGT,6,2013-09-30,2013-09-30,2013-03-28,2013-09-27,2013-03-28,2013-09-27
2013-03-29,VIG,6,2013-09-30,2013-09-30,2013-03-28,2013-09-27,2013-03-28,2013-09-27
2013-03-29,VMBS,6,2013-09-30,2013-09-30,2013-03-28,2013-09-27,2013-03-28,2013-09-27
2013-03-29,VOO,6,2013-09-30,2013-09-30,2013-03-28,2013-09-27,2013-03-28,2013-09-27
2013-03-29,VWO,6,2013-09-30,2013-09-30,2013-03-28,2013-09-27,2013-03-28,2013-09-27
2013-03-29,VXUS,6,2013-09-30,2013-09-30,2013-03-28,2013-09-27,2013-03-28,2013-09-27
2013-04-30,BND,6,2013-10-31,2013-10-31,2013-04-26,2013-10-25,2013-04-26,2013-10-25
2013-04-30,DBC,6,2013-10-31,2013-10-31,2013-04-26,2013-10-25,2013-04-26,2013-10-25
2013-04-30,GLD,6,2013-10-31,2013-10-31,2013-04-26,2013-10-25,2013-04-26,2013-10-25
2013-04-30,VDE,6,2013-10-31,2013-10-31,2013-04-26,2013-10-25,2013-04-26,2013-10-25
2013-04-30,VGT,6,2013-10-31,2013-10-31,2013-04-26,2013-10-25,2013-04-26,2013-10-25
2013-04-30,VIG,6,2013-10-31,2013-10-31,2013-04-26,2013-10-25,2013-04-26,2013-10-25
2013-04-30,VMBS,6,2013-10-31,2013-10-31,2013-04-26,2013-10-25,2013-04-26,2013-10-25
2013-04-30,VOO,6,2013-10-31,2013-10-31,2013-04-26,2013-10-25,2013-04-26,2013-10-25
2013-04-30,VWO,6,2013-10-31,2013-10-31,2013-04-26,2013-10-25,2013-04-26,2013-10-25
2013-04-30,VXUS,6,2013-10-31,2013-10-31,2013-04-26,2013-10-25,2013-04-26,2013-10-25
2013-05-31,BND,6,2013-11-29,2013-11-29,2013-05-31,2013-11-29,2013-05-31,2013-11-29
2013-05-31,DBC,6,2013-11-29,2013-11-29,2013-05-31,2013-11-29,2013-05-31,2013-11-29
2013-05-31,GLD,6,2013-11-29,2013-11-29,2013-05-31,2013-11-29,2013-05-31,2013-11-29
2013-05-31,VDE,6,2013-11-29,2013-11-29,2013-05-31,2013-11-29,2013-05-31,2013-11-29
2013-05-31,VGT,6,2013-11-29,2013-11-29,2013-05-31,2013-11-29,2013-05-31,2013-11-29
2013-05-31,VIG,6,2013-11-29,2013-11-29,2013-05-31,2013-11-29,2013-05-31,2013-11-29
2013-05-31,VMBS,6,2013-11-29,2013-11-29,2013-05-31,2013-11-29,2013-05-31,2013-11-29
2013-05-31,VOO,6,2013-11-29,2013-11-29,2013-05-31,2013-11-29,2013-05-31,2013-11-29
2013-05-31,VWO,6,2013-11-29,2013-11-29,2013-05-31,2013-11-29,2013-05-31,2013-11-29
2013-05-31,VXUS,6,2013-11-29,2013-11-29,2013-05-31,2013-11-29,2013-05-31,2013-11-29
2013-06-28,BND,6,2013-12-31,2013-12-31,2013-06-28,2013-12-27,2013-06-28,2013-12-27
2013-06-28,DBC,6,2013-12-31,2013-12-31,2013-06-28,2013-12-27,2013-06-28,2013-12-27
2013-06-28,GLD,6,2013-12-31,2013-12-31,2013-06-28,2013-12-27,2013-06-28,2013-12-27
2013-06-28,VDE,6,2013-12-31,2013-12-31,2013-06-28,2013-12-27,2013-06-28,2013-12-27
2013-06-28,VGT,6,2013-12-31,2013-12-31,2013-06-28,2013-12-27,2013-06-28,2013-12-27
2013-06-28,VIG,6,2013-12-31,2013-12-31,2013-06-28,2013-12-27,2013-06-28,2013-12-27
2013-06-28,VMBS,6,2013-12-31,2013-12-31,2013-06-28,2013-12-27,2013-06-28,2013-12-27
2013-06-28,VOO,6,2013-12-31,2013-12-31,2013-06-28,2013-12-27,2013-06-28,2013-12-27
2013-06-28,VWO,6,2013-12-31,2013-12-31,2013-06-28,2013-12-27,2013-06-28,2013-12-27
2013-06-28,VXUS,6,2013-12-31,2013-12-31,2013-06-28,2013-12-27,2013-06-28,2013-12-27
2013-07-31,BND,6,2014-01-31,2014-01-31,2013-07-26,2014-01-31,2013-07-26,2014-01-31
2013-07-31,DBC,6,2014-01-31,2014-01-31,2013-07-26,2014-01-31,2013-07-26,2014-01-31
2013-07-31,GLD,6,2014-01-31,2014-01-31,2013-07-26,2014-01-31,2013-07-26,2014-01-31
2013-07-31,VDE,6,2014-01-31,2014-01-31,2013-07-26,2014-01-31,2013-07-26,2014-01-31
2013-07-31,VGT,6,2014-01-31,2014-01-31,2013-07-26,2014-01-31,2013-07-26,2014-01-31
2013-07-31,VIG,6,2014-01-31,2014-01-31,2013-07-26,2014-01-31,2013-07-26,2014-01-31
2013-07-31,VMBS,6,2014-01-31,2014-01-31,2013-07-26,2014-01-31,2013-07-26,2014-01-31
2013-07-31,VOO,6,2014-01-31,2014-01-31,2013-07-26,2014-01-31,2013-07-26,2014-01-31
2013-07-31,VWO,6,2014-01-31,2014-01-31,2013-07-26,2014-01-31,2013-07-26,2014-01-31
2013-07-31,VXUS,6,2014-01-31,2014-01-31,2013-07-26,2014-01-31,2013-07-26,2014-01-31
2013-08-30,BND,6,2014-02-28,2014-02-28,2013-08-30,2014-02-28,2013-08-30,2014-02-28
2013-08-30,DBC,6,2014-02-28,2014-02-28,2013-08-30,2014-02-28,2013-08-30,2014-02-28
2013-08-30,GLD,6,2014-02-28,2014-02-28,2013-08-30,2014-02-28,2013-08-30,2014-02-28
2013-08-30,VDE,6,2014-02-28,2014-02-28,2013-08-30,2014-02-28,2013-08-30,2014-02-28
2013-08-30,VGT,6,2014-02-28,2014-02-28,2013-08-30,2014-02-28,2013-08-30,2014-02-28
2013-08-30,VIG,6,2014-02-28,2014-02-28,2013-08-30,2014-02-28,2013-08-30,2014-02-28
2013-08-30,VMBS,6,2014-02-28,2014-02-28,2013-08-30,2014-02-28,2013-08-30,2014-02-28
2013-08-30,VOO,6,2014-02-28,2014-02-28,2013-08-30,2014-02-28,2013-08-30,2014-02-28
2013-08-30,VWO,6,2014-02-28,2014-02-28,2013-08-30,2014-02-28,2013-08-30,2014-02-28
2013-08-30,VXUS,6,2014-02-28,2014-02-28,2013-08-30,2014-02-28,2013-08-30,2014-02-28
2013-09-30,BND,6,2014-03-31,2014-03-31,2013-09-27,2014-03-28,2013-09-27,2014-03-28
2013-09-30,DBC,6,2014-03-31,2014-03-31,2013-09-27,2014-03-28,2013-09-27,2014-03-28
2013-09-30,GLD,6,2014-03-31,2014-03-31,2013-09-27,2014-03-28,2013-09-27,2014-03-28
2013-09-30,VDE,6,2014-03-31,2014-03-31,2013-09-27,2014-03-28,2013-09-27,2014-03-28
2013-09-30,VGT,6,2014-03-31,2014-03-31,2013-09-27,2014-03-28,2013-09-27,2014-03-28
2013-09-30,VIG,6,2014-03-31,2014-03-31,2013-09-27,2014-03-28,2013-09-27,2014-03-28
2013-09-30,VMBS,6,2014-03-31,2014-03-31,2013-09-27,2014-03-28,2013-09-27,2014-03-28
2013-09-30,VOO,6,2014-03-31,2014-03-31,2013-09-27,2014-03-28,2013-09-27,2014-03-28
2013-09-30,VWO,6,2014-03-31,2014-03-31,2013-09-27,2014-03-28,2013-09-27,2014-03-28
2013-09-30,VXUS,6,2014-03-31,2014-03-31,2013-09-27,2014-03-28,2013-09-27,2014-03-28
2013-10-31,BND,6,2014-04-30,2014-04-30,2013-10-25,2014-04-25,2013-10-25,2014-04-25
2013-10-31,DBC,6,2014-04-30,2014-04-30,2013-10-25,2014-04-25,2013-10-25,2014-04-25
2013-10-31,GLD,6,2014-04-30,2014-04-30,2013-10-25,2014-04-25,2013-10-25,2014-04-25
2013-10-31,VDE,6,2014-04-30,2014-04-30,2013-10-25,2014-04-25,2013-10-25,2014-04-25
2013-10-31,VGT,6,2014-04-30,2014-04-30,2013-10-25,2014-04-25,2013-10-25,2014-04-25
2013-10-31,VIG,6,2014-04-30,2014-04-30,2013-10-25,2014-04-25,2013-10-25,2014-04-25
2013-10-31,VMBS,6,2014-04-30,2014-04-30,2013-10-25,2014-04-25,2013-10-25,2014-04-25
2013-10-31,VOO,6,2014-04-30,2014-04-30,2013-10-25,2014-04-25,2013-10-25,2014-04-25
2013-10-31,VWO,6,2014-04-30,2014-04-30,2013-10-25,2014-04-25,2013-10-25,2014-04-25
2013-10-31,VXUS,6,2014-04-30,2014-04-30,2013-10-25,2014-04-25,2013-10-25,2014-04-25
2013-11-29,BND,6,2014-05-30,2014-05-30,2013-11-29,2014-05-30,2013-11-29,2014-05-30
2013-11-29,DBC,6,2014-05-30,2014-05-30,2013-11-29,2014-05-30,2013-11-29,2014-05-30
2013-11-29,GLD,6,2014-05-30,2014-05-30,2013-11-29,2014-05-30,2013-11-29,2014-05-30
2013-11-29,VDE,6,2014-05-30,2014-05-30,2013-11-29,2014-05-30,2013-11-29,2014-05-30
2013-11-29,VGT,6,2014-05-30,2014-05-30,2013-11-29,2014-05-30,2013-11-29,2014-05-30
2013-11-29,VIG,6,2014-05-30,2014-05-30,2013-11-29,2014-05-30,2013-11-29,2014-05-30
2013-11-29,VMBS,6,2014-05-30,2014-05-30,2013-11-29,2014-05-30,2013-11-29,2014-05-30
2013-11-29,VOO,6,2014-05-30,2014-05-30,2013-11-29,2014-05-30,2013-11-29,2014-05-30
2013-11-29,VWO,6,2014-05-30,2014-05-30,2013-11-29,2014-05-30,2013-11-29,2014-05-30
2013-11-29,VXUS,6,2014-05-30,2014-05-30,2013-11-29,2014-05-30,2013-11-29,2014-05-30
2013-12-31,BND,6,2014-06-30,2014-06-30,2013-12-27,2014-06-27,2013-12-27,2014-06-27
2013-12-31,DBC,6,2014-06-30,2014-06-30,2013-12-27,2014-06-27,2013-12-27,2014-06-27
2013-12-31,GLD,6,2014-06-30,2014-06-30,2013-12-27,2014-06-27,2013-12-27,2014-06-27
2013-12-31,VDE,6,2014-06-30,2014-06-30,2013-12-27,2014-06-27,2013-12-27,2014-06-27
2013-12-31,VGT,6,2014-06-30,2014-06-30,2013-12-27,2014-06-27,2013-12-27,2014-06-27
2013-12-31,VIG,6,2014-06-30,2014-06-30,2013-12-27,2014-06-27,2013-12-27,2014-06-27
2013-12-31,VMBS,6,2014-06-30,2014-06-30,2013-12-27,2014-06-27,2013-12-27,2014-06-27
2013-12-31,VOO,6,2014-06-30,2014-06-30,2013-12-27,2014-06-27,2013-12-27,2014-06-27
2013-12-31,VWO,6,2014-06-30,2014-06-30,2013-12-27,2014-06-27,2013-12-27,2014-06-27
2013-12-31,VXUS,6,2014-06-30,2014-06-30,2013-12-27,2014-06-27,2013-12-27,2014-06-27
2014-01-31,BND,6,2014-07-31,2014-07-31,2014-01-31,2014-07-25,2014-01-31,2014-07-25
2014-01-31,DBC,6,2014-07-31,2014-07-31,2014-01-31,2014-07-25,2014-01-31,2014-07-25
2014-01-31,GLD,6,2014-07-31,2014-07-31,2014-01-31,2014-07-25,2014-01-31,2014-07-25
2014-01-31,VDE,6,2014-07-31,2014-07-31,2014-01-31,2014-07-25,2014-01-31,2014-07-25
2014-01-31,VGT,6,2014-07-31,2014-07-31,2014-01-31,2014-07-25,2014-01-31,2014-07-25
2014-01-31,VIG,6,2014-07-31,2014-07-31,2014-01-31,2014-07-25,2014-01-31,2014-07-25
2014-01-31,VMBS,6,2014-07-31,2014-07-31,2014-01-31,2014-07-25,2014-01-31,2014-07-25
2014-01-31,VOO,6,2014-07-31,2014-07-31,2014-01-31,2014-07-25,2014-01-31,2014-07-25
2014-01-31,VWO,6,2014-07-31,2014-07-31,2014-01-31,2014-07-25,2014-01-31,2014-07-25
2014-01-31,VXUS,6,2014-07-31,2014-07-31,2014-01-31,2014-07-25,2014-01-31,2014-07-25
2014-02-28,BND,6,2014-08-29,2014-08-29,2014-02-28,2014-08-29,2014-02-28,2014-08-29
2014-02-28,DBC,6,2014-08-29,2014-08-29,2014-02-28,2014-08-29,2014-02-28,2014-08-29
2014-02-28,GLD,6,2014-08-29,2014-08-29,2014-02-28,2014-08-29,2014-02-28,2014-08-29
2014-02-28,VDE,6,2014-08-29,2014-08-29,2014-02-28,2014-08-29,2014-02-28,2014-08-29
2014-02-28,VGT,6,2014-08-29,2014-08-29,2014-02-28,2014-08-29,2014-02-28,2014-08-29
2014-02-28,VIG,6,2014-08-29,2014-08-29,2014-02-28,2014-08-29,2014-02-28,2014-08-29
2014-02-28,VMBS,6,2014-08-29,2014-08-29,2014-02-28,2014-08-29,2014-02-28,2014-08-29
2014-02-28,VOO,6,2014-08-29,2014-08-29,2014-02-28,2014-08-29,2014-02-28,2014-08-29
2014-02-28,VWO,6,2014-08-29,2014-08-29,2014-02-28,2014-08-29,2014-02-28,2014-08-29
2014-02-28,VXUS,6,2014-08-29,2014-08-29,2014-02-28,2014-08-29,2014-02-28,2014-08-29
2014-03-31,BND,6,2014-09-30,2014-09-30,2014-03-28,2014-09-26,2014-03-28,2014-09-26
2014-03-31,DBC,6,2014-09-30,2014-09-30,2014-03-28,2014-09-26,2014-03-28,2014-09-26
2014-03-31,GLD,6,2014-09-30,2014-09-30,2014-03-28,2014-09-26,2014-03-28,2014-09-26
2014-03-31,VDE,6,2014-09-30,2014-09-30,2014-03-28,2014-09-26,2014-03-28,2014-09-26
2014-03-31,VGT,6,2014-09-30,2014-09-30,2014-03-28,2014-09-26,2014-03-28,2014-09-26
2014-03-31,VIG,6,2014-09-30,2014-09-30,2014-03-28,2014-09-26,2014-03-28,2014-09-26
2014-03-31,VMBS,6,2014-09-30,2014-09-30,2014-03-28,2014-09-26,2014-03-28,2014-09-26
2014-03-31,VOO,6,2014-09-30,2014-09-30,2014-03-28,2014-09-26,2014-03-28,2014-09-26
2014-03-31,VWO,6,2014-09-30,2014-09-30,2014-03-28,2014-09-26,2014-03-28,2014-09-26
2014-03-31,VXUS,6,2014-09-30,2014-09-30,2014-03-28,2014-09-26,2014-03-28,2014-09-26
2014-04-30,BND,6,2014-10-31,2014-10-31,2014-04-25,2014-10-31,2014-04-25,2014-10-31
2014-04-30,DBC,6,2014-10-31,2014-10-31,2014-04-25,2014-10-31,2014-04-25,2014-10-31
2014-04-30,GLD,6,2014-10-31,2014-10-31,2014-04-25,2014-10-31,2014-04-25,2014-10-31
2014-04-30,VDE,6,2014-10-31,2014-10-31,2014-04-25,2014-10-31,2014-04-25,2014-10-31
2014-04-30,VGT,6,2014-10-31,2014-10-31,2014-04-25,2014-10-31,2014-04-25,2014-10-31
2014-04-30,VIG,6,2014-10-31,2014-10-31,2014-04-25,2014-10-31,2014-04-25,2014-10-31
2014-04-30,VMBS,6,2014-10-31,2014-10-31,2014-04-25,2014-10-31,2014-04-25,2014-10-31
2014-04-30,VOO,6,2014-10-31,2014-10-31,2014-04-25,2014-10-31,2014-04-25,2014-10-31
2014-04-30,VWO,6,2014-10-31,2014-10-31,2014-04-25,2014-10-31,2014-04-25,2014-10-31
2014-04-30,VXUS,6,2014-10-31,2014-10-31,2014-04-25,2014-10-31,2014-04-25,2014-10-31
2014-05-30,BND,6,2014-11-28,2014-11-28,2014-05-30,2014-11-28,2014-05-30,2014-11-28
2014-05-30,DBC,6,2014-11-28,2014-11-28,2014-05-30,2014-11-28,2014-05-30,2014-11-28
2014-05-30,GLD,6,2014-11-28,2014-11-28,2014-05-30,2014-11-28,2014-05-30,2014-11-28
2014-05-30,VDE,6,2014-11-28,2014-11-28,2014-05-30,2014-11-28,2014-05-30,2014-11-28
2014-05-30,VGT,6,2014-11-28,2014-11-28,2014-05-30,2014-11-28,2014-05-30,2014-11-28
2014-05-30,VIG,6,2014-11-28,2014-11-28,2014-05-30,2014-11-28,2014-05-30,2014-11-28
2014-05-30,VMBS,6,2014-11-28,2014-11-28,2014-05-30,2014-11-28,2014-05-30,2014-11-28
2014-05-30,VOO,6,2014-11-28,2014-11-28,2014-05-30,2014-11-28,2014-05-30,2014-11-28
2014-05-30,VWO,6,2014-11-28,2014-11-28,2014-05-30,2014-11-28,2014-05-30,2014-11-28
2014-05-30,VXUS,6,2014-11-28,2014-11-28,2014-05-30,2014-11-28,2014-05-30,2014-11-28
2014-06-30,BND,6,2014-12-31,2014-12-31,2014-06-27,2014-12-26,2014-06-27,2014-12-26
2014-06-30,DBC,6,2014-12-31,2014-12-31,2014-06-27,2014-12-26,2014-06-27,2014-12-26
2014-06-30,GLD,6,2014-12-31,2014-12-31,2014-06-27,2014-12-26,2014-06-27,2014-12-26
2014-06-30,VDE,6,2014-12-31,2014-12-31,2014-06-27,2014-12-26,2014-06-27,2014-12-26
2014-06-30,VGT,6,2014-12-31,2014-12-31,2014-06-27,2014-12-26,2014-06-27,2014-12-26
2014-06-30,VIG,6,2014-12-31,2014-12-31,2014-06-27,2014-12-26,2014-06-27,2014-12-26
2014-06-30,VMBS,6,2014-12-31,2014-12-31,2014-06-27,2014-12-26,2014-06-27,2014-12-26
2014-06-30,VOO,6,2014-12-31,2014-12-31,2014-06-27,2014-12-26,2014-06-27,2014-12-26
2014-06-30,VWO,6,2014-12-31,2014-12-31,2014-06-27,2014-12-26,2014-06-27,2014-12-26
2014-06-30,VXUS,6,2014-12-31,2014-12-31,2014-06-27,2014-12-26,2014-06-27,2014-12-26
2014-07-31,BND,6,2015-01-30,2015-01-30,2014-07-25,2015-01-30,2014-07-25,2015-01-30
2014-07-31,DBC,6,2015-01-30,2015-01-30,2014-07-25,2015-01-30,2014-07-25,2015-01-30
2014-07-31,GLD,6,2015-01-30,2015-01-30,2014-07-25,2015-01-30,2014-07-25,2015-01-30
2014-07-31,VDE,6,2015-01-30,2015-01-30,2014-07-25,2015-01-30,2014-07-25,2015-01-30
2014-07-31,VGT,6,2015-01-30,2015-01-30,2014-07-25,2015-01-30,2014-07-25,2015-01-30
2014-07-31,VIG,6,2015-01-30,2015-01-30,2014-07-25,2015-01-30,2014-07-25,2015-01-30
2014-07-31,VMBS,6,2015-01-30,2015-01-30,2014-07-25,2015-01-30,2014-07-25,2015-01-30
2014-07-31,VOO,6,2015-01-30,2015-01-30,2014-07-25,2015-01-30,2014-07-25,2015-01-30
2014-07-31,VWO,6,2015-01-30,2015-01-30,2014-07-25,2015-01-30,2014-07-25,2015-01-30
2014-07-31,VXUS,6,2015-01-30,2015-01-30,2014-07-25,2015-01-30,2014-07-25,2015-01-30
2014-08-29,BND,6,2015-02-27,2015-02-27,2014-08-29,2015-02-27,2014-08-29,2015-02-27
2014-08-29,DBC,6,2015-02-27,2015-02-27,2014-08-29,2015-02-27,2014-08-29,2015-02-27
2014-08-29,GLD,6,2015-02-27,2015-02-27,2014-08-29,2015-02-27,2014-08-29,2015-02-27
2014-08-29,VDE,6,2015-02-27,2015-02-27,2014-08-29,2015-02-27,2014-08-29,2015-02-27
2014-08-29,VGT,6,2015-02-27,2015-02-27,2014-08-29,2015-02-27,2014-08-29,2015-02-27
2014-08-29,VIG,6,2015-02-27,2015-02-27,2014-08-29,2015-02-27,2014-08-29,2015-02-27
2014-08-29,VMBS,6,2015-02-27,2015-02-27,2014-08-29,2015-02-27,2014-08-29,2015-02-27
2014-08-29,VOO,6,2015-02-27,2015-02-27,2014-08-29,2015-02-27,2014-08-29,2015-02-27
2014-08-29,VWO,6,2015-02-27,2015-02-27,2014-08-29,2015-02-27,2014-08-29,2015-02-27
2014-08-29,VXUS,6,2015-02-27,2015-02-27,2014-08-29,2015-02-27,2014-08-29,2015-02-27
2014-09-30,BND,6,2015-03-31,2015-03-31,2014-09-26,2015-03-27,2014-09-26,2015-03-27
2014-09-30,DBC,6,2015-03-31,2015-03-31,2014-09-26,2015-03-27,2014-09-26,2015-03-27
2014-09-30,GLD,6,2015-03-31,2015-03-31,2014-09-26,2015-03-27,2014-09-26,2015-03-27
2014-09-30,VDE,6,2015-03-31,2015-03-31,2014-09-26,2015-03-27,2014-09-26,2015-03-27
2014-09-30,VGT,6,2015-03-31,2015-03-31,2014-09-26,2015-03-27,2014-09-26,2015-03-27
2014-09-30,VIG,6,2015-03-31,2015-03-31,2014-09-26,2015-03-27,2014-09-26,2015-03-27
2014-09-30,VMBS,6,2015-03-31,2015-03-31,2014-09-26,2015-03-27,2014-09-26,2015-03-27
2014-09-30,VOO,6,2015-03-31,2015-03-31,2014-09-26,2015-03-27,2014-09-26,2015-03-27
2014-09-30,VWO,6,2015-03-31,2015-03-31,2014-09-26,2015-03-27,2014-09-26,2015-03-27
2014-09-30,VXUS,6,2015-03-31,2015-03-31,2014-09-26,2015-03-27,2014-09-26,2015-03-27
2014-10-31,BND,6,2015-04-30,2015-04-30,2014-10-31,2015-04-24,2014-10-31,2015-04-24
2014-10-31,DBC,6,2015-04-30,2015-04-30,2014-10-31,2015-04-24,2014-10-31,2015-04-24
2014-10-31,GLD,6,2015-04-30,2015-04-30,2014-10-31,2015-04-24,2014-10-31,2015-04-24
2014-10-31,VDE,6,2015-04-30,2015-04-30,2014-10-31,2015-04-24,2014-10-31,2015-04-24
2014-10-31,VGT,6,2015-04-30,2015-04-30,2014-10-31,2015-04-24,2014-10-31,2015-04-24
2014-10-31,VIG,6,2015-04-30,2015-04-30,2014-10-31,2015-04-24,2014-10-31,2015-04-24
2014-10-31,VMBS,6,2015-04-30,2015-04-30,2014-10-31,2015-04-24,2014-10-31,2015-04-24
2014-10-31,VOO,6,2015-04-30,2015-04-30,2014-10-31,2015-04-24,2014-10-31,2015-04-24
2014-10-31,VWO,6,2015-04-30,2015-04-30,2014-10-31,2015-04-24,2014-10-31,2015-04-24
2014-10-31,VXUS,6,2015-04-30,2015-04-30,2014-10-31,2015-04-24,2014-10-31,2015-04-24
2014-11-28,BND,6,2015-05-29,2015-05-29,2014-11-28,2015-05-29,2014-11-28,2015-05-29
2014-11-28,DBC,6,2015-05-29,2015-05-29,2014-11-28,2015-05-29,2014-11-28,2015-05-29
2014-11-28,GLD,6,2015-05-29,2015-05-29,2014-11-28,2015-05-29,2014-11-28,2015-05-29
2014-11-28,VDE,6,2015-05-29,2015-05-29,2014-11-28,2015-05-29,2014-11-28,2015-05-29
2014-11-28,VGT,6,2015-05-29,2015-05-29,2014-11-28,2015-05-29,2014-11-28,2015-05-29
2014-11-28,VIG,6,2015-05-29,2015-05-29,2014-11-28,2015-05-29,2014-11-28,2015-05-29
2014-11-28,VMBS,6,2015-05-29,2015-05-29,2014-11-28,2015-05-29,2014-11-28,2015-05-29
2014-11-28,VOO,6,2015-05-29,2015-05-29,2014-11-28,2015-05-29,2014-11-28,2015-05-29
2014-11-28,VWO,6,2015-05-29,2015-05-29,2014-11-28,2015-05-29,2014-11-28,2015-05-29
2014-11-28,VXUS,6,2015-05-29,2015-05-29,2014-11-28,2015-05-29,2014-11-28,2015-05-29
2014-12-31,BND,6,2015-06-30,2015-06-30,2014-12-26,2015-06-26,2014-12-26,2015-06-26
2014-12-31,DBC,6,2015-06-30,2015-06-30,2014-12-26,2015-06-26,2014-12-26,2015-06-26
2014-12-31,GLD,6,2015-06-30,2015-06-30,2014-12-26,2015-06-26,2014-12-26,2015-06-26
2014-12-31,VDE,6,2015-06-30,2015-06-30,2014-12-26,2015-06-26,2014-12-26,2015-06-26
2014-12-31,VGT,6,2015-06-30,2015-06-30,2014-12-26,2015-06-26,2014-12-26,2015-06-26
2014-12-31,VIG,6,2015-06-30,2015-06-30,2014-12-26,2015-06-26,2014-12-26,2015-06-26
2014-12-31,VMBS,6,2015-06-30,2015-06-30,2014-12-26,2015-06-26,2014-12-26,2015-06-26
2014-12-31,VOO,6,2015-06-30,2015-06-30,2014-12-26,2015-06-26,2014-12-26,2015-06-26
2014-12-31,VWO,6,2015-06-30,2015-06-30,2014-12-26,2015-06-26,2014-12-26,2015-06-26
2014-12-31,VXUS,6,2015-06-30,2015-06-30,2014-12-26,2015-06-26,2014-12-26,2015-06-26
2015-01-30,BND,6,2015-07-31,2015-07-31,2015-01-30,2015-07-31,2015-01-30,2015-07-31
2015-01-30,DBC,6,2015-07-31,2015-07-31,2015-01-30,2015-07-31,2015-01-30,2015-07-31
2015-01-30,GLD,6,2015-07-31,2015-07-31,2015-01-30,2015-07-31,2015-01-30,2015-07-31
2015-01-30,VDE,6,2015-07-31,2015-07-31,2015-01-30,2015-07-31,2015-01-30,2015-07-31
2015-01-30,VGT,6,2015-07-31,2015-07-31,2015-01-30,2015-07-31,2015-01-30,2015-07-31
2015-01-30,VIG,6,2015-07-31,2015-07-31,2015-01-30,2015-07-31,2015-01-30,2015-07-31
2015-01-30,VMBS,6,2015-07-31,2015-07-31,2015-01-30,2015-07-31,2015-01-30,2015-07-31
2015-01-30,VOO,6,2015-07-31,2015-07-31,2015-01-30,2015-07-31,2015-01-30,2015-07-31
2015-01-30,VWO,6,2015-07-31,2015-07-31,2015-01-30,2015-07-31,2015-01-30,2015-07-31
2015-01-30,VXUS,6,2015-07-31,2015-07-31,2015-01-30,2015-07-31,2015-01-30,2015-07-31
2015-02-27,BND,6,2015-08-31,2015-08-31,2015-02-27,2015-08-28,2015-02-27,2015-08-28
2015-02-27,DBC,6,2015-08-31,2015-08-31,2015-02-27,2015-08-28,2015-02-27,2015-08-28
2015-02-27,GLD,6,2015-08-31,2015-08-31,2015-02-27,2015-08-28,2015-02-27,2015-08-28
2015-02-27,VDE,6,2015-08-31,2015-08-31,2015-02-27,2015-08-28,2015-02-27,2015-08-28
2015-02-27,VGT,6,2015-08-31,2015-08-31,2015-02-27,2015-08-28,2015-02-27,2015-08-28
2015-02-27,VIG,6,2015-08-31,2015-08-31,2015-02-27,2015-08-28,2015-02-27,2015-08-28
2015-02-27,VMBS,6,2015-08-31,2015-08-31,2015-02-27,2015-08-28,2015-02-27,2015-08-28
2015-02-27,VOO,6,2015-08-31,2015-08-31,2015-02-27,2015-08-28,2015-02-27,2015-08-28
2015-02-27,VWO,6,2015-08-31,2015-08-31,2015-02-27,2015-08-28,2015-02-27,2015-08-28
2015-02-27,VXUS,6,2015-08-31,2015-08-31,2015-02-27,2015-08-28,2015-02-27,2015-08-28
2015-03-31,BND,6,2015-09-30,2015-09-30,2015-03-27,2015-09-25,2015-03-27,2015-09-25
2015-03-31,DBC,6,2015-09-30,2015-09-30,2015-03-27,2015-09-25,2015-03-27,2015-09-25
2015-03-31,GLD,6,2015-09-30,2015-09-30,2015-03-27,2015-09-25,2015-03-27,2015-09-25
2015-03-31,VDE,6,2015-09-30,2015-09-30,2015-03-27,2015-09-25,2015-03-27,2015-09-25
2015-03-31,VGT,6,2015-09-30,2015-09-30,2015-03-27,2015-09-25,2015-03-27,2015-09-25
2015-03-31,VIG,6,2015-09-30,2015-09-30,2015-03-27,2015-09-25,2015-03-27,2015-09-25
2015-03-31,VMBS,6,2015-09-30,2015-09-30,2015-03-27,2015-09-25,2015-03-27,2015-09-25
2015-03-31,VOO,6,2015-09-30,2015-09-30,2015-03-27,2015-09-25,2015-03-27,2015-09-25
2015-03-31,VWO,6,2015-09-30,2015-09-30,2015-03-27,2015-09-25,2015-03-27,2015-09-25
2015-03-31,VXUS,6,2015-09-30,2015-09-30,2015-03-27,2015-09-25,2015-03-27,2015-09-25
2015-04-30,BND,6,2015-10-30,2015-10-30,2015-04-24,2015-10-30,2015-04-24,2015-10-30
2015-04-30,DBC,6,2015-10-30,2015-10-30,2015-04-24,2015-10-30,2015-04-24,2015-10-30
2015-04-30,GLD,6,2015-10-30,2015-10-30,2015-04-24,2015-10-30,2015-04-24,2015-10-30
2015-04-30,VDE,6,2015-10-30,2015-10-30,2015-04-24,2015-10-30,2015-04-24,2015-10-30
2015-04-30,VGT,6,2015-10-30,2015-10-30,2015-04-24,2015-10-30,2015-04-24,2015-10-30
2015-04-30,VIG,6,2015-10-30,2015-10-30,2015-04-24,2015-10-30,2015-04-24,2015-10-30
2015-04-30,VMBS,6,2015-10-30,2015-10-30,2015-04-24,2015-10-30,2015-04-24,2015-10-30
2015-04-30,VOO,6,2015-10-30,2015-10-30,2015-04-24,2015-10-30,2015-04-24,2015-10-30
2015-04-30,VWO,6,2015-10-30,2015-10-30,2015-04-24,2015-10-30,2015-04-24,2015-10-30
2015-04-30,VXUS,6,2015-10-30,2015-10-30,2015-04-24,2015-10-30,2015-04-24,2015-10-30
2015-05-29,BND,6,2015-11-30,2015-11-30,2015-05-29,2015-11-27,2015-05-29,2015-11-27
2015-05-29,DBC,6,2015-11-30,2015-11-30,2015-05-29,2015-11-27,2015-05-29,2015-11-27
2015-05-29,GLD,6,2015-11-30,2015-11-30,2015-05-29,2015-11-27,2015-05-29,2015-11-27
2015-05-29,VDE,6,2015-11-30,2015-11-30,2015-05-29,2015-11-27,2015-05-29,2015-11-27
2015-05-29,VGT,6,2015-11-30,2015-11-30,2015-05-29,2015-11-27,2015-05-29,2015-11-27
2015-05-29,VIG,6,2015-11-30,2015-11-30,2015-05-29,2015-11-27,2015-05-29,2015-11-27
2015-05-29,VMBS,6,2015-11-30,2015-11-30,2015-05-29,2015-11-27,2015-05-29,2015-11-27
2015-05-29,VOO,6,2015-11-30,2015-11-30,2015-05-29,2015-11-27,2015-05-29,2015-11-27
2015-05-29,VWO,6,2015-11-30,2015-11-30,2015-05-29,2015-11-27,2015-05-29,2015-11-27
2015-05-29,VXUS,6,2015-11-30,2015-11-30,2015-05-29,2015-11-27,2015-05-29,2015-11-27
2015-06-30,BND,6,2015-12-31,2015-12-31,2015-06-26,2015-12-31,2015-06-26,2015-12-31
2015-06-30,DBC,6,2015-12-31,2015-12-31,2015-06-26,2015-12-31,2015-06-26,2015-12-31
2015-06-30,GLD,6,2015-12-31,2015-12-31,2015-06-26,2015-12-31,2015-06-26,2015-12-31
2015-06-30,VDE,6,2015-12-31,2015-12-31,2015-06-26,2015-12-31,2015-06-26,2015-12-31
2015-06-30,VGT,6,2015-12-31,2015-12-31,2015-06-26,2015-12-31,2015-06-26,2015-12-31
2015-06-30,VIG,6,2015-12-31,2015-12-31,2015-06-26,2015-12-31,2015-06-26,2015-12-31
2015-06-30,VMBS,6,2015-12-31,2015-12-31,2015-06-26,2015-12-31,2015-06-26,2015-12-31
2015-06-30,VOO,6,2015-12-31,2015-12-31,2015-06-26,2015-12-31,2015-06-26,2015-12-31
2015-06-30,VWO,6,2015-12-31,2015-12-31,2015-06-26,2015-12-31,2015-06-26,2015-12-31
2015-06-30,VXUS,6,2015-12-31,2015-12-31,2015-06-26,2015-12-31,2015-06-26,2015-12-31
2015-07-31,BND,6,2016-01-29,2016-01-29,2015-07-31,2016-01-29,2015-07-31,2016-01-29
2015-07-31,DBC,6,2016-01-29,2016-01-29,2015-07-31,2016-01-29,2015-07-31,2016-01-29
2015-07-31,GLD,6,2016-01-29,2016-01-29,2015-07-31,2016-01-29,2015-07-31,2016-01-29
2015-07-31,VDE,6,2016-01-29,2016-01-29,2015-07-31,2016-01-29,2015-07-31,2016-01-29
2015-07-31,VGT,6,2016-01-29,2016-01-29,2015-07-31,2016-01-29,2015-07-31,2016-01-29
2015-07-31,VIG,6,2016-01-29,2016-01-29,2015-07-31,2016-01-29,2015-07-31,2016-01-29
2015-07-31,VMBS,6,2016-01-29,2016-01-29,2015-07-31,2016-01-29,2015-07-31,2016-01-29
2015-07-31,VOO,6,2016-01-29,2016-01-29,2015-07-31,2016-01-29,2015-07-31,2016-01-29
2015-07-31,VWO,6,2016-01-29,2016-01-29,2015-07-31,2016-01-29,2015-07-31,2016-01-29
2015-07-31,VXUS,6,2016-01-29,2016-01-29,2015-07-31,2016-01-29,2015-07-31,2016-01-29
2015-08-31,BND,6,2016-02-29,2016-02-29,2015-08-28,2016-02-26,2015-08-28,2016-02-26
2015-08-31,DBC,6,2016-02-29,2016-02-29,2015-08-28,2016-02-26,2015-08-28,2016-02-26
2015-08-31,GLD,6,2016-02-29,2016-02-29,2015-08-28,2016-02-26,2015-08-28,2016-02-26
2015-08-31,VDE,6,2016-02-29,2016-02-29,2015-08-28,2016-02-26,2015-08-28,2016-02-26
2015-08-31,VGT,6,2016-02-29,2016-02-29,2015-08-28,2016-02-26,2015-08-28,2016-02-26
2015-08-31,VIG,6,2016-02-29,2016-02-29,2015-08-28,2016-02-26,2015-08-28,2016-02-26
2015-08-31,VMBS,6,2016-02-29,2016-02-29,2015-08-28,2016-02-26,2015-08-28,2016-02-26
2015-08-31,VOO,6,2016-02-29,2016-02-29,2015-08-28,2016-02-26,2015-08-28,2016-02-26
2015-08-31,VWO,6,2016-02-29,2016-02-29,2015-08-28,2016-02-26,2015-08-28,2016-02-26
2015-08-31,VXUS,6,2016-02-29,2016-02-29,2015-08-28,2016-02-26,2015-08-28,2016-02-26
2015-09-30,BND,6,2016-03-31,2016-03-31,2015-09-25,2016-03-24,2015-09-25,2016-03-24
2015-09-30,DBC,6,2016-03-31,2016-03-31,2015-09-25,2016-03-24,2015-09-25,2016-03-24
2015-09-30,GLD,6,2016-03-31,2016-03-31,2015-09-25,2016-03-24,2015-09-25,2016-03-24
2015-09-30,VDE,6,2016-03-31,2016-03-31,2015-09-25,2016-03-24,2015-09-25,2016-03-24
2015-09-30,VGT,6,2016-03-31,2016-03-31,2015-09-25,2016-03-24,2015-09-25,2016-03-24
2015-09-30,VIG,6,2016-03-31,2016-03-31,2015-09-25,2016-03-24,2015-09-25,2016-03-24
2015-09-30,VMBS,6,2016-03-31,2016-03-31,2015-09-25,2016-03-24,2015-09-25,2016-03-24
2015-09-30,VOO,6,2016-03-31,2016-03-31,2015-09-25,2016-03-24,2015-09-25,2016-03-24
2015-09-30,VWO,6,2016-03-31,2016-03-31,2015-09-25,2016-03-24,2015-09-25,2016-03-24
2015-09-30,VXUS,6,2016-03-31,2016-03-31,2015-09-25,2016-03-24,2015-09-25,2016-03-24
2015-10-30,BND,6,2016-04-29,2016-04-29,2015-10-30,2016-04-29,2015-10-30,2016-04-29
2015-10-30,DBC,6,2016-04-29,2016-04-29,2015-10-30,2016-04-29,2015-10-30,2016-04-29
2015-10-30,GLD,6,2016-04-29,2016-04-29,2015-10-30,2016-04-29,2015-10-30,2016-04-29
2015-10-30,VDE,6,2016-04-29,2016-04-29,2015-10-30,2016-04-29,2015-10-30,2016-04-29
2015-10-30,VGT,6,2016-04-29,2016-04-29,2015-10-30,2016-04-29,2015-10-30,2016-04-29
2015-10-30,VIG,6,2016-04-29,2016-04-29,2015-10-30,2016-04-29,2015-10-30,2016-04-29
2015-10-30,VMBS,6,2016-04-29,2016-04-29,2015-10-30,2016-04-29,2015-10-30,2016-04-29
2015-10-30,VOO,6,2016-04-29,2016-04-29,2015-10-30,2016-04-29,2015-10-30,2016-04-29
2015-10-30,VWO,6,2016-04-29,2016-04-29,2015-10-30,2016-04-29,2015-10-30,2016-04-29
2015-10-30,VXUS,6,2016-04-29,2016-04-29,2015-10-30,2016-04-29,2015-10-30,2016-04-29
2015-11-30,BND,6,2016-05-31,2016-05-31,2015-11-27,2016-05-27,2015-11-27,2016-05-27
2015-11-30,DBC,6,2016-05-31,2016-05-31,2015-11-27,2016-05-27,2015-11-27,2016-05-27
2015-11-30,GLD,6,2016-05-31,2016-05-31,2015-11-27,2016-05-27,2015-11-27,2016-05-27
2015-11-30,VDE,6,2016-05-31,2016-05-31,2015-11-27,2016-05-27,2015-11-27,2016-05-27
2015-11-30,VGT,6,2016-05-31,2016-05-31,2015-11-27,2016-05-27,2015-11-27,2016-05-27
2015-11-30,VIG,6,2016-05-31,2016-05-31,2015-11-27,2016-05-27,2015-11-27,2016-05-27
2015-11-30,VMBS,6,2016-05-31,2016-05-31,2015-11-27,2016-05-27,2015-11-27,2016-05-27
2015-11-30,VOO,6,2016-05-31,2016-05-31,2015-11-27,2016-05-27,2015-11-27,2016-05-27
2015-11-30,VWO,6,2016-05-31,2016-05-31,2015-11-27,2016-05-27,2015-11-27,2016-05-27
2015-11-30,VXUS,6,2016-05-31,2016-05-31,2015-11-27,2016-05-27,2015-11-27,2016-05-27
2015-12-31,BND,6,2016-06-30,2016-06-30,2015-12-31,2016-06-24,2015-12-31,2016-06-24
2015-12-31,DBC,6,2016-06-30,2016-06-30,2015-12-31,2016-06-24,2015-12-31,2016-06-24
2015-12-31,GLD,6,2016-06-30,2016-06-30,2015-12-31,2016-06-24,2015-12-31,2016-06-24
2015-12-31,VDE,6,2016-06-30,2016-06-30,2015-12-31,2016-06-24,2015-12-31,2016-06-24
2015-12-31,VGT,6,2016-06-30,2016-06-30,2015-12-31,2016-06-24,2015-12-31,2016-06-24
2015-12-31,VIG,6,2016-06-30,2016-06-30,2015-12-31,2016-06-24,2015-12-31,2016-06-24
2015-12-31,VMBS,6,2016-06-30,2016-06-30,2015-12-31,2016-06-24,2015-12-31,2016-06-24
2015-12-31,VOO,6,2016-06-30,2016-06-30,2015-12-31,2016-06-24,2015-12-31,2016-06-24
2015-12-31,VWO,6,2016-06-30,2016-06-30,2015-12-31,2016-06-24,2015-12-31,2016-06-24
2015-12-31,VXUS,6,2016-06-30,2016-06-30,2015-12-31,2016-06-24,2015-12-31,2016-06-24
2016-01-29,BND,6,2016-07-29,2016-07-29,2016-01-29,2016-07-29,2016-01-29,2016-07-29
2016-01-29,DBC,6,2016-07-29,2016-07-29,2016-01-29,2016-07-29,2016-01-29,2016-07-29
2016-01-29,GLD,6,2016-07-29,2016-07-29,2016-01-29,2016-07-29,2016-01-29,2016-07-29
2016-01-29,VDE,6,2016-07-29,2016-07-29,2016-01-29,2016-07-29,2016-01-29,2016-07-29
2016-01-29,VGT,6,2016-07-29,2016-07-29,2016-01-29,2016-07-29,2016-01-29,2016-07-29
2016-01-29,VIG,6,2016-07-29,2016-07-29,2016-01-29,2016-07-29,2016-01-29,2016-07-29
2016-01-29,VMBS,6,2016-07-29,2016-07-29,2016-01-29,2016-07-29,2016-01-29,2016-07-29
2016-01-29,VOO,6,2016-07-29,2016-07-29,2016-01-29,2016-07-29,2016-01-29,2016-07-29
2016-01-29,VWO,6,2016-07-29,2016-07-29,2016-01-29,2016-07-29,2016-01-29,2016-07-29
2016-01-29,VXUS,6,2016-07-29,2016-07-29,2016-01-29,2016-07-29,2016-01-29,2016-07-29
2016-02-29,BND,6,2016-08-31,2016-08-31,2016-02-26,2016-08-26,2016-02-26,2016-08-26
2016-02-29,DBC,6,2016-08-31,2016-08-31,2016-02-26,2016-08-26,2016-02-26,2016-08-26
2016-02-29,GLD,6,2016-08-31,2016-08-31,2016-02-26,2016-08-26,2016-02-26,2016-08-26
2016-02-29,VDE,6,2016-08-31,2016-08-31,2016-02-26,2016-08-26,2016-02-26,2016-08-26
2016-02-29,VGT,6,2016-08-31,2016-08-31,2016-02-26,2016-08-26,2016-02-26,2016-08-26
2016-02-29,VIG,6,2016-08-31,2016-08-31,2016-02-26,2016-08-26,2016-02-26,2016-08-26
2016-02-29,VMBS,6,2016-08-31,2016-08-31,2016-02-26,2016-08-26,2016-02-26,2016-08-26
2016-02-29,VOO,6,2016-08-31,2016-08-31,2016-02-26,2016-08-26,2016-02-26,2016-08-26
2016-02-29,VWO,6,2016-08-31,2016-08-31,2016-02-26,2016-08-26,2016-02-26,2016-08-26
2016-02-29,VXUS,6,2016-08-31,2016-08-31,2016-02-26,2016-08-26,2016-02-26,2016-08-26
2016-03-31,BND,6,2016-09-30,2016-09-30,2016-03-24,2016-09-30,2016-03-24,2016-09-30
2016-03-31,DBC,6,2016-09-30,2016-09-30,2016-03-24,2016-09-30,2016-03-24,2016-09-30
2016-03-31,GLD,6,2016-09-30,2016-09-30,2016-03-24,2016-09-30,2016-03-24,2016-09-30
2016-03-31,VDE,6,2016-09-30,2016-09-30,2016-03-24,2016-09-30,2016-03-24,2016-09-30
2016-03-31,VGT,6,2016-09-30,2016-09-30,2016-03-24,2016-09-30,2016-03-24,2016-09-30
2016-03-31,VIG,6,2016-09-30,2016-09-30,2016-03-24,2016-09-30,2016-03-24,2016-09-30
2016-03-31,VMBS,6,2016-09-30,2016-09-30,2016-03-24,2016-09-30,2016-03-24,2016-09-30
2016-03-31,VOO,6,2016-09-30,2016-09-30,2016-03-24,2016-09-30,2016-03-24,2016-09-30
2016-03-31,VWO,6,2016-09-30,2016-09-30,2016-03-24,2016-09-30,2016-03-24,2016-09-30
2016-03-31,VXUS,6,2016-09-30,2016-09-30,2016-03-24,2016-09-30,2016-03-24,2016-09-30
2016-04-29,BND,6,2016-10-31,2016-10-31,2016-04-29,2016-10-28,2016-04-29,2016-10-28
2016-04-29,DBC,6,2016-10-31,2016-10-31,2016-04-29,2016-10-28,2016-04-29,2016-10-28
2016-04-29,GLD,6,2016-10-31,2016-10-31,2016-04-29,2016-10-28,2016-04-29,2016-10-28
2016-04-29,VDE,6,2016-10-31,2016-10-31,2016-04-29,2016-10-28,2016-04-29,2016-10-28
2016-04-29,VGT,6,2016-10-31,2016-10-31,2016-04-29,2016-10-28,2016-04-29,2016-10-28
2016-04-29,VIG,6,2016-10-31,2016-10-31,2016-04-29,2016-10-28,2016-04-29,2016-10-28
2016-04-29,VMBS,6,2016-10-31,2016-10-31,2016-04-29,2016-10-28,2016-04-29,2016-10-28
2016-04-29,VOO,6,2016-10-31,2016-10-31,2016-04-29,2016-10-28,2016-04-29,2016-10-28
2016-04-29,VWO,6,2016-10-31,2016-10-31,2016-04-29,2016-10-28,2016-04-29,2016-10-28
2016-04-29,VXUS,6,2016-10-31,2016-10-31,2016-04-29,2016-10-28,2016-04-29,2016-10-28
2016-05-31,BND,6,2016-11-30,2016-11-30,2016-05-27,2016-11-25,2016-05-27,2016-11-25
2016-05-31,DBC,6,2016-11-30,2016-11-30,2016-05-27,2016-11-25,2016-05-27,2016-11-25
2016-05-31,GLD,6,2016-11-30,2016-11-30,2016-05-27,2016-11-25,2016-05-27,2016-11-25
2016-05-31,VDE,6,2016-11-30,2016-11-30,2016-05-27,2016-11-25,2016-05-27,2016-11-25
2016-05-31,VGT,6,2016-11-30,2016-11-30,2016-05-27,2016-11-25,2016-05-27,2016-11-25
2016-05-31,VIG,6,2016-11-30,2016-11-30,2016-05-27,2016-11-25,2016-05-27,2016-11-25
2016-05-31,VMBS,6,2016-11-30,2016-11-30,2016-05-27,2016-11-25,2016-05-27,2016-11-25
2016-05-31,VOO,6,2016-11-30,2016-11-30,2016-05-27,2016-11-25,2016-05-27,2016-11-25
2016-05-31,VWO,6,2016-11-30,2016-11-30,2016-05-27,2016-11-25,2016-05-27,2016-11-25
2016-05-31,VXUS,6,2016-11-30,2016-11-30,2016-05-27,2016-11-25,2016-05-27,2016-11-25
2016-06-30,BND,6,2016-12-30,2016-12-30,2016-06-24,2016-12-30,2016-06-24,2016-12-30
2016-06-30,DBC,6,2016-12-30,2016-12-30,2016-06-24,2016-12-30,2016-06-24,2016-12-30
2016-06-30,GLD,6,2016-12-30,2016-12-30,2016-06-24,2016-12-30,2016-06-24,2016-12-30
2016-06-30,VDE,6,2016-12-30,2016-12-30,2016-06-24,2016-12-30,2016-06-24,2016-12-30
2016-06-30,VGT,6,2016-12-30,2016-12-30,2016-06-24,2016-12-30,2016-06-24,2016-12-30
2016-06-30,VIG,6,2016-12-30,2016-12-30,2016-06-24,2016-12-30,2016-06-24,2016-12-30
2016-06-30,VMBS,6,2016-12-30,2016-12-30,2016-06-24,2016-12-30,2016-06-24,2016-12-30
2016-06-30,VOO,6,2016-12-30,2016-12-30,2016-06-24,2016-12-30,2016-06-24,2016-12-30
2016-06-30,VWO,6,2016-12-30,2016-12-30,2016-06-24,2016-12-30,2016-06-24,2016-12-30
2016-06-30,VXUS,6,2016-12-30,2016-12-30,2016-06-24,2016-12-30,2016-06-24,2016-12-30
2016-07-29,BND,6,2017-01-31,2017-01-31,2016-07-29,2017-01-27,2016-07-29,2017-01-27
2016-07-29,DBC,6,2017-01-31,2017-01-31,2016-07-29,2017-01-27,2016-07-29,2017-01-27
2016-07-29,GLD,6,2017-01-31,2017-01-31,2016-07-29,2017-01-27,2016-07-29,2017-01-27
2016-07-29,VDE,6,2017-01-31,2017-01-31,2016-07-29,2017-01-27,2016-07-29,2017-01-27
2016-07-29,VGT,6,2017-01-31,2017-01-31,2016-07-29,2017-01-27,2016-07-29,2017-01-27
2016-07-29,VIG,6,2017-01-31,2017-01-31,2016-07-29,2017-01-27,2016-07-29,2017-01-27
2016-07-29,VMBS,6,2017-01-31,2017-01-31,2016-07-29,2017-01-27,2016-07-29,2017-01-27
2016-07-29,VOO,6,2017-01-31,2017-01-31,2016-07-29,2017-01-27,2016-07-29,2017-01-27
2016-07-29,VWO,6,2017-01-31,2017-01-31,2016-07-29,2017-01-27,2016-07-29,2017-01-27
2016-07-29,VXUS,6,2017-01-31,2017-01-31,2016-07-29,2017-01-27,2016-07-29,2017-01-27
2016-08-31,BND,6,2017-02-28,2017-02-28,2016-08-26,2017-02-24,2016-08-26,2017-02-24
2016-08-31,DBC,6,2017-02-28,2017-02-28,2016-08-26,2017-02-24,2016-08-26,2017-02-24
2016-08-31,GLD,6,2017-02-28,2017-02-28,2016-08-26,2017-02-24,2016-08-26,2017-02-24
2016-08-31,VDE,6,2017-02-28,2017-02-28,2016-08-26,2017-02-24,2016-08-26,2017-02-24
2016-08-31,VGT,6,2017-02-28,2017-02-28,2016-08-26,2017-02-24,2016-08-26,2017-02-24
2016-08-31,VIG,6,2017-02-28,2017-02-28,2016-08-26,2017-02-24,2016-08-26,2017-02-24
2016-08-31,VMBS,6,2017-02-28,2017-02-28,2016-08-26,2017-02-24,2016-08-26,2017-02-24
2016-08-31,VOO,6,2017-02-28,2017-02-28,2016-08-26,2017-02-24,2016-08-26,2017-02-24
2016-08-31,VWO,6,2017-02-28,2017-02-28,2016-08-26,2017-02-24,2016-08-26,2017-02-24
2016-08-31,VXUS,6,2017-02-28,2017-02-28,2016-08-26,2017-02-24,2016-08-26,2017-02-24
2016-09-30,BND,6,2017-03-31,2017-03-31,2016-09-30,2017-03-31,2016-09-30,2017-03-31
2016-09-30,DBC,6,2017-03-31,2017-03-31,2016-09-30,2017-03-31,2016-09-30,2017-03-31
2016-09-30,GLD,6,2017-03-31,2017-03-31,2016-09-30,2017-03-31,2016-09-30,2017-03-31
2016-09-30,VDE,6,2017-03-31,2017-03-31,2016-09-30,2017-03-31,2016-09-30,2017-03-31
2016-09-30,VGT,6,2017-03-31,2017-03-31,2016-09-30,2017-03-31,2016-09-30,2017-03-31
2016-09-30,VIG,6,2017-03-31,2017-03-31,2016-09-30,2017-03-31,2016-09-30,2017-03-31
2016-09-30,VMBS,6,2017-03-31,2017-03-31,2016-09-30,2017-03-31,2016-09-30,2017-03-31
2016-09-30,VOO,6,2017-03-31,2017-03-31,2016-09-30,2017-03-31,2016-09-30,2017-03-31
2016-09-30,VWO,6,2017-03-31,2017-03-31,2016-09-30,2017-03-31,2016-09-30,2017-03-31
2016-09-30,VXUS,6,2017-03-31,2017-03-31,2016-09-30,2017-03-31,2016-09-30,2017-03-31
2016-10-31,BND,6,2017-04-28,2017-04-28,2016-10-28,2017-04-28,2016-10-28,2017-04-28
2016-10-31,DBC,6,2017-04-28,2017-04-28,2016-10-28,2017-04-28,2016-10-28,2017-04-28
2016-10-31,GLD,6,2017-04-28,2017-04-28,2016-10-28,2017-04-28,2016-10-28,2017-04-28
2016-10-31,VDE,6,2017-04-28,2017-04-28,2016-10-28,2017-04-28,2016-10-28,2017-04-28
2016-10-31,VGT,6,2017-04-28,2017-04-28,2016-10-28,2017-04-28,2016-10-28,2017-04-28
2016-10-31,VIG,6,2017-04-28,2017-04-28,2016-10-28,2017-04-28,2016-10-28,2017-04-28
2016-10-31,VMBS,6,2017-04-28,2017-04-28,2016-10-28,2017-04-28,2016-10-28,2017-04-28
2016-10-31,VOO,6,2017-04-28,2017-04-28,2016-10-28,2017-04-28,2016-10-28,2017-04-28
2016-10-31,VWO,6,2017-04-28,2017-04-28,2016-10-28,2017-04-28,2016-10-28,2017-04-28
2016-10-31,VXUS,6,2017-04-28,2017-04-28,2016-10-28,2017-04-28,2016-10-28,2017-04-28
2016-11-30,BND,6,2017-05-31,2017-05-31,2016-11-25,2017-05-26,2016-11-25,2017-05-26
2016-11-30,DBC,6,2017-05-31,2017-05-31,2016-11-25,2017-05-26,2016-11-25,2017-05-26
2016-11-30,GLD,6,2017-05-31,2017-05-31,2016-11-25,2017-05-26,2016-11-25,2017-05-26
2016-11-30,VDE,6,2017-05-31,2017-05-31,2016-11-25,2017-05-26,2016-11-25,2017-05-26
2016-11-30,VGT,6,2017-05-31,2017-05-31,2016-11-25,2017-05-26,2016-11-25,2017-05-26
2016-11-30,VIG,6,2017-05-31,2017-05-31,2016-11-25,2017-05-26,2016-11-25,2017-05-26
2016-11-30,VMBS,6,2017-05-31,2017-05-31,2016-11-25,2017-05-26,2016-11-25,2017-05-26
2016-11-30,VOO,6,2017-05-31,2017-05-31,2016-11-25,2017-05-26,2016-11-25,2017-05-26
2016-11-30,VWO,6,2017-05-31,2017-05-31,2016-11-25,2017-05-26,2016-11-25,2017-05-26
2016-11-30,VXUS,6,2017-05-31,2017-05-31,2016-11-25,2017-05-26,2016-11-25,2017-05-26
2016-12-30,BND,6,2017-06-30,2017-06-30,2016-12-30,2017-06-30,2016-12-30,2017-06-30
2016-12-30,DBC,6,2017-06-30,2017-06-30,2016-12-30,2017-06-30,2016-12-30,2017-06-30
2016-12-30,GLD,6,2017-06-30,2017-06-30,2016-12-30,2017-06-30,2016-12-30,2017-06-30
2016-12-30,VDE,6,2017-06-30,2017-06-30,2016-12-30,2017-06-30,2016-12-30,2017-06-30
2016-12-30,VGT,6,2017-06-30,2017-06-30,2016-12-30,2017-06-30,2016-12-30,2017-06-30
2016-12-30,VIG,6,2017-06-30,2017-06-30,2016-12-30,2017-06-30,2016-12-30,2017-06-30
2016-12-30,VMBS,6,2017-06-30,2017-06-30,2016-12-30,2017-06-30,2016-12-30,2017-06-30
2016-12-30,VOO,6,2017-06-30,2017-06-30,2016-12-30,2017-06-30,2016-12-30,2017-06-30
2016-12-30,VWO,6,2017-06-30,2017-06-30,2016-12-30,2017-06-30,2016-12-30,2017-06-30
2016-12-30,VXUS,6,2017-06-30,2017-06-30,2016-12-30,2017-06-30,2016-12-30,2017-06-30
2017-01-31,BND,6,2017-07-31,2017-07-31,2017-01-27,2017-07-28,2017-01-27,2017-07-28
2017-01-31,DBC,6,2017-07-31,2017-07-31,2017-01-27,2017-07-28,2017-01-27,2017-07-28
2017-01-31,GLD,6,2017-07-31,2017-07-31,2017-01-27,2017-07-28,2017-01-27,2017-07-28
2017-01-31,VDE,6,2017-07-31,2017-07-31,2017-01-27,2017-07-28,2017-01-27,2017-07-28
2017-01-31,VGT,6,2017-07-31,2017-07-31,2017-01-27,2017-07-28,2017-01-27,2017-07-28
2017-01-31,VIG,6,2017-07-31,2017-07-31,2017-01-27,2017-07-28,2017-01-27,2017-07-28
2017-01-31,VMBS,6,2017-07-31,2017-07-31,2017-01-27,2017-07-28,2017-01-27,2017-07-28
2017-01-31,VOO,6,2017-07-31,2017-07-31,2017-01-27,2017-07-28,2017-01-27,2017-07-28
2017-01-31,VWO,6,2017-07-31,2017-07-31,2017-01-27,2017-07-28,2017-01-27,2017-07-28
2017-01-31,VXUS,6,2017-07-31,2017-07-31,2017-01-27,2017-07-28,2017-01-27,2017-07-28
2017-02-28,BND,6,2017-08-31,2017-08-31,2017-02-24,2017-08-25,2017-02-24,2017-08-25
2017-02-28,DBC,6,2017-08-31,2017-08-31,2017-02-24,2017-08-25,2017-02-24,2017-08-25
2017-02-28,GLD,6,2017-08-31,2017-08-31,2017-02-24,2017-08-25,2017-02-24,2017-08-25
2017-02-28,VDE,6,2017-08-31,2017-08-31,2017-02-24,2017-08-25,2017-02-24,2017-08-25
2017-02-28,VGT,6,2017-08-31,2017-08-31,2017-02-24,2017-08-25,2017-02-24,2017-08-25
2017-02-28,VIG,6,2017-08-31,2017-08-31,2017-02-24,2017-08-25,2017-02-24,2017-08-25
2017-02-28,VMBS,6,2017-08-31,2017-08-31,2017-02-24,2017-08-25,2017-02-24,2017-08-25
2017-02-28,VOO,6,2017-08-31,2017-08-31,2017-02-24,2017-08-25,2017-02-24,2017-08-25
2017-02-28,VWO,6,2017-08-31,2017-08-31,2017-02-24,2017-08-25,2017-02-24,2017-08-25
2017-02-28,VXUS,6,2017-08-31,2017-08-31,2017-02-24,2017-08-25,2017-02-24,2017-08-25
2017-03-31,BND,6,2017-09-29,2017-09-29,2017-03-31,2017-09-29,2017-03-31,2017-09-29
2017-03-31,DBC,6,2017-09-29,2017-09-29,2017-03-31,2017-09-29,2017-03-31,2017-09-29
2017-03-31,GLD,6,2017-09-29,2017-09-29,2017-03-31,2017-09-29,2017-03-31,2017-09-29
2017-03-31,VDE,6,2017-09-29,2017-09-29,2017-03-31,2017-09-29,2017-03-31,2017-09-29
2017-03-31,VGT,6,2017-09-29,2017-09-29,2017-03-31,2017-09-29,2017-03-31,2017-09-29
2017-03-31,VIG,6,2017-09-29,2017-09-29,2017-03-31,2017-09-29,2017-03-31,2017-09-29
2017-03-31,VMBS,6,2017-09-29,2017-09-29,2017-03-31,2017-09-29,2017-03-31,2017-09-29
2017-03-31,VOO,6,2017-09-29,2017-09-29,2017-03-31,2017-09-29,2017-03-31,2017-09-29
2017-03-31,VWO,6,2017-09-29,2017-09-29,2017-03-31,2017-09-29,2017-03-31,2017-09-29
2017-03-31,VXUS,6,2017-09-29,2017-09-29,2017-03-31,2017-09-29,2017-03-31,2017-09-29
2017-04-28,BND,6,2017-10-31,2017-10-31,2017-04-28,2017-10-27,2017-04-28,2017-10-27
2017-04-28,DBC,6,2017-10-31,2017-10-31,2017-04-28,2017-10-27,2017-04-28,2017-10-27
2017-04-28,GLD,6,2017-10-31,2017-10-31,2017-04-28,2017-10-27,2017-04-28,2017-10-27
2017-04-28,VDE,6,2017-10-31,2017-10-31,2017-04-28,2017-10-27,2017-04-28,2017-10-27
2017-04-28,VGT,6,2017-10-31,2017-10-31,2017-04-28,2017-10-27,2017-04-28,2017-10-27
2017-04-28,VIG,6,2017-10-31,2017-10-31,2017-04-28,2017-10-27,2017-04-28,2017-10-27
2017-04-28,VMBS,6,2017-10-31,2017-10-31,2017-04-28,2017-10-27,2017-04-28,2017-10-27
2017-04-28,VOO,6,2017-10-31,2017-10-31,2017-04-28,2017-10-27,2017-04-28,2017-10-27
2017-04-28,VWO,6,2017-10-31,2017-10-31,2017-04-28,2017-10-27,2017-04-28,2017-10-27
2017-04-28,VXUS,6,2017-10-31,2017-10-31,2017-04-28,2017-10-27,2017-04-28,2017-10-27
2017-05-31,BND,6,2017-11-30,2017-11-30,2017-05-26,2017-11-24,2017-05-26,2017-11-24
2017-05-31,DBC,6,2017-11-30,2017-11-30,2017-05-26,2017-11-24,2017-05-26,2017-11-24
2017-05-31,GLD,6,2017-11-30,2017-11-30,2017-05-26,2017-11-24,2017-05-26,2017-11-24
2017-05-31,VDE,6,2017-11-30,2017-11-30,2017-05-26,2017-11-24,2017-05-26,2017-11-24
2017-05-31,VGT,6,2017-11-30,2017-11-30,2017-05-26,2017-11-24,2017-05-26,2017-11-24
2017-05-31,VIG,6,2017-11-30,2017-11-30,2017-05-26,2017-11-24,2017-05-26,2017-11-24
2017-05-31,VMBS,6,2017-11-30,2017-11-30,2017-05-26,2017-11-24,2017-05-26,2017-11-24
2017-05-31,VOO,6,2017-11-30,2017-11-30,2017-05-26,2017-11-24,2017-05-26,2017-11-24
2017-05-31,VWO,6,2017-11-30,2017-11-30,2017-05-26,2017-11-24,2017-05-26,2017-11-24
2017-05-31,VXUS,6,2017-11-30,2017-11-30,2017-05-26,2017-11-24,2017-05-26,2017-11-24
2017-06-30,BND,6,2017-12-29,2017-12-29,2017-06-30,2017-12-29,2017-06-30,2017-12-29
2017-06-30,DBC,6,2017-12-29,2017-12-29,2017-06-30,2017-12-29,2017-06-30,2017-12-29
2017-06-30,GLD,6,2017-12-29,2017-12-29,2017-06-30,2017-12-29,2017-06-30,2017-12-29
2017-06-30,VDE,6,2017-12-29,2017-12-29,2017-06-30,2017-12-29,2017-06-30,2017-12-29
2017-06-30,VGT,6,2017-12-29,2017-12-29,2017-06-30,2017-12-29,2017-06-30,2017-12-29
2017-06-30,VIG,6,2017-12-29,2017-12-29,2017-06-30,2017-12-29,2017-06-30,2017-12-29
2017-06-30,VMBS,6,2017-12-29,2017-12-29,2017-06-30,2017-12-29,2017-06-30,2017-12-29
2017-06-30,VOO,6,2017-12-29,2017-12-29,2017-06-30,2017-12-29,2017-06-30,2017-12-29
2017-06-30,VWO,6,2017-12-29,2017-12-29,2017-06-30,2017-12-29,2017-06-30,2017-12-29
2017-06-30,VXUS,6,2017-12-29,2017-12-29,2017-06-30,2017-12-29,2017-06-30,2017-12-29
2017-07-31,BND,6,2018-01-31,2018-01-31,2017-07-28,2018-01-26,2017-07-28,2018-01-26
2017-07-31,DBC,6,2018-01-31,2018-01-31,2017-07-28,2018-01-26,2017-07-28,2018-01-26
2017-07-31,GLD,6,2018-01-31,2018-01-31,2017-07-28,2018-01-26,2017-07-28,2018-01-26
2017-07-31,VDE,6,2018-01-31,2018-01-31,2017-07-28,2018-01-26,2017-07-28,2018-01-26
2017-07-31,VGT,6,2018-01-31,2018-01-31,2017-07-28,2018-01-26,2017-07-28,2018-01-26
2017-07-31,VIG,6,2018-01-31,2018-01-31,2017-07-28,2018-01-26,2017-07-28,2018-01-26
2017-07-31,VMBS,6,2018-01-31,2018-01-31,2017-07-28,2018-01-26,2017-07-28,2018-01-26
2017-07-31,VOO,6,2018-01-31,2018-01-31,2017-07-28,2018-01-26,2017-07-28,2018-01-26
2017-07-31,VWO,6,2018-01-31,2018-01-31,2017-07-28,2018-01-26,2017-07-28,2018-01-26
2017-07-31,VXUS,6,2018-01-31,2018-01-31,2017-07-28,2018-01-26,2017-07-28,2018-01-26
2017-08-31,BND,6,2018-02-28,2018-02-28,2017-08-25,2018-02-23,2017-08-25,2018-02-23
2017-08-31,DBC,6,2018-02-28,2018-02-28,2017-08-25,2018-02-23,2017-08-25,2018-02-23
2017-08-31,GLD,6,2018-02-28,2018-02-28,2017-08-25,2018-02-23,2017-08-25,2018-02-23
2017-08-31,VDE,6,2018-02-28,2018-02-28,2017-08-25,2018-02-23,2017-08-25,2018-02-23
2017-08-31,VGT,6,2018-02-28,2018-02-28,2017-08-25,2018-02-23,2017-08-25,2018-02-23
2017-08-31,VIG,6,2018-02-28,2018-02-28,2017-08-25,2018-02-23,2017-08-25,2018-02-23
2017-08-31,VMBS,6,2018-02-28,2018-02-28,2017-08-25,2018-02-23,2017-08-25,2018-02-23
2017-08-31,VOO,6,2018-02-28,2018-02-28,2017-08-25,2018-02-23,2017-08-25,2018-02-23
2017-08-31,VWO,6,2018-02-28,2018-02-28,2017-08-25,2018-02-23,2017-08-25,2018-02-23
2017-08-31,VXUS,6,2018-02-28,2018-02-28,2017-08-25,2018-02-23,2017-08-25,2018-02-23
2017-09-29,BND,6,2018-03-30,2018-03-30,2017-09-29,2018-03-29,2017-09-29,2018-03-29
2017-09-29,DBC,6,2018-03-30,2018-03-30,2017-09-29,2018-03-29,2017-09-29,2018-03-29
2017-09-29,GLD,6,2018-03-30,2018-03-30,2017-09-29,2018-03-29,2017-09-29,2018-03-29
2017-09-29,VDE,6,2018-03-30,2018-03-30,2017-09-29,2018-03-29,2017-09-29,2018-03-29
2017-09-29,VGT,6,2018-03-30,2018-03-30,2017-09-29,2018-03-29,2017-09-29,2018-03-29
2017-09-29,VIG,6,2018-03-30,2018-03-30,2017-09-29,2018-03-29,2017-09-29,2018-03-29
2017-09-29,VMBS,6,2018-03-30,2018-03-30,2017-09-29,2018-03-29,2017-09-29,2018-03-29
2017-09-29,VOO,6,2018-03-30,2018-03-30,2017-09-29,2018-03-29,2017-09-29,2018-03-29
2017-09-29,VWO,6,2018-03-30,2018-03-30,2017-09-29,2018-03-29,2017-09-29,2018-03-29
2017-09-29,VXUS,6,2018-03-30,2018-03-30,2017-09-29,2018-03-29,2017-09-29,2018-03-29
2017-10-31,BND,6,2018-04-30,2018-04-30,2017-10-27,2018-04-27,2017-10-27,2018-04-27
2017-10-31,DBC,6,2018-04-30,2018-04-30,2017-10-27,2018-04-27,2017-10-27,2018-04-27
2017-10-31,GLD,6,2018-04-30,2018-04-30,2017-10-27,2018-04-27,2017-10-27,2018-04-27
2017-10-31,VDE,6,2018-04-30,2018-04-30,2017-10-27,2018-04-27,2017-10-27,2018-04-27
2017-10-31,VGT,6,2018-04-30,2018-04-30,2017-10-27,2018-04-27,2017-10-27,2018-04-27
2017-10-31,VIG,6,2018-04-30,2018-04-30,2017-10-27,2018-04-27,2017-10-27,2018-04-27
2017-10-31,VMBS,6,2018-04-30,2018-04-30,2017-10-27,2018-04-27,2017-10-27,2018-04-27
2017-10-31,VOO,6,2018-04-30,2018-04-30,2017-10-27,2018-04-27,2017-10-27,2018-04-27
2017-10-31,VWO,6,2018-04-30,2018-04-30,2017-10-27,2018-04-27,2017-10-27,2018-04-27
2017-10-31,VXUS,6,2018-04-30,2018-04-30,2017-10-27,2018-04-27,2017-10-27,2018-04-27
2017-11-30,BND,6,2018-05-31,2018-05-31,2017-11-24,2018-05-25,2017-11-24,2018-05-25
2017-11-30,DBC,6,2018-05-31,2018-05-31,2017-11-24,2018-05-25,2017-11-24,2018-05-25
2017-11-30,GLD,6,2018-05-31,2018-05-31,2017-11-24,2018-05-25,2017-11-24,2018-05-25
2017-11-30,VDE,6,2018-05-31,2018-05-31,2017-11-24,2018-05-25,2017-11-24,2018-05-25
2017-11-30,VGT,6,2018-05-31,2018-05-31,2017-11-24,2018-05-25,2017-11-24,2018-05-25
2017-11-30,VIG,6,2018-05-31,2018-05-31,2017-11-24,2018-05-25,2017-11-24,2018-05-25
2017-11-30,VMBS,6,2018-05-31,2018-05-31,2017-11-24,2018-05-25,2017-11-24,2018-05-25
2017-11-30,VOO,6,2018-05-31,2018-05-31,2017-11-24,2018-05-25,2017-11-24,2018-05-25
2017-11-30,VWO,6,2018-05-31,2018-05-31,2017-11-24,2018-05-25,2017-11-24,2018-05-25
2017-11-30,VXUS,6,2018-05-31,2018-05-31,2017-11-24,2018-05-25,2017-11-24,2018-05-25
2017-12-29,BND,6,2018-06-29,2018-06-29,2017-12-29,2018-06-29,2017-12-29,2018-06-29
2017-12-29,DBC,6,2018-06-29,2018-06-29,2017-12-29,2018-06-29,2017-12-29,2018-06-29
2017-12-29,GLD,6,2018-06-29,2018-06-29,2017-12-29,2018-06-29,2017-12-29,2018-06-29
2017-12-29,VDE,6,2018-06-29,2018-06-29,2017-12-29,2018-06-29,2017-12-29,2018-06-29
2017-12-29,VGT,6,2018-06-29,2018-06-29,2017-12-29,2018-06-29,2017-12-29,2018-06-29
2017-12-29,VIG,6,2018-06-29,2018-06-29,2017-12-29,2018-06-29,2017-12-29,2018-06-29
2017-12-29,VMBS,6,2018-06-29,2018-06-29,2017-12-29,2018-06-29,2017-12-29,2018-06-29
2017-12-29,VOO,6,2018-06-29,2018-06-29,2017-12-29,2018-06-29,2017-12-29,2018-06-29
2017-12-29,VWO,6,2018-06-29,2018-06-29,2017-12-29,2018-06-29,2017-12-29,2018-06-29
2017-12-29,VXUS,6,2018-06-29,2018-06-29,2017-12-29,2018-06-29,2017-12-29,2018-06-29
2018-01-31,BND,6,2018-07-31,2018-07-31,2018-01-26,2018-07-27,2018-01-26,2018-07-27
2018-01-31,DBC,6,2018-07-31,2018-07-31,2018-01-26,2018-07-27,2018-01-26,2018-07-27
2018-01-31,GLD,6,2018-07-31,2018-07-31,2018-01-26,2018-07-27,2018-01-26,2018-07-27
2018-01-31,VDE,6,2018-07-31,2018-07-31,2018-01-26,2018-07-27,2018-01-26,2018-07-27
2018-01-31,VGT,6,2018-07-31,2018-07-31,2018-01-26,2018-07-27,2018-01-26,2018-07-27
2018-01-31,VIG,6,2018-07-31,2018-07-31,2018-01-26,2018-07-27,2018-01-26,2018-07-27
2018-01-31,VMBS,6,2018-07-31,2018-07-31,2018-01-26,2018-07-27,2018-01-26,2018-07-27
2018-01-31,VOO,6,2018-07-31,2018-07-31,2018-01-26,2018-07-27,2018-01-26,2018-07-27
2018-01-31,VWO,6,2018-07-31,2018-07-31,2018-01-26,2018-07-27,2018-01-26,2018-07-27
2018-01-31,VXUS,6,2018-07-31,2018-07-31,2018-01-26,2018-07-27,2018-01-26,2018-07-27
2018-02-28,BND,6,2018-08-31,2018-08-31,2018-02-23,2018-08-31,2018-02-23,2018-08-31
2018-02-28,DBC,6,2018-08-31,2018-08-31,2018-02-23,2018-08-31,2018-02-23,2018-08-31
2018-02-28,GLD,6,2018-08-31,2018-08-31,2018-02-23,2018-08-31,2018-02-23,2018-08-31
2018-02-28,VDE,6,2018-08-31,2018-08-31,2018-02-23,2018-08-31,2018-02-23,2018-08-31
2018-02-28,VGT,6,2018-08-31,2018-08-31,2018-02-23,2018-08-31,2018-02-23,2018-08-31
2018-02-28,VIG,6,2018-08-31,2018-08-31,2018-02-23,2018-08-31,2018-02-23,2018-08-31
2018-02-28,VMBS,6,2018-08-31,2018-08-31,2018-02-23,2018-08-31,2018-02-23,2018-08-31
2018-02-28,VOO,6,2018-08-31,2018-08-31,2018-02-23,2018-08-31,2018-02-23,2018-08-31
2018-02-28,VWO,6,2018-08-31,2018-08-31,2018-02-23,2018-08-31,2018-02-23,2018-08-31
2018-02-28,VXUS,6,2018-08-31,2018-08-31,2018-02-23,2018-08-31,2018-02-23,2018-08-31
2018-03-30,BND,6,2018-09-28,2018-09-28,2018-03-29,2018-09-28,2018-03-29,2018-09-28
2018-03-30,DBC,6,2018-09-28,2018-09-28,2018-03-29,2018-09-28,2018-03-29,2018-09-28
2018-03-30,GLD,6,2018-09-28,2018-09-28,2018-03-29,2018-09-28,2018-03-29,2018-09-28
2018-03-30,VDE,6,2018-09-28,2018-09-28,2018-03-29,2018-09-28,2018-03-29,2018-09-28
2018-03-30,VGT,6,2018-09-28,2018-09-28,2018-03-29,2018-09-28,2018-03-29,2018-09-28
2018-03-30,VIG,6,2018-09-28,2018-09-28,2018-03-29,2018-09-28,2018-03-29,2018-09-28
2018-03-30,VMBS,6,2018-09-28,2018-09-28,2018-03-29,2018-09-28,2018-03-29,2018-09-28
2018-03-30,VOO,6,2018-09-28,2018-09-28,2018-03-29,2018-09-28,2018-03-29,2018-09-28
2018-03-30,VWO,6,2018-09-28,2018-09-28,2018-03-29,2018-09-28,2018-03-29,2018-09-28
2018-03-30,VXUS,6,2018-09-28,2018-09-28,2018-03-29,2018-09-28,2018-03-29,2018-09-28
2018-04-30,BND,6,2018-10-31,2018-10-31,2018-04-27,2018-10-26,2018-04-27,2018-10-26
2018-04-30,DBC,6,2018-10-31,2018-10-31,2018-04-27,2018-10-26,2018-04-27,2018-10-26
2018-04-30,GLD,6,2018-10-31,2018-10-31,2018-04-27,2018-10-26,2018-04-27,2018-10-26
2018-04-30,VDE,6,2018-10-31,2018-10-31,2018-04-27,2018-10-26,2018-04-27,2018-10-26
2018-04-30,VGT,6,2018-10-31,2018-10-31,2018-04-27,2018-10-26,2018-04-27,2018-10-26
2018-04-30,VIG,6,2018-10-31,2018-10-31,2018-04-27,2018-10-26,2018-04-27,2018-10-26
2018-04-30,VMBS,6,2018-10-31,2018-10-31,2018-04-27,2018-10-26,2018-04-27,2018-10-26
2018-04-30,VOO,6,2018-10-31,2018-10-31,2018-04-27,2018-10-26,2018-04-27,2018-10-26
2018-04-30,VWO,6,2018-10-31,2018-10-31,2018-04-27,2018-10-26,2018-04-27,2018-10-26
2018-04-30,VXUS,6,2018-10-31,2018-10-31,2018-04-27,2018-10-26,2018-04-27,2018-10-26
2018-05-31,BND,6,2018-11-30,2018-11-30,2018-05-25,2018-11-30,2018-05-25,2018-11-30
2018-05-31,DBC,6,2018-11-30,2018-11-30,2018-05-25,2018-11-30,2018-05-25,2018-11-30
2018-05-31,GLD,6,2018-11-30,2018-11-30,2018-05-25,2018-11-30,2018-05-25,2018-11-30
2018-05-31,VDE,6,2018-11-30,2018-11-30,2018-05-25,2018-11-30,2018-05-25,2018-11-30
2018-05-31,VGT,6,2018-11-30,2018-11-30,2018-05-25,2018-11-30,2018-05-25,2018-11-30
2018-05-31,VIG,6,2018-11-30,2018-11-30,2018-05-25,2018-11-30,2018-05-25,2018-11-30
2018-05-31,VMBS,6,2018-11-30,2018-11-30,2018-05-25,2018-11-30,2018-05-25,2018-11-30
2018-05-31,VOO,6,2018-11-30,2018-11-30,2018-05-25,2018-11-30,2018-05-25,2018-11-30
2018-05-31,VWO,6,2018-11-30,2018-11-30,2018-05-25,2018-11-30,2018-05-25,2018-11-30
2018-05-31,VXUS,6,2018-11-30,2018-11-30,2018-05-25,2018-11-30,2018-05-25,2018-11-30
2018-06-29,BND,6,2018-12-31,2018-12-31,2018-06-29,2018-12-28,2018-06-29,2018-12-28
2018-06-29,DBC,6,2018-12-31,2018-12-31,2018-06-29,2018-12-28,2018-06-29,2018-12-28
2018-06-29,GLD,6,2018-12-31,2018-12-31,2018-06-29,2018-12-28,2018-06-29,2018-12-28
2018-06-29,VDE,6,2018-12-31,2018-12-31,2018-06-29,2018-12-28,2018-06-29,2018-12-28
2018-06-29,VGT,6,2018-12-31,2018-12-31,2018-06-29,2018-12-28,2018-06-29,2018-12-28
2018-06-29,VIG,6,2018-12-31,2018-12-31,2018-06-29,2018-12-28,2018-06-29,2018-12-28
2018-06-29,VMBS,6,2018-12-31,2018-12-31,2018-06-29,2018-12-28,2018-06-29,2018-12-28
2018-06-29,VOO,6,2018-12-31,2018-12-31,2018-06-29,2018-12-28,2018-06-29,2018-12-28
2018-06-29,VWO,6,2018-12-31,2018-12-31,2018-06-29,2018-12-28,2018-06-29,2018-12-28
2018-06-29,VXUS,6,2018-12-31,2018-12-31,2018-06-29,2018-12-28,2018-06-29,2018-12-28
2018-07-31,BND,6,2019-01-31,2019-01-31,2018-07-27,2019-01-25,2018-07-27,2019-01-25
2018-07-31,DBC,6,2019-01-31,2019-01-31,2018-07-27,2019-01-25,2018-07-27,2019-01-25
2018-07-31,GLD,6,2019-01-31,2019-01-31,2018-07-27,2019-01-25,2018-07-27,2019-01-25
2018-07-31,VDE,6,2019-01-31,2019-01-31,2018-07-27,2019-01-25,2018-07-27,2019-01-25
2018-07-31,VGT,6,2019-01-31,2019-01-31,2018-07-27,2019-01-25,2018-07-27,2019-01-25
2018-07-31,VIG,6,2019-01-31,2019-01-31,2018-07-27,2019-01-25,2018-07-27,2019-01-25
2018-07-31,VMBS,6,2019-01-31,2019-01-31,2018-07-27,2019-01-25,2018-07-27,2019-01-25
2018-07-31,VOO,6,2019-01-31,2019-01-31,2018-07-27,2019-01-25,2018-07-27,2019-01-25
2018-07-31,VWO,6,2019-01-31,2019-01-31,2018-07-27,2019-01-25,2018-07-27,2019-01-25
2018-07-31,VXUS,6,2019-01-31,2019-01-31,2018-07-27,2019-01-25,2018-07-27,2019-01-25
2018-08-31,BND,6,2019-02-28,2019-02-28,2018-08-31,2019-02-22,2018-08-31,2019-02-22
2018-08-31,DBC,6,2019-02-28,2019-02-28,2018-08-31,2019-02-22,2018-08-31,2019-02-22
2018-08-31,GLD,6,2019-02-28,2019-02-28,2018-08-31,2019-02-22,2018-08-31,2019-02-22
2018-08-31,VDE,6,2019-02-28,2019-02-28,2018-08-31,2019-02-22,2018-08-31,2019-02-22
2018-08-31,VGT,6,2019-02-28,2019-02-28,2018-08-31,2019-02-22,2018-08-31,2019-02-22
2018-08-31,VIG,6,2019-02-28,2019-02-28,2018-08-31,2019-02-22,2018-08-31,2019-02-22
2018-08-31,VMBS,6,2019-02-28,2019-02-28,2018-08-31,2019-02-22,2018-08-31,2019-02-22
2018-08-31,VOO,6,2019-02-28,2019-02-28,2018-08-31,2019-02-22,2018-08-31,2019-02-22
2018-08-31,VWO,6,2019-02-28,2019-02-28,2018-08-31,2019-02-22,2018-08-31,2019-02-22
2018-08-31,VXUS,6,2019-02-28,2019-02-28,2018-08-31,2019-02-22,2018-08-31,2019-02-22
2018-09-28,BND,6,2019-03-29,2019-03-29,2018-09-28,2019-03-29,2018-09-28,2019-03-29
2018-09-28,DBC,6,2019-03-29,2019-03-29,2018-09-28,2019-03-29,2018-09-28,2019-03-29
2018-09-28,GLD,6,2019-03-29,2019-03-29,2018-09-28,2019-03-29,2018-09-28,2019-03-29
2018-09-28,VDE,6,2019-03-29,2019-03-29,2018-09-28,2019-03-29,2018-09-28,2019-03-29
2018-09-28,VGT,6,2019-03-29,2019-03-29,2018-09-28,2019-03-29,2018-09-28,2019-03-29
2018-09-28,VIG,6,2019-03-29,2019-03-29,2018-09-28,2019-03-29,2018-09-28,2019-03-29
2018-09-28,VMBS,6,2019-03-29,2019-03-29,2018-09-28,2019-03-29,2018-09-28,2019-03-29
2018-09-28,VOO,6,2019-03-29,2019-03-29,2018-09-28,2019-03-29,2018-09-28,2019-03-29
2018-09-28,VWO,6,2019-03-29,2019-03-29,2018-09-28,2019-03-29,2018-09-28,2019-03-29
2018-09-28,VXUS,6,2019-03-29,2019-03-29,2018-09-28,2019-03-29,2018-09-28,2019-03-29
2018-10-31,BND,6,2019-04-30,2019-04-30,2018-10-26,2019-04-26,2018-10-26,2019-04-26
2018-10-31,DBC,6,2019-04-30,2019-04-30,2018-10-26,2019-04-26,2018-10-26,2019-04-26
2018-10-31,GLD,6,2019-04-30,2019-04-30,2018-10-26,2019-04-26,2018-10-26,2019-04-26
2018-10-31,VDE,6,2019-04-30,2019-04-30,2018-10-26,2019-04-26,2018-10-26,2019-04-26
2018-10-31,VGT,6,2019-04-30,2019-04-30,2018-10-26,2019-04-26,2018-10-26,2019-04-26
2018-10-31,VIG,6,2019-04-30,2019-04-30,2018-10-26,2019-04-26,2018-10-26,2019-04-26
2018-10-31,VMBS,6,2019-04-30,2019-04-30,2018-10-26,2019-04-26,2018-10-26,2019-04-26
2018-10-31,VOO,6,2019-04-30,2019-04-30,2018-10-26,2019-04-26,2018-10-26,2019-04-26
2018-10-31,VWO,6,2019-04-30,2019-04-30,2018-10-26,2019-04-26,2018-10-26,2019-04-26
2018-10-31,VXUS,6,2019-04-30,2019-04-30,2018-10-26,2019-04-26,2018-10-26,2019-04-26
2018-11-30,BND,6,2019-05-31,2019-05-31,2018-11-30,2019-05-31,2018-11-30,2019-05-31
2018-11-30,DBC,6,2019-05-31,2019-05-31,2018-11-30,2019-05-31,2018-11-30,2019-05-31
2018-11-30,GLD,6,2019-05-31,2019-05-31,2018-11-30,2019-05-31,2018-11-30,2019-05-31
2018-11-30,VDE,6,2019-05-31,2019-05-31,2018-11-30,2019-05-31,2018-11-30,2019-05-31
2018-11-30,VGT,6,2019-05-31,2019-05-31,2018-11-30,2019-05-31,2018-11-30,2019-05-31
2018-11-30,VIG,6,2019-05-31,2019-05-31,2018-11-30,2019-05-31,2018-11-30,2019-05-31
2018-11-30,VMBS,6,2019-05-31,2019-05-31,2018-11-30,2019-05-31,2018-11-30,2019-05-31
2018-11-30,VOO,6,2019-05-31,2019-05-31,2018-11-30,2019-05-31,2018-11-30,2019-05-31
2018-11-30,VWO,6,2019-05-31,2019-05-31,2018-11-30,2019-05-31,2018-11-30,2019-05-31
2018-11-30,VXUS,6,2019-05-31,2019-05-31,2018-11-30,2019-05-31,2018-11-30,2019-05-31
2018-12-31,BND,6,2019-06-28,2019-06-28,2018-12-28,2019-06-28,2018-12-28,2019-06-28
2018-12-31,DBC,6,2019-06-28,2019-06-28,2018-12-28,2019-06-28,2018-12-28,2019-06-28
2018-12-31,GLD,6,2019-06-28,2019-06-28,2018-12-28,2019-06-28,2018-12-28,2019-06-28
2018-12-31,VDE,6,2019-06-28,2019-06-28,2018-12-28,2019-06-28,2018-12-28,2019-06-28
2018-12-31,VGT,6,2019-06-28,2019-06-28,2018-12-28,2019-06-28,2018-12-28,2019-06-28
2018-12-31,VIG,6,2019-06-28,2019-06-28,2018-12-28,2019-06-28,2018-12-28,2019-06-28
2018-12-31,VMBS,6,2019-06-28,2019-06-28,2018-12-28,2019-06-28,2018-12-28,2019-06-28
2018-12-31,VOO,6,2019-06-28,2019-06-28,2018-12-28,2019-06-28,2018-12-28,2019-06-28
2018-12-31,VWO,6,2019-06-28,2019-06-28,2018-12-28,2019-06-28,2018-12-28,2019-06-28
2018-12-31,VXUS,6,2019-06-28,2019-06-28,2018-12-28,2019-06-28,2018-12-28,2019-06-28
2019-01-31,BND,6,2019-07-31,2019-07-31,2019-01-25,2019-07-26,2019-01-25,2019-07-26
2019-01-31,DBC,6,2019-07-31,2019-07-31,2019-01-25,2019-07-26,2019-01-25,2019-07-26
2019-01-31,GLD,6,2019-07-31,2019-07-31,2019-01-25,2019-07-26,2019-01-25,2019-07-26
2019-01-31,VDE,6,2019-07-31,2019-07-31,2019-01-25,2019-07-26,2019-01-25,2019-07-26
2019-01-31,VGT,6,2019-07-31,2019-07-31,2019-01-25,2019-07-26,2019-01-25,2019-07-26
2019-01-31,VIG,6,2019-07-31,2019-07-31,2019-01-25,2019-07-26,2019-01-25,2019-07-26
2019-01-31,VMBS,6,2019-07-31,2019-07-31,2019-01-25,2019-07-26,2019-01-25,2019-07-26
2019-01-31,VOO,6,2019-07-31,2019-07-31,2019-01-25,2019-07-26,2019-01-25,2019-07-26
2019-01-31,VWO,6,2019-07-31,2019-07-31,2019-01-25,2019-07-26,2019-01-25,2019-07-26
2019-01-31,VXUS,6,2019-07-31,2019-07-31,2019-01-25,2019-07-26,2019-01-25,2019-07-26
2019-02-28,BND,6,2019-08-30,2019-08-30,2019-02-22,2019-08-30,2019-02-22,2019-08-30
2019-02-28,DBC,6,2019-08-30,2019-08-30,2019-02-22,2019-08-30,2019-02-22,2019-08-30
2019-02-28,GLD,6,2019-08-30,2019-08-30,2019-02-22,2019-08-30,2019-02-22,2019-08-30
2019-02-28,VDE,6,2019-08-30,2019-08-30,2019-02-22,2019-08-30,2019-02-22,2019-08-30
2019-02-28,VGT,6,2019-08-30,2019-08-30,2019-02-22,2019-08-30,2019-02-22,2019-08-30
2019-02-28,VIG,6,2019-08-30,2019-08-30,2019-02-22,2019-08-30,2019-02-22,2019-08-30
2019-02-28,VMBS,6,2019-08-30,2019-08-30,2019-02-22,2019-08-30,2019-02-22,2019-08-30
2019-02-28,VOO,6,2019-08-30,2019-08-30,2019-02-22,2019-08-30,2019-02-22,2019-08-30
2019-02-28,VWO,6,2019-08-30,2019-08-30,2019-02-22,2019-08-30,2019-02-22,2019-08-30
2019-02-28,VXUS,6,2019-08-30,2019-08-30,2019-02-22,2019-08-30,2019-02-22,2019-08-30
2019-03-29,BND,6,2019-09-30,2019-09-30,2019-03-29,2019-09-27,2019-03-29,2019-09-27
2019-03-29,DBC,6,2019-09-30,2019-09-30,2019-03-29,2019-09-27,2019-03-29,2019-09-27
2019-03-29,GLD,6,2019-09-30,2019-09-30,2019-03-29,2019-09-27,2019-03-29,2019-09-27
2019-03-29,VDE,6,2019-09-30,2019-09-30,2019-03-29,2019-09-27,2019-03-29,2019-09-27
2019-03-29,VGT,6,2019-09-30,2019-09-30,2019-03-29,2019-09-27,2019-03-29,2019-09-27
2019-03-29,VIG,6,2019-09-30,2019-09-30,2019-03-29,2019-09-27,2019-03-29,2019-09-27
2019-03-29,VMBS,6,2019-09-30,2019-09-30,2019-03-29,2019-09-27,2019-03-29,2019-09-27
2019-03-29,VOO,6,2019-09-30,2019-09-30,2019-03-29,2019-09-27,2019-03-29,2019-09-27
2019-03-29,VWO,6,2019-09-30,2019-09-30,2019-03-29,2019-09-27,2019-03-29,2019-09-27
2019-03-29,VXUS,6,2019-09-30,2019-09-30,2019-03-29,2019-09-27,2019-03-29,2019-09-27
2019-04-30,BND,6,2019-10-31,2019-10-31,2019-04-26,2019-10-25,2019-04-26,2019-10-25
2019-04-30,DBC,6,2019-10-31,2019-10-31,2019-04-26,2019-10-25,2019-04-26,2019-10-25
2019-04-30,GLD,6,2019-10-31,2019-10-31,2019-04-26,2019-10-25,2019-04-26,2019-10-25
2019-04-30,VDE,6,2019-10-31,2019-10-31,2019-04-26,2019-10-25,2019-04-26,2019-10-25
2019-04-30,VGT,6,2019-10-31,2019-10-31,2019-04-26,2019-10-25,2019-04-26,2019-10-25
2019-04-30,VIG,6,2019-10-31,2019-10-31,2019-04-26,2019-10-25,2019-04-26,2019-10-25
2019-04-30,VMBS,6,2019-10-31,2019-10-31,2019-04-26,2019-10-25,2019-04-26,2019-10-25
2019-04-30,VOO,6,2019-10-31,2019-10-31,2019-04-26,2019-10-25,2019-04-26,2019-10-25
2019-04-30,VWO,6,2019-10-31,2019-10-31,2019-04-26,2019-10-25,2019-04-26,2019-10-25
2019-04-30,VXUS,6,2019-10-31,2019-10-31,2019-04-26,2019-10-25,2019-04-26,2019-10-25
2019-05-31,BND,6,2019-11-29,2019-11-29,2019-05-31,2019-11-29,2019-05-31,2019-11-29
2019-05-31,DBC,6,2019-11-29,2019-11-29,2019-05-31,2019-11-29,2019-05-31,2019-11-29
2019-05-31,GLD,6,2019-11-29,2019-11-29,2019-05-31,2019-11-29,2019-05-31,2019-11-29
2019-05-31,VDE,6,2019-11-29,2019-11-29,2019-05-31,2019-11-29,2019-05-31,2019-11-29
2019-05-31,VGT,6,2019-11-29,2019-11-29,2019-05-31,2019-11-29,2019-05-31,2019-11-29
2019-05-31,VIG,6,2019-11-29,2019-11-29,2019-05-31,2019-11-29,2019-05-31,2019-11-29
2019-05-31,VMBS,6,2019-11-29,2019-11-29,2019-05-31,2019-11-29,2019-05-31,2019-11-29
2019-05-31,VOO,6,2019-11-29,2019-11-29,2019-05-31,2019-11-29,2019-05-31,2019-11-29
2019-05-31,VWO,6,2019-11-29,2019-11-29,2019-05-31,2019-11-29,2019-05-31,2019-11-29
2019-05-31,VXUS,6,2019-11-29,2019-11-29,2019-05-31,2019-11-29,2019-05-31,2019-11-29
2019-06-28,BND,6,2019-12-31,2019-12-31,2019-06-28,2019-12-27,2019-06-28,2019-12-27
2019-06-28,DBC,6,2019-12-31,2019-12-31,2019-06-28,2019-12-27,2019-06-28,2019-12-27
2019-06-28,GLD,6,2019-12-31,2019-12-31,2019-06-28,2019-12-27,2019-06-28,2019-12-27
2019-06-28,VDE,6,2019-12-31,2019-12-31,2019-06-28,2019-12-27,2019-06-28,2019-12-27
2019-06-28,VGT,6,2019-12-31,2019-12-31,2019-06-28,2019-12-27,2019-06-28,2019-12-27
2019-06-28,VIG,6,2019-12-31,2019-12-31,2019-06-28,2019-12-27,2019-06-28,2019-12-27
2019-06-28,VMBS,6,2019-12-31,2019-12-31,2019-06-28,2019-12-27,2019-06-28,2019-12-27
2019-06-28,VOO,6,2019-12-31,2019-12-31,2019-06-28,2019-12-27,2019-06-28,2019-12-27
2019-06-28,VWO,6,2019-12-31,2019-12-31,2019-06-28,2019-12-27,2019-06-28,2019-12-27
2019-06-28,VXUS,6,2019-12-31,2019-12-31,2019-06-28,2019-12-27,2019-06-28,2019-12-27
2019-07-31,BND,6,2020-01-31,2020-01-31,2019-07-26,2020-01-31,2019-07-26,2020-01-31
2019-07-31,DBC,6,2020-01-31,2020-01-31,2019-07-26,2020-01-31,2019-07-26,2020-01-31
2019-07-31,GLD,6,2020-01-31,2020-01-31,2019-07-26,2020-01-31,2019-07-26,2020-01-31
2019-07-31,VDE,6,2020-01-31,2020-01-31,2019-07-26,2020-01-31,2019-07-26,2020-01-31
2019-07-31,VGT,6,2020-01-31,2020-01-31,2019-07-26,2020-01-31,2019-07-26,2020-01-31
2019-07-31,VIG,6,2020-01-31,2020-01-31,2019-07-26,2020-01-31,2019-07-26,2020-01-31
2019-07-31,VMBS,6,2020-01-31,2020-01-31,2019-07-26,2020-01-31,2019-07-26,2020-01-31
2019-07-31,VOO,6,2020-01-31,2020-01-31,2019-07-26,2020-01-31,2019-07-26,2020-01-31
2019-07-31,VWO,6,2020-01-31,2020-01-31,2019-07-26,2020-01-31,2019-07-26,2020-01-31
2019-07-31,VXUS,6,2020-01-31,2020-01-31,2019-07-26,2020-01-31,2019-07-26,2020-01-31
2019-08-30,BND,6,2020-02-28,2020-02-28,2019-08-30,2020-02-28,2019-08-30,2020-02-28
2019-08-30,DBC,6,2020-02-28,2020-02-28,2019-08-30,2020-02-28,2019-08-30,2020-02-28
2019-08-30,GLD,6,2020-02-28,2020-02-28,2019-08-30,2020-02-28,2019-08-30,2020-02-28
2019-08-30,VDE,6,2020-02-28,2020-02-28,2019-08-30,2020-02-28,2019-08-30,2020-02-28
2019-08-30,VGT,6,2020-02-28,2020-02-28,2019-08-30,2020-02-28,2019-08-30,2020-02-28
2019-08-30,VIG,6,2020-02-28,2020-02-28,2019-08-30,2020-02-28,2019-08-30,2020-02-28
2019-08-30,VMBS,6,2020-02-28,2020-02-28,2019-08-30,2020-02-28,2019-08-30,2020-02-28
2019-08-30,VOO,6,2020-02-28,2020-02-28,2019-08-30,2020-02-28,2019-08-30,2020-02-28
2019-08-30,VWO,6,2020-02-28,2020-02-28,2019-08-30,2020-02-28,2019-08-30,2020-02-28
2019-08-30,VXUS,6,2020-02-28,2020-02-28,2019-08-30,2020-02-28,2019-08-30,2020-02-28
2019-09-30,BND,6,2020-03-31,2020-03-31,2019-09-27,2020-03-27,2019-09-27,2020-03-27
2019-09-30,DBC,6,2020-03-31,2020-03-31,2019-09-27,2020-03-27,2019-09-27,2020-03-27
2019-09-30,GLD,6,2020-03-31,2020-03-31,2019-09-27,2020-03-27,2019-09-27,2020-03-27
2019-09-30,VDE,6,2020-03-31,2020-03-31,2019-09-27,2020-03-27,2019-09-27,2020-03-27
2019-09-30,VGT,6,2020-03-31,2020-03-31,2019-09-27,2020-03-27,2019-09-27,2020-03-27
2019-09-30,VIG,6,2020-03-31,2020-03-31,2019-09-27,2020-03-27,2019-09-27,2020-03-27
2019-09-30,VMBS,6,2020-03-31,2020-03-31,2019-09-27,2020-03-27,2019-09-27,2020-03-27
2019-09-30,VOO,6,2020-03-31,2020-03-31,2019-09-27,2020-03-27,2019-09-27,2020-03-27
2019-09-30,VWO,6,2020-03-31,2020-03-31,2019-09-27,2020-03-27,2019-09-27,2020-03-27
2019-09-30,VXUS,6,2020-03-31,2020-03-31,2019-09-27,2020-03-27,2019-09-27,2020-03-27
2019-10-31,BND,6,2020-04-30,2020-04-30,2019-10-25,2020-04-24,2019-10-25,2020-04-24
2019-10-31,DBC,6,2020-04-30,2020-04-30,2019-10-25,2020-04-24,2019-10-25,2020-04-24
2019-10-31,GLD,6,2020-04-30,2020-04-30,2019-10-25,2020-04-24,2019-10-25,2020-04-24
2019-10-31,VDE,6,2020-04-30,2020-04-30,2019-10-25,2020-04-24,2019-10-25,2020-04-24
2019-10-31,VGT,6,2020-04-30,2020-04-30,2019-10-25,2020-04-24,2019-10-25,2020-04-24
2019-10-31,VIG,6,2020-04-30,2020-04-30,2019-10-25,2020-04-24,2019-10-25,2020-04-24
2019-10-31,VMBS,6,2020-04-30,2020-04-30,2019-10-25,2020-04-24,2019-10-25,2020-04-24
2019-10-31,VOO,6,2020-04-30,2020-04-30,2019-10-25,2020-04-24,2019-10-25,2020-04-24
2019-10-31,VWO,6,2020-04-30,2020-04-30,2019-10-25,2020-04-24,2019-10-25,2020-04-24
2019-10-31,VXUS,6,2020-04-30,2020-04-30,2019-10-25,2020-04-24,2019-10-25,2020-04-24
2019-11-29,BND,6,2020-05-29,2020-05-29,2019-11-29,2020-05-29,2019-11-29,2020-05-29
2019-11-29,DBC,6,2020-05-29,2020-05-29,2019-11-29,2020-05-29,2019-11-29,2020-05-29
2019-11-29,GLD,6,2020-05-29,2020-05-29,2019-11-29,2020-05-29,2019-11-29,2020-05-29
2019-11-29,VDE,6,2020-05-29,2020-05-29,2019-11-29,2020-05-29,2019-11-29,2020-05-29
2019-11-29,VGT,6,2020-05-29,2020-05-29,2019-11-29,2020-05-29,2019-11-29,2020-05-29
2019-11-29,VIG,6,2020-05-29,2020-05-29,2019-11-29,2020-05-29,2019-11-29,2020-05-29
2019-11-29,VMBS,6,2020-05-29,2020-05-29,2019-11-29,2020-05-29,2019-11-29,2020-05-29
2019-11-29,VOO,6,2020-05-29,2020-05-29,2019-11-29,2020-05-29,2019-11-29,2020-05-29
2019-11-29,VWO,6,2020-05-29,2020-05-29,2019-11-29,2020-05-29,2019-11-29,2020-05-29
2019-11-29,VXUS,6,2020-05-29,2020-05-29,2019-11-29,2020-05-29,2019-11-29,2020-05-29
2019-12-31,BND,6,2020-06-30,2020-06-30,2019-12-27,2020-06-26,2019-12-27,2020-06-26
2019-12-31,DBC,6,2020-06-30,2020-06-30,2019-12-27,2020-06-26,2019-12-27,2020-06-26
2019-12-31,GLD,6,2020-06-30,2020-06-30,2019-12-27,2020-06-26,2019-12-27,2020-06-26
2019-12-31,VDE,6,2020-06-30,2020-06-30,2019-12-27,2020-06-26,2019-12-27,2020-06-26
2019-12-31,VGT,6,2020-06-30,2020-06-30,2019-12-27,2020-06-26,2019-12-27,2020-06-26
2019-12-31,VIG,6,2020-06-30,2020-06-30,2019-12-27,2020-06-26,2019-12-27,2020-06-26
2019-12-31,VMBS,6,2020-06-30,2020-06-30,2019-12-27,2020-06-26,2019-12-27,2020-06-26
2019-12-31,VOO,6,2020-06-30,2020-06-30,2019-12-27,2020-06-26,2019-12-27,2020-06-26
2019-12-31,VWO,6,2020-06-30,2020-06-30,2019-12-27,2020-06-26,2019-12-27,2020-06-26
2019-12-31,VXUS,6,2020-06-30,2020-06-30,2019-12-27,2020-06-26,2019-12-27,2020-06-26
2020-01-31,BND,6,2020-07-31,2020-07-31,2020-01-31,2020-07-31,2020-01-31,2020-07-31
2020-01-31,DBC,6,2020-07-31,2020-07-31,2020-01-31,2020-07-31,2020-01-31,2020-07-31
2020-01-31,GLD,6,2020-07-31,2020-07-31,2020-01-31,2020-07-31,2020-01-31,2020-07-31
2020-01-31,VDE,6,2020-07-31,2020-07-31,2020-01-31,2020-07-31,2020-01-31,2020-07-31
2020-01-31,VGT,6,2020-07-31,2020-07-31,2020-01-31,2020-07-31,2020-01-31,2020-07-31
2020-01-31,VIG,6,2020-07-31,2020-07-31,2020-01-31,2020-07-31,2020-01-31,2020-07-31
2020-01-31,VMBS,6,2020-07-31,2020-07-31,2020-01-31,2020-07-31,2020-01-31,2020-07-31
2020-01-31,VOO,6,2020-07-31,2020-07-31,2020-01-31,2020-07-31,2020-01-31,2020-07-31
2020-01-31,VWO,6,2020-07-31,2020-07-31,2020-01-31,2020-07-31,2020-01-31,2020-07-31
2020-01-31,VXUS,6,2020-07-31,2020-07-31,2020-01-31,2020-07-31,2020-01-31,2020-07-31
2020-02-28,BND,6,2020-08-31,2020-08-31,2020-02-28,2020-08-28,2020-02-28,2020-08-28
2020-02-28,DBC,6,2020-08-31,2020-08-31,2020-02-28,2020-08-28,2020-02-28,2020-08-28
2020-02-28,GLD,6,2020-08-31,2020-08-31,2020-02-28,2020-08-28,2020-02-28,2020-08-28
2020-02-28,VDE,6,2020-08-31,2020-08-31,2020-02-28,2020-08-28,2020-02-28,2020-08-28
2020-02-28,VGT,6,2020-08-31,2020-08-31,2020-02-28,2020-08-28,2020-02-28,2020-08-28
2020-02-28,VIG,6,2020-08-31,2020-08-31,2020-02-28,2020-08-28,2020-02-28,2020-08-28
2020-02-28,VMBS,6,2020-08-31,2020-08-31,2020-02-28,2020-08-28,2020-02-28,2020-08-28
2020-02-28,VOO,6,2020-08-31,2020-08-31,2020-02-28,2020-08-28,2020-02-28,2020-08-28
2020-02-28,VWO,6,2020-08-31,2020-08-31,2020-02-28,2020-08-28,2020-02-28,2020-08-28
2020-02-28,VXUS,6,2020-08-31,2020-08-31,2020-02-28,2020-08-28,2020-02-28,2020-08-28
2020-03-31,BND,6,2020-09-30,2020-09-30,2020-03-27,2020-09-25,2020-03-27,2020-09-25
2020-03-31,DBC,6,2020-09-30,2020-09-30,2020-03-27,2020-09-25,2020-03-27,2020-09-25
2020-03-31,GLD,6,2020-09-30,2020-09-30,2020-03-27,2020-09-25,2020-03-27,2020-09-25
2020-03-31,VDE,6,2020-09-30,2020-09-30,2020-03-27,2020-09-25,2020-03-27,2020-09-25
2020-03-31,VGT,6,2020-09-30,2020-09-30,2020-03-27,2020-09-25,2020-03-27,2020-09-25
2020-03-31,VIG,6,2020-09-30,2020-09-30,2020-03-27,2020-09-25,2020-03-27,2020-09-25
2020-03-31,VMBS,6,2020-09-30,2020-09-30,2020-03-27,2020-09-25,2020-03-27,2020-09-25
2020-03-31,VOO,6,2020-09-30,2020-09-30,2020-03-27,2020-09-25,2020-03-27,2020-09-25
2020-03-31,VWO,6,2020-09-30,2020-09-30,2020-03-27,2020-09-25,2020-03-27,2020-09-25
2020-03-31,VXUS,6,2020-09-30,2020-09-30,2020-03-27,2020-09-25,2020-03-27,2020-09-25
2020-04-30,BND,6,2020-10-30,2020-10-30,2020-04-24,2020-10-30,2020-04-24,2020-10-30
2020-04-30,DBC,6,2020-10-30,2020-10-30,2020-04-24,2020-10-30,2020-04-24,2020-10-30
2020-04-30,GLD,6,2020-10-30,2020-10-30,2020-04-24,2020-10-30,2020-04-24,2020-10-30
2020-04-30,VDE,6,2020-10-30,2020-10-30,2020-04-24,2020-10-30,2020-04-24,2020-10-30
2020-04-30,VGT,6,2020-10-30,2020-10-30,2020-04-24,2020-10-30,2020-04-24,2020-10-30
2020-04-30,VIG,6,2020-10-30,2020-10-30,2020-04-24,2020-10-30,2020-04-24,2020-10-30
2020-04-30,VMBS,6,2020-10-30,2020-10-30,2020-04-24,2020-10-30,2020-04-24,2020-10-30
2020-04-30,VOO,6,2020-10-30,2020-10-30,2020-04-24,2020-10-30,2020-04-24,2020-10-30
2020-04-30,VWO,6,2020-10-30,2020-10-30,2020-04-24,2020-10-30,2020-04-24,2020-10-30
2020-04-30,VXUS,6,2020-10-30,2020-10-30,2020-04-24,2020-10-30,2020-04-24,2020-10-30
2020-05-29,BND,6,2020-11-30,2020-11-30,2020-05-29,2020-11-27,2020-05-29,2020-11-27
2020-05-29,DBC,6,2020-11-30,2020-11-30,2020-05-29,2020-11-27,2020-05-29,2020-11-27
2020-05-29,GLD,6,2020-11-30,2020-11-30,2020-05-29,2020-11-27,2020-05-29,2020-11-27
2020-05-29,VDE,6,2020-11-30,2020-11-30,2020-05-29,2020-11-27,2020-05-29,2020-11-27
2020-05-29,VGT,6,2020-11-30,2020-11-30,2020-05-29,2020-11-27,2020-05-29,2020-11-27
2020-05-29,VIG,6,2020-11-30,2020-11-30,2020-05-29,2020-11-27,2020-05-29,2020-11-27
2020-05-29,VMBS,6,2020-11-30,2020-11-30,2020-05-29,2020-11-27,2020-05-29,2020-11-27
2020-05-29,VOO,6,2020-11-30,2020-11-30,2020-05-29,2020-11-27,2020-05-29,2020-11-27
2020-05-29,VWO,6,2020-11-30,2020-11-30,2020-05-29,2020-11-27,2020-05-29,2020-11-27
2020-05-29,VXUS,6,2020-11-30,2020-11-30,2020-05-29,2020-11-27,2020-05-29,2020-11-27
2020-06-30,BND,6,2020-12-31,2020-12-31,2020-06-26,2020-12-31,2020-06-26,2020-12-31
2020-06-30,DBC,6,2020-12-31,2020-12-31,2020-06-26,2020-12-31,2020-06-26,2020-12-31
2020-06-30,GLD,6,2020-12-31,2020-12-31,2020-06-26,2020-12-31,2020-06-26,2020-12-31
2020-06-30,VDE,6,2020-12-31,2020-12-31,2020-06-26,2020-12-31,2020-06-26,2020-12-31
2020-06-30,VGT,6,2020-12-31,2020-12-31,2020-06-26,2020-12-31,2020-06-26,2020-12-31
2020-06-30,VIG,6,2020-12-31,2020-12-31,2020-06-26,2020-12-31,2020-06-26,2020-12-31
2020-06-30,VMBS,6,2020-12-31,2020-12-31,2020-06-26,2020-12-31,2020-06-26,2020-12-31
2020-06-30,VOO,6,2020-12-31,2020-12-31,2020-06-26,2020-12-31,2020-06-26,2020-12-31
2020-06-30,VWO,6,2020-12-31,2020-12-31,2020-06-26,2020-12-31,2020-06-26,2020-12-31
2020-06-30,VXUS,6,2020-12-31,2020-12-31,2020-06-26,2020-12-31,2020-06-26,2020-12-31
2020-07-31,BND,6,2021-01-29,2021-01-29,2020-07-31,2021-01-29,2020-07-31,2021-01-29
2020-07-31,DBC,6,2021-01-29,2021-01-29,2020-07-31,2021-01-29,2020-07-31,2021-01-29
2020-07-31,GLD,6,2021-01-29,2021-01-29,2020-07-31,2021-01-29,2020-07-31,2021-01-29
2020-07-31,VDE,6,2021-01-29,2021-01-29,2020-07-31,2021-01-29,2020-07-31,2021-01-29
2020-07-31,VGT,6,2021-01-29,2021-01-29,2020-07-31,2021-01-29,2020-07-31,2021-01-29
2020-07-31,VIG,6,2021-01-29,2021-01-29,2020-07-31,2021-01-29,2020-07-31,2021-01-29
2020-07-31,VMBS,6,2021-01-29,2021-01-29,2020-07-31,2021-01-29,2020-07-31,2021-01-29
2020-07-31,VOO,6,2021-01-29,2021-01-29,2020-07-31,2021-01-29,2020-07-31,2021-01-29
2020-07-31,VWO,6,2021-01-29,2021-01-29,2020-07-31,2021-01-29,2020-07-31,2021-01-29
2020-07-31,VXUS,6,2021-01-29,2021-01-29,2020-07-31,2021-01-29,2020-07-31,2021-01-29
2020-08-31,BND,6,2021-02-26,2021-02-26,2020-08-28,2021-02-26,2020-08-28,2021-02-26
2020-08-31,DBC,6,2021-02-26,2021-02-26,2020-08-28,2021-02-26,2020-08-28,2021-02-26
2020-08-31,GLD,6,2021-02-26,2021-02-26,2020-08-28,2021-02-26,2020-08-28,2021-02-26
2020-08-31,VDE,6,2021-02-26,2021-02-26,2020-08-28,2021-02-26,2020-08-28,2021-02-26
2020-08-31,VGT,6,2021-02-26,2021-02-26,2020-08-28,2021-02-26,2020-08-28,2021-02-26
2020-08-31,VIG,6,2021-02-26,2021-02-26,2020-08-28,2021-02-26,2020-08-28,2021-02-26
2020-08-31,VMBS,6,2021-02-26,2021-02-26,2020-08-28,2021-02-26,2020-08-28,2021-02-26
2020-08-31,VOO,6,2021-02-26,2021-02-26,2020-08-28,2021-02-26,2020-08-28,2021-02-26
2020-08-31,VWO,6,2021-02-26,2021-02-26,2020-08-28,2021-02-26,2020-08-28,2021-02-26
2020-08-31,VXUS,6,2021-02-26,2021-02-26,2020-08-28,2021-02-26,2020-08-28,2021-02-26
2020-09-30,BND,6,2021-03-31,2021-03-31,2020-09-25,2021-03-26,2020-09-25,2021-03-26
2020-09-30,DBC,6,2021-03-31,2021-03-31,2020-09-25,2021-03-26,2020-09-25,2021-03-26
2020-09-30,GLD,6,2021-03-31,2021-03-31,2020-09-25,2021-03-26,2020-09-25,2021-03-26
2020-09-30,VDE,6,2021-03-31,2021-03-31,2020-09-25,2021-03-26,2020-09-25,2021-03-26
2020-09-30,VGT,6,2021-03-31,2021-03-31,2020-09-25,2021-03-26,2020-09-25,2021-03-26
2020-09-30,VIG,6,2021-03-31,2021-03-31,2020-09-25,2021-03-26,2020-09-25,2021-03-26
2020-09-30,VMBS,6,2021-03-31,2021-03-31,2020-09-25,2021-03-26,2020-09-25,2021-03-26
2020-09-30,VOO,6,2021-03-31,2021-03-31,2020-09-25,2021-03-26,2020-09-25,2021-03-26
2020-09-30,VWO,6,2021-03-31,2021-03-31,2020-09-25,2021-03-26,2020-09-25,2021-03-26
2020-09-30,VXUS,6,2021-03-31,2021-03-31,2020-09-25,2021-03-26,2020-09-25,2021-03-26
2020-10-30,BND,6,2021-04-30,2021-04-30,2020-10-30,2021-04-30,2020-10-30,2021-04-30
2020-10-30,DBC,6,2021-04-30,2021-04-30,2020-10-30,2021-04-30,2020-10-30,2021-04-30
2020-10-30,GLD,6,2021-04-30,2021-04-30,2020-10-30,2021-04-30,2020-10-30,2021-04-30
2020-10-30,VDE,6,2021-04-30,2021-04-30,2020-10-30,2021-04-30,2020-10-30,2021-04-30
2020-10-30,VGT,6,2021-04-30,2021-04-30,2020-10-30,2021-04-30,2020-10-30,2021-04-30
2020-10-30,VIG,6,2021-04-30,2021-04-30,2020-10-30,2021-04-30,2020-10-30,2021-04-30
2020-10-30,VMBS,6,2021-04-30,2021-04-30,2020-10-30,2021-04-30,2020-10-30,2021-04-30
2020-10-30,VOO,6,2021-04-30,2021-04-30,2020-10-30,2021-04-30,2020-10-30,2021-04-30
2020-10-30,VWO,6,2021-04-30,2021-04-30,2020-10-30,2021-04-30,2020-10-30,2021-04-30
2020-10-30,VXUS,6,2021-04-30,2021-04-30,2020-10-30,2021-04-30,2020-10-30,2021-04-30
2020-11-30,BND,6,2021-05-31,2021-05-31,2020-11-27,2021-05-28,2020-11-27,2021-05-28
2020-11-30,DBC,6,2021-05-31,2021-05-31,2020-11-27,2021-05-28,2020-11-27,2021-05-28
2020-11-30,GLD,6,2021-05-31,2021-05-31,2020-11-27,2021-05-28,2020-11-27,2021-05-28
2020-11-30,VDE,6,2021-05-31,2021-05-31,2020-11-27,2021-05-28,2020-11-27,2021-05-28
2020-11-30,VGT,6,2021-05-31,2021-05-31,2020-11-27,2021-05-28,2020-11-27,2021-05-28
2020-11-30,VIG,6,2021-05-31,2021-05-31,2020-11-27,2021-05-28,2020-11-27,2021-05-28
2020-11-30,VMBS,6,2021-05-31,2021-05-31,2020-11-27,2021-05-28,2020-11-27,2021-05-28
2020-11-30,VOO,6,2021-05-31,2021-05-31,2020-11-27,2021-05-28,2020-11-27,2021-05-28
2020-11-30,VWO,6,2021-05-31,2021-05-31,2020-11-27,2021-05-28,2020-11-27,2021-05-28
2020-11-30,VXUS,6,2021-05-31,2021-05-31,2020-11-27,2021-05-28,2020-11-27,2021-05-28
2020-12-31,BND,6,2021-06-30,2021-06-30,2020-12-31,2021-06-25,2020-12-31,2021-06-25
2020-12-31,DBC,6,2021-06-30,2021-06-30,2020-12-31,2021-06-25,2020-12-31,2021-06-25
2020-12-31,GLD,6,2021-06-30,2021-06-30,2020-12-31,2021-06-25,2020-12-31,2021-06-25
2020-12-31,VDE,6,2021-06-30,2021-06-30,2020-12-31,2021-06-25,2020-12-31,2021-06-25
2020-12-31,VGT,6,2021-06-30,2021-06-30,2020-12-31,2021-06-25,2020-12-31,2021-06-25
2020-12-31,VIG,6,2021-06-30,2021-06-30,2020-12-31,2021-06-25,2020-12-31,2021-06-25
2020-12-31,VMBS,6,2021-06-30,2021-06-30,2020-12-31,2021-06-25,2020-12-31,2021-06-25
2020-12-31,VOO,6,2021-06-30,2021-06-30,2020-12-31,2021-06-25,2020-12-31,2021-06-25
2020-12-31,VWO,6,2021-06-30,2021-06-30,2020-12-31,2021-06-25,2020-12-31,2021-06-25
2020-12-31,VXUS,6,2021-06-30,2021-06-30,2020-12-31,2021-06-25,2020-12-31,2021-06-25
2021-01-29,BND,6,2021-07-30,2021-07-30,2021-01-29,2021-07-30,2021-01-29,2021-07-30
2021-01-29,DBC,6,2021-07-30,2021-07-30,2021-01-29,2021-07-30,2021-01-29,2021-07-30
2021-01-29,GLD,6,2021-07-30,2021-07-30,2021-01-29,2021-07-30,2021-01-29,2021-07-30
2021-01-29,VDE,6,2021-07-30,2021-07-30,2021-01-29,2021-07-30,2021-01-29,2021-07-30
2021-01-29,VGT,6,2021-07-30,2021-07-30,2021-01-29,2021-07-30,2021-01-29,2021-07-30
2021-01-29,VIG,6,2021-07-30,2021-07-30,2021-01-29,2021-07-30,2021-01-29,2021-07-30
2021-01-29,VMBS,6,2021-07-30,2021-07-30,2021-01-29,2021-07-30,2021-01-29,2021-07-30
2021-01-29,VOO,6,2021-07-30,2021-07-30,2021-01-29,2021-07-30,2021-01-29,2021-07-30
2021-01-29,VWO,6,2021-07-30,2021-07-30,2021-01-29,2021-07-30,2021-01-29,2021-07-30
2021-01-29,VXUS,6,2021-07-30,2021-07-30,2021-01-29,2021-07-30,2021-01-29,2021-07-30
2021-02-26,BND,6,2021-08-31,2021-08-31,2021-02-26,2021-08-27,2021-02-26,2021-08-27
2021-02-26,DBC,6,2021-08-31,2021-08-31,2021-02-26,2021-08-27,2021-02-26,2021-08-27
2021-02-26,GLD,6,2021-08-31,2021-08-31,2021-02-26,2021-08-27,2021-02-26,2021-08-27
2021-02-26,VDE,6,2021-08-31,2021-08-31,2021-02-26,2021-08-27,2021-02-26,2021-08-27
2021-02-26,VGT,6,2021-08-31,2021-08-31,2021-02-26,2021-08-27,2021-02-26,2021-08-27
2021-02-26,VIG,6,2021-08-31,2021-08-31,2021-02-26,2021-08-27,2021-02-26,2021-08-27
2021-02-26,VMBS,6,2021-08-31,2021-08-31,2021-02-26,2021-08-27,2021-02-26,2021-08-27
2021-02-26,VOO,6,2021-08-31,2021-08-31,2021-02-26,2021-08-27,2021-02-26,2021-08-27
2021-02-26,VWO,6,2021-08-31,2021-08-31,2021-02-26,2021-08-27,2021-02-26,2021-08-27
2021-02-26,VXUS,6,2021-08-31,2021-08-31,2021-02-26,2021-08-27,2021-02-26,2021-08-27
2021-03-31,BND,6,2021-09-30,2021-09-30,2021-03-26,2021-09-24,2021-03-26,2021-09-24
2021-03-31,DBC,6,2021-09-30,2021-09-30,2021-03-26,2021-09-24,2021-03-26,2021-09-24
2021-03-31,GLD,6,2021-09-30,2021-09-30,2021-03-26,2021-09-24,2021-03-26,2021-09-24
2021-03-31,VDE,6,2021-09-30,2021-09-30,2021-03-26,2021-09-24,2021-03-26,2021-09-24
2021-03-31,VGT,6,2021-09-30,2021-09-30,2021-03-26,2021-09-24,2021-03-26,2021-09-24
2021-03-31,VIG,6,2021-09-30,2021-09-30,2021-03-26,2021-09-24,2021-03-26,2021-09-24
2021-03-31,VMBS,6,2021-09-30,2021-09-30,2021-03-26,2021-09-24,2021-03-26,2021-09-24
2021-03-31,VOO,6,2021-09-30,2021-09-30,2021-03-26,2021-09-24,2021-03-26,2021-09-24
2021-03-31,VWO,6,2021-09-30,2021-09-30,2021-03-26,2021-09-24,2021-03-26,2021-09-24
2021-03-31,VXUS,6,2021-09-30,2021-09-30,2021-03-26,2021-09-24,2021-03-26,2021-09-24
2021-04-30,BND,6,2021-10-29,2021-10-29,2021-04-30,2021-10-29,2021-04-30,2021-10-29
2021-04-30,DBC,6,2021-10-29,2021-10-29,2021-04-30,2021-10-29,2021-04-30,2021-10-29
2021-04-30,GLD,6,2021-10-29,2021-10-29,2021-04-30,2021-10-29,2021-04-30,2021-10-29
2021-04-30,VDE,6,2021-10-29,2021-10-29,2021-04-30,2021-10-29,2021-04-30,2021-10-29
2021-04-30,VGT,6,2021-10-29,2021-10-29,2021-04-30,2021-10-29,2021-04-30,2021-10-29
2021-04-30,VIG,6,2021-10-29,2021-10-29,2021-04-30,2021-10-29,2021-04-30,2021-10-29
2021-04-30,VMBS,6,2021-10-29,2021-10-29,2021-04-30,2021-10-29,2021-04-30,2021-10-29
2021-04-30,VOO,6,2021-10-29,2021-10-29,2021-04-30,2021-10-29,2021-04-30,2021-10-29
2021-04-30,VWO,6,2021-10-29,2021-10-29,2021-04-30,2021-10-29,2021-04-30,2021-10-29
2021-04-30,VXUS,6,2021-10-29,2021-10-29,2021-04-30,2021-10-29,2021-04-30,2021-10-29
2021-05-31,BND,6,2021-11-30,2021-11-30,2021-05-28,2021-11-26,2021-05-28,2021-11-26
2021-05-31,DBC,6,2021-11-30,2021-11-30,2021-05-28,2021-11-26,2021-05-28,2021-11-26
2021-05-31,GLD,6,2021-11-30,2021-11-30,2021-05-28,2021-11-26,2021-05-28,2021-11-26
2021-05-31,VDE,6,2021-11-30,2021-11-30,2021-05-28,2021-11-26,2021-05-28,2021-11-26
2021-05-31,VGT,6,2021-11-30,2021-11-30,2021-05-28,2021-11-26,2021-05-28,2021-11-26
2021-05-31,VIG,6,2021-11-30,2021-11-30,2021-05-28,2021-11-26,2021-05-28,2021-11-26
2021-05-31,VMBS,6,2021-11-30,2021-11-30,2021-05-28,2021-11-26,2021-05-28,2021-11-26
2021-05-31,VOO,6,2021-11-30,2021-11-30,2021-05-28,2021-11-26,2021-05-28,2021-11-26
2021-05-31,VWO,6,2021-11-30,2021-11-30,2021-05-28,2021-11-26,2021-05-28,2021-11-26
2021-05-31,VXUS,6,2021-11-30,2021-11-30,2021-05-28,2021-11-26,2021-05-28,2021-11-26
2021-06-30,BND,6,2021-12-31,2021-12-31,2021-06-25,2021-12-31,2021-06-25,2021-12-31
2021-06-30,DBC,6,2021-12-31,2021-12-31,2021-06-25,2021-12-31,2021-06-25,2021-12-31
2021-06-30,GLD,6,2021-12-31,2021-12-31,2021-06-25,2021-12-31,2021-06-25,2021-12-31
2021-06-30,VDE,6,2021-12-31,2021-12-31,2021-06-25,2021-12-31,2021-06-25,2021-12-31
2021-06-30,VGT,6,2021-12-31,2021-12-31,2021-06-25,2021-12-31,2021-06-25,2021-12-31
2021-06-30,VIG,6,2021-12-31,2021-12-31,2021-06-25,2021-12-31,2021-06-25,2021-12-31
2021-06-30,VMBS,6,2021-12-31,2021-12-31,2021-06-25,2021-12-31,2021-06-25,2021-12-31
2021-06-30,VOO,6,2021-12-31,2021-12-31,2021-06-25,2021-12-31,2021-06-25,2021-12-31
2021-06-30,VWO,6,2021-12-31,2021-12-31,2021-06-25,2021-12-31,2021-06-25,2021-12-31
2021-06-30,VXUS,6,2021-12-31,2021-12-31,2021-06-25,2021-12-31,2021-06-25,2021-12-31
2021-07-30,BND,6,2022-01-31,2022-01-31,2021-07-30,2022-01-28,2021-07-30,2022-01-28
2021-07-30,DBC,6,2022-01-31,2022-01-31,2021-07-30,2022-01-28,2021-07-30,2022-01-28
2021-07-30,GLD,6,2022-01-31,2022-01-31,2021-07-30,2022-01-28,2021-07-30,2022-01-28
2021-07-30,VDE,6,2022-01-31,2022-01-31,2021-07-30,2022-01-28,2021-07-30,2022-01-28
2021-07-30,VGT,6,2022-01-31,2022-01-31,2021-07-30,2022-01-28,2021-07-30,2022-01-28
2021-07-30,VIG,6,2022-01-31,2022-01-31,2021-07-30,2022-01-28,2021-07-30,2022-01-28
2021-07-30,VMBS,6,2022-01-31,2022-01-31,2021-07-30,2022-01-28,2021-07-30,2022-01-28
2021-07-30,VOO,6,2022-01-31,2022-01-31,2021-07-30,2022-01-28,2021-07-30,2022-01-28
2021-07-30,VWO,6,2022-01-31,2022-01-31,2021-07-30,2022-01-28,2021-07-30,2022-01-28
2021-07-30,VXUS,6,2022-01-31,2022-01-31,2021-07-30,2022-01-28,2021-07-30,2022-01-28
2021-08-31,BND,6,2022-02-28,2022-02-28,2021-08-27,2022-02-25,2021-08-27,2022-02-25
2021-08-31,DBC,6,2022-02-28,2022-02-28,2021-08-27,2022-02-25,2021-08-27,2022-02-25
2021-08-31,GLD,6,2022-02-28,2022-02-28,2021-08-27,2022-02-25,2021-08-27,2022-02-25
2021-08-31,VDE,6,2022-02-28,2022-02-28,2021-08-27,2022-02-25,2021-08-27,2022-02-25
2021-08-31,VGT,6,2022-02-28,2022-02-28,2021-08-27,2022-02-25,2021-08-27,2022-02-25
2021-08-31,VIG,6,2022-02-28,2022-02-28,2021-08-27,2022-02-25,2021-08-27,2022-02-25
2021-08-31,VMBS,6,2022-02-28,2022-02-28,2021-08-27,2022-02-25,2021-08-27,2022-02-25
2021-08-31,VOO,6,2022-02-28,2022-02-28,2021-08-27,2022-02-25,2021-08-27,2022-02-25
2021-08-31,VWO,6,2022-02-28,2022-02-28,2021-08-27,2022-02-25,2021-08-27,2022-02-25
2021-08-31,VXUS,6,2022-02-28,2022-02-28,2021-08-27,2022-02-25,2021-08-27,2022-02-25
2021-09-30,BND,6,2022-03-31,2022-03-31,2021-09-24,2022-03-25,2021-09-24,2022-03-25
2021-09-30,DBC,6,2022-03-31,2022-03-31,2021-09-24,2022-03-25,2021-09-24,2022-03-25
2021-09-30,GLD,6,2022-03-31,2022-03-31,2021-09-24,2022-03-25,2021-09-24,2022-03-25
2021-09-30,VDE,6,2022-03-31,2022-03-31,2021-09-24,2022-03-25,2021-09-24,2022-03-25
2021-09-30,VGT,6,2022-03-31,2022-03-31,2021-09-24,2022-03-25,2021-09-24,2022-03-25
2021-09-30,VIG,6,2022-03-31,2022-03-31,2021-09-24,2022-03-25,2021-09-24,2022-03-25
2021-09-30,VMBS,6,2022-03-31,2022-03-31,2021-09-24,2022-03-25,2021-09-24,2022-03-25
2021-09-30,VOO,6,2022-03-31,2022-03-31,2021-09-24,2022-03-25,2021-09-24,2022-03-25
2021-09-30,VWO,6,2022-03-31,2022-03-31,2021-09-24,2022-03-25,2021-09-24,2022-03-25
2021-09-30,VXUS,6,2022-03-31,2022-03-31,2021-09-24,2022-03-25,2021-09-24,2022-03-25
2021-10-29,BND,6,2022-04-29,2022-04-29,2021-10-29,2022-04-29,2021-10-29,2022-04-29
2021-10-29,DBC,6,2022-04-29,2022-04-29,2021-10-29,2022-04-29,2021-10-29,2022-04-29
2021-10-29,GLD,6,2022-04-29,2022-04-29,2021-10-29,2022-04-29,2021-10-29,2022-04-29
2021-10-29,VDE,6,2022-04-29,2022-04-29,2021-10-29,2022-04-29,2021-10-29,2022-04-29
2021-10-29,VGT,6,2022-04-29,2022-04-29,2021-10-29,2022-04-29,2021-10-29,2022-04-29
2021-10-29,VIG,6,2022-04-29,2022-04-29,2021-10-29,2022-04-29,2021-10-29,2022-04-29
2021-10-29,VMBS,6,2022-04-29,2022-04-29,2021-10-29,2022-04-29,2021-10-29,2022-04-29
2021-10-29,VOO,6,2022-04-29,2022-04-29,2021-10-29,2022-04-29,2021-10-29,2022-04-29
2021-10-29,VWO,6,2022-04-29,2022-04-29,2021-10-29,2022-04-29,2021-10-29,2022-04-29
2021-10-29,VXUS,6,2022-04-29,2022-04-29,2021-10-29,2022-04-29,2021-10-29,2022-04-29
2021-11-30,BND,6,2022-05-31,2022-05-31,2021-11-26,2022-05-27,2021-11-26,2022-05-27
2021-11-30,DBC,6,2022-05-31,2022-05-31,2021-11-26,2022-05-27,2021-11-26,2022-05-27
2021-11-30,GLD,6,2022-05-31,2022-05-31,2021-11-26,2022-05-27,2021-11-26,2022-05-27
2021-11-30,VDE,6,2022-05-31,2022-05-31,2021-11-26,2022-05-27,2021-11-26,2022-05-27
2021-11-30,VGT,6,2022-05-31,2022-05-31,2021-11-26,2022-05-27,2021-11-26,2022-05-27
2021-11-30,VIG,6,2022-05-31,2022-05-31,2021-11-26,2022-05-27,2021-11-26,2022-05-27
2021-11-30,VMBS,6,2022-05-31,2022-05-31,2021-11-26,2022-05-27,2021-11-26,2022-05-27
2021-11-30,VOO,6,2022-05-31,2022-05-31,2021-11-26,2022-05-27,2021-11-26,2022-05-27
2021-11-30,VWO,6,2022-05-31,2022-05-31,2021-11-26,2022-05-27,2021-11-26,2022-05-27
2021-11-30,VXUS,6,2022-05-31,2022-05-31,2021-11-26,2022-05-27,2021-11-26,2022-05-27
2021-12-31,BND,6,2022-06-30,2022-06-30,2021-12-31,2022-06-24,2021-12-31,2022-06-24
2021-12-31,DBC,6,2022-06-30,2022-06-30,2021-12-31,2022-06-24,2021-12-31,2022-06-24
2021-12-31,GLD,6,2022-06-30,2022-06-30,2021-12-31,2022-06-24,2021-12-31,2022-06-24
2021-12-31,VDE,6,2022-06-30,2022-06-30,2021-12-31,2022-06-24,2021-12-31,2022-06-24
2021-12-31,VGT,6,2022-06-30,2022-06-30,2021-12-31,2022-06-24,2021-12-31,2022-06-24
2021-12-31,VIG,6,2022-06-30,2022-06-30,2021-12-31,2022-06-24,2021-12-31,2022-06-24
2021-12-31,VMBS,6,2022-06-30,2022-06-30,2021-12-31,2022-06-24,2021-12-31,2022-06-24
2021-12-31,VOO,6,2022-06-30,2022-06-30,2021-12-31,2022-06-24,2021-12-31,2022-06-24
2021-12-31,VWO,6,2022-06-30,2022-06-30,2021-12-31,2022-06-24,2021-12-31,2022-06-24
2021-12-31,VXUS,6,2022-06-30,2022-06-30,2021-12-31,2022-06-24,2021-12-31,2022-06-24
2022-01-31,BND,6,2022-07-29,2022-07-29,2022-01-28,2022-07-29,2022-01-28,2022-07-29
2022-01-31,DBC,6,2022-07-29,2022-07-29,2022-01-28,2022-07-29,2022-01-28,2022-07-29
2022-01-31,GLD,6,2022-07-29,2022-07-29,2022-01-28,2022-07-29,2022-01-28,2022-07-29
2022-01-31,VDE,6,2022-07-29,2022-07-29,2022-01-28,2022-07-29,2022-01-28,2022-07-29
2022-01-31,VGT,6,2022-07-29,2022-07-29,2022-01-28,2022-07-29,2022-01-28,2022-07-29
2022-01-31,VIG,6,2022-07-29,2022-07-29,2022-01-28,2022-07-29,2022-01-28,2022-07-29
2022-01-31,VMBS,6,2022-07-29,2022-07-29,2022-01-28,2022-07-29,2022-01-28,2022-07-29
2022-01-31,VOO,6,2022-07-29,2022-07-29,2022-01-28,2022-07-29,2022-01-28,2022-07-29
2022-01-31,VWO,6,2022-07-29,2022-07-29,2022-01-28,2022-07-29,2022-01-28,2022-07-29
2022-01-31,VXUS,6,2022-07-29,2022-07-29,2022-01-28,2022-07-29,2022-01-28,2022-07-29
2022-02-28,BND,6,2022-08-31,2022-08-31,2022-02-25,2022-08-26,2022-02-25,2022-08-26
2022-02-28,DBC,6,2022-08-31,2022-08-31,2022-02-25,2022-08-26,2022-02-25,2022-08-26
2022-02-28,GLD,6,2022-08-31,2022-08-31,2022-02-25,2022-08-26,2022-02-25,2022-08-26
2022-02-28,VDE,6,2022-08-31,2022-08-31,2022-02-25,2022-08-26,2022-02-25,2022-08-26
2022-02-28,VGT,6,2022-08-31,2022-08-31,2022-02-25,2022-08-26,2022-02-25,2022-08-26
2022-02-28,VIG,6,2022-08-31,2022-08-31,2022-02-25,2022-08-26,2022-02-25,2022-08-26
2022-02-28,VMBS,6,2022-08-31,2022-08-31,2022-02-25,2022-08-26,2022-02-25,2022-08-26
2022-02-28,VOO,6,2022-08-31,2022-08-31,2022-02-25,2022-08-26,2022-02-25,2022-08-26
2022-02-28,VWO,6,2022-08-31,2022-08-31,2022-02-25,2022-08-26,2022-02-25,2022-08-26
2022-02-28,VXUS,6,2022-08-31,2022-08-31,2022-02-25,2022-08-26,2022-02-25,2022-08-26
2022-03-31,BND,6,2022-09-30,2022-09-30,2022-03-25,2022-09-30,2022-03-25,2022-09-30
2022-03-31,DBC,6,2022-09-30,2022-09-30,2022-03-25,2022-09-30,2022-03-25,2022-09-30
2022-03-31,GLD,6,2022-09-30,2022-09-30,2022-03-25,2022-09-30,2022-03-25,2022-09-30
2022-03-31,VDE,6,2022-09-30,2022-09-30,2022-03-25,2022-09-30,2022-03-25,2022-09-30
2022-03-31,VGT,6,2022-09-30,2022-09-30,2022-03-25,2022-09-30,2022-03-25,2022-09-30
2022-03-31,VIG,6,2022-09-30,2022-09-30,2022-03-25,2022-09-30,2022-03-25,2022-09-30
2022-03-31,VMBS,6,2022-09-30,2022-09-30,2022-03-25,2022-09-30,2022-03-25,2022-09-30
2022-03-31,VOO,6,2022-09-30,2022-09-30,2022-03-25,2022-09-30,2022-03-25,2022-09-30
2022-03-31,VWO,6,2022-09-30,2022-09-30,2022-03-25,2022-09-30,2022-03-25,2022-09-30
2022-03-31,VXUS,6,2022-09-30,2022-09-30,2022-03-25,2022-09-30,2022-03-25,2022-09-30
2022-04-29,BND,6,2022-10-31,2022-10-31,2022-04-29,2022-10-28,2022-04-29,2022-10-28
2022-04-29,DBC,6,2022-10-31,2022-10-31,2022-04-29,2022-10-28,2022-04-29,2022-10-28
2022-04-29,GLD,6,2022-10-31,2022-10-31,2022-04-29,2022-10-28,2022-04-29,2022-10-28
2022-04-29,VDE,6,2022-10-31,2022-10-31,2022-04-29,2022-10-28,2022-04-29,2022-10-28
2022-04-29,VGT,6,2022-10-31,2022-10-31,2022-04-29,2022-10-28,2022-04-29,2022-10-28
2022-04-29,VIG,6,2022-10-31,2022-10-31,2022-04-29,2022-10-28,2022-04-29,2022-10-28
2022-04-29,VMBS,6,2022-10-31,2022-10-31,2022-04-29,2022-10-28,2022-04-29,2022-10-28
2022-04-29,VOO,6,2022-10-31,2022-10-31,2022-04-29,2022-10-28,2022-04-29,2022-10-28
2022-04-29,VWO,6,2022-10-31,2022-10-31,2022-04-29,2022-10-28,2022-04-29,2022-10-28
2022-04-29,VXUS,6,2022-10-31,2022-10-31,2022-04-29,2022-10-28,2022-04-29,2022-10-28
2022-05-31,BND,6,2022-11-30,2022-11-30,2022-05-27,2022-11-25,2022-05-27,2022-11-25
2022-05-31,DBC,6,2022-11-30,2022-11-30,2022-05-27,2022-11-25,2022-05-27,2022-11-25
2022-05-31,GLD,6,2022-11-30,2022-11-30,2022-05-27,2022-11-25,2022-05-27,2022-11-25
2022-05-31,VDE,6,2022-11-30,2022-11-30,2022-05-27,2022-11-25,2022-05-27,2022-11-25
2022-05-31,VGT,6,2022-11-30,2022-11-30,2022-05-27,2022-11-25,2022-05-27,2022-11-25
2022-05-31,VIG,6,2022-11-30,2022-11-30,2022-05-27,2022-11-25,2022-05-27,2022-11-25
2022-05-31,VMBS,6,2022-11-30,2022-11-30,2022-05-27,2022-11-25,2022-05-27,2022-11-25
2022-05-31,VOO,6,2022-11-30,2022-11-30,2022-05-27,2022-11-25,2022-05-27,2022-11-25
2022-05-31,VWO,6,2022-11-30,2022-11-30,2022-05-27,2022-11-25,2022-05-27,2022-11-25
2022-05-31,VXUS,6,2022-11-30,2022-11-30,2022-05-27,2022-11-25,2022-05-27,2022-11-25
2022-06-30,BND,6,2022-12-30,2022-12-30,2022-06-24,2022-12-30,2022-06-24,2022-12-30
2022-06-30,DBC,6,2022-12-30,2022-12-30,2022-06-24,2022-12-30,2022-06-24,2022-12-30
2022-06-30,GLD,6,2022-12-30,2022-12-30,2022-06-24,2022-12-30,2022-06-24,2022-12-30
2022-06-30,VDE,6,2022-12-30,2022-12-30,2022-06-24,2022-12-30,2022-06-24,2022-12-30
2022-06-30,VGT,6,2022-12-30,2022-12-30,2022-06-24,2022-12-30,2022-06-24,2022-12-30
2022-06-30,VIG,6,2022-12-30,2022-12-30,2022-06-24,2022-12-30,2022-06-24,2022-12-30
2022-06-30,VMBS,6,2022-12-30,2022-12-30,2022-06-24,2022-12-30,2022-06-24,2022-12-30
2022-06-30,VOO,6,2022-12-30,2022-12-30,2022-06-24,2022-12-30,2022-06-24,2022-12-30
2022-06-30,VWO,6,2022-12-30,2022-12-30,2022-06-24,2022-12-30,2022-06-24,2022-12-30
2022-06-30,VXUS,6,2022-12-30,2022-12-30,2022-06-24,2022-12-30,2022-06-24,2022-12-30
2022-07-29,BND,6,2023-01-31,2023-01-31,2022-07-29,2023-01-27,2022-07-29,2023-01-27
2022-07-29,DBC,6,2023-01-31,2023-01-31,2022-07-29,2023-01-27,2022-07-29,2023-01-27
2022-07-29,GLD,6,2023-01-31,2023-01-31,2022-07-29,2023-01-27,2022-07-29,2023-01-27
2022-07-29,VDE,6,2023-01-31,2023-01-31,2022-07-29,2023-01-27,2022-07-29,2023-01-27
2022-07-29,VGT,6,2023-01-31,2023-01-31,2022-07-29,2023-01-27,2022-07-29,2023-01-27
2022-07-29,VIG,6,2023-01-31,2023-01-31,2022-07-29,2023-01-27,2022-07-29,2023-01-27
2022-07-29,VMBS,6,2023-01-31,2023-01-31,2022-07-29,2023-01-27,2022-07-29,2023-01-27
2022-07-29,VOO,6,2023-01-31,2023-01-31,2022-07-29,2023-01-27,2022-07-29,2023-01-27
2022-07-29,VWO,6,2023-01-31,2023-01-31,2022-07-29,2023-01-27,2022-07-29,2023-01-27
2022-07-29,VXUS,6,2023-01-31,2023-01-31,2022-07-29,2023-01-27,2022-07-29,2023-01-27
2022-08-31,BND,6,2023-02-28,2023-02-28,2022-08-26,2023-02-24,2022-08-26,2023-02-24
2022-08-31,DBC,6,2023-02-28,2023-02-28,2022-08-26,2023-02-24,2022-08-26,2023-02-24
2022-08-31,GLD,6,2023-02-28,2023-02-28,2022-08-26,2023-02-24,2022-08-26,2023-02-24
2022-08-31,VDE,6,2023-02-28,2023-02-28,2022-08-26,2023-02-24,2022-08-26,2023-02-24
2022-08-31,VGT,6,2023-02-28,2023-02-28,2022-08-26,2023-02-24,2022-08-26,2023-02-24
2022-08-31,VIG,6,2023-02-28,2023-02-28,2022-08-26,2023-02-24,2022-08-26,2023-02-24
2022-08-31,VMBS,6,2023-02-28,2023-02-28,2022-08-26,2023-02-24,2022-08-26,2023-02-24
2022-08-31,VOO,6,2023-02-28,2023-02-28,2022-08-26,2023-02-24,2022-08-26,2023-02-24
2022-08-31,VWO,6,2023-02-28,2023-02-28,2022-08-26,2023-02-24,2022-08-26,2023-02-24
2022-08-31,VXUS,6,2023-02-28,2023-02-28,2022-08-26,2023-02-24,2022-08-26,2023-02-24
2022-09-30,BND,6,2023-03-31,2023-03-31,2022-09-30,2023-03-31,2022-09-30,2023-03-31
2022-09-30,DBC,6,2023-03-31,2023-03-31,2022-09-30,2023-03-31,2022-09-30,2023-03-31
2022-09-30,GLD,6,2023-03-31,2023-03-31,2022-09-30,2023-03-31,2022-09-30,2023-03-31
2022-09-30,VDE,6,2023-03-31,2023-03-31,2022-09-30,2023-03-31,2022-09-30,2023-03-31
2022-09-30,VGT,6,2023-03-31,2023-03-31,2022-09-30,2023-03-31,2022-09-30,2023-03-31
2022-09-30,VIG,6,2023-03-31,2023-03-31,2022-09-30,2023-03-31,2022-09-30,2023-03-31
2022-09-30,VMBS,6,2023-03-31,2023-03-31,2022-09-30,2023-03-31,2022-09-30,2023-03-31
2022-09-30,VOO,6,2023-03-31,2023-03-31,2022-09-30,2023-03-31,2022-09-30,2023-03-31
2022-09-30,VWO,6,2023-03-31,2023-03-31,2022-09-30,2023-03-31,2022-09-30,2023-03-31
2022-09-30,VXUS,6,2023-03-31,2023-03-31,2022-09-30,2023-03-31,2022-09-30,2023-03-31
2022-10-31,BND,6,2023-04-28,2023-04-28,2022-10-28,2023-04-28,2022-10-28,2023-04-28
2022-10-31,DBC,6,2023-04-28,2023-04-28,2022-10-28,2023-04-28,2022-10-28,2023-04-28
2022-10-31,GLD,6,2023-04-28,2023-04-28,2022-10-28,2023-04-28,2022-10-28,2023-04-28
2022-10-31,VDE,6,2023-04-28,2023-04-28,2022-10-28,2023-04-28,2022-10-28,2023-04-28
2022-10-31,VGT,6,2023-04-28,2023-04-28,2022-10-28,2023-04-28,2022-10-28,2023-04-28
2022-10-31,VIG,6,2023-04-28,2023-04-28,2022-10-28,2023-04-28,2022-10-28,2023-04-28
2022-10-31,VMBS,6,2023-04-28,2023-04-28,2022-10-28,2023-04-28,2022-10-28,2023-04-28
2022-10-31,VOO,6,2023-04-28,2023-04-28,2022-10-28,2023-04-28,2022-10-28,2023-04-28
2022-10-31,VWO,6,2023-04-28,2023-04-28,2022-10-28,2023-04-28,2022-10-28,2023-04-28
2022-10-31,VXUS,6,2023-04-28,2023-04-28,2022-10-28,2023-04-28,2022-10-28,2023-04-28
2022-11-30,BND,6,2023-05-31,2023-05-31,2022-11-25,2023-05-26,2022-11-25,2023-05-26
2022-11-30,DBC,6,2023-05-31,2023-05-31,2022-11-25,2023-05-26,2022-11-25,2023-05-26
2022-11-30,GLD,6,2023-05-31,2023-05-31,2022-11-25,2023-05-26,2022-11-25,2023-05-26
2022-11-30,VDE,6,2023-05-31,2023-05-31,2022-11-25,2023-05-26,2022-11-25,2023-05-26
2022-11-30,VGT,6,2023-05-31,2023-05-31,2022-11-25,2023-05-26,2022-11-25,2023-05-26
2022-11-30,VIG,6,2023-05-31,2023-05-31,2022-11-25,2023-05-26,2022-11-25,2023-05-26
2022-11-30,VMBS,6,2023-05-31,2023-05-31,2022-11-25,2023-05-26,2022-11-25,2023-05-26
2022-11-30,VOO,6,2023-05-31,2023-05-31,2022-11-25,2023-05-26,2022-11-25,2023-05-26
2022-11-30,VWO,6,2023-05-31,2023-05-31,2022-11-25,2023-05-26,2022-11-25,2023-05-26
2022-11-30,VXUS,6,2023-05-31,2023-05-31,2022-11-25,2023-05-26,2022-11-25,2023-05-26
2022-12-30,BND,6,2023-06-30,2023-06-30,2022-12-30,2023-06-30,2022-12-30,2023-06-30
2022-12-30,DBC,6,2023-06-30,2023-06-30,2022-12-30,2023-06-30,2022-12-30,2023-06-30
2022-12-30,GLD,6,2023-06-30,2023-06-30,2022-12-30,2023-06-30,2022-12-30,2023-06-30
2022-12-30,VDE,6,2023-06-30,2023-06-30,2022-12-30,2023-06-30,2022-12-30,2023-06-30
2022-12-30,VGT,6,2023-06-30,2023-06-30,2022-12-30,2023-06-30,2022-12-30,2023-06-30
2022-12-30,VIG,6,2023-06-30,2023-06-30,2022-12-30,2023-06-30,2022-12-30,2023-06-30
2022-12-30,VMBS,6,2023-06-30,2023-06-30,2022-12-30,2023-06-30,2022-12-30,2023-06-30
2022-12-30,VOO,6,2023-06-30,2023-06-30,2022-12-30,2023-06-30,2022-12-30,2023-06-30
2022-12-30,VWO,6,2023-06-30,2023-06-30,2022-12-30,2023-06-30,2022-12-30,2023-06-30
2022-12-30,VXUS,6,2023-06-30,2023-06-30,2022-12-30,2023-06-30,2022-12-30,2023-06-30
2023-01-31,BND,6,2023-07-31,2023-07-31,2023-01-27,2023-07-28,2023-01-27,2023-07-28
2023-01-31,DBC,6,2023-07-31,2023-07-31,2023-01-27,2023-07-28,2023-01-27,2023-07-28
2023-01-31,GLD,6,2023-07-31,2023-07-31,2023-01-27,2023-07-28,2023-01-27,2023-07-28
2023-01-31,VDE,6,2023-07-31,2023-07-31,2023-01-27,2023-07-28,2023-01-27,2023-07-28
2023-01-31,VGT,6,2023-07-31,2023-07-31,2023-01-27,2023-07-28,2023-01-27,2023-07-28
2023-01-31,VIG,6,2023-07-31,2023-07-31,2023-01-27,2023-07-28,2023-01-27,2023-07-28
2023-01-31,VMBS,6,2023-07-31,2023-07-31,2023-01-27,2023-07-28,2023-01-27,2023-07-28
2023-01-31,VOO,6,2023-07-31,2023-07-31,2023-01-27,2023-07-28,2023-01-27,2023-07-28
2023-01-31,VWO,6,2023-07-31,2023-07-31,2023-01-27,2023-07-28,2023-01-27,2023-07-28
2023-01-31,VXUS,6,2023-07-31,2023-07-31,2023-01-27,2023-07-28,2023-01-27,2023-07-28
2023-02-28,BND,6,2023-08-31,2023-08-31,2023-02-24,2023-08-25,2023-02-24,2023-08-25
2023-02-28,DBC,6,2023-08-31,2023-08-31,2023-02-24,2023-08-25,2023-02-24,2023-08-25
2023-02-28,GLD,6,2023-08-31,2023-08-31,2023-02-24,2023-08-25,2023-02-24,2023-08-25
2023-02-28,VDE,6,2023-08-31,2023-08-31,2023-02-24,2023-08-25,2023-02-24,2023-08-25
2023-02-28,VGT,6,2023-08-31,2023-08-31,2023-02-24,2023-08-25,2023-02-24,2023-08-25
2023-02-28,VIG,6,2023-08-31,2023-08-31,2023-02-24,2023-08-25,2023-02-24,2023-08-25
2023-02-28,VMBS,6,2023-08-31,2023-08-31,2023-02-24,2023-08-25,2023-02-24,2023-08-25
2023-02-28,VOO,6,2023-08-31,2023-08-31,2023-02-24,2023-08-25,2023-02-24,2023-08-25
2023-02-28,VWO,6,2023-08-31,2023-08-31,2023-02-24,2023-08-25,2023-02-24,2023-08-25
2023-02-28,VXUS,6,2023-08-31,2023-08-31,2023-02-24,2023-08-25,2023-02-24,2023-08-25
2004-02-27,VGT,12,2005-02-28,2005-02-28,2004-02-27,2005-02-25,2004-02-27,2005-02-25
2004-03-31,VGT,12,2005-03-31,2005-03-31,2004-03-26,2005-03-24,2004-03-26,2005-03-24
2004-04-30,VGT,12,2005-04-29,2005-04-29,2004-04-30,2005-04-29,2004-04-30,2005-04-29
2004-05-31,VGT,12,2005-05-31,2005-05-31,2004-05-28,2005-05-27,2004-05-28,2005-05-27
2004-06-30,VGT,12,2005-06-30,2005-06-30,2004-06-25,2005-06-24,2004-06-25,2005-06-24
2004-07-30,VGT,12,2005-07-29,2005-07-29,2004-07-30,2005-07-29,2004-07-30,2005-07-29
2004-08-31,VGT,12,2005-08-31,2005-08-31,2004-08-27,2005-08-26,2004-08-27,2005-08-26
2004-09-30,VGT,12,2005-09-30,2005-09-30,2004-09-24,2005-09-30,2004-09-24,2005-09-30
2004-10-29,VDE,12,2005-10-31,2005-10-31,2004-10-29,2005-10-28,2004-10-29,2005-10-28
2004-10-29,VGT,12,2005-10-31,2005-10-31,2004-10-29,2005-10-28,2004-10-29,2005-10-28
2004-11-30,GLD,12,2005-11-30,2005-11-30,2004-11-26,2005-11-25,2004-11-26,2005-11-25
2004-11-30,VDE,12,2005-11-30,2005-11-30,2004-11-26,2005-11-25,2004-11-26,2005-11-25
2004-11-30,VGT,12,2005-11-30,2005-11-30,2004-11-26,2005-11-25,2004-11-26,2005-11-25
2004-12-31,GLD,12,2005-12-30,2005-12-30,2004-12-31,2005-12-30,2004-12-31,2005-12-30
2004-12-31,VDE,12,2005-12-30,2005-12-30,2004-12-31,2005-12-30,2004-12-31,2005-12-30
2004-12-31,VGT,12,2005-12-30,2005-12-30,2004-12-31,2005-12-30,2004-12-31,2005-12-30
2005-01-31,GLD,12,2006-01-31,2006-01-31,2005-01-28,2006-01-27,2005-01-28,2006-01-27
2005-01-31,VDE,12,2006-01-31,2006-01-31,2005-01-28,2006-01-27,2005-01-28,2006-01-27
2005-01-31,VGT,12,2006-01-31,2006-01-31,2005-01-28,2006-01-27,2005-01-28,2006-01-27
2005-02-28,GLD,12,2006-02-28,2006-02-28,2005-02-25,2006-02-24,2005-02-25,2006-02-24
2005-02-28,VDE,12,2006-02-28,2006-02-28,2005-02-25,2006-02-24,2005-02-25,2006-02-24
2005-02-28,VGT,12,2006-02-28,2006-02-28,2005-02-25,2006-02-24,2005-02-25,2006-02-24
2005-03-31,GLD,12,2006-03-31,2006-03-31,2005-03-24,2006-03-31,2005-03-24,2006-03-31
2005-03-31,VDE,12,2006-03-31,2006-03-31,2005-03-24,2006-03-31,2005-03-24,2006-03-31
2005-03-31,VGT,12,2006-03-31,2006-03-31,2005-03-24,2006-03-31,2005-03-24,2006-03-31
2005-03-31,VWO,12,2006-03-31,2006-03-31,2005-03-24,2006-03-31,2005-03-24,2006-03-31
2005-04-29,GLD,12,2006-04-28,2006-04-28,2005-04-29,2006-04-28,2005-04-29,2006-04-28
2005-04-29,VDE,12,2006-04-28,2006-04-28,2005-04-29,2006-04-28,2005-04-29,2006-04-28
2005-04-29,VGT,12,2006-04-28,2006-04-28,2005-04-29,2006-04-28,2005-04-29,2006-04-28
2005-04-29,VWO,12,2006-04-28,2006-04-28,2005-04-29,2006-04-28,2005-04-29,2006-04-28
2005-05-31,GLD,12,2006-05-31,2006-05-31,2005-05-27,2006-05-26,2005-05-27,2006-05-26
2005-05-31,VDE,12,2006-05-31,2006-05-31,2005-05-27,2006-05-26,2005-05-27,2006-05-26
2005-05-31,VGT,12,2006-05-31,2006-05-31,2005-05-27,2006-05-26,2005-05-27,2006-05-26
2005-05-31,VWO,12,2006-05-31,2006-05-31,2005-05-27,2006-05-26,2005-05-27,2006-05-26
2005-06-30,GLD,12,2006-06-30,2006-06-30,2005-06-24,2006-06-30,2005-06-24,2006-06-30
2005-06-30,VDE,12,2006-06-30,2006-06-30,2005-06-24,2006-06-30,2005-06-24,2006-06-30
2005-06-30,VGT,12,2006-06-30,2006-06-30,2005-06-24,2006-06-30,2005-06-24,2006-06-30
2005-06-30,VWO,12,2006-06-30,2006-06-30,2005-06-24,2006-06-30,2005-06-24,2006-06-30
2005-07-29,GLD,12,2006-07-31,2006-07-31,2005-07-29,2006-07-28,2005-07-29,2006-07-28
2005-07-29,VDE,12,2006-07-31,2006-07-31,2005-07-29,2006-07-28,2005-07-29,2006-07-28
2005-07-29,VGT,12,2006-07-31,2006-07-31,2005-07-29,2006-07-28,2005-07-29,2006-07-28
2005-07-29,VWO,12,2006-07-31,2006-07-31,2005-07-29,2006-07-28,2005-07-29,2006-07-28
2005-08-31,GLD,12,2006-08-31,2006-08-31,2005-08-26,2006-08-25,2005-08-26,2006-08-25
2005-08-31,VDE,12,2006-08-31,2006-08-31,2005-08-26,2006-08-25,2005-08-26,2006-08-25
2005-08-31,VGT,12,2006-08-31,2006-08-31,2005-08-26,2006-08-25,2005-08-26,2006-08-25
2005-08-31,VWO,12,2006-08-31,2006-08-31,2005-08-26,2006-08-25,2005-08-26,2006-08-25
2005-09-30,GLD,12,2006-09-29,2006-09-29,2005-09-30,2006-09-29,2005-09-30,2006-09-29
2005-09-30,VDE,12,2006-09-29,2006-09-29,2005-09-30,2006-09-29,2005-09-30,2006-09-29
2005-09-30,VGT,12,2006-09-29,2006-09-29,2005-09-30,2006-09-29,2005-09-30,2006-09-29
2005-09-30,VWO,12,2006-09-29,2006-09-29,2005-09-30,2006-09-29,2005-09-30,2006-09-29
2005-10-31,GLD,12,2006-10-31,2006-10-31,2005-10-28,2006-10-27,2005-10-28,2006-10-27
2005-10-31,VDE,12,2006-10-31,2006-10-31,2005-10-28,2006-10-27,2005-10-28,2006-10-27
2005-10-31,VGT,12,2006-10-31,2006-10-31,2005-10-28,2006-10-27,2005-10-28,2006-10-27
2005-10-31,VWO,12,2006-10-31,2006-10-31,2005-10-28,2006-10-27,2005-10-28,2006-10-27
2005-11-30,GLD,12,2006-11-30,2006-11-30,2005-11-25,2006-11-24,2005-11-25,2006-11-24
2005-11-30,VDE,12,2006-11-30,2006-11-30,2005-11-25,2006-11-24,2005-11-25,2006-11-24
2005-11-30,VGT,12,2006-11-30,2006-11-30,2005-11-25,2006-11-24,2005-11-25,2006-11-24
2005-11-30,VWO,12,2006-11-30,2006-11-30,2005-11-25,2006-11-24,2005-11-25,2006-11-24
2005-12-30,GLD,12,2006-12-29,2006-12-29,2005-12-30,2006-12-29,2005-12-30,2006-12-29
2005-12-30,VDE,12,2006-12-29,2006-12-29,2005-12-30,2006-12-29,2005-12-30,2006-12-29
2005-12-30,VGT,12,2006-12-29,2006-12-29,2005-12-30,2006-12-29,2005-12-30,2006-12-29
2005-12-30,VWO,12,2006-12-29,2006-12-29,2005-12-30,2006-12-29,2005-12-30,2006-12-29
2006-01-31,GLD,12,2007-01-31,2007-01-31,2006-01-27,2007-01-26,2006-01-27,2007-01-26
2006-01-31,VDE,12,2007-01-31,2007-01-31,2006-01-27,2007-01-26,2006-01-27,2007-01-26
2006-01-31,VGT,12,2007-01-31,2007-01-31,2006-01-27,2007-01-26,2006-01-27,2007-01-26
2006-01-31,VWO,12,2007-01-31,2007-01-31,2006-01-27,2007-01-26,2006-01-27,2007-01-26
2006-02-28,DBC,12,2007-02-28,2007-02-28,2006-02-24,2007-02-23,2006-02-24,2007-02-23
2006-02-28,GLD,12,2007-02-28,2007-02-28,2006-02-24,2007-02-23,2006-02-24,2007-02-23
2006-02-28,VDE,12,2007-02-28,2007-02-28,2006-02-24,2007-02-23,2006-02-24,2007-02-23
2006-02-28,VGT,12,2007-02-28,2007-02-28,2006-02-24,2007-02-23,2006-02-24,2007-02-23
2006-02-28,VWO,12,2007-02-28,2007-02-28,2006-02-24,2007-02-23,2006-02-24,2007-02-23
2006-03-31,DBC,12,2007-03-30,2007-03-30,2006-03-31,2007-03-30,2006-03-31,2007-03-30
2006-03-31,GLD,12,2007-03-30,2007-03-30,2006-03-31,2007-03-30,2006-03-31,2007-03-30
2006-03-31,VDE,12,2007-03-30,2007-03-30,2006-03-31,2007-03-30,2006-03-31,2007-03-30
2006-03-31,VGT,12,2007-03-30,2007-03-30,2006-03-31,2007-03-30,2006-03-31,2007-03-30
2006-03-31,VWO,12,2007-03-30,2007-03-30,2006-03-31,2007-03-30,2006-03-31,2007-03-30
2006-04-28,DBC,12,2007-04-30,2007-04-30,2006-04-28,2007-04-27,2006-04-28,2007-04-27
2006-04-28,GLD,12,2007-04-30,2007-04-30,2006-04-28,2007-04-27,2006-04-28,2007-04-27
2006-04-28,VDE,12,2007-04-30,2007-04-30,2006-04-28,2007-04-27,2006-04-28,2007-04-27
2006-04-28,VGT,12,2007-04-30,2007-04-30,2006-04-28,2007-04-27,2006-04-28,2007-04-27
2006-04-28,VWO,12,2007-04-30,2007-04-30,2006-04-28,2007-04-27,2006-04-28,2007-04-27
2006-05-31,DBC,12,2007-05-31,2007-05-31,2006-05-26,2007-05-25,2006-05-26,2007-05-25
2006-05-31,GLD,12,2007-05-31,2007-05-31,2006-05-26,2007-05-25,2006-05-26,2007-05-25
2006-05-31,VDE,12,2007-05-31,2007-05-31,2006-05-26,2007-05-25,2006-05-26,2007-05-25
2006-05-31,VGT,12,2007-05-31,2007-05-31,2006-05-26,2007-05-25,2006-05-26,2007-05-25
2006-05-31,VIG,12,2007-05-31,2007-05-31,2006-05-26,2007-05-25,2006-05-26,2007-05-25
2006-05-31,VWO,12,2007-05-31,2007-05-31,2006-05-26,2007-05-25,2006-05-26,2007-05-25
2006-06-30,DBC,12,2007-06-29,2007-06-29,2006-06-30,2007-06-29,2006-06-30,2007-06-29
2006-06-30,GLD,12,2007-06-29,2007-06-29,2006-06-30,2007-06-29,2006-06-30,2007-06-29
2006-06-30,VDE,12,2007-06-29,2007-06-29,2006-06-30,2007-06-29,2006-06-30,2007-06-29
2006-06-30,VGT,12,2007-06-29,2007-06-29,2006-06-30,2007-06-29,2006-06-30,2007-06-29
2006-06-30,VIG,12,2007-06-29,2007-06-29,2006-06-30,2007-06-29,2006-06-30,2007-06-29
2006-06-30,VWO,12,2007-06-29,2007-06-29,2006-06-30,2007-06-29,2006-06-30,2007-06-29
2006-07-31,DBC,12,2007-07-31,2007-07-31,2006-07-28,2007-07-27,2006-07-28,2007-07-27
2006-07-31,GLD,12,2007-07-31,2007-07-31,2006-07-28,2007-07-27,2006-07-28,2007-07-27
2006-07-31,VDE,12,2007-07-31,2007-07-31,2006-07-28,2007-07-27,2006-07-28,2007-07-27
2006-07-31,VGT,12,2007-07-31,2007-07-31,2006-07-28,2007-07-27,2006-07-28,2007-07-27
2006-07-31,VIG,12,2007-07-31,2007-07-31,2006-07-28,2007-07-27,2006-07-28,2007-07-27
2006-07-31,VWO,12,2007-07-31,2007-07-31,2006-07-28,2007-07-27,2006-07-28,2007-07-27
2006-08-31,DBC,12,2007-08-31,2007-08-31,2006-08-25,2007-08-31,2006-08-25,2007-08-31
2006-08-31,GLD,12,2007-08-31,2007-08-31,2006-08-25,2007-08-31,2006-08-25,2007-08-31
2006-08-31,VDE,12,2007-08-31,2007-08-31,2006-08-25,2007-08-31,2006-08-25,2007-08-31
2006-08-31,VGT,12,2007-08-31,2007-08-31,2006-08-25,2007-08-31,2006-08-25,2007-08-31
2006-08-31,VIG,12,2007-08-31,2007-08-31,2006-08-25,2007-08-31,2006-08-25,2007-08-31
2006-08-31,VWO,12,2007-08-31,2007-08-31,2006-08-25,2007-08-31,2006-08-25,2007-08-31
2006-09-29,DBC,12,2007-09-28,2007-09-28,2006-09-29,2007-09-28,2006-09-29,2007-09-28
2006-09-29,GLD,12,2007-09-28,2007-09-28,2006-09-29,2007-09-28,2006-09-29,2007-09-28
2006-09-29,VDE,12,2007-09-28,2007-09-28,2006-09-29,2007-09-28,2006-09-29,2007-09-28
2006-09-29,VGT,12,2007-09-28,2007-09-28,2006-09-29,2007-09-28,2006-09-29,2007-09-28
2006-09-29,VIG,12,2007-09-28,2007-09-28,2006-09-29,2007-09-28,2006-09-29,2007-09-28
2006-09-29,VWO,12,2007-09-28,2007-09-28,2006-09-29,2007-09-28,2006-09-29,2007-09-28
2006-10-31,DBC,12,2007-10-31,2007-10-31,2006-10-27,2007-10-26,2006-10-27,2007-10-26
2006-10-31,GLD,12,2007-10-31,2007-10-31,2006-10-27,2007-10-26,2006-10-27,2007-10-26
2006-10-31,VDE,12,2007-10-31,2007-10-31,2006-10-27,2007-10-26,2006-10-27,2007-10-26
2006-10-31,VGT,12,2007-10-31,2007-10-31,2006-10-27,2007-10-26,2006-10-27,2007-10-26
2006-10-31,VIG,12,2007-10-31,2007-10-31,2006-10-27,2007-10-26,2006-10-27,2007-10-26
2006-10-31,VWO,12,2007-10-31,2007-10-31,2006-10-27,2007-10-26,2006-10-27,2007-10-26
2006-11-30,DBC,12,2007-11-30,2007-11-30,2006-11-24,2007-11-30,2006-11-24,2007-11-30
2006-11-30,GLD,12,2007-11-30,2007-11-30,2006-11-24,2007-11-30,2006-11-24,2007-11-30
2006-11-30,VDE,12,2007-11-30,2007-11-30,2006-11-24,2007-11-30,2006-11-24,2007-11-30
2006-11-30,VGT,12,2007-11-30,2007-11-30,2006-11-24,2007-11-30,2006-11-24,2007-11-30
2006-11-30,VIG,12,2007-11-30,2007-11-30,2006-11-24,2007-11-30,2006-11-24,2007-11-30
2006-11-30,VWO,12,2007-11-30,2007-11-30,2006-11-24,2007-11-30,2006-11-24,2007-11-30
2006-12-29,DBC,12,2007-12-31,2007-12-31,2006-12-29,2007-12-28,2006-12-29,2007-12-28
2006-12-29,GLD,12,2007-12-31,2007-12-31,2006-12-29,2007-12-28,2006-12-29,2007-12-28
2006-12-29,VDE,12,2007-12-31,2007-12-31,2006-12-29,2007-12-28,2006-12-29,2007-12-28
2006-12-29,VGT,12,2007-12-31,2007-12-31,2006-12-29,2007-12-28,2006-12-29,2007-12-28
2006-12-29,VIG,12,2007-12-31,2007-12-31,2006-12-29,2007-12-28,2006-12-29,2007-12-28
2006-12-29,VWO,12,2007-12-31,2007-12-31,2006-12-29,2007-12-28,2006-12-29,2007-12-28
2007-01-31,DBC,12,2008-01-31,2008-01-31,2007-01-26,2008-01-25,2007-01-26,2008-01-25
2007-01-31,GLD,12,2008-01-31,2008-01-31,2007-01-26,2008-01-25,2007-01-26,2008-01-25
2007-01-31,VDE,12,2008-01-31,2008-01-31,2007-01-26,2008-01-25,2007-01-26,2008-01-25
2007-01-31,VGT,12,2008-01-31,2008-01-31,2007-01-26,2008-01-25,2007-01-26,2008-01-25
2007-01-31,VIG,12,2008-01-31,2008-01-31,2007-01-26,2008-01-25,2007-01-26,2008-01-25
2007-01-31,VWO,12,2008-01-31,2008-01-31,2007-01-26,2008-01-25,2007-01-26,2008-01-25
2007-02-28,DBC,12,2008-02-29,2008-02-29,2007-02-23,2008-02-29,2007-02-23,2008-02-29
2007-02-28,GLD,12,2008-02-29,2008-02-29,2007-02-23,2008-02-29,2007-02-23,2008-02-29
2007-02-28,VDE,12,2008-02-29,2008-02-29,2007-02-23,2008-02-29,2007-02-23,2008-02-29
2007-02-28,VGT,12,2008-02-29,2008-02-29,2007-02-23,2008-02-29,2007-02-23,2008-02-29
2007-02-28,VIG,12,2008-02-29,2008-02-29,2007-02-23,2008-02-29,2007-02-23,2008-02-29
2007-02-28,VWO,12,2008-02-29,2008-02-29,2007-02-23,2008-02-29,2007-02-23,2008-02-29
2007-03-30,DBC,12,2008-03-31,2008-03-31,2007-03-30,2008-03-28,2007-03-30,2008-03-28
2007-03-30,GLD,12,2008-03-31,2008-03-31,2007-03-30,2008-03-28,2007-03-30,2008-03-28
2007-03-30,VDE,12,2008-03-31,2008-03-31,2007-03-30,2008-03-28,2007-03-30,2008-03-28
2007-03-30,VGT,12,2008-03-31,2008-03-31,2007-03-30,2008-03-28,2007-03-30,2008-03-28
2007-03-30,VIG,12,2008-03-31,2008-03-31,2007-03-30,2008-03-28,2007-03-30,2008-03-28
2007-03-30,VWO,12,2008-03-31,2008-03-31,2007-03-30,2008-03-28,2007-03-30,2008-03-28
2007-04-30,BND,12,2008-04-30,2008-04-30,2007-04-27,2008-04-25,2007-04-27,2008-04-25
2007-04-30,DBC,12,2008-04-30,2008-04-30,2007-04-27,2008-04-25,2007-04-27,2008-04-25
2007-04-30,GLD,12,2008-04-30,2008-04-30,2007-04-27,2008-04-25,2007-04-27,2008-04-25
2007-04-30,VDE,12,2008-04-30,2008-04-30,2007-04-27,2008-04-25,2007-04-27,2008-04-25
2007-04-30,VGT,12,2008-04-30,2008-04-30,2007-04-27,2008-04-25,2007-04-27,2008-04-25
2007-04-30,VIG,12,2008-04-30,2008-04-30,2007-04-27,2008-04-25,2007-04-27,2008-04-25
2007-04-30,VWO,12,2008-04-30,2008-04-30,2007-04-27,2008-04-25,2007-04-27,2008-04-25
2007-05-31,BND,12,2008-05-30,2008-05-30,2007-05-25,2008-05-30,2007-05-25,2008-05-30
2007-05-31,DBC,12,2008-05-30,2008-05-30,2007-05-25,2008-05-30,2007-05-25,2008-05-30
2007-05-31,GLD,12,2008-05-30,2008-05-30,2007-05-25,2008-05-30,2007-05-25,2008-05-30
2007-05-31,VDE,12,2008-05-30,2008-05-30,2007-05-25,2008-05-30,2007-05-25,2008-05-30
2007-05-31,VGT,12,2008-05-30,2008-05-30,2007-05-25,2008-05-30,2007-05-25,2008-05-30
2007-05-31,VIG,12,2008-05-30,2008-05-30,2007-05-25,2008-05-30,2007-05-25,2008-05-30
2007-05-31,VWO,12,2008-05-30,2008-05-30,2007-05-25,2008-05-30,2007-05-25,2008-05-30
2007-06-29,BND,12,2008-06-30,2008-06-30,2007-06-29,2008-06-27,2007-06-29,2008-06-27
2007-06-29,DBC,12,2008-06-30,2008-06-30,2007-06-29,2008-06-27,2007-06-29,2008-06-27
2007-06-29,GLD,12,2008-06-30,2008-06-30,2007-06-29,2008-06-27,2007-06-29,2008-06-27
2007-06-29,VDE,12,2008-06-30,2008-06-30,2007-06-29,2008-06-27,2007-06-29,2008-06-27
2007-06-29,VGT,12,2008-06-30,2008-06-30,2007-06-29,2008-06-27,2007-06-29,2008-06-27
2007-06-29,VIG,12,2008-06-30,2008-06-30,2007-06-29,2008-06-27,2007-06-29,2008-06-27
2007-06-29,VWO,12,2008-06-30,2008-06-30,2007-06-29,2008-06-27,2007-06-29,2008-06-27
2007-07-31,BND,12,2008-07-31,2008-07-31,2007-07-27,2008-07-25,2007-07-27,2008-07-25
2007-07-31,DBC,12,2008-07-31,2008-07-31,2007-07-27,2008-07-25,2007-07-27,2008-07-25
2007-07-31,GLD,12,2008-07-31,2008-07-31,2007-07-27,2008-07-25,2007-07-27,2008-07-25
2007-07-31,VDE,12,2008-07-31,2008-07-31,2007-07-27,2008-07-25,2007-07-27,2008-07-25
2007-07-31,VGT,12,2008-07-31,2008-07-31,2007-07-27,2008-07-25,2007-07-27,2008-07-25
2007-07-31,VIG,12,2008-07-31,2008-07-31,2007-07-27,2008-07-25,2007-07-27,2008-07-25
2007-07-31,VWO,12,2008-07-31,2008-07-31,2007-07-27,2008-07-25,2007-07-27,2008-07-25
2007-08-31,BND,12,2008-08-29,2008-08-29,2007-08-31,2008-08-29,2007-08-31,2008-08-29
2007-08-31,DBC,12,2008-08-29,2008-08-29,2007-08-31,2008-08-29,2007-08-31,2008-08-29
2007-08-31,GLD,12,2008-08-29,2008-08-29,2007-08-31,2008-08-29,2007-08-31,2008-08-29
2007-08-31,VDE,12,2008-08-29,2008-08-29,2007-08-31,2008-08-29,2007-08-31,2008-08-29
2007-08-31,VGT,12,2008-08-29,2008-08-29,2007-08-31,2008-08-29,2007-08-31,2008-08-29
2007-08-31,VIG,12,2008-08-29,2008-08-29,2007-08-31,2008-08-29,2007-08-31,2008-08-29
2007-08-31,VWO,12,2008-08-29,2008-08-29,2007-08-31,2008-08-29,2007-08-31,2008-08-29
2007-09-28,BND,12,2008-09-30,2008-09-30,2007-09-28,2008-09-26,2007-09-28,2008-09-26
2007-09-28,DBC,12,2008-09-30,2008-09-30,2007-09-28,2008-09-26,2007-09-28,2008-09-26
2007-09-28,GLD,12,2008-09-30,2008-09-30,2007-09-28,2008-09-26,2007-09-28,2008-09-26
2007-09-28,VDE,12,2008-09-30,2008-09-30,2007-09-28,2008-09-26,2007-09-28,2008-09-26
2007-09-28,VGT,12,2008-09-30,2008-09-30,2007-09-28,2008-09-26,2007-09-28,2008-09-26
2007-09-28,VIG,12,2008-09-30,2008-09-30,2007-09-28,2008-09-26,2007-09-28,2008-09-26
2007-09-28,VWO,12,2008-09-30,2008-09-30,2007-09-28,2008-09-26,2007-09-28,2008-09-26
2007-10-31,BND,12,2008-10-31,2008-10-31,2007-10-26,2008-10-31,2007-10-26,2008-10-31
2007-10-31,DBC,12,2008-10-31,2008-10-31,2007-10-26,2008-10-31,2007-10-26,2008-10-31
2007-10-31,GLD,12,2008-10-31,2008-10-31,2007-10-26,2008-10-31,2007-10-26,2008-10-31
2007-10-31,VDE,12,2008-10-31,2008-10-31,2007-10-26,2008-10-31,2007-10-26,2008-10-31
2007-10-31,VGT,12,2008-10-31,2008-10-31,2007-10-26,2008-10-31,2007-10-26,2008-10-31
2007-10-31,VIG,12,2008-10-31,2008-10-31,2007-10-26,2008-10-31,2007-10-26,2008-10-31
2007-10-31,VWO,12,2008-10-31,2008-10-31,2007-10-26,2008-10-31,2007-10-26,2008-10-31
2007-11-30,BND,12,2008-11-28,2008-11-28,2007-11-30,2008-11-28,2007-11-30,2008-11-28
2007-11-30,DBC,12,2008-11-28,2008-11-28,2007-11-30,2008-11-28,2007-11-30,2008-11-28
2007-11-30,GLD,12,2008-11-28,2008-11-28,2007-11-30,2008-11-28,2007-11-30,2008-11-28
2007-11-30,VDE,12,2008-11-28,2008-11-28,2007-11-30,2008-11-28,2007-11-30,2008-11-28
2007-11-30,VGT,12,2008-11-28,2008-11-28,2007-11-30,2008-11-28,2007-11-30,2008-11-28
2007-11-30,VIG,12,2008-11-28,2008-11-28,2007-11-30,2008-11-28,2007-11-30,2008-11-28
2007-11-30,VWO,12,2008-11-28,2008-11-28,2007-11-30,2008-11-28,2007-11-30,2008-11-28
2007-12-31,BND,12,2008-12-31,2008-12-31,2007-12-28,2008-12-26,2007-12-28,2008-12-26
2007-12-31,DBC,12,2008-12-31,2008-12-31,2007-12-28,2008-12-26,2007-12-28,2008-12-26
2007-12-31,GLD,12,2008-12-31,2008-12-31,2007-12-28,2008-12-26,2007-12-28,2008-12-26
2007-12-31,VDE,12,2008-12-31,2008-12-31,2007-12-28,2008-12-26,2007-12-28,2008-12-26
2007-12-31,VGT,12,2008-12-31,2008-12-31,2007-12-28,2008-12-26,2007-12-28,2008-12-26
2007-12-31,VIG,12,2008-12-31,2008-12-31,2007-12-28,2008-12-26,2007-12-28,2008-12-26
2007-12-31,VWO,12,2008-12-31,2008-12-31,2007-12-28,2008-12-26,2007-12-28,2008-12-26
2008-01-31,BND,12,2009-01-30,2009-01-30,2008-01-25,2009-01-30,2008-01-25,2009-01-30
2008-01-31,DBC,12,2009-01-30,2009-01-30,2008-01-25,2009-01-30,2008-01-25,2009-01-30
2008-01-31,GLD,12,2009-01-30,2009-01-30,2008-01-25,2009-01-30,2008-01-25,2009-01-30
2008-01-31,VDE,12,2009-01-30,2009-01-30,2008-01-25,2009-01-30,2008-01-25,2009-01-30
2008-01-31,VGT,12,2009-01-30,2009-01-30,2008-01-25,2009-01-30,2008-01-25,2009-01-30
2008-01-31,VIG,12,2009-01-30,2009-01-30,2008-01-25,2009-01-30,2008-01-25,2009-01-30
2008-01-31,VWO,12,2009-01-30,2009-01-30,2008-01-25,2009-01-30,2008-01-25,2009-01-30
2008-02-29,BND,12,2009-02-27,2009-02-27,2008-02-29,2009-02-27,2008-02-29,2009-02-27
2008-02-29,DBC,12,2009-02-27,2009-02-27,2008-02-29,2009-02-27,2008-02-29,2009-02-27
2008-02-29,GLD,12,2009-02-27,2009-02-27,2008-02-29,2009-02-27,2008-02-29,2009-02-27
2008-02-29,VDE,12,2009-02-27,2009-02-27,2008-02-29,2009-02-27,2008-02-29,2009-02-27
2008-02-29,VGT,12,2009-02-27,2009-02-27,2008-02-29,2009-02-27,2008-02-29,2009-02-27
2008-02-29,VIG,12,2009-02-27,2009-02-27,2008-02-29,2009-02-27,2008-02-29,2009-02-27
2008-02-29,VWO,12,2009-02-27,2009-02-27,2008-02-29,2009-02-27,2008-02-29,2009-02-27
2008-03-31,BND,12,2009-03-31,2009-03-31,2008-03-28,2009-03-27,2008-03-28,2009-03-27
2008-03-31,DBC,12,2009-03-31,2009-03-31,2008-03-28,2009-03-27,2008-03-28,2009-03-27
2008-03-31,GLD,12,2009-03-31,2009-03-31,2008-03-28,2009-03-27,2008-03-28,2009-03-27
2008-03-31,VDE,12,2009-03-31,2009-03-31,2008-03-28,2009-03-27,2008-03-28,2009-03-27
2008-03-31,VGT,12,2009-03-31,2009-03-31,2008-03-28,2009-03-27,2008-03-28,2009-03-27
2008-03-31,VIG,12,2009-03-31,2009-03-31,2008-03-28,2009-03-27,2008-03-28,2009-03-27
2008-03-31,VWO,12,2009-03-31,2009-03-31,2008-03-28,2009-03-27,2008-03-28,2009-03-27
2008-04-30,BND,12,2009-04-30,2009-04-30,2008-04-25,2009-04-24,2008-04-25,2009-04-24
2008-04-30,DBC,12,2009-04-30,2009-04-30,2008-04-25,2009-04-24,2008-04-25,2009-04-24
2008-04-30,GLD,12,2009-04-30,2009-04-30,2008-04-25,2009-04-24,2008-04-25,2009-04-24
2008-04-30,VDE,12,2009-04-30,2009-04-30,2008-04-25,2009-04-24,2008-04-25,2009-04-24
2008-04-30,VGT,12,2009-04-30,2009-04-30,2008-04-25,2009-04-24,2008-04-25,2009-04-24
2008-04-30,VIG,12,2009-04-30,2009-04-30,2008-04-25,2009-04-24,2008-04-25,2009-04-24
2008-04-30,VWO,12,2009-04-30,2009-04-30,2008-04-25,2009-04-24,2008-04-25,2009-04-24
2008-05-30,BND,12,2009-05-29,2009-05-29,2008-05-30,2009-05-29,2008-05-30,2009-05-29
2008-05-30,DBC,12,2009-05-29,2009-05-29,2008-05-30,2009-05-29,2008-05-30,2009-05-29
2008-05-30,GLD,12,2009-05-29,2009-05-29,2008-05-30,2009-05-29,2008-05-30,2009-05-29
2008-05-30,VDE,12,2009-05-29,2009-05-29,2008-05-30,2009-05-29,2008-05-30,2009-05-29
2008-05-30,VGT,12,2009-05-29,2009-05-29,2008-05-30,2009-05-29,2008-05-30,2009-05-29
2008-05-30,VIG,12,2009-05-29,2009-05-29,2008-05-30,2009-05-29,2008-05-30,2009-05-29
2008-05-30,VWO,12,2009-05-29,2009-05-29,2008-05-30,2009-05-29,2008-05-30,2009-05-29
2008-06-30,BND,12,2009-06-30,2009-06-30,2008-06-27,2009-06-26,2008-06-27,2009-06-26
2008-06-30,DBC,12,2009-06-30,2009-06-30,2008-06-27,2009-06-26,2008-06-27,2009-06-26
2008-06-30,GLD,12,2009-06-30,2009-06-30,2008-06-27,2009-06-26,2008-06-27,2009-06-26
2008-06-30,VDE,12,2009-06-30,2009-06-30,2008-06-27,2009-06-26,2008-06-27,2009-06-26
2008-06-30,VGT,12,2009-06-30,2009-06-30,2008-06-27,2009-06-26,2008-06-27,2009-06-26
2008-06-30,VIG,12,2009-06-30,2009-06-30,2008-06-27,2009-06-26,2008-06-27,2009-06-26
2008-06-30,VWO,12,2009-06-30,2009-06-30,2008-06-27,2009-06-26,2008-06-27,2009-06-26
2008-07-31,BND,12,2009-07-31,2009-07-31,2008-07-25,2009-07-31,2008-07-25,2009-07-31
2008-07-31,DBC,12,2009-07-31,2009-07-31,2008-07-25,2009-07-31,2008-07-25,2009-07-31
2008-07-31,GLD,12,2009-07-31,2009-07-31,2008-07-25,2009-07-31,2008-07-25,2009-07-31
2008-07-31,VDE,12,2009-07-31,2009-07-31,2008-07-25,2009-07-31,2008-07-25,2009-07-31
2008-07-31,VGT,12,2009-07-31,2009-07-31,2008-07-25,2009-07-31,2008-07-25,2009-07-31
2008-07-31,VIG,12,2009-07-31,2009-07-31,2008-07-25,2009-07-31,2008-07-25,2009-07-31
2008-07-31,VWO,12,2009-07-31,2009-07-31,2008-07-25,2009-07-31,2008-07-25,2009-07-31
2008-08-29,BND,12,2009-08-31,2009-08-31,2008-08-29,2009-08-28,2008-08-29,2009-08-28
2008-08-29,DBC,12,2009-08-31,2009-08-31,2008-08-29,2009-08-28,2008-08-29,2009-08-28
2008-08-29,GLD,12,2009-08-31,2009-08-31,2008-08-29,2009-08-28,2008-08-29,2009-08-28
2008-08-29,VDE,12,2009-08-31,2009-08-31,2008-08-29,2009-08-28,2008-08-29,2009-08-28
2008-08-29,VGT,12,2009-08-31,2009-08-31,2008-08-29,2009-08-28,2008-08-29,2009-08-28
2008-08-29,VIG,12,2009-08-31,2009-08-31,2008-08-29,2009-08-28,2008-08-29,2009-08-28
2008-08-29,VWO,12,2009-08-31,2009-08-31,2008-08-29,2009-08-28,2008-08-29,2009-08-28
2008-09-30,BND,12,2009-09-30,2009-09-30,2008-09-26,2009-09-25,2008-09-26,2009-09-25
2008-09-30,DBC,12,2009-09-30,2009-09-30,2008-09-26,2009-09-25,2008-09-26,2009-09-25
2008-09-30,GLD,12,2009-09-30,2009-09-30,2008-09-26,2009-09-25,2008-09-26,2009-09-25
2008-09-30,VDE,12,2009-09-30,2009-09-30,2008-09-26,2009-09-25,2008-09-26,2009-09-25
2008-09-30,VGT,12,2009-09-30,2009-09-30,2008-09-26,2009-09-25,2008-09-26,2009-09-25
2008-09-30,VIG,12,2009-09-30,2009-09-30,2008-09-26,2009-09-25,2008-09-26,2009-09-25
2008-09-30,VWO,12,2009-09-30,2009-09-30,2008-09-26,2009-09-25,2008-09-26,2009-09-25
2008-10-31,BND,12,2009-10-30,2009-10-30,2008-10-31,2009-10-30,2008-10-31,2009-10-30
2008-10-31,DBC,12,2009-10-30,2009-10-30,2008-10-31,2009-10-30,2008-10-31,2009-10-30
2008-10-31,GLD,12,2009-10-30,2009-10-30,2008-10-31,2009-10-30,2008-10-31,2009-10-30
2008-10-31,VDE,12,2009-10-30,2009-10-30,2008-10-31,2009-10-30,2008-10-31,2009-10-30
2008-10-31,VGT,12,2009-10-30,2009-10-30,2008-10-31,2009-10-30,2008-10-31,2009-10-30
2008-10-31,VIG,12,2009-10-30,2009-10-30,2008-10-31,2009-10-30,2008-10-31,2009-10-30
2008-10-31,VWO,12,2009-10-30,2009-10-30,2008-10-31,2009-10-30,2008-10-31,2009-10-30
2008-11-28,BND,12,2009-11-30,2009-11-30,2008-11-28,2009-11-27,2008-11-28,2009-11-27
2008-11-28,DBC,12,2009-11-30,2009-11-30,2008-11-28,2009-11-27,2008-11-28,2009-11-27
2008-11-28,GLD,12,2009-11-30,2009-11-30,2008-11-28,2009-11-27,2008-11-28,2009-11-27
2008-11-28,VDE,12,2009-11-30,2009-11-30,2008-11-28,2009-11-27,2008-11-28,2009-11-27
2008-11-28,VGT,12,2009-11-30,2009-11-30,2008-11-28,2009-11-27,2008-11-28,2009-11-27
2008-11-28,VIG,12,2009-11-30,2009-11-30,2008-11-28,2009-11-27,2008-11-28,2009-11-27
2008-11-28,VWO,12,2009-11-30,2009-11-30,2008-11-28,2009-11-27,2008-11-28,2009-11-27
2008-12-31,BND,12,2009-12-31,2009-12-31,2008-12-26,2009-12-31,2008-12-26,2009-12-31
2008-12-31,DBC,12,2009-12-31,2009-12-31,2008-12-26,2009-12-31,2008-12-26,2009-12-31
2008-12-31,GLD,12,2009-12-31,2009-12-31,2008-12-26,2009-12-31,2008-12-26,2009-12-31
2008-12-31,VDE,12,2009-12-31,2009-12-31,2008-12-26,2009-12-31,2008-12-26,2009-12-31
2008-12-31,VGT,12,2009-12-31,2009-12-31,2008-12-26,2009-12-31,2008-12-26,2009-12-31
2008-12-31,VIG,12,2009-12-31,2009-12-31,2008-12-26,2009-12-31,2008-12-26,2009-12-31
2008-12-31,VWO,12,2009-12-31,2009-12-31,2008-12-26,2009-12-31,2008-12-26,2009-12-31
2009-01-30,BND,12,2010-01-29,2010-01-29,2009-01-30,2010-01-29,2009-01-30,2010-01-29
2009-01-30,DBC,12,2010-01-29,2010-01-29,2009-01-30,2010-01-29,2009-01-30,2010-01-29
2009-01-30,GLD,12,2010-01-29,2010-01-29,2009-01-30,2010-01-29,2009-01-30,2010-01-29
2009-01-30,VDE,12,2010-01-29,2010-01-29,2009-01-30,2010-01-29,2009-01-30,2010-01-29
2009-01-30,VGT,12,2010-01-29,2010-01-29,2009-01-30,2010-01-29,2009-01-30,2010-01-29
2009-01-30,VIG,12,2010-01-29,2010-01-29,2009-01-30,2010-01-29,2009-01-30,2010-01-29
2009-01-30,VWO,12,2010-01-29,2010-01-29,2009-01-30,2010-01-29,2009-01-30,2010-01-29
2009-02-27,BND,12,2010-02-26,2010-02-26,2009-02-27,2010-02-26,2009-02-27,2010-02-26
2009-02-27,DBC,12,2010-02-26,2010-02-26,2009-02-27,2010-02-26,2009-02-27,2010-02-26
2009-02-27,GLD,12,2010-02-26,2010-02-26,2009-02-27,2010-02-26,2009-02-27,2010-02-26
2009-02-27,VDE,12,2010-02-26,2010-02-26,2009-02-27,2010-02-26,2009-02-27,2010-02-26
2009-02-27,VGT,12,2010-02-26,2010-02-26,2009-02-27,2010-02-26,2009-02-27,2010-02-26
2009-02-27,VIG,12,2010-02-26,2010-02-26,2009-02-27,2010-02-26,2009-02-27,2010-02-26
2009-02-27,VWO,12,2010-02-26,2010-02-26,2009-02-27,2010-02-26,2009-02-27,2010-02-26
2009-03-31,BND,12,2010-03-31,2010-03-31,2009-03-27,2010-03-26,2009-03-27,2010-03-26
2009-03-31,DBC,12,2010-03-31,2010-03-31,2009-03-27,2010-03-26,2009-03-27,2010-03-26
2009-03-31,GLD,12,2010-03-31,2010-03-31,2009-03-27,2010-03-26,2009-03-27,2010-03-26
2009-03-31,VDE,12,2010-03-31,2010-03-31,2009-03-27,2010-03-26,2009-03-27,2010-03-26
2009-03-31,VGT,12,2010-03-31,2010-03-31,2009-03-27,2010-03-26,2009-03-27,2010-03-26
2009-03-31,VIG,12,2010-03-31,2010-03-31,2009-03-27,2010-03-26,2009-03-27,2010-03-26
2009-03-31,VWO,12,2010-03-31,2010-03-31,2009-03-27,2010-03-26,2009-03-27,2010-03-26
2009-04-30,BND,12,2010-04-30,2010-04-30,2009-04-24,2010-04-30,2009-04-24,2010-04-30
2009-04-30,DBC,12,2010-04-30,2010-04-30,2009-04-24,2010-04-30,2009-04-24,2010-04-30
2009-04-30,GLD,12,2010-04-30,2010-04-30,2009-04-24,2010-04-30,2009-04-24,2010-04-30
2009-04-30,VDE,12,2010-04-30,2010-04-30,2009-04-24,2010-04-30,2009-04-24,2010-04-30
2009-04-30,VGT,12,2010-04-30,2010-04-30,2009-04-24,2010-04-30,2009-04-24,2010-04-30
2009-04-30,VIG,12,2010-04-30,2010-04-30,2009-04-24,2010-04-30,2009-04-24,2010-04-30
2009-04-30,VWO,12,2010-04-30,2010-04-30,2009-04-24,2010-04-30,2009-04-24,2010-04-30
2009-05-29,BND,12,2010-05-31,2010-05-31,2009-05-29,2010-05-28,2009-05-29,2010-05-28
2009-05-29,DBC,12,2010-05-31,2010-05-31,2009-05-29,2010-05-28,2009-05-29,2010-05-28
2009-05-29,GLD,12,2010-05-31,2010-05-31,2009-05-29,2010-05-28,2009-05-29,2010-05-28
2009-05-29,VDE,12,2010-05-31,2010-05-31,2009-05-29,2010-05-28,2009-05-29,2010-05-28
2009-05-29,VGT,12,2010-05-31,2010-05-31,2009-05-29,2010-05-28,2009-05-29,2010-05-28
2009-05-29,VIG,12,2010-05-31,2010-05-31,2009-05-29,2010-05-28,2009-05-29,2010-05-28
2009-05-29,VWO,12,2010-05-31,2010-05-31,2009-05-29,2010-05-28,2009-05-29,2010-05-28
2009-06-30,BND,12,2010-06-30,2010-06-30,2009-06-26,2010-06-25,2009-06-26,2010-06-25
2009-06-30,DBC,12,2010-06-30,2010-06-30,2009-06-26,2010-06-25,2009-06-26,2010-06-25
2009-06-30,GLD,12,2010-06-30,2010-06-30,2009-06-26,2010-06-25,2009-06-26,2010-06-25
2009-06-30,VDE,12,2010-06-30,2010-06-30,2009-06-26,2010-06-25,2009-06-26,2010-06-25
2009-06-30,VGT,12,2010-06-30,2010-06-30,2009-06-26,2010-06-25,2009-06-26,2010-06-25
2009-06-30,VIG,12,2010-06-30,2010-06-30,2009-06-26,2010-06-25,2009-06-26,2010-06-25
2009-06-30,VWO,12,2010-06-30,2010-06-30,2009-06-26,2010-06-25,2009-06-26,2010-06-25
2009-07-31,BND,12,2010-07-30,2010-07-30,2009-07-31,2010-07-30,2009-07-31,2010-07-30
2009-07-31,DBC,12,2010-07-30,2010-07-30,2009-07-31,2010-07-30,2009-07-31,2010-07-30
2009-07-31,GLD,12,2010-07-30,2010-07-30,2009-07-31,2010-07-30,2009-07-31,2010-07-30
2009-07-31,VDE,12,2010-07-30,2010-07-30,2009-07-31,2010-07-30,2009-07-31,2010-07-30
2009-07-31,VGT,12,2010-07-30,2010-07-30,2009-07-31,2010-07-30,2009-07-31,2010-07-30
2009-07-31,VIG,12,2010-07-30,2010-07-30,2009-07-31,2010-07-30,2009-07-31,2010-07-30
2009-07-31,VWO,12,2010-07-30,2010-07-30,2009-07-31,2010-07-30,2009-07-31,2010-07-30
2009-08-31,BND,12,2010-08-31,2010-08-31,2009-08-28,2010-08-27,2009-08-28,2010-08-27
2009-08-31,DBC,12,2010-08-31,2010-08-31,2009-08-28,2010-08-27,2009-08-28,2010-08-27
2009-08-31,GLD,12,2010-08-31,2010-08-31,2009-08-28,2010-08-27,2009-08-28,2010-08-27
2009-08-31,VDE,12,2010-08-31,2010-08-31,2009-08-28,2010-08-27,2009-08-28,2010-08-27
2009-08-31,VGT,12,2010-08-31,2010-08-31,2009-08-28,2010-08-27,2009-08-28,2010-08-27
2009-08-31,VIG,12,2010-08-31,2010-08-31,2009-08-28,2010-08-27,2009-08-28,2010-08-27
2009-08-31,VWO,12,2010-08-31,2010-08-31,2009-08-28,2010-08-27,2009-08-28,2010-08-27
2009-09-30,BND,12,2010-09-30,2010-09-30,2009-09-25,2010-09-24,2009-09-25,2010-09-24
2009-09-30,DBC,12,2010-09-30,2010-09-30,2009-09-25,2010-09-24,2009-09-25,2010-09-24
2009-09-30,GLD,12,2010-09-30,2010-09-30,2009-09-25,2010-09-24,2009-09-25,2010-09-24
2009-09-30,VDE,12,2010-09-30,2010-09-30,2009-09-25,2010-09-24,2009-09-25,2010-09-24
2009-09-30,VGT,12,2010-09-30,2010-09-30,2009-09-25,2010-09-24,2009-09-25,2010-09-24
2009-09-30,VIG,12,2010-09-30,2010-09-30,2009-09-25,2010-09-24,2009-09-25,2010-09-24
2009-09-30,VWO,12,2010-09-30,2010-09-30,2009-09-25,2010-09-24,2009-09-25,2010-09-24
2009-10-30,BND,12,2010-10-29,2010-10-29,2009-10-30,2010-10-29,2009-10-30,2010-10-29
2009-10-30,DBC,12,2010-10-29,2010-10-29,2009-10-30,2010-10-29,2009-10-30,2010-10-29
2009-10-30,GLD,12,2010-10-29,2010-10-29,2009-10-30,2010-10-29,2009-10-30,2010-10-29
2009-10-30,VDE,12,2010-10-29,2010-10-29,2009-10-30,2010-10-29,2009-10-30,2010-10-29
2009-10-30,VGT,12,2010-10-29,2010-10-29,2009-10-30,2010-10-29,2009-10-30,2010-10-29
2009-10-30,VIG,12,2010-10-29,2010-10-29,2009-10-30,2010-10-29,2009-10-30,2010-10-29
2009-10-30,VWO,12,2010-10-29,2010-10-29,2009-10-30,2010-10-29,2009-10-30,2010-10-29
2009-11-30,BND,12,2010-11-30,2010-11-30,2009-11-27,2010-11-26,2009-11-27,2010-11-26
2009-11-30,DBC,12,2010-11-30,2010-11-30,2009-11-27,2010-11-26,2009-11-27,2010-11-26
2009-11-30,GLD,12,2010-11-30,2010-11-30,2009-11-27,2010-11-26,2009-11-27,2010-11-26
2009-11-30,VDE,12,2010-11-30,2010-11-30,2009-11-27,2010-11-26,2009-11-27,2010-11-26
2009-11-30,VGT,12,2010-11-30,2010-11-30,2009-11-27,2010-11-26,2009-11-27,2010-11-26
2009-11-30,VIG,12,2010-11-30,2010-11-30,2009-11-27,2010-11-26,2009-11-27,2010-11-26
2009-11-30,VWO,12,2010-11-30,2010-11-30,2009-11-27,2010-11-26,2009-11-27,2010-11-26
2009-12-31,BND,12,2010-12-31,2010-12-31,2009-12-31,2010-12-31,2009-12-31,2010-12-31
2009-12-31,DBC,12,2010-12-31,2010-12-31,2009-12-31,2010-12-31,2009-12-31,2010-12-31
2009-12-31,GLD,12,2010-12-31,2010-12-31,2009-12-31,2010-12-31,2009-12-31,2010-12-31
2009-12-31,VDE,12,2010-12-31,2010-12-31,2009-12-31,2010-12-31,2009-12-31,2010-12-31
2009-12-31,VGT,12,2010-12-31,2010-12-31,2009-12-31,2010-12-31,2009-12-31,2010-12-31
2009-12-31,VIG,12,2010-12-31,2010-12-31,2009-12-31,2010-12-31,2009-12-31,2010-12-31
2009-12-31,VMBS,12,2010-12-31,2010-12-31,2009-12-31,2010-12-31,2009-12-31,2010-12-31
2009-12-31,VWO,12,2010-12-31,2010-12-31,2009-12-31,2010-12-31,2009-12-31,2010-12-31
2010-01-29,BND,12,2011-01-31,2011-01-31,2010-01-29,2011-01-28,2010-01-29,2011-01-28
2010-01-29,DBC,12,2011-01-31,2011-01-31,2010-01-29,2011-01-28,2010-01-29,2011-01-28
2010-01-29,GLD,12,2011-01-31,2011-01-31,2010-01-29,2011-01-28,2010-01-29,2011-01-28
2010-01-29,VDE,12,2011-01-31,2011-01-31,2010-01-29,2011-01-28,2010-01-29,2011-01-28
2010-01-29,VGT,12,2011-01-31,2011-01-31,2010-01-29,2011-01-28,2010-01-29,2011-01-28
2010-01-29,VIG,12,2011-01-31,2011-01-31,2010-01-29,2011-01-28,2010-01-29,2011-01-28
2010-01-29,VMBS,12,2011-01-31,2011-01-31,2010-01-29,2011-01-28,2010-01-29,2011-01-28
2010-01-29,VWO,12,2011-01-31,2011-01-31,2010-01-29,2011-01-28,2010-01-29,2011-01-28
2010-02-26,BND,12,2011-02-28,2011-02-28,2010-02-26,2011-02-25,2010-02-26,2011-02-25
2010-02-26,DBC,12,2011-02-28,2011-02-28,2010-02-26,2011-02-25,2010-02-26,2011-02-25
2010-02-26,GLD,12,2011-02-28,2011-02-28,2010-02-26,2011-02-25,2010-02-26,2011-02-25
2010-02-26,VDE,12,2011-02-28,2011-02-28,2010-02-26,2011-02-25,2010-02-26,2011-02-25
2010-02-26,VGT,12,2011-02-28,2011-02-28,2010-02-26,2011-02-25,2010-02-26,2011-02-25
2010-02-26,VIG,12,2011-02-28,2011-02-28,2010-02-26,2011-02-25,2010-02-26,2011-02-25
2010-02-26,VMBS,12,2011-02-28,2011-02-28,2010-02-26,2011-02-25,2010-02-26,2011-02-25
2010-02-26,VWO,12,2011-02-28,2011-02-28,2010-02-26,2011-02-25,2010-02-26,2011-02-25
2010-03-31,BND,12,2011-03-31,2011-03-31,2010-03-26,2011-03-25,2010-03-26,2011-03-25
2010-03-31,DBC,12,2011-03-31,2011-03-31,2010-03-26,2011-03-25,2010-03-26,2011-03-25
2010-03-31,GLD,12,2011-03-31,2011-03-31,2010-03-26,2011-03-25,2010-03-26,2011-03-25
2010-03-31,VDE,12,2011-03-31,2011-03-31,2010-03-26,2011-03-25,2010-03-26,2011-03-25
2010-03-31,VGT,12,2011-03-31,2011-03-31,2010-03-26,2011-03-25,2010-03-26,2011-03-25
2010-03-31,VIG,12,2011-03-31,2011-03-31,2010-03-26,2011-03-25,2010-03-26,2011-03-25
2010-03-31,VMBS,12,2011-03-31,2011-03-31,2010-03-26,2011-03-25,2010-03-26,2011-03-25
2010-03-31,VWO,12,2011-03-31,2011-03-31,2010-03-26,2011-03-25,2010-03-26,2011-03-25
2010-04-30,BND,12,2011-04-29,2011-04-29,2010-04-30,2011-04-29,2010-04-30,2011-04-29
2010-04-30,DBC,12,2011-04-29,2011-04-29,2010-04-30,2011-04-29,2010-04-30,2011-04-29
2010-04-30,GLD,12,2011-04-29,2011-04-29,2010-04-30,2011-04-29,2010-04-30,2011-04-29
2010-04-30,VDE,12,2011-04-29,2011-04-29,2010-04-30,2011-04-29,2010-04-30,2011-04-29
2010-04-30,VGT,12,2011-04-29,2011-04-29,2010-04-30,2011-04-29,2010-04-30,2011-04-29
2010-04-30,VIG,12,2011-04-29,2011-04-29,2010-04-30,2011-04-29,2010-04-30,2011-04-29
2010-04-30,VMBS,12,2011-04-29,2011-04-29,2010-04-30,2011-04-29,2010-04-30,2011-04-29
2010-04-30,VWO,12,2011-04-29,2011-04-29,2010-04-30,2011-04-29,2010-04-30,2011-04-29
2010-05-31,BND,12,2011-05-31,2011-05-31,2010-05-28,2011-05-27,2010-05-28,2011-05-27
2010-05-31,DBC,12,2011-05-31,2011-05-31,2010-05-28,2011-05-27,2010-05-28,2011-05-27
2010-05-31,GLD,12,2011-05-31,2011-05-31,2010-05-28,2011-05-27,2010-05-28,2011-05-27
2010-05-31,VDE,12,2011-05-31,2011-05-31,2010-05-28,2011-05-27,2010-05-28,2011-05-27
2010-05-31,VGT,12,2011-05-31,2011-05-31,2010-05-28,2011-05-27,2010-05-28,2011-05-27
2010-05-31,VIG,12,2011-05-31,2011-05-31,2010-05-28,2011-05-27,2010-05-28,2011-05-27
2010-05-31,VMBS,12,2011-05-31,2011-05-31,2010-05-28,2011-05-27,2010-05-28,2011-05-27
2010-05-31,VWO,12,2011-05-31,2011-05-31,2010-05-28,2011-05-27,2010-05-28,2011-05-27
2010-06-30,BND,12,2011-06-30,2011-06-30,2010-06-25,2011-06-24,2010-06-25,2011-06-24
2010-06-30,DBC,12,2011-06-30,2011-06-30,2010-06-25,2011-06-24,2010-06-25,2011-06-24
2010-06-30,GLD,12,2011-06-30,2011-06-30,2010-06-25,2011-06-24,2010-06-25,2011-06-24
2010-06-30,VDE,12,2011-06-30,2011-06-30,2010-06-25,2011-06-24,2010-06-25,2011-06-24
2010-06-30,VGT,12,2011-06-30,2011-06-30,2010-06-25,2011-06-24,2010-06-25,2011-06-24
2010-06-30,VIG,12,2011-06-30,2011-06-30,2010-06-25,2011-06-24,2010-06-25,2011-06-24
2010-06-30,VMBS,12,2011-06-30,2011-06-30,2010-06-25,2011-06-24,2010-06-25,2011-06-24
2010-06-30,VWO,12,2011-06-30,2011-06-30,2010-06-25,2011-06-24,2010-06-25,2011-06-24
2010-07-30,BND,12,2011-07-29,2011-07-29,2010-07-30,2011-07-29,2010-07-30,2011-07-29
2010-07-30,DBC,12,2011-07-29,2011-07-29,2010-07-30,2011-07-29,2010-07-30,2011-07-29
2010-07-30,GLD,12,2011-07-29,2011-07-29,2010-07-30,2011-07-29,2010-07-30,2011-07-29
2010-07-30,VDE,12,2011-07-29,2011-07-29,2010-07-30,2011-07-29,2010-07-30,2011-07-29
2010-07-30,VGT,12,2011-07-29,2011-07-29,2010-07-30,2011-07-29,2010-07-30,2011-07-29
2010-07-30,VIG,12,2011-07-29,2011-07-29,2010-07-30,2011-07-29,2010-07-30,2011-07-29
2010-07-30,VMBS,12,2011-07-29,2011-07-29,2010-07-30,2011-07-29,2010-07-30,2011-07-29
2010-07-30,VWO,12,2011-07-29,2011-07-29,2010-07-30,2011-07-29,2010-07-30,2011-07-29
2010-08-31,BND,12,2011-08-31,2011-08-31,2010-08-27,2011-08-26,2010-08-27,2011-08-26
2010-08-31,DBC,12,2011-08-31,2011-08-31,2010-08-27,2011-08-26,2010-08-27,2011-08-26
2010-08-31,GLD,12,2011-08-31,2011-08-31,2010-08-27,2011-08-26,2010-08-27,2011-08-26
2010-08-31,VDE,12,2011-08-31,2011-08-31,2010-08-27,2011-08-26,2010-08-27,2011-08-26
2010-08-31,VGT,12,2011-08-31,2011-08-31,2010-08-27,2011-08-26,2010-08-27,2011-08-26
2010-08-31,VIG,12,2011-08-31,2011-08-31,2010-08-27,2011-08-26,2010-08-27,2011-08-26
2010-08-31,VMBS,12,2011-08-31,2011-08-31,2010-08-27,2011-08-26,2010-08-27,2011-08-26
2010-08-31,VWO,12,2011-08-31,2011-08-31,2010-08-27,2011-08-26,2010-08-27,2011-08-26
2010-09-30,BND,12,2011-09-30,2011-09-30,2010-09-24,2011-09-30,2010-09-24,2011-09-30
2010-09-30,DBC,12,2011-09-30,2011-09-30,2010-09-24,2011-09-30,2010-09-24,2011-09-30
2010-09-30,GLD,12,2011-09-30,2011-09-30,2010-09-24,2011-09-30,2010-09-24,2011-09-30
2010-09-30,VDE,12,2011-09-30,2011-09-30,2010-09-24,2011-09-30,2010-09-24,2011-09-30
2010-09-30,VGT,12,2011-09-30,2011-09-30,2010-09-24,2011-09-30,2010-09-24,2011-09-30
2010-09-30,VIG,12,2011-09-30,2011-09-30,2010-09-24,2011-09-30,2010-09-24,2011-09-30
2010-09-30,VMBS,12,2011-09-30,2011-09-30,2010-09-24,2011-09-30,2010-09-24,2011-09-30
2010-09-30,VOO,12,2011-09-30,2011-09-30,2010-09-24,2011-09-30,2010-09-24,2011-09-30
2010-09-30,VWO,12,2011-09-30,2011-09-30,2010-09-24,2011-09-30,2010-09-24,2011-09-30
2010-10-29,BND,12,2011-10-31,2011-10-31,2010-10-29,2011-10-28,2010-10-29,2011-10-28
2010-10-29,DBC,12,2011-10-31,2011-10-31,2010-10-29,2011-10-28,2010-10-29,2011-10-28
2010-10-29,GLD,12,2011-10-31,2011-10-31,2010-10-29,2011-10-28,2010-10-29,2011-10-28
2010-10-29,VDE,12,2011-10-31,2011-10-31,2010-10-29,2011-10-28,2010-10-29,2011-10-28
2010-10-29,VGT,12,2011-10-31,2011-10-31,2010-10-29,2011-10-28,2010-10-29,2011-10-28
2010-10-29,VIG,12,2011-10-31,2011-10-31,2010-10-29,2011-10-28,2010-10-29,2011-10-28
2010-10-29,VMBS,12,2011-10-31,2011-10-31,2010-10-29,2011-10-28,2010-10-29,2011-10-28
2010-10-29,VOO,12,2011-10-31,2011-10-31,2010-10-29,2011-10-28,2010-10-29,2011-10-28
2010-10-29,VWO,12,2011-10-31,2011-10-31,2010-10-29,2011-10-28,2010-10-29,2011-10-28
2010-11-30,BND,12,2011-11-30,2011-11-30,2010-11-26,2011-11-25,2010-11-26,2011-11-25
2010-11-30,DBC,12,2011-11-30,2011-11-30,2010-11-26,2011-11-25,2010-11-26,2011-11-25
2010-11-30,GLD,12,2011-11-30,2011-11-30,2010-11-26,2011-11-25,2010-11-26,2011-11-25
2010-11-30,VDE,12,2011-11-30,2011-11-30,2010-11-26,2011-11-25,2010-11-26,2011-11-25
2010-11-30,VGT,12,2011-11-30,2011-11-30,2010-11-26,2011-11-25,2010-11-26,2011-11-25
2010-11-30,VIG,12,2011-11-30,2011-11-30,2010-11-26,2011-11-25,2010-11-26,2011-11-25
2010-11-30,VMBS,12,2011-11-30,2011-11-30,2010-11-26,2011-11-25,2010-11-26,2011-11-25
2010-11-30,VOO,12,2011-11-30,2011-11-30,2010-11-26,2011-11-25,2010-11-26,2011-11-25
2010-11-30,VWO,12,2011-11-30,2011-11-30,2010-11-26,2011-11-25,2010-11-26,2011-11-25
2010-12-31,BND,12,2011-12-30,2011-12-30,2010-12-31,2011-12-30,2010-12-31,2011-12-30
2010-12-31,DBC,12,2011-12-30,2011-12-30,2010-12-31,2011-12-30,2010-12-31,2011-12-30
2010-12-31,GLD,12,2011-12-30,2011-12-30,2010-12-31,2011-12-30,2010-12-31,2011-12-30
2010-12-31,VDE,12,2011-12-30,2011-12-30,2010-12-31,2011-12-30,2010-12-31,2011-12-30
2010-12-31,VGT,12,2011-12-30,2011-12-30,2010-12-31,2011-12-30,2010-12-31,2011-12-30
2010-12-31,VIG,12,2011-12-30,2011-12-30,2010-12-31,2011-12-30,2010-12-31,2011-12-30
2010-12-31,VMBS,12,2011-12-30,2011-12-30,2010-12-31,2011-12-30,2010-12-31,2011-12-30
2010-12-31,VOO,12,2011-12-30,2011-12-30,2010-12-31,2011-12-30,2010-12-31,2011-12-30
2010-12-31,VWO,12,2011-12-30,2011-12-30,2010-12-31,2011-12-30,2010-12-31,2011-12-30
2011-01-31,BND,12,2012-01-31,2012-01-31,2011-01-28,2012-01-27,2011-01-28,2012-01-27
2011-01-31,DBC,12,2012-01-31,2012-01-31,2011-01-28,2012-01-27,2011-01-28,2012-01-27
2011-01-31,GLD,12,2012-01-31,2012-01-31,2011-01-28,2012-01-27,2011-01-28,2012-01-27
2011-01-31,VDE,12,2012-01-31,2012-01-31,2011-01-28,2012-01-27,2011-01-28,2012-01-27
2011-01-31,VGT,12,2012-01-31,2012-01-31,2011-01-28,2012-01-27,2011-01-28,2012-01-27
2011-01-31,VIG,12,2012-01-31,2012-01-31,2011-01-28,2012-01-27,2011-01-28,2012-01-27
2011-01-31,VMBS,12,2012-01-31,2012-01-31,2011-01-28,2012-01-27,2011-01-28,2012-01-27
2011-01-31,VOO,12,2012-01-31,2012-01-31,2011-01-28,2012-01-27,2011-01-28,2012-01-27
2011-01-31,VWO,12,2012-01-31,2012-01-31,2011-01-28,2012-01-27,2011-01-28,2012-01-27
2011-02-28,BND,12,2012-02-29,2012-02-29,2011-02-25,2012-02-24,2011-02-25,2012-02-24
2011-02-28,DBC,12,2012-02-29,2012-02-29,2011-02-25,2012-02-24,2011-02-25,2012-02-24
2011-02-28,GLD,12,2012-02-29,2012-02-29,2011-02-25,2012-02-24,2011-02-25,2012-02-24
2011-02-28,VDE,12,2012-02-29,2012-02-29,2011-02-25,2012-02-24,2011-02-25,2012-02-24
2011-02-28,VGT,12,2012-02-29,2012-02-29,2011-02-25,2012-02-24,2011-02-25,2012-02-24
2011-02-28,VIG,12,2012-02-29,2012-02-29,2011-02-25,2012-02-24,2011-02-25,2012-02-24
2011-02-28,VMBS,12,2012-02-29,2012-02-29,2011-02-25,2012-02-24,2011-02-25,2012-02-24
2011-02-28,VOO,12,2012-02-29,2012-02-29,2011-02-25,2012-02-24,2011-02-25,2012-02-24
2011-02-28,VWO,12,2012-02-29,2012-02-29,2011-02-25,2012-02-24,2011-02-25,2012-02-24
2011-02-28,VXUS,12,2012-02-29,2012-02-29,2011-02-25,2012-02-24,2011-02-25,2012-02-24
2011-03-31,BND,12,2012-03-30,2012-03-30,2011-03-25,2012-03-30,2011-03-25,2012-03-30
2011-03-31,DBC,12,2012-03-30,2012-03-30,2011-03-25,2012-03-30,2011-03-25,2012-03-30
2011-03-31,GLD,12,2012-03-30,2012-03-30,2011-03-25,2012-03-30,2011-03-25,2012-03-30
2011-03-31,VDE,12,2012-03-30,2012-03-30,2011-03-25,2012-03-30,2011-03-25,2012-03-30
2011-03-31,VGT,12,2012-03-30,2012-03-30,2011-03-25,2012-03-30,2011-03-25,2012-03-30
2011-03-31,VIG,12,2012-03-30,2012-03-30,2011-03-25,2012-03-30,2011-03-25,2012-03-30
2011-03-31,VMBS,12,2012-03-30,2012-03-30,2011-03-25,2012-03-30,2011-03-25,2012-03-30
2011-03-31,VOO,12,2012-03-30,2012-03-30,2011-03-25,2012-03-30,2011-03-25,2012-03-30
2011-03-31,VWO,12,2012-03-30,2012-03-30,2011-03-25,2012-03-30,2011-03-25,2012-03-30
2011-03-31,VXUS,12,2012-03-30,2012-03-30,2011-03-25,2012-03-30,2011-03-25,2012-03-30
2011-04-29,BND,12,2012-04-30,2012-04-30,2011-04-29,2012-04-27,2011-04-29,2012-04-27
2011-04-29,DBC,12,2012-04-30,2012-04-30,2011-04-29,2012-04-27,2011-04-29,2012-04-27
2011-04-29,GLD,12,2012-04-30,2012-04-30,2011-04-29,2012-04-27,2011-04-29,2012-04-27
2011-04-29,VDE,12,2012-04-30,2012-04-30,2011-04-29,2012-04-27,2011-04-29,2012-04-27
2011-04-29,VGT,12,2012-04-30,2012-04-30,2011-04-29,2012-04-27,2011-04-29,2012-04-27
2011-04-29,VIG,12,2012-04-30,2012-04-30,2011-04-29,2012-04-27,2011-04-29,2012-04-27
2011-04-29,VMBS,12,2012-04-30,2012-04-30,2011-04-29,2012-04-27,2011-04-29,2012-04-27
2011-04-29,VOO,12,2012-04-30,2012-04-30,2011-04-29,2012-04-27,2011-04-29,2012-04-27
2011-04-29,VWO,12,2012-04-30,2012-04-30,2011-04-29,2012-04-27,2011-04-29,2012-04-27
2011-04-29,VXUS,12,2012-04-30,2012-04-30,2011-04-29,2012-04-27,2011-04-29,2012-04-27
2011-05-31,BND,12,2012-05-31,2012-05-31,2011-05-27,2012-05-25,2011-05-27,2012-05-25
2011-05-31,DBC,12,2012-05-31,2012-05-31,2011-05-27,2012-05-25,2011-05-27,2012-05-25
2011-05-31,GLD,12,2012-05-31,2012-05-31,2011-05-27,2012-05-25,2011-05-27,2012-05-25
2011-05-31,VDE,12,2012-05-31,2012-05-31,2011-05-27,2012-05-25,2011-05-27,2012-05-25
2011-05-31,VGT,12,2012-05-31,2012-05-31,2011-05-27,2012-05-25,2011-05-27,2012-05-25
2011-05-31,VIG,12,2012-05-31,2012-05-31,2011-05-27,2012-05-25,2011-05-27,2012-05-25
2011-05-31,VMBS,12,2012-05-31,2012-05-31,2011-05-27,2012-05-25,2011-05-27,2012-05-25
2011-05-31,VOO,12,2012-05-31,2012-05-31,2011-05-27,2012-05-25,2011-05-27,2012-05-25
2011-05-31,VWO,12,2012-05-31,2012-05-31,2011-05-27,2012-05-25,2011-05-27,2012-05-25
2011-05-31,VXUS,12,2012-05-31,2012-05-31,2011-05-27,2012-05-25,2011-05-27,2012-05-25
2011-06-30,BND,12,2012-06-29,2012-06-29,2011-06-24,2012-06-29,2011-06-24,2012-06-29
2011-06-30,DBC,12,2012-06-29,2012-06-29,2011-06-24,2012-06-29,2011-06-24,2012-06-29
2011-06-30,GLD,12,2012-06-29,2012-06-29,2011-06-24,2012-06-29,2011-06-24,2012-06-29
2011-06-30,VDE,12,2012-06-29,2012-06-29,2011-06-24,2012-06-29,2011-06-24,2012-06-29
2011-06-30,VGT,12,2012-06-29,2012-06-29,2011-06-24,2012-06-29,2011-06-24,2012-06-29
2011-06-30,VIG,12,2012-06-29,2012-06-29,2011-06-24,2012-06-29,2011-06-24,2012-06-29
2011-06-30,VMBS,12,2012-06-29,2012-06-29,2011-06-24,2012-06-29,2011-06-24,2012-06-29
2011-06-30,VOO,12,2012-06-29,2012-06-29,2011-06-24,2012-06-29,2011-06-24,2012-06-29
2011-06-30,VWO,12,2012-06-29,2012-06-29,2011-06-24,2012-06-29,2011-06-24,2012-06-29
2011-06-30,VXUS,12,2012-06-29,2012-06-29,2011-06-24,2012-06-29,2011-06-24,2012-06-29
2011-07-29,BND,12,2012-07-31,2012-07-31,2011-07-29,2012-07-27,2011-07-29,2012-07-27
2011-07-29,DBC,12,2012-07-31,2012-07-31,2011-07-29,2012-07-27,2011-07-29,2012-07-27
2011-07-29,GLD,12,2012-07-31,2012-07-31,2011-07-29,2012-07-27,2011-07-29,2012-07-27
2011-07-29,VDE,12,2012-07-31,2012-07-31,2011-07-29,2012-07-27,2011-07-29,2012-07-27
2011-07-29,VGT,12,2012-07-31,2012-07-31,2011-07-29,2012-07-27,2011-07-29,2012-07-27
2011-07-29,VIG,12,2012-07-31,2012-07-31,2011-07-29,2012-07-27,2011-07-29,2012-07-27
2011-07-29,VMBS,12,2012-07-31,2012-07-31,2011-07-29,2012-07-27,2011-07-29,2012-07-27
2011-07-29,VOO,12,2012-07-31,2012-07-31,2011-07-29,2012-07-27,2011-07-29,2012-07-27
2011-07-29,VWO,12,2012-07-31,2012-07-31,2011-07-29,2012-07-27,2011-07-29,2012-07-27
2011-07-29,VXUS,12,2012-07-31,2012-07-31,2011-07-29,2012-07-27,2011-07-29,2012-07-27
2011-08-31,BND,12,2012-08-31,2012-08-31,2011-08-26,2012-08-31,2011-08-26,2012-08-31
2011-08-31,DBC,12,2012-08-31,2012-08-31,2011-08-26,2012-08-31,2011-08-26,2012-08-31
2011-08-31,GLD,12,2012-08-31,2012-08-31,2011-08-26,2012-08-31,2011-08-26,2012-08-31
2011-08-31,VDE,12,2012-08-31,2012-08-31,2011-08-26,2012-08-31,2011-08-26,2012-08-31
2011-08-31,VGT,12,2012-08-31,2012-08-31,2011-08-26,2012-08-31,2011-08-26,2012-08-31
2011-08-31,VIG,12,2012-08-31,2012-08-31,2011-08-26,2012-08-31,2011-08-26,2012-08-31
2011-08-31,VMBS,12,2012-08-31,2012-08-31,2011-08-26,2012-08-31,2011-08-26,2012-08-31
2011-08-31,VOO,12,2012-08-31,2012-08-31,2011-08-26,2012-08-31,2011-08-26,2012-08-31
2011-08-31,VWO,12,2012-08-31,2012-08-31,2011-08-26,2012-08-31,2011-08-26,2012-08-31
2011-08-31,VXUS,12,2012-08-31,2012-08-31,2011-08-26,2012-08-31,2011-08-26,2012-08-31
2011-09-30,BND,12,2012-09-28,2012-09-28,2011-09-30,2012-09-28,2011-09-30,2012-09-28
2011-09-30,DBC,12,2012-09-28,2012-09-28,2011-09-30,2012-09-28,2011-09-30,2012-09-28
2011-09-30,GLD,12,2012-09-28,2012-09-28,2011-09-30,2012-09-28,2011-09-30,2012-09-28
2011-09-30,VDE,12,2012-09-28,2012-09-28,2011-09-30,2012-09-28,2011-09-30,2012-09-28
2011-09-30,VGT,12,2012-09-28,2012-09-28,2011-09-30,2012-09-28,2011-09-30,2012-09-28
2011-09-30,VIG,12,2012-09-28,2012-09-28,2011-09-30,2012-09-28,2011-09-30,2012-09-28
2011-09-30,VMBS,12,2012-09-28,2012-09-28,2011-09-30,2012-09-28,2011-09-30,2012-09-28
2011-09-30,VOO,12,2012-09-28,2012-09-28,2011-09-30,2012-09-28,2011-09-30,2012-09-28
2011-09-30,VWO,12,2012-09-28,2012-09-28,2011-09-30,2012-09-28,2011-09-30,2012-09-28
2011-09-30,VXUS,12,2012-09-28,2012-09-28,2011-09-30,2012-09-28,2011-09-30,2012-09-28
2011-10-31,BND,12,2012-10-31,2012-10-31,2011-10-28,2012-10-26,2011-10-28,2012-10-26
2011-10-31,DBC,12,2012-10-31,2012-10-31,2011-10-28,2012-10-26,2011-10-28,2012-10-26
2011-10-31,GLD,12,2012-10-31,2012-10-31,2011-10-28,2012-10-26,2011-10-28,2012-10-26
2011-10-31,VDE,12,2012-10-31,2012-10-31,2011-10-28,2012-10-26,2011-10-28,2012-10-26
2011-10-31,VGT,12,2012-10-31,2012-10-31,2011-10-28,2012-10-26,2011-10-28,2012-10-26
2011-10-31,VIG,12,2012-10-31,2012-10-31,2011-10-28,2012-10-26,2011-10-28,2012-10-26
2011-10-31,VMBS,12,2012-10-31,2012-10-31,2011-10-28,2012-10-26,2011-10-28,2012-10-26
2011-10-31,VOO,12,2012-10-31,2012-10-31,2011-10-28,2012-10-26,2011-10-28,2012-10-26
2011-10-31,VWO,12,2012-10-31,2012-10-31,2011-10-28,2012-10-26,2011-10-28,2012-10-26
2011-10-31,VXUS,12,2012-10-31,2012-10-31,2011-10-28,2012-10-26,2011-10-28,2012-10-26
2011-11-30,BND,12,2012-11-30,2012-11-30,2011-11-25,2012-11-30,2011-11-25,2012-11-30
2011-11-30,DBC,12,2012-11-30,2012-11-30,2011-11-25,2012-11-30,2011-11-25,2012-11-30
2011-11-30,GLD,12,2012-11-30,2012-11-30,2011-11-25,2012-11-30,2011-11-25,2012-11-30
2011-11-30,VDE,12,2012-11-30,2012-11-30,2011-11-25,2012-11-30,2011-11-25,2012-11-30
2011-11-30,VGT,12,2012-11-30,2012-11-30,2011-11-25,2012-11-30,2011-11-25,2012-11-30
2011-11-30,VIG,12,2012-11-30,2012-11-30,2011-11-25,2012-11-30,2011-11-25,2012-11-30
2011-11-30,VMBS,12,2012-11-30,2012-11-30,2011-11-25,2012-11-30,2011-11-25,2012-11-30
2011-11-30,VOO,12,2012-11-30,2012-11-30,2011-11-25,2012-11-30,2011-11-25,2012-11-30
2011-11-30,VWO,12,2012-11-30,2012-11-30,2011-11-25,2012-11-30,2011-11-25,2012-11-30
2011-11-30,VXUS,12,2012-11-30,2012-11-30,2011-11-25,2012-11-30,2011-11-25,2012-11-30
2011-12-30,BND,12,2012-12-31,2012-12-31,2011-12-30,2012-12-28,2011-12-30,2012-12-28
2011-12-30,DBC,12,2012-12-31,2012-12-31,2011-12-30,2012-12-28,2011-12-30,2012-12-28
2011-12-30,GLD,12,2012-12-31,2012-12-31,2011-12-30,2012-12-28,2011-12-30,2012-12-28
2011-12-30,VDE,12,2012-12-31,2012-12-31,2011-12-30,2012-12-28,2011-12-30,2012-12-28
2011-12-30,VGT,12,2012-12-31,2012-12-31,2011-12-30,2012-12-28,2011-12-30,2012-12-28
2011-12-30,VIG,12,2012-12-31,2012-12-31,2011-12-30,2012-12-28,2011-12-30,2012-12-28
2011-12-30,VMBS,12,2012-12-31,2012-12-31,2011-12-30,2012-12-28,2011-12-30,2012-12-28
2011-12-30,VOO,12,2012-12-31,2012-12-31,2011-12-30,2012-12-28,2011-12-30,2012-12-28
2011-12-30,VWO,12,2012-12-31,2012-12-31,2011-12-30,2012-12-28,2011-12-30,2012-12-28
2011-12-30,VXUS,12,2012-12-31,2012-12-31,2011-12-30,2012-12-28,2011-12-30,2012-12-28
2012-01-31,BND,12,2013-01-31,2013-01-31,2012-01-27,2013-01-25,2012-01-27,2013-01-25
2012-01-31,DBC,12,2013-01-31,2013-01-31,2012-01-27,2013-01-25,2012-01-27,2013-01-25
2012-01-31,GLD,12,2013-01-31,2013-01-31,2012-01-27,2013-01-25,2012-01-27,2013-01-25
2012-01-31,VDE,12,2013-01-31,2013-01-31,2012-01-27,2013-01-25,2012-01-27,2013-01-25
2012-01-31,VGT,12,2013-01-31,2013-01-31,2012-01-27,2013-01-25,2012-01-27,2013-01-25
2012-01-31,VIG,12,2013-01-31,2013-01-31,2012-01-27,2013-01-25,2012-01-27,2013-01-25
2012-01-31,VMBS,12,2013-01-31,2013-01-31,2012-01-27,2013-01-25,2012-01-27,2013-01-25
2012-01-31,VOO,12,2013-01-31,2013-01-31,2012-01-27,2013-01-25,2012-01-27,2013-01-25
2012-01-31,VWO,12,2013-01-31,2013-01-31,2012-01-27,2013-01-25,2012-01-27,2013-01-25
2012-01-31,VXUS,12,2013-01-31,2013-01-31,2012-01-27,2013-01-25,2012-01-27,2013-01-25
2012-02-29,BND,12,2013-02-28,2013-02-28,2012-02-24,2013-02-22,2012-02-24,2013-02-22
2012-02-29,DBC,12,2013-02-28,2013-02-28,2012-02-24,2013-02-22,2012-02-24,2013-02-22
2012-02-29,GLD,12,2013-02-28,2013-02-28,2012-02-24,2013-02-22,2012-02-24,2013-02-22
2012-02-29,VDE,12,2013-02-28,2013-02-28,2012-02-24,2013-02-22,2012-02-24,2013-02-22
2012-02-29,VGT,12,2013-02-28,2013-02-28,2012-02-24,2013-02-22,2012-02-24,2013-02-22
2012-02-29,VIG,12,2013-02-28,2013-02-28,2012-02-24,2013-02-22,2012-02-24,2013-02-22
2012-02-29,VMBS,12,2013-02-28,2013-02-28,2012-02-24,2013-02-22,2012-02-24,2013-02-22
2012-02-29,VOO,12,2013-02-28,2013-02-28,2012-02-24,2013-02-22,2012-02-24,2013-02-22
2012-02-29,VWO,12,2013-02-28,2013-02-28,2012-02-24,2013-02-22,2012-02-24,2013-02-22
2012-02-29,VXUS,12,2013-02-28,2013-02-28,2012-02-24,2013-02-22,2012-02-24,2013-02-22
2012-03-30,BND,12,2013-03-29,2013-03-29,2012-03-30,2013-03-28,2012-03-30,2013-03-28
2012-03-30,DBC,12,2013-03-29,2013-03-29,2012-03-30,2013-03-28,2012-03-30,2013-03-28
2012-03-30,GLD,12,2013-03-29,2013-03-29,2012-03-30,2013-03-28,2012-03-30,2013-03-28
2012-03-30,VDE,12,2013-03-29,2013-03-29,2012-03-30,2013-03-28,2012-03-30,2013-03-28
2012-03-30,VGT,12,2013-03-29,2013-03-29,2012-03-30,2013-03-28,2012-03-30,2013-03-28
2012-03-30,VIG,12,2013-03-29,2013-03-29,2012-03-30,2013-03-28,2012-03-30,2013-03-28
2012-03-30,VMBS,12,2013-03-29,2013-03-29,2012-03-30,2013-03-28,2012-03-30,2013-03-28
2012-03-30,VOO,12,2013-03-29,2013-03-29,2012-03-30,2013-03-28,2012-03-30,2013-03-28
2012-03-30,VWO,12,2013-03-29,2013-03-29,2012-03-30,2013-03-28,2012-03-30,2013-03-28
2012-03-30,VXUS,12,2013-03-29,2013-03-29,2012-03-30,2013-03-28,2012-03-30,2013-03-28
2012-04-30,BND,12,2013-04-30,2013-04-30,2012-04-27,2013-04-26,2012-04-27,2013-04-26
2012-04-30,DBC,12,2013-04-30,2013-04-30,2012-04-27,2013-04-26,2012-04-27,2013-04-26
2012-04-30,GLD,12,2013-04-30,2013-04-30,2012-04-27,2013-04-26,2012-04-27,2013-04-26
2012-04-30,VDE,12,2013-04-30,2013-04-30,2012-04-27,2013-04-26,2012-04-27,2013-04-26
2012-04-30,VGT,12,2013-04-30,2013-04-30,2012-04-27,2013-04-26,2012-04-27,2013-04-26
2012-04-30,VIG,12,2013-04-30,2013-04-30,2012-04-27,2013-04-26,2012-04-27,2013-04-26
2012-04-30,VMBS,12,2013-04-30,2013-04-30,2012-04-27,2013-04-26,2012-04-27,2013-04-26
2012-04-30,VOO,12,2013-04-30,2013-04-30,2012-04-27,2013-04-26,2012-04-27,2013-04-26
2012-04-30,VWO,12,2013-04-30,2013-04-30,2012-04-27,2013-04-26,2012-04-27,2013-04-26
2012-04-30,VXUS,12,2013-04-30,2013-04-30,2012-04-27,2013-04-26,2012-04-27,2013-04-26
2012-05-31,BND,12,2013-05-31,2013-05-31,2012-05-25,2013-05-31,2012-05-25,2013-05-31
2012-05-31,DBC,12,2013-05-31,2013-05-31,2012-05-25,2013-05-31,2012-05-25,2013-05-31
2012-05-31,GLD,12,2013-05-31,2013-05-31,2012-05-25,2013-05-31,2012-05-25,2013-05-31
2012-05-31,VDE,12,2013-05-31,2013-05-31,2012-05-25,2013-05-31,2012-05-25,2013-05-31
2012-05-31,VGT,12,2013-05-31,2013-05-31,2012-05-25,2013-05-31,2012-05-25,2013-05-31
2012-05-31,VIG,12,2013-05-31,2013-05-31,2012-05-25,2013-05-31,2012-05-25,2013-05-31
2012-05-31,VMBS,12,2013-05-31,2013-05-31,2012-05-25,2013-05-31,2012-05-25,2013-05-31
2012-05-31,VOO,12,2013-05-31,2013-05-31,2012-05-25,2013-05-31,2012-05-25,2013-05-31
2012-05-31,VWO,12,2013-05-31,2013-05-31,2012-05-25,2013-05-31,2012-05-25,2013-05-31
2012-05-31,VXUS,12,2013-05-31,2013-05-31,2012-05-25,2013-05-31,2012-05-25,2013-05-31
2012-06-29,BND,12,2013-06-28,2013-06-28,2012-06-29,2013-06-28,2012-06-29,2013-06-28
2012-06-29,DBC,12,2013-06-28,2013-06-28,2012-06-29,2013-06-28,2012-06-29,2013-06-28
2012-06-29,GLD,12,2013-06-28,2013-06-28,2012-06-29,2013-06-28,2012-06-29,2013-06-28
2012-06-29,VDE,12,2013-06-28,2013-06-28,2012-06-29,2013-06-28,2012-06-29,2013-06-28
2012-06-29,VGT,12,2013-06-28,2013-06-28,2012-06-29,2013-06-28,2012-06-29,2013-06-28
2012-06-29,VIG,12,2013-06-28,2013-06-28,2012-06-29,2013-06-28,2012-06-29,2013-06-28
2012-06-29,VMBS,12,2013-06-28,2013-06-28,2012-06-29,2013-06-28,2012-06-29,2013-06-28
2012-06-29,VOO,12,2013-06-28,2013-06-28,2012-06-29,2013-06-28,2012-06-29,2013-06-28
2012-06-29,VWO,12,2013-06-28,2013-06-28,2012-06-29,2013-06-28,2012-06-29,2013-06-28
2012-06-29,VXUS,12,2013-06-28,2013-06-28,2012-06-29,2013-06-28,2012-06-29,2013-06-28
2012-07-31,BND,12,2013-07-31,2013-07-31,2012-07-27,2013-07-26,2012-07-27,2013-07-26
2012-07-31,DBC,12,2013-07-31,2013-07-31,2012-07-27,2013-07-26,2012-07-27,2013-07-26
2012-07-31,GLD,12,2013-07-31,2013-07-31,2012-07-27,2013-07-26,2012-07-27,2013-07-26
2012-07-31,VDE,12,2013-07-31,2013-07-31,2012-07-27,2013-07-26,2012-07-27,2013-07-26
2012-07-31,VGT,12,2013-07-31,2013-07-31,2012-07-27,2013-07-26,2012-07-27,2013-07-26
2012-07-31,VIG,12,2013-07-31,2013-07-31,2012-07-27,2013-07-26,2012-07-27,2013-07-26
2012-07-31,VMBS,12,2013-07-31,2013-07-31,2012-07-27,2013-07-26,2012-07-27,2013-07-26
2012-07-31,VOO,12,2013-07-31,2013-07-31,2012-07-27,2013-07-26,2012-07-27,2013-07-26
2012-07-31,VWO,12,2013-07-31,2013-07-31,2012-07-27,2013-07-26,2012-07-27,2013-07-26
2012-07-31,VXUS,12,2013-07-31,2013-07-31,2012-07-27,2013-07-26,2012-07-27,2013-07-26
2012-08-31,BND,12,2013-08-30,2013-08-30,2012-08-31,2013-08-30,2012-08-31,2013-08-30
2012-08-31,DBC,12,2013-08-30,2013-08-30,2012-08-31,2013-08-30,2012-08-31,2013-08-30
2012-08-31,GLD,12,2013-08-30,2013-08-30,2012-08-31,2013-08-30,2012-08-31,2013-08-30
2012-08-31,VDE,12,2013-08-30,2013-08-30,2012-08-31,2013-08-30,2012-08-31,2013-08-30
2012-08-31,VGT,12,2013-08-30,2013-08-30,2012-08-31,2013-08-30,2012-08-31,2013-08-30
2012-08-31,VIG,12,2013-08-30,2013-08-30,2012-08-31,2013-08-30,2012-08-31,2013-08-30
2012-08-31,VMBS,12,2013-08-30,2013-08-30,2012-08-31,2013-08-30,2012-08-31,2013-08-30
2012-08-31,VOO,12,2013-08-30,2013-08-30,2012-08-31,2013-08-30,2012-08-31,2013-08-30
2012-08-31,VWO,12,2013-08-30,2013-08-30,2012-08-31,2013-08-30,2012-08-31,2013-08-30
2012-08-31,VXUS,12,2013-08-30,2013-08-30,2012-08-31,2013-08-30,2012-08-31,2013-08-30
2012-09-28,BND,12,2013-09-30,2013-09-30,2012-09-28,2013-09-27,2012-09-28,2013-09-27
2012-09-28,DBC,12,2013-09-30,2013-09-30,2012-09-28,2013-09-27,2012-09-28,2013-09-27
2012-09-28,GLD,12,2013-09-30,2013-09-30,2012-09-28,2013-09-27,2012-09-28,2013-09-27
2012-09-28,VDE,12,2013-09-30,2013-09-30,2012-09-28,2013-09-27,2012-09-28,2013-09-27
2012-09-28,VGT,12,2013-09-30,2013-09-30,2012-09-28,2013-09-27,2012-09-28,2013-09-27
2012-09-28,VIG,12,2013-09-30,2013-09-30,2012-09-28,2013-09-27,2012-09-28,2013-09-27
2012-09-28,VMBS,12,2013-09-30,2013-09-30,2012-09-28,2013-09-27,2012-09-28,2013-09-27
2012-09-28,VOO,12,2013-09-30,2013-09-30,2012-09-28,2013-09-27,2012-09-28,2013-09-27
2012-09-28,VWO,12,2013-09-30,2013-09-30,2012-09-28,2013-09-27,2012-09-28,2013-09-27
2012-09-28,VXUS,12,2013-09-30,2013-09-30,2012-09-28,2013-09-27,2012-09-28,2013-09-27
2012-10-31,BND,12,2013-10-31,2013-10-31,2012-10-26,2013-10-25,2012-10-26,2013-10-25
2012-10-31,DBC,12,2013-10-31,2013-10-31,2012-10-26,2013-10-25,2012-10-26,2013-10-25
2012-10-31,GLD,12,2013-10-31,2013-10-31,2012-10-26,2013-10-25,2012-10-26,2013-10-25
2012-10-31,VDE,12,2013-10-31,2013-10-31,2012-10-26,2013-10-25,2012-10-26,2013-10-25
2012-10-31,VGT,12,2013-10-31,2013-10-31,2012-10-26,2013-10-25,2012-10-26,2013-10-25
2012-10-31,VIG,12,2013-10-31,2013-10-31,2012-10-26,2013-10-25,2012-10-26,2013-10-25
2012-10-31,VMBS,12,2013-10-31,2013-10-31,2012-10-26,2013-10-25,2012-10-26,2013-10-25
2012-10-31,VOO,12,2013-10-31,2013-10-31,2012-10-26,2013-10-25,2012-10-26,2013-10-25
2012-10-31,VWO,12,2013-10-31,2013-10-31,2012-10-26,2013-10-25,2012-10-26,2013-10-25
2012-10-31,VXUS,12,2013-10-31,2013-10-31,2012-10-26,2013-10-25,2012-10-26,2013-10-25
2012-11-30,BND,12,2013-11-29,2013-11-29,2012-11-30,2013-11-29,2012-11-30,2013-11-29
2012-11-30,DBC,12,2013-11-29,2013-11-29,2012-11-30,2013-11-29,2012-11-30,2013-11-29
2012-11-30,GLD,12,2013-11-29,2013-11-29,2012-11-30,2013-11-29,2012-11-30,2013-11-29
2012-11-30,VDE,12,2013-11-29,2013-11-29,2012-11-30,2013-11-29,2012-11-30,2013-11-29
2012-11-30,VGT,12,2013-11-29,2013-11-29,2012-11-30,2013-11-29,2012-11-30,2013-11-29
2012-11-30,VIG,12,2013-11-29,2013-11-29,2012-11-30,2013-11-29,2012-11-30,2013-11-29
2012-11-30,VMBS,12,2013-11-29,2013-11-29,2012-11-30,2013-11-29,2012-11-30,2013-11-29
2012-11-30,VOO,12,2013-11-29,2013-11-29,2012-11-30,2013-11-29,2012-11-30,2013-11-29
2012-11-30,VWO,12,2013-11-29,2013-11-29,2012-11-30,2013-11-29,2012-11-30,2013-11-29
2012-11-30,VXUS,12,2013-11-29,2013-11-29,2012-11-30,2013-11-29,2012-11-30,2013-11-29
2012-12-31,BND,12,2013-12-31,2013-12-31,2012-12-28,2013-12-27,2012-12-28,2013-12-27
2012-12-31,DBC,12,2013-12-31,2013-12-31,2012-12-28,2013-12-27,2012-12-28,2013-12-27
2012-12-31,GLD,12,2013-12-31,2013-12-31,2012-12-28,2013-12-27,2012-12-28,2013-12-27
2012-12-31,VDE,12,2013-12-31,2013-12-31,2012-12-28,2013-12-27,2012-12-28,2013-12-27
2012-12-31,VGT,12,2013-12-31,2013-12-31,2012-12-28,2013-12-27,2012-12-28,2013-12-27
2012-12-31,VIG,12,2013-12-31,2013-12-31,2012-12-28,2013-12-27,2012-12-28,2013-12-27
2012-12-31,VMBS,12,2013-12-31,2013-12-31,2012-12-28,2013-12-27,2012-12-28,2013-12-27
2012-12-31,VOO,12,2013-12-31,2013-12-31,2012-12-28,2013-12-27,2012-12-28,2013-12-27
2012-12-31,VWO,12,2013-12-31,2013-12-31,2012-12-28,2013-12-27,2012-12-28,2013-12-27
2012-12-31,VXUS,12,2013-12-31,2013-12-31,2012-12-28,2013-12-27,2012-12-28,2013-12-27
2013-01-31,BND,12,2014-01-31,2014-01-31,2013-01-25,2014-01-31,2013-01-25,2014-01-31
2013-01-31,DBC,12,2014-01-31,2014-01-31,2013-01-25,2014-01-31,2013-01-25,2014-01-31
2013-01-31,GLD,12,2014-01-31,2014-01-31,2013-01-25,2014-01-31,2013-01-25,2014-01-31
2013-01-31,VDE,12,2014-01-31,2014-01-31,2013-01-25,2014-01-31,2013-01-25,2014-01-31
2013-01-31,VGT,12,2014-01-31,2014-01-31,2013-01-25,2014-01-31,2013-01-25,2014-01-31
2013-01-31,VIG,12,2014-01-31,2014-01-31,2013-01-25,2014-01-31,2013-01-25,2014-01-31
2013-01-31,VMBS,12,2014-01-31,2014-01-31,2013-01-25,2014-01-31,2013-01-25,2014-01-31
2013-01-31,VOO,12,2014-01-31,2014-01-31,2013-01-25,2014-01-31,2013-01-25,2014-01-31
2013-01-31,VWO,12,2014-01-31,2014-01-31,2013-01-25,2014-01-31,2013-01-25,2014-01-31
2013-01-31,VXUS,12,2014-01-31,2014-01-31,2013-01-25,2014-01-31,2013-01-25,2014-01-31
2013-02-28,BND,12,2014-02-28,2014-02-28,2013-02-22,2014-02-28,2013-02-22,2014-02-28
2013-02-28,DBC,12,2014-02-28,2014-02-28,2013-02-22,2014-02-28,2013-02-22,2014-02-28
2013-02-28,GLD,12,2014-02-28,2014-02-28,2013-02-22,2014-02-28,2013-02-22,2014-02-28
2013-02-28,VDE,12,2014-02-28,2014-02-28,2013-02-22,2014-02-28,2013-02-22,2014-02-28
2013-02-28,VGT,12,2014-02-28,2014-02-28,2013-02-22,2014-02-28,2013-02-22,2014-02-28
2013-02-28,VIG,12,2014-02-28,2014-02-28,2013-02-22,2014-02-28,2013-02-22,2014-02-28
2013-02-28,VMBS,12,2014-02-28,2014-02-28,2013-02-22,2014-02-28,2013-02-22,2014-02-28
2013-02-28,VOO,12,2014-02-28,2014-02-28,2013-02-22,2014-02-28,2013-02-22,2014-02-28
2013-02-28,VWO,12,2014-02-28,2014-02-28,2013-02-22,2014-02-28,2013-02-22,2014-02-28
2013-02-28,VXUS,12,2014-02-28,2014-02-28,2013-02-22,2014-02-28,2013-02-22,2014-02-28
2013-03-29,BND,12,2014-03-31,2014-03-31,2013-03-28,2014-03-28,2013-03-28,2014-03-28
2013-03-29,DBC,12,2014-03-31,2014-03-31,2013-03-28,2014-03-28,2013-03-28,2014-03-28
2013-03-29,GLD,12,2014-03-31,2014-03-31,2013-03-28,2014-03-28,2013-03-28,2014-03-28
2013-03-29,VDE,12,2014-03-31,2014-03-31,2013-03-28,2014-03-28,2013-03-28,2014-03-28
2013-03-29,VGT,12,2014-03-31,2014-03-31,2013-03-28,2014-03-28,2013-03-28,2014-03-28
2013-03-29,VIG,12,2014-03-31,2014-03-31,2013-03-28,2014-03-28,2013-03-28,2014-03-28
2013-03-29,VMBS,12,2014-03-31,2014-03-31,2013-03-28,2014-03-28,2013-03-28,2014-03-28
2013-03-29,VOO,12,2014-03-31,2014-03-31,2013-03-28,2014-03-28,2013-03-28,2014-03-28
2013-03-29,VWO,12,2014-03-31,2014-03-31,2013-03-28,2014-03-28,2013-03-28,2014-03-28
2013-03-29,VXUS,12,2014-03-31,2014-03-31,2013-03-28,2014-03-28,2013-03-28,2014-03-28
2013-04-30,BND,12,2014-04-30,2014-04-30,2013-04-26,2014-04-25,2013-04-26,2014-04-25
2013-04-30,DBC,12,2014-04-30,2014-04-30,2013-04-26,2014-04-25,2013-04-26,2014-04-25
2013-04-30,GLD,12,2014-04-30,2014-04-30,2013-04-26,2014-04-25,2013-04-26,2014-04-25
2013-04-30,VDE,12,2014-04-30,2014-04-30,2013-04-26,2014-04-25,2013-04-26,2014-04-25
2013-04-30,VGT,12,2014-04-30,2014-04-30,2013-04-26,2014-04-25,2013-04-26,2014-04-25
2013-04-30,VIG,12,2014-04-30,2014-04-30,2013-04-26,2014-04-25,2013-04-26,2014-04-25
2013-04-30,VMBS,12,2014-04-30,2014-04-30,2013-04-26,2014-04-25,2013-04-26,2014-04-25
2013-04-30,VOO,12,2014-04-30,2014-04-30,2013-04-26,2014-04-25,2013-04-26,2014-04-25
2013-04-30,VWO,12,2014-04-30,2014-04-30,2013-04-26,2014-04-25,2013-04-26,2014-04-25
2013-04-30,VXUS,12,2014-04-30,2014-04-30,2013-04-26,2014-04-25,2013-04-26,2014-04-25
2013-05-31,BND,12,2014-05-30,2014-05-30,2013-05-31,2014-05-30,2013-05-31,2014-05-30
2013-05-31,DBC,12,2014-05-30,2014-05-30,2013-05-31,2014-05-30,2013-05-31,2014-05-30
2013-05-31,GLD,12,2014-05-30,2014-05-30,2013-05-31,2014-05-30,2013-05-31,2014-05-30
2013-05-31,VDE,12,2014-05-30,2014-05-30,2013-05-31,2014-05-30,2013-05-31,2014-05-30
2013-05-31,VGT,12,2014-05-30,2014-05-30,2013-05-31,2014-05-30,2013-05-31,2014-05-30
2013-05-31,VIG,12,2014-05-30,2014-05-30,2013-05-31,2014-05-30,2013-05-31,2014-05-30
2013-05-31,VMBS,12,2014-05-30,2014-05-30,2013-05-31,2014-05-30,2013-05-31,2014-05-30
2013-05-31,VOO,12,2014-05-30,2014-05-30,2013-05-31,2014-05-30,2013-05-31,2014-05-30
2013-05-31,VWO,12,2014-05-30,2014-05-30,2013-05-31,2014-05-30,2013-05-31,2014-05-30
2013-05-31,VXUS,12,2014-05-30,2014-05-30,2013-05-31,2014-05-30,2013-05-31,2014-05-30
2013-06-28,BND,12,2014-06-30,2014-06-30,2013-06-28,2014-06-27,2013-06-28,2014-06-27
2013-06-28,DBC,12,2014-06-30,2014-06-30,2013-06-28,2014-06-27,2013-06-28,2014-06-27
2013-06-28,GLD,12,2014-06-30,2014-06-30,2013-06-28,2014-06-27,2013-06-28,2014-06-27
2013-06-28,VDE,12,2014-06-30,2014-06-30,2013-06-28,2014-06-27,2013-06-28,2014-06-27
2013-06-28,VGT,12,2014-06-30,2014-06-30,2013-06-28,2014-06-27,2013-06-28,2014-06-27
2013-06-28,VIG,12,2014-06-30,2014-06-30,2013-06-28,2014-06-27,2013-06-28,2014-06-27
2013-06-28,VMBS,12,2014-06-30,2014-06-30,2013-06-28,2014-06-27,2013-06-28,2014-06-27
2013-06-28,VOO,12,2014-06-30,2014-06-30,2013-06-28,2014-06-27,2013-06-28,2014-06-27
2013-06-28,VWO,12,2014-06-30,2014-06-30,2013-06-28,2014-06-27,2013-06-28,2014-06-27
2013-06-28,VXUS,12,2014-06-30,2014-06-30,2013-06-28,2014-06-27,2013-06-28,2014-06-27
2013-07-31,BND,12,2014-07-31,2014-07-31,2013-07-26,2014-07-25,2013-07-26,2014-07-25
2013-07-31,DBC,12,2014-07-31,2014-07-31,2013-07-26,2014-07-25,2013-07-26,2014-07-25
2013-07-31,GLD,12,2014-07-31,2014-07-31,2013-07-26,2014-07-25,2013-07-26,2014-07-25
2013-07-31,VDE,12,2014-07-31,2014-07-31,2013-07-26,2014-07-25,2013-07-26,2014-07-25
2013-07-31,VGT,12,2014-07-31,2014-07-31,2013-07-26,2014-07-25,2013-07-26,2014-07-25
2013-07-31,VIG,12,2014-07-31,2014-07-31,2013-07-26,2014-07-25,2013-07-26,2014-07-25
2013-07-31,VMBS,12,2014-07-31,2014-07-31,2013-07-26,2014-07-25,2013-07-26,2014-07-25
2013-07-31,VOO,12,2014-07-31,2014-07-31,2013-07-26,2014-07-25,2013-07-26,2014-07-25
2013-07-31,VWO,12,2014-07-31,2014-07-31,2013-07-26,2014-07-25,2013-07-26,2014-07-25
2013-07-31,VXUS,12,2014-07-31,2014-07-31,2013-07-26,2014-07-25,2013-07-26,2014-07-25
2013-08-30,BND,12,2014-08-29,2014-08-29,2013-08-30,2014-08-29,2013-08-30,2014-08-29
2013-08-30,DBC,12,2014-08-29,2014-08-29,2013-08-30,2014-08-29,2013-08-30,2014-08-29
2013-08-30,GLD,12,2014-08-29,2014-08-29,2013-08-30,2014-08-29,2013-08-30,2014-08-29
2013-08-30,VDE,12,2014-08-29,2014-08-29,2013-08-30,2014-08-29,2013-08-30,2014-08-29
2013-08-30,VGT,12,2014-08-29,2014-08-29,2013-08-30,2014-08-29,2013-08-30,2014-08-29
2013-08-30,VIG,12,2014-08-29,2014-08-29,2013-08-30,2014-08-29,2013-08-30,2014-08-29
2013-08-30,VMBS,12,2014-08-29,2014-08-29,2013-08-30,2014-08-29,2013-08-30,2014-08-29
2013-08-30,VOO,12,2014-08-29,2014-08-29,2013-08-30,2014-08-29,2013-08-30,2014-08-29
2013-08-30,VWO,12,2014-08-29,2014-08-29,2013-08-30,2014-08-29,2013-08-30,2014-08-29
2013-08-30,VXUS,12,2014-08-29,2014-08-29,2013-08-30,2014-08-29,2013-08-30,2014-08-29
2013-09-30,BND,12,2014-09-30,2014-09-30,2013-09-27,2014-09-26,2013-09-27,2014-09-26
2013-09-30,DBC,12,2014-09-30,2014-09-30,2013-09-27,2014-09-26,2013-09-27,2014-09-26
2013-09-30,GLD,12,2014-09-30,2014-09-30,2013-09-27,2014-09-26,2013-09-27,2014-09-26
2013-09-30,VDE,12,2014-09-30,2014-09-30,2013-09-27,2014-09-26,2013-09-27,2014-09-26
2013-09-30,VGT,12,2014-09-30,2014-09-30,2013-09-27,2014-09-26,2013-09-27,2014-09-26
2013-09-30,VIG,12,2014-09-30,2014-09-30,2013-09-27,2014-09-26,2013-09-27,2014-09-26
2013-09-30,VMBS,12,2014-09-30,2014-09-30,2013-09-27,2014-09-26,2013-09-27,2014-09-26
2013-09-30,VOO,12,2014-09-30,2014-09-30,2013-09-27,2014-09-26,2013-09-27,2014-09-26
2013-09-30,VWO,12,2014-09-30,2014-09-30,2013-09-27,2014-09-26,2013-09-27,2014-09-26
2013-09-30,VXUS,12,2014-09-30,2014-09-30,2013-09-27,2014-09-26,2013-09-27,2014-09-26
2013-10-31,BND,12,2014-10-31,2014-10-31,2013-10-25,2014-10-31,2013-10-25,2014-10-31
2013-10-31,DBC,12,2014-10-31,2014-10-31,2013-10-25,2014-10-31,2013-10-25,2014-10-31
2013-10-31,GLD,12,2014-10-31,2014-10-31,2013-10-25,2014-10-31,2013-10-25,2014-10-31
2013-10-31,VDE,12,2014-10-31,2014-10-31,2013-10-25,2014-10-31,2013-10-25,2014-10-31
2013-10-31,VGT,12,2014-10-31,2014-10-31,2013-10-25,2014-10-31,2013-10-25,2014-10-31
2013-10-31,VIG,12,2014-10-31,2014-10-31,2013-10-25,2014-10-31,2013-10-25,2014-10-31
2013-10-31,VMBS,12,2014-10-31,2014-10-31,2013-10-25,2014-10-31,2013-10-25,2014-10-31
2013-10-31,VOO,12,2014-10-31,2014-10-31,2013-10-25,2014-10-31,2013-10-25,2014-10-31
2013-10-31,VWO,12,2014-10-31,2014-10-31,2013-10-25,2014-10-31,2013-10-25,2014-10-31
2013-10-31,VXUS,12,2014-10-31,2014-10-31,2013-10-25,2014-10-31,2013-10-25,2014-10-31
2013-11-29,BND,12,2014-11-28,2014-11-28,2013-11-29,2014-11-28,2013-11-29,2014-11-28
2013-11-29,DBC,12,2014-11-28,2014-11-28,2013-11-29,2014-11-28,2013-11-29,2014-11-28
2013-11-29,GLD,12,2014-11-28,2014-11-28,2013-11-29,2014-11-28,2013-11-29,2014-11-28
2013-11-29,VDE,12,2014-11-28,2014-11-28,2013-11-29,2014-11-28,2013-11-29,2014-11-28
2013-11-29,VGT,12,2014-11-28,2014-11-28,2013-11-29,2014-11-28,2013-11-29,2014-11-28
2013-11-29,VIG,12,2014-11-28,2014-11-28,2013-11-29,2014-11-28,2013-11-29,2014-11-28
2013-11-29,VMBS,12,2014-11-28,2014-11-28,2013-11-29,2014-11-28,2013-11-29,2014-11-28
2013-11-29,VOO,12,2014-11-28,2014-11-28,2013-11-29,2014-11-28,2013-11-29,2014-11-28
2013-11-29,VWO,12,2014-11-28,2014-11-28,2013-11-29,2014-11-28,2013-11-29,2014-11-28
2013-11-29,VXUS,12,2014-11-28,2014-11-28,2013-11-29,2014-11-28,2013-11-29,2014-11-28
2013-12-31,BND,12,2014-12-31,2014-12-31,2013-12-27,2014-12-26,2013-12-27,2014-12-26
2013-12-31,DBC,12,2014-12-31,2014-12-31,2013-12-27,2014-12-26,2013-12-27,2014-12-26
2013-12-31,GLD,12,2014-12-31,2014-12-31,2013-12-27,2014-12-26,2013-12-27,2014-12-26
2013-12-31,VDE,12,2014-12-31,2014-12-31,2013-12-27,2014-12-26,2013-12-27,2014-12-26
2013-12-31,VGT,12,2014-12-31,2014-12-31,2013-12-27,2014-12-26,2013-12-27,2014-12-26
2013-12-31,VIG,12,2014-12-31,2014-12-31,2013-12-27,2014-12-26,2013-12-27,2014-12-26
2013-12-31,VMBS,12,2014-12-31,2014-12-31,2013-12-27,2014-12-26,2013-12-27,2014-12-26
2013-12-31,VOO,12,2014-12-31,2014-12-31,2013-12-27,2014-12-26,2013-12-27,2014-12-26
2013-12-31,VWO,12,2014-12-31,2014-12-31,2013-12-27,2014-12-26,2013-12-27,2014-12-26
2013-12-31,VXUS,12,2014-12-31,2014-12-31,2013-12-27,2014-12-26,2013-12-27,2014-12-26
2014-01-31,BND,12,2015-01-30,2015-01-30,2014-01-31,2015-01-30,2014-01-31,2015-01-30
2014-01-31,DBC,12,2015-01-30,2015-01-30,2014-01-31,2015-01-30,2014-01-31,2015-01-30
2014-01-31,GLD,12,2015-01-30,2015-01-30,2014-01-31,2015-01-30,2014-01-31,2015-01-30
2014-01-31,VDE,12,2015-01-30,2015-01-30,2014-01-31,2015-01-30,2014-01-31,2015-01-30
2014-01-31,VGT,12,2015-01-30,2015-01-30,2014-01-31,2015-01-30,2014-01-31,2015-01-30
2014-01-31,VIG,12,2015-01-30,2015-01-30,2014-01-31,2015-01-30,2014-01-31,2015-01-30
2014-01-31,VMBS,12,2015-01-30,2015-01-30,2014-01-31,2015-01-30,2014-01-31,2015-01-30
2014-01-31,VOO,12,2015-01-30,2015-01-30,2014-01-31,2015-01-30,2014-01-31,2015-01-30
2014-01-31,VWO,12,2015-01-30,2015-01-30,2014-01-31,2015-01-30,2014-01-31,2015-01-30
2014-01-31,VXUS,12,2015-01-30,2015-01-30,2014-01-31,2015-01-30,2014-01-31,2015-01-30
2014-02-28,BND,12,2015-02-27,2015-02-27,2014-02-28,2015-02-27,2014-02-28,2015-02-27
2014-02-28,DBC,12,2015-02-27,2015-02-27,2014-02-28,2015-02-27,2014-02-28,2015-02-27
2014-02-28,GLD,12,2015-02-27,2015-02-27,2014-02-28,2015-02-27,2014-02-28,2015-02-27
2014-02-28,VDE,12,2015-02-27,2015-02-27,2014-02-28,2015-02-27,2014-02-28,2015-02-27
2014-02-28,VGT,12,2015-02-27,2015-02-27,2014-02-28,2015-02-27,2014-02-28,2015-02-27
2014-02-28,VIG,12,2015-02-27,2015-02-27,2014-02-28,2015-02-27,2014-02-28,2015-02-27
2014-02-28,VMBS,12,2015-02-27,2015-02-27,2014-02-28,2015-02-27,2014-02-28,2015-02-27
2014-02-28,VOO,12,2015-02-27,2015-02-27,2014-02-28,2015-02-27,2014-02-28,2015-02-27
2014-02-28,VWO,12,2015-02-27,2015-02-27,2014-02-28,2015-02-27,2014-02-28,2015-02-27
2014-02-28,VXUS,12,2015-02-27,2015-02-27,2014-02-28,2015-02-27,2014-02-28,2015-02-27
2014-03-31,BND,12,2015-03-31,2015-03-31,2014-03-28,2015-03-27,2014-03-28,2015-03-27
2014-03-31,DBC,12,2015-03-31,2015-03-31,2014-03-28,2015-03-27,2014-03-28,2015-03-27
2014-03-31,GLD,12,2015-03-31,2015-03-31,2014-03-28,2015-03-27,2014-03-28,2015-03-27
2014-03-31,VDE,12,2015-03-31,2015-03-31,2014-03-28,2015-03-27,2014-03-28,2015-03-27
2014-03-31,VGT,12,2015-03-31,2015-03-31,2014-03-28,2015-03-27,2014-03-28,2015-03-27
2014-03-31,VIG,12,2015-03-31,2015-03-31,2014-03-28,2015-03-27,2014-03-28,2015-03-27
2014-03-31,VMBS,12,2015-03-31,2015-03-31,2014-03-28,2015-03-27,2014-03-28,2015-03-27
2014-03-31,VOO,12,2015-03-31,2015-03-31,2014-03-28,2015-03-27,2014-03-28,2015-03-27
2014-03-31,VWO,12,2015-03-31,2015-03-31,2014-03-28,2015-03-27,2014-03-28,2015-03-27
2014-03-31,VXUS,12,2015-03-31,2015-03-31,2014-03-28,2015-03-27,2014-03-28,2015-03-27
2014-04-30,BND,12,2015-04-30,2015-04-30,2014-04-25,2015-04-24,2014-04-25,2015-04-24
2014-04-30,DBC,12,2015-04-30,2015-04-30,2014-04-25,2015-04-24,2014-04-25,2015-04-24
2014-04-30,GLD,12,2015-04-30,2015-04-30,2014-04-25,2015-04-24,2014-04-25,2015-04-24
2014-04-30,VDE,12,2015-04-30,2015-04-30,2014-04-25,2015-04-24,2014-04-25,2015-04-24
2014-04-30,VGT,12,2015-04-30,2015-04-30,2014-04-25,2015-04-24,2014-04-25,2015-04-24
2014-04-30,VIG,12,2015-04-30,2015-04-30,2014-04-25,2015-04-24,2014-04-25,2015-04-24
2014-04-30,VMBS,12,2015-04-30,2015-04-30,2014-04-25,2015-04-24,2014-04-25,2015-04-24
2014-04-30,VOO,12,2015-04-30,2015-04-30,2014-04-25,2015-04-24,2014-04-25,2015-04-24
2014-04-30,VWO,12,2015-04-30,2015-04-30,2014-04-25,2015-04-24,2014-04-25,2015-04-24
2014-04-30,VXUS,12,2015-04-30,2015-04-30,2014-04-25,2015-04-24,2014-04-25,2015-04-24
2014-05-30,BND,12,2015-05-29,2015-05-29,2014-05-30,2015-05-29,2014-05-30,2015-05-29
2014-05-30,DBC,12,2015-05-29,2015-05-29,2014-05-30,2015-05-29,2014-05-30,2015-05-29
2014-05-30,GLD,12,2015-05-29,2015-05-29,2014-05-30,2015-05-29,2014-05-30,2015-05-29
2014-05-30,VDE,12,2015-05-29,2015-05-29,2014-05-30,2015-05-29,2014-05-30,2015-05-29
2014-05-30,VGT,12,2015-05-29,2015-05-29,2014-05-30,2015-05-29,2014-05-30,2015-05-29
2014-05-30,VIG,12,2015-05-29,2015-05-29,2014-05-30,2015-05-29,2014-05-30,2015-05-29
2014-05-30,VMBS,12,2015-05-29,2015-05-29,2014-05-30,2015-05-29,2014-05-30,2015-05-29
2014-05-30,VOO,12,2015-05-29,2015-05-29,2014-05-30,2015-05-29,2014-05-30,2015-05-29
2014-05-30,VWO,12,2015-05-29,2015-05-29,2014-05-30,2015-05-29,2014-05-30,2015-05-29
2014-05-30,VXUS,12,2015-05-29,2015-05-29,2014-05-30,2015-05-29,2014-05-30,2015-05-29
2014-06-30,BND,12,2015-06-30,2015-06-30,2014-06-27,2015-06-26,2014-06-27,2015-06-26
2014-06-30,DBC,12,2015-06-30,2015-06-30,2014-06-27,2015-06-26,2014-06-27,2015-06-26
2014-06-30,GLD,12,2015-06-30,2015-06-30,2014-06-27,2015-06-26,2014-06-27,2015-06-26
2014-06-30,VDE,12,2015-06-30,2015-06-30,2014-06-27,2015-06-26,2014-06-27,2015-06-26
2014-06-30,VGT,12,2015-06-30,2015-06-30,2014-06-27,2015-06-26,2014-06-27,2015-06-26
2014-06-30,VIG,12,2015-06-30,2015-06-30,2014-06-27,2015-06-26,2014-06-27,2015-06-26
2014-06-30,VMBS,12,2015-06-30,2015-06-30,2014-06-27,2015-06-26,2014-06-27,2015-06-26
2014-06-30,VOO,12,2015-06-30,2015-06-30,2014-06-27,2015-06-26,2014-06-27,2015-06-26
2014-06-30,VWO,12,2015-06-30,2015-06-30,2014-06-27,2015-06-26,2014-06-27,2015-06-26
2014-06-30,VXUS,12,2015-06-30,2015-06-30,2014-06-27,2015-06-26,2014-06-27,2015-06-26
2014-07-31,BND,12,2015-07-31,2015-07-31,2014-07-25,2015-07-31,2014-07-25,2015-07-31
2014-07-31,DBC,12,2015-07-31,2015-07-31,2014-07-25,2015-07-31,2014-07-25,2015-07-31
2014-07-31,GLD,12,2015-07-31,2015-07-31,2014-07-25,2015-07-31,2014-07-25,2015-07-31
2014-07-31,VDE,12,2015-07-31,2015-07-31,2014-07-25,2015-07-31,2014-07-25,2015-07-31
2014-07-31,VGT,12,2015-07-31,2015-07-31,2014-07-25,2015-07-31,2014-07-25,2015-07-31
2014-07-31,VIG,12,2015-07-31,2015-07-31,2014-07-25,2015-07-31,2014-07-25,2015-07-31
2014-07-31,VMBS,12,2015-07-31,2015-07-31,2014-07-25,2015-07-31,2014-07-25,2015-07-31
2014-07-31,VOO,12,2015-07-31,2015-07-31,2014-07-25,2015-07-31,2014-07-25,2015-07-31
2014-07-31,VWO,12,2015-07-31,2015-07-31,2014-07-25,2015-07-31,2014-07-25,2015-07-31
2014-07-31,VXUS,12,2015-07-31,2015-07-31,2014-07-25,2015-07-31,2014-07-25,2015-07-31
2014-08-29,BND,12,2015-08-31,2015-08-31,2014-08-29,2015-08-28,2014-08-29,2015-08-28
2014-08-29,DBC,12,2015-08-31,2015-08-31,2014-08-29,2015-08-28,2014-08-29,2015-08-28
2014-08-29,GLD,12,2015-08-31,2015-08-31,2014-08-29,2015-08-28,2014-08-29,2015-08-28
2014-08-29,VDE,12,2015-08-31,2015-08-31,2014-08-29,2015-08-28,2014-08-29,2015-08-28
2014-08-29,VGT,12,2015-08-31,2015-08-31,2014-08-29,2015-08-28,2014-08-29,2015-08-28
2014-08-29,VIG,12,2015-08-31,2015-08-31,2014-08-29,2015-08-28,2014-08-29,2015-08-28
2014-08-29,VMBS,12,2015-08-31,2015-08-31,2014-08-29,2015-08-28,2014-08-29,2015-08-28
2014-08-29,VOO,12,2015-08-31,2015-08-31,2014-08-29,2015-08-28,2014-08-29,2015-08-28
2014-08-29,VWO,12,2015-08-31,2015-08-31,2014-08-29,2015-08-28,2014-08-29,2015-08-28
2014-08-29,VXUS,12,2015-08-31,2015-08-31,2014-08-29,2015-08-28,2014-08-29,2015-08-28
2014-09-30,BND,12,2015-09-30,2015-09-30,2014-09-26,2015-09-25,2014-09-26,2015-09-25
2014-09-30,DBC,12,2015-09-30,2015-09-30,2014-09-26,2015-09-25,2014-09-26,2015-09-25
2014-09-30,GLD,12,2015-09-30,2015-09-30,2014-09-26,2015-09-25,2014-09-26,2015-09-25
2014-09-30,VDE,12,2015-09-30,2015-09-30,2014-09-26,2015-09-25,2014-09-26,2015-09-25
2014-09-30,VGT,12,2015-09-30,2015-09-30,2014-09-26,2015-09-25,2014-09-26,2015-09-25
2014-09-30,VIG,12,2015-09-30,2015-09-30,2014-09-26,2015-09-25,2014-09-26,2015-09-25
2014-09-30,VMBS,12,2015-09-30,2015-09-30,2014-09-26,2015-09-25,2014-09-26,2015-09-25
2014-09-30,VOO,12,2015-09-30,2015-09-30,2014-09-26,2015-09-25,2014-09-26,2015-09-25
2014-09-30,VWO,12,2015-09-30,2015-09-30,2014-09-26,2015-09-25,2014-09-26,2015-09-25
2014-09-30,VXUS,12,2015-09-30,2015-09-30,2014-09-26,2015-09-25,2014-09-26,2015-09-25
2014-10-31,BND,12,2015-10-30,2015-10-30,2014-10-31,2015-10-30,2014-10-31,2015-10-30
2014-10-31,DBC,12,2015-10-30,2015-10-30,2014-10-31,2015-10-30,2014-10-31,2015-10-30
2014-10-31,GLD,12,2015-10-30,2015-10-30,2014-10-31,2015-10-30,2014-10-31,2015-10-30
2014-10-31,VDE,12,2015-10-30,2015-10-30,2014-10-31,2015-10-30,2014-10-31,2015-10-30
2014-10-31,VGT,12,2015-10-30,2015-10-30,2014-10-31,2015-10-30,2014-10-31,2015-10-30
2014-10-31,VIG,12,2015-10-30,2015-10-30,2014-10-31,2015-10-30,2014-10-31,2015-10-30
2014-10-31,VMBS,12,2015-10-30,2015-10-30,2014-10-31,2015-10-30,2014-10-31,2015-10-30
2014-10-31,VOO,12,2015-10-30,2015-10-30,2014-10-31,2015-10-30,2014-10-31,2015-10-30
2014-10-31,VWO,12,2015-10-30,2015-10-30,2014-10-31,2015-10-30,2014-10-31,2015-10-30
2014-10-31,VXUS,12,2015-10-30,2015-10-30,2014-10-31,2015-10-30,2014-10-31,2015-10-30
2014-11-28,BND,12,2015-11-30,2015-11-30,2014-11-28,2015-11-27,2014-11-28,2015-11-27
2014-11-28,DBC,12,2015-11-30,2015-11-30,2014-11-28,2015-11-27,2014-11-28,2015-11-27
2014-11-28,GLD,12,2015-11-30,2015-11-30,2014-11-28,2015-11-27,2014-11-28,2015-11-27
2014-11-28,VDE,12,2015-11-30,2015-11-30,2014-11-28,2015-11-27,2014-11-28,2015-11-27
2014-11-28,VGT,12,2015-11-30,2015-11-30,2014-11-28,2015-11-27,2014-11-28,2015-11-27
2014-11-28,VIG,12,2015-11-30,2015-11-30,2014-11-28,2015-11-27,2014-11-28,2015-11-27
2014-11-28,VMBS,12,2015-11-30,2015-11-30,2014-11-28,2015-11-27,2014-11-28,2015-11-27
2014-11-28,VOO,12,2015-11-30,2015-11-30,2014-11-28,2015-11-27,2014-11-28,2015-11-27
2014-11-28,VWO,12,2015-11-30,2015-11-30,2014-11-28,2015-11-27,2014-11-28,2015-11-27
2014-11-28,VXUS,12,2015-11-30,2015-11-30,2014-11-28,2015-11-27,2014-11-28,2015-11-27
2014-12-31,BND,12,2015-12-31,2015-12-31,2014-12-26,2015-12-31,2014-12-26,2015-12-31
2014-12-31,DBC,12,2015-12-31,2015-12-31,2014-12-26,2015-12-31,2014-12-26,2015-12-31
2014-12-31,GLD,12,2015-12-31,2015-12-31,2014-12-26,2015-12-31,2014-12-26,2015-12-31
2014-12-31,VDE,12,2015-12-31,2015-12-31,2014-12-26,2015-12-31,2014-12-26,2015-12-31
2014-12-31,VGT,12,2015-12-31,2015-12-31,2014-12-26,2015-12-31,2014-12-26,2015-12-31
2014-12-31,VIG,12,2015-12-31,2015-12-31,2014-12-26,2015-12-31,2014-12-26,2015-12-31
2014-12-31,VMBS,12,2015-12-31,2015-12-31,2014-12-26,2015-12-31,2014-12-26,2015-12-31
2014-12-31,VOO,12,2015-12-31,2015-12-31,2014-12-26,2015-12-31,2014-12-26,2015-12-31
2014-12-31,VWO,12,2015-12-31,2015-12-31,2014-12-26,2015-12-31,2014-12-26,2015-12-31
2014-12-31,VXUS,12,2015-12-31,2015-12-31,2014-12-26,2015-12-31,2014-12-26,2015-12-31
2015-01-30,BND,12,2016-01-29,2016-01-29,2015-01-30,2016-01-29,2015-01-30,2016-01-29
2015-01-30,DBC,12,2016-01-29,2016-01-29,2015-01-30,2016-01-29,2015-01-30,2016-01-29
2015-01-30,GLD,12,2016-01-29,2016-01-29,2015-01-30,2016-01-29,2015-01-30,2016-01-29
2015-01-30,VDE,12,2016-01-29,2016-01-29,2015-01-30,2016-01-29,2015-01-30,2016-01-29
2015-01-30,VGT,12,2016-01-29,2016-01-29,2015-01-30,2016-01-29,2015-01-30,2016-01-29
2015-01-30,VIG,12,2016-01-29,2016-01-29,2015-01-30,2016-01-29,2015-01-30,2016-01-29
2015-01-30,VMBS,12,2016-01-29,2016-01-29,2015-01-30,2016-01-29,2015-01-30,2016-01-29
2015-01-30,VOO,12,2016-01-29,2016-01-29,2015-01-30,2016-01-29,2015-01-30,2016-01-29
2015-01-30,VWO,12,2016-01-29,2016-01-29,2015-01-30,2016-01-29,2015-01-30,2016-01-29
2015-01-30,VXUS,12,2016-01-29,2016-01-29,2015-01-30,2016-01-29,2015-01-30,2016-01-29
2015-02-27,BND,12,2016-02-29,2016-02-29,2015-02-27,2016-02-26,2015-02-27,2016-02-26
2015-02-27,DBC,12,2016-02-29,2016-02-29,2015-02-27,2016-02-26,2015-02-27,2016-02-26
2015-02-27,GLD,12,2016-02-29,2016-02-29,2015-02-27,2016-02-26,2015-02-27,2016-02-26
2015-02-27,VDE,12,2016-02-29,2016-02-29,2015-02-27,2016-02-26,2015-02-27,2016-02-26
2015-02-27,VGT,12,2016-02-29,2016-02-29,2015-02-27,2016-02-26,2015-02-27,2016-02-26
2015-02-27,VIG,12,2016-02-29,2016-02-29,2015-02-27,2016-02-26,2015-02-27,2016-02-26
2015-02-27,VMBS,12,2016-02-29,2016-02-29,2015-02-27,2016-02-26,2015-02-27,2016-02-26
2015-02-27,VOO,12,2016-02-29,2016-02-29,2015-02-27,2016-02-26,2015-02-27,2016-02-26
2015-02-27,VWO,12,2016-02-29,2016-02-29,2015-02-27,2016-02-26,2015-02-27,2016-02-26
2015-02-27,VXUS,12,2016-02-29,2016-02-29,2015-02-27,2016-02-26,2015-02-27,2016-02-26
2015-03-31,BND,12,2016-03-31,2016-03-31,2015-03-27,2016-03-24,2015-03-27,2016-03-24
2015-03-31,DBC,12,2016-03-31,2016-03-31,2015-03-27,2016-03-24,2015-03-27,2016-03-24
2015-03-31,GLD,12,2016-03-31,2016-03-31,2015-03-27,2016-03-24,2015-03-27,2016-03-24
2015-03-31,VDE,12,2016-03-31,2016-03-31,2015-03-27,2016-03-24,2015-03-27,2016-03-24
2015-03-31,VGT,12,2016-03-31,2016-03-31,2015-03-27,2016-03-24,2015-03-27,2016-03-24
2015-03-31,VIG,12,2016-03-31,2016-03-31,2015-03-27,2016-03-24,2015-03-27,2016-03-24
2015-03-31,VMBS,12,2016-03-31,2016-03-31,2015-03-27,2016-03-24,2015-03-27,2016-03-24
2015-03-31,VOO,12,2016-03-31,2016-03-31,2015-03-27,2016-03-24,2015-03-27,2016-03-24
2015-03-31,VWO,12,2016-03-31,2016-03-31,2015-03-27,2016-03-24,2015-03-27,2016-03-24
2015-03-31,VXUS,12,2016-03-31,2016-03-31,2015-03-27,2016-03-24,2015-03-27,2016-03-24
2015-04-30,BND,12,2016-04-29,2016-04-29,2015-04-24,2016-04-29,2015-04-24,2016-04-29
2015-04-30,DBC,12,2016-04-29,2016-04-29,2015-04-24,2016-04-29,2015-04-24,2016-04-29
2015-04-30,GLD,12,2016-04-29,2016-04-29,2015-04-24,2016-04-29,2015-04-24,2016-04-29
2015-04-30,VDE,12,2016-04-29,2016-04-29,2015-04-24,2016-04-29,2015-04-24,2016-04-29
2015-04-30,VGT,12,2016-04-29,2016-04-29,2015-04-24,2016-04-29,2015-04-24,2016-04-29
2015-04-30,VIG,12,2016-04-29,2016-04-29,2015-04-24,2016-04-29,2015-04-24,2016-04-29
2015-04-30,VMBS,12,2016-04-29,2016-04-29,2015-04-24,2016-04-29,2015-04-24,2016-04-29
2015-04-30,VOO,12,2016-04-29,2016-04-29,2015-04-24,2016-04-29,2015-04-24,2016-04-29
2015-04-30,VWO,12,2016-04-29,2016-04-29,2015-04-24,2016-04-29,2015-04-24,2016-04-29
2015-04-30,VXUS,12,2016-04-29,2016-04-29,2015-04-24,2016-04-29,2015-04-24,2016-04-29
2015-05-29,BND,12,2016-05-31,2016-05-31,2015-05-29,2016-05-27,2015-05-29,2016-05-27
2015-05-29,DBC,12,2016-05-31,2016-05-31,2015-05-29,2016-05-27,2015-05-29,2016-05-27
2015-05-29,GLD,12,2016-05-31,2016-05-31,2015-05-29,2016-05-27,2015-05-29,2016-05-27
2015-05-29,VDE,12,2016-05-31,2016-05-31,2015-05-29,2016-05-27,2015-05-29,2016-05-27
2015-05-29,VGT,12,2016-05-31,2016-05-31,2015-05-29,2016-05-27,2015-05-29,2016-05-27
2015-05-29,VIG,12,2016-05-31,2016-05-31,2015-05-29,2016-05-27,2015-05-29,2016-05-27
2015-05-29,VMBS,12,2016-05-31,2016-05-31,2015-05-29,2016-05-27,2015-05-29,2016-05-27
2015-05-29,VOO,12,2016-05-31,2016-05-31,2015-05-29,2016-05-27,2015-05-29,2016-05-27
2015-05-29,VWO,12,2016-05-31,2016-05-31,2015-05-29,2016-05-27,2015-05-29,2016-05-27
2015-05-29,VXUS,12,2016-05-31,2016-05-31,2015-05-29,2016-05-27,2015-05-29,2016-05-27
2015-06-30,BND,12,2016-06-30,2016-06-30,2015-06-26,2016-06-24,2015-06-26,2016-06-24
2015-06-30,DBC,12,2016-06-30,2016-06-30,2015-06-26,2016-06-24,2015-06-26,2016-06-24
2015-06-30,GLD,12,2016-06-30,2016-06-30,2015-06-26,2016-06-24,2015-06-26,2016-06-24
2015-06-30,VDE,12,2016-06-30,2016-06-30,2015-06-26,2016-06-24,2015-06-26,2016-06-24
2015-06-30,VGT,12,2016-06-30,2016-06-30,2015-06-26,2016-06-24,2015-06-26,2016-06-24
2015-06-30,VIG,12,2016-06-30,2016-06-30,2015-06-26,2016-06-24,2015-06-26,2016-06-24
2015-06-30,VMBS,12,2016-06-30,2016-06-30,2015-06-26,2016-06-24,2015-06-26,2016-06-24
2015-06-30,VOO,12,2016-06-30,2016-06-30,2015-06-26,2016-06-24,2015-06-26,2016-06-24
2015-06-30,VWO,12,2016-06-30,2016-06-30,2015-06-26,2016-06-24,2015-06-26,2016-06-24
2015-06-30,VXUS,12,2016-06-30,2016-06-30,2015-06-26,2016-06-24,2015-06-26,2016-06-24
2015-07-31,BND,12,2016-07-29,2016-07-29,2015-07-31,2016-07-29,2015-07-31,2016-07-29
2015-07-31,DBC,12,2016-07-29,2016-07-29,2015-07-31,2016-07-29,2015-07-31,2016-07-29
2015-07-31,GLD,12,2016-07-29,2016-07-29,2015-07-31,2016-07-29,2015-07-31,2016-07-29
2015-07-31,VDE,12,2016-07-29,2016-07-29,2015-07-31,2016-07-29,2015-07-31,2016-07-29
2015-07-31,VGT,12,2016-07-29,2016-07-29,2015-07-31,2016-07-29,2015-07-31,2016-07-29
2015-07-31,VIG,12,2016-07-29,2016-07-29,2015-07-31,2016-07-29,2015-07-31,2016-07-29
2015-07-31,VMBS,12,2016-07-29,2016-07-29,2015-07-31,2016-07-29,2015-07-31,2016-07-29
2015-07-31,VOO,12,2016-07-29,2016-07-29,2015-07-31,2016-07-29,2015-07-31,2016-07-29
2015-07-31,VWO,12,2016-07-29,2016-07-29,2015-07-31,2016-07-29,2015-07-31,2016-07-29
2015-07-31,VXUS,12,2016-07-29,2016-07-29,2015-07-31,2016-07-29,2015-07-31,2016-07-29
2015-08-31,BND,12,2016-08-31,2016-08-31,2015-08-28,2016-08-26,2015-08-28,2016-08-26
2015-08-31,DBC,12,2016-08-31,2016-08-31,2015-08-28,2016-08-26,2015-08-28,2016-08-26
2015-08-31,GLD,12,2016-08-31,2016-08-31,2015-08-28,2016-08-26,2015-08-28,2016-08-26
2015-08-31,VDE,12,2016-08-31,2016-08-31,2015-08-28,2016-08-26,2015-08-28,2016-08-26
2015-08-31,VGT,12,2016-08-31,2016-08-31,2015-08-28,2016-08-26,2015-08-28,2016-08-26
2015-08-31,VIG,12,2016-08-31,2016-08-31,2015-08-28,2016-08-26,2015-08-28,2016-08-26
2015-08-31,VMBS,12,2016-08-31,2016-08-31,2015-08-28,2016-08-26,2015-08-28,2016-08-26
2015-08-31,VOO,12,2016-08-31,2016-08-31,2015-08-28,2016-08-26,2015-08-28,2016-08-26
2015-08-31,VWO,12,2016-08-31,2016-08-31,2015-08-28,2016-08-26,2015-08-28,2016-08-26
2015-08-31,VXUS,12,2016-08-31,2016-08-31,2015-08-28,2016-08-26,2015-08-28,2016-08-26
2015-09-30,BND,12,2016-09-30,2016-09-30,2015-09-25,2016-09-30,2015-09-25,2016-09-30
2015-09-30,DBC,12,2016-09-30,2016-09-30,2015-09-25,2016-09-30,2015-09-25,2016-09-30
2015-09-30,GLD,12,2016-09-30,2016-09-30,2015-09-25,2016-09-30,2015-09-25,2016-09-30
2015-09-30,VDE,12,2016-09-30,2016-09-30,2015-09-25,2016-09-30,2015-09-25,2016-09-30
2015-09-30,VGT,12,2016-09-30,2016-09-30,2015-09-25,2016-09-30,2015-09-25,2016-09-30
2015-09-30,VIG,12,2016-09-30,2016-09-30,2015-09-25,2016-09-30,2015-09-25,2016-09-30
2015-09-30,VMBS,12,2016-09-30,2016-09-30,2015-09-25,2016-09-30,2015-09-25,2016-09-30
2015-09-30,VOO,12,2016-09-30,2016-09-30,2015-09-25,2016-09-30,2015-09-25,2016-09-30
2015-09-30,VWO,12,2016-09-30,2016-09-30,2015-09-25,2016-09-30,2015-09-25,2016-09-30
2015-09-30,VXUS,12,2016-09-30,2016-09-30,2015-09-25,2016-09-30,2015-09-25,2016-09-30
2015-10-30,BND,12,2016-10-31,2016-10-31,2015-10-30,2016-10-28,2015-10-30,2016-10-28
2015-10-30,DBC,12,2016-10-31,2016-10-31,2015-10-30,2016-10-28,2015-10-30,2016-10-28
2015-10-30,GLD,12,2016-10-31,2016-10-31,2015-10-30,2016-10-28,2015-10-30,2016-10-28
2015-10-30,VDE,12,2016-10-31,2016-10-31,2015-10-30,2016-10-28,2015-10-30,2016-10-28
2015-10-30,VGT,12,2016-10-31,2016-10-31,2015-10-30,2016-10-28,2015-10-30,2016-10-28
2015-10-30,VIG,12,2016-10-31,2016-10-31,2015-10-30,2016-10-28,2015-10-30,2016-10-28
2015-10-30,VMBS,12,2016-10-31,2016-10-31,2015-10-30,2016-10-28,2015-10-30,2016-10-28
2015-10-30,VOO,12,2016-10-31,2016-10-31,2015-10-30,2016-10-28,2015-10-30,2016-10-28
2015-10-30,VWO,12,2016-10-31,2016-10-31,2015-10-30,2016-10-28,2015-10-30,2016-10-28
2015-10-30,VXUS,12,2016-10-31,2016-10-31,2015-10-30,2016-10-28,2015-10-30,2016-10-28
2015-11-30,BND,12,2016-11-30,2016-11-30,2015-11-27,2016-11-25,2015-11-27,2016-11-25
2015-11-30,DBC,12,2016-11-30,2016-11-30,2015-11-27,2016-11-25,2015-11-27,2016-11-25
2015-11-30,GLD,12,2016-11-30,2016-11-30,2015-11-27,2016-11-25,2015-11-27,2016-11-25
2015-11-30,VDE,12,2016-11-30,2016-11-30,2015-11-27,2016-11-25,2015-11-27,2016-11-25
2015-11-30,VGT,12,2016-11-30,2016-11-30,2015-11-27,2016-11-25,2015-11-27,2016-11-25
2015-11-30,VIG,12,2016-11-30,2016-11-30,2015-11-27,2016-11-25,2015-11-27,2016-11-25
2015-11-30,VMBS,12,2016-11-30,2016-11-30,2015-11-27,2016-11-25,2015-11-27,2016-11-25
2015-11-30,VOO,12,2016-11-30,2016-11-30,2015-11-27,2016-11-25,2015-11-27,2016-11-25
2015-11-30,VWO,12,2016-11-30,2016-11-30,2015-11-27,2016-11-25,2015-11-27,2016-11-25
2015-11-30,VXUS,12,2016-11-30,2016-11-30,2015-11-27,2016-11-25,2015-11-27,2016-11-25
2015-12-31,BND,12,2016-12-30,2016-12-30,2015-12-31,2016-12-30,2015-12-31,2016-12-30
2015-12-31,DBC,12,2016-12-30,2016-12-30,2015-12-31,2016-12-30,2015-12-31,2016-12-30
2015-12-31,GLD,12,2016-12-30,2016-12-30,2015-12-31,2016-12-30,2015-12-31,2016-12-30
2015-12-31,VDE,12,2016-12-30,2016-12-30,2015-12-31,2016-12-30,2015-12-31,2016-12-30
2015-12-31,VGT,12,2016-12-30,2016-12-30,2015-12-31,2016-12-30,2015-12-31,2016-12-30
2015-12-31,VIG,12,2016-12-30,2016-12-30,2015-12-31,2016-12-30,2015-12-31,2016-12-30
2015-12-31,VMBS,12,2016-12-30,2016-12-30,2015-12-31,2016-12-30,2015-12-31,2016-12-30
2015-12-31,VOO,12,2016-12-30,2016-12-30,2015-12-31,2016-12-30,2015-12-31,2016-12-30
2015-12-31,VWO,12,2016-12-30,2016-12-30,2015-12-31,2016-12-30,2015-12-31,2016-12-30
2015-12-31,VXUS,12,2016-12-30,2016-12-30,2015-12-31,2016-12-30,2015-12-31,2016-12-30
2016-01-29,BND,12,2017-01-31,2017-01-31,2016-01-29,2017-01-27,2016-01-29,2017-01-27
2016-01-29,DBC,12,2017-01-31,2017-01-31,2016-01-29,2017-01-27,2016-01-29,2017-01-27
2016-01-29,GLD,12,2017-01-31,2017-01-31,2016-01-29,2017-01-27,2016-01-29,2017-01-27
2016-01-29,VDE,12,2017-01-31,2017-01-31,2016-01-29,2017-01-27,2016-01-29,2017-01-27
2016-01-29,VGT,12,2017-01-31,2017-01-31,2016-01-29,2017-01-27,2016-01-29,2017-01-27
2016-01-29,VIG,12,2017-01-31,2017-01-31,2016-01-29,2017-01-27,2016-01-29,2017-01-27
2016-01-29,VMBS,12,2017-01-31,2017-01-31,2016-01-29,2017-01-27,2016-01-29,2017-01-27
2016-01-29,VOO,12,2017-01-31,2017-01-31,2016-01-29,2017-01-27,2016-01-29,2017-01-27
2016-01-29,VWO,12,2017-01-31,2017-01-31,2016-01-29,2017-01-27,2016-01-29,2017-01-27
2016-01-29,VXUS,12,2017-01-31,2017-01-31,2016-01-29,2017-01-27,2016-01-29,2017-01-27
2016-02-29,BND,12,2017-02-28,2017-02-28,2016-02-26,2017-02-24,2016-02-26,2017-02-24
2016-02-29,DBC,12,2017-02-28,2017-02-28,2016-02-26,2017-02-24,2016-02-26,2017-02-24
2016-02-29,GLD,12,2017-02-28,2017-02-28,2016-02-26,2017-02-24,2016-02-26,2017-02-24
2016-02-29,VDE,12,2017-02-28,2017-02-28,2016-02-26,2017-02-24,2016-02-26,2017-02-24
2016-02-29,VGT,12,2017-02-28,2017-02-28,2016-02-26,2017-02-24,2016-02-26,2017-02-24
2016-02-29,VIG,12,2017-02-28,2017-02-28,2016-02-26,2017-02-24,2016-02-26,2017-02-24
2016-02-29,VMBS,12,2017-02-28,2017-02-28,2016-02-26,2017-02-24,2016-02-26,2017-02-24
2016-02-29,VOO,12,2017-02-28,2017-02-28,2016-02-26,2017-02-24,2016-02-26,2017-02-24
2016-02-29,VWO,12,2017-02-28,2017-02-28,2016-02-26,2017-02-24,2016-02-26,2017-02-24
2016-02-29,VXUS,12,2017-02-28,2017-02-28,2016-02-26,2017-02-24,2016-02-26,2017-02-24
2016-03-31,BND,12,2017-03-31,2017-03-31,2016-03-24,2017-03-31,2016-03-24,2017-03-31
2016-03-31,DBC,12,2017-03-31,2017-03-31,2016-03-24,2017-03-31,2016-03-24,2017-03-31
2016-03-31,GLD,12,2017-03-31,2017-03-31,2016-03-24,2017-03-31,2016-03-24,2017-03-31
2016-03-31,VDE,12,2017-03-31,2017-03-31,2016-03-24,2017-03-31,2016-03-24,2017-03-31
2016-03-31,VGT,12,2017-03-31,2017-03-31,2016-03-24,2017-03-31,2016-03-24,2017-03-31
2016-03-31,VIG,12,2017-03-31,2017-03-31,2016-03-24,2017-03-31,2016-03-24,2017-03-31
2016-03-31,VMBS,12,2017-03-31,2017-03-31,2016-03-24,2017-03-31,2016-03-24,2017-03-31
2016-03-31,VOO,12,2017-03-31,2017-03-31,2016-03-24,2017-03-31,2016-03-24,2017-03-31
2016-03-31,VWO,12,2017-03-31,2017-03-31,2016-03-24,2017-03-31,2016-03-24,2017-03-31
2016-03-31,VXUS,12,2017-03-31,2017-03-31,2016-03-24,2017-03-31,2016-03-24,2017-03-31
2016-04-29,BND,12,2017-04-28,2017-04-28,2016-04-29,2017-04-28,2016-04-29,2017-04-28
2016-04-29,DBC,12,2017-04-28,2017-04-28,2016-04-29,2017-04-28,2016-04-29,2017-04-28
2016-04-29,GLD,12,2017-04-28,2017-04-28,2016-04-29,2017-04-28,2016-04-29,2017-04-28
2016-04-29,VDE,12,2017-04-28,2017-04-28,2016-04-29,2017-04-28,2016-04-29,2017-04-28
2016-04-29,VGT,12,2017-04-28,2017-04-28,2016-04-29,2017-04-28,2016-04-29,2017-04-28
2016-04-29,VIG,12,2017-04-28,2017-04-28,2016-04-29,2017-04-28,2016-04-29,2017-04-28
2016-04-29,VMBS,12,2017-04-28,2017-04-28,2016-04-29,2017-04-28,2016-04-29,2017-04-28
2016-04-29,VOO,12,2017-04-28,2017-04-28,2016-04-29,2017-04-28,2016-04-29,2017-04-28
2016-04-29,VWO,12,2017-04-28,2017-04-28,2016-04-29,2017-04-28,2016-04-29,2017-04-28
2016-04-29,VXUS,12,2017-04-28,2017-04-28,2016-04-29,2017-04-28,2016-04-29,2017-04-28
2016-05-31,BND,12,2017-05-31,2017-05-31,2016-05-27,2017-05-26,2016-05-27,2017-05-26
2016-05-31,DBC,12,2017-05-31,2017-05-31,2016-05-27,2017-05-26,2016-05-27,2017-05-26
2016-05-31,GLD,12,2017-05-31,2017-05-31,2016-05-27,2017-05-26,2016-05-27,2017-05-26
2016-05-31,VDE,12,2017-05-31,2017-05-31,2016-05-27,2017-05-26,2016-05-27,2017-05-26
2016-05-31,VGT,12,2017-05-31,2017-05-31,2016-05-27,2017-05-26,2016-05-27,2017-05-26
2016-05-31,VIG,12,2017-05-31,2017-05-31,2016-05-27,2017-05-26,2016-05-27,2017-05-26
2016-05-31,VMBS,12,2017-05-31,2017-05-31,2016-05-27,2017-05-26,2016-05-27,2017-05-26
2016-05-31,VOO,12,2017-05-31,2017-05-31,2016-05-27,2017-05-26,2016-05-27,2017-05-26
2016-05-31,VWO,12,2017-05-31,2017-05-31,2016-05-27,2017-05-26,2016-05-27,2017-05-26
2016-05-31,VXUS,12,2017-05-31,2017-05-31,2016-05-27,2017-05-26,2016-05-27,2017-05-26
2016-06-30,BND,12,2017-06-30,2017-06-30,2016-06-24,2017-06-30,2016-06-24,2017-06-30
2016-06-30,DBC,12,2017-06-30,2017-06-30,2016-06-24,2017-06-30,2016-06-24,2017-06-30
2016-06-30,GLD,12,2017-06-30,2017-06-30,2016-06-24,2017-06-30,2016-06-24,2017-06-30
2016-06-30,VDE,12,2017-06-30,2017-06-30,2016-06-24,2017-06-30,2016-06-24,2017-06-30
2016-06-30,VGT,12,2017-06-30,2017-06-30,2016-06-24,2017-06-30,2016-06-24,2017-06-30
2016-06-30,VIG,12,2017-06-30,2017-06-30,2016-06-24,2017-06-30,2016-06-24,2017-06-30
2016-06-30,VMBS,12,2017-06-30,2017-06-30,2016-06-24,2017-06-30,2016-06-24,2017-06-30
2016-06-30,VOO,12,2017-06-30,2017-06-30,2016-06-24,2017-06-30,2016-06-24,2017-06-30
2016-06-30,VWO,12,2017-06-30,2017-06-30,2016-06-24,2017-06-30,2016-06-24,2017-06-30
2016-06-30,VXUS,12,2017-06-30,2017-06-30,2016-06-24,2017-06-30,2016-06-24,2017-06-30
2016-07-29,BND,12,2017-07-31,2017-07-31,2016-07-29,2017-07-28,2016-07-29,2017-07-28
2016-07-29,DBC,12,2017-07-31,2017-07-31,2016-07-29,2017-07-28,2016-07-29,2017-07-28
2016-07-29,GLD,12,2017-07-31,2017-07-31,2016-07-29,2017-07-28,2016-07-29,2017-07-28
2016-07-29,VDE,12,2017-07-31,2017-07-31,2016-07-29,2017-07-28,2016-07-29,2017-07-28
2016-07-29,VGT,12,2017-07-31,2017-07-31,2016-07-29,2017-07-28,2016-07-29,2017-07-28
2016-07-29,VIG,12,2017-07-31,2017-07-31,2016-07-29,2017-07-28,2016-07-29,2017-07-28
2016-07-29,VMBS,12,2017-07-31,2017-07-31,2016-07-29,2017-07-28,2016-07-29,2017-07-28
2016-07-29,VOO,12,2017-07-31,2017-07-31,2016-07-29,2017-07-28,2016-07-29,2017-07-28
2016-07-29,VWO,12,2017-07-31,2017-07-31,2016-07-29,2017-07-28,2016-07-29,2017-07-28
2016-07-29,VXUS,12,2017-07-31,2017-07-31,2016-07-29,2017-07-28,2016-07-29,2017-07-28
2016-08-31,BND,12,2017-08-31,2017-08-31,2016-08-26,2017-08-25,2016-08-26,2017-08-25
2016-08-31,DBC,12,2017-08-31,2017-08-31,2016-08-26,2017-08-25,2016-08-26,2017-08-25
2016-08-31,GLD,12,2017-08-31,2017-08-31,2016-08-26,2017-08-25,2016-08-26,2017-08-25
2016-08-31,VDE,12,2017-08-31,2017-08-31,2016-08-26,2017-08-25,2016-08-26,2017-08-25
2016-08-31,VGT,12,2017-08-31,2017-08-31,2016-08-26,2017-08-25,2016-08-26,2017-08-25
2016-08-31,VIG,12,2017-08-31,2017-08-31,2016-08-26,2017-08-25,2016-08-26,2017-08-25
2016-08-31,VMBS,12,2017-08-31,2017-08-31,2016-08-26,2017-08-25,2016-08-26,2017-08-25
2016-08-31,VOO,12,2017-08-31,2017-08-31,2016-08-26,2017-08-25,2016-08-26,2017-08-25
2016-08-31,VWO,12,2017-08-31,2017-08-31,2016-08-26,2017-08-25,2016-08-26,2017-08-25
2016-08-31,VXUS,12,2017-08-31,2017-08-31,2016-08-26,2017-08-25,2016-08-26,2017-08-25
2016-09-30,BND,12,2017-09-29,2017-09-29,2016-09-30,2017-09-29,2016-09-30,2017-09-29
2016-09-30,DBC,12,2017-09-29,2017-09-29,2016-09-30,2017-09-29,2016-09-30,2017-09-29
2016-09-30,GLD,12,2017-09-29,2017-09-29,2016-09-30,2017-09-29,2016-09-30,2017-09-29
2016-09-30,VDE,12,2017-09-29,2017-09-29,2016-09-30,2017-09-29,2016-09-30,2017-09-29
2016-09-30,VGT,12,2017-09-29,2017-09-29,2016-09-30,2017-09-29,2016-09-30,2017-09-29
2016-09-30,VIG,12,2017-09-29,2017-09-29,2016-09-30,2017-09-29,2016-09-30,2017-09-29
2016-09-30,VMBS,12,2017-09-29,2017-09-29,2016-09-30,2017-09-29,2016-09-30,2017-09-29
2016-09-30,VOO,12,2017-09-29,2017-09-29,2016-09-30,2017-09-29,2016-09-30,2017-09-29
2016-09-30,VWO,12,2017-09-29,2017-09-29,2016-09-30,2017-09-29,2016-09-30,2017-09-29
2016-09-30,VXUS,12,2017-09-29,2017-09-29,2016-09-30,2017-09-29,2016-09-30,2017-09-29
2016-10-31,BND,12,2017-10-31,2017-10-31,2016-10-28,2017-10-27,2016-10-28,2017-10-27
2016-10-31,DBC,12,2017-10-31,2017-10-31,2016-10-28,2017-10-27,2016-10-28,2017-10-27
2016-10-31,GLD,12,2017-10-31,2017-10-31,2016-10-28,2017-10-27,2016-10-28,2017-10-27
2016-10-31,VDE,12,2017-10-31,2017-10-31,2016-10-28,2017-10-27,2016-10-28,2017-10-27
2016-10-31,VGT,12,2017-10-31,2017-10-31,2016-10-28,2017-10-27,2016-10-28,2017-10-27
2016-10-31,VIG,12,2017-10-31,2017-10-31,2016-10-28,2017-10-27,2016-10-28,2017-10-27
2016-10-31,VMBS,12,2017-10-31,2017-10-31,2016-10-28,2017-10-27,2016-10-28,2017-10-27
2016-10-31,VOO,12,2017-10-31,2017-10-31,2016-10-28,2017-10-27,2016-10-28,2017-10-27
2016-10-31,VWO,12,2017-10-31,2017-10-31,2016-10-28,2017-10-27,2016-10-28,2017-10-27
2016-10-31,VXUS,12,2017-10-31,2017-10-31,2016-10-28,2017-10-27,2016-10-28,2017-10-27
2016-11-30,BND,12,2017-11-30,2017-11-30,2016-11-25,2017-11-24,2016-11-25,2017-11-24
2016-11-30,DBC,12,2017-11-30,2017-11-30,2016-11-25,2017-11-24,2016-11-25,2017-11-24
2016-11-30,GLD,12,2017-11-30,2017-11-30,2016-11-25,2017-11-24,2016-11-25,2017-11-24
2016-11-30,VDE,12,2017-11-30,2017-11-30,2016-11-25,2017-11-24,2016-11-25,2017-11-24
2016-11-30,VGT,12,2017-11-30,2017-11-30,2016-11-25,2017-11-24,2016-11-25,2017-11-24
2016-11-30,VIG,12,2017-11-30,2017-11-30,2016-11-25,2017-11-24,2016-11-25,2017-11-24
2016-11-30,VMBS,12,2017-11-30,2017-11-30,2016-11-25,2017-11-24,2016-11-25,2017-11-24
2016-11-30,VOO,12,2017-11-30,2017-11-30,2016-11-25,2017-11-24,2016-11-25,2017-11-24
2016-11-30,VWO,12,2017-11-30,2017-11-30,2016-11-25,2017-11-24,2016-11-25,2017-11-24
2016-11-30,VXUS,12,2017-11-30,2017-11-30,2016-11-25,2017-11-24,2016-11-25,2017-11-24
2016-12-30,BND,12,2017-12-29,2017-12-29,2016-12-30,2017-12-29,2016-12-30,2017-12-29
2016-12-30,DBC,12,2017-12-29,2017-12-29,2016-12-30,2017-12-29,2016-12-30,2017-12-29
2016-12-30,GLD,12,2017-12-29,2017-12-29,2016-12-30,2017-12-29,2016-12-30,2017-12-29
2016-12-30,VDE,12,2017-12-29,2017-12-29,2016-12-30,2017-12-29,2016-12-30,2017-12-29
2016-12-30,VGT,12,2017-12-29,2017-12-29,2016-12-30,2017-12-29,2016-12-30,2017-12-29
2016-12-30,VIG,12,2017-12-29,2017-12-29,2016-12-30,2017-12-29,2016-12-30,2017-12-29
2016-12-30,VMBS,12,2017-12-29,2017-12-29,2016-12-30,2017-12-29,2016-12-30,2017-12-29
2016-12-30,VOO,12,2017-12-29,2017-12-29,2016-12-30,2017-12-29,2016-12-30,2017-12-29
2016-12-30,VWO,12,2017-12-29,2017-12-29,2016-12-30,2017-12-29,2016-12-30,2017-12-29
2016-12-30,VXUS,12,2017-12-29,2017-12-29,2016-12-30,2017-12-29,2016-12-30,2017-12-29
2017-01-31,BND,12,2018-01-31,2018-01-31,2017-01-27,2018-01-26,2017-01-27,2018-01-26
2017-01-31,DBC,12,2018-01-31,2018-01-31,2017-01-27,2018-01-26,2017-01-27,2018-01-26
2017-01-31,GLD,12,2018-01-31,2018-01-31,2017-01-27,2018-01-26,2017-01-27,2018-01-26
2017-01-31,VDE,12,2018-01-31,2018-01-31,2017-01-27,2018-01-26,2017-01-27,2018-01-26
2017-01-31,VGT,12,2018-01-31,2018-01-31,2017-01-27,2018-01-26,2017-01-27,2018-01-26
2017-01-31,VIG,12,2018-01-31,2018-01-31,2017-01-27,2018-01-26,2017-01-27,2018-01-26
2017-01-31,VMBS,12,2018-01-31,2018-01-31,2017-01-27,2018-01-26,2017-01-27,2018-01-26
2017-01-31,VOO,12,2018-01-31,2018-01-31,2017-01-27,2018-01-26,2017-01-27,2018-01-26
2017-01-31,VWO,12,2018-01-31,2018-01-31,2017-01-27,2018-01-26,2017-01-27,2018-01-26
2017-01-31,VXUS,12,2018-01-31,2018-01-31,2017-01-27,2018-01-26,2017-01-27,2018-01-26
2017-02-28,BND,12,2018-02-28,2018-02-28,2017-02-24,2018-02-23,2017-02-24,2018-02-23
2017-02-28,DBC,12,2018-02-28,2018-02-28,2017-02-24,2018-02-23,2017-02-24,2018-02-23
2017-02-28,GLD,12,2018-02-28,2018-02-28,2017-02-24,2018-02-23,2017-02-24,2018-02-23
2017-02-28,VDE,12,2018-02-28,2018-02-28,2017-02-24,2018-02-23,2017-02-24,2018-02-23
2017-02-28,VGT,12,2018-02-28,2018-02-28,2017-02-24,2018-02-23,2017-02-24,2018-02-23
2017-02-28,VIG,12,2018-02-28,2018-02-28,2017-02-24,2018-02-23,2017-02-24,2018-02-23
2017-02-28,VMBS,12,2018-02-28,2018-02-28,2017-02-24,2018-02-23,2017-02-24,2018-02-23
2017-02-28,VOO,12,2018-02-28,2018-02-28,2017-02-24,2018-02-23,2017-02-24,2018-02-23
2017-02-28,VWO,12,2018-02-28,2018-02-28,2017-02-24,2018-02-23,2017-02-24,2018-02-23
2017-02-28,VXUS,12,2018-02-28,2018-02-28,2017-02-24,2018-02-23,2017-02-24,2018-02-23
2017-03-31,BND,12,2018-03-30,2018-03-30,2017-03-31,2018-03-29,2017-03-31,2018-03-29
2017-03-31,DBC,12,2018-03-30,2018-03-30,2017-03-31,2018-03-29,2017-03-31,2018-03-29
2017-03-31,GLD,12,2018-03-30,2018-03-30,2017-03-31,2018-03-29,2017-03-31,2018-03-29
2017-03-31,VDE,12,2018-03-30,2018-03-30,2017-03-31,2018-03-29,2017-03-31,2018-03-29
2017-03-31,VGT,12,2018-03-30,2018-03-30,2017-03-31,2018-03-29,2017-03-31,2018-03-29
2017-03-31,VIG,12,2018-03-30,2018-03-30,2017-03-31,2018-03-29,2017-03-31,2018-03-29
2017-03-31,VMBS,12,2018-03-30,2018-03-30,2017-03-31,2018-03-29,2017-03-31,2018-03-29
2017-03-31,VOO,12,2018-03-30,2018-03-30,2017-03-31,2018-03-29,2017-03-31,2018-03-29
2017-03-31,VWO,12,2018-03-30,2018-03-30,2017-03-31,2018-03-29,2017-03-31,2018-03-29
2017-03-31,VXUS,12,2018-03-30,2018-03-30,2017-03-31,2018-03-29,2017-03-31,2018-03-29
2017-04-28,BND,12,2018-04-30,2018-04-30,2017-04-28,2018-04-27,2017-04-28,2018-04-27
2017-04-28,DBC,12,2018-04-30,2018-04-30,2017-04-28,2018-04-27,2017-04-28,2018-04-27
2017-04-28,GLD,12,2018-04-30,2018-04-30,2017-04-28,2018-04-27,2017-04-28,2018-04-27
2017-04-28,VDE,12,2018-04-30,2018-04-30,2017-04-28,2018-04-27,2017-04-28,2018-04-27
2017-04-28,VGT,12,2018-04-30,2018-04-30,2017-04-28,2018-04-27,2017-04-28,2018-04-27
2017-04-28,VIG,12,2018-04-30,2018-04-30,2017-04-28,2018-04-27,2017-04-28,2018-04-27
2017-04-28,VMBS,12,2018-04-30,2018-04-30,2017-04-28,2018-04-27,2017-04-28,2018-04-27
2017-04-28,VOO,12,2018-04-30,2018-04-30,2017-04-28,2018-04-27,2017-04-28,2018-04-27
2017-04-28,VWO,12,2018-04-30,2018-04-30,2017-04-28,2018-04-27,2017-04-28,2018-04-27
2017-04-28,VXUS,12,2018-04-30,2018-04-30,2017-04-28,2018-04-27,2017-04-28,2018-04-27
2017-05-31,BND,12,2018-05-31,2018-05-31,2017-05-26,2018-05-25,2017-05-26,2018-05-25
2017-05-31,DBC,12,2018-05-31,2018-05-31,2017-05-26,2018-05-25,2017-05-26,2018-05-25
2017-05-31,GLD,12,2018-05-31,2018-05-31,2017-05-26,2018-05-25,2017-05-26,2018-05-25
2017-05-31,VDE,12,2018-05-31,2018-05-31,2017-05-26,2018-05-25,2017-05-26,2018-05-25
2017-05-31,VGT,12,2018-05-31,2018-05-31,2017-05-26,2018-05-25,2017-05-26,2018-05-25
2017-05-31,VIG,12,2018-05-31,2018-05-31,2017-05-26,2018-05-25,2017-05-26,2018-05-25
2017-05-31,VMBS,12,2018-05-31,2018-05-31,2017-05-26,2018-05-25,2017-05-26,2018-05-25
2017-05-31,VOO,12,2018-05-31,2018-05-31,2017-05-26,2018-05-25,2017-05-26,2018-05-25
2017-05-31,VWO,12,2018-05-31,2018-05-31,2017-05-26,2018-05-25,2017-05-26,2018-05-25
2017-05-31,VXUS,12,2018-05-31,2018-05-31,2017-05-26,2018-05-25,2017-05-26,2018-05-25
2017-06-30,BND,12,2018-06-29,2018-06-29,2017-06-30,2018-06-29,2017-06-30,2018-06-29
2017-06-30,DBC,12,2018-06-29,2018-06-29,2017-06-30,2018-06-29,2017-06-30,2018-06-29
2017-06-30,GLD,12,2018-06-29,2018-06-29,2017-06-30,2018-06-29,2017-06-30,2018-06-29
2017-06-30,VDE,12,2018-06-29,2018-06-29,2017-06-30,2018-06-29,2017-06-30,2018-06-29
2017-06-30,VGT,12,2018-06-29,2018-06-29,2017-06-30,2018-06-29,2017-06-30,2018-06-29
2017-06-30,VIG,12,2018-06-29,2018-06-29,2017-06-30,2018-06-29,2017-06-30,2018-06-29
2017-06-30,VMBS,12,2018-06-29,2018-06-29,2017-06-30,2018-06-29,2017-06-30,2018-06-29
2017-06-30,VOO,12,2018-06-29,2018-06-29,2017-06-30,2018-06-29,2017-06-30,2018-06-29
2017-06-30,VWO,12,2018-06-29,2018-06-29,2017-06-30,2018-06-29,2017-06-30,2018-06-29
2017-06-30,VXUS,12,2018-06-29,2018-06-29,2017-06-30,2018-06-29,2017-06-30,2018-06-29
2017-07-31,BND,12,2018-07-31,2018-07-31,2017-07-28,2018-07-27,2017-07-28,2018-07-27
2017-07-31,DBC,12,2018-07-31,2018-07-31,2017-07-28,2018-07-27,2017-07-28,2018-07-27
2017-07-31,GLD,12,2018-07-31,2018-07-31,2017-07-28,2018-07-27,2017-07-28,2018-07-27
2017-07-31,VDE,12,2018-07-31,2018-07-31,2017-07-28,2018-07-27,2017-07-28,2018-07-27
2017-07-31,VGT,12,2018-07-31,2018-07-31,2017-07-28,2018-07-27,2017-07-28,2018-07-27
2017-07-31,VIG,12,2018-07-31,2018-07-31,2017-07-28,2018-07-27,2017-07-28,2018-07-27
2017-07-31,VMBS,12,2018-07-31,2018-07-31,2017-07-28,2018-07-27,2017-07-28,2018-07-27
2017-07-31,VOO,12,2018-07-31,2018-07-31,2017-07-28,2018-07-27,2017-07-28,2018-07-27
2017-07-31,VWO,12,2018-07-31,2018-07-31,2017-07-28,2018-07-27,2017-07-28,2018-07-27
2017-07-31,VXUS,12,2018-07-31,2018-07-31,2017-07-28,2018-07-27,2017-07-28,2018-07-27
2017-08-31,BND,12,2018-08-31,2018-08-31,2017-08-25,2018-08-31,2017-08-25,2018-08-31
2017-08-31,DBC,12,2018-08-31,2018-08-31,2017-08-25,2018-08-31,2017-08-25,2018-08-31
2017-08-31,GLD,12,2018-08-31,2018-08-31,2017-08-25,2018-08-31,2017-08-25,2018-08-31
2017-08-31,VDE,12,2018-08-31,2018-08-31,2017-08-25,2018-08-31,2017-08-25,2018-08-31
2017-08-31,VGT,12,2018-08-31,2018-08-31,2017-08-25,2018-08-31,2017-08-25,2018-08-31
2017-08-31,VIG,12,2018-08-31,2018-08-31,2017-08-25,2018-08-31,2017-08-25,2018-08-31
2017-08-31,VMBS,12,2018-08-31,2018-08-31,2017-08-25,2018-08-31,2017-08-25,2018-08-31
2017-08-31,VOO,12,2018-08-31,2018-08-31,2017-08-25,2018-08-31,2017-08-25,2018-08-31
2017-08-31,VWO,12,2018-08-31,2018-08-31,2017-08-25,2018-08-31,2017-08-25,2018-08-31
2017-08-31,VXUS,12,2018-08-31,2018-08-31,2017-08-25,2018-08-31,2017-08-25,2018-08-31
2017-09-29,BND,12,2018-09-28,2018-09-28,2017-09-29,2018-09-28,2017-09-29,2018-09-28
2017-09-29,DBC,12,2018-09-28,2018-09-28,2017-09-29,2018-09-28,2017-09-29,2018-09-28
2017-09-29,GLD,12,2018-09-28,2018-09-28,2017-09-29,2018-09-28,2017-09-29,2018-09-28
2017-09-29,VDE,12,2018-09-28,2018-09-28,2017-09-29,2018-09-28,2017-09-29,2018-09-28
2017-09-29,VGT,12,2018-09-28,2018-09-28,2017-09-29,2018-09-28,2017-09-29,2018-09-28
2017-09-29,VIG,12,2018-09-28,2018-09-28,2017-09-29,2018-09-28,2017-09-29,2018-09-28
2017-09-29,VMBS,12,2018-09-28,2018-09-28,2017-09-29,2018-09-28,2017-09-29,2018-09-28
2017-09-29,VOO,12,2018-09-28,2018-09-28,2017-09-29,2018-09-28,2017-09-29,2018-09-28
2017-09-29,VWO,12,2018-09-28,2018-09-28,2017-09-29,2018-09-28,2017-09-29,2018-09-28
2017-09-29,VXUS,12,2018-09-28,2018-09-28,2017-09-29,2018-09-28,2017-09-29,2018-09-28
2017-10-31,BND,12,2018-10-31,2018-10-31,2017-10-27,2018-10-26,2017-10-27,2018-10-26
2017-10-31,DBC,12,2018-10-31,2018-10-31,2017-10-27,2018-10-26,2017-10-27,2018-10-26
2017-10-31,GLD,12,2018-10-31,2018-10-31,2017-10-27,2018-10-26,2017-10-27,2018-10-26
2017-10-31,VDE,12,2018-10-31,2018-10-31,2017-10-27,2018-10-26,2017-10-27,2018-10-26
2017-10-31,VGT,12,2018-10-31,2018-10-31,2017-10-27,2018-10-26,2017-10-27,2018-10-26
2017-10-31,VIG,12,2018-10-31,2018-10-31,2017-10-27,2018-10-26,2017-10-27,2018-10-26
2017-10-31,VMBS,12,2018-10-31,2018-10-31,2017-10-27,2018-10-26,2017-10-27,2018-10-26
2017-10-31,VOO,12,2018-10-31,2018-10-31,2017-10-27,2018-10-26,2017-10-27,2018-10-26
2017-10-31,VWO,12,2018-10-31,2018-10-31,2017-10-27,2018-10-26,2017-10-27,2018-10-26
2017-10-31,VXUS,12,2018-10-31,2018-10-31,2017-10-27,2018-10-26,2017-10-27,2018-10-26
2017-11-30,BND,12,2018-11-30,2018-11-30,2017-11-24,2018-11-30,2017-11-24,2018-11-30
2017-11-30,DBC,12,2018-11-30,2018-11-30,2017-11-24,2018-11-30,2017-11-24,2018-11-30
2017-11-30,GLD,12,2018-11-30,2018-11-30,2017-11-24,2018-11-30,2017-11-24,2018-11-30
2017-11-30,VDE,12,2018-11-30,2018-11-30,2017-11-24,2018-11-30,2017-11-24,2018-11-30
2017-11-30,VGT,12,2018-11-30,2018-11-30,2017-11-24,2018-11-30,2017-11-24,2018-11-30
2017-11-30,VIG,12,2018-11-30,2018-11-30,2017-11-24,2018-11-30,2017-11-24,2018-11-30
2017-11-30,VMBS,12,2018-11-30,2018-11-30,2017-11-24,2018-11-30,2017-11-24,2018-11-30
2017-11-30,VOO,12,2018-11-30,2018-11-30,2017-11-24,2018-11-30,2017-11-24,2018-11-30
2017-11-30,VWO,12,2018-11-30,2018-11-30,2017-11-24,2018-11-30,2017-11-24,2018-11-30
2017-11-30,VXUS,12,2018-11-30,2018-11-30,2017-11-24,2018-11-30,2017-11-24,2018-11-30
2017-12-29,BND,12,2018-12-31,2018-12-31,2017-12-29,2018-12-28,2017-12-29,2018-12-28
2017-12-29,DBC,12,2018-12-31,2018-12-31,2017-12-29,2018-12-28,2017-12-29,2018-12-28
2017-12-29,GLD,12,2018-12-31,2018-12-31,2017-12-29,2018-12-28,2017-12-29,2018-12-28
2017-12-29,VDE,12,2018-12-31,2018-12-31,2017-12-29,2018-12-28,2017-12-29,2018-12-28
2017-12-29,VGT,12,2018-12-31,2018-12-31,2017-12-29,2018-12-28,2017-12-29,2018-12-28
2017-12-29,VIG,12,2018-12-31,2018-12-31,2017-12-29,2018-12-28,2017-12-29,2018-12-28
2017-12-29,VMBS,12,2018-12-31,2018-12-31,2017-12-29,2018-12-28,2017-12-29,2018-12-28
2017-12-29,VOO,12,2018-12-31,2018-12-31,2017-12-29,2018-12-28,2017-12-29,2018-12-28
2017-12-29,VWO,12,2018-12-31,2018-12-31,2017-12-29,2018-12-28,2017-12-29,2018-12-28
2017-12-29,VXUS,12,2018-12-31,2018-12-31,2017-12-29,2018-12-28,2017-12-29,2018-12-28
2018-01-31,BND,12,2019-01-31,2019-01-31,2018-01-26,2019-01-25,2018-01-26,2019-01-25
2018-01-31,DBC,12,2019-01-31,2019-01-31,2018-01-26,2019-01-25,2018-01-26,2019-01-25
2018-01-31,GLD,12,2019-01-31,2019-01-31,2018-01-26,2019-01-25,2018-01-26,2019-01-25
2018-01-31,VDE,12,2019-01-31,2019-01-31,2018-01-26,2019-01-25,2018-01-26,2019-01-25
2018-01-31,VGT,12,2019-01-31,2019-01-31,2018-01-26,2019-01-25,2018-01-26,2019-01-25
2018-01-31,VIG,12,2019-01-31,2019-01-31,2018-01-26,2019-01-25,2018-01-26,2019-01-25
2018-01-31,VMBS,12,2019-01-31,2019-01-31,2018-01-26,2019-01-25,2018-01-26,2019-01-25
2018-01-31,VOO,12,2019-01-31,2019-01-31,2018-01-26,2019-01-25,2018-01-26,2019-01-25
2018-01-31,VWO,12,2019-01-31,2019-01-31,2018-01-26,2019-01-25,2018-01-26,2019-01-25
2018-01-31,VXUS,12,2019-01-31,2019-01-31,2018-01-26,2019-01-25,2018-01-26,2019-01-25
2018-02-28,BND,12,2019-02-28,2019-02-28,2018-02-23,2019-02-22,2018-02-23,2019-02-22
2018-02-28,DBC,12,2019-02-28,2019-02-28,2018-02-23,2019-02-22,2018-02-23,2019-02-22
2018-02-28,GLD,12,2019-02-28,2019-02-28,2018-02-23,2019-02-22,2018-02-23,2019-02-22
2018-02-28,VDE,12,2019-02-28,2019-02-28,2018-02-23,2019-02-22,2018-02-23,2019-02-22
2018-02-28,VGT,12,2019-02-28,2019-02-28,2018-02-23,2019-02-22,2018-02-23,2019-02-22
2018-02-28,VIG,12,2019-02-28,2019-02-28,2018-02-23,2019-02-22,2018-02-23,2019-02-22
2018-02-28,VMBS,12,2019-02-28,2019-02-28,2018-02-23,2019-02-22,2018-02-23,2019-02-22
2018-02-28,VOO,12,2019-02-28,2019-02-28,2018-02-23,2019-02-22,2018-02-23,2019-02-22
2018-02-28,VWO,12,2019-02-28,2019-02-28,2018-02-23,2019-02-22,2018-02-23,2019-02-22
2018-02-28,VXUS,12,2019-02-28,2019-02-28,2018-02-23,2019-02-22,2018-02-23,2019-02-22
2018-03-30,BND,12,2019-03-29,2019-03-29,2018-03-29,2019-03-29,2018-03-29,2019-03-29
2018-03-30,DBC,12,2019-03-29,2019-03-29,2018-03-29,2019-03-29,2018-03-29,2019-03-29
2018-03-30,GLD,12,2019-03-29,2019-03-29,2018-03-29,2019-03-29,2018-03-29,2019-03-29
2018-03-30,VDE,12,2019-03-29,2019-03-29,2018-03-29,2019-03-29,2018-03-29,2019-03-29
2018-03-30,VGT,12,2019-03-29,2019-03-29,2018-03-29,2019-03-29,2018-03-29,2019-03-29
2018-03-30,VIG,12,2019-03-29,2019-03-29,2018-03-29,2019-03-29,2018-03-29,2019-03-29
2018-03-30,VMBS,12,2019-03-29,2019-03-29,2018-03-29,2019-03-29,2018-03-29,2019-03-29
2018-03-30,VOO,12,2019-03-29,2019-03-29,2018-03-29,2019-03-29,2018-03-29,2019-03-29
2018-03-30,VWO,12,2019-03-29,2019-03-29,2018-03-29,2019-03-29,2018-03-29,2019-03-29
2018-03-30,VXUS,12,2019-03-29,2019-03-29,2018-03-29,2019-03-29,2018-03-29,2019-03-29
2018-04-30,BND,12,2019-04-30,2019-04-30,2018-04-27,2019-04-26,2018-04-27,2019-04-26
2018-04-30,DBC,12,2019-04-30,2019-04-30,2018-04-27,2019-04-26,2018-04-27,2019-04-26
2018-04-30,GLD,12,2019-04-30,2019-04-30,2018-04-27,2019-04-26,2018-04-27,2019-04-26
2018-04-30,VDE,12,2019-04-30,2019-04-30,2018-04-27,2019-04-26,2018-04-27,2019-04-26
2018-04-30,VGT,12,2019-04-30,2019-04-30,2018-04-27,2019-04-26,2018-04-27,2019-04-26
2018-04-30,VIG,12,2019-04-30,2019-04-30,2018-04-27,2019-04-26,2018-04-27,2019-04-26
2018-04-30,VMBS,12,2019-04-30,2019-04-30,2018-04-27,2019-04-26,2018-04-27,2019-04-26
2018-04-30,VOO,12,2019-04-30,2019-04-30,2018-04-27,2019-04-26,2018-04-27,2019-04-26
2018-04-30,VWO,12,2019-04-30,2019-04-30,2018-04-27,2019-04-26,2018-04-27,2019-04-26
2018-04-30,VXUS,12,2019-04-30,2019-04-30,2018-04-27,2019-04-26,2018-04-27,2019-04-26
2018-05-31,BND,12,2019-05-31,2019-05-31,2018-05-25,2019-05-31,2018-05-25,2019-05-31
2018-05-31,DBC,12,2019-05-31,2019-05-31,2018-05-25,2019-05-31,2018-05-25,2019-05-31
2018-05-31,GLD,12,2019-05-31,2019-05-31,2018-05-25,2019-05-31,2018-05-25,2019-05-31
2018-05-31,VDE,12,2019-05-31,2019-05-31,2018-05-25,2019-05-31,2018-05-25,2019-05-31
2018-05-31,VGT,12,2019-05-31,2019-05-31,2018-05-25,2019-05-31,2018-05-25,2019-05-31
2018-05-31,VIG,12,2019-05-31,2019-05-31,2018-05-25,2019-05-31,2018-05-25,2019-05-31
2018-05-31,VMBS,12,2019-05-31,2019-05-31,2018-05-25,2019-05-31,2018-05-25,2019-05-31
2018-05-31,VOO,12,2019-05-31,2019-05-31,2018-05-25,2019-05-31,2018-05-25,2019-05-31
2018-05-31,VWO,12,2019-05-31,2019-05-31,2018-05-25,2019-05-31,2018-05-25,2019-05-31
2018-05-31,VXUS,12,2019-05-31,2019-05-31,2018-05-25,2019-05-31,2018-05-25,2019-05-31
2018-06-29,BND,12,2019-06-28,2019-06-28,2018-06-29,2019-06-28,2018-06-29,2019-06-28
2018-06-29,DBC,12,2019-06-28,2019-06-28,2018-06-29,2019-06-28,2018-06-29,2019-06-28
2018-06-29,GLD,12,2019-06-28,2019-06-28,2018-06-29,2019-06-28,2018-06-29,2019-06-28
2018-06-29,VDE,12,2019-06-28,2019-06-28,2018-06-29,2019-06-28,2018-06-29,2019-06-28
2018-06-29,VGT,12,2019-06-28,2019-06-28,2018-06-29,2019-06-28,2018-06-29,2019-06-28
2018-06-29,VIG,12,2019-06-28,2019-06-28,2018-06-29,2019-06-28,2018-06-29,2019-06-28
2018-06-29,VMBS,12,2019-06-28,2019-06-28,2018-06-29,2019-06-28,2018-06-29,2019-06-28
2018-06-29,VOO,12,2019-06-28,2019-06-28,2018-06-29,2019-06-28,2018-06-29,2019-06-28
2018-06-29,VWO,12,2019-06-28,2019-06-28,2018-06-29,2019-06-28,2018-06-29,2019-06-28
2018-06-29,VXUS,12,2019-06-28,2019-06-28,2018-06-29,2019-06-28,2018-06-29,2019-06-28
2018-07-31,BND,12,2019-07-31,2019-07-31,2018-07-27,2019-07-26,2018-07-27,2019-07-26
2018-07-31,DBC,12,2019-07-31,2019-07-31,2018-07-27,2019-07-26,2018-07-27,2019-07-26
2018-07-31,GLD,12,2019-07-31,2019-07-31,2018-07-27,2019-07-26,2018-07-27,2019-07-26
2018-07-31,VDE,12,2019-07-31,2019-07-31,2018-07-27,2019-07-26,2018-07-27,2019-07-26
2018-07-31,VGT,12,2019-07-31,2019-07-31,2018-07-27,2019-07-26,2018-07-27,2019-07-26
2018-07-31,VIG,12,2019-07-31,2019-07-31,2018-07-27,2019-07-26,2018-07-27,2019-07-26
2018-07-31,VMBS,12,2019-07-31,2019-07-31,2018-07-27,2019-07-26,2018-07-27,2019-07-26
2018-07-31,VOO,12,2019-07-31,2019-07-31,2018-07-27,2019-07-26,2018-07-27,2019-07-26
2018-07-31,VWO,12,2019-07-31,2019-07-31,2018-07-27,2019-07-26,2018-07-27,2019-07-26
2018-07-31,VXUS,12,2019-07-31,2019-07-31,2018-07-27,2019-07-26,2018-07-27,2019-07-26
2018-08-31,BND,12,2019-08-30,2019-08-30,2018-08-31,2019-08-30,2018-08-31,2019-08-30
2018-08-31,DBC,12,2019-08-30,2019-08-30,2018-08-31,2019-08-30,2018-08-31,2019-08-30
2018-08-31,GLD,12,2019-08-30,2019-08-30,2018-08-31,2019-08-30,2018-08-31,2019-08-30
2018-08-31,VDE,12,2019-08-30,2019-08-30,2018-08-31,2019-08-30,2018-08-31,2019-08-30
2018-08-31,VGT,12,2019-08-30,2019-08-30,2018-08-31,2019-08-30,2018-08-31,2019-08-30
2018-08-31,VIG,12,2019-08-30,2019-08-30,2018-08-31,2019-08-30,2018-08-31,2019-08-30
2018-08-31,VMBS,12,2019-08-30,2019-08-30,2018-08-31,2019-08-30,2018-08-31,2019-08-30
2018-08-31,VOO,12,2019-08-30,2019-08-30,2018-08-31,2019-08-30,2018-08-31,2019-08-30
2018-08-31,VWO,12,2019-08-30,2019-08-30,2018-08-31,2019-08-30,2018-08-31,2019-08-30
2018-08-31,VXUS,12,2019-08-30,2019-08-30,2018-08-31,2019-08-30,2018-08-31,2019-08-30
2018-09-28,BND,12,2019-09-30,2019-09-30,2018-09-28,2019-09-27,2018-09-28,2019-09-27
2018-09-28,DBC,12,2019-09-30,2019-09-30,2018-09-28,2019-09-27,2018-09-28,2019-09-27
2018-09-28,GLD,12,2019-09-30,2019-09-30,2018-09-28,2019-09-27,2018-09-28,2019-09-27
2018-09-28,VDE,12,2019-09-30,2019-09-30,2018-09-28,2019-09-27,2018-09-28,2019-09-27
2018-09-28,VGT,12,2019-09-30,2019-09-30,2018-09-28,2019-09-27,2018-09-28,2019-09-27
2018-09-28,VIG,12,2019-09-30,2019-09-30,2018-09-28,2019-09-27,2018-09-28,2019-09-27
2018-09-28,VMBS,12,2019-09-30,2019-09-30,2018-09-28,2019-09-27,2018-09-28,2019-09-27
2018-09-28,VOO,12,2019-09-30,2019-09-30,2018-09-28,2019-09-27,2018-09-28,2019-09-27
2018-09-28,VWO,12,2019-09-30,2019-09-30,2018-09-28,2019-09-27,2018-09-28,2019-09-27
2018-09-28,VXUS,12,2019-09-30,2019-09-30,2018-09-28,2019-09-27,2018-09-28,2019-09-27
2018-10-31,BND,12,2019-10-31,2019-10-31,2018-10-26,2019-10-25,2018-10-26,2019-10-25
2018-10-31,DBC,12,2019-10-31,2019-10-31,2018-10-26,2019-10-25,2018-10-26,2019-10-25
2018-10-31,GLD,12,2019-10-31,2019-10-31,2018-10-26,2019-10-25,2018-10-26,2019-10-25
2018-10-31,VDE,12,2019-10-31,2019-10-31,2018-10-26,2019-10-25,2018-10-26,2019-10-25
2018-10-31,VGT,12,2019-10-31,2019-10-31,2018-10-26,2019-10-25,2018-10-26,2019-10-25
2018-10-31,VIG,12,2019-10-31,2019-10-31,2018-10-26,2019-10-25,2018-10-26,2019-10-25
2018-10-31,VMBS,12,2019-10-31,2019-10-31,2018-10-26,2019-10-25,2018-10-26,2019-10-25
2018-10-31,VOO,12,2019-10-31,2019-10-31,2018-10-26,2019-10-25,2018-10-26,2019-10-25
2018-10-31,VWO,12,2019-10-31,2019-10-31,2018-10-26,2019-10-25,2018-10-26,2019-10-25
2018-10-31,VXUS,12,2019-10-31,2019-10-31,2018-10-26,2019-10-25,2018-10-26,2019-10-25
2018-11-30,BND,12,2019-11-29,2019-11-29,2018-11-30,2019-11-29,2018-11-30,2019-11-29
2018-11-30,DBC,12,2019-11-29,2019-11-29,2018-11-30,2019-11-29,2018-11-30,2019-11-29
2018-11-30,GLD,12,2019-11-29,2019-11-29,2018-11-30,2019-11-29,2018-11-30,2019-11-29
2018-11-30,VDE,12,2019-11-29,2019-11-29,2018-11-30,2019-11-29,2018-11-30,2019-11-29
2018-11-30,VGT,12,2019-11-29,2019-11-29,2018-11-30,2019-11-29,2018-11-30,2019-11-29
2018-11-30,VIG,12,2019-11-29,2019-11-29,2018-11-30,2019-11-29,2018-11-30,2019-11-29
2018-11-30,VMBS,12,2019-11-29,2019-11-29,2018-11-30,2019-11-29,2018-11-30,2019-11-29
2018-11-30,VOO,12,2019-11-29,2019-11-29,2018-11-30,2019-11-29,2018-11-30,2019-11-29
2018-11-30,VWO,12,2019-11-29,2019-11-29,2018-11-30,2019-11-29,2018-11-30,2019-11-29
2018-11-30,VXUS,12,2019-11-29,2019-11-29,2018-11-30,2019-11-29,2018-11-30,2019-11-29
2018-12-31,BND,12,2019-12-31,2019-12-31,2018-12-28,2019-12-27,2018-12-28,2019-12-27
2018-12-31,DBC,12,2019-12-31,2019-12-31,2018-12-28,2019-12-27,2018-12-28,2019-12-27
2018-12-31,GLD,12,2019-12-31,2019-12-31,2018-12-28,2019-12-27,2018-12-28,2019-12-27
2018-12-31,VDE,12,2019-12-31,2019-12-31,2018-12-28,2019-12-27,2018-12-28,2019-12-27
2018-12-31,VGT,12,2019-12-31,2019-12-31,2018-12-28,2019-12-27,2018-12-28,2019-12-27
2018-12-31,VIG,12,2019-12-31,2019-12-31,2018-12-28,2019-12-27,2018-12-28,2019-12-27
2018-12-31,VMBS,12,2019-12-31,2019-12-31,2018-12-28,2019-12-27,2018-12-28,2019-12-27
2018-12-31,VOO,12,2019-12-31,2019-12-31,2018-12-28,2019-12-27,2018-12-28,2019-12-27
2018-12-31,VWO,12,2019-12-31,2019-12-31,2018-12-28,2019-12-27,2018-12-28,2019-12-27
2018-12-31,VXUS,12,2019-12-31,2019-12-31,2018-12-28,2019-12-27,2018-12-28,2019-12-27
2019-01-31,BND,12,2020-01-31,2020-01-31,2019-01-25,2020-01-31,2019-01-25,2020-01-31
2019-01-31,DBC,12,2020-01-31,2020-01-31,2019-01-25,2020-01-31,2019-01-25,2020-01-31
2019-01-31,GLD,12,2020-01-31,2020-01-31,2019-01-25,2020-01-31,2019-01-25,2020-01-31
2019-01-31,VDE,12,2020-01-31,2020-01-31,2019-01-25,2020-01-31,2019-01-25,2020-01-31
2019-01-31,VGT,12,2020-01-31,2020-01-31,2019-01-25,2020-01-31,2019-01-25,2020-01-31
2019-01-31,VIG,12,2020-01-31,2020-01-31,2019-01-25,2020-01-31,2019-01-25,2020-01-31
2019-01-31,VMBS,12,2020-01-31,2020-01-31,2019-01-25,2020-01-31,2019-01-25,2020-01-31
2019-01-31,VOO,12,2020-01-31,2020-01-31,2019-01-25,2020-01-31,2019-01-25,2020-01-31
2019-01-31,VWO,12,2020-01-31,2020-01-31,2019-01-25,2020-01-31,2019-01-25,2020-01-31
2019-01-31,VXUS,12,2020-01-31,2020-01-31,2019-01-25,2020-01-31,2019-01-25,2020-01-31
2019-02-28,BND,12,2020-02-28,2020-02-28,2019-02-22,2020-02-28,2019-02-22,2020-02-28
2019-02-28,DBC,12,2020-02-28,2020-02-28,2019-02-22,2020-02-28,2019-02-22,2020-02-28
2019-02-28,GLD,12,2020-02-28,2020-02-28,2019-02-22,2020-02-28,2019-02-22,2020-02-28
2019-02-28,VDE,12,2020-02-28,2020-02-28,2019-02-22,2020-02-28,2019-02-22,2020-02-28
2019-02-28,VGT,12,2020-02-28,2020-02-28,2019-02-22,2020-02-28,2019-02-22,2020-02-28
2019-02-28,VIG,12,2020-02-28,2020-02-28,2019-02-22,2020-02-28,2019-02-22,2020-02-28
2019-02-28,VMBS,12,2020-02-28,2020-02-28,2019-02-22,2020-02-28,2019-02-22,2020-02-28
2019-02-28,VOO,12,2020-02-28,2020-02-28,2019-02-22,2020-02-28,2019-02-22,2020-02-28
2019-02-28,VWO,12,2020-02-28,2020-02-28,2019-02-22,2020-02-28,2019-02-22,2020-02-28
2019-02-28,VXUS,12,2020-02-28,2020-02-28,2019-02-22,2020-02-28,2019-02-22,2020-02-28
2019-03-29,BND,12,2020-03-31,2020-03-31,2019-03-29,2020-03-27,2019-03-29,2020-03-27
2019-03-29,DBC,12,2020-03-31,2020-03-31,2019-03-29,2020-03-27,2019-03-29,2020-03-27
2019-03-29,GLD,12,2020-03-31,2020-03-31,2019-03-29,2020-03-27,2019-03-29,2020-03-27
2019-03-29,VDE,12,2020-03-31,2020-03-31,2019-03-29,2020-03-27,2019-03-29,2020-03-27
2019-03-29,VGT,12,2020-03-31,2020-03-31,2019-03-29,2020-03-27,2019-03-29,2020-03-27
2019-03-29,VIG,12,2020-03-31,2020-03-31,2019-03-29,2020-03-27,2019-03-29,2020-03-27
2019-03-29,VMBS,12,2020-03-31,2020-03-31,2019-03-29,2020-03-27,2019-03-29,2020-03-27
2019-03-29,VOO,12,2020-03-31,2020-03-31,2019-03-29,2020-03-27,2019-03-29,2020-03-27
2019-03-29,VWO,12,2020-03-31,2020-03-31,2019-03-29,2020-03-27,2019-03-29,2020-03-27
2019-03-29,VXUS,12,2020-03-31,2020-03-31,2019-03-29,2020-03-27,2019-03-29,2020-03-27
2019-04-30,BND,12,2020-04-30,2020-04-30,2019-04-26,2020-04-24,2019-04-26,2020-04-24
2019-04-30,DBC,12,2020-04-30,2020-04-30,2019-04-26,2020-04-24,2019-04-26,2020-04-24
2019-04-30,GLD,12,2020-04-30,2020-04-30,2019-04-26,2020-04-24,2019-04-26,2020-04-24
2019-04-30,VDE,12,2020-04-30,2020-04-30,2019-04-26,2020-04-24,2019-04-26,2020-04-24
2019-04-30,VGT,12,2020-04-30,2020-04-30,2019-04-26,2020-04-24,2019-04-26,2020-04-24
2019-04-30,VIG,12,2020-04-30,2020-04-30,2019-04-26,2020-04-24,2019-04-26,2020-04-24
2019-04-30,VMBS,12,2020-04-30,2020-04-30,2019-04-26,2020-04-24,2019-04-26,2020-04-24
2019-04-30,VOO,12,2020-04-30,2020-04-30,2019-04-26,2020-04-24,2019-04-26,2020-04-24
2019-04-30,VWO,12,2020-04-30,2020-04-30,2019-04-26,2020-04-24,2019-04-26,2020-04-24
2019-04-30,VXUS,12,2020-04-30,2020-04-30,2019-04-26,2020-04-24,2019-04-26,2020-04-24
2019-05-31,BND,12,2020-05-29,2020-05-29,2019-05-31,2020-05-29,2019-05-31,2020-05-29
2019-05-31,DBC,12,2020-05-29,2020-05-29,2019-05-31,2020-05-29,2019-05-31,2020-05-29
2019-05-31,GLD,12,2020-05-29,2020-05-29,2019-05-31,2020-05-29,2019-05-31,2020-05-29
2019-05-31,VDE,12,2020-05-29,2020-05-29,2019-05-31,2020-05-29,2019-05-31,2020-05-29
2019-05-31,VGT,12,2020-05-29,2020-05-29,2019-05-31,2020-05-29,2019-05-31,2020-05-29
2019-05-31,VIG,12,2020-05-29,2020-05-29,2019-05-31,2020-05-29,2019-05-31,2020-05-29
2019-05-31,VMBS,12,2020-05-29,2020-05-29,2019-05-31,2020-05-29,2019-05-31,2020-05-29
2019-05-31,VOO,12,2020-05-29,2020-05-29,2019-05-31,2020-05-29,2019-05-31,2020-05-29
2019-05-31,VWO,12,2020-05-29,2020-05-29,2019-05-31,2020-05-29,2019-05-31,2020-05-29
2019-05-31,VXUS,12,2020-05-29,2020-05-29,2019-05-31,2020-05-29,2019-05-31,2020-05-29
2019-06-28,BND,12,2020-06-30,2020-06-30,2019-06-28,2020-06-26,2019-06-28,2020-06-26
2019-06-28,DBC,12,2020-06-30,2020-06-30,2019-06-28,2020-06-26,2019-06-28,2020-06-26
2019-06-28,GLD,12,2020-06-30,2020-06-30,2019-06-28,2020-06-26,2019-06-28,2020-06-26
2019-06-28,VDE,12,2020-06-30,2020-06-30,2019-06-28,2020-06-26,2019-06-28,2020-06-26
2019-06-28,VGT,12,2020-06-30,2020-06-30,2019-06-28,2020-06-26,2019-06-28,2020-06-26
2019-06-28,VIG,12,2020-06-30,2020-06-30,2019-06-28,2020-06-26,2019-06-28,2020-06-26
2019-06-28,VMBS,12,2020-06-30,2020-06-30,2019-06-28,2020-06-26,2019-06-28,2020-06-26
2019-06-28,VOO,12,2020-06-30,2020-06-30,2019-06-28,2020-06-26,2019-06-28,2020-06-26
2019-06-28,VWO,12,2020-06-30,2020-06-30,2019-06-28,2020-06-26,2019-06-28,2020-06-26
2019-06-28,VXUS,12,2020-06-30,2020-06-30,2019-06-28,2020-06-26,2019-06-28,2020-06-26
2019-07-31,BND,12,2020-07-31,2020-07-31,2019-07-26,2020-07-31,2019-07-26,2020-07-31
2019-07-31,DBC,12,2020-07-31,2020-07-31,2019-07-26,2020-07-31,2019-07-26,2020-07-31
2019-07-31,GLD,12,2020-07-31,2020-07-31,2019-07-26,2020-07-31,2019-07-26,2020-07-31
2019-07-31,VDE,12,2020-07-31,2020-07-31,2019-07-26,2020-07-31,2019-07-26,2020-07-31
2019-07-31,VGT,12,2020-07-31,2020-07-31,2019-07-26,2020-07-31,2019-07-26,2020-07-31
2019-07-31,VIG,12,2020-07-31,2020-07-31,2019-07-26,2020-07-31,2019-07-26,2020-07-31
2019-07-31,VMBS,12,2020-07-31,2020-07-31,2019-07-26,2020-07-31,2019-07-26,2020-07-31
2019-07-31,VOO,12,2020-07-31,2020-07-31,2019-07-26,2020-07-31,2019-07-26,2020-07-31
2019-07-31,VWO,12,2020-07-31,2020-07-31,2019-07-26,2020-07-31,2019-07-26,2020-07-31
2019-07-31,VXUS,12,2020-07-31,2020-07-31,2019-07-26,2020-07-31,2019-07-26,2020-07-31
2019-08-30,BND,12,2020-08-31,2020-08-31,2019-08-30,2020-08-28,2019-08-30,2020-08-28
2019-08-30,DBC,12,2020-08-31,2020-08-31,2019-08-30,2020-08-28,2019-08-30,2020-08-28
2019-08-30,GLD,12,2020-08-31,2020-08-31,2019-08-30,2020-08-28,2019-08-30,2020-08-28
2019-08-30,VDE,12,2020-08-31,2020-08-31,2019-08-30,2020-08-28,2019-08-30,2020-08-28
2019-08-30,VGT,12,2020-08-31,2020-08-31,2019-08-30,2020-08-28,2019-08-30,2020-08-28
2019-08-30,VIG,12,2020-08-31,2020-08-31,2019-08-30,2020-08-28,2019-08-30,2020-08-28
2019-08-30,VMBS,12,2020-08-31,2020-08-31,2019-08-30,2020-08-28,2019-08-30,2020-08-28
2019-08-30,VOO,12,2020-08-31,2020-08-31,2019-08-30,2020-08-28,2019-08-30,2020-08-28
2019-08-30,VWO,12,2020-08-31,2020-08-31,2019-08-30,2020-08-28,2019-08-30,2020-08-28
2019-08-30,VXUS,12,2020-08-31,2020-08-31,2019-08-30,2020-08-28,2019-08-30,2020-08-28
2019-09-30,BND,12,2020-09-30,2020-09-30,2019-09-27,2020-09-25,2019-09-27,2020-09-25
2019-09-30,DBC,12,2020-09-30,2020-09-30,2019-09-27,2020-09-25,2019-09-27,2020-09-25
2019-09-30,GLD,12,2020-09-30,2020-09-30,2019-09-27,2020-09-25,2019-09-27,2020-09-25
2019-09-30,VDE,12,2020-09-30,2020-09-30,2019-09-27,2020-09-25,2019-09-27,2020-09-25
2019-09-30,VGT,12,2020-09-30,2020-09-30,2019-09-27,2020-09-25,2019-09-27,2020-09-25
2019-09-30,VIG,12,2020-09-30,2020-09-30,2019-09-27,2020-09-25,2019-09-27,2020-09-25
2019-09-30,VMBS,12,2020-09-30,2020-09-30,2019-09-27,2020-09-25,2019-09-27,2020-09-25
2019-09-30,VOO,12,2020-09-30,2020-09-30,2019-09-27,2020-09-25,2019-09-27,2020-09-25
2019-09-30,VWO,12,2020-09-30,2020-09-30,2019-09-27,2020-09-25,2019-09-27,2020-09-25
2019-09-30,VXUS,12,2020-09-30,2020-09-30,2019-09-27,2020-09-25,2019-09-27,2020-09-25
2019-10-31,BND,12,2020-10-30,2020-10-30,2019-10-25,2020-10-30,2019-10-25,2020-10-30
2019-10-31,DBC,12,2020-10-30,2020-10-30,2019-10-25,2020-10-30,2019-10-25,2020-10-30
2019-10-31,GLD,12,2020-10-30,2020-10-30,2019-10-25,2020-10-30,2019-10-25,2020-10-30
2019-10-31,VDE,12,2020-10-30,2020-10-30,2019-10-25,2020-10-30,2019-10-25,2020-10-30
2019-10-31,VGT,12,2020-10-30,2020-10-30,2019-10-25,2020-10-30,2019-10-25,2020-10-30
2019-10-31,VIG,12,2020-10-30,2020-10-30,2019-10-25,2020-10-30,2019-10-25,2020-10-30
2019-10-31,VMBS,12,2020-10-30,2020-10-30,2019-10-25,2020-10-30,2019-10-25,2020-10-30
2019-10-31,VOO,12,2020-10-30,2020-10-30,2019-10-25,2020-10-30,2019-10-25,2020-10-30
2019-10-31,VWO,12,2020-10-30,2020-10-30,2019-10-25,2020-10-30,2019-10-25,2020-10-30
2019-10-31,VXUS,12,2020-10-30,2020-10-30,2019-10-25,2020-10-30,2019-10-25,2020-10-30
2019-11-29,BND,12,2020-11-30,2020-11-30,2019-11-29,2020-11-27,2019-11-29,2020-11-27
2019-11-29,DBC,12,2020-11-30,2020-11-30,2019-11-29,2020-11-27,2019-11-29,2020-11-27
2019-11-29,GLD,12,2020-11-30,2020-11-30,2019-11-29,2020-11-27,2019-11-29,2020-11-27
2019-11-29,VDE,12,2020-11-30,2020-11-30,2019-11-29,2020-11-27,2019-11-29,2020-11-27
2019-11-29,VGT,12,2020-11-30,2020-11-30,2019-11-29,2020-11-27,2019-11-29,2020-11-27
2019-11-29,VIG,12,2020-11-30,2020-11-30,2019-11-29,2020-11-27,2019-11-29,2020-11-27
2019-11-29,VMBS,12,2020-11-30,2020-11-30,2019-11-29,2020-11-27,2019-11-29,2020-11-27
2019-11-29,VOO,12,2020-11-30,2020-11-30,2019-11-29,2020-11-27,2019-11-29,2020-11-27
2019-11-29,VWO,12,2020-11-30,2020-11-30,2019-11-29,2020-11-27,2019-11-29,2020-11-27
2019-11-29,VXUS,12,2020-11-30,2020-11-30,2019-11-29,2020-11-27,2019-11-29,2020-11-27
2019-12-31,BND,12,2020-12-31,2020-12-31,2019-12-27,2020-12-31,2019-12-27,2020-12-31
2019-12-31,DBC,12,2020-12-31,2020-12-31,2019-12-27,2020-12-31,2019-12-27,2020-12-31
2019-12-31,GLD,12,2020-12-31,2020-12-31,2019-12-27,2020-12-31,2019-12-27,2020-12-31
2019-12-31,VDE,12,2020-12-31,2020-12-31,2019-12-27,2020-12-31,2019-12-27,2020-12-31
2019-12-31,VGT,12,2020-12-31,2020-12-31,2019-12-27,2020-12-31,2019-12-27,2020-12-31
2019-12-31,VIG,12,2020-12-31,2020-12-31,2019-12-27,2020-12-31,2019-12-27,2020-12-31
2019-12-31,VMBS,12,2020-12-31,2020-12-31,2019-12-27,2020-12-31,2019-12-27,2020-12-31
2019-12-31,VOO,12,2020-12-31,2020-12-31,2019-12-27,2020-12-31,2019-12-27,2020-12-31
2019-12-31,VWO,12,2020-12-31,2020-12-31,2019-12-27,2020-12-31,2019-12-27,2020-12-31
2019-12-31,VXUS,12,2020-12-31,2020-12-31,2019-12-27,2020-12-31,2019-12-27,2020-12-31
2020-01-31,BND,12,2021-01-29,2021-01-29,2020-01-31,2021-01-29,2020-01-31,2021-01-29
2020-01-31,DBC,12,2021-01-29,2021-01-29,2020-01-31,2021-01-29,2020-01-31,2021-01-29
2020-01-31,GLD,12,2021-01-29,2021-01-29,2020-01-31,2021-01-29,2020-01-31,2021-01-29
2020-01-31,VDE,12,2021-01-29,2021-01-29,2020-01-31,2021-01-29,2020-01-31,2021-01-29
2020-01-31,VGT,12,2021-01-29,2021-01-29,2020-01-31,2021-01-29,2020-01-31,2021-01-29
2020-01-31,VIG,12,2021-01-29,2021-01-29,2020-01-31,2021-01-29,2020-01-31,2021-01-29
2020-01-31,VMBS,12,2021-01-29,2021-01-29,2020-01-31,2021-01-29,2020-01-31,2021-01-29
2020-01-31,VOO,12,2021-01-29,2021-01-29,2020-01-31,2021-01-29,2020-01-31,2021-01-29
2020-01-31,VWO,12,2021-01-29,2021-01-29,2020-01-31,2021-01-29,2020-01-31,2021-01-29
2020-01-31,VXUS,12,2021-01-29,2021-01-29,2020-01-31,2021-01-29,2020-01-31,2021-01-29
2020-02-28,BND,12,2021-02-26,2021-02-26,2020-02-28,2021-02-26,2020-02-28,2021-02-26
2020-02-28,DBC,12,2021-02-26,2021-02-26,2020-02-28,2021-02-26,2020-02-28,2021-02-26
2020-02-28,GLD,12,2021-02-26,2021-02-26,2020-02-28,2021-02-26,2020-02-28,2021-02-26
2020-02-28,VDE,12,2021-02-26,2021-02-26,2020-02-28,2021-02-26,2020-02-28,2021-02-26
2020-02-28,VGT,12,2021-02-26,2021-02-26,2020-02-28,2021-02-26,2020-02-28,2021-02-26
2020-02-28,VIG,12,2021-02-26,2021-02-26,2020-02-28,2021-02-26,2020-02-28,2021-02-26
2020-02-28,VMBS,12,2021-02-26,2021-02-26,2020-02-28,2021-02-26,2020-02-28,2021-02-26
2020-02-28,VOO,12,2021-02-26,2021-02-26,2020-02-28,2021-02-26,2020-02-28,2021-02-26
2020-02-28,VWO,12,2021-02-26,2021-02-26,2020-02-28,2021-02-26,2020-02-28,2021-02-26
2020-02-28,VXUS,12,2021-02-26,2021-02-26,2020-02-28,2021-02-26,2020-02-28,2021-02-26
2020-03-31,BND,12,2021-03-31,2021-03-31,2020-03-27,2021-03-26,2020-03-27,2021-03-26
2020-03-31,DBC,12,2021-03-31,2021-03-31,2020-03-27,2021-03-26,2020-03-27,2021-03-26
2020-03-31,GLD,12,2021-03-31,2021-03-31,2020-03-27,2021-03-26,2020-03-27,2021-03-26
2020-03-31,VDE,12,2021-03-31,2021-03-31,2020-03-27,2021-03-26,2020-03-27,2021-03-26
2020-03-31,VGT,12,2021-03-31,2021-03-31,2020-03-27,2021-03-26,2020-03-27,2021-03-26
2020-03-31,VIG,12,2021-03-31,2021-03-31,2020-03-27,2021-03-26,2020-03-27,2021-03-26
2020-03-31,VMBS,12,2021-03-31,2021-03-31,2020-03-27,2021-03-26,2020-03-27,2021-03-26
2020-03-31,VOO,12,2021-03-31,2021-03-31,2020-03-27,2021-03-26,2020-03-27,2021-03-26
2020-03-31,VWO,12,2021-03-31,2021-03-31,2020-03-27,2021-03-26,2020-03-27,2021-03-26
2020-03-31,VXUS,12,2021-03-31,2021-03-31,2020-03-27,2021-03-26,2020-03-27,2021-03-26
2020-04-30,BND,12,2021-04-30,2021-04-30,2020-04-24,2021-04-30,2020-04-24,2021-04-30
2020-04-30,DBC,12,2021-04-30,2021-04-30,2020-04-24,2021-04-30,2020-04-24,2021-04-30
2020-04-30,GLD,12,2021-04-30,2021-04-30,2020-04-24,2021-04-30,2020-04-24,2021-04-30
2020-04-30,VDE,12,2021-04-30,2021-04-30,2020-04-24,2021-04-30,2020-04-24,2021-04-30
2020-04-30,VGT,12,2021-04-30,2021-04-30,2020-04-24,2021-04-30,2020-04-24,2021-04-30
2020-04-30,VIG,12,2021-04-30,2021-04-30,2020-04-24,2021-04-30,2020-04-24,2021-04-30
2020-04-30,VMBS,12,2021-04-30,2021-04-30,2020-04-24,2021-04-30,2020-04-24,2021-04-30
2020-04-30,VOO,12,2021-04-30,2021-04-30,2020-04-24,2021-04-30,2020-04-24,2021-04-30
2020-04-30,VWO,12,2021-04-30,2021-04-30,2020-04-24,2021-04-30,2020-04-24,2021-04-30
2020-04-30,VXUS,12,2021-04-30,2021-04-30,2020-04-24,2021-04-30,2020-04-24,2021-04-30
2020-05-29,BND,12,2021-05-31,2021-05-31,2020-05-29,2021-05-28,2020-05-29,2021-05-28
2020-05-29,DBC,12,2021-05-31,2021-05-31,2020-05-29,2021-05-28,2020-05-29,2021-05-28
2020-05-29,GLD,12,2021-05-31,2021-05-31,2020-05-29,2021-05-28,2020-05-29,2021-05-28
2020-05-29,VDE,12,2021-05-31,2021-05-31,2020-05-29,2021-05-28,2020-05-29,2021-05-28
2020-05-29,VGT,12,2021-05-31,2021-05-31,2020-05-29,2021-05-28,2020-05-29,2021-05-28
2020-05-29,VIG,12,2021-05-31,2021-05-31,2020-05-29,2021-05-28,2020-05-29,2021-05-28
2020-05-29,VMBS,12,2021-05-31,2021-05-31,2020-05-29,2021-05-28,2020-05-29,2021-05-28
2020-05-29,VOO,12,2021-05-31,2021-05-31,2020-05-29,2021-05-28,2020-05-29,2021-05-28
2020-05-29,VWO,12,2021-05-31,2021-05-31,2020-05-29,2021-05-28,2020-05-29,2021-05-28
2020-05-29,VXUS,12,2021-05-31,2021-05-31,2020-05-29,2021-05-28,2020-05-29,2021-05-28
2020-06-30,BND,12,2021-06-30,2021-06-30,2020-06-26,2021-06-25,2020-06-26,2021-06-25
2020-06-30,DBC,12,2021-06-30,2021-06-30,2020-06-26,2021-06-25,2020-06-26,2021-06-25
2020-06-30,GLD,12,2021-06-30,2021-06-30,2020-06-26,2021-06-25,2020-06-26,2021-06-25
2020-06-30,VDE,12,2021-06-30,2021-06-30,2020-06-26,2021-06-25,2020-06-26,2021-06-25
2020-06-30,VGT,12,2021-06-30,2021-06-30,2020-06-26,2021-06-25,2020-06-26,2021-06-25
2020-06-30,VIG,12,2021-06-30,2021-06-30,2020-06-26,2021-06-25,2020-06-26,2021-06-25
2020-06-30,VMBS,12,2021-06-30,2021-06-30,2020-06-26,2021-06-25,2020-06-26,2021-06-25
2020-06-30,VOO,12,2021-06-30,2021-06-30,2020-06-26,2021-06-25,2020-06-26,2021-06-25
2020-06-30,VWO,12,2021-06-30,2021-06-30,2020-06-26,2021-06-25,2020-06-26,2021-06-25
2020-06-30,VXUS,12,2021-06-30,2021-06-30,2020-06-26,2021-06-25,2020-06-26,2021-06-25
2020-07-31,BND,12,2021-07-30,2021-07-30,2020-07-31,2021-07-30,2020-07-31,2021-07-30
2020-07-31,DBC,12,2021-07-30,2021-07-30,2020-07-31,2021-07-30,2020-07-31,2021-07-30
2020-07-31,GLD,12,2021-07-30,2021-07-30,2020-07-31,2021-07-30,2020-07-31,2021-07-30
2020-07-31,VDE,12,2021-07-30,2021-07-30,2020-07-31,2021-07-30,2020-07-31,2021-07-30
2020-07-31,VGT,12,2021-07-30,2021-07-30,2020-07-31,2021-07-30,2020-07-31,2021-07-30
2020-07-31,VIG,12,2021-07-30,2021-07-30,2020-07-31,2021-07-30,2020-07-31,2021-07-30
2020-07-31,VMBS,12,2021-07-30,2021-07-30,2020-07-31,2021-07-30,2020-07-31,2021-07-30
2020-07-31,VOO,12,2021-07-30,2021-07-30,2020-07-31,2021-07-30,2020-07-31,2021-07-30
2020-07-31,VWO,12,2021-07-30,2021-07-30,2020-07-31,2021-07-30,2020-07-31,2021-07-30
2020-07-31,VXUS,12,2021-07-30,2021-07-30,2020-07-31,2021-07-30,2020-07-31,2021-07-30
2020-08-31,BND,12,2021-08-31,2021-08-31,2020-08-28,2021-08-27,2020-08-28,2021-08-27
2020-08-31,DBC,12,2021-08-31,2021-08-31,2020-08-28,2021-08-27,2020-08-28,2021-08-27
2020-08-31,GLD,12,2021-08-31,2021-08-31,2020-08-28,2021-08-27,2020-08-28,2021-08-27
2020-08-31,VDE,12,2021-08-31,2021-08-31,2020-08-28,2021-08-27,2020-08-28,2021-08-27
2020-08-31,VGT,12,2021-08-31,2021-08-31,2020-08-28,2021-08-27,2020-08-28,2021-08-27
2020-08-31,VIG,12,2021-08-31,2021-08-31,2020-08-28,2021-08-27,2020-08-28,2021-08-27
2020-08-31,VMBS,12,2021-08-31,2021-08-31,2020-08-28,2021-08-27,2020-08-28,2021-08-27
2020-08-31,VOO,12,2021-08-31,2021-08-31,2020-08-28,2021-08-27,2020-08-28,2021-08-27
2020-08-31,VWO,12,2021-08-31,2021-08-31,2020-08-28,2021-08-27,2020-08-28,2021-08-27
2020-08-31,VXUS,12,2021-08-31,2021-08-31,2020-08-28,2021-08-27,2020-08-28,2021-08-27
2020-09-30,BND,12,2021-09-30,2021-09-30,2020-09-25,2021-09-24,2020-09-25,2021-09-24
2020-09-30,DBC,12,2021-09-30,2021-09-30,2020-09-25,2021-09-24,2020-09-25,2021-09-24
2020-09-30,GLD,12,2021-09-30,2021-09-30,2020-09-25,2021-09-24,2020-09-25,2021-09-24
2020-09-30,VDE,12,2021-09-30,2021-09-30,2020-09-25,2021-09-24,2020-09-25,2021-09-24
2020-09-30,VGT,12,2021-09-30,2021-09-30,2020-09-25,2021-09-24,2020-09-25,2021-09-24
2020-09-30,VIG,12,2021-09-30,2021-09-30,2020-09-25,2021-09-24,2020-09-25,2021-09-24
2020-09-30,VMBS,12,2021-09-30,2021-09-30,2020-09-25,2021-09-24,2020-09-25,2021-09-24
2020-09-30,VOO,12,2021-09-30,2021-09-30,2020-09-25,2021-09-24,2020-09-25,2021-09-24
2020-09-30,VWO,12,2021-09-30,2021-09-30,2020-09-25,2021-09-24,2020-09-25,2021-09-24
2020-09-30,VXUS,12,2021-09-30,2021-09-30,2020-09-25,2021-09-24,2020-09-25,2021-09-24
2020-10-30,BND,12,2021-10-29,2021-10-29,2020-10-30,2021-10-29,2020-10-30,2021-10-29
2020-10-30,DBC,12,2021-10-29,2021-10-29,2020-10-30,2021-10-29,2020-10-30,2021-10-29
2020-10-30,GLD,12,2021-10-29,2021-10-29,2020-10-30,2021-10-29,2020-10-30,2021-10-29
2020-10-30,VDE,12,2021-10-29,2021-10-29,2020-10-30,2021-10-29,2020-10-30,2021-10-29
2020-10-30,VGT,12,2021-10-29,2021-10-29,2020-10-30,2021-10-29,2020-10-30,2021-10-29
2020-10-30,VIG,12,2021-10-29,2021-10-29,2020-10-30,2021-10-29,2020-10-30,2021-10-29
2020-10-30,VMBS,12,2021-10-29,2021-10-29,2020-10-30,2021-10-29,2020-10-30,2021-10-29
2020-10-30,VOO,12,2021-10-29,2021-10-29,2020-10-30,2021-10-29,2020-10-30,2021-10-29
2020-10-30,VWO,12,2021-10-29,2021-10-29,2020-10-30,2021-10-29,2020-10-30,2021-10-29
2020-10-30,VXUS,12,2021-10-29,2021-10-29,2020-10-30,2021-10-29,2020-10-30,2021-10-29
2020-11-30,BND,12,2021-11-30,2021-11-30,2020-11-27,2021-11-26,2020-11-27,2021-11-26
2020-11-30,DBC,12,2021-11-30,2021-11-30,2020-11-27,2021-11-26,2020-11-27,2021-11-26
2020-11-30,GLD,12,2021-11-30,2021-11-30,2020-11-27,2021-11-26,2020-11-27,2021-11-26
2020-11-30,VDE,12,2021-11-30,2021-11-30,2020-11-27,2021-11-26,2020-11-27,2021-11-26
2020-11-30,VGT,12,2021-11-30,2021-11-30,2020-11-27,2021-11-26,2020-11-27,2021-11-26
2020-11-30,VIG,12,2021-11-30,2021-11-30,2020-11-27,2021-11-26,2020-11-27,2021-11-26
2020-11-30,VMBS,12,2021-11-30,2021-11-30,2020-11-27,2021-11-26,2020-11-27,2021-11-26
2020-11-30,VOO,12,2021-11-30,2021-11-30,2020-11-27,2021-11-26,2020-11-27,2021-11-26
2020-11-30,VWO,12,2021-11-30,2021-11-30,2020-11-27,2021-11-26,2020-11-27,2021-11-26
2020-11-30,VXUS,12,2021-11-30,2021-11-30,2020-11-27,2021-11-26,2020-11-27,2021-11-26
2020-12-31,BND,12,2021-12-31,2021-12-31,2020-12-31,2021-12-31,2020-12-31,2021-12-31
2020-12-31,DBC,12,2021-12-31,2021-12-31,2020-12-31,2021-12-31,2020-12-31,2021-12-31
2020-12-31,GLD,12,2021-12-31,2021-12-31,2020-12-31,2021-12-31,2020-12-31,2021-12-31
2020-12-31,VDE,12,2021-12-31,2021-12-31,2020-12-31,2021-12-31,2020-12-31,2021-12-31
2020-12-31,VGT,12,2021-12-31,2021-12-31,2020-12-31,2021-12-31,2020-12-31,2021-12-31
2020-12-31,VIG,12,2021-12-31,2021-12-31,2020-12-31,2021-12-31,2020-12-31,2021-12-31
2020-12-31,VMBS,12,2021-12-31,2021-12-31,2020-12-31,2021-12-31,2020-12-31,2021-12-31
2020-12-31,VOO,12,2021-12-31,2021-12-31,2020-12-31,2021-12-31,2020-12-31,2021-12-31
2020-12-31,VWO,12,2021-12-31,2021-12-31,2020-12-31,2021-12-31,2020-12-31,2021-12-31
2020-12-31,VXUS,12,2021-12-31,2021-12-31,2020-12-31,2021-12-31,2020-12-31,2021-12-31
2021-01-29,BND,12,2022-01-31,2022-01-31,2021-01-29,2022-01-28,2021-01-29,2022-01-28
2021-01-29,DBC,12,2022-01-31,2022-01-31,2021-01-29,2022-01-28,2021-01-29,2022-01-28
2021-01-29,GLD,12,2022-01-31,2022-01-31,2021-01-29,2022-01-28,2021-01-29,2022-01-28
2021-01-29,VDE,12,2022-01-31,2022-01-31,2021-01-29,2022-01-28,2021-01-29,2022-01-28
2021-01-29,VGT,12,2022-01-31,2022-01-31,2021-01-29,2022-01-28,2021-01-29,2022-01-28
2021-01-29,VIG,12,2022-01-31,2022-01-31,2021-01-29,2022-01-28,2021-01-29,2022-01-28
2021-01-29,VMBS,12,2022-01-31,2022-01-31,2021-01-29,2022-01-28,2021-01-29,2022-01-28
2021-01-29,VOO,12,2022-01-31,2022-01-31,2021-01-29,2022-01-28,2021-01-29,2022-01-28
2021-01-29,VWO,12,2022-01-31,2022-01-31,2021-01-29,2022-01-28,2021-01-29,2022-01-28
2021-01-29,VXUS,12,2022-01-31,2022-01-31,2021-01-29,2022-01-28,2021-01-29,2022-01-28
2021-02-26,BND,12,2022-02-28,2022-02-28,2021-02-26,2022-02-25,2021-02-26,2022-02-25
2021-02-26,DBC,12,2022-02-28,2022-02-28,2021-02-26,2022-02-25,2021-02-26,2022-02-25
2021-02-26,GLD,12,2022-02-28,2022-02-28,2021-02-26,2022-02-25,2021-02-26,2022-02-25
2021-02-26,VDE,12,2022-02-28,2022-02-28,2021-02-26,2022-02-25,2021-02-26,2022-02-25
2021-02-26,VGT,12,2022-02-28,2022-02-28,2021-02-26,2022-02-25,2021-02-26,2022-02-25
2021-02-26,VIG,12,2022-02-28,2022-02-28,2021-02-26,2022-02-25,2021-02-26,2022-02-25
2021-02-26,VMBS,12,2022-02-28,2022-02-28,2021-02-26,2022-02-25,2021-02-26,2022-02-25
2021-02-26,VOO,12,2022-02-28,2022-02-28,2021-02-26,2022-02-25,2021-02-26,2022-02-25
2021-02-26,VWO,12,2022-02-28,2022-02-28,2021-02-26,2022-02-25,2021-02-26,2022-02-25
2021-02-26,VXUS,12,2022-02-28,2022-02-28,2021-02-26,2022-02-25,2021-02-26,2022-02-25
2021-03-31,BND,12,2022-03-31,2022-03-31,2021-03-26,2022-03-25,2021-03-26,2022-03-25
2021-03-31,DBC,12,2022-03-31,2022-03-31,2021-03-26,2022-03-25,2021-03-26,2022-03-25
2021-03-31,GLD,12,2022-03-31,2022-03-31,2021-03-26,2022-03-25,2021-03-26,2022-03-25
2021-03-31,VDE,12,2022-03-31,2022-03-31,2021-03-26,2022-03-25,2021-03-26,2022-03-25
2021-03-31,VGT,12,2022-03-31,2022-03-31,2021-03-26,2022-03-25,2021-03-26,2022-03-25
2021-03-31,VIG,12,2022-03-31,2022-03-31,2021-03-26,2022-03-25,2021-03-26,2022-03-25
2021-03-31,VMBS,12,2022-03-31,2022-03-31,2021-03-26,2022-03-25,2021-03-26,2022-03-25
2021-03-31,VOO,12,2022-03-31,2022-03-31,2021-03-26,2022-03-25,2021-03-26,2022-03-25
2021-03-31,VWO,12,2022-03-31,2022-03-31,2021-03-26,2022-03-25,2021-03-26,2022-03-25
2021-03-31,VXUS,12,2022-03-31,2022-03-31,2021-03-26,2022-03-25,2021-03-26,2022-03-25
2021-04-30,BND,12,2022-04-29,2022-04-29,2021-04-30,2022-04-29,2021-04-30,2022-04-29
2021-04-30,DBC,12,2022-04-29,2022-04-29,2021-04-30,2022-04-29,2021-04-30,2022-04-29
2021-04-30,GLD,12,2022-04-29,2022-04-29,2021-04-30,2022-04-29,2021-04-30,2022-04-29
2021-04-30,VDE,12,2022-04-29,2022-04-29,2021-04-30,2022-04-29,2021-04-30,2022-04-29
2021-04-30,VGT,12,2022-04-29,2022-04-29,2021-04-30,2022-04-29,2021-04-30,2022-04-29
2021-04-30,VIG,12,2022-04-29,2022-04-29,2021-04-30,2022-04-29,2021-04-30,2022-04-29
2021-04-30,VMBS,12,2022-04-29,2022-04-29,2021-04-30,2022-04-29,2021-04-30,2022-04-29
2021-04-30,VOO,12,2022-04-29,2022-04-29,2021-04-30,2022-04-29,2021-04-30,2022-04-29
2021-04-30,VWO,12,2022-04-29,2022-04-29,2021-04-30,2022-04-29,2021-04-30,2022-04-29
2021-04-30,VXUS,12,2022-04-29,2022-04-29,2021-04-30,2022-04-29,2021-04-30,2022-04-29
2021-05-31,BND,12,2022-05-31,2022-05-31,2021-05-28,2022-05-27,2021-05-28,2022-05-27
2021-05-31,DBC,12,2022-05-31,2022-05-31,2021-05-28,2022-05-27,2021-05-28,2022-05-27
2021-05-31,GLD,12,2022-05-31,2022-05-31,2021-05-28,2022-05-27,2021-05-28,2022-05-27
2021-05-31,VDE,12,2022-05-31,2022-05-31,2021-05-28,2022-05-27,2021-05-28,2022-05-27
2021-05-31,VGT,12,2022-05-31,2022-05-31,2021-05-28,2022-05-27,2021-05-28,2022-05-27
2021-05-31,VIG,12,2022-05-31,2022-05-31,2021-05-28,2022-05-27,2021-05-28,2022-05-27
2021-05-31,VMBS,12,2022-05-31,2022-05-31,2021-05-28,2022-05-27,2021-05-28,2022-05-27
2021-05-31,VOO,12,2022-05-31,2022-05-31,2021-05-28,2022-05-27,2021-05-28,2022-05-27
2021-05-31,VWO,12,2022-05-31,2022-05-31,2021-05-28,2022-05-27,2021-05-28,2022-05-27
2021-05-31,VXUS,12,2022-05-31,2022-05-31,2021-05-28,2022-05-27,2021-05-28,2022-05-27
2021-06-30,BND,12,2022-06-30,2022-06-30,2021-06-25,2022-06-24,2021-06-25,2022-06-24
2021-06-30,DBC,12,2022-06-30,2022-06-30,2021-06-25,2022-06-24,2021-06-25,2022-06-24
2021-06-30,GLD,12,2022-06-30,2022-06-30,2021-06-25,2022-06-24,2021-06-25,2022-06-24
2021-06-30,VDE,12,2022-06-30,2022-06-30,2021-06-25,2022-06-24,2021-06-25,2022-06-24
2021-06-30,VGT,12,2022-06-30,2022-06-30,2021-06-25,2022-06-24,2021-06-25,2022-06-24
2021-06-30,VIG,12,2022-06-30,2022-06-30,2021-06-25,2022-06-24,2021-06-25,2022-06-24
2021-06-30,VMBS,12,2022-06-30,2022-06-30,2021-06-25,2022-06-24,2021-06-25,2022-06-24
2021-06-30,VOO,12,2022-06-30,2022-06-30,2021-06-25,2022-06-24,2021-06-25,2022-06-24
2021-06-30,VWO,12,2022-06-30,2022-06-30,2021-06-25,2022-06-24,2021-06-25,2022-06-24
2021-06-30,VXUS,12,2022-06-30,2022-06-30,2021-06-25,2022-06-24,2021-06-25,2022-06-24
2021-07-30,BND,12,2022-07-29,2022-07-29,2021-07-30,2022-07-29,2021-07-30,2022-07-29
2021-07-30,DBC,12,2022-07-29,2022-07-29,2021-07-30,2022-07-29,2021-07-30,2022-07-29
2021-07-30,GLD,12,2022-07-29,2022-07-29,2021-07-30,2022-07-29,2021-07-30,2022-07-29
2021-07-30,VDE,12,2022-07-29,2022-07-29,2021-07-30,2022-07-29,2021-07-30,2022-07-29
2021-07-30,VGT,12,2022-07-29,2022-07-29,2021-07-30,2022-07-29,2021-07-30,2022-07-29
2021-07-30,VIG,12,2022-07-29,2022-07-29,2021-07-30,2022-07-29,2021-07-30,2022-07-29
2021-07-30,VMBS,12,2022-07-29,2022-07-29,2021-07-30,2022-07-29,2021-07-30,2022-07-29
2021-07-30,VOO,12,2022-07-29,2022-07-29,2021-07-30,2022-07-29,2021-07-30,2022-07-29
2021-07-30,VWO,12,2022-07-29,2022-07-29,2021-07-30,2022-07-29,2021-07-30,2022-07-29
2021-07-30,VXUS,12,2022-07-29,2022-07-29,2021-07-30,2022-07-29,2021-07-30,2022-07-29
2021-08-31,BND,12,2022-08-31,2022-08-31,2021-08-27,2022-08-26,2021-08-27,2022-08-26
2021-08-31,DBC,12,2022-08-31,2022-08-31,2021-08-27,2022-08-26,2021-08-27,2022-08-26
2021-08-31,GLD,12,2022-08-31,2022-08-31,2021-08-27,2022-08-26,2021-08-27,2022-08-26
2021-08-31,VDE,12,2022-08-31,2022-08-31,2021-08-27,2022-08-26,2021-08-27,2022-08-26
2021-08-31,VGT,12,2022-08-31,2022-08-31,2021-08-27,2022-08-26,2021-08-27,2022-08-26
2021-08-31,VIG,12,2022-08-31,2022-08-31,2021-08-27,2022-08-26,2021-08-27,2022-08-26
2021-08-31,VMBS,12,2022-08-31,2022-08-31,2021-08-27,2022-08-26,2021-08-27,2022-08-26
2021-08-31,VOO,12,2022-08-31,2022-08-31,2021-08-27,2022-08-26,2021-08-27,2022-08-26
2021-08-31,VWO,12,2022-08-31,2022-08-31,2021-08-27,2022-08-26,2021-08-27,2022-08-26
2021-08-31,VXUS,12,2022-08-31,2022-08-31,2021-08-27,2022-08-26,2021-08-27,2022-08-26
2021-09-30,BND,12,2022-09-30,2022-09-30,2021-09-24,2022-09-30,2021-09-24,2022-09-30
2021-09-30,DBC,12,2022-09-30,2022-09-30,2021-09-24,2022-09-30,2021-09-24,2022-09-30
2021-09-30,GLD,12,2022-09-30,2022-09-30,2021-09-24,2022-09-30,2021-09-24,2022-09-30
2021-09-30,VDE,12,2022-09-30,2022-09-30,2021-09-24,2022-09-30,2021-09-24,2022-09-30
2021-09-30,VGT,12,2022-09-30,2022-09-30,2021-09-24,2022-09-30,2021-09-24,2022-09-30
2021-09-30,VIG,12,2022-09-30,2022-09-30,2021-09-24,2022-09-30,2021-09-24,2022-09-30
2021-09-30,VMBS,12,2022-09-30,2022-09-30,2021-09-24,2022-09-30,2021-09-24,2022-09-30
2021-09-30,VOO,12,2022-09-30,2022-09-30,2021-09-24,2022-09-30,2021-09-24,2022-09-30
2021-09-30,VWO,12,2022-09-30,2022-09-30,2021-09-24,2022-09-30,2021-09-24,2022-09-30
2021-09-30,VXUS,12,2022-09-30,2022-09-30,2021-09-24,2022-09-30,2021-09-24,2022-09-30
2021-10-29,BND,12,2022-10-31,2022-10-31,2021-10-29,2022-10-28,2021-10-29,2022-10-28
2021-10-29,DBC,12,2022-10-31,2022-10-31,2021-10-29,2022-10-28,2021-10-29,2022-10-28
2021-10-29,GLD,12,2022-10-31,2022-10-31,2021-10-29,2022-10-28,2021-10-29,2022-10-28
2021-10-29,VDE,12,2022-10-31,2022-10-31,2021-10-29,2022-10-28,2021-10-29,2022-10-28
2021-10-29,VGT,12,2022-10-31,2022-10-31,2021-10-29,2022-10-28,2021-10-29,2022-10-28
2021-10-29,VIG,12,2022-10-31,2022-10-31,2021-10-29,2022-10-28,2021-10-29,2022-10-28
2021-10-29,VMBS,12,2022-10-31,2022-10-31,2021-10-29,2022-10-28,2021-10-29,2022-10-28
2021-10-29,VOO,12,2022-10-31,2022-10-31,2021-10-29,2022-10-28,2021-10-29,2022-10-28
2021-10-29,VWO,12,2022-10-31,2022-10-31,2021-10-29,2022-10-28,2021-10-29,2022-10-28
2021-10-29,VXUS,12,2022-10-31,2022-10-31,2021-10-29,2022-10-28,2021-10-29,2022-10-28
2021-11-30,BND,12,2022-11-30,2022-11-30,2021-11-26,2022-11-25,2021-11-26,2022-11-25
2021-11-30,DBC,12,2022-11-30,2022-11-30,2021-11-26,2022-11-25,2021-11-26,2022-11-25
2021-11-30,GLD,12,2022-11-30,2022-11-30,2021-11-26,2022-11-25,2021-11-26,2022-11-25
2021-11-30,VDE,12,2022-11-30,2022-11-30,2021-11-26,2022-11-25,2021-11-26,2022-11-25
2021-11-30,VGT,12,2022-11-30,2022-11-30,2021-11-26,2022-11-25,2021-11-26,2022-11-25
2021-11-30,VIG,12,2022-11-30,2022-11-30,2021-11-26,2022-11-25,2021-11-26,2022-11-25
2021-11-30,VMBS,12,2022-11-30,2022-11-30,2021-11-26,2022-11-25,2021-11-26,2022-11-25
2021-11-30,VOO,12,2022-11-30,2022-11-30,2021-11-26,2022-11-25,2021-11-26,2022-11-25
2021-11-30,VWO,12,2022-11-30,2022-11-30,2021-11-26,2022-11-25,2021-11-26,2022-11-25
2021-11-30,VXUS,12,2022-11-30,2022-11-30,2021-11-26,2022-11-25,2021-11-26,2022-11-25
2021-12-31,BND,12,2022-12-30,2022-12-30,2021-12-31,2022-12-30,2021-12-31,2022-12-30
2021-12-31,DBC,12,2022-12-30,2022-12-30,2021-12-31,2022-12-30,2021-12-31,2022-12-30
2021-12-31,GLD,12,2022-12-30,2022-12-30,2021-12-31,2022-12-30,2021-12-31,2022-12-30
2021-12-31,VDE,12,2022-12-30,2022-12-30,2021-12-31,2022-12-30,2021-12-31,2022-12-30
2021-12-31,VGT,12,2022-12-30,2022-12-30,2021-12-31,2022-12-30,2021-12-31,2022-12-30
2021-12-31,VIG,12,2022-12-30,2022-12-30,2021-12-31,2022-12-30,2021-12-31,2022-12-30
2021-12-31,VMBS,12,2022-12-30,2022-12-30,2021-12-31,2022-12-30,2021-12-31,2022-12-30
2021-12-31,VOO,12,2022-12-30,2022-12-30,2021-12-31,2022-12-30,2021-12-31,2022-12-30
2021-12-31,VWO,12,2022-12-30,2022-12-30,2021-12-31,2022-12-30,2021-12-31,2022-12-30
2021-12-31,VXUS,12,2022-12-30,2022-12-30,2021-12-31,2022-12-30,2021-12-31,2022-12-30
2022-01-31,BND,12,2023-01-31,2023-01-31,2022-01-28,2023-01-27,2022-01-28,2023-01-27
2022-01-31,DBC,12,2023-01-31,2023-01-31,2022-01-28,2023-01-27,2022-01-28,2023-01-27
2022-01-31,GLD,12,2023-01-31,2023-01-31,2022-01-28,2023-01-27,2022-01-28,2023-01-27
2022-01-31,VDE,12,2023-01-31,2023-01-31,2022-01-28,2023-01-27,2022-01-28,2023-01-27
2022-01-31,VGT,12,2023-01-31,2023-01-31,2022-01-28,2023-01-27,2022-01-28,2023-01-27
2022-01-31,VIG,12,2023-01-31,2023-01-31,2022-01-28,2023-01-27,2022-01-28,2023-01-27
2022-01-31,VMBS,12,2023-01-31,2023-01-31,2022-01-28,2023-01-27,2022-01-28,2023-01-27
2022-01-31,VOO,12,2023-01-31,2023-01-31,2022-01-28,2023-01-27,2022-01-28,2023-01-27
2022-01-31,VWO,12,2023-01-31,2023-01-31,2022-01-28,2023-01-27,2022-01-28,2023-01-27
2022-01-31,VXUS,12,2023-01-31,2023-01-31,2022-01-28,2023-01-27,2022-01-28,2023-01-27
2022-02-28,BND,12,2023-02-28,2023-02-28,2022-02-25,2023-02-24,2022-02-25,2023-02-24
2022-02-28,DBC,12,2023-02-28,2023-02-28,2022-02-25,2023-02-24,2022-02-25,2023-02-24
2022-02-28,GLD,12,2023-02-28,2023-02-28,2022-02-25,2023-02-24,2022-02-25,2023-02-24
2022-02-28,VDE,12,2023-02-28,2023-02-28,2022-02-25,2023-02-24,2022-02-25,2023-02-24
2022-02-28,VGT,12,2023-02-28,2023-02-28,2022-02-25,2023-02-24,2022-02-25,2023-02-24
2022-02-28,VIG,12,2023-02-28,2023-02-28,2022-02-25,2023-02-24,2022-02-25,2023-02-24
2022-02-28,VMBS,12,2023-02-28,2023-02-28,2022-02-25,2023-02-24,2022-02-25,2023-02-24
2022-02-28,VOO,12,2023-02-28,2023-02-28,2022-02-25,2023-02-24,2022-02-25,2023-02-24
2022-02-28,VWO,12,2023-02-28,2023-02-28,2022-02-25,2023-02-24,2022-02-25,2023-02-24
2022-02-28,VXUS,12,2023-02-28,2023-02-28,2022-02-25,2023-02-24,2022-02-25,2023-02-24
2022-03-31,BND,12,2023-03-31,2023-03-31,2022-03-25,2023-03-31,2022-03-25,2023-03-31
2022-03-31,DBC,12,2023-03-31,2023-03-31,2022-03-25,2023-03-31,2022-03-25,2023-03-31
2022-03-31,GLD,12,2023-03-31,2023-03-31,2022-03-25,2023-03-31,2022-03-25,2023-03-31
2022-03-31,VDE,12,2023-03-31,2023-03-31,2022-03-25,2023-03-31,2022-03-25,2023-03-31
2022-03-31,VGT,12,2023-03-31,2023-03-31,2022-03-25,2023-03-31,2022-03-25,2023-03-31
2022-03-31,VIG,12,2023-03-31,2023-03-31,2022-03-25,2023-03-31,2022-03-25,2023-03-31
2022-03-31,VMBS,12,2023-03-31,2023-03-31,2022-03-25,2023-03-31,2022-03-25,2023-03-31
2022-03-31,VOO,12,2023-03-31,2023-03-31,2022-03-25,2023-03-31,2022-03-25,2023-03-31
2022-03-31,VWO,12,2023-03-31,2023-03-31,2022-03-25,2023-03-31,2022-03-25,2023-03-31
2022-03-31,VXUS,12,2023-03-31,2023-03-31,2022-03-25,2023-03-31,2022-03-25,2023-03-31
2022-04-29,BND,12,2023-04-28,2023-04-28,2022-04-29,2023-04-28,2022-04-29,2023-04-28
2022-04-29,DBC,12,2023-04-28,2023-04-28,2022-04-29,2023-04-28,2022-04-29,2023-04-28
2022-04-29,GLD,12,2023-04-28,2023-04-28,2022-04-29,2023-04-28,2022-04-29,2023-04-28
2022-04-29,VDE,12,2023-04-28,2023-04-28,2022-04-29,2023-04-28,2022-04-29,2023-04-28
2022-04-29,VGT,12,2023-04-28,2023-04-28,2022-04-29,2023-04-28,2022-04-29,2023-04-28
2022-04-29,VIG,12,2023-04-28,2023-04-28,2022-04-29,2023-04-28,2022-04-29,2023-04-28
2022-04-29,VMBS,12,2023-04-28,2023-04-28,2022-04-29,2023-04-28,2022-04-29,2023-04-28
2022-04-29,VOO,12,2023-04-28,2023-04-28,2022-04-29,2023-04-28,2022-04-29,2023-04-28
2022-04-29,VWO,12,2023-04-28,2023-04-28,2022-04-29,2023-04-28,2022-04-29,2023-04-28
2022-04-29,VXUS,12,2023-04-28,2023-04-28,2022-04-29,2023-04-28,2022-04-29,2023-04-28
2022-05-31,BND,12,2023-05-31,2023-05-31,2022-05-27,2023-05-26,2022-05-27,2023-05-26
2022-05-31,DBC,12,2023-05-31,2023-05-31,2022-05-27,2023-05-26,2022-05-27,2023-05-26
2022-05-31,GLD,12,2023-05-31,2023-05-31,2022-05-27,2023-05-26,2022-05-27,2023-05-26
2022-05-31,VDE,12,2023-05-31,2023-05-31,2022-05-27,2023-05-26,2022-05-27,2023-05-26
2022-05-31,VGT,12,2023-05-31,2023-05-31,2022-05-27,2023-05-26,2022-05-27,2023-05-26
2022-05-31,VIG,12,2023-05-31,2023-05-31,2022-05-27,2023-05-26,2022-05-27,2023-05-26
2022-05-31,VMBS,12,2023-05-31,2023-05-31,2022-05-27,2023-05-26,2022-05-27,2023-05-26
2022-05-31,VOO,12,2023-05-31,2023-05-31,2022-05-27,2023-05-26,2022-05-27,2023-05-26
2022-05-31,VWO,12,2023-05-31,2023-05-31,2022-05-27,2023-05-26,2022-05-27,2023-05-26
2022-05-31,VXUS,12,2023-05-31,2023-05-31,2022-05-27,2023-05-26,2022-05-27,2023-05-26
2022-06-30,BND,12,2023-06-30,2023-06-30,2022-06-24,2023-06-30,2022-06-24,2023-06-30
2022-06-30,DBC,12,2023-06-30,2023-06-30,2022-06-24,2023-06-30,2022-06-24,2023-06-30
2022-06-30,GLD,12,2023-06-30,2023-06-30,2022-06-24,2023-06-30,2022-06-24,2023-06-30
2022-06-30,VDE,12,2023-06-30,2023-06-30,2022-06-24,2023-06-30,2022-06-24,2023-06-30
2022-06-30,VGT,12,2023-06-30,2023-06-30,2022-06-24,2023-06-30,2022-06-24,2023-06-30
2022-06-30,VIG,12,2023-06-30,2023-06-30,2022-06-24,2023-06-30,2022-06-24,2023-06-30
2022-06-30,VMBS,12,2023-06-30,2023-06-30,2022-06-24,2023-06-30,2022-06-24,2023-06-30
2022-06-30,VOO,12,2023-06-30,2023-06-30,2022-06-24,2023-06-30,2022-06-24,2023-06-30
2022-06-30,VWO,12,2023-06-30,2023-06-30,2022-06-24,2023-06-30,2022-06-24,2023-06-30
2022-06-30,VXUS,12,2023-06-30,2023-06-30,2022-06-24,2023-06-30,2022-06-24,2023-06-30
2022-07-29,BND,12,2023-07-31,2023-07-31,2022-07-29,2023-07-28,2022-07-29,2023-07-28
2022-07-29,DBC,12,2023-07-31,2023-07-31,2022-07-29,2023-07-28,2022-07-29,2023-07-28
2022-07-29,GLD,12,2023-07-31,2023-07-31,2022-07-29,2023-07-28,2022-07-29,2023-07-28
2022-07-29,VDE,12,2023-07-31,2023-07-31,2022-07-29,2023-07-28,2022-07-29,2023-07-28
2022-07-29,VGT,12,2023-07-31,2023-07-31,2022-07-29,2023-07-28,2022-07-29,2023-07-28
2022-07-29,VIG,12,2023-07-31,2023-07-31,2022-07-29,2023-07-28,2022-07-29,2023-07-28
2022-07-29,VMBS,12,2023-07-31,2023-07-31,2022-07-29,2023-07-28,2022-07-29,2023-07-28
2022-07-29,VOO,12,2023-07-31,2023-07-31,2022-07-29,2023-07-28,2022-07-29,2023-07-28
2022-07-29,VWO,12,2023-07-31,2023-07-31,2022-07-29,2023-07-28,2022-07-29,2023-07-28
2022-07-29,VXUS,12,2023-07-31,2023-07-31,2022-07-29,2023-07-28,2022-07-29,2023-07-28
2022-08-31,BND,12,2023-08-31,2023-08-31,2022-08-26,2023-08-25,2022-08-26,2023-08-25
2022-08-31,DBC,12,2023-08-31,2023-08-31,2022-08-26,2023-08-25,2022-08-26,2023-08-25
2022-08-31,GLD,12,2023-08-31,2023-08-31,2022-08-26,2023-08-25,2022-08-26,2023-08-25
2022-08-31,VDE,12,2023-08-31,2023-08-31,2022-08-26,2023-08-25,2022-08-26,2023-08-25
2022-08-31,VGT,12,2023-08-31,2023-08-31,2022-08-26,2023-08-25,2022-08-26,2023-08-25
2022-08-31,VIG,12,2023-08-31,2023-08-31,2022-08-26,2023-08-25,2022-08-26,2023-08-25
2022-08-31,VMBS,12,2023-08-31,2023-08-31,2022-08-26,2023-08-25,2022-08-26,2023-08-25
2022-08-31,VOO,12,2023-08-31,2023-08-31,2022-08-26,2023-08-25,2022-08-26,2023-08-25
2022-08-31,VWO,12,2023-08-31,2023-08-31,2022-08-26,2023-08-25,2022-08-26,2023-08-25
2022-08-31,VXUS,12,2023-08-31,2023-08-31,2022-08-26,2023-08-25,2022-08-26,2023-08-25
