benchmark,n_obs,oos_r2,nw_ic,nw_p_value,hit_rate,cw_t_stat,cw_p_value,cw_mean_adjusted_differential,r2_flag,ic_flag,hr_flag
DBC,168,0.013409970389695602,0.21312657862634837,0.06347977942573413,0.7202380952380952,2.1275429003328363,0.01742142348416195,0.010306169087987142,⚠️,✅,✅
VOO,108,-0.08963045368614697,-0.0023435937008774183,0.9859684604350663,0.5185185185185185,1.9586691916561951,0.026377060472814514,0.006675424429548778,❌,❌,❌
VDE,180,-0.010151118329055464,0.06526538884945009,0.6274242829333899,0.6555555555555556,1.7335239525757504,0.04236225887984108,0.0068067105845556865,❌,⚠️,✅
VXUS,108,-0.059578241811422794,0.12822125048824867,0.39274843714526303,0.7129629629629629,1.4366678138163549,0.07686497570276386,0.007042452141423903,❌,✅,✅
VMBS,120,-0.12421821317681303,0.24808667268560314,0.09897811875002879,0.8,1.2219585598835914,0.11206915754714444,0.006650148395447244,❌,✅,✅
GLD,180,-0.08985720143558851,0.13219955348416101,0.3001201491042639,0.55,1.0365590184582354,0.15066984173487133,0.004675297315286377,❌,✅,✅
VWO,174,-0.06810765754349624,0.11799994305077025,0.26331881528262235,0.632183908045977,0.8518419622379739,0.19773973000940243,0.0023005588722311734,❌,✅,✅
BND,150,-0.12792436642525584,0.28138317258544826,0.018020894413749544,0.7466666666666667,0.7583057605256052,0.22473286148588698,0.0022882980806827914,❌,✅,✅
