benchmark,n_obs,oos_r2,nw_ic,nw_p_value,hit_rate,cw_t_stat,cw_p_value,cw_mean_adjusted_differential,r2_flag,ic_flag,hr_flag
DBC,168,-0.017364014027151153,0.22696787321384285,0.04514137681007903,0.7261904761904762,2.198227325629608,0.014654208081957153,0.010913315755627484,❌,✅,✅
VOO,108,-0.09116126679980718,-0.004449017310202254,0.9728942429528268,0.5370370370370371,1.8668211785013984,0.032332087186560714,0.006666867691223448,❌,❌,⚠️
VDE,180,-0.039824386735982875,0.10445589884461454,0.43427760479983246,0.6555555555555556,1.553826410164282,0.060996051191504884,0.006461874819012809,❌,✅,✅
VXUS,108,-0.06569311664560495,0.10843407928206007,0.49187531321835987,0.7314814814814815,1.4043351798441566,0.08155758353294741,0.007121120409020077,❌,✅,✅
VMBS,120,-0.11865301728749755,0.22892561983471071,0.13271249582896366,0.8083333333333333,1.2339720081953702,0.10982241350230157,0.006862340056631539,❌,✅,✅
VWO,174,-0.09550564735058731,0.12565164156154787,0.22634839324698017,0.6264367816091954,0.9012509926999477,0.18435392243835558,0.0026218022668706223,❌,✅,✅
BND,150,-0.1257421116855828,0.2949091070714254,0.012377696200304622,0.7466666666666667,0.83873491206718,0.2014808221396986,0.0027008690578651192,❌,✅,✅
GLD,180,-0.14163918019498567,0.13971418870952806,0.27140159881261533,0.55,0.7432766336118523,0.22914432178306668,0.003369896149419321,❌,✅,✅
