benchmark,n_obs,oos_r2,nw_ic,nw_p_value,hit_rate,cw_t_stat,cw_p_value,cw_mean_adjusted_differential,r2_flag,ic_flag,hr_flag
DBC,168,-0.011614874480814219,0.24414484640187084,0.030269213005153537,0.7261904761904762,2.236267255102371,0.013329337018104624,0.011223511222517338,❌,✅,✅
VOO,108,-0.08791405373617178,-0.009279106766888642,0.9444279863475489,0.5462962962962963,1.8698222173883925,0.032121069941055104,0.006748925513731635,❌,❌,⚠️
VDE,180,-0.040198573932495485,0.10840046503492906,0.4183539152607297,0.6555555555555556,1.5432220608207041,0.062271474439727754,0.006144779718665809,❌,✅,✅
VXUS,108,-0.059856413399844266,0.11400725942439052,0.47099800837092964,0.75,1.4022366435499172,0.0818695660894768,0.007077837063969374,❌,✅,✅
VMBS,120,-0.11281780309787282,0.23443294673241194,0.12704724194436698,0.8083333333333333,1.2419062446374087,0.1083566202308156,0.006981876208538771,❌,✅,✅
VWO,174,-0.08682123315920398,0.14864318460092826,0.15756365431457223,0.6264367816091954,0.9852800054065856,0.16293125781495854,0.002862559866745234,❌,✅,✅
BND,150,-0.12645181085355173,0.28754522423218815,0.015452768018662685,0.7466666666666667,0.8384282838349647,0.20156661047133037,0.0026875207622311745,❌,✅,✅
GLD,180,-0.12995572704830782,0.1360186013971625,0.28769516304939136,0.55,0.7891151253201507,0.21554433892677397,0.0034976229275980016,❌,✅,✅
