benchmark,n_obs,oos_r2,nw_ic,nw_p_value,hit_rate,cw_t_stat,cw_p_value,cw_mean_adjusted_differential,r2_flag,ic_flag,hr_flag
DBC,168,0.015398424107684217,0.2204559604375358,0.05406314544162734,0.7202380952380952,2.1383876761029956,0.01696962128792752,0.01036309305502756,⚠️,✅,✅
VOO,108,-0.09186025037621404,-0.005658921375289377,0.9661951444447076,0.5185185185185185,1.91782238421226,0.02889971045760994,0.006865649814753899,❌,❌,❌
VDE,180,-0.006593110041179129,0.0753438892146877,0.5774448465763219,0.6555555555555556,1.7876502773183427,0.03776211822949116,0.00702793624617187,❌,✅,✅
VXUS,108,-0.05289580824559814,0.14495031771890213,0.33013285598563274,0.7129629629629629,1.457818500924441,0.07390971510312808,0.007274913443526472,❌,✅,✅
VMBS,120,-0.12580284456187263,0.2378567956108063,0.11308235696221136,0.8083333333333333,1.2330074105188842,0.11000159393537472,0.006837836943539024,❌,✅,✅
GLD,180,-0.08785266453108598,0.12998755105610255,0.3122512716133139,0.5555555555555556,1.0462160218240466,0.14843600534500892,0.004883352442593616,❌,✅,✅
VWO,174,-0.05669387445762508,0.13233520316637717,0.20848937810332668,0.6436781609195402,0.9463169116494378,0.1726534251641088,0.002712453331594007,❌,✅,✅
BND,150,-0.12543890275941671,0.29605049113293924,0.011583533375606242,0.7466666666666667,0.7959507625000359,0.21366346106426676,0.002478411429162041,❌,✅,✅
