benchmark,n_obs,oos_r2,nw_ic,nw_p_value,hit_rate,cw_t_stat,cw_p_value,cw_mean_adjusted_differential,r2_flag,ic_flag,hr_flag
DBC,168,-0.006725276579424122,0.1835888662235968,0.1293908724069779,0.7202380952380952,2.1148505012007304,0.017963327338506783,0.010450439885109837,❌,✅,✅
VOO,108,-0.06582247360906934,0.07639543856640658,0.5387394695715791,0.5648148148148148,2.0095454902474676,0.02349828401032221,0.007785856791932519,❌,✅,✅
VDE,180,-0.007754020366023795,0.14339331460847557,0.2462463802026394,0.6222222222222222,1.7916915835381297,0.037435817294308574,0.00700403919199996,❌,✅,✅
VXUS,108,-0.010562939923313808,0.23234921451503807,0.09593860662595007,0.7592592592592593,1.7377999462322922,0.04256156204907847,0.00873241639686531,❌,✅,✅
VWO,174,-0.03973087762815486,0.24538398018166802,0.014481409398139451,0.6781609195402298,1.2809122825502255,0.1009694755351263,0.0038252348226656577,❌,✅,✅
VMBS,120,-0.15075942575908563,0.23957219251336895,0.10408186948294189,0.8,1.2216441519185408,0.11212840141912905,0.0074842502084183395,❌,✅,✅
BND,150,-0.14593545335118074,0.24791679630205787,0.027273225243733195,0.7466666666666667,0.8105528156065197,0.20945762966172377,0.0028535005937426225,❌,✅,✅
GLD,180,-0.1184146692133925,0.16020453306172,0.21784556081747733,0.5944444444444444,0.7637523335769417,0.2230101811642181,0.0035866409202620284,❌,✅,✅
