benchmark,classifier_raw_prob_actionable_sell,classifier_prob_actionable_sell,classifier_history_obs,classifier_weight,classifier_weighted_contribution,classifier_shadow_tier
BND,0.8915181804413944,0.25742200543141036,150,0.13429096238292992,0.03456944884792791,HIGH
DBC,0.9012273633872918,0.4015890893430124,168,0.12377164206102163,0.04970534102177497,LOW
GLD,0.8956829364115756,0.4365097030464931,180,0.11994768424450285,0.05235832803068246,LOW
VDE,0.7928179215993894,0.333673817756522,180,0.11719860477473663,0.03910610589092412,MODERATE
VMBS,0.7582187179089698,0.2683593132964372,120,0.1329263986529053,0.03567203706146212,HIGH
VOO,0.5768459921129881,0.4188939207106705,108,0.1062426775730621,0.04450441175537961,LOW
VWO,0.7208096627890379,0.35146591430079555,174,0.13387677986447524,0.04705312483871413,MODERATE
VXUS,0.5762560472763967,0.3738475290388365,108,0.1317452504463663,0.04925263634197672,MODERATE
