origin,series_id,observation_period,available,publication_rule_months,lag_applications,value,status,vintage,release_timestamp
1999-12-31,T10Y2Y,1999-11,1999-12-31,1,1,0.17000000000000001,usable,latest;not point-in-time,
2000-01-31,T10Y2Y,1999-12,2000-01-31,1,1,0.20999999999999999,usable,latest;not point-in-time,
2000-02-29,T10Y2Y,2000-01,2000-02-29,1,1,0.070000000000000007,usable,latest;not point-in-time,
2000-03-31,T10Y2Y,2000-02,2000-03-31,1,1,-0.11,usable,latest;not point-in-time,
2000-04-28,T10Y2Y,2000-03,2000-04-28,1,1,-0.46999999999999997,usable,latest;not point-in-time,
2000-05-31,T10Y2Y,2000-04,2000-05-31,1,1,-0.45000000000000001,usable,latest;not point-in-time,
2000-06-30,T10Y2Y,2000-05,2000-06-30,1,1,-0.40000000000000002,usable,latest;not point-in-time,
2000-07-31,T10Y2Y,2000-06,2000-07-31,1,1,-0.34999999999999998,usable,latest;not point-in-time,
2000-08-31,T10Y2Y,2000-07,2000-08-31,1,1,-0.26000000000000001,usable,latest;not point-in-time,
2000-09-29,T10Y2Y,2000-08,2000-09-29,1,1,-0.45000000000000001,usable,latest;not point-in-time,
2000-10-31,T10Y2Y,2000-09,2000-10-31,1,1,-0.17999999999999999,usable,latest;not point-in-time,
2000-11-30,T10Y2Y,2000-10,2000-11-30,1,1,-0.17000000000000001,usable,latest;not point-in-time,
2000-12-29,T10Y2Y,2000-11,2000-12-29,1,1,-0.13,usable,latest;not point-in-time,
2001-01-31,T10Y2Y,2000-12,2001-01-31,1,1,0.01,usable,latest;not point-in-time,
2001-02-28,T10Y2Y,2001-01,2001-02-28,1,1,0.56999999999999995,usable,latest;not point-in-time,
2001-03-30,T10Y2Y,2001-02,2001-03-30,1,1,0.51000000000000001,usable,latest;not point-in-time,
2001-04-30,T10Y2Y,2001-03,2001-04-30,1,1,0.75,usable,latest;not point-in-time,
2001-05-31,T10Y2Y,2001-04,2001-05-31,1,1,1.05,usable,latest;not point-in-time,
2001-06-29,T10Y2Y,2001-05,2001-06-29,1,1,1.21,usable,latest;not point-in-time,
2001-07-31,T10Y2Y,2001-06,2001-07-31,1,1,1.1699999999999999,usable,latest;not point-in-time,
2001-08-31,T10Y2Y,2001-07,2001-08-31,1,1,1.28,usable,latest;not point-in-time,
2001-09-28,T10Y2Y,2001-08,2001-09-28,1,1,1.21,usable,latest;not point-in-time,
2001-10-31,T10Y2Y,2001-09,2001-10-31,1,1,1.74,usable,latest;not point-in-time,
2001-11-30,T10Y2Y,2001-10,2001-11-30,1,1,1.8600000000000001,usable,latest;not point-in-time,
2001-12-31,T10Y2Y,2001-11,2001-12-31,1,1,1.9399999999999999,usable,latest;not point-in-time,
2002-01-31,T10Y2Y,2001-12,2002-01-31,1,1,2,usable,latest;not point-in-time,
2002-02-28,T10Y2Y,2002-01,2002-02-28,1,1,1.9099999999999999,usable,latest;not point-in-time,
2002-03-29,T10Y2Y,2002-02,2002-03-29,1,1,1.8200000000000001,usable,latest;not point-in-time,
2002-04-30,T10Y2Y,2002-03,2002-04-30,1,1,1.7,usable,latest;not point-in-time,
2002-05-31,T10Y2Y,2002-04,2002-05-31,1,1,1.8700000000000001,usable,latest;not point-in-time,
2002-06-28,T10Y2Y,2002-05,2002-06-28,1,1,1.8600000000000001,usable,latest;not point-in-time,
2002-07-31,T10Y2Y,2002-06,2002-07-31,1,1,1.96,usable,latest;not point-in-time,
2002-08-30,T10Y2Y,2002-07,2002-08-30,1,1,2.2799999999999998,usable,latest;not point-in-time,
2002-09-30,T10Y2Y,2002-08,2002-09-30,1,1,2,usable,latest;not point-in-time,
2002-10-31,T10Y2Y,2002-09,2002-10-31,1,1,1.9099999999999999,usable,latest;not point-in-time,
2002-11-29,T10Y2Y,2002-10,2002-11-29,1,1,2.25,usable,latest;not point-in-time,
2002-12-31,T10Y2Y,2002-11,2002-12-31,1,1,2.1400000000000001,usable,latest;not point-in-time,
2003-01-31,T10Y2Y,2002-12,2003-01-31,1,1,2.2200000000000002,usable,latest;not point-in-time,
2003-02-28,T10Y2Y,2003-01,2003-02-28,1,1,2.2799999999999998,usable,latest;not point-in-time,
2003-03-31,T10Y2Y,2003-02,2003-03-31,1,1,2.1800000000000002,usable,latest;not point-in-time,
2003-04-30,T10Y2Y,2003-03,2003-04-30,1,1,2.3199999999999998,usable,latest;not point-in-time,
2003-05-30,T10Y2Y,2003-04,2003-05-30,1,1,2.3799999999999999,usable,latest;not point-in-time,
2003-06-30,T10Y2Y,2003-05,2003-06-30,1,1,2.04,usable,latest;not point-in-time,
2003-07-31,T10Y2Y,2003-06,2003-07-31,1,1,2.2200000000000002,usable,latest;not point-in-time,
2003-08-29,T10Y2Y,2003-07,2003-08-29,1,1,2.6899999999999999,usable,latest;not point-in-time,
2003-09-30,T10Y2Y,2003-08,2003-09-30,1,1,2.5,usable,latest;not point-in-time,
2003-10-31,T10Y2Y,2003-09,2003-10-31,1,1,2.46,usable,latest;not point-in-time,
2003-11-28,T10Y2Y,2003-10,2003-11-28,1,1,2.48,usable,latest;not point-in-time,
2003-12-31,T10Y2Y,2003-11,2003-12-31,1,1,2.2799999999999998,usable,latest;not point-in-time,
2004-01-30,T10Y2Y,2003-12,2004-01-30,1,1,2.4300000000000002,usable,latest;not point-in-time,
2004-02-27,T10Y2Y,2004-01,2004-02-27,1,1,2.3199999999999998,usable,latest;not point-in-time,
2004-03-31,T10Y2Y,2004-02,2004-03-31,1,1,2.3300000000000001,usable,latest;not point-in-time,
2004-04-30,T10Y2Y,2004-03,2004-04-30,1,1,2.2599999999999998,usable,latest;not point-in-time,
2004-05-31,T10Y2Y,2004-04,2004-05-31,1,1,2.2200000000000002,usable,latest;not point-in-time,
2004-06-30,T10Y2Y,2004-05,2004-06-30,1,1,2.1200000000000001,usable,latest;not point-in-time,
2004-07-30,T10Y2Y,2004-06,2004-07-30,1,1,1.9199999999999999,usable,latest;not point-in-time,
2004-08-31,T10Y2Y,2004-07,2004-08-31,1,1,1.8200000000000001,usable,latest;not point-in-time,
2004-09-30,T10Y2Y,2004-08,2004-09-30,1,1,1.72,usable,latest;not point-in-time,
2004-10-29,T10Y2Y,2004-09,2004-10-29,1,1,1.51,usable,latest;not point-in-time,
2004-11-30,T10Y2Y,2004-10,2004-11-30,1,1,1.49,usable,latest;not point-in-time,
2004-12-31,T10Y2Y,2004-11,2004-12-31,1,1,1.3400000000000001,usable,latest;not point-in-time,
2005-01-31,T10Y2Y,2004-12,2005-01-31,1,1,1.1599999999999999,usable,latest;not point-in-time,
2005-02-28,T10Y2Y,2005-01,2005-02-28,1,1,0.84999999999999998,usable,latest;not point-in-time,
2005-03-31,T10Y2Y,2005-02,2005-03-31,1,1,0.77000000000000002,usable,latest;not point-in-time,
2005-04-29,T10Y2Y,2005-03,2005-04-29,1,1,0.69999999999999996,usable,latest;not point-in-time,
2005-05-31,T10Y2Y,2005-04,2005-05-31,1,1,0.55000000000000004,usable,latest;not point-in-time,
2005-06-30,T10Y2Y,2005-05,2005-06-30,1,1,0.40000000000000002,usable,latest;not point-in-time,
2005-07-29,T10Y2Y,2005-06,2005-07-29,1,1,0.28000000000000003,usable,latest;not point-in-time,
2005-08-31,T10Y2Y,2005-07,2005-08-31,1,1,0.26000000000000001,usable,latest;not point-in-time,
2005-09-30,T10Y2Y,2005-08,2005-09-30,1,1,0.17999999999999999,usable,latest;not point-in-time,
2005-10-31,T10Y2Y,2005-09,2005-10-31,1,1,0.16,usable,latest;not point-in-time,
2005-11-30,T10Y2Y,2005-10,2005-11-30,1,1,0.17000000000000001,usable,latest;not point-in-time,
2005-12-30,T10Y2Y,2005-11,2005-12-30,1,1,0.070000000000000007,usable,latest;not point-in-time,
2006-01-31,T10Y2Y,2005-12,2006-01-31,1,1,-0.02,usable,latest;not point-in-time,
2006-02-28,T10Y2Y,2006-01,2006-02-28,1,1,-0.01,usable,latest;not point-in-time,
2006-03-31,T10Y2Y,2006-02,2006-03-31,1,1,-0.14000000000000001,usable,latest;not point-in-time,
2006-04-28,T10Y2Y,2006-03,2006-04-28,1,1,0.040000000000000001,usable,latest;not point-in-time,
2006-05-31,T10Y2Y,2006-04,2006-05-31,1,1,0.20000000000000001,usable,latest;not point-in-time,
2006-06-30,T10Y2Y,2006-05,2006-06-30,1,1,0.080000000000000002,usable,latest;not point-in-time,
2006-07-31,T10Y2Y,2006-06,2006-07-31,1,1,-0.01,usable,latest;not point-in-time,
2006-08-31,T10Y2Y,2006-07,2006-08-31,1,1,0.02,usable,latest;not point-in-time,
2006-09-29,T10Y2Y,2006-08,2006-09-29,1,1,-0.050000000000000003,usable,latest;not point-in-time,
2006-10-31,T10Y2Y,2006-09,2006-10-31,1,1,-0.070000000000000007,usable,latest;not point-in-time,
2006-11-30,T10Y2Y,2006-10,2006-11-30,1,1,-0.10000000000000001,usable,latest;not point-in-time,
2006-12-29,T10Y2Y,2006-11,2006-12-29,1,1,-0.16,usable,latest;not point-in-time,
2007-01-31,T10Y2Y,2006-12,2007-01-31,1,1,-0.11,usable,latest;not point-in-time,
2007-02-28,T10Y2Y,2007-01,2007-02-28,1,1,-0.11,usable,latest;not point-in-time,
2007-03-30,T10Y2Y,2007-02,2007-03-30,1,1,-0.089999999999999997,usable,latest;not point-in-time,
2007-04-30,T10Y2Y,2007-03,2007-04-30,1,1,0.070000000000000007,usable,latest;not point-in-time,
2007-05-31,T10Y2Y,2007-04,2007-05-31,1,1,0.029999999999999999,usable,latest;not point-in-time,
2007-06-29,T10Y2Y,2007-05,2007-06-29,1,1,-0.02,usable,latest;not point-in-time,
2007-07-31,T10Y2Y,2007-06,2007-07-31,1,1,0.16,usable,latest;not point-in-time,
2007-08-31,T10Y2Y,2007-07,2007-08-31,1,1,0.22,usable,latest;not point-in-time,
2007-09-28,T10Y2Y,2007-08,2007-09-28,1,1,0.39000000000000001,usable,latest;not point-in-time,
2007-10-31,T10Y2Y,2007-09,2007-10-31,1,1,0.62,usable,latest;not point-in-time,
2007-11-30,T10Y2Y,2007-10,2007-11-30,1,1,0.54000000000000004,usable,latest;not point-in-time,
2007-12-31,T10Y2Y,2007-11,2007-12-31,1,1,0.93000000000000005,usable,latest;not point-in-time,
2008-01-31,T10Y2Y,2007-12,2008-01-31,1,1,0.98999999999999999,usable,latest;not point-in-time,
2008-02-29,T10Y2Y,2008-01,2008-02-29,1,1,1.5,usable,latest;not point-in-time,
2008-03-31,T10Y2Y,2008-02,2008-03-31,1,1,1.8799999999999999,usable,latest;not point-in-time,
2008-04-30,T10Y2Y,2008-03,2008-04-30,1,1,1.8300000000000001,usable,latest;not point-in-time,
2008-05-30,T10Y2Y,2008-04,2008-05-30,1,1,1.48,usable,latest;not point-in-time,
2008-06-30,T10Y2Y,2008-05,2008-06-30,1,1,1.3999999999999999,usable,latest;not point-in-time,
2008-07-31,T10Y2Y,2008-06,2008-07-31,1,1,1.3600000000000001,usable,latest;not point-in-time,
2008-08-29,T10Y2Y,2008-07,2008-08-29,1,1,1.47,usable,latest;not point-in-time,
2008-09-30,T10Y2Y,2008-08,2008-09-30,1,1,1.47,usable,latest;not point-in-time,
2008-10-31,T10Y2Y,2008-09,2008-10-31,1,1,1.8500000000000001,usable,latest;not point-in-time,
2008-11-28,T10Y2Y,2008-10,2008-11-28,1,1,2.4500000000000002,usable,latest;not point-in-time,
2008-12-31,T10Y2Y,2008-11,2008-12-31,1,1,1.9299999999999999,usable,latest;not point-in-time,
2009-01-30,T10Y2Y,2008-12,2009-01-30,1,1,1.49,usable,latest;not point-in-time,
2009-02-27,T10Y2Y,2009-01,2009-02-27,1,1,1.9299999999999999,usable,latest;not point-in-time,
2009-03-31,T10Y2Y,2009-02,2009-03-31,1,1,2.02,usable,latest;not point-in-time,
2009-04-30,T10Y2Y,2009-03,2009-04-30,1,1,1.8999999999999999,usable,latest;not point-in-time,
2009-05-29,T10Y2Y,2009-04,2009-05-29,1,1,2.25,usable,latest;not point-in-time,
2009-06-30,T10Y2Y,2009-05,2009-06-30,1,1,2.5499999999999998,usable,latest;not point-in-time,
2009-07-31,T10Y2Y,2009-06,2009-07-31,1,1,2.4199999999999999,usable,latest;not point-in-time,
2009-08-31,T10Y2Y,2009-07,2009-08-31,1,1,2.3900000000000001,usable,latest;not point-in-time,
2009-09-30,T10Y2Y,2009-08,2009-09-30,1,1,2.4300000000000002,usable,latest;not point-in-time,
2009-10-30,T10Y2Y,2009-09,2009-10-30,1,1,2.3599999999999999,usable,latest;not point-in-time,
2009-11-30,T10Y2Y,2009-10,2009-11-30,1,1,2.5099999999999998,usable,latest;not point-in-time,
2009-12-31,T10Y2Y,2009-11,2009-12-31,1,1,2.54,usable,latest;not point-in-time,
2010-01-29,T10Y2Y,2009-12,2010-01-29,1,1,2.71,usable,latest;not point-in-time,
2010-02-26,T10Y2Y,2010-01,2010-02-26,1,1,2.8100000000000001,usable,latest;not point-in-time,
2010-03-31,T10Y2Y,2010-02,2010-03-31,1,1,2.7999999999999998,usable,latest;not point-in-time,
2010-04-30,T10Y2Y,2010-03,2010-04-30,1,1,2.8199999999999998,usable,latest;not point-in-time,
2010-05-31,T10Y2Y,2010-04,2010-05-31,1,1,2.7200000000000002,usable,latest;not point-in-time,
2010-06-30,T10Y2Y,2010-05,2010-06-30,1,1,2.5499999999999998,usable,latest;not point-in-time,
2010-07-30,T10Y2Y,2010-06,2010-07-30,1,1,2.3599999999999999,usable,latest;not point-in-time,
2010-08-31,T10Y2Y,2010-07,2010-08-31,1,1,2.3900000000000001,usable,latest;not point-in-time,
2010-09-30,T10Y2Y,2010-08,2010-09-30,1,1,2,usable,latest;not point-in-time,
2010-10-29,T10Y2Y,2010-09,2010-10-29,1,1,2.1099999999999999,usable,latest;not point-in-time,
2010-11-30,T10Y2Y,2010-10,2010-11-30,1,1,2.29,usable,latest;not point-in-time,
2010-12-31,T10Y2Y,2010-11,2010-12-31,1,1,2.3599999999999999,usable,latest;not point-in-time,
2011-01-31,T10Y2Y,2010-12,2011-01-31,1,1,2.6899999999999999,usable,latest;not point-in-time,
2011-02-28,T10Y2Y,2011-01,2011-02-28,1,1,2.8399999999999999,usable,latest;not point-in-time,
2011-03-31,T10Y2Y,2011-02,2011-03-31,1,1,2.73,usable,latest;not point-in-time,
2011-04-29,T10Y2Y,2011-03,2011-04-29,1,1,2.6699999999999999,usable,latest;not point-in-time,
2011-05-31,T10Y2Y,2011-04,2011-05-31,1,1,2.71,usable,latest;not point-in-time,
2011-06-30,T10Y2Y,2011-05,2011-06-30,1,1,2.6000000000000001,usable,latest;not point-in-time,
2011-07-29,T10Y2Y,2011-06,2011-07-29,1,1,2.73,usable,latest;not point-in-time,
2011-08-31,T10Y2Y,2011-07,2011-08-31,1,1,2.46,usable,latest;not point-in-time,
2011-09-30,T10Y2Y,2011-08,2011-09-30,1,1,2.0299999999999998,usable,latest;not point-in-time,
2011-10-31,T10Y2Y,2011-09,2011-10-31,1,1,1.6699999999999999,usable,latest;not point-in-time,
2011-11-30,T10Y2Y,2011-10,2011-11-30,1,1,1.9199999999999999,usable,latest;not point-in-time,
2011-12-30,T10Y2Y,2011-11,2011-12-30,1,1,1.8300000000000001,usable,latest;not point-in-time,
2012-01-31,T10Y2Y,2011-12,2012-01-31,1,1,1.6399999999999999,usable,latest;not point-in-time,
2012-02-29,T10Y2Y,2012-01,2012-02-29,1,1,1.6100000000000001,usable,latest;not point-in-time,
2012-03-30,T10Y2Y,2012-02,2012-03-30,1,1,1.6799999999999999,usable,latest;not point-in-time,
2012-04-30,T10Y2Y,2012-03,2012-04-30,1,1,1.8999999999999999,usable,latest;not point-in-time,
2012-05-31,T10Y2Y,2012-04,2012-05-31,1,1,1.6799999999999999,usable,latest;not point-in-time,
2012-06-29,T10Y2Y,2012-05,2012-06-29,1,1,1.3200000000000001,usable,latest;not point-in-time,
2012-07-31,T10Y2Y,2012-06,2012-07-31,1,1,1.3400000000000001,usable,latest;not point-in-time,
2012-08-31,T10Y2Y,2012-07,2012-08-31,1,1,1.28,usable,latest;not point-in-time,
2012-09-28,T10Y2Y,2012-08,2012-09-28,1,1,1.3500000000000001,usable,latest;not point-in-time,
2012-10-31,T10Y2Y,2012-09,2012-10-31,1,1,1.4199999999999999,usable,latest;not point-in-time,
2012-11-30,T10Y2Y,2012-10,2012-11-30,1,1,1.4199999999999999,usable,latest;not point-in-time,
2012-12-31,T10Y2Y,2012-11,2012-12-31,1,1,1.3700000000000001,usable,latest;not point-in-time,
2013-01-31,T10Y2Y,2012-12,2013-01-31,1,1,1.53,usable,latest;not point-in-time,
2013-02-28,T10Y2Y,2013-01,2013-02-28,1,1,1.75,usable,latest;not point-in-time,
2013-03-29,T10Y2Y,2013-02,2013-03-29,1,1,1.6399999999999999,usable,latest;not point-in-time,
2013-04-30,T10Y2Y,2013-03,2013-04-30,1,1,1.6200000000000001,usable,latest;not point-in-time,
2013-05-31,T10Y2Y,2013-04,2013-05-31,1,1,1.48,usable,latest;not point-in-time,
2013-06-28,T10Y2Y,2013-05,2013-06-28,1,1,1.8600000000000001,usable,latest;not point-in-time,
2013-07-31,T10Y2Y,2013-06,2013-07-31,1,1,2.1600000000000001,usable,latest;not point-in-time,
2013-08-30,T10Y2Y,2013-07,2013-08-30,1,1,2.29,usable,latest;not point-in-time,
2013-09-30,T10Y2Y,2013-08,2013-09-30,1,1,2.3900000000000001,usable,latest;not point-in-time,
2013-10-31,T10Y2Y,2013-09,2013-10-31,1,1,2.3100000000000001,usable,latest;not point-in-time,
2013-11-29,T10Y2Y,2013-10,2013-11-29,1,1,2.2599999999999998,usable,latest;not point-in-time,
2013-12-31,T10Y2Y,2013-11,2013-12-31,1,1,2.4700000000000002,usable,latest;not point-in-time,
2014-01-31,T10Y2Y,2013-12,2014-01-31,1,1,2.6600000000000001,usable,latest;not point-in-time,
2014-02-28,T10Y2Y,2014-01,2014-02-28,1,1,2.3300000000000001,usable,latest;not point-in-time,
2014-03-31,T10Y2Y,2014-02,2014-03-31,1,1,2.3300000000000001,usable,latest;not point-in-time,
2014-04-30,T10Y2Y,2014-03,2014-04-30,1,1,2.29,usable,latest;not point-in-time,
2014-05-30,T10Y2Y,2014-04,2014-05-30,1,1,2.25,usable,latest;not point-in-time,
2014-06-30,T10Y2Y,2014-05,2014-06-30,1,1,2.1099999999999999,usable,latest;not point-in-time,
2014-07-31,T10Y2Y,2014-06,2014-07-31,1,1,2.0600000000000001,usable,latest;not point-in-time,
2014-08-29,T10Y2Y,2014-07,2014-08-29,1,1,2.0499999999999998,usable,latest;not point-in-time,
2014-09-30,T10Y2Y,2014-08,2014-09-30,1,1,1.8700000000000001,usable,latest;not point-in-time,
2014-10-31,T10Y2Y,2014-09,2014-10-31,1,1,1.9399999999999999,usable,latest;not point-in-time,
2014-11-28,T10Y2Y,2014-10,2014-11-28,1,1,1.8500000000000001,usable,latest;not point-in-time,
2014-12-31,T10Y2Y,2014-11,2014-12-31,1,1,1.71,usable,latest;not point-in-time,
2015-01-30,T10Y2Y,2014-12,2015-01-30,1,1,1.5,usable,latest;not point-in-time,
2015-02-27,T10Y2Y,2015-01,2015-02-27,1,1,1.21,usable,latest;not point-in-time,
2015-03-31,T10Y2Y,2015-02,2015-03-31,1,1,1.3700000000000001,usable,latest;not point-in-time,
2015-04-30,T10Y2Y,2015-03,2015-04-30,1,1,1.3799999999999999,usable,latest;not point-in-time,
2015-05-29,T10Y2Y,2015-04,2015-05-29,1,1,1.47,usable,latest;not point-in-time,
2015-06-30,T10Y2Y,2015-05,2015-06-30,1,1,1.51,usable,latest;not point-in-time,
2015-07-31,T10Y2Y,2015-06,2015-07-31,1,1,1.71,usable,latest;not point-in-time,
2015-08-31,T10Y2Y,2015-07,2015-08-31,1,1,1.53,usable,latest;not point-in-time,
2015-09-30,T10Y2Y,2015-08,2015-09-30,1,1,1.47,usable,latest;not point-in-time,
2015-10-30,T10Y2Y,2015-09,2015-10-30,1,1,1.4199999999999999,usable,latest;not point-in-time,
2015-11-30,T10Y2Y,2015-10,2015-11-30,1,1,1.4099999999999999,usable,latest;not point-in-time,
2015-12-31,T10Y2Y,2015-11,2015-12-31,1,1,1.27,usable,latest;not point-in-time,
2016-01-29,T10Y2Y,2015-12,2016-01-29,1,1,1.21,usable,latest;not point-in-time,
2016-02-29,T10Y2Y,2016-01,2016-02-29,1,1,1.1799999999999999,usable,latest;not point-in-time,
2016-03-31,T10Y2Y,2016-02,2016-03-31,1,1,0.95999999999999996,usable,latest;not point-in-time,
2016-04-29,T10Y2Y,2016-03,2016-04-29,1,1,1.05,usable,latest;not point-in-time,
2016-05-31,T10Y2Y,2016-04,2016-05-31,1,1,1.0600000000000001,usable,latest;not point-in-time,
2016-06-30,T10Y2Y,2016-05,2016-06-30,1,1,0.96999999999999997,usable,latest;not point-in-time,
2016-07-29,T10Y2Y,2016-06,2016-07-29,1,1,0.91000000000000003,usable,latest;not point-in-time,
2016-08-31,T10Y2Y,2016-07,2016-08-31,1,1,0.79000000000000004,usable,latest;not point-in-time,
2016-09-30,T10Y2Y,2016-08,2016-09-30,1,1,0.78000000000000003,usable,latest;not point-in-time,
2016-10-31,T10Y2Y,2016-09,2016-10-31,1,1,0.82999999999999996,usable,latest;not point-in-time,
2016-11-30,T10Y2Y,2016-10,2016-11-30,1,1,0.97999999999999998,usable,latest;not point-in-time,
2016-12-30,T10Y2Y,2016-11,2016-12-30,1,1,1.26,usable,latest;not point-in-time,
2017-01-31,T10Y2Y,2016-12,2017-01-31,1,1,1.25,usable,latest;not point-in-time,
2017-02-28,T10Y2Y,2017-01,2017-02-28,1,1,1.26,usable,latest;not point-in-time,
2017-03-31,T10Y2Y,2017-02,2017-03-31,1,1,1.1399999999999999,usable,latest;not point-in-time,
2017-04-28,T10Y2Y,2017-03,2017-04-28,1,1,1.1299999999999999,usable,latest;not point-in-time,
2017-05-31,T10Y2Y,2017-04,2017-05-31,1,1,1.01,usable,latest;not point-in-time,
2017-06-30,T10Y2Y,2017-05,2017-06-30,1,1,0.93000000000000005,usable,latest;not point-in-time,
2017-07-31,T10Y2Y,2017-06,2017-07-31,1,1,0.93000000000000005,usable,latest;not point-in-time,
2017-08-31,T10Y2Y,2017-07,2017-08-31,1,1,0.95999999999999996,usable,latest;not point-in-time,
2017-09-29,T10Y2Y,2017-08,2017-09-29,1,1,0.79000000000000004,usable,latest;not point-in-time,
2017-10-31,T10Y2Y,2017-09,2017-10-31,1,1,0.85999999999999999,usable,latest;not point-in-time,
2017-11-30,T10Y2Y,2017-10,2017-11-30,1,1,0.78000000000000003,usable,latest;not point-in-time,
2017-12-29,T10Y2Y,2017-11,2017-12-29,1,1,0.64000000000000001,usable,latest;not point-in-time,
2018-01-31,T10Y2Y,2017-12,2018-01-31,1,1,0.51000000000000001,usable,latest;not point-in-time,
2018-02-28,T10Y2Y,2018-01,2018-02-28,1,1,0.57999999999999996,usable,latest;not point-in-time,
2018-03-30,T10Y2Y,2018-02,2018-03-30,1,1,0.62,usable,latest;not point-in-time,
2018-04-30,T10Y2Y,2018-03,2018-04-30,1,1,0.46999999999999997,usable,latest;not point-in-time,
2018-05-31,T10Y2Y,2018-04,2018-05-31,1,1,0.46000000000000002,usable,latest;not point-in-time,
2018-06-29,T10Y2Y,2018-05,2018-06-29,1,1,0.42999999999999999,usable,latest;not point-in-time,
2018-07-31,T10Y2Y,2018-06,2018-07-31,1,1,0.33000000000000002,usable,latest;not point-in-time,
2018-08-31,T10Y2Y,2018-07,2018-08-31,1,1,0.28999999999999998,usable,latest;not point-in-time,
2018-09-28,T10Y2Y,2018-08,2018-09-28,1,1,0.23999999999999999,usable,latest;not point-in-time,
2018-10-31,T10Y2Y,2018-09,2018-10-31,1,1,0.23999999999999999,usable,latest;not point-in-time,
2018-11-30,T10Y2Y,2018-10,2018-11-30,1,1,0.28000000000000003,usable,latest;not point-in-time,
2018-12-31,T10Y2Y,2018-11,2018-12-31,1,1,0.20999999999999999,usable,latest;not point-in-time,
2019-01-31,T10Y2Y,2018-12,2019-01-31,1,1,0.20999999999999999,usable,latest;not point-in-time,
2019-02-28,T10Y2Y,2019-01,2019-02-28,1,1,0.17999999999999999,usable,latest;not point-in-time,
2019-03-29,T10Y2Y,2019-02,2019-03-29,1,1,0.20999999999999999,usable,latest;not point-in-time,
2019-04-30,T10Y2Y,2019-03,2019-04-30,1,1,0.14000000000000001,usable,latest;not point-in-time,
2019-05-31,T10Y2Y,2019-04,2019-05-31,1,1,0.23999999999999999,usable,latest;not point-in-time,
2019-06-28,T10Y2Y,2019-05,2019-06-28,1,1,0.19,usable,latest;not point-in-time,
2019-07-31,T10Y2Y,2019-06,2019-07-31,1,1,0.25,usable,latest;not point-in-time,
2019-08-30,T10Y2Y,2019-07,2019-08-30,1,1,0.13,usable,latest;not point-in-time,
2019-09-30,T10Y2Y,2019-08,2019-09-30,1,1,0,usable,latest;not point-in-time,
2019-10-31,T10Y2Y,2019-09,2019-10-31,1,1,0.050000000000000003,usable,latest;not point-in-time,
2019-11-29,T10Y2Y,2019-10,2019-11-29,1,1,0.17000000000000001,usable,latest;not point-in-time,
2019-12-31,T10Y2Y,2019-11,2019-12-31,1,1,0.17000000000000001,usable,latest;not point-in-time,
2020-01-31,T10Y2Y,2019-12,2020-01-31,1,1,0.34000000000000002,usable,latest;not point-in-time,
2020-02-28,T10Y2Y,2020-01,2020-02-28,1,1,0.17999999999999999,usable,latest;not point-in-time,
2020-03-31,T10Y2Y,2020-02,2020-03-31,1,1,0.27000000000000002,usable,latest;not point-in-time,
2020-04-30,T10Y2Y,2020-03,2020-04-30,1,1,0.46999999999999997,usable,latest;not point-in-time,
2020-05-29,T10Y2Y,2020-04,2020-05-29,1,1,0.44,usable,latest;not point-in-time,
2020-06-30,T10Y2Y,2020-05,2020-06-30,1,1,0.48999999999999999,usable,latest;not point-in-time,
2020-07-31,T10Y2Y,2020-06,2020-07-31,1,1,0.5,usable,latest;not point-in-time,
2020-08-31,T10Y2Y,2020-07,2020-08-31,1,1,0.44,usable,latest;not point-in-time,
2020-09-30,T10Y2Y,2020-08,2020-09-30,1,1,0.57999999999999996,usable,latest;not point-in-time,
2020-10-30,T10Y2Y,2020-09,2020-10-30,1,1,0.56000000000000005,usable,latest;not point-in-time,
2020-11-30,T10Y2Y,2020-10,2020-11-30,1,1,0.73999999999999999,usable,latest;not point-in-time,
2020-12-31,T10Y2Y,2020-11,2020-12-31,1,1,0.68000000000000005,usable,latest;not point-in-time,
2021-01-29,T10Y2Y,2020-12,2021-01-29,1,1,0.80000000000000004,usable,latest;not point-in-time,
2021-02-26,T10Y2Y,2021-01,2021-02-26,1,1,1,usable,latest;not point-in-time,
2021-03-31,T10Y2Y,2021-02,2021-03-31,1,1,1.3,usable,latest;not point-in-time,
2021-04-30,T10Y2Y,2021-03,2021-04-30,1,1,1.5800000000000001,usable,latest;not point-in-time,
2021-05-31,T10Y2Y,2021-04,2021-05-31,1,1,1.49,usable,latest;not point-in-time,
2021-06-30,T10Y2Y,2021-05,2021-06-30,1,1,1.4399999999999999,usable,latest;not point-in-time,
2021-07-30,T10Y2Y,2021-06,2021-07-30,1,1,1.2,usable,latest;not point-in-time,
2021-08-31,T10Y2Y,2021-07,2021-08-31,1,1,1.05,usable,latest;not point-in-time,
2021-09-30,T10Y2Y,2021-08,2021-09-30,1,1,1.1000000000000001,usable,latest;not point-in-time,
2021-10-29,T10Y2Y,2021-09,2021-10-29,1,1,1.24,usable,latest;not point-in-time,
2021-11-30,T10Y2Y,2021-10,2021-11-30,1,1,1.0700000000000001,usable,latest;not point-in-time,
2021-12-31,T10Y2Y,2021-11,2021-12-31,1,1,0.91000000000000003,usable,latest;not point-in-time,
2022-01-31,T10Y2Y,2021-12,2022-01-31,1,1,0.79000000000000004,usable,latest;not point-in-time,
2022-02-28,T10Y2Y,2022-01,2022-02-28,1,1,0.60999999999999999,usable,latest;not point-in-time,
2022-03-31,T10Y2Y,2022-02,2022-03-31,1,1,0.39000000000000001,usable,latest;not point-in-time,
2022-04-29,T10Y2Y,2022-03,2022-04-29,1,1,0.040000000000000001,usable,latest;not point-in-time,
2022-05-31,T10Y2Y,2022-04,2022-05-31,1,1,0.19,usable,latest;not point-in-time,
2022-06-30,T10Y2Y,2022-05,2022-06-30,1,1,0.32000000000000001,usable,latest;not point-in-time,
2022-07-29,T10Y2Y,2022-06,2022-07-29,1,1,0.059999999999999998,usable,latest;not point-in-time,
2022-08-31,T10Y2Y,2022-07,2022-08-31,1,1,-0.22,usable,latest;not point-in-time,
2022-09-30,T10Y2Y,2022-08,2022-09-30,1,1,-0.29999999999999999,usable,latest;not point-in-time,
2022-10-31,T10Y2Y,2022-09,2022-10-31,1,1,-0.39000000000000001,usable,latest;not point-in-time,
2022-11-30,T10Y2Y,2022-10,2022-11-30,1,1,-0.40999999999999998,usable,latest;not point-in-time,
2022-12-30,T10Y2Y,2022-11,2022-12-30,1,1,-0.69999999999999996,usable,latest;not point-in-time,
2023-01-31,T10Y2Y,2022-12,2023-01-31,1,1,-0.53000000000000003,usable,latest;not point-in-time,
2023-02-28,T10Y2Y,2023-01,2023-02-28,1,1,-0.68999999999999995,usable,latest;not point-in-time,
2023-03-31,T10Y2Y,2023-02,2023-03-31,1,1,-0.89000000000000001,usable,latest;not point-in-time,
2023-04-28,T10Y2Y,2023-03,2023-04-28,1,1,-0.57999999999999996,usable,latest;not point-in-time,
2023-05-31,T10Y2Y,2023-04,2023-05-31,1,1,-0.59999999999999998,usable,latest;not point-in-time,
2023-06-30,T10Y2Y,2023-05,2023-06-30,1,1,-0.76000000000000001,usable,latest;not point-in-time,
2023-07-31,T10Y2Y,2023-06,2023-07-31,1,1,-1.0600000000000001,usable,latest;not point-in-time,
2023-08-31,T10Y2Y,2023-07,2023-08-31,1,1,-0.91000000000000003,usable,latest;not point-in-time,
1999-12-31,GS10,1999-11,1999-12-31,1,1,6.0300000000000002,usable,latest;not point-in-time,
2000-01-31,GS10,1999-12,2000-01-31,1,1,6.2800000000000002,usable,latest;not point-in-time,
2000-02-29,GS10,2000-01,2000-02-29,1,1,6.6600000000000001,usable,latest;not point-in-time,
2000-03-31,GS10,2000-02,2000-03-31,1,1,6.5199999999999996,usable,latest;not point-in-time,
2000-04-28,GS10,2000-03,2000-04-28,1,1,6.2599999999999998,usable,latest;not point-in-time,
2000-05-31,GS10,2000-04,2000-05-31,1,1,5.9900000000000002,usable,latest;not point-in-time,
2000-06-30,GS10,2000-05,2000-06-30,1,1,6.4400000000000004,usable,latest;not point-in-time,
2000-07-31,GS10,2000-06,2000-07-31,1,1,6.0999999999999996,usable,latest;not point-in-time,
2000-08-31,GS10,2000-07,2000-08-31,1,1,6.0499999999999998,usable,latest;not point-in-time,
2000-09-29,GS10,2000-08,2000-09-29,1,1,5.8300000000000001,usable,latest;not point-in-time,
2000-10-31,GS10,2000-09,2000-10-31,1,1,5.7999999999999998,usable,latest;not point-in-time,
2000-11-30,GS10,2000-10,2000-11-30,1,1,5.7400000000000002,usable,latest;not point-in-time,
2000-12-29,GS10,2000-11,2000-12-29,1,1,5.7199999999999998,usable,latest;not point-in-time,
2001-01-31,GS10,2000-12,2001-01-31,1,1,5.2400000000000002,usable,latest;not point-in-time,
2001-02-28,GS10,2001-01,2001-02-28,1,1,5.1600000000000001,usable,latest;not point-in-time,
2001-03-30,GS10,2001-02,2001-03-30,1,1,5.0999999999999996,usable,latest;not point-in-time,
2001-04-30,GS10,2001-03,2001-04-30,1,1,4.8899999999999997,usable,latest;not point-in-time,
2001-05-31,GS10,2001-04,2001-05-31,1,1,5.1399999999999997,usable,latest;not point-in-time,
2001-06-29,GS10,2001-05,2001-06-29,1,1,5.3899999999999997,usable,latest;not point-in-time,
2001-07-31,GS10,2001-06,2001-07-31,1,1,5.2800000000000002,usable,latest;not point-in-time,
2001-08-31,GS10,2001-07,2001-08-31,1,1,5.2400000000000002,usable,latest;not point-in-time,
2001-09-28,GS10,2001-08,2001-09-28,1,1,4.9699999999999998,usable,latest;not point-in-time,
2001-10-31,GS10,2001-09,2001-10-31,1,1,4.7300000000000004,usable,latest;not point-in-time,
2001-11-30,GS10,2001-10,2001-11-30,1,1,4.5700000000000003,usable,latest;not point-in-time,
2001-12-31,GS10,2001-11,2001-12-31,1,1,4.6500000000000004,usable,latest;not point-in-time,
2002-01-31,GS10,2001-12,2002-01-31,1,1,5.0899999999999999,usable,latest;not point-in-time,
2002-02-28,GS10,2002-01,2002-02-28,1,1,5.04,usable,latest;not point-in-time,
2002-03-29,GS10,2002-02,2002-03-29,1,1,4.9100000000000001,usable,latest;not point-in-time,
2002-04-30,GS10,2002-03,2002-04-30,1,1,5.2800000000000002,usable,latest;not point-in-time,
2002-05-31,GS10,2002-04,2002-05-31,1,1,5.21,usable,latest;not point-in-time,
2002-06-28,GS10,2002-05,2002-06-28,1,1,5.1600000000000001,usable,latest;not point-in-time,
2002-07-31,GS10,2002-06,2002-07-31,1,1,4.9299999999999997,usable,latest;not point-in-time,
2002-08-30,GS10,2002-07,2002-08-30,1,1,4.6500000000000004,usable,latest;not point-in-time,
2002-09-30,GS10,2002-08,2002-09-30,1,1,4.2599999999999998,usable,latest;not point-in-time,
2002-10-31,GS10,2002-09,2002-10-31,1,1,3.8700000000000001,usable,latest;not point-in-time,
2002-11-29,GS10,2002-10,2002-11-29,1,1,3.9399999999999999,usable,latest;not point-in-time,
2002-12-31,GS10,2002-11,2002-12-31,1,1,4.0499999999999998,usable,latest;not point-in-time,
2003-01-31,GS10,2002-12,2003-01-31,1,1,4.0300000000000002,usable,latest;not point-in-time,
2003-02-28,GS10,2003-01,2003-02-28,1,1,4.0499999999999998,usable,latest;not point-in-time,
2003-03-31,GS10,2003-02,2003-03-31,1,1,3.8999999999999999,usable,latest;not point-in-time,
2003-04-30,GS10,2003-03,2003-04-30,1,1,3.8100000000000001,usable,latest;not point-in-time,
2003-05-30,GS10,2003-04,2003-05-30,1,1,3.96,usable,latest;not point-in-time,
2003-06-30,GS10,2003-05,2003-06-30,1,1,3.5699999999999998,usable,latest;not point-in-time,
2003-07-31,GS10,2003-06,2003-07-31,1,1,3.3300000000000001,usable,latest;not point-in-time,
2003-08-29,GS10,2003-07,2003-08-29,1,1,3.98,usable,latest;not point-in-time,
2003-09-30,GS10,2003-08,2003-09-30,1,1,4.4500000000000002,usable,latest;not point-in-time,
2003-10-31,GS10,2003-09,2003-10-31,1,1,4.2699999999999996,usable,latest;not point-in-time,
2003-11-28,GS10,2003-10,2003-11-28,1,1,4.29,usable,latest;not point-in-time,
2003-12-31,GS10,2003-11,2003-12-31,1,1,4.2999999999999998,usable,latest;not point-in-time,
2004-01-30,GS10,2003-12,2004-01-30,1,1,4.2699999999999996,usable,latest;not point-in-time,
2004-02-27,GS10,2004-01,2004-02-27,1,1,4.1500000000000004,usable,latest;not point-in-time,
2004-03-31,GS10,2004-02,2004-03-31,1,1,4.0800000000000001,usable,latest;not point-in-time,
2004-04-30,GS10,2004-03,2004-04-30,1,1,3.8300000000000001,usable,latest;not point-in-time,
2004-05-31,GS10,2004-04,2004-05-31,1,1,4.3499999999999996,usable,latest;not point-in-time,
2004-06-30,GS10,2004-05,2004-06-30,1,1,4.7199999999999998,usable,latest;not point-in-time,
2004-07-30,GS10,2004-06,2004-07-30,1,1,4.7300000000000004,usable,latest;not point-in-time,
2004-08-31,GS10,2004-07,2004-08-31,1,1,4.5,usable,latest;not point-in-time,
2004-09-30,GS10,2004-08,2004-09-30,1,1,4.2800000000000002,usable,latest;not point-in-time,
2004-10-29,GS10,2004-09,2004-10-29,1,1,4.1299999999999999,usable,latest;not point-in-time,
2004-11-30,GS10,2004-10,2004-11-30,1,1,4.0999999999999996,usable,latest;not point-in-time,
2004-12-31,GS10,2004-11,2004-12-31,1,1,4.1900000000000004,usable,latest;not point-in-time,
2005-01-31,GS10,2004-12,2005-01-31,1,1,4.2300000000000004,usable,latest;not point-in-time,
2005-02-28,GS10,2005-01,2005-02-28,1,1,4.2199999999999998,usable,latest;not point-in-time,
2005-03-31,GS10,2005-02,2005-03-31,1,1,4.1699999999999999,usable,latest;not point-in-time,
2005-04-29,GS10,2005-03,2005-04-29,1,1,4.5,usable,latest;not point-in-time,
2005-05-31,GS10,2005-04,2005-05-31,1,1,4.3399999999999999,usable,latest;not point-in-time,
2005-06-30,GS10,2005-05,2005-06-30,1,1,4.1399999999999997,usable,latest;not point-in-time,
2005-07-29,GS10,2005-06,2005-07-29,1,1,4,usable,latest;not point-in-time,
2005-08-31,GS10,2005-07,2005-08-31,1,1,4.1799999999999997,usable,latest;not point-in-time,
2005-09-30,GS10,2005-08,2005-09-30,1,1,4.2599999999999998,usable,latest;not point-in-time,
2005-10-31,GS10,2005-09,2005-10-31,1,1,4.2000000000000002,usable,latest;not point-in-time,
2005-11-30,GS10,2005-10,2005-11-30,1,1,4.46,usable,latest;not point-in-time,
2005-12-30,GS10,2005-11,2005-12-30,1,1,4.54,usable,latest;not point-in-time,
2006-01-31,GS10,2005-12,2006-01-31,1,1,4.4699999999999998,usable,latest;not point-in-time,
2006-02-28,GS10,2006-01,2006-02-28,1,1,4.4199999999999999,usable,latest;not point-in-time,
2006-03-31,GS10,2006-02,2006-03-31,1,1,4.5700000000000003,usable,latest;not point-in-time,
2006-04-28,GS10,2006-03,2006-04-28,1,1,4.7199999999999998,usable,latest;not point-in-time,
2006-05-31,GS10,2006-04,2006-05-31,1,1,4.9900000000000002,usable,latest;not point-in-time,
2006-06-30,GS10,2006-05,2006-06-30,1,1,5.1100000000000003,usable,latest;not point-in-time,
2006-07-31,GS10,2006-06,2006-07-31,1,1,5.1100000000000003,usable,latest;not point-in-time,
2006-08-31,GS10,2006-07,2006-08-31,1,1,5.0899999999999999,usable,latest;not point-in-time,
2006-09-29,GS10,2006-08,2006-09-29,1,1,4.8799999999999999,usable,latest;not point-in-time,
2006-10-31,GS10,2006-09,2006-10-31,1,1,4.7199999999999998,usable,latest;not point-in-time,
2006-11-30,GS10,2006-10,2006-11-30,1,1,4.7300000000000004,usable,latest;not point-in-time,
2006-12-29,GS10,2006-11,2006-12-29,1,1,4.5999999999999996,usable,latest;not point-in-time,
2007-01-31,GS10,2006-12,2007-01-31,1,1,4.5599999999999996,usable,latest;not point-in-time,
2007-02-28,GS10,2007-01,2007-02-28,1,1,4.7599999999999998,usable,latest;not point-in-time,
2007-03-30,GS10,2007-02,2007-03-30,1,1,4.7199999999999998,usable,latest;not point-in-time,
2007-04-30,GS10,2007-03,2007-04-30,1,1,4.5599999999999996,usable,latest;not point-in-time,
2007-05-31,GS10,2007-04,2007-05-31,1,1,4.6900000000000004,usable,latest;not point-in-time,
2007-06-29,GS10,2007-05,2007-06-29,1,1,4.75,usable,latest;not point-in-time,
2007-07-31,GS10,2007-06,2007-07-31,1,1,5.0999999999999996,usable,latest;not point-in-time,
2007-08-31,GS10,2007-07,2007-08-31,1,1,5,usable,latest;not point-in-time,
2007-09-28,GS10,2007-08,2007-09-28,1,1,4.6699999999999999,usable,latest;not point-in-time,
2007-10-31,GS10,2007-09,2007-10-31,1,1,4.5199999999999996,usable,latest;not point-in-time,
2007-11-30,GS10,2007-10,2007-11-30,1,1,4.5300000000000002,usable,latest;not point-in-time,
2007-12-31,GS10,2007-11,2007-12-31,1,1,4.1500000000000004,usable,latest;not point-in-time,
2008-01-31,GS10,2007-12,2008-01-31,1,1,4.0999999999999996,usable,latest;not point-in-time,
2008-02-29,GS10,2008-01,2008-02-29,1,1,3.7400000000000002,usable,latest;not point-in-time,
2008-03-31,GS10,2008-02,2008-03-31,1,1,3.7400000000000002,usable,latest;not point-in-time,
2008-04-30,GS10,2008-03,2008-04-30,1,1,3.5099999999999998,usable,latest;not point-in-time,
2008-05-30,GS10,2008-04,2008-05-30,1,1,3.6800000000000002,usable,latest;not point-in-time,
2008-06-30,GS10,2008-05,2008-06-30,1,1,3.8799999999999999,usable,latest;not point-in-time,
2008-07-31,GS10,2008-06,2008-07-31,1,1,4.0999999999999996,usable,latest;not point-in-time,
2008-08-29,GS10,2008-07,2008-08-29,1,1,4.0099999999999998,usable,latest;not point-in-time,
2008-09-30,GS10,2008-08,2008-09-30,1,1,3.8900000000000001,usable,latest;not point-in-time,
2008-10-31,GS10,2008-09,2008-10-31,1,1,3.6899999999999999,usable,latest;not point-in-time,
2008-11-28,GS10,2008-10,2008-11-28,1,1,3.8100000000000001,usable,latest;not point-in-time,
2008-12-31,GS10,2008-11,2008-12-31,1,1,3.5299999999999998,usable,latest;not point-in-time,
2009-01-30,GS10,2008-12,2009-01-30,1,1,2.4199999999999999,usable,latest;not point-in-time,
2009-02-27,GS10,2009-01,2009-02-27,1,1,2.52,usable,latest;not point-in-time,
2009-03-31,GS10,2009-02,2009-03-31,1,1,2.8700000000000001,usable,latest;not point-in-time,
2009-04-30,GS10,2009-03,2009-04-30,1,1,2.8199999999999998,usable,latest;not point-in-time,
2009-05-29,GS10,2009-04,2009-05-29,1,1,2.9300000000000002,usable,latest;not point-in-time,
2009-06-30,GS10,2009-05,2009-06-30,1,1,3.29,usable,latest;not point-in-time,
2009-07-31,GS10,2009-06,2009-07-31,1,1,3.7200000000000002,usable,latest;not point-in-time,
2009-08-31,GS10,2009-07,2009-08-31,1,1,3.5600000000000001,usable,latest;not point-in-time,
2009-09-30,GS10,2009-08,2009-09-30,1,1,3.5899999999999999,usable,latest;not point-in-time,
2009-10-30,GS10,2009-09,2009-10-30,1,1,3.3999999999999999,usable,latest;not point-in-time,
2009-11-30,GS10,2009-10,2009-11-30,1,1,3.3900000000000001,usable,latest;not point-in-time,
2009-12-31,GS10,2009-11,2009-12-31,1,1,3.3999999999999999,usable,latest;not point-in-time,
2010-01-29,GS10,2009-12,2010-01-29,1,1,3.5899999999999999,usable,latest;not point-in-time,
2010-02-26,GS10,2010-01,2010-02-26,1,1,3.73,usable,latest;not point-in-time,
2010-03-31,GS10,2010-02,2010-03-31,1,1,3.6899999999999999,usable,latest;not point-in-time,
2010-04-30,GS10,2010-03,2010-04-30,1,1,3.73,usable,latest;not point-in-time,
2010-05-31,GS10,2010-04,2010-05-31,1,1,3.8500000000000001,usable,latest;not point-in-time,
2010-06-30,GS10,2010-05,2010-06-30,1,1,3.4199999999999999,usable,latest;not point-in-time,
2010-07-30,GS10,2010-06,2010-07-30,1,1,3.2000000000000002,usable,latest;not point-in-time,
2010-08-31,GS10,2010-07,2010-08-31,1,1,3.0099999999999998,usable,latest;not point-in-time,
2010-09-30,GS10,2010-08,2010-09-30,1,1,2.7000000000000002,usable,latest;not point-in-time,
2010-10-29,GS10,2010-09,2010-10-29,1,1,2.6499999999999999,usable,latest;not point-in-time,
2010-11-30,GS10,2010-10,2010-11-30,1,1,2.54,usable,latest;not point-in-time,
2010-12-31,GS10,2010-11,2010-12-31,1,1,2.7599999999999998,usable,latest;not point-in-time,
2011-01-31,GS10,2010-12,2011-01-31,1,1,3.29,usable,latest;not point-in-time,
2011-02-28,GS10,2011-01,2011-02-28,1,1,3.3900000000000001,usable,latest;not point-in-time,
2011-03-31,GS10,2011-02,2011-03-31,1,1,3.5800000000000001,usable,latest;not point-in-time,
2011-04-29,GS10,2011-03,2011-04-29,1,1,3.4100000000000001,usable,latest;not point-in-time,
2011-05-31,GS10,2011-04,2011-05-31,1,1,3.46,usable,latest;not point-in-time,
2011-06-30,GS10,2011-05,2011-06-30,1,1,3.1699999999999999,usable,latest;not point-in-time,
2011-07-29,GS10,2011-06,2011-07-29,1,1,3,usable,latest;not point-in-time,
2011-08-31,GS10,2011-07,2011-08-31,1,1,3,usable,latest;not point-in-time,
2011-09-30,GS10,2011-08,2011-09-30,1,1,2.2999999999999998,usable,latest;not point-in-time,
2011-10-31,GS10,2011-09,2011-10-31,1,1,1.98,usable,latest;not point-in-time,
2011-11-30,GS10,2011-10,2011-11-30,1,1,2.1499999999999999,usable,latest;not point-in-time,
2011-12-30,GS10,2011-11,2011-12-30,1,1,2.0099999999999998,usable,latest;not point-in-time,
2012-01-31,GS10,2011-12,2012-01-31,1,1,1.98,usable,latest;not point-in-time,
2012-02-29,GS10,2012-01,2012-02-29,1,1,1.97,usable,latest;not point-in-time,
2012-03-30,GS10,2012-02,2012-03-30,1,1,1.97,usable,latest;not point-in-time,
2012-04-30,GS10,2012-03,2012-04-30,1,1,2.1699999999999999,usable,latest;not point-in-time,
2012-05-31,GS10,2012-04,2012-05-31,1,1,2.0499999999999998,usable,latest;not point-in-time,
2012-06-29,GS10,2012-05,2012-06-29,1,1,1.8,usable,latest;not point-in-time,
2012-07-31,GS10,2012-06,2012-07-31,1,1,1.6200000000000001,usable,latest;not point-in-time,
2012-08-31,GS10,2012-07,2012-08-31,1,1,1.53,usable,latest;not point-in-time,
2012-09-28,GS10,2012-08,2012-09-28,1,1,1.6799999999999999,usable,latest;not point-in-time,
2012-10-31,GS10,2012-09,2012-10-31,1,1,1.72,usable,latest;not point-in-time,
2012-11-30,GS10,2012-10,2012-11-30,1,1,1.75,usable,latest;not point-in-time,
2012-12-31,GS10,2012-11,2012-12-31,1,1,1.6499999999999999,usable,latest;not point-in-time,
2013-01-31,GS10,2012-12,2013-01-31,1,1,1.72,usable,latest;not point-in-time,
2013-02-28,GS10,2013-01,2013-02-28,1,1,1.9099999999999999,usable,latest;not point-in-time,
2013-03-29,GS10,2013-02,2013-03-29,1,1,1.98,usable,latest;not point-in-time,
2013-04-30,GS10,2013-03,2013-04-30,1,1,1.96,usable,latest;not point-in-time,
2013-05-31,GS10,2013-04,2013-05-31,1,1,1.76,usable,latest;not point-in-time,
2013-06-28,GS10,2013-05,2013-06-28,1,1,1.9299999999999999,usable,latest;not point-in-time,
2013-07-31,GS10,2013-06,2013-07-31,1,1,2.2999999999999998,usable,latest;not point-in-time,
2013-08-30,GS10,2013-07,2013-08-30,1,1,2.5800000000000001,usable,latest;not point-in-time,
2013-09-30,GS10,2013-08,2013-09-30,1,1,2.7400000000000002,usable,latest;not point-in-time,
2013-10-31,GS10,2013-09,2013-10-31,1,1,2.8100000000000001,usable,latest;not point-in-time,
2013-11-29,GS10,2013-10,2013-11-29,1,1,2.6200000000000001,usable,latest;not point-in-time,
2013-12-31,GS10,2013-11,2013-12-31,1,1,2.7200000000000002,usable,latest;not point-in-time,
2014-01-31,GS10,2013-12,2014-01-31,1,1,2.8999999999999999,usable,latest;not point-in-time,
2014-02-28,GS10,2014-01,2014-02-28,1,1,2.8599999999999999,usable,latest;not point-in-time,
2014-03-31,GS10,2014-02,2014-03-31,1,1,2.71,usable,latest;not point-in-time,
2014-04-30,GS10,2014-03,2014-04-30,1,1,2.7200000000000002,usable,latest;not point-in-time,
2014-05-30,GS10,2014-04,2014-05-30,1,1,2.71,usable,latest;not point-in-time,
2014-06-30,GS10,2014-05,2014-06-30,1,1,2.5600000000000001,usable,latest;not point-in-time,
2014-07-31,GS10,2014-06,2014-07-31,1,1,2.6000000000000001,usable,latest;not point-in-time,
2014-08-29,GS10,2014-07,2014-08-29,1,1,2.54,usable,latest;not point-in-time,
2014-09-30,GS10,2014-08,2014-09-30,1,1,2.4199999999999999,usable,latest;not point-in-time,
2014-10-31,GS10,2014-09,2014-10-31,1,1,2.5299999999999998,usable,latest;not point-in-time,
2014-11-28,GS10,2014-10,2014-11-28,1,1,2.2999999999999998,usable,latest;not point-in-time,
2014-12-31,GS10,2014-11,2014-12-31,1,1,2.3300000000000001,usable,latest;not point-in-time,
2015-01-30,GS10,2014-12,2015-01-30,1,1,2.21,usable,latest;not point-in-time,
2015-02-27,GS10,2015-01,2015-02-27,1,1,1.8799999999999999,usable,latest;not point-in-time,
2015-03-31,GS10,2015-02,2015-03-31,1,1,1.98,usable,latest;not point-in-time,
2015-04-30,GS10,2015-03,2015-04-30,1,1,2.04,usable,latest;not point-in-time,
2015-05-29,GS10,2015-04,2015-05-29,1,1,1.9399999999999999,usable,latest;not point-in-time,
2015-06-30,GS10,2015-05,2015-06-30,1,1,2.2000000000000002,usable,latest;not point-in-time,
2015-07-31,GS10,2015-06,2015-07-31,1,1,2.3599999999999999,usable,latest;not point-in-time,
2015-08-31,GS10,2015-07,2015-08-31,1,1,2.3199999999999998,usable,latest;not point-in-time,
2015-09-30,GS10,2015-08,2015-09-30,1,1,2.1699999999999999,usable,latest;not point-in-time,
2015-10-30,GS10,2015-09,2015-10-30,1,1,2.1699999999999999,usable,latest;not point-in-time,
2015-11-30,GS10,2015-10,2015-11-30,1,1,2.0699999999999998,usable,latest;not point-in-time,
2015-12-31,GS10,2015-11,2015-12-31,1,1,2.2599999999999998,usable,latest;not point-in-time,
2016-01-29,GS10,2015-12,2016-01-29,1,1,2.2400000000000002,usable,latest;not point-in-time,
2016-02-29,GS10,2016-01,2016-02-29,1,1,2.0899999999999999,usable,latest;not point-in-time,
2016-03-31,GS10,2016-02,2016-03-31,1,1,1.78,usable,latest;not point-in-time,
2016-04-29,GS10,2016-03,2016-04-29,1,1,1.8899999999999999,usable,latest;not point-in-time,
2016-05-31,GS10,2016-04,2016-05-31,1,1,1.8100000000000001,usable,latest;not point-in-time,
2016-06-30,GS10,2016-05,2016-06-30,1,1,1.8100000000000001,usable,latest;not point-in-time,
2016-07-29,GS10,2016-06,2016-07-29,1,1,1.6399999999999999,usable,latest;not point-in-time,
2016-08-31,GS10,2016-07,2016-08-31,1,1,1.5,usable,latest;not point-in-time,
2016-09-30,GS10,2016-08,2016-09-30,1,1,1.5600000000000001,usable,latest;not point-in-time,
2016-10-31,GS10,2016-09,2016-10-31,1,1,1.6299999999999999,usable,latest;not point-in-time,
2016-11-30,GS10,2016-10,2016-11-30,1,1,1.76,usable,latest;not point-in-time,
2016-12-30,GS10,2016-11,2016-12-30,1,1,2.1400000000000001,usable,latest;not point-in-time,
2017-01-31,GS10,2016-12,2017-01-31,1,1,2.4900000000000002,usable,latest;not point-in-time,
2017-02-28,GS10,2017-01,2017-02-28,1,1,2.4300000000000002,usable,latest;not point-in-time,
2017-03-31,GS10,2017-02,2017-03-31,1,1,2.4199999999999999,usable,latest;not point-in-time,
2017-04-28,GS10,2017-03,2017-04-28,1,1,2.48,usable,latest;not point-in-time,
2017-05-31,GS10,2017-04,2017-05-31,1,1,2.2999999999999998,usable,latest;not point-in-time,
2017-06-30,GS10,2017-05,2017-06-30,1,1,2.2999999999999998,usable,latest;not point-in-time,
2017-07-31,GS10,2017-06,2017-07-31,1,1,2.1899999999999999,usable,latest;not point-in-time,
2017-08-31,GS10,2017-07,2017-08-31,1,1,2.3199999999999998,usable,latest;not point-in-time,
2017-09-29,GS10,2017-08,2017-09-29,1,1,2.21,usable,latest;not point-in-time,
2017-10-31,GS10,2017-09,2017-10-31,1,1,2.2000000000000002,usable,latest;not point-in-time,
2017-11-30,GS10,2017-10,2017-11-30,1,1,2.3599999999999999,usable,latest;not point-in-time,
2017-12-29,GS10,2017-11,2017-12-29,1,1,2.3500000000000001,usable,latest;not point-in-time,
2018-01-31,GS10,2017-12,2018-01-31,1,1,2.3999999999999999,usable,latest;not point-in-time,
2018-02-28,GS10,2018-01,2018-02-28,1,1,2.5800000000000001,usable,latest;not point-in-time,
2018-03-30,GS10,2018-02,2018-03-30,1,1,2.8599999999999999,usable,latest;not point-in-time,
2018-04-30,GS10,2018-03,2018-04-30,1,1,2.8399999999999999,usable,latest;not point-in-time,
2018-05-31,GS10,2018-04,2018-05-31,1,1,2.8700000000000001,usable,latest;not point-in-time,
2018-06-29,GS10,2018-05,2018-06-29,1,1,2.98,usable,latest;not point-in-time,
2018-07-31,GS10,2018-06,2018-07-31,1,1,2.9100000000000001,usable,latest;not point-in-time,
2018-08-31,GS10,2018-07,2018-08-31,1,1,2.8900000000000001,usable,latest;not point-in-time,
2018-09-28,GS10,2018-08,2018-09-28,1,1,2.8900000000000001,usable,latest;not point-in-time,
2018-10-31,GS10,2018-09,2018-10-31,1,1,3,usable,latest;not point-in-time,
2018-11-30,GS10,2018-10,2018-11-30,1,1,3.1499999999999999,usable,latest;not point-in-time,
2018-12-31,GS10,2018-11,2018-12-31,1,1,3.1200000000000001,usable,latest;not point-in-time,
2019-01-31,GS10,2018-12,2019-01-31,1,1,2.8300000000000001,usable,latest;not point-in-time,
2019-02-28,GS10,2019-01,2019-02-28,1,1,2.71,usable,latest;not point-in-time,
2019-03-29,GS10,2019-02,2019-03-29,1,1,2.6800000000000002,usable,latest;not point-in-time,
2019-04-30,GS10,2019-03,2019-04-30,1,1,2.5699999999999998,usable,latest;not point-in-time,
2019-05-31,GS10,2019-04,2019-05-31,1,1,2.5299999999999998,usable,latest;not point-in-time,
2019-06-28,GS10,2019-05,2019-06-28,1,1,2.3999999999999999,usable,latest;not point-in-time,
2019-07-31,GS10,2019-06,2019-07-31,1,1,2.0699999999999998,usable,latest;not point-in-time,
2019-08-30,GS10,2019-07,2019-08-30,1,1,2.0600000000000001,usable,latest;not point-in-time,
2019-09-30,GS10,2019-08,2019-09-30,1,1,1.6299999999999999,usable,latest;not point-in-time,
2019-10-31,GS10,2019-09,2019-10-31,1,1,1.7,usable,latest;not point-in-time,
2019-11-29,GS10,2019-10,2019-11-29,1,1,1.71,usable,latest;not point-in-time,
2019-12-31,GS10,2019-11,2019-12-31,1,1,1.8100000000000001,usable,latest;not point-in-time,
2020-01-31,GS10,2019-12,2020-01-31,1,1,1.8600000000000001,usable,latest;not point-in-time,
2020-02-28,GS10,2020-01,2020-02-28,1,1,1.76,usable,latest;not point-in-time,
2020-03-31,GS10,2020-02,2020-03-31,1,1,1.5,usable,latest;not point-in-time,
2020-04-30,GS10,2020-03,2020-04-30,1,1,0.87,usable,latest;not point-in-time,
2020-05-29,GS10,2020-04,2020-05-29,1,1,0.66000000000000003,usable,latest;not point-in-time,
2020-06-30,GS10,2020-05,2020-06-30,1,1,0.67000000000000004,usable,latest;not point-in-time,
2020-07-31,GS10,2020-06,2020-07-31,1,1,0.72999999999999998,usable,latest;not point-in-time,
2020-08-31,GS10,2020-07,2020-08-31,1,1,0.62,usable,latest;not point-in-time,
2020-09-30,GS10,2020-08,2020-09-30,1,1,0.65000000000000002,usable,latest;not point-in-time,
2020-10-30,GS10,2020-09,2020-10-30,1,1,0.68000000000000005,usable,latest;not point-in-time,
2020-11-30,GS10,2020-10,2020-11-30,1,1,0.79000000000000004,usable,latest;not point-in-time,
2020-12-31,GS10,2020-11,2020-12-31,1,1,0.87,usable,latest;not point-in-time,
2021-01-29,GS10,2020-12,2021-01-29,1,1,0.93000000000000005,usable,latest;not point-in-time,
2021-02-26,GS10,2021-01,2021-02-26,1,1,1.0800000000000001,usable,latest;not point-in-time,
2021-03-31,GS10,2021-02,2021-03-31,1,1,1.26,usable,latest;not point-in-time,
2021-04-30,GS10,2021-03,2021-04-30,1,1,1.6100000000000001,usable,latest;not point-in-time,
2021-05-31,GS10,2021-04,2021-05-31,1,1,1.6399999999999999,usable,latest;not point-in-time,
2021-06-30,GS10,2021-05,2021-06-30,1,1,1.6200000000000001,usable,latest;not point-in-time,
2021-07-30,GS10,2021-06,2021-07-30,1,1,1.52,usable,latest;not point-in-time,
2021-08-31,GS10,2021-07,2021-08-31,1,1,1.3200000000000001,usable,latest;not point-in-time,
2021-09-30,GS10,2021-08,2021-09-30,1,1,1.28,usable,latest;not point-in-time,
2021-10-29,GS10,2021-09,2021-10-29,1,1,1.3700000000000001,usable,latest;not point-in-time,
2021-11-30,GS10,2021-10,2021-11-30,1,1,1.5800000000000001,usable,latest;not point-in-time,
2021-12-31,GS10,2021-11,2021-12-31,1,1,1.5600000000000001,usable,latest;not point-in-time,
2022-01-31,GS10,2021-12,2022-01-31,1,1,1.47,usable,latest;not point-in-time,
2022-02-28,GS10,2022-01,2022-02-28,1,1,1.76,usable,latest;not point-in-time,
2022-03-31,GS10,2022-02,2022-03-31,1,1,1.9299999999999999,usable,latest;not point-in-time,
2022-04-29,GS10,2022-03,2022-04-29,1,1,2.1299999999999999,usable,latest;not point-in-time,
2022-05-31,GS10,2022-04,2022-05-31,1,1,2.75,usable,latest;not point-in-time,
2022-06-30,GS10,2022-05,2022-06-30,1,1,2.8999999999999999,usable,latest;not point-in-time,
2022-07-29,GS10,2022-06,2022-07-29,1,1,3.1400000000000001,usable,latest;not point-in-time,
2022-08-31,GS10,2022-07,2022-08-31,1,1,2.8999999999999999,usable,latest;not point-in-time,
2022-09-30,GS10,2022-08,2022-09-30,1,1,2.8999999999999999,usable,latest;not point-in-time,
2022-10-31,GS10,2022-09,2022-10-31,1,1,3.52,usable,latest;not point-in-time,
2022-11-30,GS10,2022-10,2022-11-30,1,1,3.98,usable,latest;not point-in-time,
2022-12-30,GS10,2022-11,2022-12-30,1,1,3.8900000000000001,usable,latest;not point-in-time,
2023-01-31,GS10,2022-12,2023-01-31,1,1,3.6200000000000001,usable,latest;not point-in-time,
2023-02-28,GS10,2023-01,2023-02-28,1,1,3.5299999999999998,usable,latest;not point-in-time,
2023-03-31,GS10,2023-02,2023-03-31,1,1,3.75,usable,latest;not point-in-time,
2023-04-28,GS10,2023-03,2023-04-28,1,1,3.6600000000000001,usable,latest;not point-in-time,
2023-05-31,GS10,2023-04,2023-05-31,1,1,3.46,usable,latest;not point-in-time,
2023-06-30,GS10,2023-05,2023-06-30,1,1,3.5699999999999998,usable,latest;not point-in-time,
2023-07-31,GS10,2023-06,2023-07-31,1,1,3.75,usable,latest;not point-in-time,
2023-08-31,GS10,2023-07,2023-08-31,1,1,3.8999999999999999,usable,latest;not point-in-time,
1999-12-31,T10YIE,1999-11,1999-12-31,1,1,,missing,latest;not point-in-time,
2000-01-31,T10YIE,1999-12,2000-01-31,1,1,,missing,latest;not point-in-time,
2000-02-29,T10YIE,2000-01,2000-02-29,1,1,,missing,latest;not point-in-time,
2000-03-31,T10YIE,2000-02,2000-03-31,1,1,,missing,latest;not point-in-time,
2000-04-28,T10YIE,2000-03,2000-04-28,1,1,,missing,latest;not point-in-time,
2000-05-31,T10YIE,2000-04,2000-05-31,1,1,,missing,latest;not point-in-time,
2000-06-30,T10YIE,2000-05,2000-06-30,1,1,,missing,latest;not point-in-time,
2000-07-31,T10YIE,2000-06,2000-07-31,1,1,,missing,latest;not point-in-time,
2000-08-31,T10YIE,2000-07,2000-08-31,1,1,,missing,latest;not point-in-time,
2000-09-29,T10YIE,2000-08,2000-09-29,1,1,,missing,latest;not point-in-time,
2000-10-31,T10YIE,2000-09,2000-10-31,1,1,,missing,latest;not point-in-time,
2000-11-30,T10YIE,2000-10,2000-11-30,1,1,,missing,latest;not point-in-time,
2000-12-29,T10YIE,2000-11,2000-12-29,1,1,,missing,latest;not point-in-time,
2001-01-31,T10YIE,2000-12,2001-01-31,1,1,,missing,latest;not point-in-time,
2001-02-28,T10YIE,2001-01,2001-02-28,1,1,,missing,latest;not point-in-time,
2001-03-30,T10YIE,2001-02,2001-03-30,1,1,,missing,latest;not point-in-time,
2001-04-30,T10YIE,2001-03,2001-04-30,1,1,,missing,latest;not point-in-time,
2001-05-31,T10YIE,2001-04,2001-05-31,1,1,,missing,latest;not point-in-time,
2001-06-29,T10YIE,2001-05,2001-06-29,1,1,,missing,latest;not point-in-time,
2001-07-31,T10YIE,2001-06,2001-07-31,1,1,,missing,latest;not point-in-time,
2001-08-31,T10YIE,2001-07,2001-08-31,1,1,,missing,latest;not point-in-time,
2001-09-28,T10YIE,2001-08,2001-09-28,1,1,,missing,latest;not point-in-time,
2001-10-31,T10YIE,2001-09,2001-10-31,1,1,,missing,latest;not point-in-time,
2001-11-30,T10YIE,2001-10,2001-11-30,1,1,,missing,latest;not point-in-time,
2001-12-31,T10YIE,2001-11,2001-12-31,1,1,,missing,latest;not point-in-time,
2002-01-31,T10YIE,2001-12,2002-01-31,1,1,,missing,latest;not point-in-time,
2002-02-28,T10YIE,2002-01,2002-02-28,1,1,,missing,latest;not point-in-time,
2002-03-29,T10YIE,2002-02,2002-03-29,1,1,,missing,latest;not point-in-time,
2002-04-30,T10YIE,2002-03,2002-04-30,1,1,,missing,latest;not point-in-time,
2002-05-31,T10YIE,2002-04,2002-05-31,1,1,,missing,latest;not point-in-time,
2002-06-28,T10YIE,2002-05,2002-06-28,1,1,,missing,latest;not point-in-time,
2002-07-31,T10YIE,2002-06,2002-07-31,1,1,,missing,latest;not point-in-time,
2002-08-30,T10YIE,2002-07,2002-08-30,1,1,,missing,latest;not point-in-time,
2002-09-30,T10YIE,2002-08,2002-09-30,1,1,,missing,latest;not point-in-time,
2002-10-31,T10YIE,2002-09,2002-10-31,1,1,,missing,latest;not point-in-time,
2002-11-29,T10YIE,2002-10,2002-11-29,1,1,,missing,latest;not point-in-time,
2002-12-31,T10YIE,2002-11,2002-12-31,1,1,,missing,latest;not point-in-time,
2003-01-31,T10YIE,2002-12,2003-01-31,1,1,,missing,latest;not point-in-time,
2003-02-28,T10YIE,2003-01,2003-02-28,1,1,1.8100000000000001,usable,latest;not point-in-time,
2003-03-31,T10YIE,2003-02,2003-03-31,1,1,1.9399999999999999,usable,latest;not point-in-time,
2003-04-30,T10YIE,2003-03,2003-04-30,1,1,1.8,usable,latest;not point-in-time,
2003-05-30,T10YIE,2003-04,2003-05-30,1,1,1.73,usable,latest;not point-in-time,
2003-06-30,T10YIE,2003-05,2003-06-30,1,1,1.6000000000000001,usable,latest;not point-in-time,
2003-07-31,T10YIE,2003-06,2003-07-31,1,1,1.6399999999999999,usable,latest;not point-in-time,
2003-08-29,T10YIE,2003-07,2003-08-29,1,1,2.0800000000000001,usable,latest;not point-in-time,
2003-09-30,T10YIE,2003-08,2003-09-30,1,1,2.1600000000000001,usable,latest;not point-in-time,
2003-10-31,T10YIE,2003-09,2003-10-31,1,1,2.0099999999999998,usable,latest;not point-in-time,
2003-11-28,T10YIE,2003-10,2003-11-28,1,1,2.3999999999999999,usable,latest;not point-in-time,
2003-12-31,T10YIE,2003-11,2003-12-31,1,1,2.3100000000000001,usable,latest;not point-in-time,
2004-01-30,T10YIE,2003-12,2004-01-30,1,1,2.27,usable,latest;not point-in-time,
2004-02-27,T10YIE,2004-01,2004-02-27,1,1,2.3100000000000001,usable,latest;not point-in-time,
2004-03-31,T10YIE,2004-02,2004-03-31,1,1,2.3799999999999999,usable,latest;not point-in-time,
2004-04-30,T10YIE,2004-03,2004-04-30,1,1,2.3799999999999999,usable,latest;not point-in-time,
2004-05-31,T10YIE,2004-04,2004-05-31,1,1,2.4199999999999999,usable,latest;not point-in-time,
2004-06-30,T10YIE,2004-05,2004-06-30,1,1,2.6600000000000001,usable,latest;not point-in-time,
2004-07-30,T10YIE,2004-06,2004-07-30,1,1,2.52,usable,latest;not point-in-time,
2004-08-31,T10YIE,2004-07,2004-08-31,1,1,2.4900000000000002,usable,latest;not point-in-time,
2004-09-30,T10YIE,2004-08,2004-09-30,1,1,2.3500000000000001,usable,latest;not point-in-time,
2004-10-29,T10YIE,2004-09,2004-10-29,1,1,2.3700000000000001,usable,latest;not point-in-time,
2004-11-30,T10YIE,2004-10,2004-11-30,1,1,2.4199999999999999,usable,latest;not point-in-time,
2004-12-31,T10YIE,2004-11,2004-12-31,1,1,2.6099999999999999,usable,latest;not point-in-time,
2005-01-31,T10YIE,2004-12,2005-01-31,1,1,2.5600000000000001,usable,latest;not point-in-time,
2005-02-28,T10YIE,2005-01,2005-02-28,1,1,2.4900000000000002,usable,latest;not point-in-time,
2005-03-31,T10YIE,2005-02,2005-03-31,1,1,2.6600000000000001,usable,latest;not point-in-time,
2005-04-29,T10YIE,2005-03,2005-04-29,1,1,2.71,usable,latest;not point-in-time,
2005-05-31,T10YIE,2005-04,2005-05-31,1,1,2.6000000000000001,usable,latest;not point-in-time,
2005-06-30,T10YIE,2005-05,2005-06-30,1,1,2.3700000000000001,usable,latest;not point-in-time,
2005-07-29,T10YIE,2005-06,2005-07-29,1,1,2.27,usable,latest;not point-in-time,
2005-08-31,T10YIE,2005-07,2005-08-31,1,1,2.3599999999999999,usable,latest;not point-in-time,
2005-09-30,T10YIE,2005-08,2005-09-30,1,1,2.3700000000000001,usable,latest;not point-in-time,
2005-10-31,T10YIE,2005-09,2005-10-31,1,1,2.5600000000000001,usable,latest;not point-in-time,
2005-11-30,T10YIE,2005-10,2005-11-30,1,1,2.5699999999999998,usable,latest;not point-in-time,
2005-12-30,T10YIE,2005-11,2005-12-30,1,1,2.3700000000000001,usable,latest;not point-in-time,
2006-01-31,T10YIE,2005-12,2006-01-31,1,1,2.3300000000000001,usable,latest;not point-in-time,
2006-02-28,T10YIE,2006-01,2006-02-28,1,1,2.5299999999999998,usable,latest;not point-in-time,
2006-03-31,T10YIE,2006-02,2006-03-31,1,1,2.5299999999999998,usable,latest;not point-in-time,
2006-04-28,T10YIE,2006-03,2006-04-28,1,1,2.5099999999999998,usable,latest;not point-in-time,
2006-05-31,T10YIE,2006-04,2006-05-31,1,1,2.6800000000000002,usable,latest;not point-in-time,
2006-06-30,T10YIE,2006-05,2006-06-30,1,1,2.6400000000000001,usable,latest;not point-in-time,
2006-07-31,T10YIE,2006-06,2006-07-31,1,1,2.6099999999999999,usable,latest;not point-in-time,
2006-08-31,T10YIE,2006-07,2006-08-31,1,1,2.5800000000000001,usable,latest;not point-in-time,
2006-09-29,T10YIE,2006-08,2006-09-29,1,1,2.5,usable,latest;not point-in-time,
2006-10-31,T10YIE,2006-09,2006-10-31,1,1,2.3700000000000001,usable,latest;not point-in-time,
2006-11-30,T10YIE,2006-10,2006-11-30,1,1,2.27,usable,latest;not point-in-time,
2006-12-29,T10YIE,2006-11,2006-12-29,1,1,2.2999999999999998,usable,latest;not point-in-time,
2007-01-31,T10YIE,2006-12,2007-01-31,1,1,2.2999999999999998,usable,latest;not point-in-time,
2007-02-28,T10YIE,2007-01,2007-02-28,1,1,2.4300000000000002,usable,latest;not point-in-time,
2007-03-30,T10YIE,2007-02,2007-03-30,1,1,2.3599999999999999,usable,latest;not point-in-time,
2007-04-30,T10YIE,2007-03,2007-04-30,1,1,2.4399999999999999,usable,latest;not point-in-time,
2007-05-31,T10YIE,2007-04,2007-05-31,1,1,2.4300000000000002,usable,latest;not point-in-time,
2007-06-29,T10YIE,2007-05,2007-06-29,1,1,2.3599999999999999,usable,latest;not point-in-time,
2007-07-31,T10YIE,2007-06,2007-07-31,1,1,2.3799999999999999,usable,latest;not point-in-time,
2007-08-31,T10YIE,2007-07,2007-08-31,1,1,2.3399999999999999,usable,latest;not point-in-time,
2007-09-28,T10YIE,2007-08,2007-09-28,1,1,2.2000000000000002,usable,latest;not point-in-time,
2007-10-31,T10YIE,2007-09,2007-10-31,1,1,2.3199999999999998,usable,latest;not point-in-time,
2007-11-30,T10YIE,2007-10,2007-11-30,1,1,2.3399999999999999,usable,latest;not point-in-time,
2007-12-31,T10YIE,2007-11,2007-12-31,1,1,2.3399999999999999,usable,latest;not point-in-time,
2008-01-31,T10YIE,2007-12,2008-01-31,1,1,2.3100000000000001,usable,latest;not point-in-time,
2008-02-29,T10YIE,2008-01,2008-02-29,1,1,2.3399999999999999,usable,latest;not point-in-time,
2008-03-31,T10YIE,2008-02,2008-03-31,1,1,2.4300000000000002,usable,latest;not point-in-time,
2008-04-30,T10YIE,2008-03,2008-04-30,1,1,2.3399999999999999,usable,latest;not point-in-time,
2008-05-30,T10YIE,2008-04,2008-05-30,1,1,2.27,usable,latest;not point-in-time,
2008-06-30,T10YIE,2008-05,2008-06-30,1,1,2.48,usable,latest;not point-in-time,
2008-07-31,T10YIE,2008-06,2008-07-31,1,1,2.5099999999999998,usable,latest;not point-in-time,
2008-08-29,T10YIE,2008-07,2008-08-29,1,1,2.3399999999999999,usable,latest;not point-in-time,
2008-09-30,T10YIE,2008-08,2008-09-30,1,1,2.1499999999999999,usable,latest;not point-in-time,
2008-10-31,T10YIE,2008-09,2008-10-31,1,1,1.6000000000000001,usable,latest;not point-in-time,
2008-11-28,T10YIE,2008-10,2008-11-28,1,1,0.87,usable,latest;not point-in-time,
2008-12-31,T10YIE,2008-11,2008-12-31,1,1,0.33000000000000002,usable,latest;not point-in-time,
2009-01-30,T10YIE,2008-12,2009-01-30,1,1,0.11,usable,latest;not point-in-time,
2009-02-27,T10YIE,2009-01,2009-02-27,1,1,1.1399999999999999,usable,latest;not point-in-time,
2009-03-31,T10YIE,2009-02,2009-03-31,1,1,0.95999999999999996,usable,latest;not point-in-time,
2009-04-30,T10YIE,2009-03,2009-04-30,1,1,1.28,usable,latest;not point-in-time,
2009-05-29,T10YIE,2009-04,2009-05-29,1,1,1.47,usable,latest;not point-in-time,
2009-06-30,T10YIE,2009-05,2009-06-30,1,1,1.8,usable,latest;not point-in-time,
2009-07-31,T10YIE,2009-06,2009-07-31,1,1,1.75,usable,latest;not point-in-time,
2009-08-31,T10YIE,2009-07,2009-08-31,1,1,1.8100000000000001,usable,latest;not point-in-time,
2009-09-30,T10YIE,2009-08,2009-09-30,1,1,1.6399999999999999,usable,latest;not point-in-time,
2009-10-30,T10YIE,2009-09,2009-10-30,1,1,1.75,usable,latest;not point-in-time,
2009-11-30,T10YIE,2009-10,2009-11-30,1,1,2,usable,latest;not point-in-time,
2009-12-31,T10YIE,2009-11,2009-12-31,1,1,2.0800000000000001,usable,latest;not point-in-time,
2010-01-29,T10YIE,2009-12,2010-01-29,1,1,2.3700000000000001,usable,latest;not point-in-time,
2010-02-26,T10YIE,2010-01,2010-02-26,1,1,2.3300000000000001,usable,latest;not point-in-time,
2010-03-31,T10YIE,2010-02,2010-03-31,1,1,2.1299999999999999,usable,latest;not point-in-time,
2010-04-30,T10YIE,2010-03,2010-04-30,1,1,2.2400000000000002,usable,latest;not point-in-time,
2010-05-31,T10YIE,2010-04,2010-05-31,1,1,2.3999999999999999,usable,latest;not point-in-time,
2010-06-30,T10YIE,2010-05,2010-06-30,1,1,1.99,usable,latest;not point-in-time,
2010-07-30,T10YIE,2010-06,2010-07-30,1,1,1.8200000000000001,usable,latest;not point-in-time,
2010-08-31,T10YIE,2010-07,2010-08-31,1,1,1.8,usable,latest;not point-in-time,
2010-09-30,T10YIE,2010-08,2010-09-30,1,1,1.52,usable,latest;not point-in-time,
2010-10-29,T10YIE,2010-09,2010-10-29,1,1,1.78,usable,latest;not point-in-time,
2010-11-30,T10YIE,2010-10,2010-11-30,1,1,2.1299999999999999,usable,latest;not point-in-time,
2010-12-31,T10YIE,2010-11,2010-12-31,1,1,2.0699999999999998,usable,latest;not point-in-time,
2011-01-31,T10YIE,2010-12,2011-01-31,1,1,2.2999999999999998,usable,latest;not point-in-time,
2011-02-28,T10YIE,2011-01,2011-02-28,1,1,2.3399999999999999,usable,latest;not point-in-time,
2011-03-31,T10YIE,2011-02,2011-03-31,1,1,2.3900000000000001,usable,latest;not point-in-time,
2011-04-29,T10YIE,2011-03,2011-04-29,1,1,2.48,usable,latest;not point-in-time,
2011-05-31,T10YIE,2011-04,2011-05-31,1,1,2.5699999999999998,usable,latest;not point-in-time,
2011-06-30,T10YIE,2011-05,2011-06-30,1,1,2.25,usable,latest;not point-in-time,
2011-07-29,T10YIE,2011-06,2011-07-29,1,1,2.4300000000000002,usable,latest;not point-in-time,
2011-08-31,T10YIE,2011-07,2011-08-31,1,1,2.4399999999999999,usable,latest;not point-in-time,
2011-09-30,T10YIE,2011-08,2011-09-30,1,1,2.0499999999999998,usable,latest;not point-in-time,
2011-10-31,T10YIE,2011-09,2011-10-31,1,1,1.75,usable,latest;not point-in-time,
2011-11-30,T10YIE,2011-10,2011-11-30,1,1,2.0899999999999999,usable,latest;not point-in-time,
2011-12-30,T10YIE,2011-11,2011-12-30,1,1,2.0499999999999998,usable,latest;not point-in-time,
2012-01-31,T10YIE,2011-12,2012-01-31,1,1,1.96,usable,latest;not point-in-time,
2012-02-29,T10YIE,2012-01,2012-02-29,1,1,2.1099999999999999,usable,latest;not point-in-time,
2012-03-30,T10YIE,2012-02,2012-03-30,1,1,2.2599999999999998,usable,latest;not point-in-time,
2012-04-30,T10YIE,2012-03,2012-04-30,1,1,2.3199999999999998,usable,latest;not point-in-time,
2012-05-31,T10YIE,2012-04,2012-05-31,1,1,2.25,usable,latest;not point-in-time,
2012-06-29,T10YIE,2012-05,2012-06-29,1,1,2.0899999999999999,usable,latest;not point-in-time,
2012-07-31,T10YIE,2012-06,2012-07-31,1,1,2.1299999999999999,usable,latest;not point-in-time,
2012-08-31,T10YIE,2012-07,2012-08-31,1,1,2.2000000000000002,usable,latest;not point-in-time,
2012-09-28,T10YIE,2012-08,2012-09-28,1,1,2.25,usable,latest;not point-in-time,
2012-10-31,T10YIE,2012-09,2012-10-31,1,1,2.4199999999999999,usable,latest;not point-in-time,
2012-11-30,T10YIE,2012-10,2012-11-30,1,1,2.5,usable,latest;not point-in-time,
2012-12-31,T10YIE,2012-11,2012-12-31,1,1,2.4100000000000001,usable,latest;not point-in-time,
2013-01-31,T10YIE,2012-12,2013-01-31,1,1,2.4500000000000002,usable,latest;not point-in-time,
2013-02-28,T10YIE,2013-01,2013-02-28,1,1,2.5899999999999999,usable,latest;not point-in-time,
2013-03-29,T10YIE,2013-02,2013-03-29,1,1,2.5299999999999998,usable,latest;not point-in-time,
2013-04-30,T10YIE,2013-03,2013-04-30,1,1,2.5099999999999998,usable,latest;not point-in-time,
2013-05-31,T10YIE,2013-04,2013-05-31,1,1,2.3399999999999999,usable,latest;not point-in-time,
2013-06-28,T10YIE,2013-05,2013-06-28,1,1,2.21,usable,latest;not point-in-time,
2013-07-31,T10YIE,2013-06,2013-07-31,1,1,1.99,usable,latest;not point-in-time,
2013-08-30,T10YIE,2013-07,2013-08-30,1,1,2.2200000000000002,usable,latest;not point-in-time,
2013-09-30,T10YIE,2013-08,2013-09-30,1,1,2.1000000000000001,usable,latest;not point-in-time,
2013-10-31,T10YIE,2013-09,2013-10-31,1,1,2.1899999999999999,usable,latest;not point-in-time,
2013-11-29,T10YIE,2013-10,2013-11-29,1,1,2.1699999999999999,usable,latest;not point-in-time,
2013-12-31,T10YIE,2013-11,2013-12-31,1,1,2.1499999999999999,usable,latest;not point-in-time,
2014-01-31,T10YIE,2013-12,2014-01-31,1,1,2.2400000000000002,usable,latest;not point-in-time,
2014-02-28,T10YIE,2014-01,2014-02-28,1,1,2.1400000000000001,usable,latest;not point-in-time,
2014-03-31,T10YIE,2014-02,2014-03-31,1,1,2.1699999999999999,usable,latest;not point-in-time,
2014-04-30,T10YIE,2014-03,2014-04-30,1,1,2.1299999999999999,usable,latest;not point-in-time,
2014-05-30,T10YIE,2014-04,2014-05-30,1,1,2.1800000000000002,usable,latest;not point-in-time,
2014-06-30,T10YIE,2014-05,2014-06-30,1,1,2.2200000000000002,usable,latest;not point-in-time,
2014-07-31,T10YIE,2014-06,2014-07-31,1,1,2.2599999999999998,usable,latest;not point-in-time,
2014-08-29,T10YIE,2014-07,2014-08-29,1,1,2.29,usable,latest;not point-in-time,
2014-09-30,T10YIE,2014-08,2014-09-30,1,1,2.1200000000000001,usable,latest;not point-in-time,
2014-10-31,T10YIE,2014-09,2014-10-31,1,1,1.97,usable,latest;not point-in-time,
2014-11-28,T10YIE,2014-10,2014-11-28,1,1,1.9199999999999999,usable,latest;not point-in-time,
2014-12-31,T10YIE,2014-11,2014-12-31,1,1,1.79,usable,latest;not point-in-time,
2015-01-30,T10YIE,2014-12,2015-01-30,1,1,1.6799999999999999,usable,latest;not point-in-time,
2015-02-27,T10YIE,2015-01,2015-02-27,1,1,1.6499999999999999,usable,latest;not point-in-time,
2015-03-31,T10YIE,2015-02,2015-03-31,1,1,1.8300000000000001,usable,latest;not point-in-time,
2015-04-30,T10YIE,2015-03,2015-04-30,1,1,1.76,usable,latest;not point-in-time,
2015-05-29,T10YIE,2015-04,2015-05-29,1,1,1.9399999999999999,usable,latest;not point-in-time,
2015-06-30,T10YIE,2015-05,2015-06-30,1,1,1.8,usable,latest;not point-in-time,
2015-07-31,T10YIE,2015-06,2015-07-31,1,1,1.8700000000000001,usable,latest;not point-in-time,
2015-08-31,T10YIE,2015-07,2015-08-31,1,1,1.74,usable,latest;not point-in-time,
2015-09-30,T10YIE,2015-08,2015-09-30,1,1,1.6299999999999999,usable,latest;not point-in-time,
2015-10-30,T10YIE,2015-09,2015-10-30,1,1,1.4099999999999999,usable,latest;not point-in-time,
2015-11-30,T10YIE,2015-10,2015-11-30,1,1,1.53,usable,latest;not point-in-time,
2015-12-31,T10YIE,2015-11,2015-12-31,1,1,1.5900000000000001,usable,latest;not point-in-time,
2016-01-29,T10YIE,2015-12,2016-01-29,1,1,1.54,usable,latest;not point-in-time,
2016-02-29,T10YIE,2016-01,2016-02-29,1,1,1.4099999999999999,usable,latest;not point-in-time,
2016-03-31,T10YIE,2016-02,2016-03-31,1,1,1.4199999999999999,usable,latest;not point-in-time,
2016-04-29,T10YIE,2016-03,2016-04-29,1,1,1.6200000000000001,usable,latest;not point-in-time,
2016-05-31,T10YIE,2016-04,2016-05-31,1,1,1.71,usable,latest;not point-in-time,
2016-06-30,T10YIE,2016-05,2016-06-30,1,1,1.54,usable,latest;not point-in-time,
2016-07-29,T10YIE,2016-06,2016-07-29,1,1,1.3999999999999999,usable,latest;not point-in-time,
2016-08-31,T10YIE,2016-07,2016-08-31,1,1,1.49,usable,latest;not point-in-time,
2016-09-30,T10YIE,2016-08,2016-09-30,1,1,1.47,usable,latest;not point-in-time,
2016-10-31,T10YIE,2016-09,2016-10-31,1,1,1.6000000000000001,usable,latest;not point-in-time,
2016-11-30,T10YIE,2016-10,2016-11-30,1,1,1.73,usable,latest;not point-in-time,
2016-12-30,T10YIE,2016-11,2016-12-30,1,1,1.9399999999999999,usable,latest;not point-in-time,
2017-01-31,T10YIE,2016-12,2017-01-31,1,1,1.95,usable,latest;not point-in-time,
2017-02-28,T10YIE,2017-01,2017-02-28,1,1,2.0499999999999998,usable,latest;not point-in-time,
2017-03-31,T10YIE,2017-02,2017-03-31,1,1,2.02,usable,latest;not point-in-time,
2017-04-28,T10YIE,2017-03,2017-04-28,1,1,1.97,usable,latest;not point-in-time,
2017-05-31,T10YIE,2017-04,2017-05-31,1,1,1.9199999999999999,usable,latest;not point-in-time,
2017-06-30,T10YIE,2017-05,2017-06-30,1,1,1.8100000000000001,usable,latest;not point-in-time,
2017-07-31,T10YIE,2017-06,2017-07-31,1,1,1.73,usable,latest;not point-in-time,
2017-08-31,T10YIE,2017-07,2017-08-31,1,1,1.8200000000000001,usable,latest;not point-in-time,
2017-09-29,T10YIE,2017-08,2017-09-29,1,1,1.76,usable,latest;not point-in-time,
2017-10-31,T10YIE,2017-09,2017-10-31,1,1,1.8400000000000001,usable,latest;not point-in-time,
2017-11-30,T10YIE,2017-10,2017-11-30,1,1,1.8799999999999999,usable,latest;not point-in-time,
2017-12-29,T10YIE,2017-11,2017-12-29,1,1,1.8600000000000001,usable,latest;not point-in-time,
2018-01-31,T10YIE,2017-12,2018-01-31,1,1,1.96,usable,latest;not point-in-time,
2018-02-28,T10YIE,2018-01,2018-02-28,1,1,2.1099999999999999,usable,latest;not point-in-time,
2018-03-30,T10YIE,2018-02,2018-03-30,1,1,2.1200000000000001,usable,latest;not point-in-time,
2018-04-30,T10YIE,2018-03,2018-04-30,1,1,2.0499999999999998,usable,latest;not point-in-time,
2018-05-31,T10YIE,2018-04,2018-05-31,1,1,2.1699999999999999,usable,latest;not point-in-time,
2018-06-29,T10YIE,2018-05,2018-06-29,1,1,2.0699999999999998,usable,latest;not point-in-time,
2018-07-31,T10YIE,2018-06,2018-07-31,1,1,2.1099999999999999,usable,latest;not point-in-time,
2018-08-31,T10YIE,2018-07,2018-08-31,1,1,2.1200000000000001,usable,latest;not point-in-time,
2018-09-28,T10YIE,2018-08,2018-09-28,1,1,2.0800000000000001,usable,latest;not point-in-time,
2018-10-31,T10YIE,2018-09,2018-10-31,1,1,2.1400000000000001,usable,latest;not point-in-time,
2018-11-30,T10YIE,2018-10,2018-11-30,1,1,2.0499999999999998,usable,latest;not point-in-time,
2018-12-31,T10YIE,2018-11,2018-12-31,1,1,1.97,usable,latest;not point-in-time,
2019-01-31,T10YIE,2018-12,2019-01-31,1,1,1.71,usable,latest;not point-in-time,
2019-02-28,T10YIE,2019-01,2019-02-28,1,1,1.8500000000000001,usable,latest;not point-in-time,
2019-03-29,T10YIE,2019-02,2019-03-29,1,1,1.95,usable,latest;not point-in-time,
2019-04-30,T10YIE,2019-03,2019-04-30,1,1,1.8799999999999999,usable,latest;not point-in-time,
2019-05-31,T10YIE,2019-04,2019-05-31,1,1,1.95,usable,latest;not point-in-time,
2019-06-28,T10YIE,2019-05,2019-06-28,1,1,1.74,usable,latest;not point-in-time,
2019-07-31,T10YIE,2019-06,2019-07-31,1,1,1.6899999999999999,usable,latest;not point-in-time,
2019-08-30,T10YIE,2019-07,2019-08-30,1,1,1.76,usable,latest;not point-in-time,
2019-09-30,T10YIE,2019-08,2019-09-30,1,1,1.55,usable,latest;not point-in-time,
2019-10-31,T10YIE,2019-09,2019-10-31,1,1,1.53,usable,latest;not point-in-time,
2019-11-29,T10YIE,2019-10,2019-11-29,1,1,1.54,usable,latest;not point-in-time,
2019-12-31,T10YIE,2019-11,2019-12-31,1,1,1.6100000000000001,usable,latest;not point-in-time,
2020-01-31,T10YIE,2019-12,2020-01-31,1,1,1.77,usable,latest;not point-in-time,
2020-02-28,T10YIE,2020-01,2020-02-28,1,1,1.6499999999999999,usable,latest;not point-in-time,
2020-03-31,T10YIE,2020-02,2020-03-31,1,1,1.4099999999999999,usable,latest;not point-in-time,
2020-04-30,T10YIE,2020-03,2020-04-30,1,1,0.87,usable,latest;not point-in-time,
2020-05-29,T10YIE,2020-04,2020-05-29,1,1,1.0700000000000001,usable,latest;not point-in-time,
2020-06-30,T10YIE,2020-05,2020-06-30,1,1,1.1499999999999999,usable,latest;not point-in-time,
2020-07-31,T10YIE,2020-06,2020-07-31,1,1,1.3400000000000001,usable,latest;not point-in-time,
2020-08-31,T10YIE,2020-07,2020-08-31,1,1,1.55,usable,latest;not point-in-time,
2020-09-30,T10YIE,2020-08,2020-09-30,1,1,1.8,usable,latest;not point-in-time,
2020-10-30,T10YIE,2020-09,2020-10-30,1,1,1.6299999999999999,usable,latest;not point-in-time,
2020-11-30,T10YIE,2020-10,2020-11-30,1,1,1.7,usable,latest;not point-in-time,
2020-12-31,T10YIE,2020-11,2020-12-31,1,1,1.77,usable,latest;not point-in-time,
2021-01-29,T10YIE,2020-12,2021-01-29,1,1,1.99,usable,latest;not point-in-time,
2021-02-26,T10YIE,2021-01,2021-02-26,1,1,2.1299999999999999,usable,latest;not point-in-time,
2021-03-31,T10YIE,2021-02,2021-03-31,1,1,2.1499999999999999,usable,latest;not point-in-time,
2021-04-30,T10YIE,2021-03,2021-04-30,1,1,2.3700000000000001,usable,latest;not point-in-time,
2021-05-31,T10YIE,2021-04,2021-05-31,1,1,2.4100000000000001,usable,latest;not point-in-time,
2021-06-30,T10YIE,2021-05,2021-06-30,1,1,2.4199999999999999,usable,latest;not point-in-time,
2021-07-30,T10YIE,2021-06,2021-07-30,1,1,2.3199999999999998,usable,latest;not point-in-time,
2021-08-31,T10YIE,2021-07,2021-08-31,1,1,2.3999999999999999,usable,latest;not point-in-time,
2021-09-30,T10YIE,2021-08,2021-09-30,1,1,2.3300000000000001,usable,latest;not point-in-time,
2021-10-29,T10YIE,2021-09,2021-10-29,1,1,2.3700000000000001,usable,latest;not point-in-time,
2021-11-30,T10YIE,2021-10,2021-11-30,1,1,2.5099999999999998,usable,latest;not point-in-time,
2021-12-31,T10YIE,2021-11,2021-12-31,1,1,2.5,usable,latest;not point-in-time,
2022-01-31,T10YIE,2021-12,2022-01-31,1,1,2.5600000000000001,usable,latest;not point-in-time,
2022-02-28,T10YIE,2022-01,2022-02-28,1,1,2.4399999999999999,usable,latest;not point-in-time,
2022-03-31,T10YIE,2022-02,2022-03-31,1,1,2.6200000000000001,usable,latest;not point-in-time,
2022-04-29,T10YIE,2022-03,2022-04-29,1,1,2.8399999999999999,usable,latest;not point-in-time,
2022-05-31,T10YIE,2022-04,2022-05-31,1,1,2.8799999999999999,usable,latest;not point-in-time,
2022-06-30,T10YIE,2022-05,2022-06-30,1,1,2.6400000000000001,usable,latest;not point-in-time,
2022-07-29,T10YIE,2022-06,2022-07-29,1,1,2.3300000000000001,usable,latest;not point-in-time,
2022-08-31,T10YIE,2022-07,2022-08-31,1,1,2.5299999999999998,usable,latest;not point-in-time,
2022-09-30,T10YIE,2022-08,2022-09-30,1,1,2.48,usable,latest;not point-in-time,
2022-10-31,T10YIE,2022-09,2022-10-31,1,1,2.1499999999999999,usable,latest;not point-in-time,
2022-11-30,T10YIE,2022-10,2022-11-30,1,1,2.52,usable,latest;not point-in-time,
2022-12-30,T10YIE,2022-11,2022-12-30,1,1,2.3399999999999999,usable,latest;not point-in-time,
2023-01-31,T10YIE,2022-12,2023-01-31,1,1,2.2999999999999998,usable,latest;not point-in-time,
2023-02-28,T10YIE,2023-01,2023-02-28,1,1,2.2400000000000002,usable,latest;not point-in-time,
2023-03-31,T10YIE,2023-02,2023-03-31,1,1,2.4300000000000002,usable,latest;not point-in-time,
2023-04-28,T10YIE,2023-03,2023-04-28,1,1,2.3199999999999998,usable,latest;not point-in-time,
2023-05-31,T10YIE,2023-04,2023-05-31,1,1,2.1800000000000002,usable,latest;not point-in-time,
2023-06-30,T10YIE,2023-05,2023-06-30,1,1,2.1800000000000002,usable,latest;not point-in-time,
2023-07-31,T10YIE,2023-06,2023-07-31,1,1,2.2200000000000002,usable,latest;not point-in-time,
2023-08-31,T10YIE,2023-07,2023-08-31,1,1,2.3700000000000001,usable,latest;not point-in-time,
1999-12-31,VIXCLS,1999-11,1999-12-31,1,1,24.18,usable,latest;not point-in-time,
2000-01-31,VIXCLS,1999-12,2000-01-31,1,1,24.640000000000001,usable,latest;not point-in-time,
2000-02-29,VIXCLS,2000-01,2000-02-29,1,1,24.949999999999999,usable,latest;not point-in-time,
2000-03-31,VIXCLS,2000-02,2000-03-31,1,1,23.370000000000001,usable,latest;not point-in-time,
2000-04-28,VIXCLS,2000-03,2000-04-28,1,1,24.109999999999999,usable,latest;not point-in-time,
2000-05-31,VIXCLS,2000-04,2000-05-31,1,1,26.199999999999999,usable,latest;not point-in-time,
2000-06-30,VIXCLS,2000-05,2000-06-30,1,1,23.649999999999999,usable,latest;not point-in-time,
2000-07-31,VIXCLS,2000-06,2000-07-31,1,1,19.539999999999999,usable,latest;not point-in-time,
2000-08-31,VIXCLS,2000-07,2000-08-31,1,1,20.739999999999998,usable,latest;not point-in-time,
2000-09-29,VIXCLS,2000-08,2000-09-29,1,1,16.84,usable,latest;not point-in-time,
2000-10-31,VIXCLS,2000-09,2000-10-31,1,1,20.57,usable,latest;not point-in-time,
2000-11-30,VIXCLS,2000-10,2000-11-30,1,1,23.629999999999999,usable,latest;not point-in-time,
2000-12-29,VIXCLS,2000-11,2000-12-29,1,1,29.649999999999999,usable,latest;not point-in-time,
2001-01-31,VIXCLS,2000-12,2001-01-31,1,1,26.850000000000001,usable,latest;not point-in-time,
2001-02-28,VIXCLS,2001-01,2001-02-28,1,1,22.02,usable,latest;not point-in-time,
2001-03-30,VIXCLS,2001-02,2001-03-30,1,1,28.350000000000001,usable,latest;not point-in-time,
2001-04-30,VIXCLS,2001-03,2001-04-30,1,1,28.640000000000001,usable,latest;not point-in-time,
2001-05-31,VIXCLS,2001-04,2001-05-31,1,1,25.48,usable,latest;not point-in-time,
2001-06-29,VIXCLS,2001-05,2001-06-29,1,1,22.640000000000001,usable,latest;not point-in-time,
2001-07-31,VIXCLS,2001-06,2001-07-31,1,1,19.059999999999999,usable,latest;not point-in-time,
2001-08-31,VIXCLS,2001-07,2001-08-31,1,1,21.620000000000001,usable,latest;not point-in-time,
2001-09-28,VIXCLS,2001-08,2001-09-28,1,1,24.920000000000002,usable,latest;not point-in-time,
2001-10-31,VIXCLS,2001-09,2001-10-31,1,1,31.93,usable,latest;not point-in-time,
2001-11-30,VIXCLS,2001-10,2001-11-30,1,1,33.560000000000002,usable,latest;not point-in-time,
2001-12-31,VIXCLS,2001-11,2001-12-31,1,1,23.84,usable,latest;not point-in-time,
2002-01-31,VIXCLS,2001-12,2002-01-31,1,1,23.800000000000001,usable,latest;not point-in-time,
2002-02-28,VIXCLS,2002-01,2002-02-28,1,1,21.09,usable,latest;not point-in-time,
2002-03-29,VIXCLS,2002-02,2002-03-29,1,1,21.59,usable,latest;not point-in-time,
2002-04-30,VIXCLS,2002-03,2002-04-30,1,1,17.399999999999999,usable,latest;not point-in-time,
2002-05-31,VIXCLS,2002-04,2002-05-31,1,1,21.91,usable,latest;not point-in-time,
2002-06-28,VIXCLS,2002-05,2002-06-28,1,1,19.98,usable,latest;not point-in-time,
2002-07-31,VIXCLS,2002-06,2002-07-31,1,1,25.399999999999999,usable,latest;not point-in-time,
2002-08-30,VIXCLS,2002-07,2002-08-30,1,1,32.030000000000001,usable,latest;not point-in-time,
2002-09-30,VIXCLS,2002-08,2002-09-30,1,1,32.640000000000001,usable,latest;not point-in-time,
2002-10-31,VIXCLS,2002-09,2002-10-31,1,1,39.689999999999998,usable,latest;not point-in-time,
2002-11-29,VIXCLS,2002-10,2002-11-29,1,1,31.140000000000001,usable,latest;not point-in-time,
2002-12-31,VIXCLS,2002-11,2002-12-31,1,1,27.5,usable,latest;not point-in-time,
2003-01-31,VIXCLS,2002-12,2003-01-31,1,1,28.620000000000001,usable,latest;not point-in-time,
2003-02-28,VIXCLS,2003-01,2003-02-28,1,1,31.170000000000002,usable,latest;not point-in-time,
2003-03-31,VIXCLS,2003-02,2003-03-31,1,1,29.629999999999999,usable,latest;not point-in-time,
2003-04-30,VIXCLS,2003-03,2003-04-30,1,1,29.149999999999999,usable,latest;not point-in-time,
2003-05-30,VIXCLS,2003-04,2003-05-30,1,1,21.210000000000001,usable,latest;not point-in-time,
2003-06-30,VIXCLS,2003-05,2003-06-30,1,1,19.469999999999999,usable,latest;not point-in-time,
2003-07-31,VIXCLS,2003-06,2003-07-31,1,1,19.52,usable,latest;not point-in-time,
2003-08-29,VIXCLS,2003-07,2003-08-29,1,1,19.489999999999998,usable,latest;not point-in-time,
2003-09-30,VIXCLS,2003-08,2003-09-30,1,1,18.629999999999999,usable,latest;not point-in-time,
2003-10-31,VIXCLS,2003-09,2003-10-31,1,1,22.719999999999999,usable,latest;not point-in-time,
2003-11-28,VIXCLS,2003-10,2003-11-28,1,1,16.100000000000001,usable,latest;not point-in-time,
2003-12-31,VIXCLS,2003-11,2003-12-31,1,1,16.32,usable,latest;not point-in-time,
2004-01-30,VIXCLS,2003-12,2004-01-30,1,1,18.309999999999999,usable,latest;not point-in-time,
2004-02-27,VIXCLS,2004-01,2004-02-27,1,1,16.629999999999999,usable,latest;not point-in-time,
2004-03-31,VIXCLS,2004-02,2004-03-31,1,1,14.550000000000001,usable,latest;not point-in-time,
2004-04-30,VIXCLS,2004-03,2004-04-30,1,1,16.739999999999998,usable,latest;not point-in-time,
2004-05-31,VIXCLS,2004-04,2004-05-31,1,1,17.190000000000001,usable,latest;not point-in-time,
2004-06-30,VIXCLS,2004-05,2004-06-30,1,1,15.5,usable,latest;not point-in-time,
2004-07-30,VIXCLS,2004-06,2004-07-30,1,1,14.34,usable,latest;not point-in-time,
2004-08-31,VIXCLS,2004-07,2004-08-31,1,1,15.32,usable,latest;not point-in-time,
2004-09-30,VIXCLS,2004-08,2004-09-30,1,1,15.289999999999999,usable,latest;not point-in-time,
2004-10-29,VIXCLS,2004-09,2004-10-29,1,1,13.34,usable,latest;not point-in-time,
2004-11-30,VIXCLS,2004-10,2004-11-30,1,1,16.27,usable,latest;not point-in-time,
2004-12-31,VIXCLS,2004-11,2004-12-31,1,1,13.24,usable,latest;not point-in-time,
2005-01-31,VIXCLS,2004-12,2005-01-31,1,1,13.289999999999999,usable,latest;not point-in-time,
2005-02-28,VIXCLS,2005-01,2005-02-28,1,1,12.82,usable,latest;not point-in-time,
2005-03-31,VIXCLS,2005-02,2005-03-31,1,1,12.08,usable,latest;not point-in-time,
2005-04-29,VIXCLS,2005-03,2005-04-29,1,1,14.02,usable,latest;not point-in-time,
2005-05-31,VIXCLS,2005-04,2005-05-31,1,1,15.31,usable,latest;not point-in-time,
2005-06-30,VIXCLS,2005-05,2005-06-30,1,1,13.289999999999999,usable,latest;not point-in-time,
2005-07-29,VIXCLS,2005-06,2005-07-29,1,1,12.039999999999999,usable,latest;not point-in-time,
2005-08-31,VIXCLS,2005-07,2005-08-31,1,1,11.57,usable,latest;not point-in-time,
2005-09-30,VIXCLS,2005-08,2005-09-30,1,1,12.6,usable,latest;not point-in-time,
2005-10-31,VIXCLS,2005-09,2005-10-31,1,1,11.92,usable,latest;not point-in-time,
2005-11-30,VIXCLS,2005-10,2005-11-30,1,1,15.32,usable,latest;not point-in-time,
2005-12-30,VIXCLS,2005-11,2005-12-30,1,1,12.06,usable,latest;not point-in-time,
2006-01-31,VIXCLS,2005-12,2006-01-31,1,1,12.07,usable,latest;not point-in-time,
2006-02-28,VIXCLS,2006-01,2006-02-28,1,1,12.949999999999999,usable,latest;not point-in-time,
2006-03-31,VIXCLS,2006-02,2006-03-31,1,1,12.34,usable,latest;not point-in-time,
2006-04-28,VIXCLS,2006-03,2006-04-28,1,1,11.390000000000001,usable,latest;not point-in-time,
2006-05-31,VIXCLS,2006-04,2006-05-31,1,1,11.59,usable,latest;not point-in-time,
2006-06-30,VIXCLS,2006-05,2006-06-30,1,1,16.440000000000001,usable,latest;not point-in-time,
2006-07-31,VIXCLS,2006-06,2006-07-31,1,1,13.08,usable,latest;not point-in-time,
2006-08-31,VIXCLS,2006-07,2006-08-31,1,1,14.949999999999999,usable,latest;not point-in-time,
2006-09-29,VIXCLS,2006-08,2006-09-29,1,1,12.31,usable,latest;not point-in-time,
2006-10-31,VIXCLS,2006-09,2006-10-31,1,1,11.98,usable,latest;not point-in-time,
2006-11-30,VIXCLS,2006-10,2006-11-30,1,1,11.1,usable,latest;not point-in-time,
2006-12-29,VIXCLS,2006-11,2006-12-29,1,1,10.91,usable,latest;not point-in-time,
2007-01-31,VIXCLS,2006-12,2007-01-31,1,1,11.56,usable,latest;not point-in-time,
2007-02-28,VIXCLS,2007-01,2007-02-28,1,1,10.42,usable,latest;not point-in-time,
2007-03-30,VIXCLS,2007-02,2007-03-30,1,1,15.42,usable,latest;not point-in-time,
2007-04-30,VIXCLS,2007-03,2007-04-30,1,1,14.640000000000001,usable,latest;not point-in-time,
2007-05-31,VIXCLS,2007-04,2007-05-31,1,1,14.220000000000001,usable,latest;not point-in-time,
2007-06-29,VIXCLS,2007-05,2007-06-29,1,1,13.050000000000001,usable,latest;not point-in-time,
2007-07-31,VIXCLS,2007-06,2007-07-31,1,1,16.23,usable,latest;not point-in-time,
2007-08-31,VIXCLS,2007-07,2007-08-31,1,1,23.52,usable,latest;not point-in-time,
2007-09-28,VIXCLS,2007-08,2007-09-28,1,1,23.379999999999999,usable,latest;not point-in-time,
2007-10-31,VIXCLS,2007-09,2007-10-31,1,1,18,usable,latest;not point-in-time,
2007-11-30,VIXCLS,2007-10,2007-11-30,1,1,18.530000000000001,usable,latest;not point-in-time,
2007-12-31,VIXCLS,2007-11,2007-12-31,1,1,22.870000000000001,usable,latest;not point-in-time,
2008-01-31,VIXCLS,2007-12,2008-01-31,1,1,22.5,usable,latest;not point-in-time,
2008-02-29,VIXCLS,2008-01,2008-02-29,1,1,26.199999999999999,usable,latest;not point-in-time,
2008-03-31,VIXCLS,2008-02,2008-03-31,1,1,26.539999999999999,usable,latest;not point-in-time,
2008-04-30,VIXCLS,2008-03,2008-04-30,1,1,25.609999999999999,usable,latest;not point-in-time,
2008-05-30,VIXCLS,2008-04,2008-05-30,1,1,20.789999999999999,usable,latest;not point-in-time,
2008-06-30,VIXCLS,2008-05,2008-06-30,1,1,17.829999999999998,usable,latest;not point-in-time,
2008-07-31,VIXCLS,2008-06,2008-07-31,1,1,23.949999999999999,usable,latest;not point-in-time,
2008-08-29,VIXCLS,2008-07,2008-08-29,1,1,22.940000000000001,usable,latest;not point-in-time,
2008-09-30,VIXCLS,2008-08,2008-09-30,1,1,20.649999999999999,usable,latest;not point-in-time,
2008-10-31,VIXCLS,2008-09,2008-10-31,1,1,39.390000000000001,usable,latest;not point-in-time,
2008-11-28,VIXCLS,2008-10,2008-11-28,1,1,59.890000000000001,usable,latest;not point-in-time,
2008-12-31,VIXCLS,2008-11,2008-12-31,1,1,55.840000000000003,usable,latest;not point-in-time,
2009-01-30,VIXCLS,2008-12,2009-01-30,1,1,40,usable,latest;not point-in-time,
2009-02-27,VIXCLS,2009-01,2009-02-27,1,1,44.840000000000003,usable,latest;not point-in-time,
2009-03-31,VIXCLS,2009-02,2009-03-31,1,1,46.350000000000001,usable,latest;not point-in-time,
2009-04-30,VIXCLS,2009-03,2009-04-30,1,1,44.140000000000001,usable,latest;not point-in-time,
2009-05-29,VIXCLS,2009-04,2009-05-29,1,1,36.5,usable,latest;not point-in-time,
2009-06-30,VIXCLS,2009-05,2009-06-30,1,1,28.920000000000002,usable,latest;not point-in-time,
2009-07-31,VIXCLS,2009-06,2009-07-31,1,1,26.350000000000001,usable,latest;not point-in-time,
2009-08-31,VIXCLS,2009-07,2009-08-31,1,1,25.920000000000002,usable,latest;not point-in-time,
2009-09-30,VIXCLS,2009-08,2009-09-30,1,1,26.010000000000002,usable,latest;not point-in-time,
2009-10-30,VIXCLS,2009-09,2009-10-30,1,1,25.609999999999999,usable,latest;not point-in-time,
2009-11-30,VIXCLS,2009-10,2009-11-30,1,1,30.690000000000001,usable,latest;not point-in-time,
2009-12-31,VIXCLS,2009-11,2009-12-31,1,1,24.510000000000002,usable,latest;not point-in-time,
2010-01-29,VIXCLS,2009-12,2010-01-29,1,1,21.68,usable,latest;not point-in-time,
2010-02-26,VIXCLS,2010-01,2010-02-26,1,1,24.620000000000001,usable,latest;not point-in-time,
2010-03-31,VIXCLS,2010-02,2010-03-31,1,1,19.5,usable,latest;not point-in-time,
2010-04-30,VIXCLS,2010-03,2010-04-30,1,1,17.59,usable,latest;not point-in-time,
2010-05-31,VIXCLS,2010-04,2010-05-31,1,1,22.050000000000001,usable,latest;not point-in-time,
2010-06-30,VIXCLS,2010-05,2010-06-30,1,1,32.07,usable,latest;not point-in-time,
2010-07-30,VIXCLS,2010-06,2010-07-30,1,1,34.539999999999999,usable,latest;not point-in-time,
2010-08-31,VIXCLS,2010-07,2010-08-31,1,1,23.5,usable,latest;not point-in-time,
2010-09-30,VIXCLS,2010-08,2010-09-30,1,1,26.050000000000001,usable,latest;not point-in-time,
2010-10-29,VIXCLS,2010-09,2010-10-29,1,1,23.699999999999999,usable,latest;not point-in-time,
2010-11-30,VIXCLS,2010-10,2010-11-30,1,1,21.199999999999999,usable,latest;not point-in-time,
2010-12-31,VIXCLS,2010-11,2010-12-31,1,1,23.539999999999999,usable,latest;not point-in-time,
2011-01-31,VIXCLS,2010-12,2011-01-31,1,1,17.75,usable,latest;not point-in-time,
2011-02-28,VIXCLS,2011-01,2011-02-28,1,1,19.530000000000001,usable,latest;not point-in-time,
2011-03-31,VIXCLS,2011-02,2011-03-31,1,1,18.350000000000001,usable,latest;not point-in-time,
2011-04-29,VIXCLS,2011-03,2011-04-29,1,1,17.739999999999998,usable,latest;not point-in-time,
2011-05-31,VIXCLS,2011-04,2011-05-31,1,1,14.75,usable,latest;not point-in-time,
2011-06-30,VIXCLS,2011-05,2011-06-30,1,1,15.449999999999999,usable,latest;not point-in-time,
2011-07-29,VIXCLS,2011-06,2011-07-29,1,1,16.52,usable,latest;not point-in-time,
2011-08-31,VIXCLS,2011-07,2011-08-31,1,1,25.25,usable,latest;not point-in-time,
2011-09-30,VIXCLS,2011-08,2011-09-30,1,1,31.620000000000001,usable,latest;not point-in-time,
2011-10-31,VIXCLS,2011-09,2011-10-31,1,1,42.960000000000001,usable,latest;not point-in-time,
2011-11-30,VIXCLS,2011-10,2011-11-30,1,1,29.960000000000001,usable,latest;not point-in-time,
2011-12-30,VIXCLS,2011-11,2011-12-30,1,1,27.800000000000001,usable,latest;not point-in-time,
2012-01-31,VIXCLS,2011-12,2012-01-31,1,1,23.399999999999999,usable,latest;not point-in-time,
2012-02-29,VIXCLS,2012-01,2012-02-29,1,1,19.440000000000001,usable,latest;not point-in-time,
2012-03-30,VIXCLS,2012-02,2012-03-30,1,1,18.43,usable,latest;not point-in-time,
2012-04-30,VIXCLS,2012-03,2012-04-30,1,1,15.5,usable,latest;not point-in-time,
2012-05-31,VIXCLS,2012-04,2012-05-31,1,1,17.149999999999999,usable,latest;not point-in-time,
2012-06-29,VIXCLS,2012-05,2012-06-29,1,1,24.059999999999999,usable,latest;not point-in-time,
2012-07-31,VIXCLS,2012-06,2012-07-31,1,1,17.079999999999998,usable,latest;not point-in-time,
2012-08-31,VIXCLS,2012-07,2012-08-31,1,1,18.93,usable,latest;not point-in-time,
2012-09-28,VIXCLS,2012-08,2012-09-28,1,1,17.469999999999999,usable,latest;not point-in-time,
2012-10-31,VIXCLS,2012-09,2012-10-31,1,1,15.73,usable,latest;not point-in-time,
2012-11-30,VIXCLS,2012-10,2012-11-30,1,1,18.600000000000001,usable,latest;not point-in-time,
2012-12-31,VIXCLS,2012-11,2012-12-31,1,1,15.869999999999999,usable,latest;not point-in-time,
2013-01-31,VIXCLS,2012-12,2013-01-31,1,1,18.02,usable,latest;not point-in-time,
2013-02-28,VIXCLS,2013-01,2013-02-28,1,1,14.279999999999999,usable,latest;not point-in-time,
2013-03-29,VIXCLS,2013-02,2013-03-29,1,1,15.51,usable,latest;not point-in-time,
2013-04-30,VIXCLS,2013-03,2013-04-30,1,1,12.699999999999999,usable,latest;not point-in-time,
2013-05-31,VIXCLS,2013-04,2013-05-31,1,1,13.52,usable,latest;not point-in-time,
2013-06-28,VIXCLS,2013-05,2013-06-28,1,1,16.300000000000001,usable,latest;not point-in-time,
2013-07-31,VIXCLS,2013-06,2013-07-31,1,1,16.859999999999999,usable,latest;not point-in-time,
2013-08-30,VIXCLS,2013-07,2013-08-30,1,1,13.449999999999999,usable,latest;not point-in-time,
2013-09-30,VIXCLS,2013-08,2013-09-30,1,1,17.010000000000002,usable,latest;not point-in-time,
2013-10-31,VIXCLS,2013-09,2013-10-31,1,1,16.600000000000001,usable,latest;not point-in-time,
2013-11-29,VIXCLS,2013-10,2013-11-29,1,1,13.75,usable,latest;not point-in-time,
2013-12-31,VIXCLS,2013-11,2013-12-31,1,1,13.699999999999999,usable,latest;not point-in-time,
2014-01-31,VIXCLS,2013-12,2014-01-31,1,1,13.720000000000001,usable,latest;not point-in-time,
2014-02-28,VIXCLS,2014-01,2014-02-28,1,1,18.41,usable,latest;not point-in-time,
2014-03-31,VIXCLS,2014-02,2014-03-31,1,1,14,usable,latest;not point-in-time,
2014-04-30,VIXCLS,2014-03,2014-04-30,1,1,13.880000000000001,usable,latest;not point-in-time,
2014-05-30,VIXCLS,2014-04,2014-05-30,1,1,13.41,usable,latest;not point-in-time,
2014-06-30,VIXCLS,2014-05,2014-06-30,1,1,11.4,usable,latest;not point-in-time,
2014-07-31,VIXCLS,2014-06,2014-07-31,1,1,11.57,usable,latest;not point-in-time,
2014-08-29,VIXCLS,2014-07,2014-08-29,1,1,16.949999999999999,usable,latest;not point-in-time,
2014-09-30,VIXCLS,2014-08,2014-09-30,1,1,11.98,usable,latest;not point-in-time,
2014-10-31,VIXCLS,2014-09,2014-10-31,1,1,16.309999999999999,usable,latest;not point-in-time,
2014-11-28,VIXCLS,2014-10,2014-11-28,1,1,14.029999999999999,usable,latest;not point-in-time,
2014-12-31,VIXCLS,2014-11,2014-12-31,1,1,13.33,usable,latest;not point-in-time,
2015-01-30,VIXCLS,2014-12,2015-01-30,1,1,19.199999999999999,usable,latest;not point-in-time,
2015-02-27,VIXCLS,2015-01,2015-02-27,1,1,20.969999999999999,usable,latest;not point-in-time,
2015-03-31,VIXCLS,2015-02,2015-03-31,1,1,13.34,usable,latest;not point-in-time,
2015-04-30,VIXCLS,2015-03,2015-04-30,1,1,15.289999999999999,usable,latest;not point-in-time,
2015-05-29,VIXCLS,2015-04,2015-05-29,1,1,14.550000000000001,usable,latest;not point-in-time,
2015-06-30,VIXCLS,2015-05,2015-06-30,1,1,13.84,usable,latest;not point-in-time,
2015-07-31,VIXCLS,2015-06,2015-07-31,1,1,18.23,usable,latest;not point-in-time,
2015-08-31,VIXCLS,2015-07,2015-08-31,1,1,12.119999999999999,usable,latest;not point-in-time,
2015-09-30,VIXCLS,2015-08,2015-09-30,1,1,28.43,usable,latest;not point-in-time,
2015-10-30,VIXCLS,2015-09,2015-10-30,1,1,24.5,usable,latest;not point-in-time,
2015-11-30,VIXCLS,2015-10,2015-11-30,1,1,15.07,usable,latest;not point-in-time,
2015-12-31,VIXCLS,2015-11,2015-12-31,1,1,16.129999999999999,usable,latest;not point-in-time,
2016-01-29,VIXCLS,2015-12,2016-01-29,1,1,18.210000000000001,usable,latest;not point-in-time,
2016-02-29,VIXCLS,2016-01,2016-02-29,1,1,20.199999999999999,usable,latest;not point-in-time,
2016-03-31,VIXCLS,2016-02,2016-03-31,1,1,20.550000000000001,usable,latest;not point-in-time,
2016-04-29,VIXCLS,2016-03,2016-04-29,1,1,13.949999999999999,usable,latest;not point-in-time,
2016-05-31,VIXCLS,2016-04,2016-05-31,1,1,15.699999999999999,usable,latest;not point-in-time,
2016-06-30,VIXCLS,2016-05,2016-06-30,1,1,14.19,usable,latest;not point-in-time,
2016-07-29,VIXCLS,2016-06,2016-07-29,1,1,15.630000000000001,usable,latest;not point-in-time,
2016-08-31,VIXCLS,2016-07,2016-08-31,1,1,11.869999999999999,usable,latest;not point-in-time,
2016-09-30,VIXCLS,2016-08,2016-09-30,1,1,13.42,usable,latest;not point-in-time,
2016-10-31,VIXCLS,2016-09,2016-10-31,1,1,13.289999999999999,usable,latest;not point-in-time,
2016-11-30,VIXCLS,2016-10,2016-11-30,1,1,17.059999999999999,usable,latest;not point-in-time,
2016-12-30,VIXCLS,2016-11,2016-12-30,1,1,13.33,usable,latest;not point-in-time,
2017-01-31,VIXCLS,2016-12,2017-01-31,1,1,14.039999999999999,usable,latest;not point-in-time,
2017-02-28,VIXCLS,2017-01,2017-02-28,1,1,11.99,usable,latest;not point-in-time,
2017-03-31,VIXCLS,2017-02,2017-03-31,1,1,12.92,usable,latest;not point-in-time,
2017-04-28,VIXCLS,2017-03,2017-04-28,1,1,12.369999999999999,usable,latest;not point-in-time,
2017-05-31,VIXCLS,2017-04,2017-05-31,1,1,10.82,usable,latest;not point-in-time,
2017-06-30,VIXCLS,2017-05,2017-06-30,1,1,10.41,usable,latest;not point-in-time,
2017-07-31,VIXCLS,2017-06,2017-07-31,1,1,11.18,usable,latest;not point-in-time,
2017-08-31,VIXCLS,2017-07,2017-08-31,1,1,10.26,usable,latest;not point-in-time,
2017-09-29,VIXCLS,2017-08,2017-09-29,1,1,10.59,usable,latest;not point-in-time,
2017-10-31,VIXCLS,2017-09,2017-10-31,1,1,9.5099999999999998,usable,latest;not point-in-time,
2017-11-30,VIXCLS,2017-10,2017-11-30,1,1,10.18,usable,latest;not point-in-time,
2017-12-29,VIXCLS,2017-11,2017-12-29,1,1,11.279999999999999,usable,latest;not point-in-time,
2018-01-31,VIXCLS,2017-12,2018-01-31,1,1,11.039999999999999,usable,latest;not point-in-time,
2018-02-28,VIXCLS,2018-01,2018-02-28,1,1,13.539999999999999,usable,latest;not point-in-time,
2018-03-30,VIXCLS,2018-02,2018-03-30,1,1,19.850000000000001,usable,latest;not point-in-time,
2018-04-30,VIXCLS,2018-03,2018-04-30,1,1,19.969999999999999,usable,latest;not point-in-time,
2018-05-31,VIXCLS,2018-04,2018-05-31,1,1,15.93,usable,latest;not point-in-time,
2018-06-29,VIXCLS,2018-05,2018-06-29,1,1,15.43,usable,latest;not point-in-time,
2018-07-31,VIXCLS,2018-06,2018-07-31,1,1,16.09,usable,latest;not point-in-time,
2018-08-31,VIXCLS,2018-07,2018-08-31,1,1,12.83,usable,latest;not point-in-time,
2018-09-28,VIXCLS,2018-08,2018-09-28,1,1,12.859999999999999,usable,latest;not point-in-time,
2018-10-31,VIXCLS,2018-09,2018-10-31,1,1,12.119999999999999,usable,latest;not point-in-time,
2018-11-30,VIXCLS,2018-10,2018-11-30,1,1,21.23,usable,latest;not point-in-time,
2018-12-31,VIXCLS,2018-11,2018-12-31,1,1,18.07,usable,latest;not point-in-time,
2019-01-31,VIXCLS,2018-12,2019-01-31,1,1,25.420000000000002,usable,latest;not point-in-time,
2019-02-28,VIXCLS,2019-01,2019-02-28,1,1,16.57,usable,latest;not point-in-time,
2019-03-29,VIXCLS,2019-02,2019-03-29,1,1,14.779999999999999,usable,latest;not point-in-time,
2019-04-30,VIXCLS,2019-03,2019-04-30,1,1,13.710000000000001,usable,latest;not point-in-time,
2019-05-31,VIXCLS,2019-04,2019-05-31,1,1,13.119999999999999,usable,latest;not point-in-time,
2019-06-28,VIXCLS,2019-05,2019-06-28,1,1,18.710000000000001,usable,latest;not point-in-time,
2019-07-31,VIXCLS,2019-06,2019-07-31,1,1,15.08,usable,latest;not point-in-time,
2019-08-30,VIXCLS,2019-07,2019-08-30,1,1,16.120000000000001,usable,latest;not point-in-time,
2019-09-30,VIXCLS,2019-08,2019-09-30,1,1,18.98,usable,latest;not point-in-time,
2019-10-31,VIXCLS,2019-09,2019-10-31,1,1,16.239999999999998,usable,latest;not point-in-time,
2019-11-29,VIXCLS,2019-10,2019-11-29,1,1,13.220000000000001,usable,latest;not point-in-time,
2019-12-31,VIXCLS,2019-11,2019-12-31,1,1,12.619999999999999,usable,latest;not point-in-time,
2020-01-31,VIXCLS,2019-12,2020-01-31,1,1,13.779999999999999,usable,latest;not point-in-time,
2020-02-28,VIXCLS,2020-01,2020-02-28,1,1,18.84,usable,latest;not point-in-time,
2020-03-31,VIXCLS,2020-02,2020-03-31,1,1,40.109999999999999,usable,latest;not point-in-time,
2020-04-30,VIXCLS,2020-03,2020-04-30,1,1,53.539999999999999,usable,latest;not point-in-time,
2020-05-29,VIXCLS,2020-04,2020-05-29,1,1,34.149999999999999,usable,latest;not point-in-time,
2020-06-30,VIXCLS,2020-05,2020-06-30,1,1,27.510000000000002,usable,latest;not point-in-time,
2020-07-31,VIXCLS,2020-06,2020-07-31,1,1,30.43,usable,latest;not point-in-time,
2020-08-31,VIXCLS,2020-07,2020-08-31,1,1,24.460000000000001,usable,latest;not point-in-time,
2020-09-30,VIXCLS,2020-08,2020-09-30,1,1,26.41,usable,latest;not point-in-time,
2020-10-30,VIXCLS,2020-09,2020-10-30,1,1,26.370000000000001,usable,latest;not point-in-time,
2020-11-30,VIXCLS,2020-10,2020-11-30,1,1,38.020000000000003,usable,latest;not point-in-time,
2020-12-31,VIXCLS,2020-11,2020-12-31,1,1,20.57,usable,latest;not point-in-time,
2021-01-29,VIXCLS,2020-12,2021-01-29,1,1,22.75,usable,latest;not point-in-time,
2021-02-26,VIXCLS,2021-01,2021-02-26,1,1,33.090000000000003,usable,latest;not point-in-time,
2021-03-31,VIXCLS,2021-02,2021-03-31,1,1,27.949999999999999,usable,latest;not point-in-time,
2021-04-30,VIXCLS,2021-03,2021-04-30,1,1,19.399999999999999,usable,latest;not point-in-time,
2021-05-31,VIXCLS,2021-04,2021-05-31,1,1,18.609999999999999,usable,latest;not point-in-time,
2021-06-30,VIXCLS,2021-05,2021-06-30,1,1,16.760000000000002,usable,latest;not point-in-time,
2021-07-30,VIXCLS,2021-06,2021-07-30,1,1,15.83,usable,latest;not point-in-time,
2021-08-31,VIXCLS,2021-07,2021-08-31,1,1,18.239999999999998,usable,latest;not point-in-time,
2021-09-30,VIXCLS,2021-08,2021-09-30,1,1,16.48,usable,latest;not point-in-time,
2021-10-29,VIXCLS,2021-09,2021-10-29,1,1,23.140000000000001,usable,latest;not point-in-time,
2021-11-30,VIXCLS,2021-10,2021-11-30,1,1,16.260000000000002,usable,latest;not point-in-time,
2021-12-31,VIXCLS,2021-11,2021-12-31,1,1,27.190000000000001,usable,latest;not point-in-time,
2022-01-31,VIXCLS,2021-12,2022-01-31,1,1,17.219999999999999,usable,latest;not point-in-time,
2022-02-28,VIXCLS,2022-01,2022-02-28,1,1,24.829999999999998,usable,latest;not point-in-time,
2022-03-31,VIXCLS,2022-02,2022-03-31,1,1,30.149999999999999,usable,latest;not point-in-time,
2022-04-29,VIXCLS,2022-03,2022-04-29,1,1,20.559999999999999,usable,latest;not point-in-time,
2022-05-31,VIXCLS,2022-04,2022-05-31,1,1,33.399999999999999,usable,latest;not point-in-time,
2022-06-30,VIXCLS,2022-05,2022-06-30,1,1,26.190000000000001,usable,latest;not point-in-time,
2022-07-29,VIXCLS,2022-06,2022-07-29,1,1,28.710000000000001,usable,latest;not point-in-time,
2022-08-31,VIXCLS,2022-07,2022-08-31,1,1,21.329999999999998,usable,latest;not point-in-time,
2022-09-30,VIXCLS,2022-08,2022-09-30,1,1,25.870000000000001,usable,latest;not point-in-time,
2022-10-31,VIXCLS,2022-09,2022-10-31,1,1,31.620000000000001,usable,latest;not point-in-time,
2022-11-30,VIXCLS,2022-10,2022-11-30,1,1,25.879999999999999,usable,latest;not point-in-time,
2022-12-30,VIXCLS,2022-11,2022-12-30,1,1,20.579999999999998,usable,latest;not point-in-time,
2023-01-31,VIXCLS,2022-12,2023-01-31,1,1,21.670000000000002,usable,latest;not point-in-time,
2023-02-28,VIXCLS,2023-01,2023-02-28,1,1,19.399999999999999,usable,latest;not point-in-time,
2023-03-31,VIXCLS,2023-02,2023-03-31,1,1,20.699999999999999,usable,latest;not point-in-time,
2023-04-28,VIXCLS,2023-03,2023-04-28,1,1,18.699999999999999,usable,latest;not point-in-time,
2023-05-31,VIXCLS,2023-04,2023-05-31,1,1,15.779999999999999,usable,latest;not point-in-time,
2023-06-30,VIXCLS,2023-05,2023-06-30,1,1,17.940000000000001,usable,latest;not point-in-time,
2023-07-31,VIXCLS,2023-06,2023-07-31,1,1,13.59,usable,latest;not point-in-time,
2023-08-31,VIXCLS,2023-07,2023-08-31,1,1,13.630000000000001,usable,latest;not point-in-time,
1999-12-31,NFCI,1999-10,1999-12-31,2,1,-0.11,usable,latest;not point-in-time,
2000-01-31,NFCI,1999-11,2000-01-31,2,1,-0.16600000000000001,usable,latest;not point-in-time,
2000-02-29,NFCI,1999-12,2000-02-29,2,1,-0.17100000000000001,usable,latest;not point-in-time,
2000-03-31,NFCI,2000-01,2000-03-31,2,1,-0.20999999999999999,usable,latest;not point-in-time,
2000-04-28,NFCI,2000-02,2000-04-28,2,1,-0.189,usable,latest;not point-in-time,
2000-05-31,NFCI,2000-03,2000-05-31,2,1,-0.086999999999999994,usable,latest;not point-in-time,
2000-06-30,NFCI,2000-04,2000-06-30,2,1,-0.032000000000000001,usable,latest;not point-in-time,
2000-07-31,NFCI,2000-05,2000-07-31,2,1,0.024,usable,latest;not point-in-time,
2000-08-31,NFCI,2000-06,2000-08-31,2,1,-0.001,usable,latest;not point-in-time,
2000-09-29,NFCI,2000-07,2000-09-29,2,1,-0.115,usable,latest;not point-in-time,
2000-10-31,NFCI,2000-08,2000-10-31,2,1,-0.19700000000000001,usable,latest;not point-in-time,
2000-11-30,NFCI,2000-09,2000-11-30,2,1,-0.19600000000000001,usable,latest;not point-in-time,
2000-12-29,NFCI,2000-10,2000-12-29,2,1,-0.16700000000000001,usable,latest;not point-in-time,
2001-01-31,NFCI,2000-11,2001-01-31,2,1,-0.105,usable,latest;not point-in-time,
2001-02-28,NFCI,2000-12,2001-02-28,2,1,-0.088999999999999996,usable,latest;not point-in-time,
2001-03-30,NFCI,2001-01,2001-03-30,2,1,-0.222,usable,latest;not point-in-time,
2001-04-30,NFCI,2001-02,2001-04-30,2,1,-0.27600000000000002,usable,latest;not point-in-time,
2001-05-31,NFCI,2001-03,2001-05-31,2,1,-0.252,usable,latest;not point-in-time,
2001-06-29,NFCI,2001-04,2001-06-29,2,1,-0.33200000000000002,usable,latest;not point-in-time,
2001-07-31,NFCI,2001-05,2001-07-31,2,1,-0.41999999999999998,usable,latest;not point-in-time,
2001-08-31,NFCI,2001-06,2001-08-31,2,1,-0.45700000000000002,usable,latest;not point-in-time,
2001-09-28,NFCI,2001-07,2001-09-28,2,1,-0.496,usable,latest;not point-in-time,
2001-10-31,NFCI,2001-08,2001-10-31,2,1,-0.42799999999999999,usable,latest;not point-in-time,
2001-11-30,NFCI,2001-09,2001-11-30,2,1,-0.33500000000000002,usable,latest;not point-in-time,
2001-12-31,NFCI,2001-10,2001-12-31,2,1,-0.379,usable,latest;not point-in-time,
2002-01-31,NFCI,2001-11,2002-01-31,2,1,-0.37,usable,latest;not point-in-time,
2002-02-28,NFCI,2001-12,2002-02-28,2,1,-0.36699999999999999,usable,latest;not point-in-time,
2002-03-29,NFCI,2002-01,2002-03-29,2,1,-0.45800000000000002,usable,latest;not point-in-time,
2002-04-30,NFCI,2002-02,2002-04-30,2,1,-0.48799999999999999,usable,latest;not point-in-time,
2002-05-31,NFCI,2002-03,2002-05-31,2,1,-0.499,usable,latest;not point-in-time,
2002-06-28,NFCI,2002-04,2002-06-28,2,1,-0.57599999999999996,usable,latest;not point-in-time,
2002-07-31,NFCI,2002-05,2002-07-31,2,1,-0.621,usable,latest;not point-in-time,
2002-08-30,NFCI,2002-06,2002-08-30,2,1,-0.53500000000000003,usable,latest;not point-in-time,
2002-09-30,NFCI,2002-07,2002-09-30,2,1,-0.436,usable,latest;not point-in-time,
2002-10-31,NFCI,2002-08,2002-10-31,2,1,-0.38600000000000001,usable,latest;not point-in-time,
2002-11-29,NFCI,2002-09,2002-11-29,2,1,-0.34999999999999998,usable,latest;not point-in-time,
2002-12-31,NFCI,2002-10,2002-12-31,2,1,-0.38300000000000001,usable,latest;not point-in-time,
2003-01-31,NFCI,2002-11,2003-01-31,2,1,-0.45100000000000001,usable,latest;not point-in-time,
2003-02-28,NFCI,2002-12,2003-02-28,2,1,-0.46800000000000003,usable,latest;not point-in-time,
2003-03-31,NFCI,2003-01,2003-03-31,2,1,-0.52100000000000002,usable,latest;not point-in-time,
2003-04-30,NFCI,2003-02,2003-04-30,2,1,-0.53400000000000003,usable,latest;not point-in-time,
2003-05-30,NFCI,2003-03,2003-05-30,2,1,-0.58499999999999996,usable,latest;not point-in-time,
2003-06-30,NFCI,2003-04,2003-06-30,2,1,-0.67900000000000005,usable,latest;not point-in-time,
2003-07-31,NFCI,2003-05,2003-07-31,2,1,-0.70899999999999996,usable,latest;not point-in-time,
2003-08-29,NFCI,2003-06,2003-08-29,2,1,-0.70999999999999996,usable,latest;not point-in-time,
2003-09-30,NFCI,2003-07,2003-09-30,2,1,-0.70699999999999996,usable,latest;not point-in-time,
2003-10-31,NFCI,2003-08,2003-10-31,2,1,-0.66500000000000004,usable,latest;not point-in-time,
2003-11-28,NFCI,2003-09,2003-11-28,2,1,-0.67800000000000005,usable,latest;not point-in-time,
2003-12-31,NFCI,2003-10,2003-12-31,2,1,-0.71199999999999997,usable,latest;not point-in-time,
2004-01-30,NFCI,2003-11,2004-01-30,2,1,-0.71199999999999997,usable,latest;not point-in-time,
2004-02-27,NFCI,2003-12,2004-02-27,2,1,-0.71999999999999997,usable,latest;not point-in-time,
2004-03-31,NFCI,2004-01,2004-03-31,2,1,-0.78300000000000003,usable,latest;not point-in-time,
2004-04-30,NFCI,2004-02,2004-04-30,2,1,-0.81100000000000005,usable,latest;not point-in-time,
2004-05-31,NFCI,2004-03,2004-05-31,2,1,-0.79900000000000004,usable,latest;not point-in-time,
2004-06-30,NFCI,2004-04,2004-06-30,2,1,-0.73799999999999999,usable,latest;not point-in-time,
2004-07-30,NFCI,2004-05,2004-07-30,2,1,-0.69299999999999995,usable,latest;not point-in-time,
2004-08-31,NFCI,2004-06,2004-08-31,2,1,-0.68400000000000005,usable,latest;not point-in-time,
2004-09-30,NFCI,2004-07,2004-09-30,2,1,-0.69299999999999995,usable,latest;not point-in-time,
2004-10-29,NFCI,2004-08,2004-10-29,2,1,-0.69799999999999995,usable,latest;not point-in-time,
2004-11-30,NFCI,2004-09,2004-11-30,2,1,-0.69699999999999995,usable,latest;not point-in-time,
2004-12-31,NFCI,2004-10,2004-12-31,2,1,-0.70299999999999996,usable,latest;not point-in-time,
2005-01-31,NFCI,2004-11,2005-01-31,2,1,-0.71299999999999997,usable,latest;not point-in-time,
2005-02-28,NFCI,2004-12,2005-02-28,2,1,-0.69499999999999995,usable,latest;not point-in-time,
2005-03-31,NFCI,2005-01,2005-03-31,2,1,-0.70099999999999996,usable,latest;not point-in-time,
2005-04-29,NFCI,2005-02,2005-04-29,2,1,-0.70799999999999996,usable,latest;not point-in-time,
2005-05-31,NFCI,2005-03,2005-05-31,2,1,-0.66300000000000003,usable,latest;not point-in-time,
2005-06-30,NFCI,2005-04,2005-06-30,2,1,-0.60799999999999998,usable,latest;not point-in-time,
2005-07-29,NFCI,2005-05,2005-07-29,2,1,-0.59799999999999998,usable,latest;not point-in-time,
2005-08-31,NFCI,2005-06,2005-08-31,2,1,-0.60199999999999998,usable,latest;not point-in-time,
2005-09-30,NFCI,2005-07,2005-09-30,2,1,-0.61199999999999999,usable,latest;not point-in-time,
2005-10-31,NFCI,2005-08,2005-10-31,2,1,-0.59699999999999998,usable,latest;not point-in-time,
2005-11-30,NFCI,2005-09,2005-11-30,2,1,-0.56599999999999995,usable,latest;not point-in-time,
2005-12-30,NFCI,2005-10,2005-12-30,2,1,-0.58199999999999996,usable,latest;not point-in-time,
2006-01-31,NFCI,2005-11,2006-01-31,2,1,-0.57899999999999996,usable,latest;not point-in-time,
2006-02-28,NFCI,2005-12,2006-02-28,2,1,-0.56200000000000006,usable,latest;not point-in-time,
2006-03-31,NFCI,2006-01,2006-03-31,2,1,-0.60199999999999998,usable,latest;not point-in-time,
2006-04-28,NFCI,2006-02,2006-04-28,2,1,-0.63200000000000001,usable,latest;not point-in-time,
2006-05-31,NFCI,2006-03,2006-05-31,2,1,-0.627,usable,latest;not point-in-time,
2006-06-30,NFCI,2006-04,2006-06-30,2,1,-0.61799999999999999,usable,latest;not point-in-time,
2006-07-31,NFCI,2006-05,2006-07-31,2,1,-0.58099999999999996,usable,latest;not point-in-time,
2006-08-31,NFCI,2006-06,2006-08-31,2,1,-0.52800000000000002,usable,latest;not point-in-time,
2006-09-29,NFCI,2006-07,2006-09-29,2,1,-0.55800000000000005,usable,latest;not point-in-time,
2006-10-31,NFCI,2006-08,2006-10-31,2,1,-0.60199999999999998,usable,latest;not point-in-time,
2006-11-30,NFCI,2006-09,2006-11-30,2,1,-0.60499999999999998,usable,latest;not point-in-time,
2006-12-29,NFCI,2006-10,2006-12-29,2,1,-0.627,usable,latest;not point-in-time,
2007-01-31,NFCI,2006-11,2007-01-31,2,1,-0.626,usable,latest;not point-in-time,
2007-02-28,NFCI,2006-12,2007-02-28,2,1,-0.63200000000000001,usable,latest;not point-in-time,
2007-03-30,NFCI,2007-01,2007-03-30,2,1,-0.67800000000000005,usable,latest;not point-in-time,
2007-04-30,NFCI,2007-02,2007-04-30,2,1,-0.66100000000000003,usable,latest;not point-in-time,
2007-05-31,NFCI,2007-03,2007-05-31,2,1,-0.60499999999999998,usable,latest;not point-in-time,
2007-06-29,NFCI,2007-04,2007-06-29,2,1,-0.58599999999999997,usable,latest;not point-in-time,
2007-07-31,NFCI,2007-05,2007-07-31,2,1,-0.55100000000000005,usable,latest;not point-in-time,
2007-08-31,NFCI,2007-06,2007-08-31,2,1,-0.52200000000000002,usable,latest;not point-in-time,
2007-09-28,NFCI,2007-07,2007-09-28,2,1,-0.28899999999999998,usable,latest;not point-in-time,
2007-10-31,NFCI,2007-08,2007-10-31,2,1,0.20599999999999999,usable,latest;not point-in-time,
2007-11-30,NFCI,2007-09,2007-11-30,2,1,0.078,usable,latest;not point-in-time,
2007-12-31,NFCI,2007-10,2007-12-31,2,1,0.001,usable,latest;not point-in-time,
2008-01-31,NFCI,2007-11,2008-01-31,2,1,0.48199999999999998,usable,latest;not point-in-time,
2008-02-29,NFCI,2007-12,2008-02-29,2,1,0.52500000000000002,usable,latest;not point-in-time,
2008-03-31,NFCI,2008-01,2008-03-31,2,1,0.41499999999999998,usable,latest;not point-in-time,
2008-04-30,NFCI,2008-02,2008-04-30,2,1,0.79100000000000004,usable,latest;not point-in-time,
2008-05-30,NFCI,2008-03,2008-05-30,2,1,0.94999999999999996,usable,latest;not point-in-time,
2008-06-30,NFCI,2008-04,2008-06-30,2,1,0.65500000000000003,usable,latest;not point-in-time,
2008-07-31,NFCI,2008-05,2008-07-31,2,1,0.50900000000000001,usable,latest;not point-in-time,
2008-08-29,NFCI,2008-06,2008-08-29,2,1,0.71699999999999997,usable,latest;not point-in-time,
2008-09-30,NFCI,2008-07,2008-09-30,2,1,0.71799999999999997,usable,latest;not point-in-time,
2008-10-31,NFCI,2008-08,2008-10-31,2,1,0.84599999999999997,usable,latest;not point-in-time,
2008-11-28,NFCI,2008-09,2008-11-28,2,1,1.798,usable,latest;not point-in-time,
2008-12-31,NFCI,2008-10,2008-12-31,2,1,2.8010000000000002,usable,latest;not point-in-time,
2009-01-30,NFCI,2008-11,2009-01-30,2,1,3.0800000000000001,usable,latest;not point-in-time,
2009-02-27,NFCI,2008-12,2009-02-27,2,1,2.726,usable,latest;not point-in-time,
2009-03-31,NFCI,2009-01,2009-03-31,2,1,2.1459999999999999,usable,latest;not point-in-time,
2009-04-30,NFCI,2009-02,2009-04-30,2,1,2.1469999999999998,usable,latest;not point-in-time,
2009-05-29,NFCI,2009-03,2009-05-29,2,1,1.9350000000000001,usable,latest;not point-in-time,
2009-06-30,NFCI,2009-04,2009-06-30,2,1,1.387,usable,latest;not point-in-time,
2009-07-31,NFCI,2009-05,2009-07-31,2,1,0.88300000000000001,usable,latest;not point-in-time,
2009-08-31,NFCI,2009-06,2009-08-31,2,1,0.73199999999999998,usable,latest;not point-in-time,
2009-09-30,NFCI,2009-07,2009-09-30,2,1,0.42399999999999999,usable,latest;not point-in-time,
2009-10-30,NFCI,2009-08,2009-10-30,2,1,0.23699999999999999,usable,latest;not point-in-time,
2009-11-30,NFCI,2009-09,2009-11-30,2,1,0.11,usable,latest;not point-in-time,
2009-12-31,NFCI,2009-10,2009-12-31,2,1,0.028000000000000001,usable,latest;not point-in-time,
2010-01-29,NFCI,2009-11,2010-01-29,2,1,-0.024,usable,latest;not point-in-time,
2010-02-26,NFCI,2009-12,2010-02-26,2,1,-0.14199999999999999,usable,latest;not point-in-time,
2010-03-31,NFCI,2010-01,2010-03-31,2,1,-0.192,usable,latest;not point-in-time,
2010-04-30,NFCI,2010-02,2010-04-30,2,1,-0.23799999999999999,usable,latest;not point-in-time,
2010-05-31,NFCI,2010-03,2010-05-31,2,1,-0.40899999999999997,usable,latest;not point-in-time,
2010-06-30,NFCI,2010-04,2010-06-30,2,1,-0.34399999999999997,usable,latest;not point-in-time,
2010-07-30,NFCI,2010-05,2010-07-30,2,1,-0.065000000000000002,usable,latest;not point-in-time,
2010-08-31,NFCI,2010-06,2010-08-31,2,1,-0.065000000000000002,usable,latest;not point-in-time,
2010-09-30,NFCI,2010-07,2010-09-30,2,1,-0.23899999999999999,usable,latest;not point-in-time,
2010-10-29,NFCI,2010-08,2010-10-29,2,1,-0.26200000000000001,usable,latest;not point-in-time,
2010-11-30,NFCI,2010-09,2010-11-30,2,1,-0.32500000000000001,usable,latest;not point-in-time,
2010-12-31,NFCI,2010-10,2010-12-31,2,1,-0.42499999999999999,usable,latest;not point-in-time,
2011-01-31,NFCI,2010-11,2011-01-31,2,1,-0.443,usable,latest;not point-in-time,
2011-02-28,NFCI,2010-12,2011-02-28,2,1,-0.51500000000000001,usable,latest;not point-in-time,
2011-03-31,NFCI,2011-01,2011-03-31,2,1,-0.58699999999999997,usable,latest;not point-in-time,
2011-04-29,NFCI,2011-02,2011-04-29,2,1,-0.56599999999999995,usable,latest;not point-in-time,
2011-05-31,NFCI,2011-03,2011-05-31,2,1,-0.54200000000000004,usable,latest;not point-in-time,
2011-06-30,NFCI,2011-04,2011-06-30,2,1,-0.59299999999999997,usable,latest;not point-in-time,
2011-07-29,NFCI,2011-05,2011-07-29,2,1,-0.55500000000000005,usable,latest;not point-in-time,
2011-08-31,NFCI,2011-06,2011-08-31,2,1,-0.51400000000000001,usable,latest;not point-in-time,
2011-09-30,NFCI,2011-07,2011-09-30,2,1,-0.38800000000000001,usable,latest;not point-in-time,
2011-10-31,NFCI,2011-08,2011-10-31,2,1,-0.13300000000000001,usable,latest;not point-in-time,
2011-11-30,NFCI,2011-09,2011-11-30,2,1,-0.035000000000000003,usable,latest;not point-in-time,
2011-12-30,NFCI,2011-10,2011-12-30,2,1,-0.099000000000000005,usable,latest;not point-in-time,
2012-01-31,NFCI,2011-11,2012-01-31,2,1,-0.069000000000000006,usable,latest;not point-in-time,
2012-02-29,NFCI,2011-12,2012-02-29,2,1,-0.14599999999999999,usable,latest;not point-in-time,
2012-03-30,NFCI,2012-01,2012-03-30,2,1,-0.31900000000000001,usable,latest;not point-in-time,
2012-04-30,NFCI,2012-02,2012-04-30,2,1,-0.40400000000000003,usable,latest;not point-in-time,
2012-05-31,NFCI,2012-03,2012-05-31,2,1,-0.43099999999999999,usable,latest;not point-in-time,
2012-06-29,NFCI,2012-04,2012-06-29,2,1,-0.374,usable,latest;not point-in-time,
2012-07-31,NFCI,2012-05,2012-07-31,2,1,-0.25900000000000001,usable,latest;not point-in-time,
2012-08-31,NFCI,2012-06,2012-08-31,2,1,-0.27300000000000002,usable,latest;not point-in-time,
2012-09-28,NFCI,2012-07,2012-09-28,2,1,-0.36499999999999999,usable,latest;not point-in-time,
2012-10-31,NFCI,2012-08,2012-10-31,2,1,-0.45900000000000002,usable,latest;not point-in-time,
2012-11-30,NFCI,2012-09,2012-11-30,2,1,-0.52600000000000002,usable,latest;not point-in-time,
2012-12-31,NFCI,2012-10,2012-12-31,2,1,-0.54800000000000004,usable,latest;not point-in-time,
2013-01-31,NFCI,2012-11,2013-01-31,2,1,-0.55300000000000005,usable,latest;not point-in-time,
2013-02-28,NFCI,2012-12,2013-02-28,2,1,-0.59799999999999998,usable,latest;not point-in-time,
2013-03-29,NFCI,2013-01,2013-03-29,2,1,-0.64100000000000001,usable,latest;not point-in-time,
2013-04-30,NFCI,2013-02,2013-04-30,2,1,-0.64800000000000002,usable,latest;not point-in-time,
2013-05-31,NFCI,2013-03,2013-05-31,2,1,-0.66100000000000003,usable,latest;not point-in-time,
2013-06-28,NFCI,2013-04,2013-06-28,2,1,-0.70099999999999996,usable,latest;not point-in-time,
2013-07-31,NFCI,2013-05,2013-07-31,2,1,-0.68700000000000006,usable,latest;not point-in-time,
2013-08-30,NFCI,2013-06,2013-08-30,2,1,-0.627,usable,latest;not point-in-time,
2013-09-30,NFCI,2013-07,2013-09-30,2,1,-0.65700000000000003,usable,latest;not point-in-time,
2013-10-31,NFCI,2013-08,2013-10-31,2,1,-0.66200000000000003,usable,latest;not point-in-time,
2013-11-29,NFCI,2013-09,2013-11-29,2,1,-0.67400000000000004,usable,latest;not point-in-time,
2013-12-31,NFCI,2013-10,2013-12-31,2,1,-0.72299999999999998,usable,latest;not point-in-time,
2014-01-31,NFCI,2013-11,2014-01-31,2,1,-0.76700000000000002,usable,latest;not point-in-time,
2014-02-28,NFCI,2013-12,2014-02-28,2,1,-0.77500000000000002,usable,latest;not point-in-time,
2014-03-31,NFCI,2014-01,2014-03-31,2,1,-0.76100000000000001,usable,latest;not point-in-time,
2014-04-30,NFCI,2014-02,2014-04-30,2,1,-0.77400000000000002,usable,latest;not point-in-time,
2014-05-30,NFCI,2014-03,2014-05-30,2,1,-0.77300000000000002,usable,latest;not point-in-time,
2014-06-30,NFCI,2014-04,2014-06-30,2,1,-0.76600000000000001,usable,latest;not point-in-time,
2014-07-31,NFCI,2014-05,2014-07-31,2,1,-0.78700000000000003,usable,latest;not point-in-time,
2014-08-29,NFCI,2014-06,2014-08-29,2,1,-0.78000000000000003,usable,latest;not point-in-time,
2014-09-30,NFCI,2014-07,2014-09-30,2,1,-0.73599999999999999,usable,latest;not point-in-time,
2014-10-31,NFCI,2014-08,2014-10-31,2,1,-0.71899999999999997,usable,latest;not point-in-time,
2014-11-28,NFCI,2014-09,2014-11-28,2,1,-0.67100000000000004,usable,latest;not point-in-time,
2014-12-31,NFCI,2014-10,2014-12-31,2,1,-0.64200000000000002,usable,latest;not point-in-time,
2015-01-30,NFCI,2014-11,2015-01-30,2,1,-0.64700000000000002,usable,latest;not point-in-time,
2015-02-27,NFCI,2014-12,2015-02-27,2,1,-0.57099999999999995,usable,latest;not point-in-time,
2015-03-31,NFCI,2015-01,2015-03-31,2,1,-0.504,usable,latest;not point-in-time,
2015-04-30,NFCI,2015-02,2015-04-30,2,1,-0.52300000000000002,usable,latest;not point-in-time,
2015-05-29,NFCI,2015-03,2015-05-29,2,1,-0.53700000000000003,usable,latest;not point-in-time,
2015-06-30,NFCI,2015-04,2015-06-30,2,1,-0.54300000000000004,usable,latest;not point-in-time,
2015-07-31,NFCI,2015-05,2015-07-31,2,1,-0.54400000000000004,usable,latest;not point-in-time,
2015-08-31,NFCI,2015-06,2015-08-31,2,1,-0.53800000000000003,usable,latest;not point-in-time,
2015-09-30,NFCI,2015-07,2015-09-30,2,1,-0.498,usable,latest;not point-in-time,
2015-10-30,NFCI,2015-08,2015-10-30,2,1,-0.41599999999999998,usable,latest;not point-in-time,
2015-11-30,NFCI,2015-09,2015-11-30,2,1,-0.40300000000000002,usable,latest;not point-in-time,
2015-12-31,NFCI,2015-10,2015-12-31,2,1,-0.46400000000000002,usable,latest;not point-in-time,
2016-01-29,NFCI,2015-11,2016-01-29,2,1,-0.441,usable,latest;not point-in-time,
2016-02-29,NFCI,2015-12,2016-02-29,2,1,-0.35999999999999999,usable,latest;not point-in-time,
2016-03-31,NFCI,2016-01,2016-03-31,2,1,-0.29699999999999999,usable,latest;not point-in-time,
2016-04-29,NFCI,2016-02,2016-04-29,2,1,-0.315,usable,latest;not point-in-time,
2016-05-31,NFCI,2016-03,2016-05-31,2,1,-0.36799999999999999,usable,latest;not point-in-time,
2016-06-30,NFCI,2016-04,2016-06-30,2,1,-0.38300000000000001,usable,latest;not point-in-time,
2016-07-29,NFCI,2016-05,2016-07-29,2,1,-0.372,usable,latest;not point-in-time,
2016-08-31,NFCI,2016-06,2016-08-31,2,1,-0.34499999999999997,usable,latest;not point-in-time,
2016-09-30,NFCI,2016-07,2016-09-30,2,1,-0.35599999999999998,usable,latest;not point-in-time,
2016-10-31,NFCI,2016-08,2016-10-31,2,1,-0.35099999999999998,usable,latest;not point-in-time,
2016-11-30,NFCI,2016-09,2016-11-30,2,1,-0.33600000000000002,usable,latest;not point-in-time,
2016-12-30,NFCI,2016-10,2016-12-30,2,1,-0.377,usable,latest;not point-in-time,
2017-01-31,NFCI,2016-11,2017-01-31,2,1,-0.42699999999999999,usable,latest;not point-in-time,
2017-02-28,NFCI,2016-12,2017-02-28,2,1,-0.46400000000000002,usable,latest;not point-in-time,
2017-03-31,NFCI,2017-01,2017-03-31,2,1,-0.48399999999999999,usable,latest;not point-in-time,
2017-04-28,NFCI,2017-02,2017-04-28,2,1,-0.48499999999999999,usable,latest;not point-in-time,
2017-05-31,NFCI,2017-03,2017-05-31,2,1,-0.47799999999999998,usable,latest;not point-in-time,
2017-06-30,NFCI,2017-04,2017-06-30,2,1,-0.505,usable,latest;not point-in-time,
2017-07-31,NFCI,2017-05,2017-07-31,2,1,-0.54400000000000004,usable,latest;not point-in-time,
2017-08-31,NFCI,2017-06,2017-08-31,2,1,-0.56799999999999995,usable,latest;not point-in-time,
2017-09-29,NFCI,2017-07,2017-09-29,2,1,-0.57499999999999996,usable,latest;not point-in-time,
2017-10-31,NFCI,2017-08,2017-10-31,2,1,-0.55800000000000005,usable,latest;not point-in-time,
2017-11-30,NFCI,2017-09,2017-11-30,2,1,-0.56699999999999995,usable,latest;not point-in-time,
2017-12-29,NFCI,2017-10,2017-12-29,2,1,-0.59299999999999997,usable,latest;not point-in-time,
2018-01-31,NFCI,2017-11,2018-01-31,2,1,-0.60199999999999998,usable,latest;not point-in-time,
2018-02-28,NFCI,2017-12,2018-02-28,2,1,-0.61399999999999999,usable,latest;not point-in-time,
2018-03-30,NFCI,2018-01,2018-03-30,2,1,-0.60499999999999998,usable,latest;not point-in-time,
2018-04-30,NFCI,2018-02,2018-04-30,2,1,-0.54300000000000004,usable,latest;not point-in-time,
2018-05-31,NFCI,2018-03,2018-05-31,2,1,-0.496,usable,latest;not point-in-time,
2018-06-29,NFCI,2018-04,2018-06-29,2,1,-0.53800000000000003,usable,latest;not point-in-time,
2018-07-31,NFCI,2018-05,2018-07-31,2,1,-0.56399999999999995,usable,latest;not point-in-time,
2018-08-31,NFCI,2018-06,2018-08-31,2,1,-0.53800000000000003,usable,latest;not point-in-time,
2018-09-28,NFCI,2018-07,2018-09-28,2,1,-0.56100000000000005,usable,latest;not point-in-time,
2018-10-31,NFCI,2018-08,2018-10-31,2,1,-0.59599999999999997,usable,latest;not point-in-time,
2018-11-30,NFCI,2018-09,2018-11-30,2,1,-0.59199999999999997,usable,latest;not point-in-time,
2018-12-31,NFCI,2018-10,2018-12-31,2,1,-0.55100000000000005,usable,latest;not point-in-time,
2019-01-31,NFCI,2018-11,2019-01-31,2,1,-0.46000000000000002,usable,latest;not point-in-time,
2019-02-28,NFCI,2018-12,2019-02-28,2,1,-0.42599999999999999,usable,latest;not point-in-time,
2019-03-29,NFCI,2019-01,2019-03-29,2,1,-0.50600000000000001,usable,latest;not point-in-time,
2019-04-30,NFCI,2019-02,2019-04-30,2,1,-0.57999999999999996,usable,latest;not point-in-time,
2019-05-31,NFCI,2019-03,2019-05-31,2,1,-0.60499999999999998,usable,latest;not point-in-time,
2019-06-28,NFCI,2019-04,2019-06-28,2,1,-0.61299999999999999,usable,latest;not point-in-time,
2019-07-31,NFCI,2019-05,2019-07-31,2,1,-0.57999999999999996,usable,latest;not point-in-time,
2019-08-30,NFCI,2019-06,2019-08-30,2,1,-0.57399999999999995,usable,latest;not point-in-time,
2019-09-30,NFCI,2019-07,2019-09-30,2,1,-0.57599999999999996,usable,latest;not point-in-time,
2019-10-31,NFCI,2019-08,2019-10-31,2,1,-0.52600000000000002,usable,latest;not point-in-time,
2019-11-29,NFCI,2019-09,2019-11-29,2,1,-0.51000000000000001,usable,latest;not point-in-time,
2019-12-31,NFCI,2019-10,2019-12-31,2,1,-0.54900000000000004,usable,latest;not point-in-time,
2020-01-31,NFCI,2019-11,2020-01-31,2,1,-0.56899999999999995,usable,latest;not point-in-time,
2020-02-28,NFCI,2019-12,2020-02-28,2,1,-0.55300000000000005,usable,latest;not point-in-time,
2020-03-31,NFCI,2020-01,2020-03-31,2,1,-0.62,usable,latest;not point-in-time,
2020-04-30,NFCI,2020-02,2020-04-30,2,1,-0.29499999999999998,usable,latest;not point-in-time,
2020-05-29,NFCI,2020-03,2020-05-29,2,1,0.26600000000000001,usable,latest;not point-in-time,
2020-06-30,NFCI,2020-04,2020-06-30,2,1,0.158,usable,latest;not point-in-time,
2020-07-31,NFCI,2020-05,2020-07-31,2,1,-0.26900000000000002,usable,latest;not point-in-time,
2020-08-31,NFCI,2020-06,2020-08-31,2,1,-0.38500000000000001,usable,latest;not point-in-time,
2020-09-30,NFCI,2020-07,2020-09-30,2,1,-0.47499999999999998,usable,latest;not point-in-time,
2020-10-30,NFCI,2020-08,2020-10-30,2,1,-0.50700000000000001,usable,latest;not point-in-time,
2020-11-30,NFCI,2020-09,2020-11-30,2,1,-0.49199999999999999,usable,latest;not point-in-time,
2020-12-31,NFCI,2020-10,2020-12-31,2,1,-0.50700000000000001,usable,latest;not point-in-time,
2021-01-29,NFCI,2020-11,2021-01-29,2,1,-0.56699999999999995,usable,latest;not point-in-time,
2021-02-26,NFCI,2020-12,2021-02-26,2,1,-0.60399999999999998,usable,latest;not point-in-time,
2021-03-31,NFCI,2021-01,2021-03-31,2,1,-0.61799999999999999,usable,latest;not point-in-time,
2021-04-30,NFCI,2021-02,2021-04-30,2,1,-0.626,usable,latest;not point-in-time,
2021-05-31,NFCI,2021-03,2021-05-31,2,1,-0.64800000000000002,usable,latest;not point-in-time,
2021-06-30,NFCI,2021-04,2021-06-30,2,1,-0.68100000000000005,usable,latest;not point-in-time,
2021-07-30,NFCI,2021-05,2021-07-30,2,1,-0.69399999999999995,usable,latest;not point-in-time,
2021-08-31,NFCI,2021-06,2021-08-31,2,1,-0.68700000000000006,usable,latest;not point-in-time,
2021-09-30,NFCI,2021-07,2021-09-30,2,1,-0.65500000000000003,usable,latest;not point-in-time,
2021-10-29,NFCI,2021-08,2021-10-29,2,1,-0.64700000000000002,usable,latest;not point-in-time,
2021-11-30,NFCI,2021-09,2021-11-30,2,1,-0.65400000000000003,usable,latest;not point-in-time,
2021-12-31,NFCI,2021-10,2021-12-31,2,1,-0.622,usable,latest;not point-in-time,
2022-01-31,NFCI,2021-11,2022-01-31,2,1,-0.55200000000000005,usable,latest;not point-in-time,
2022-02-28,NFCI,2021-12,2022-02-28,2,1,-0.55600000000000005,usable,latest;not point-in-time,
2022-03-31,NFCI,2022-01,2022-03-31,2,1,-0.54200000000000004,usable,latest;not point-in-time,
2022-04-29,NFCI,2022-02,2022-04-29,2,1,-0.439,usable,latest;not point-in-time,
2022-05-31,NFCI,2022-03,2022-05-31,2,1,-0.373,usable,latest;not point-in-time,
2022-06-30,NFCI,2022-04,2022-06-30,2,1,-0.33600000000000002,usable,latest;not point-in-time,
2022-07-29,NFCI,2022-05,2022-07-29,2,1,-0.25900000000000001,usable,latest;not point-in-time,
2022-08-31,NFCI,2022-06,2022-08-31,2,1,-0.17199999999999999,usable,latest;not point-in-time,
2022-09-30,NFCI,2022-07,2022-09-30,2,1,-0.219,usable,latest;not point-in-time,
2022-10-31,NFCI,2022-08,2022-10-31,2,1,-0.22500000000000001,usable,latest;not point-in-time,
2022-11-30,NFCI,2022-09,2022-11-30,2,1,-0.107,usable,latest;not point-in-time,
2022-12-30,NFCI,2022-10,2022-12-30,2,1,-0.125,usable,latest;not point-in-time,
2023-01-31,NFCI,2022-11,2023-01-31,2,1,-0.17999999999999999,usable,latest;not point-in-time,
2023-02-28,NFCI,2022-12,2023-02-28,2,1,-0.223,usable,latest;not point-in-time,
2023-03-31,NFCI,2023-01,2023-03-31,2,1,-0.307,usable,latest;not point-in-time,
2023-04-28,NFCI,2023-02,2023-04-28,2,1,-0.27000000000000002,usable,latest;not point-in-time,
2023-05-31,NFCI,2023-03,2023-05-31,2,1,-0.152,usable,latest;not point-in-time,
2023-06-30,NFCI,2023-04,2023-06-30,2,1,-0.19,usable,latest;not point-in-time,
2023-07-31,NFCI,2023-05,2023-07-31,2,1,-0.21299999999999999,usable,latest;not point-in-time,
2023-08-31,NFCI,2023-06,2023-08-31,2,1,-0.22800000000000001,usable,latest;not point-in-time,
1999-12-31,BAMLH0A0HYM2,1999-11,1999-12-31,1,1,4.9100000000000001,usable,latest;not point-in-time,
2000-01-31,BAMLH0A0HYM2,1999-12,2000-01-31,1,1,4.7599999999999998,usable,latest;not point-in-time,
2000-02-29,BAMLH0A0HYM2,2000-01,2000-02-29,1,1,4.8700000000000001,usable,latest;not point-in-time,
2000-03-31,BAMLH0A0HYM2,2000-02,2000-03-31,1,1,5.0800000000000001,usable,latest;not point-in-time,
2000-04-28,BAMLH0A0HYM2,2000-03,2000-04-28,1,1,5.75,usable,latest;not point-in-time,
2000-05-31,BAMLH0A0HYM2,2000-04,2000-05-31,1,1,5.8799999999999999,usable,latest;not point-in-time,
2000-06-30,BAMLH0A0HYM2,2000-05,2000-06-30,1,1,6.1600000000000001,usable,latest;not point-in-time,
2000-07-31,BAMLH0A0HYM2,2000-06,2000-07-31,1,1,6.1699999999999999,usable,latest;not point-in-time,
2000-08-31,BAMLH0A0HYM2,2000-07,2000-08-31,1,1,6.2599999999999998,usable,latest;not point-in-time,
2000-09-29,BAMLH0A0HYM2,2000-08,2000-09-29,1,1,6.4299999999999997,usable,latest;not point-in-time,
2000-10-31,BAMLH0A0HYM2,2000-09,2000-10-31,1,1,6.7699999999999996,usable,latest;not point-in-time,
2000-11-30,BAMLH0A0HYM2,2000-10,2000-11-30,1,1,7.79,usable,latest;not point-in-time,
2000-12-29,BAMLH0A0HYM2,2000-11,2000-12-29,1,1,9.0600000000000005,usable,latest;not point-in-time,
2001-01-31,BAMLH0A0HYM2,2000-12,2001-01-31,1,1,9.1600000000000001,usable,latest;not point-in-time,
2001-02-28,BAMLH0A0HYM2,2001-01,2001-02-28,1,1,7.8700000000000001,usable,latest;not point-in-time,
2001-03-30,BAMLH0A0HYM2,2001-02,2001-03-30,1,1,7.7000000000000002,usable,latest;not point-in-time,
2001-04-30,BAMLH0A0HYM2,2001-03,2001-04-30,1,1,8.1799999999999997,usable,latest;not point-in-time,
2001-05-31,BAMLH0A0HYM2,2001-04,2001-05-31,1,1,8.0600000000000005,usable,latest;not point-in-time,
2001-06-29,BAMLH0A0HYM2,2001-05,2001-06-29,1,1,7.6799999999999997,usable,latest;not point-in-time,
2001-07-31,BAMLH0A0HYM2,2001-06,2001-07-31,1,1,8.1600000000000001,usable,latest;not point-in-time,
2001-08-31,BAMLH0A0HYM2,2001-07,2001-08-31,1,1,8.2699999999999996,usable,latest;not point-in-time,
2001-09-28,BAMLH0A0HYM2,2001-08,2001-09-28,1,1,8.0500000000000007,usable,latest;not point-in-time,
2001-10-31,BAMLH0A0HYM2,2001-09,2001-10-31,1,1,10.18,usable,latest;not point-in-time,
2001-11-30,BAMLH0A0HYM2,2001-10,2001-11-30,1,1,9.6099999999999994,usable,latest;not point-in-time,
2001-12-31,BAMLH0A0HYM2,2001-11,2001-12-31,1,1,8.3900000000000006,usable,latest;not point-in-time,
2002-01-31,BAMLH0A0HYM2,2001-12,2002-01-31,1,1,8.2400000000000002,usable,latest;not point-in-time,
2002-02-28,BAMLH0A0HYM2,2002-01,2002-02-28,1,1,7.8899999999999997,usable,latest;not point-in-time,
2002-03-29,BAMLH0A0HYM2,2002-02,2002-03-29,1,1,8.1899999999999995,usable,latest;not point-in-time,
2002-04-30,BAMLH0A0HYM2,2002-03,2002-04-30,1,1,7.0800000000000001,usable,latest;not point-in-time,
2002-05-31,BAMLH0A0HYM2,2002-04,2002-05-31,1,1,6.8799999999999999,usable,latest;not point-in-time,
2002-06-28,BAMLH0A0HYM2,2002-05,2002-06-28,1,1,7.2800000000000002,usable,latest;not point-in-time,
2002-07-31,BAMLH0A0HYM2,2002-06,2002-07-31,1,1,8.75,usable,latest;not point-in-time,
2002-08-30,BAMLH0A0HYM2,2002-07,2002-08-30,1,1,9.7100000000000009,usable,latest;not point-in-time,
2002-09-30,BAMLH0A0HYM2,2002-08,2002-09-30,1,1,9.6099999999999994,usable,latest;not point-in-time,
2002-10-31,BAMLH0A0HYM2,2002-09,2002-10-31,1,1,10.33,usable,latest;not point-in-time,
2002-11-29,BAMLH0A0HYM2,2002-10,2002-11-29,1,1,10.59,usable,latest;not point-in-time,
2002-12-31,BAMLH0A0HYM2,2002-11,2002-12-31,1,1,8.8300000000000001,usable,latest;not point-in-time,
2003-01-31,BAMLH0A0HYM2,2002-12,2003-01-31,1,1,8.9000000000000004,usable,latest;not point-in-time,
2003-02-28,BAMLH0A0HYM2,2003-01,2003-02-28,1,1,8.2899999999999991,usable,latest;not point-in-time,
2003-03-31,BAMLH0A0HYM2,2003-02,2003-03-31,1,1,8.3800000000000008,usable,latest;not point-in-time,
2003-04-30,BAMLH0A0HYM2,2003-03,2003-04-30,1,1,7.7199999999999998,usable,latest;not point-in-time,
2003-05-30,BAMLH0A0HYM2,2003-04,2003-05-30,1,1,6.4400000000000004,usable,latest;not point-in-time,
2003-06-30,BAMLH0A0HYM2,2003-05,2003-06-30,1,1,6.79,usable,latest;not point-in-time,
2003-07-31,BAMLH0A0HYM2,2003-06,2003-07-31,1,1,6.1299999999999999,usable,latest;not point-in-time,
2003-08-29,BAMLH0A0HYM2,2003-07,2003-08-29,1,1,5.6699999999999999,usable,latest;not point-in-time,
2003-09-30,BAMLH0A0HYM2,2003-08,2003-09-30,1,1,5.46,usable,latest;not point-in-time,
2003-10-31,BAMLH0A0HYM2,2003-09,2003-10-31,1,1,5.5099999999999998,usable,latest;not point-in-time,
2003-11-28,BAMLH0A0HYM2,2003-10,2003-11-28,1,1,4.7300000000000004,usable,latest;not point-in-time,
2003-12-31,BAMLH0A0HYM2,2003-11,2003-12-31,1,1,4.4800000000000004,usable,latest;not point-in-time,
2004-01-30,BAMLH0A0HYM2,2003-12,2004-01-30,1,1,4.1799999999999997,usable,latest;not point-in-time,
2004-02-27,BAMLH0A0HYM2,2004-01,2004-02-27,1,1,4.0499999999999998,usable,latest;not point-in-time,
2004-03-31,BAMLH0A0HYM2,2004-02,2004-03-31,1,1,4.3399999999999999,usable,latest;not point-in-time,
2004-04-30,BAMLH0A0HYM2,2004-03,2004-04-30,1,1,4.4100000000000001,usable,latest;not point-in-time,
2004-05-31,BAMLH0A0HYM2,2004-04,2004-05-31,1,1,3.9100000000000001,usable,latest;not point-in-time,
2004-06-30,BAMLH0A0HYM2,2004-05,2004-06-30,1,1,4.2800000000000002,usable,latest;not point-in-time,
2004-07-30,BAMLH0A0HYM2,2004-06,2004-07-30,1,1,4.0999999999999996,usable,latest;not point-in-time,
2004-08-31,BAMLH0A0HYM2,2004-07,2004-08-31,1,1,4.0199999999999996,usable,latest;not point-in-time,
2004-09-30,BAMLH0A0HYM2,2004-08,2004-09-30,1,1,4.0599999999999996,usable,latest;not point-in-time,
2004-10-29,BAMLH0A0HYM2,2004-09,2004-10-29,1,1,3.8300000000000001,usable,latest;not point-in-time,
2004-11-30,BAMLH0A0HYM2,2004-10,2004-11-30,1,1,3.6299999999999999,usable,latest;not point-in-time,
2004-12-31,BAMLH0A0HYM2,2004-11,2004-12-31,1,1,3.1699999999999999,usable,latest;not point-in-time,
2005-01-31,BAMLH0A0HYM2,2004-12,2005-01-31,1,1,3.1000000000000001,usable,latest;not point-in-time,
2005-02-28,BAMLH0A0HYM2,2005-01,2005-02-28,1,1,3.29,usable,latest;not point-in-time,
2005-03-31,BAMLH0A0HYM2,2005-02,2005-03-31,1,1,2.8300000000000001,usable,latest;not point-in-time,
2005-04-29,BAMLH0A0HYM2,2005-03,2005-04-29,1,1,3.52,usable,latest;not point-in-time,
2005-05-31,BAMLH0A0HYM2,2005-04,2005-05-31,1,1,4.1900000000000004,usable,latest;not point-in-time,
2005-06-30,BAMLH0A0HYM2,2005-05,2005-06-30,1,1,4.1299999999999999,usable,latest;not point-in-time,
2005-07-29,BAMLH0A0HYM2,2005-06,2005-07-29,1,1,3.8500000000000001,usable,latest;not point-in-time,
2005-08-31,BAMLH0A0HYM2,2005-07,2005-08-31,1,1,3.2999999999999998,usable,latest;not point-in-time,
2005-09-30,BAMLH0A0HYM2,2005-08,2005-09-30,1,1,3.6600000000000001,usable,latest;not point-in-time,
2005-10-31,BAMLH0A0HYM2,2005-09,2005-10-31,1,1,3.54,usable,latest;not point-in-time,
2005-11-30,BAMLH0A0HYM2,2005-10,2005-11-30,1,1,3.6099999999999999,usable,latest;not point-in-time,
2005-12-30,BAMLH0A0HYM2,2005-11,2005-12-30,1,1,3.6699999999999999,usable,latest;not point-in-time,
2006-01-31,BAMLH0A0HYM2,2005-12,2006-01-31,1,1,3.71,usable,latest;not point-in-time,
2006-02-28,BAMLH0A0HYM2,2006-01,2006-02-28,1,1,3.4199999999999999,usable,latest;not point-in-time,
2006-03-31,BAMLH0A0HYM2,2006-02,2006-03-31,1,1,3.3700000000000001,usable,latest;not point-in-time,
2006-04-28,BAMLH0A0HYM2,2006-03,2006-04-28,1,1,3.1299999999999999,usable,latest;not point-in-time,
2006-05-31,BAMLH0A0HYM2,2006-04,2006-05-31,1,1,3.04,usable,latest;not point-in-time,
2006-06-30,BAMLH0A0HYM2,2006-05,2006-06-30,1,1,3.1200000000000001,usable,latest;not point-in-time,
2006-07-31,BAMLH0A0HYM2,2006-06,2006-07-31,1,1,3.3500000000000001,usable,latest;not point-in-time,
2006-08-31,BAMLH0A0HYM2,2006-07,2006-08-31,1,1,3.4500000000000002,usable,latest;not point-in-time,
2006-09-29,BAMLH0A0HYM2,2006-08,2006-09-29,1,1,3.4900000000000002,usable,latest;not point-in-time,
2006-10-31,BAMLH0A0HYM2,2006-09,2006-10-31,1,1,3.4399999999999999,usable,latest;not point-in-time,
2006-11-30,BAMLH0A0HYM2,2006-10,2006-11-30,1,1,3.29,usable,latest;not point-in-time,
2006-12-29,BAMLH0A0HYM2,2006-11,2006-12-29,1,1,3.2000000000000002,usable,latest;not point-in-time,
2007-01-31,BAMLH0A0HYM2,2006-12,2007-01-31,1,1,2.8900000000000001,usable,latest;not point-in-time,
2007-02-28,BAMLH0A0HYM2,2007-01,2007-02-28,1,1,2.7200000000000002,usable,latest;not point-in-time,
2007-03-30,BAMLH0A0HYM2,2007-02,2007-03-30,1,1,2.8199999999999998,usable,latest;not point-in-time,
2007-04-30,BAMLH0A0HYM2,2007-03,2007-04-30,1,1,2.8500000000000001,usable,latest;not point-in-time,
2007-05-31,BAMLH0A0HYM2,2007-04,2007-05-31,1,1,2.7400000000000002,usable,latest;not point-in-time,
2007-06-29,BAMLH0A0HYM2,2007-05,2007-06-29,1,1,2.46,usable,latest;not point-in-time,
2007-07-31,BAMLH0A0HYM2,2007-06,2007-07-31,1,1,2.98,usable,latest;not point-in-time,
2007-08-31,BAMLH0A0HYM2,2007-07,2007-08-31,1,1,4.1900000000000004,usable,latest;not point-in-time,
2007-09-28,BAMLH0A0HYM2,2007-08,2007-09-28,1,1,4.5499999999999998,usable,latest;not point-in-time,
2007-10-31,BAMLH0A0HYM2,2007-09,2007-10-31,1,1,4.2000000000000002,usable,latest;not point-in-time,
2007-11-30,BAMLH0A0HYM2,2007-10,2007-11-30,1,1,4.3600000000000003,usable,latest;not point-in-time,
2007-12-31,BAMLH0A0HYM2,2007-11,2007-12-31,1,1,5.75,usable,latest;not point-in-time,
2008-01-31,BAMLH0A0HYM2,2007-12,2008-01-31,1,1,5.9199999999999999,usable,latest;not point-in-time,
2008-02-29,BAMLH0A0HYM2,2008-01,2008-02-29,1,1,6.9500000000000002,usable,latest;not point-in-time,
2008-03-31,BAMLH0A0HYM2,2008-02,2008-03-31,1,1,7.6699999999999999,usable,latest;not point-in-time,
2008-04-30,BAMLH0A0HYM2,2008-03,2008-04-30,1,1,8.2100000000000009,usable,latest;not point-in-time,
2008-05-30,BAMLH0A0HYM2,2008-04,2008-05-30,1,1,6.8600000000000003,usable,latest;not point-in-time,
2008-06-30,BAMLH0A0HYM2,2008-05,2008-06-30,1,1,6.5700000000000003,usable,latest;not point-in-time,
2008-07-31,BAMLH0A0HYM2,2008-06,2008-07-31,1,1,7.3499999999999996,usable,latest;not point-in-time,
2008-08-29,BAMLH0A0HYM2,2008-07,2008-08-29,1,1,8,usable,latest;not point-in-time,
2008-09-30,BAMLH0A0HYM2,2008-08,2008-09-30,1,1,8.2799999999999994,usable,latest;not point-in-time,
2008-10-31,BAMLH0A0HYM2,2008-09,2008-10-31,1,1,10.960000000000001,usable,latest;not point-in-time,
2008-11-28,BAMLH0A0HYM2,2008-10,2008-11-28,1,1,16.170000000000002,usable,latest;not point-in-time,
2008-12-31,BAMLH0A0HYM2,2008-11,2008-12-31,1,1,19.780000000000001,usable,latest;not point-in-time,
2009-01-30,BAMLH0A0HYM2,2008-12,2009-01-30,1,1,18.120000000000001,usable,latest;not point-in-time,
2009-02-27,BAMLH0A0HYM2,2009-01,2009-02-27,1,1,16.219999999999999,usable,latest;not point-in-time,
2009-03-31,BAMLH0A0HYM2,2009-02,2009-03-31,1,1,17.390000000000001,usable,latest;not point-in-time,
2009-04-30,BAMLH0A0HYM2,2009-03,2009-04-30,1,1,17.030000000000001,usable,latest;not point-in-time,
2009-05-29,BAMLH0A0HYM2,2009-04,2009-05-29,1,1,13.449999999999999,usable,latest;not point-in-time,
2009-06-30,BAMLH0A0HYM2,2009-05,2009-06-30,1,1,11.76,usable,latest;not point-in-time,
2009-07-31,BAMLH0A0HYM2,2009-06,2009-07-31,1,1,10.550000000000001,usable,latest;not point-in-time,
2009-08-31,BAMLH0A0HYM2,2009-07,2009-08-31,1,1,9.2200000000000006,usable,latest;not point-in-time,
2009-09-30,BAMLH0A0HYM2,2009-08,2009-09-30,1,1,9.1199999999999992,usable,latest;not point-in-time,
2009-10-30,BAMLH0A0HYM2,2009-09,2009-10-30,1,1,7.9299999999999997,usable,latest;not point-in-time,
2009-11-30,BAMLH0A0HYM2,2009-10,2009-11-30,1,1,7.6600000000000001,usable,latest;not point-in-time,
2009-12-31,BAMLH0A0HYM2,2009-11,2009-12-31,1,1,7.6500000000000004,usable,latest;not point-in-time,
2010-01-29,BAMLH0A0HYM2,2009-12,2010-01-29,1,1,6.3899999999999997,usable,latest;not point-in-time,
2010-02-26,BAMLH0A0HYM2,2010-01,2010-02-26,1,1,6.46,usable,latest;not point-in-time,
2010-03-31,BAMLH0A0HYM2,2010-02,2010-03-31,1,1,6.6600000000000001,usable,latest;not point-in-time,
2010-04-30,BAMLH0A0HYM2,2010-03,2010-04-30,1,1,5.8399999999999999,usable,latest;not point-in-time,
2010-05-31,BAMLH0A0HYM2,2010-04,2010-05-31,1,1,5.6100000000000003,usable,latest;not point-in-time,
2010-06-30,BAMLH0A0HYM2,2010-05,2010-06-30,1,1,6.9800000000000004,usable,latest;not point-in-time,
2010-07-30,BAMLH0A0HYM2,2010-06,2010-07-30,1,1,7.1299999999999999,usable,latest;not point-in-time,
2010-08-31,BAMLH0A0HYM2,2010-07,2010-08-31,1,1,6.5700000000000003,usable,latest;not point-in-time,
2010-09-30,BAMLH0A0HYM2,2010-08,2010-09-30,1,1,6.9199999999999999,usable,latest;not point-in-time,
2010-10-29,BAMLH0A0HYM2,2010-09,2010-10-29,1,1,6.2599999999999998,usable,latest;not point-in-time,
2010-11-30,BAMLH0A0HYM2,2010-10,2010-11-30,1,1,5.8200000000000003,usable,latest;not point-in-time,
2010-12-31,BAMLH0A0HYM2,2010-11,2010-12-31,1,1,6.2199999999999998,usable,latest;not point-in-time,
2011-01-31,BAMLH0A0HYM2,2010-12,2011-01-31,1,1,5.4100000000000001,usable,latest;not point-in-time,
2011-02-28,BAMLH0A0HYM2,2011-01,2011-02-28,1,1,5.0800000000000001,usable,latest;not point-in-time,
2011-03-31,BAMLH0A0HYM2,2011-02,2011-03-31,1,1,4.7800000000000002,usable,latest;not point-in-time,
2011-04-29,BAMLH0A0HYM2,2011-03,2011-04-29,1,1,4.7699999999999996,usable,latest;not point-in-time,
2011-05-31,BAMLH0A0HYM2,2011-04,2011-05-31,1,1,4.71,usable,latest;not point-in-time,
2011-06-30,BAMLH0A0HYM2,2011-05,2011-06-30,1,1,5.0899999999999999,usable,latest;not point-in-time,
2011-07-29,BAMLH0A0HYM2,2011-06,2011-07-29,1,1,5.4199999999999999,usable,latest;not point-in-time,
2011-08-31,BAMLH0A0HYM2,2011-07,2011-08-31,1,1,5.5099999999999998,usable,latest;not point-in-time,
2011-09-30,BAMLH0A0HYM2,2011-08,2011-09-30,1,1,7.2999999999999998,usable,latest;not point-in-time,
2011-10-31,BAMLH0A0HYM2,2011-09,2011-10-31,1,1,8.4100000000000001,usable,latest;not point-in-time,
2011-11-30,BAMLH0A0HYM2,2011-10,2011-11-30,1,1,7.0700000000000003,usable,latest;not point-in-time,
2011-12-30,BAMLH0A0HYM2,2011-11,2011-12-30,1,1,7.79,usable,latest;not point-in-time,
2012-01-31,BAMLH0A0HYM2,2011-12,2012-01-31,1,1,7.3799999999999999,usable,latest;not point-in-time,
2012-02-29,BAMLH0A0HYM2,2012-01,2012-02-29,1,1,6.6100000000000003,usable,latest;not point-in-time,
2012-03-30,BAMLH0A0HYM2,2012-02,2012-03-30,1,1,5.9800000000000004,usable,latest;not point-in-time,
2012-04-30,BAMLH0A0HYM2,2012-03,2012-04-30,1,1,5.9500000000000002,usable,latest;not point-in-time,
2012-05-31,BAMLH0A0HYM2,2012-04,2012-05-31,1,1,6.04,usable,latest;not point-in-time,
2012-06-29,BAMLH0A0HYM2,2012-05,2012-06-29,1,1,6.96,usable,latest;not point-in-time,
2012-07-31,BAMLH0A0HYM2,2012-06,2012-07-31,1,1,6.3600000000000003,usable,latest;not point-in-time,
2012-08-31,BAMLH0A0HYM2,2012-07,2012-08-31,1,1,6.1600000000000001,usable,latest;not point-in-time,
2012-09-28,BAMLH0A0HYM2,2012-08,2012-09-28,1,1,5.9800000000000004,usable,latest;not point-in-time,
2012-10-31,BAMLH0A0HYM2,2012-09,2012-10-31,1,1,5.7199999999999998,usable,latest;not point-in-time,
2012-11-30,BAMLH0A0HYM2,2012-10,2012-11-30,1,1,5.6299999999999999,usable,latest;not point-in-time,
2012-12-31,BAMLH0A0HYM2,2012-11,2012-12-31,1,1,5.6500000000000004,usable,latest;not point-in-time,
2013-01-31,BAMLH0A0HYM2,2012-12,2013-01-31,1,1,5.3399999999999999,usable,latest;not point-in-time,
2013-02-28,BAMLH0A0HYM2,2013-01,2013-02-28,1,1,4.9500000000000002,usable,latest;not point-in-time,
2013-03-29,BAMLH0A0HYM2,2013-02,2013-03-29,1,1,4.9800000000000004,usable,latest;not point-in-time,
2013-04-30,BAMLH0A0HYM2,2013-03,2013-04-30,1,1,4.7999999999999998,usable,latest;not point-in-time,
2013-05-31,BAMLH0A0HYM2,2013-04,2013-05-31,1,1,4.5499999999999998,usable,latest;not point-in-time,
2013-06-28,BAMLH0A0HYM2,2013-05,2013-06-28,1,1,4.6200000000000001,usable,latest;not point-in-time,
2013-07-31,BAMLH0A0HYM2,2013-06,2013-07-31,1,1,5.1600000000000001,usable,latest;not point-in-time,
2013-08-30,BAMLH0A0HYM2,2013-07,2013-08-30,1,1,4.71,usable,latest;not point-in-time,
2013-09-30,BAMLH0A0HYM2,2013-08,2013-09-30,1,1,4.7599999999999998,usable,latest;not point-in-time,
2013-10-31,BAMLH0A0HYM2,2013-09,2013-10-31,1,1,4.8300000000000001,usable,latest;not point-in-time,
2013-11-29,BAMLH0A0HYM2,2013-10,2013-11-29,1,1,4.3600000000000003,usable,latest;not point-in-time,
2013-12-31,BAMLH0A0HYM2,2013-11,2013-12-31,1,1,4.2300000000000004,usable,latest;not point-in-time,
2014-01-31,BAMLH0A0HYM2,2013-12,2014-01-31,1,1,4,usable,latest;not point-in-time,
2014-02-28,BAMLH0A0HYM2,2014-01,2014-02-28,1,1,4.21,usable,latest;not point-in-time,
2014-03-31,BAMLH0A0HYM2,2014-02,2014-03-31,1,1,3.8100000000000001,usable,latest;not point-in-time,
2014-04-30,BAMLH0A0HYM2,2014-03,2014-04-30,1,1,3.77,usable,latest;not point-in-time,
2014-05-30,BAMLH0A0HYM2,2014-04,2014-05-30,1,1,3.71,usable,latest;not point-in-time,
2014-06-30,BAMLH0A0HYM2,2014-05,2014-06-30,1,1,3.75,usable,latest;not point-in-time,
2014-07-31,BAMLH0A0HYM2,2014-06,2014-07-31,1,1,3.5299999999999998,usable,latest;not point-in-time,
2014-08-29,BAMLH0A0HYM2,2014-07,2014-08-29,1,1,4.04,usable,latest;not point-in-time,
2014-09-30,BAMLH0A0HYM2,2014-08,2014-09-30,1,1,3.7999999999999998,usable,latest;not point-in-time,
2014-10-31,BAMLH0A0HYM2,2014-09,2014-10-31,1,1,4.4000000000000004,usable,latest;not point-in-time,
2014-11-28,BAMLH0A0HYM2,2014-10,2014-11-28,1,1,4.2999999999999998,usable,latest;not point-in-time,
2014-12-31,BAMLH0A0HYM2,2014-11,2014-12-31,1,1,4.6399999999999997,usable,latest;not point-in-time,
2015-01-30,BAMLH0A0HYM2,2014-12,2015-01-30,1,1,5.04,usable,latest;not point-in-time,
2015-02-27,BAMLH0A0HYM2,2015-01,2015-02-27,1,1,5.3700000000000001,usable,latest;not point-in-time,
2015-03-31,BAMLH0A0HYM2,2015-02,2015-03-31,1,1,4.4299999999999997,usable,latest;not point-in-time,
2015-04-30,BAMLH0A0HYM2,2015-03,2015-04-30,1,1,4.8200000000000003,usable,latest;not point-in-time,
2015-05-29,BAMLH0A0HYM2,2015-04,2015-05-29,1,1,4.5899999999999999,usable,latest;not point-in-time,
2015-06-30,BAMLH0A0HYM2,2015-05,2015-06-30,1,1,4.5199999999999996,usable,latest;not point-in-time,
2015-07-31,BAMLH0A0HYM2,2015-06,2015-07-31,1,1,5,usable,latest;not point-in-time,
2015-08-31,BAMLH0A0HYM2,2015-07,2015-08-31,1,1,5.3600000000000003,usable,latest;not point-in-time,
2015-09-30,BAMLH0A0HYM2,2015-08,2015-09-30,1,1,5.7000000000000002,usable,latest;not point-in-time,
2015-10-30,BAMLH0A0HYM2,2015-09,2015-10-30,1,1,6.6200000000000001,usable,latest;not point-in-time,
2015-11-30,BAMLH0A0HYM2,2015-10,2015-11-30,1,1,5.8799999999999999,usable,latest;not point-in-time,
2015-12-31,BAMLH0A0HYM2,2015-11,2015-12-31,1,1,6.4000000000000004,usable,latest;not point-in-time,
2016-01-29,BAMLH0A0HYM2,2015-12,2016-01-29,1,1,6.9500000000000002,usable,latest;not point-in-time,
2016-02-29,BAMLH0A0HYM2,2016-01,2016-02-29,1,1,7.7400000000000002,usable,latest;not point-in-time,
2016-03-31,BAMLH0A0HYM2,2016-02,2016-03-31,1,1,7.75,usable,latest;not point-in-time,
2016-04-29,BAMLH0A0HYM2,2016-03,2016-04-29,1,1,7.0499999999999998,usable,latest;not point-in-time,
2016-05-31,BAMLH0A0HYM2,2016-04,2016-05-31,1,1,6.2400000000000002,usable,latest;not point-in-time,
2016-06-30,BAMLH0A0HYM2,2016-05,2016-06-30,1,1,5.9699999999999998,usable,latest;not point-in-time,
2016-07-29,BAMLH0A0HYM2,2016-06,2016-07-29,1,1,6.21,usable,latest;not point-in-time,
2016-08-31,BAMLH0A0HYM2,2016-07,2016-08-31,1,1,5.6100000000000003,usable,latest;not point-in-time,
2016-09-30,BAMLH0A0HYM2,2016-08,2016-09-30,1,1,5.0999999999999996,usable,latest;not point-in-time,
2016-10-31,BAMLH0A0HYM2,2016-09,2016-10-31,1,1,4.9699999999999998,usable,latest;not point-in-time,
2016-11-30,BAMLH0A0HYM2,2016-10,2016-11-30,1,1,4.9100000000000001,usable,latest;not point-in-time,
2016-12-30,BAMLH0A0HYM2,2016-11,2016-12-30,1,1,4.6699999999999999,usable,latest;not point-in-time,
2017-01-31,BAMLH0A0HYM2,2016-12,2017-01-31,1,1,4.21,usable,latest;not point-in-time,
2017-02-28,BAMLH0A0HYM2,2017-01,2017-02-28,1,1,4,usable,latest;not point-in-time,
2017-03-31,BAMLH0A0HYM2,2017-02,2017-03-31,1,1,3.7400000000000002,usable,latest;not point-in-time,
2017-04-28,BAMLH0A0HYM2,2017-03,2017-04-28,1,1,3.9199999999999999,usable,latest;not point-in-time,
2017-05-31,BAMLH0A0HYM2,2017-04,2017-05-31,1,1,3.75,usable,latest;not point-in-time,
2017-06-30,BAMLH0A0HYM2,2017-05,2017-06-30,1,1,3.7400000000000002,usable,latest;not point-in-time,
2017-07-31,BAMLH0A0HYM2,2017-06,2017-07-31,1,1,3.77,usable,latest;not point-in-time,
2017-08-31,BAMLH0A0HYM2,2017-07,2017-08-31,1,1,3.6099999999999999,usable,latest;not point-in-time,
2017-09-29,BAMLH0A0HYM2,2017-08,2017-09-29,1,1,3.8500000000000001,usable,latest;not point-in-time,
2017-10-31,BAMLH0A0HYM2,2017-09,2017-10-31,1,1,3.54,usable,latest;not point-in-time,
2017-11-30,BAMLH0A0HYM2,2017-10,2017-11-30,1,1,3.5099999999999998,usable,latest;not point-in-time,
2017-12-29,BAMLH0A0HYM2,2017-11,2017-12-29,1,1,3.6099999999999999,usable,latest;not point-in-time,
2018-01-31,BAMLH0A0HYM2,2017-12,2018-01-31,1,1,3.5800000000000001,usable,latest;not point-in-time,
2018-02-28,BAMLH0A0HYM2,2018-01,2018-02-28,1,1,3.29,usable,latest;not point-in-time,
2018-03-30,BAMLH0A0HYM2,2018-02,2018-03-30,1,1,3.4700000000000002,usable,latest;not point-in-time,
2018-04-30,BAMLH0A0HYM2,2018-03,2018-04-30,1,1,3.79,usable,latest;not point-in-time,
2018-05-31,BAMLH0A0HYM2,2018-04,2018-05-31,1,1,3.46,usable,latest;not point-in-time,
2018-06-29,BAMLH0A0HYM2,2018-05,2018-06-29,1,1,3.6299999999999999,usable,latest;not point-in-time,
2018-07-31,BAMLH0A0HYM2,2018-06,2018-07-31,1,1,3.6099999999999999,usable,latest;not point-in-time,
2018-08-31,BAMLH0A0HYM2,2018-07,2018-08-31,1,1,3.46,usable,latest;not point-in-time,
2018-09-28,BAMLH0A0HYM2,2018-08,2018-09-28,1,1,3.4900000000000002,usable,latest;not point-in-time,
2018-10-31,BAMLH0A0HYM2,2018-09,2018-10-31,1,1,3.2400000000000002,usable,latest;not point-in-time,
2018-11-30,BAMLH0A0HYM2,2018-10,2018-11-30,1,1,3.8100000000000001,usable,latest;not point-in-time,
2018-12-31,BAMLH0A0HYM2,2018-11,2018-12-31,1,1,4.29,usable,latest;not point-in-time,
2019-01-31,BAMLH0A0HYM2,2018-12,2019-01-31,1,1,5.3300000000000001,usable,latest;not point-in-time,
2019-02-28,BAMLH0A0HYM2,2019-01,2019-02-28,1,1,4.3700000000000001,usable,latest;not point-in-time,
2019-03-29,BAMLH0A0HYM2,2019-02,2019-03-29,1,1,3.9199999999999999,usable,latest;not point-in-time,
2019-04-30,BAMLH0A0HYM2,2019-03,2019-04-30,1,1,3.9900000000000002,usable,latest;not point-in-time,
2019-05-31,BAMLH0A0HYM2,2019-04,2019-05-31,1,1,3.73,usable,latest;not point-in-time,
2019-06-28,BAMLH0A0HYM2,2019-05,2019-06-28,1,1,4.5899999999999999,usable,latest;not point-in-time,
2019-07-31,BAMLH0A0HYM2,2019-06,2019-07-31,1,1,4.0700000000000003,usable,latest;not point-in-time,
2019-08-30,BAMLH0A0HYM2,2019-07,2019-08-30,1,1,3.9300000000000002,usable,latest;not point-in-time,
2019-09-30,BAMLH0A0HYM2,2019-08,2019-09-30,1,1,4.0899999999999999,usable,latest;not point-in-time,
2019-10-31,BAMLH0A0HYM2,2019-09,2019-10-31,1,1,4.0199999999999996,usable,latest;not point-in-time,
2019-11-29,BAMLH0A0HYM2,2019-10,2019-11-29,1,1,4.1500000000000004,usable,latest;not point-in-time,
2019-12-31,BAMLH0A0HYM2,2019-11,2019-12-31,1,1,4.0099999999999998,usable,latest;not point-in-time,
2020-01-31,BAMLH0A0HYM2,2019-12,2020-01-31,1,1,3.6000000000000001,usable,latest;not point-in-time,
2020-02-28,BAMLH0A0HYM2,2020-01,2020-02-28,1,1,4.0300000000000002,usable,latest;not point-in-time,
2020-03-31,BAMLH0A0HYM2,2020-02,2020-03-31,1,1,5.04,usable,latest;not point-in-time,
2020-04-30,BAMLH0A0HYM2,2020-03,2020-04-30,1,1,8.7699999999999996,usable,latest;not point-in-time,
2020-05-29,BAMLH0A0HYM2,2020-04,2020-05-29,1,1,7.6299999999999999,usable,latest;not point-in-time,
2020-06-30,BAMLH0A0HYM2,2020-05,2020-06-30,1,1,6.71,usable,latest;not point-in-time,
2020-07-31,BAMLH0A0HYM2,2020-06,2020-07-31,1,1,6.4400000000000004,usable,latest;not point-in-time,
2020-08-31,BAMLH0A0HYM2,2020-07,2020-08-31,1,1,5.1600000000000001,usable,latest;not point-in-time,
2020-09-30,BAMLH0A0HYM2,2020-08,2020-09-30,1,1,5.0199999999999996,usable,latest;not point-in-time,
2020-10-30,BAMLH0A0HYM2,2020-09,2020-10-30,1,1,5.4100000000000001,usable,latest;not point-in-time,
2020-11-30,BAMLH0A0HYM2,2020-10,2020-11-30,1,1,5.25,usable,latest;not point-in-time,
2020-12-31,BAMLH0A0HYM2,2020-11,2020-12-31,1,1,4.3300000000000001,usable,latest;not point-in-time,
2021-01-29,BAMLH0A0HYM2,2020-12,2021-01-29,1,1,3.8599999999999999,usable,latest;not point-in-time,
2021-02-26,BAMLH0A0HYM2,2021-01,2021-02-26,1,1,3.79,usable,latest;not point-in-time,
2021-03-31,BAMLH0A0HYM2,2021-02,2021-03-31,1,1,3.52,usable,latest;not point-in-time,
2021-04-30,BAMLH0A0HYM2,2021-03,2021-04-30,1,1,3.3599999999999999,usable,latest;not point-in-time,
2021-05-31,BAMLH0A0HYM2,2021-04,2021-05-31,1,1,3.2799999999999998,usable,latest;not point-in-time,
2021-06-30,BAMLH0A0HYM2,2021-05,2021-06-30,1,1,3.3399999999999999,usable,latest;not point-in-time,
2021-07-30,BAMLH0A0HYM2,2021-06,2021-07-30,1,1,3.04,usable,latest;not point-in-time,
2021-08-31,BAMLH0A0HYM2,2021-07,2021-08-31,1,1,3.2599999999999998,usable,latest;not point-in-time,
2021-09-30,BAMLH0A0HYM2,2021-08,2021-09-30,1,1,3.21,usable,latest;not point-in-time,
2021-10-29,BAMLH0A0HYM2,2021-09,2021-10-29,1,1,3.1499999999999999,usable,latest;not point-in-time,
2021-11-30,BAMLH0A0HYM2,2021-10,2021-11-30,1,1,3.0800000000000001,usable,latest;not point-in-time,
2021-12-31,BAMLH0A0HYM2,2021-11,2021-12-31,1,1,3.6699999999999999,usable,latest;not point-in-time,
2022-01-31,BAMLH0A0HYM2,2021-12,2022-01-31,1,1,3.1000000000000001,usable,latest;not point-in-time,
2022-02-28,BAMLH0A0HYM2,2022-01,2022-02-28,1,1,3.6299999999999999,usable,latest;not point-in-time,
2022-03-31,BAMLH0A0HYM2,2022-02,2022-03-31,1,1,3.77,usable,latest;not point-in-time,
2022-04-29,BAMLH0A0HYM2,2022-03,2022-04-29,1,1,3.4300000000000002,usable,latest;not point-in-time,
2022-05-31,BAMLH0A0HYM2,2022-04,2022-05-31,1,1,3.9300000000000002,usable,latest;not point-in-time,
2022-06-30,BAMLH0A0HYM2,2022-05,2022-06-30,1,1,4.2199999999999998,usable,latest;not point-in-time,
2022-07-29,BAMLH0A0HYM2,2022-06,2022-07-29,1,1,5.8700000000000001,usable,latest;not point-in-time,
2022-08-31,BAMLH0A0HYM2,2022-07,2022-08-31,1,1,4.7699999999999996,usable,latest;not point-in-time,
2022-09-30,BAMLH0A0HYM2,2022-08,2022-09-30,1,1,5.0300000000000002,usable,latest;not point-in-time,
2022-10-31,BAMLH0A0HYM2,2022-09,2022-10-31,1,1,5.4299999999999997,usable,latest;not point-in-time,
2022-11-30,BAMLH0A0HYM2,2022-10,2022-11-30,1,1,4.6299999999999999,usable,latest;not point-in-time,
2022-12-30,BAMLH0A0HYM2,2022-11,2022-12-30,1,1,4.5499999999999998,usable,latest;not point-in-time,
2023-01-31,BAMLH0A0HYM2,2022-12,2023-01-31,1,1,4.79,usable,latest;not point-in-time,
2023-02-28,BAMLH0A0HYM2,2023-01,2023-02-28,1,1,4.2999999999999998,usable,latest;not point-in-time,
2023-03-31,BAMLH0A0HYM2,2023-02,2023-03-31,1,1,4.2199999999999998,usable,latest;not point-in-time,
2023-04-28,BAMLH0A0HYM2,2023-03,2023-04-28,1,1,4.5800000000000001,usable,latest;not point-in-time,
2023-05-31,BAMLH0A0HYM2,2023-04,2023-05-31,1,1,4.5,usable,latest;not point-in-time,
2023-06-30,BAMLH0A0HYM2,2023-05,2023-06-30,1,1,4.6900000000000004,usable,latest;not point-in-time,
2023-07-31,BAMLH0A0HYM2,2023-06,2023-07-31,1,1,4.0499999999999998,usable,latest;not point-in-time,
2023-08-31,BAMLH0A0HYM2,2023-07,2023-08-31,1,1,3.79,usable,latest;not point-in-time,
1999-12-31,PCU5241265241261,1999-11,1999-12-31,1,1,101.3,usable,latest;not point-in-time,
2000-01-31,PCU5241265241261,1999-12,2000-01-31,1,1,101.40000000000001,usable,latest;not point-in-time,
2000-02-29,PCU5241265241261,2000-01,2000-02-29,1,1,101.40000000000001,usable,latest;not point-in-time,
2000-03-31,PCU5241265241261,2000-02,2000-03-31,1,1,101.5,usable,latest;not point-in-time,
2000-04-28,PCU5241265241261,2000-03,2000-04-28,1,1,101.59999999999999,usable,latest;not point-in-time,
2000-05-31,PCU5241265241261,2000-04,2000-05-31,1,1,101.59999999999999,usable,latest;not point-in-time,
2000-06-30,PCU5241265241261,2000-05,2000-06-30,1,1,101.7,usable,latest;not point-in-time,
2000-07-31,PCU5241265241261,2000-06,2000-07-31,1,1,101.8,usable,latest;not point-in-time,
2000-08-31,PCU5241265241261,2000-07,2000-08-31,1,1,101.5,usable,latest;not point-in-time,
2000-09-29,PCU5241265241261,2000-08,2000-09-29,1,1,101.5,usable,latest;not point-in-time,
2000-10-31,PCU5241265241261,2000-09,2000-10-31,1,1,101.2,usable,latest;not point-in-time,
2000-11-30,PCU5241265241261,2000-10,2000-11-30,1,1,101.09999999999999,usable,latest;not point-in-time,
2000-12-29,PCU5241265241261,2000-11,2000-12-29,1,1,100.90000000000001,usable,latest;not point-in-time,
2001-01-31,PCU5241265241261,2000-12,2001-01-31,1,1,100.90000000000001,usable,latest;not point-in-time,
2001-02-28,PCU5241265241261,2001-01,2001-02-28,1,1,101.5,usable,latest;not point-in-time,
2001-03-30,PCU5241265241261,2001-02,2001-03-30,1,1,102,usable,latest;not point-in-time,
2001-04-30,PCU5241265241261,2001-03,2001-04-30,1,1,102.59999999999999,usable,latest;not point-in-time,
2001-05-31,PCU5241265241261,2001-04,2001-05-31,1,1,103.2,usable,latest;not point-in-time,
2001-06-29,PCU5241265241261,2001-05,2001-06-29,1,1,103.7,usable,latest;not point-in-time,
2001-07-31,PCU5241265241261,2001-06,2001-07-31,1,1,104.2,usable,latest;not point-in-time,
2001-08-31,PCU5241265241261,2001-07,2001-08-31,1,1,104.40000000000001,usable,latest;not point-in-time,
2001-09-28,PCU5241265241261,2001-08,2001-09-28,1,1,104.7,usable,latest;not point-in-time,
2001-10-31,PCU5241265241261,2001-09,2001-10-31,1,1,105,usable,latest;not point-in-time,
2001-11-30,PCU5241265241261,2001-10,2001-11-30,1,1,105.2,usable,latest;not point-in-time,
2001-12-31,PCU5241265241261,2001-11,2001-12-31,1,1,105.90000000000001,usable,latest;not point-in-time,
2002-01-31,PCU5241265241261,2001-12,2002-01-31,1,1,106.90000000000001,usable,latest;not point-in-time,
2002-02-28,PCU5241265241261,2002-01,2002-02-28,1,1,107.5,usable,latest;not point-in-time,
2002-03-29,PCU5241265241261,2002-02,2002-03-29,1,1,108.2,usable,latest;not point-in-time,
2002-04-30,PCU5241265241261,2002-03,2002-04-30,1,1,109,usable,latest;not point-in-time,
2002-05-31,PCU5241265241261,2002-04,2002-05-31,1,1,109.7,usable,latest;not point-in-time,
2002-06-28,PCU5241265241261,2002-05,2002-06-28,1,1,110.2,usable,latest;not point-in-time,
2002-07-31,PCU5241265241261,2002-06,2002-07-31,1,1,110.8,usable,latest;not point-in-time,
2002-08-30,PCU5241265241261,2002-07,2002-08-30,1,1,111.3,usable,latest;not point-in-time,
2002-09-30,PCU5241265241261,2002-08,2002-09-30,1,1,111.90000000000001,usable,latest;not point-in-time,
2002-10-31,PCU5241265241261,2002-09,2002-10-31,1,1,112.40000000000001,usable,latest;not point-in-time,
2002-11-29,PCU5241265241261,2002-10,2002-11-29,1,1,113.2,usable,latest;not point-in-time,
2002-12-31,PCU5241265241261,2002-11,2002-12-31,1,1,114.09999999999999,usable,latest;not point-in-time,
2003-01-31,PCU5241265241261,2002-12,2003-01-31,1,1,115.3,usable,latest;not point-in-time,
2003-02-28,PCU5241265241261,2003-01,2003-02-28,1,1,116.3,usable,latest;not point-in-time,
2003-03-31,PCU5241265241261,2003-02,2003-03-31,1,1,117,usable,latest;not point-in-time,
2003-04-30,PCU5241265241261,2003-03,2003-04-30,1,1,118.09999999999999,usable,latest;not point-in-time,
2003-05-30,PCU5241265241261,2003-04,2003-05-30,1,1,118.8,usable,latest;not point-in-time,
2003-06-30,PCU5241265241261,2003-05,2003-06-30,1,1,119.2,usable,latest;not point-in-time,
2003-07-31,PCU5241265241261,2003-06,2003-07-31,1,1,120,usable,latest;not point-in-time,
2003-08-29,PCU5241265241261,2003-07,2003-08-29,1,1,120.2,usable,latest;not point-in-time,
2003-09-30,PCU5241265241261,2003-08,2003-09-30,1,1,120.59999999999999,usable,latest;not point-in-time,
2003-10-31,PCU5241265241261,2003-09,2003-10-31,1,1,120.8,usable,latest;not point-in-time,
2003-11-28,PCU5241265241261,2003-10,2003-11-28,1,1,121.5,usable,latest;not point-in-time,
2003-12-31,PCU5241265241261,2003-11,2003-12-31,1,1,121.7,usable,latest;not point-in-time,
2004-01-30,PCU5241265241261,2003-12,2004-01-30,1,1,121.40000000000001,usable,latest;not point-in-time,
2004-02-27,PCU5241265241261,2004-01,2004-02-27,1,1,122,usable,latest;not point-in-time,
2004-03-31,PCU5241265241261,2004-02,2004-03-31,1,1,122.40000000000001,usable,latest;not point-in-time,
2004-04-30,PCU5241265241261,2004-03,2004-04-30,1,1,122.8,usable,latest;not point-in-time,
2004-05-31,PCU5241265241261,2004-04,2004-05-31,1,1,123,usable,latest;not point-in-time,
2004-06-30,PCU5241265241261,2004-05,2004-06-30,1,1,123.2,usable,latest;not point-in-time,
2004-07-30,PCU5241265241261,2004-06,2004-07-30,1,1,123.40000000000001,usable,latest;not point-in-time,
2004-08-31,PCU5241265241261,2004-07,2004-08-31,1,1,123.7,usable,latest;not point-in-time,
2004-09-30,PCU5241265241261,2004-08,2004-09-30,1,1,124,usable,latest;not point-in-time,
2004-10-29,PCU5241265241261,2004-09,2004-10-29,1,1,124.2,usable,latest;not point-in-time,
2004-11-30,PCU5241265241261,2004-10,2004-11-30,1,1,124.3,usable,latest;not point-in-time,
2004-12-31,PCU5241265241261,2004-11,2004-12-31,1,1,124.3,usable,latest;not point-in-time,
2005-01-31,PCU5241265241261,2004-12,2005-01-31,1,1,124.7,usable,latest;not point-in-time,
2005-02-28,PCU5241265241261,2005-01,2005-02-28,1,1,125.2,usable,latest;not point-in-time,
2005-03-31,PCU5241265241261,2005-02,2005-03-31,1,1,125.40000000000001,usable,latest;not point-in-time,
2005-04-29,PCU5241265241261,2005-03,2005-04-29,1,1,125.59999999999999,usable,latest;not point-in-time,
2005-05-31,PCU5241265241261,2005-04,2005-05-31,1,1,125.7,usable,latest;not point-in-time,
2005-06-30,PCU5241265241261,2005-05,2005-06-30,1,1,125.59999999999999,usable,latest;not point-in-time,
2005-07-29,PCU5241265241261,2005-06,2005-07-29,1,1,125.59999999999999,usable,latest;not point-in-time,
2005-08-31,PCU5241265241261,2005-07,2005-08-31,1,1,125.59999999999999,usable,latest;not point-in-time,
2005-09-30,PCU5241265241261,2005-08,2005-09-30,1,1,125.7,usable,latest;not point-in-time,
2005-10-31,PCU5241265241261,2005-09,2005-10-31,1,1,125.7,usable,latest;not point-in-time,
2005-11-30,PCU5241265241261,2005-10,2005-11-30,1,1,125.8,usable,latest;not point-in-time,
2005-12-30,PCU5241265241261,2005-11,2005-12-30,1,1,125.8,usable,latest;not point-in-time,
2006-01-31,PCU5241265241261,2005-12,2006-01-31,1,1,125.59999999999999,usable,latest;not point-in-time,
2006-02-28,PCU5241265241261,2006-01,2006-02-28,1,1,125.5,usable,latest;not point-in-time,
2006-03-31,PCU5241265241261,2006-02,2006-03-31,1,1,125.59999999999999,usable,latest;not point-in-time,
2006-04-28,PCU5241265241261,2006-03,2006-04-28,1,1,125.7,usable,latest;not point-in-time,
2006-05-31,PCU5241265241261,2006-04,2006-05-31,1,1,125.59999999999999,usable,latest;not point-in-time,
2006-06-30,PCU5241265241261,2006-05,2006-06-30,1,1,126,usable,latest;not point-in-time,
2006-07-31,PCU5241265241261,2006-06,2006-07-31,1,1,125.90000000000001,usable,latest;not point-in-time,
2006-08-31,PCU5241265241261,2006-07,2006-08-31,1,1,125.7,usable,latest;not point-in-time,
2006-09-29,PCU5241265241261,2006-08,2006-09-29,1,1,125.59999999999999,usable,latest;not point-in-time,
2006-10-31,PCU5241265241261,2006-09,2006-10-31,1,1,125.59999999999999,usable,latest;not point-in-time,
2006-11-30,PCU5241265241261,2006-10,2006-11-30,1,1,125.7,usable,latest;not point-in-time,
2006-12-29,PCU5241265241261,2006-11,2006-12-29,1,1,126,usable,latest;not point-in-time,
2007-01-31,PCU5241265241261,2006-12,2007-01-31,1,1,126.2,usable,latest;not point-in-time,
2007-02-28,PCU5241265241261,2007-01,2007-02-28,1,1,126.5,usable,latest;not point-in-time,
2007-03-30,PCU5241265241261,2007-02,2007-03-30,1,1,126.2,usable,latest;not point-in-time,
2007-04-30,PCU5241265241261,2007-03,2007-04-30,1,1,126.09999999999999,usable,latest;not point-in-time,
2007-05-31,PCU5241265241261,2007-04,2007-05-31,1,1,125.3,usable,latest;not point-in-time,
2007-06-29,PCU5241265241261,2007-05,2007-06-29,1,1,124.59999999999999,usable,latest;not point-in-time,
2007-07-31,PCU5241265241261,2007-06,2007-07-31,1,1,124.90000000000001,usable,latest;not point-in-time,
2007-08-31,PCU5241265241261,2007-07,2007-08-31,1,1,124.90000000000001,usable,latest;not point-in-time,
2007-09-28,PCU5241265241261,2007-08,2007-09-28,1,1,125.09999999999999,usable,latest;not point-in-time,
2007-10-31,PCU5241265241261,2007-09,2007-10-31,1,1,125.5,usable,latest;not point-in-time,
2007-11-30,PCU5241265241261,2007-10,2007-11-30,1,1,126,usable,latest;not point-in-time,
2007-12-31,PCU5241265241261,2007-11,2007-12-31,1,1,126.2,usable,latest;not point-in-time,
2008-01-31,PCU5241265241261,2007-12,2008-01-31,1,1,126.5,usable,latest;not point-in-time,
2008-02-29,PCU5241265241261,2008-01,2008-02-29,1,1,126.7,usable,latest;not point-in-time,
2008-03-31,PCU5241265241261,2008-02,2008-03-31,1,1,126.59999999999999,usable,latest;not point-in-time,
2008-04-30,PCU5241265241261,2008-03,2008-04-30,1,1,126.90000000000001,usable,latest;not point-in-time,
2008-05-30,PCU5241265241261,2008-04,2008-05-30,1,1,127.09999999999999,usable,latest;not point-in-time,
2008-06-30,PCU5241265241261,2008-05,2008-06-30,1,1,127,usable,latest;not point-in-time,
2008-07-31,PCU5241265241261,2008-06,2008-07-31,1,1,127.2,usable,latest;not point-in-time,
2008-08-29,PCU5241265241261,2008-07,2008-08-29,1,1,127.09999999999999,usable,latest;not point-in-time,
2008-09-30,PCU5241265241261,2008-08,2008-09-30,1,1,127.09999999999999,usable,latest;not point-in-time,
2008-10-31,PCU5241265241261,2008-09,2008-10-31,1,1,127.3,usable,latest;not point-in-time,
2008-11-28,PCU5241265241261,2008-10,2008-11-28,1,1,127.8,usable,latest;not point-in-time,
2008-12-31,PCU5241265241261,2008-11,2008-12-31,1,1,128.40000000000001,usable,latest;not point-in-time,
2009-01-30,PCU5241265241261,2008-12,2009-01-30,1,1,128.69999999999999,usable,latest;not point-in-time,
2009-02-27,PCU5241265241261,2009-01,2009-02-27,1,1,129.5,usable,latest;not point-in-time,
2009-03-31,PCU5241265241261,2009-02,2009-03-31,1,1,129.80000000000001,usable,latest;not point-in-time,
2009-04-30,PCU5241265241261,2009-03,2009-04-30,1,1,130.19999999999999,usable,latest;not point-in-time,
2009-05-29,PCU5241265241261,2009-04,2009-05-29,1,1,130.5,usable,latest;not point-in-time,
2009-06-30,PCU5241265241261,2009-05,2009-06-30,1,1,130.19999999999999,usable,latest;not point-in-time,
2009-07-31,PCU5241265241261,2009-06,2009-07-31,1,1,130.90000000000001,usable,latest;not point-in-time,
2009-08-31,PCU5241265241261,2009-07,2009-08-31,1,1,131.19999999999999,usable,latest;not point-in-time,
2009-09-30,PCU5241265241261,2009-08,2009-09-30,1,1,131.5,usable,latest;not point-in-time,
2009-10-30,PCU5241265241261,2009-09,2009-10-30,1,1,131.80000000000001,usable,latest;not point-in-time,
2009-11-30,PCU5241265241261,2009-10,2009-11-30,1,1,133.69999999999999,usable,latest;not point-in-time,
2009-12-31,PCU5241265241261,2009-11,2009-12-31,1,1,133.59999999999999,usable,latest;not point-in-time,
2010-01-29,PCU5241265241261,2009-12,2010-01-29,1,1,133.59999999999999,usable,latest;not point-in-time,
2010-02-26,PCU5241265241261,2010-01,2010-02-26,1,1,133.90000000000001,usable,latest;not point-in-time,
2010-03-31,PCU5241265241261,2010-02,2010-03-31,1,1,134.09999999999999,usable,latest;not point-in-time,
2010-04-30,PCU5241265241261,2010-03,2010-04-30,1,1,134.30000000000001,usable,latest;not point-in-time,
2010-05-31,PCU5241265241261,2010-04,2010-05-31,1,1,134.30000000000001,usable,latest;not point-in-time,
2010-06-30,PCU5241265241261,2010-05,2010-06-30,1,1,134.40000000000001,usable,latest;not point-in-time,
2010-07-30,PCU5241265241261,2010-06,2010-07-30,1,1,134.5,usable,latest;not point-in-time,
2010-08-31,PCU5241265241261,2010-07,2010-08-31,1,1,134.5,usable,latest;not point-in-time,
2010-09-30,PCU5241265241261,2010-08,2010-09-30,1,1,134.80000000000001,usable,latest;not point-in-time,
2010-10-29,PCU5241265241261,2010-09,2010-10-29,1,1,135.30000000000001,usable,latest;not point-in-time,
2010-11-30,PCU5241265241261,2010-10,2010-11-30,1,1,136.5,usable,latest;not point-in-time,
2010-12-31,PCU5241265241261,2010-11,2010-12-31,1,1,136.90000000000001,usable,latest;not point-in-time,
2011-01-31,PCU5241265241261,2010-12,2011-01-31,1,1,137.09999999999999,usable,latest;not point-in-time,
2011-02-28,PCU5241265241261,2011-01,2011-02-28,1,1,137.59999999999999,usable,latest;not point-in-time,
2011-03-31,PCU5241265241261,2011-02,2011-03-31,1,1,137.69999999999999,usable,latest;not point-in-time,
2011-04-29,PCU5241265241261,2011-03,2011-04-29,1,1,138.59999999999999,usable,latest;not point-in-time,
2011-05-31,PCU5241265241261,2011-04,2011-05-31,1,1,140,usable,latest;not point-in-time,
2011-06-30,PCU5241265241261,2011-05,2011-06-30,1,1,140.30000000000001,usable,latest;not point-in-time,
2011-07-29,PCU5241265241261,2011-06,2011-07-29,1,1,140.30000000000001,usable,latest;not point-in-time,
2011-08-31,PCU5241265241261,2011-07,2011-08-31,1,1,140.59999999999999,usable,latest;not point-in-time,
2011-09-30,PCU5241265241261,2011-08,2011-09-30,1,1,141.40000000000001,usable,latest;not point-in-time,
2011-10-31,PCU5241265241261,2011-09,2011-10-31,1,1,141.59999999999999,usable,latest;not point-in-time,
2011-11-30,PCU5241265241261,2011-10,2011-11-30,1,1,143.19999999999999,usable,latest;not point-in-time,
2011-12-30,PCU5241265241261,2011-11,2011-12-30,1,1,143.80000000000001,usable,latest;not point-in-time,
2012-01-31,PCU5241265241261,2011-12,2012-01-31,1,1,143.69999999999999,usable,latest;not point-in-time,
2012-02-29,PCU5241265241261,2012-01,2012-02-29,1,1,144.30000000000001,usable,latest;not point-in-time,
2012-03-30,PCU5241265241261,2012-02,2012-03-30,1,1,144.40000000000001,usable,latest;not point-in-time,
2012-04-30,PCU5241265241261,2012-03,2012-04-30,1,1,144.5,usable,latest;not point-in-time,
2012-05-31,PCU5241265241261,2012-04,2012-05-31,1,1,145.19999999999999,usable,latest;not point-in-time,
2012-06-29,PCU5241265241261,2012-05,2012-06-29,1,1,145.40000000000001,usable,latest;not point-in-time,
2012-07-31,PCU5241265241261,2012-06,2012-07-31,1,1,145.5,usable,latest;not point-in-time,
2012-08-31,PCU5241265241261,2012-07,2012-08-31,1,1,146.30000000000001,usable,latest;not point-in-time,
2012-09-28,PCU5241265241261,2012-08,2012-09-28,1,1,146.40000000000001,usable,latest;not point-in-time,
2012-10-31,PCU5241265241261,2012-09,2012-10-31,1,1,146.5,usable,latest;not point-in-time,
2012-11-30,PCU5241265241261,2012-10,2012-11-30,1,1,147.40000000000001,usable,latest;not point-in-time,
2012-12-31,PCU5241265241261,2012-11,2012-12-31,1,1,147.59999999999999,usable,latest;not point-in-time,
2013-01-31,PCU5241265241261,2012-12,2013-01-31,1,1,147.80000000000001,usable,latest;not point-in-time,
2013-02-28,PCU5241265241261,2013-01,2013-02-28,1,1,148.19999999999999,usable,latest;not point-in-time,
2013-03-29,PCU5241265241261,2013-02,2013-03-29,1,1,148.40000000000001,usable,latest;not point-in-time,
2013-04-30,PCU5241265241261,2013-03,2013-04-30,1,1,148.5,usable,latest;not point-in-time,
2013-05-31,PCU5241265241261,2013-04,2013-05-31,1,1,148.40000000000001,usable,latest;not point-in-time,
2013-06-28,PCU5241265241261,2013-05,2013-06-28,1,1,148.59999999999999,usable,latest;not point-in-time,
2013-07-31,PCU5241265241261,2013-06,2013-07-31,1,1,148.80000000000001,usable,latest;not point-in-time,
2013-08-30,PCU5241265241261,2013-07,2013-08-30,1,1,149.40000000000001,usable,latest;not point-in-time,
2013-09-30,PCU5241265241261,2013-08,2013-09-30,1,1,149.5,usable,latest;not point-in-time,
2013-10-31,PCU5241265241261,2013-09,2013-10-31,1,1,149.59999999999999,usable,latest;not point-in-time,
2013-11-29,PCU5241265241261,2013-10,2013-11-29,1,1,149.69999999999999,usable,latest;not point-in-time,
2013-12-31,PCU5241265241261,2013-11,2013-12-31,1,1,150.19999999999999,usable,latest;not point-in-time,
2014-01-31,PCU5241265241261,2013-12,2014-01-31,1,1,150.30000000000001,usable,latest;not point-in-time,
2014-02-28,PCU5241265241261,2014-01,2014-02-28,1,1,150.69999999999999,usable,latest;not point-in-time,
2014-03-31,PCU5241265241261,2014-02,2014-03-31,1,1,150.90000000000001,usable,latest;not point-in-time,
2014-04-30,PCU5241265241261,2014-03,2014-04-30,1,1,150.90000000000001,usable,latest;not point-in-time,
2014-05-30,PCU5241265241261,2014-04,2014-05-30,1,1,152.59999999999999,usable,latest;not point-in-time,
2014-06-30,PCU5241265241261,2014-05,2014-06-30,1,1,152.59999999999999,usable,latest;not point-in-time,
2014-07-31,PCU5241265241261,2014-06,2014-07-31,1,1,152.59999999999999,usable,latest;not point-in-time,
2014-08-29,PCU5241265241261,2014-07,2014-08-29,1,1,152.59999999999999,usable,latest;not point-in-time,
2014-09-30,PCU5241265241261,2014-08,2014-09-30,1,1,152.69999999999999,usable,latest;not point-in-time,
2014-10-31,PCU5241265241261,2014-09,2014-10-31,1,1,152.69999999999999,usable,latest;not point-in-time,
2014-11-28,PCU5241265241261,2014-10,2014-11-28,1,1,152.69999999999999,usable,latest;not point-in-time,
2014-12-31,PCU5241265241261,2014-11,2014-12-31,1,1,154.69999999999999,usable,latest;not point-in-time,
2015-01-30,PCU5241265241261,2014-12,2015-01-30,1,1,154.69999999999999,usable,latest;not point-in-time,
2015-02-27,PCU5241265241261,2015-01,2015-02-27,1,1,154.19999999999999,usable,latest;not point-in-time,
2015-03-31,PCU5241265241261,2015-02,2015-03-31,1,1,154.69999999999999,usable,latest;not point-in-time,
2015-04-30,PCU5241265241261,2015-03,2015-04-30,1,1,154.69999999999999,usable,latest;not point-in-time,
2015-05-29,PCU5241265241261,2015-04,2015-05-29,1,1,155.59999999999999,usable,latest;not point-in-time,
2015-06-30,PCU5241265241261,2015-05,2015-06-30,1,1,155.80000000000001,usable,latest;not point-in-time,
2015-07-31,PCU5241265241261,2015-06,2015-07-31,1,1,156,usable,latest;not point-in-time,
2015-08-31,PCU5241265241261,2015-07,2015-08-31,1,1,156.90000000000001,usable,latest;not point-in-time,
2015-09-30,PCU5241265241261,2015-08,2015-09-30,1,1,157.19999999999999,usable,latest;not point-in-time,
2015-10-30,PCU5241265241261,2015-09,2015-10-30,1,1,157.40000000000001,usable,latest;not point-in-time,
2015-11-30,PCU5241265241261,2015-10,2015-11-30,1,1,158.90000000000001,usable,latest;not point-in-time,
2015-12-31,PCU5241265241261,2015-11,2015-12-31,1,1,159.40000000000001,usable,latest;not point-in-time,
2016-01-29,PCU5241265241261,2015-12,2016-01-29,1,1,160,usable,latest;not point-in-time,
2016-02-29,PCU5241265241261,2016-01,2016-02-29,1,1,160.40000000000001,usable,latest;not point-in-time,
2016-03-31,PCU5241265241261,2016-02,2016-03-31,1,1,161,usable,latest;not point-in-time,
2016-04-29,PCU5241265241261,2016-03,2016-04-29,1,1,161.19999999999999,usable,latest;not point-in-time,
2016-05-31,PCU5241265241261,2016-04,2016-05-31,1,1,162.90000000000001,usable,latest;not point-in-time,
2016-06-30,PCU5241265241261,2016-05,2016-06-30,1,1,163.09999999999999,usable,latest;not point-in-time,
2016-07-29,PCU5241265241261,2016-06,2016-07-29,1,1,163.19999999999999,usable,latest;not point-in-time,
2016-08-31,PCU5241265241261,2016-07,2016-08-31,1,1,164.5,usable,latest;not point-in-time,
2016-09-30,PCU5241265241261,2016-08,2016-09-30,1,1,164.59999999999999,usable,latest;not point-in-time,
2016-10-31,PCU5241265241261,2016-09,2016-10-31,1,1,164.5,usable,latest;not point-in-time,
2016-11-30,PCU5241265241261,2016-10,2016-11-30,1,1,168.40000000000001,usable,latest;not point-in-time,
2016-12-30,PCU5241265241261,2016-11,2016-12-30,1,1,168.5,usable,latest;not point-in-time,
2017-01-31,PCU5241265241261,2016-12,2017-01-31,1,1,168.5,usable,latest;not point-in-time,
2017-02-28,PCU5241265241261,2017-01,2017-02-28,1,1,168.69999999999999,usable,latest;not point-in-time,
2017-03-31,PCU5241265241261,2017-02,2017-03-31,1,1,168.80000000000001,usable,latest;not point-in-time,
2017-04-28,PCU5241265241261,2017-03,2017-04-28,1,1,169,usable,latest;not point-in-time,
2017-05-31,PCU5241265241261,2017-04,2017-05-31,1,1,173.5,usable,latest;not point-in-time,
2017-06-30,PCU5241265241261,2017-05,2017-06-30,1,1,173.59999999999999,usable,latest;not point-in-time,
2017-07-31,PCU5241265241261,2017-06,2017-07-31,1,1,176.30000000000001,usable,latest;not point-in-time,
2017-08-31,PCU5241265241261,2017-07,2017-08-31,1,1,176.5,usable,latest;not point-in-time,
2017-09-29,PCU5241265241261,2017-08,2017-09-29,1,1,176.5,usable,latest;not point-in-time,
2017-10-31,PCU5241265241261,2017-09,2017-10-31,1,1,177.30000000000001,usable,latest;not point-in-time,
2017-11-30,PCU5241265241261,2017-10,2017-11-30,1,1,177.69999999999999,usable,latest;not point-in-time,
2017-12-29,PCU5241265241261,2017-11,2017-12-29,1,1,177.80000000000001,usable,latest;not point-in-time,
2018-01-31,PCU5241265241261,2017-12,2018-01-31,1,1,181,usable,latest;not point-in-time,
2018-02-28,PCU5241265241261,2018-01,2018-02-28,1,1,181.19999999999999,usable,latest;not point-in-time,
2018-03-30,PCU5241265241261,2018-02,2018-03-30,1,1,181.30000000000001,usable,latest;not point-in-time,
2018-04-30,PCU5241265241261,2018-03,2018-04-30,1,1,181.80000000000001,usable,latest;not point-in-time,
2018-05-31,PCU5241265241261,2018-04,2018-05-31,1,1,182.09999999999999,usable,latest;not point-in-time,
2018-06-29,PCU5241265241261,2018-05,2018-06-29,1,1,182.69999999999999,usable,latest;not point-in-time,
2018-07-31,PCU5241265241261,2018-06,2018-07-31,1,1,181.90000000000001,usable,latest;not point-in-time,
2018-08-31,PCU5241265241261,2018-07,2018-08-31,1,1,183.19999999999999,usable,latest;not point-in-time,
2018-09-28,PCU5241265241261,2018-08,2018-09-28,1,1,183.30000000000001,usable,latest;not point-in-time,
2018-10-31,PCU5241265241261,2018-09,2018-10-31,1,1,183.59999999999999,usable,latest;not point-in-time,
2018-11-30,PCU5241265241261,2018-10,2018-11-30,1,1,183.80000000000001,usable,latest;not point-in-time,
2018-12-31,PCU5241265241261,2018-11,2018-12-31,1,1,183.80000000000001,usable,latest;not point-in-time,
2019-01-31,PCU5241265241261,2018-12,2019-01-31,1,1,185,usable,latest;not point-in-time,
2019-02-28,PCU5241265241261,2019-01,2019-02-28,1,1,184.90000000000001,usable,latest;not point-in-time,
2019-03-29,PCU5241265241261,2019-02,2019-03-29,1,1,185,usable,latest;not point-in-time,
2019-04-30,PCU5241265241261,2019-03,2019-04-30,1,1,185.09999999999999,usable,latest;not point-in-time,
2019-05-31,PCU5241265241261,2019-04,2019-05-31,1,1,185.19999999999999,usable,latest;not point-in-time,
2019-06-28,PCU5241265241261,2019-05,2019-06-28,1,1,186,usable,latest;not point-in-time,
2019-07-31,PCU5241265241261,2019-06,2019-07-31,1,1,187.30000000000001,usable,latest;not point-in-time,
2019-08-30,PCU5241265241261,2019-07,2019-08-30,1,1,189.40000000000001,usable,latest;not point-in-time,
2019-09-30,PCU5241265241261,2019-08,2019-09-30,1,1,189.59999999999999,usable,latest;not point-in-time,
2019-10-31,PCU5241265241261,2019-09,2019-10-31,1,1,189.90000000000001,usable,latest;not point-in-time,
2019-11-29,PCU5241265241261,2019-10,2019-11-29,1,1,190.80000000000001,usable,latest;not point-in-time,
2019-12-31,PCU5241265241261,2019-11,2019-12-31,1,1,190.59999999999999,usable,latest;not point-in-time,
2020-01-31,PCU5241265241261,2019-12,2020-01-31,1,1,190.5,usable,latest;not point-in-time,
2020-02-28,PCU5241265241261,2020-01,2020-02-28,1,1,190.80000000000001,usable,latest;not point-in-time,
2020-03-31,PCU5241265241261,2020-02,2020-03-31,1,1,190.80000000000001,usable,latest;not point-in-time,
2020-04-30,PCU5241265241261,2020-03,2020-04-30,1,1,190.90000000000001,usable,latest;not point-in-time,
2020-05-29,PCU5241265241261,2020-04,2020-05-29,1,1,190.19999999999999,usable,latest;not point-in-time,
2020-06-30,PCU5241265241261,2020-05,2020-06-30,1,1,190.80000000000001,usable,latest;not point-in-time,
2020-07-31,PCU5241265241261,2020-06,2020-07-31,1,1,191.59999999999999,usable,latest;not point-in-time,
2020-08-31,PCU5241265241261,2020-07,2020-08-31,1,1,190.80000000000001,usable,latest;not point-in-time,
2020-09-30,PCU5241265241261,2020-08,2020-09-30,1,1,191,usable,latest;not point-in-time,
2020-10-30,PCU5241265241261,2020-09,2020-10-30,1,1,191,usable,latest;not point-in-time,
2020-11-30,PCU5241265241261,2020-10,2020-11-30,1,1,190.19999999999999,usable,latest;not point-in-time,
2020-12-31,PCU5241265241261,2020-11,2020-12-31,1,1,190.19999999999999,usable,latest;not point-in-time,
2021-01-29,PCU5241265241261,2020-12,2021-01-29,1,1,190.19999999999999,usable,latest;not point-in-time,
2021-02-26,PCU5241265241261,2021-01,2021-02-26,1,1,183.19999999999999,usable,latest;not point-in-time,
2021-03-31,PCU5241265241261,2021-02,2021-03-31,1,1,182.5,usable,latest;not point-in-time,
2021-04-30,PCU5241265241261,2021-03,2021-04-30,1,1,182.30000000000001,usable,latest;not point-in-time,
2021-05-31,PCU5241265241261,2021-04,2021-05-31,1,1,181.59999999999999,usable,latest;not point-in-time,
2021-06-30,PCU5241265241261,2021-05,2021-06-30,1,1,182.19999999999999,usable,latest;not point-in-time,
2021-07-30,PCU5241265241261,2021-06,2021-07-30,1,1,183.59999999999999,usable,latest;not point-in-time,
2021-08-31,PCU5241265241261,2021-07,2021-08-31,1,1,185.684,usable,latest;not point-in-time,
2021-09-30,PCU5241265241261,2021-08,2021-09-30,1,1,185.571,usable,latest;not point-in-time,
2021-10-29,PCU5241265241261,2021-09,2021-10-29,1,1,185.476,usable,latest;not point-in-time,
2021-11-30,PCU5241265241261,2021-10,2021-11-30,1,1,184.36500000000001,usable,latest;not point-in-time,
2021-12-31,PCU5241265241261,2021-11,2021-12-31,1,1,184.38399999999999,usable,latest;not point-in-time,
2022-01-31,PCU5241265241261,2021-12,2022-01-31,1,1,185.11600000000001,usable,latest;not point-in-time,
2022-02-28,PCU5241265241261,2022-01,2022-02-28,1,1,184.81100000000001,usable,latest;not point-in-time,
2022-03-31,PCU5241265241261,2022-02,2022-03-31,1,1,185.98500000000001,usable,latest;not point-in-time,
2022-04-29,PCU5241265241261,2022-03,2022-04-29,1,1,185.87100000000001,usable,latest;not point-in-time,
2022-05-31,PCU5241265241261,2022-04,2022-05-31,1,1,186.67699999999999,usable,latest;not point-in-time,
2022-06-30,PCU5241265241261,2022-05,2022-06-30,1,1,186.80000000000001,usable,latest;not point-in-time,
2022-07-29,PCU5241265241261,2022-06,2022-07-29,1,1,188.661,usable,latest;not point-in-time,
2022-08-31,PCU5241265241261,2022-07,2022-08-31,1,1,191.93100000000001,usable,latest;not point-in-time,
2022-09-30,PCU5241265241261,2022-08,2022-09-30,1,1,192.40799999999999,usable,latest;not point-in-time,
2022-10-31,PCU5241265241261,2022-09,2022-10-31,1,1,192.75800000000001,usable,latest;not point-in-time,
2022-11-30,PCU5241265241261,2022-10,2022-11-30,1,1,193.95599999999999,usable,latest;not point-in-time,
2022-12-30,PCU5241265241261,2022-11,2022-12-30,1,1,194.22900000000001,usable,latest;not point-in-time,
2023-01-31,PCU5241265241261,2022-12,2023-01-31,1,1,198.053,usable,latest;not point-in-time,
2023-02-28,PCU5241265241261,2023-01,2023-02-28,1,1,202.40199999999999,usable,latest;not point-in-time,
2023-03-31,PCU5241265241261,2023-02,2023-03-31,1,1,202.02099999999999,usable,latest;not point-in-time,
2023-04-28,PCU5241265241261,2023-03,2023-04-28,1,1,202.476,usable,latest;not point-in-time,
2023-05-31,PCU5241265241261,2023-04,2023-05-31,1,1,203.964,usable,latest;not point-in-time,
2023-06-30,PCU5241265241261,2023-05,2023-06-30,1,1,205.262,usable,latest;not point-in-time,
2023-07-31,PCU5241265241261,2023-06,2023-07-31,1,1,214.56899999999999,usable,latest;not point-in-time,
2023-08-31,PCU5241265241261,2023-07,2023-08-31,1,1,214.857,usable,latest;not point-in-time,
1999-12-31,CUSR0000SETA02,1999-11,1999-12-31,1,1,156.09999999999999,usable,latest;not point-in-time,
2000-01-31,CUSR0000SETA02,1999-12,2000-01-31,1,1,155,usable,latest;not point-in-time,
2000-02-29,CUSR0000SETA02,2000-01,2000-02-29,1,1,153.90000000000001,usable,latest;not point-in-time,
2000-03-31,CUSR0000SETA02,2000-02,2000-03-31,1,1,153,usable,latest;not point-in-time,
2000-04-28,CUSR0000SETA02,2000-03,2000-04-28,1,1,153,usable,latest;not point-in-time,
2000-05-31,CUSR0000SETA02,2000-04,2000-05-31,1,1,154,usable,latest;not point-in-time,
2000-06-30,CUSR0000SETA02,2000-05,2000-06-30,1,1,155.40000000000001,usable,latest;not point-in-time,
2000-07-31,CUSR0000SETA02,2000-06,2000-07-31,1,1,155.69999999999999,usable,latest;not point-in-time,
2000-08-31,CUSR0000SETA02,2000-07,2000-08-31,1,1,155.30000000000001,usable,latest;not point-in-time,
2000-09-29,CUSR0000SETA02,2000-08,2000-09-29,1,1,155.19999999999999,usable,latest;not point-in-time,
2000-10-31,CUSR0000SETA02,2000-09,2000-10-31,1,1,156.19999999999999,usable,latest;not point-in-time,
2000-11-30,CUSR0000SETA02,2000-10,2000-11-30,1,1,157.90000000000001,usable,latest;not point-in-time,
2000-12-29,CUSR0000SETA02,2000-11,2000-12-29,1,1,159.30000000000001,usable,latest;not point-in-time,
2001-01-31,CUSR0000SETA02,2000-12,2001-01-31,1,1,160.19999999999999,usable,latest;not point-in-time,
2001-02-28,CUSR0000SETA02,2001-01,2001-02-28,1,1,160.40000000000001,usable,latest;not point-in-time,
2001-03-30,CUSR0000SETA02,2001-02,2001-03-30,1,1,160.40000000000001,usable,latest;not point-in-time,
2001-04-30,CUSR0000SETA02,2001-03,2001-04-30,1,1,159.90000000000001,usable,latest;not point-in-time,
2001-05-31,CUSR0000SETA02,2001-04,2001-05-31,1,1,159.69999999999999,usable,latest;not point-in-time,
2001-06-29,CUSR0000SETA02,2001-05,2001-06-29,1,1,159.09999999999999,usable,latest;not point-in-time,
2001-07-31,CUSR0000SETA02,2001-06,2001-07-31,1,1,158.90000000000001,usable,latest;not point-in-time,
2001-08-31,CUSR0000SETA02,2001-07,2001-08-31,1,1,158.30000000000001,usable,latest;not point-in-time,
2001-09-28,CUSR0000SETA02,2001-08,2001-09-28,1,1,158,usable,latest;not point-in-time,
2001-10-31,CUSR0000SETA02,2001-09,2001-10-31,1,1,157.30000000000001,usable,latest;not point-in-time,
2001-11-30,CUSR0000SETA02,2001-10,2001-11-30,1,1,157.80000000000001,usable,latest;not point-in-time,
2001-12-31,CUSR0000SETA02,2001-11,2001-12-31,1,1,157.40000000000001,usable,latest;not point-in-time,
2002-01-31,CUSR0000SETA02,2001-12,2002-01-31,1,1,157.19999999999999,usable,latest;not point-in-time,
2002-02-28,CUSR0000SETA02,2002-01,2002-02-28,1,1,155.59999999999999,usable,latest;not point-in-time,
2002-03-29,CUSR0000SETA02,2002-02,2002-03-29,1,1,153.90000000000001,usable,latest;not point-in-time,
2002-04-30,CUSR0000SETA02,2002-03,2002-04-30,1,1,152.09999999999999,usable,latest;not point-in-time,
2002-05-31,CUSR0000SETA02,2002-04,2002-05-31,1,1,151.80000000000001,usable,latest;not point-in-time,
2002-06-28,CUSR0000SETA02,2002-05,2002-06-28,1,1,151.80000000000001,usable,latest;not point-in-time,
2002-07-31,CUSR0000SETA02,2002-06,2002-07-31,1,1,152.19999999999999,usable,latest;not point-in-time,
2002-08-30,CUSR0000SETA02,2002-07,2002-08-30,1,1,152.69999999999999,usable,latest;not point-in-time,
2002-09-30,CUSR0000SETA02,2002-08,2002-09-30,1,1,153.40000000000001,usable,latest;not point-in-time,
2002-10-31,CUSR0000SETA02,2002-09,2002-10-31,1,1,152.19999999999999,usable,latest;not point-in-time,
2002-11-29,CUSR0000SETA02,2002-10,2002-11-29,1,1,150.69999999999999,usable,latest;not point-in-time,
2002-12-31,CUSR0000SETA02,2002-11,2002-12-31,1,1,148.80000000000001,usable,latest;not point-in-time,
2003-01-31,CUSR0000SETA02,2002-12,2003-01-31,1,1,148.5,usable,latest;not point-in-time,
2003-02-28,CUSR0000SETA02,2003-01,2003-02-28,1,1,148.30000000000001,usable,latest;not point-in-time,
2003-03-31,CUSR0000SETA02,2003-02,2003-03-31,1,1,148.40000000000001,usable,latest;not point-in-time,
2003-04-30,CUSR0000SETA02,2003-03,2003-04-30,1,1,148.5,usable,latest;not point-in-time,
2003-05-30,CUSR0000SETA02,2003-04,2003-05-30,1,1,148.40000000000001,usable,latest;not point-in-time,
2003-06-30,CUSR0000SETA02,2003-05,2003-06-30,1,1,147.90000000000001,usable,latest;not point-in-time,
2003-07-31,CUSR0000SETA02,2003-06,2003-07-31,1,1,147.40000000000001,usable,latest;not point-in-time,
2003-08-29,CUSR0000SETA02,2003-07,2003-08-29,1,1,145.69999999999999,usable,latest;not point-in-time,
2003-09-30,CUSR0000SETA02,2003-08,2003-09-30,1,1,143.30000000000001,usable,latest;not point-in-time,
2003-10-31,CUSR0000SETA02,2003-09,2003-10-31,1,1,139,usable,latest;not point-in-time,
2003-11-28,CUSR0000SETA02,2003-10,2003-11-28,1,1,135.09999999999999,usable,latest;not point-in-time,
2003-12-31,CUSR0000SETA02,2003-11,2003-12-31,1,1,132,usable,latest;not point-in-time,
2004-01-30,CUSR0000SETA02,2003-12,2004-01-30,1,1,131,usable,latest;not point-in-time,
2004-02-27,CUSR0000SETA02,2004-01,2004-02-27,1,1,131.80000000000001,usable,latest;not point-in-time,
2004-03-31,CUSR0000SETA02,2004-02,2004-03-31,1,1,131.80000000000001,usable,latest;not point-in-time,
2004-04-30,CUSR0000SETA02,2004-03,2004-04-30,1,1,131.80000000000001,usable,latest;not point-in-time,
2004-05-31,CUSR0000SETA02,2004-04,2004-05-31,1,1,131.59999999999999,usable,latest;not point-in-time,
2004-06-30,CUSR0000SETA02,2004-05,2004-06-30,1,1,131.80000000000001,usable,latest;not point-in-time,
2004-07-30,CUSR0000SETA02,2004-06,2004-07-30,1,1,129.90000000000001,usable,latest;not point-in-time,
2004-08-31,CUSR0000SETA02,2004-07,2004-08-31,1,1,130.90000000000001,usable,latest;not point-in-time,
2004-09-30,CUSR0000SETA02,2004-08,2004-09-30,1,1,132,usable,latest;not point-in-time,
2004-10-29,CUSR0000SETA02,2004-09,2004-10-29,1,1,135.5,usable,latest;not point-in-time,
2004-11-30,CUSR0000SETA02,2004-10,2004-11-30,1,1,136.69999999999999,usable,latest;not point-in-time,
2004-12-31,CUSR0000SETA02,2004-11,2004-12-31,1,1,137.69999999999999,usable,latest;not point-in-time,
2005-01-31,CUSR0000SETA02,2004-12,2005-01-31,1,1,138.40000000000001,usable,latest;not point-in-time,
2005-02-28,CUSR0000SETA02,2005-01,2005-02-28,1,1,138.59999999999999,usable,latest;not point-in-time,
2005-03-31,CUSR0000SETA02,2005-02,2005-03-31,1,1,138.40000000000001,usable,latest;not point-in-time,
2005-04-29,CUSR0000SETA02,2005-03,2005-04-29,1,1,138.30000000000001,usable,latest;not point-in-time,
2005-05-31,CUSR0000SETA02,2005-04,2005-05-31,1,1,138.40000000000001,usable,latest;not point-in-time,
2005-06-30,CUSR0000SETA02,2005-05,2005-06-30,1,1,138.80000000000001,usable,latest;not point-in-time,
2005-07-29,CUSR0000SETA02,2005-06,2005-07-29,1,1,139.30000000000001,usable,latest;not point-in-time,
2005-08-31,CUSR0000SETA02,2005-07,2005-08-31,1,1,139.90000000000001,usable,latest;not point-in-time,
2005-09-30,CUSR0000SETA02,2005-08,2005-09-30,1,1,140.09999999999999,usable,latest;not point-in-time,
2005-10-31,CUSR0000SETA02,2005-09,2005-10-31,1,1,140.30000000000001,usable,latest;not point-in-time,
2005-11-30,CUSR0000SETA02,2005-10,2005-11-30,1,1,140.19999999999999,usable,latest;not point-in-time,
2005-12-30,CUSR0000SETA02,2005-11,2005-12-30,1,1,140.30000000000001,usable,latest;not point-in-time,
2006-01-31,CUSR0000SETA02,2005-12,2006-01-31,1,1,140.19999999999999,usable,latest;not point-in-time,
2006-02-28,CUSR0000SETA02,2006-01,2006-02-28,1,1,140.30000000000001,usable,latest;not point-in-time,
2006-03-31,CUSR0000SETA02,2006-02,2006-03-31,1,1,140.40000000000001,usable,latest;not point-in-time,
2006-04-28,CUSR0000SETA02,2006-03,2006-04-28,1,1,140.80000000000001,usable,latest;not point-in-time,
2006-05-31,CUSR0000SETA02,2006-04,2006-05-31,1,1,141,usable,latest;not point-in-time,
2006-06-30,CUSR0000SETA02,2006-05,2006-06-30,1,1,141.09999999999999,usable,latest;not point-in-time,
2006-07-31,CUSR0000SETA02,2006-06,2006-07-31,1,1,141,usable,latest;not point-in-time,
2006-08-31,CUSR0000SETA02,2006-07,2006-08-31,1,1,140.69999999999999,usable,latest;not point-in-time,
2006-09-29,CUSR0000SETA02,2006-08,2006-09-29,1,1,140.40000000000001,usable,latest;not point-in-time,
2006-10-31,CUSR0000SETA02,2006-09,2006-10-31,1,1,139.90000000000001,usable,latest;not point-in-time,
2006-11-30,CUSR0000SETA02,2006-10,2006-11-30,1,1,139,usable,latest;not point-in-time,
2006-12-29,CUSR0000SETA02,2006-11,2006-12-29,1,1,138.30000000000001,usable,latest;not point-in-time,
2007-01-31,CUSR0000SETA02,2006-12,2007-01-31,1,1,137.19999999999999,usable,latest;not point-in-time,
2007-02-28,CUSR0000SETA02,2007-01,2007-02-28,1,1,136.16900000000001,usable,latest;not point-in-time,
2007-03-30,CUSR0000SETA02,2007-02,2007-03-30,1,1,135.53299999999999,usable,latest;not point-in-time,
2007-04-30,CUSR0000SETA02,2007-03,2007-04-30,1,1,135.20099999999999,usable,latest;not point-in-time,
2007-05-31,CUSR0000SETA02,2007-04,2007-05-31,1,1,134.995,usable,latest;not point-in-time,
2007-06-29,CUSR0000SETA02,2007-05,2007-06-29,1,1,134.65299999999999,usable,latest;not point-in-time,
2007-07-31,CUSR0000SETA02,2007-06,2007-07-31,1,1,134.56999999999999,usable,latest;not point-in-time,
2007-08-31,CUSR0000SETA02,2007-07,2007-08-31,1,1,134.74799999999999,usable,latest;not point-in-time,
2007-09-28,CUSR0000SETA02,2007-08,2007-09-28,1,1,135.255,usable,latest;not point-in-time,
2007-10-31,CUSR0000SETA02,2007-09,2007-10-31,1,1,136.02199999999999,usable,latest;not point-in-time,
2007-11-30,CUSR0000SETA02,2007-10,2007-11-30,1,1,136.70699999999999,usable,latest;not point-in-time,
2007-12-31,CUSR0000SETA02,2007-11,2007-12-31,1,1,137.559,usable,latest;not point-in-time,
2008-01-31,CUSR0000SETA02,2007-12,2008-01-31,1,1,137.85499999999999,usable,latest;not point-in-time,
2008-02-29,CUSR0000SETA02,2008-01,2008-02-29,1,1,138.93799999999999,usable,latest;not point-in-time,
2008-03-31,CUSR0000SETA02,2008-02,2008-03-31,1,1,138.81800000000001,usable,latest;not point-in-time,
2008-04-30,CUSR0000SETA02,2008-03,2008-04-30,1,1,138.541,usable,latest;not point-in-time,
2008-05-30,CUSR0000SETA02,2008-04,2008-05-30,1,1,137.65899999999999,usable,latest;not point-in-time,
2008-06-30,CUSR0000SETA02,2008-05,2008-06-30,1,1,136.393,usable,latest;not point-in-time,
2008-07-31,CUSR0000SETA02,2008-06,2008-07-31,1,1,135.02000000000001,usable,latest;not point-in-time,
2008-08-29,CUSR0000SETA02,2008-07,2008-08-29,1,1,133.709,usable,latest;not point-in-time,
2008-09-30,CUSR0000SETA02,2008-08,2008-09-30,1,1,132.535,usable,latest;not point-in-time,
2008-10-31,CUSR0000SETA02,2008-09,2008-10-31,1,1,131.17599999999999,usable,latest;not point-in-time,
2008-11-28,CUSR0000SETA02,2008-10,2008-11-28,1,1,129.40700000000001,usable,latest;not point-in-time,
2008-12-31,CUSR0000SETA02,2008-11,2008-12-31,1,1,128.048,usable,latest;not point-in-time,
2009-01-30,CUSR0000SETA02,2008-12,2009-01-30,1,1,127.32299999999999,usable,latest;not point-in-time,
2009-02-27,CUSR0000SETA02,2009-01,2009-02-27,1,1,126.66800000000001,usable,latest;not point-in-time,
2009-03-31,CUSR0000SETA02,2009-02,2009-03-31,1,1,124.405,usable,latest;not point-in-time,
2009-04-30,CUSR0000SETA02,2009-03,2009-04-30,1,1,122.20999999999999,usable,latest;not point-in-time,
2009-05-29,CUSR0000SETA02,2009-04,2009-05-29,1,1,121.887,usable,latest;not point-in-time,
2009-06-30,CUSR0000SETA02,2009-05,2009-06-30,1,1,122.533,usable,latest;not point-in-time,
2009-07-31,CUSR0000SETA02,2009-06,2009-07-31,1,1,123.236,usable,latest;not point-in-time,
2009-08-31,CUSR0000SETA02,2009-07,2009-08-31,1,1,122.84399999999999,usable,latest;not point-in-time,
2009-09-30,CUSR0000SETA02,2009-08,2009-09-30,1,1,125.011,usable,latest;not point-in-time,
2009-10-30,CUSR0000SETA02,2009-09,2009-10-30,1,1,127.631,usable,latest;not point-in-time,
2009-11-30,CUSR0000SETA02,2009-10,2009-11-30,1,1,132.47499999999999,usable,latest;not point-in-time,
2009-12-31,CUSR0000SETA02,2009-11,2009-12-31,1,1,135.72999999999999,usable,latest;not point-in-time,
2010-01-29,CUSR0000SETA02,2009-12,2010-01-29,1,1,139.376,usable,latest;not point-in-time,
2010-02-26,CUSR0000SETA02,2010-01,2010-02-26,1,1,142.82900000000001,usable,latest;not point-in-time,
2010-03-31,CUSR0000SETA02,2010-02,2010-03-31,1,1,143.173,usable,latest;not point-in-time,
2010-04-30,CUSR0000SETA02,2010-03,2010-04-30,1,1,142.37700000000001,usable,latest;not point-in-time,
2010-05-31,CUSR0000SETA02,2010-04,2010-05-31,1,1,141.68000000000001,usable,latest;not point-in-time,
2010-06-30,CUSR0000SETA02,2010-05,2010-06-30,1,1,140.952,usable,latest;not point-in-time,
2010-07-30,CUSR0000SETA02,2010-06,2010-07-30,1,1,141.95099999999999,usable,latest;not point-in-time,
2010-08-31,CUSR0000SETA02,2010-07,2010-08-31,1,1,142.512,usable,latest;not point-in-time,
2010-09-30,CUSR0000SETA02,2010-08,2010-09-30,1,1,143.41999999999999,usable,latest;not point-in-time,
2010-10-29,CUSR0000SETA02,2010-09,2010-10-29,1,1,144.03200000000001,usable,latest;not point-in-time,
2010-11-30,CUSR0000SETA02,2010-10,2010-11-30,1,1,144.31299999999999,usable,latest;not point-in-time,
2010-12-31,CUSR0000SETA02,2010-11,2010-12-31,1,1,144.751,usable,latest;not point-in-time,
2011-01-31,CUSR0000SETA02,2010-12,2011-01-31,1,1,145.66900000000001,usable,latest;not point-in-time,
2011-02-28,CUSR0000SETA02,2011-01,2011-02-28,1,1,146.47800000000001,usable,latest;not point-in-time,
2011-03-31,CUSR0000SETA02,2011-02,2011-03-31,1,1,146.18199999999999,usable,latest;not point-in-time,
2011-04-29,CUSR0000SETA02,2011-03,2011-04-29,1,1,145.64599999999999,usable,latest;not point-in-time,
2011-05-31,CUSR0000SETA02,2011-04,2011-05-31,1,1,145.542,usable,latest;not point-in-time,
2011-06-30,CUSR0000SETA02,2011-05,2011-06-30,1,1,146.476,usable,latest;not point-in-time,
2011-07-29,CUSR0000SETA02,2011-06,2011-07-29,1,1,148.518,usable,latest;not point-in-time,
2011-08-31,CUSR0000SETA02,2011-07,2011-08-31,1,1,149.971,usable,latest;not point-in-time,
2011-09-30,CUSR0000SETA02,2011-08,2011-09-30,1,1,151.31200000000001,usable,latest;not point-in-time,
2011-10-31,CUSR0000SETA02,2011-09,2011-10-31,1,1,151.67699999999999,usable,latest;not point-in-time,
2011-11-30,CUSR0000SETA02,2011-10,2011-11-30,1,1,151.98599999999999,usable,latest;not point-in-time,
2011-12-30,CUSR0000SETA02,2011-11,2011-12-30,1,1,152.18700000000001,usable,latest;not point-in-time,
2012-01-31,CUSR0000SETA02,2011-12,2012-01-31,1,1,152.083,usable,latest;not point-in-time,
2012-02-29,CUSR0000SETA02,2012-01,2012-02-29,1,1,151.10599999999999,usable,latest;not point-in-time,
2012-03-30,CUSR0000SETA02,2012-02,2012-03-30,1,1,149.893,usable,latest;not point-in-time,
2012-04-30,CUSR0000SETA02,2012-03,2012-04-30,1,1,149.26499999999999,usable,latest;not point-in-time,
2012-05-31,CUSR0000SETA02,2012-04,2012-05-31,1,1,150.053,usable,latest;not point-in-time,
2012-06-29,CUSR0000SETA02,2012-05,2012-06-29,1,1,151.58699999999999,usable,latest;not point-in-time,
2012-07-31,CUSR0000SETA02,2012-06,2012-07-31,1,1,152.26300000000001,usable,latest;not point-in-time,
2012-08-31,CUSR0000SETA02,2012-07,2012-08-31,1,1,151.97,usable,latest;not point-in-time,
2012-09-28,CUSR0000SETA02,2012-08,2012-09-28,1,1,150.87100000000001,usable,latest;not point-in-time,
2012-10-31,CUSR0000SETA02,2012-09,2012-10-31,1,1,149.64699999999999,usable,latest;not point-in-time,
2012-11-30,CUSR0000SETA02,2012-10,2012-11-30,1,1,148.98599999999999,usable,latest;not point-in-time,
2012-12-31,CUSR0000SETA02,2012-11,2012-12-31,1,1,148.93199999999999,usable,latest;not point-in-time,
2013-01-31,CUSR0000SETA02,2012-12,2013-01-31,1,1,149.24299999999999,usable,latest;not point-in-time,
2013-02-28,CUSR0000SETA02,2013-01,2013-02-28,1,1,149.74100000000001,usable,latest;not point-in-time,
2013-03-29,CUSR0000SETA02,2013-02,2013-03-29,1,1,149.78899999999999,usable,latest;not point-in-time,
2013-04-30,CUSR0000SETA02,2013-03,2013-04-30,1,1,148.91200000000001,usable,latest;not point-in-time,
2013-05-31,CUSR0000SETA02,2013-04,2013-05-31,1,1,148.577,usable,latest;not point-in-time,
2013-06-28,CUSR0000SETA02,2013-05,2013-06-28,1,1,148.501,usable,latest;not point-in-time,
2013-07-31,CUSR0000SETA02,2013-06,2013-07-31,1,1,148.74199999999999,usable,latest;not point-in-time,
2013-08-30,CUSR0000SETA02,2013-07,2013-08-30,1,1,149.05799999999999,usable,latest;not point-in-time,
2013-09-30,CUSR0000SETA02,2013-08,2013-09-30,1,1,149.53899999999999,usable,latest;not point-in-time,
2013-10-31,CUSR0000SETA02,2013-09,2013-10-31,1,1,150.458,usable,latest;not point-in-time,
2013-11-29,CUSR0000SETA02,2013-10,2013-11-29,1,1,151.24799999999999,usable,latest;not point-in-time,
2013-12-31,CUSR0000SETA02,2013-11,2013-12-31,1,1,151.99299999999999,usable,latest;not point-in-time,
2014-01-31,CUSR0000SETA02,2013-12,2014-01-31,1,1,152.45699999999999,usable,latest;not point-in-time,
2014-02-28,CUSR0000SETA02,2014-01,2014-02-28,1,1,151.535,usable,latest;not point-in-time,
2014-03-31,CUSR0000SETA02,2014-02,2014-03-31,1,1,150.71799999999999,usable,latest;not point-in-time,
2014-04-30,CUSR0000SETA02,2014-03,2014-04-30,1,1,149.64099999999999,usable,latest;not point-in-time,
2014-05-30,CUSR0000SETA02,2014-04,2014-05-30,1,1,149.21700000000001,usable,latest;not point-in-time,
2014-06-30,CUSR0000SETA02,2014-05,2014-06-30,1,1,149.006,usable,latest;not point-in-time,
2014-07-31,CUSR0000SETA02,2014-06,2014-07-31,1,1,148.92099999999999,usable,latest;not point-in-time,
2014-08-29,CUSR0000SETA02,2014-07,2014-08-29,1,1,149.21600000000001,usable,latest;not point-in-time,
2014-09-30,CUSR0000SETA02,2014-08,2014-09-30,1,1,149.47200000000001,usable,latest;not point-in-time,
2014-10-31,CUSR0000SETA02,2014-09,2014-10-31,1,1,149.85900000000001,usable,latest;not point-in-time,
2014-11-28,CUSR0000SETA02,2014-10,2014-11-28,1,1,148.95400000000001,usable,latest;not point-in-time,
2014-12-31,CUSR0000SETA02,2014-11,2014-12-31,1,1,147.488,usable,latest;not point-in-time,
2015-01-30,CUSR0000SETA02,2014-12,2015-01-30,1,1,145.83000000000001,usable,latest;not point-in-time,
2015-02-27,CUSR0000SETA02,2015-01,2015-02-27,1,1,144.875,usable,latest;not point-in-time,
2015-03-31,CUSR0000SETA02,2015-02,2015-03-31,1,1,147.26400000000001,usable,latest;not point-in-time,
2015-04-30,CUSR0000SETA02,2015-03,2015-04-30,1,1,147.69399999999999,usable,latest;not point-in-time,
2015-05-29,CUSR0000SETA02,2015-04,2015-05-29,1,1,148.404,usable,latest;not point-in-time,
2015-06-30,CUSR0000SETA02,2015-05,2015-06-30,1,1,149.28999999999999,usable,latest;not point-in-time,
2015-07-31,CUSR0000SETA02,2015-06,2015-07-31,1,1,149.47999999999999,usable,latest;not point-in-time,
2015-08-31,CUSR0000SETA02,2015-07,2015-08-31,1,1,149.078,usable,latest;not point-in-time,
2015-09-30,CUSR0000SETA02,2015-08,2015-09-30,1,1,148.29499999999999,usable,latest;not point-in-time,
2015-10-30,CUSR0000SETA02,2015-09,2015-10-30,1,1,147.554,usable,latest;not point-in-time,
2015-11-30,CUSR0000SETA02,2015-10,2015-11-30,1,1,146.39699999999999,usable,latest;not point-in-time,
2015-12-31,CUSR0000SETA02,2015-11,2015-12-31,1,1,144.84999999999999,usable,latest;not point-in-time,
2016-01-29,CUSR0000SETA02,2015-12,2016-01-29,1,1,143.95500000000001,usable,latest;not point-in-time,
2016-02-29,CUSR0000SETA02,2016-01,2016-02-29,1,1,144.63800000000001,usable,latest;not point-in-time,
2016-03-31,CUSR0000SETA02,2016-02,2016-03-31,1,1,143.97900000000001,usable,latest;not point-in-time,
2016-04-29,CUSR0000SETA02,2016-03,2016-04-29,1,1,143.65899999999999,usable,latest;not point-in-time,
2016-05-31,CUSR0000SETA02,2016-04,2016-05-31,1,1,145.47499999999999,usable,latest;not point-in-time,
2016-06-30,CUSR0000SETA02,2016-05,2016-06-30,1,1,146.416,usable,latest;not point-in-time,
2016-07-29,CUSR0000SETA02,2016-06,2016-07-29,1,1,144.887,usable,latest;not point-in-time,
2016-08-31,CUSR0000SETA02,2016-07,2016-08-31,1,1,143.27000000000001,usable,latest;not point-in-time,
2016-09-30,CUSR0000SETA02,2016-08,2016-09-30,1,1,142.803,usable,latest;not point-in-time,
2016-10-31,CUSR0000SETA02,2016-09,2016-10-31,1,1,144.851,usable,latest;not point-in-time,
2016-11-30,CUSR0000SETA02,2016-10,2016-11-30,1,1,142.21700000000001,usable,latest;not point-in-time,
2016-12-30,CUSR0000SETA02,2016-11,2016-12-30,1,1,139.97499999999999,usable,latest;not point-in-time,
2017-01-31,CUSR0000SETA02,2016-12,2017-01-31,1,1,139.45699999999999,usable,latest;not point-in-time,
2017-02-28,CUSR0000SETA02,2017-01,2017-02-28,1,1,138.761,usable,latest;not point-in-time,
2017-03-31,CUSR0000SETA02,2017-02,2017-03-31,1,1,138.71299999999999,usable,latest;not point-in-time,
2017-04-28,CUSR0000SETA02,2017-03,2017-04-28,1,1,139.232,usable,latest;not point-in-time,
2017-05-31,CUSR0000SETA02,2017-04,2017-05-31,1,1,138.596,usable,latest;not point-in-time,
2017-06-30,CUSR0000SETA02,2017-05,2017-06-30,1,1,138.601,usable,latest;not point-in-time,
2017-07-31,CUSR0000SETA02,2017-06,2017-07-31,1,1,137.691,usable,latest;not point-in-time,
2017-08-31,CUSR0000SETA02,2017-07,2017-08-31,1,1,136.87200000000001,usable,latest;not point-in-time,
2017-09-29,CUSR0000SETA02,2017-08,2017-09-29,1,1,136.875,usable,latest;not point-in-time,
2017-10-31,CUSR0000SETA02,2017-09,2017-10-31,1,1,135.03299999999999,usable,latest;not point-in-time,
2017-11-30,CUSR0000SETA02,2017-10,2017-11-30,1,1,137.803,usable,latest;not point-in-time,
2017-12-29,CUSR0000SETA02,2017-11,2017-12-29,1,1,138.261,usable,latest;not point-in-time,
2018-01-31,CUSR0000SETA02,2017-12,2018-01-31,1,1,138.12299999999999,usable,latest;not point-in-time,
2018-02-28,CUSR0000SETA02,2018-01,2018-02-28,1,1,138.559,usable,latest;not point-in-time,
2018-03-30,CUSR0000SETA02,2018-02,2018-03-30,1,1,138.643,usable,latest;not point-in-time,
2018-04-30,CUSR0000SETA02,2018-03,2018-04-30,1,1,138.21199999999999,usable,latest;not point-in-time,
2018-05-31,CUSR0000SETA02,2018-04,2018-05-31,1,1,137.876,usable,latest;not point-in-time,
2018-06-29,CUSR0000SETA02,2018-05,2018-06-29,1,1,138.53299999999999,usable,latest;not point-in-time,
2018-07-31,CUSR0000SETA02,2018-06,2018-07-31,1,1,137.952,usable,latest;not point-in-time,
2018-08-31,CUSR0000SETA02,2018-07,2018-08-31,1,1,137.608,usable,latest;not point-in-time,
2018-09-28,CUSR0000SETA02,2018-08,2018-09-28,1,1,138.09299999999999,usable,latest;not point-in-time,
2018-10-31,CUSR0000SETA02,2018-09,2018-10-31,1,1,136.91999999999999,usable,latest;not point-in-time,
2018-11-30,CUSR0000SETA02,2018-10,2018-11-30,1,1,138.24700000000001,usable,latest;not point-in-time,
2018-12-31,CUSR0000SETA02,2018-11,2018-12-31,1,1,139.76300000000001,usable,latest;not point-in-time,
2019-01-31,CUSR0000SETA02,2018-12,2019-01-31,1,1,140.18000000000001,usable,latest;not point-in-time,
2019-02-28,CUSR0000SETA02,2019-01,2019-02-28,1,1,142.214,usable,latest;not point-in-time,
2019-03-29,CUSR0000SETA02,2019-02,2019-03-29,1,1,142.27199999999999,usable,latest;not point-in-time,
2019-04-30,CUSR0000SETA02,2019-03,2019-04-30,1,1,141.21799999999999,usable,latest;not point-in-time,
2019-05-31,CUSR0000SETA02,2019-04,2019-05-31,1,1,139.89500000000001,usable,latest;not point-in-time,
2019-06-28,CUSR0000SETA02,2019-05,2019-06-28,1,1,138.57300000000001,usable,latest;not point-in-time,
2019-07-31,CUSR0000SETA02,2019-06,2019-07-31,1,1,138.24100000000001,usable,latest;not point-in-time,
2019-08-30,CUSR0000SETA02,2019-07,2019-08-30,1,1,138.13200000000001,usable,latest;not point-in-time,
2019-09-30,CUSR0000SETA02,2019-08,2019-09-30,1,1,138.68600000000001,usable,latest;not point-in-time,
2019-10-31,CUSR0000SETA02,2019-09,2019-10-31,1,1,138.69399999999999,usable,latest;not point-in-time,
2019-11-29,CUSR0000SETA02,2019-10,2019-11-29,1,1,139.70099999999999,usable,latest;not point-in-time,
2019-12-31,CUSR0000SETA02,2019-11,2019-12-31,1,1,139.57900000000001,usable,latest;not point-in-time,
2020-01-31,CUSR0000SETA02,2019-12,2020-01-31,1,1,140.08799999999999,usable,latest;not point-in-time,
2020-02-28,CUSR0000SETA02,2020-01,2020-02-28,1,1,139.42400000000001,usable,latest;not point-in-time,
2020-03-31,CUSR0000SETA02,2020-02,2020-03-31,1,1,140.59299999999999,usable,latest;not point-in-time,
2020-04-30,CUSR0000SETA02,2020-03,2020-04-30,1,1,141.667,usable,latest;not point-in-time,
2020-05-29,CUSR0000SETA02,2020-04,2020-05-29,1,1,138.88999999999999,usable,latest;not point-in-time,
2020-06-30,CUSR0000SETA02,2020-05,2020-06-30,1,1,137.922,usable,latest;not point-in-time,
2020-07-31,CUSR0000SETA02,2020-06,2020-07-31,1,1,134.15600000000001,usable,latest;not point-in-time,
2020-08-31,CUSR0000SETA02,2020-07,2020-08-31,1,1,136.77000000000001,usable,latest;not point-in-time,
2020-09-30,CUSR0000SETA02,2020-08,2020-09-30,1,1,144.102,usable,latest;not point-in-time,
2020-10-30,CUSR0000SETA02,2020-09,2020-10-30,1,1,152.96799999999999,usable,latest;not point-in-time,
2020-11-30,CUSR0000SETA02,2020-10,2020-11-30,1,1,155.964,usable,latest;not point-in-time,
2020-12-31,CUSR0000SETA02,2020-11,2020-12-31,1,1,154.81700000000001,usable,latest;not point-in-time,
2021-01-29,CUSR0000SETA02,2020-12,2021-01-29,1,1,154.21600000000001,usable,latest;not point-in-time,
2021-02-26,CUSR0000SETA02,2021-01,2021-02-26,1,1,153.36099999999999,usable,latest;not point-in-time,
2021-03-31,CUSR0000SETA02,2021-02,2021-03-31,1,1,153.64699999999999,usable,latest;not point-in-time,
2021-04-30,CUSR0000SETA02,2021-03,2021-04-30,1,1,154.93000000000001,usable,latest;not point-in-time,
2021-05-31,CUSR0000SETA02,2021-04,2021-05-31,1,1,168.006,usable,latest;not point-in-time,
2021-06-30,CUSR0000SETA02,2021-05,2021-06-30,1,1,178.929,usable,latest;not point-in-time,
2021-07-30,CUSR0000SETA02,2021-06,2021-07-30,1,1,194.846,usable,latest;not point-in-time,
2021-08-31,CUSR0000SETA02,2021-07,2021-08-31,1,1,193.73400000000001,usable,latest;not point-in-time,
2021-09-30,CUSR0000SETA02,2021-08,2021-09-30,1,1,190.066,usable,latest;not point-in-time,
2021-10-29,CUSR0000SETA02,2021-09,2021-10-29,1,1,190.30799999999999,usable,latest;not point-in-time,
2021-11-30,CUSR0000SETA02,2021-10,2021-11-30,1,1,197.214,usable,latest;not point-in-time,
2021-12-31,CUSR0000SETA02,2021-11,2021-12-31,1,1,203.48500000000001,usable,latest;not point-in-time,
2022-01-31,CUSR0000SETA02,2021-12,2022-01-31,1,1,211.72800000000001,usable,latest;not point-in-time,
2022-02-28,CUSR0000SETA02,2022-01,2022-02-28,1,1,215.494,usable,latest;not point-in-time,
2022-03-31,CUSR0000SETA02,2022-02,2022-03-31,1,1,216.876,usable,latest;not point-in-time,
2022-04-29,CUSR0000SETA02,2022-03,2022-04-29,1,1,209.64599999999999,usable,latest;not point-in-time,
2022-05-31,CUSR0000SETA02,2022-04,2022-05-31,1,1,206.19399999999999,usable,latest;not point-in-time,
2022-06-30,CUSR0000SETA02,2022-05,2022-06-30,1,1,207.673,usable,latest;not point-in-time,
2022-07-29,CUSR0000SETA02,2022-06,2022-07-29,1,1,208.68700000000001,usable,latest;not point-in-time,
2022-08-31,CUSR0000SETA02,2022-07,2022-08-31,1,1,206.55199999999999,usable,latest;not point-in-time,
2022-09-30,CUSR0000SETA02,2022-08,2022-09-30,1,1,204.83699999999999,usable,latest;not point-in-time,
2022-10-31,CUSR0000SETA02,2022-09,2022-10-31,1,1,203.94,usable,latest;not point-in-time,
2022-11-30,CUSR0000SETA02,2022-10,2022-11-30,1,1,201.17099999999999,usable,latest;not point-in-time,
2022-12-30,CUSR0000SETA02,2022-11,2022-12-30,1,1,196.65899999999999,usable,latest;not point-in-time,
2023-01-31,CUSR0000SETA02,2022-12,2023-01-31,1,1,193.00800000000001,usable,latest;not point-in-time,
2023-02-28,CUSR0000SETA02,2023-01,2023-02-28,1,1,190.423,usable,latest;not point-in-time,
2023-03-31,CUSR0000SETA02,2023-02,2023-03-31,1,1,187.71100000000001,usable,latest;not point-in-time,
2023-04-28,CUSR0000SETA02,2023-03,2023-04-28,1,1,186.619,usable,latest;not point-in-time,
2023-05-31,CUSR0000SETA02,2023-04,2023-05-31,1,1,192.64699999999999,usable,latest;not point-in-time,
2023-06-30,CUSR0000SETA02,2023-05,2023-06-30,1,1,198.79300000000001,usable,latest;not point-in-time,
2023-07-31,CUSR0000SETA02,2023-06,2023-07-31,1,1,197.601,usable,latest;not point-in-time,
2023-08-31,CUSR0000SETA02,2023-07,2023-08-31,1,1,194.70099999999999,usable,latest;not point-in-time,
1999-12-31,CUSR0000SAM2,1999-11,1999-12-31,1,1,258.30000000000001,usable,latest;not point-in-time,
2000-01-31,CUSR0000SAM2,1999-12,2000-01-31,1,1,259.39999999999998,usable,latest;not point-in-time,
2000-02-29,CUSR0000SAM2,2000-01,2000-02-29,1,1,260.10000000000002,usable,latest;not point-in-time,
2000-03-31,CUSR0000SAM2,2000-02,2000-03-31,1,1,261.30000000000001,usable,latest;not point-in-time,
2000-04-28,CUSR0000SAM2,2000-03,2000-04-28,1,1,262.60000000000002,usable,latest;not point-in-time,
2000-05-31,CUSR0000SAM2,2000-04,2000-05-31,1,1,263.39999999999998,usable,latest;not point-in-time,
2000-06-30,CUSR0000SAM2,2000-05,2000-06-30,1,1,264.30000000000001,usable,latest;not point-in-time,
2000-07-31,CUSR0000SAM2,2000-06,2000-07-31,1,1,265.60000000000002,usable,latest;not point-in-time,
2000-08-31,CUSR0000SAM2,2000-07,2000-08-31,1,1,266.60000000000002,usable,latest;not point-in-time,
2000-09-29,CUSR0000SAM2,2000-08,2000-09-29,1,1,267.89999999999998,usable,latest;not point-in-time,
2000-10-31,CUSR0000SAM2,2000-09,2000-10-31,1,1,269,usable,latest;not point-in-time,
2000-11-30,CUSR0000SAM2,2000-10,2000-11-30,1,1,269.89999999999998,usable,latest;not point-in-time,
2000-12-29,CUSR0000SAM2,2000-11,2000-12-29,1,1,270.39999999999998,usable,latest;not point-in-time,
2001-01-31,CUSR0000SAM2,2000-12,2001-01-31,1,1,271.30000000000001,usable,latest;not point-in-time,
2001-02-28,CUSR0000SAM2,2001-01,2001-02-28,1,1,273,usable,latest;not point-in-time,
2001-03-30,CUSR0000SAM2,2001-02,2001-03-30,1,1,274.10000000000002,usable,latest;not point-in-time,
2001-04-30,CUSR0000SAM2,2001-03,2001-04-30,1,1,275.19999999999999,usable,latest;not point-in-time,
2001-05-31,CUSR0000SAM2,2001-04,2001-05-31,1,1,276.30000000000001,usable,latest;not point-in-time,
2001-06-29,CUSR0000SAM2,2001-05,2001-06-29,1,1,277.19999999999999,usable,latest;not point-in-time,
2001-07-31,CUSR0000SAM2,2001-06,2001-07-31,1,1,278.19999999999999,usable,latest;not point-in-time,
2001-08-31,CUSR0000SAM2,2001-07,2001-08-31,1,1,278.69999999999999,usable,latest;not point-in-time,
2001-09-28,CUSR0000SAM2,2001-08,2001-09-28,1,1,280.39999999999998,usable,latest;not point-in-time,
2001-10-31,CUSR0000SAM2,2001-09,2001-10-31,1,1,281.30000000000001,usable,latest;not point-in-time,
2001-11-30,CUSR0000SAM2,2001-10,2001-11-30,1,1,282.5,usable,latest;not point-in-time,
2001-12-31,CUSR0000SAM2,2001-11,2001-12-31,1,1,283.69999999999999,usable,latest;not point-in-time,
2002-01-31,CUSR0000SAM2,2001-12,2002-01-31,1,1,284.5,usable,latest;not point-in-time,
2002-02-28,CUSR0000SAM2,2002-01,2002-02-28,1,1,286.30000000000001,usable,latest;not point-in-time,
2002-03-29,CUSR0000SAM2,2002-02,2002-03-29,1,1,286.89999999999998,usable,latest;not point-in-time,
2002-04-30,CUSR0000SAM2,2002-03,2002-04-30,1,1,288.10000000000002,usable,latest;not point-in-time,
2002-05-31,CUSR0000SAM2,2002-04,2002-05-31,1,1,289.60000000000002,usable,latest;not point-in-time,
2002-06-28,CUSR0000SAM2,2002-05,2002-06-28,1,1,291,usable,latest;not point-in-time,
2002-07-31,CUSR0000SAM2,2002-06,2002-07-31,1,1,291.60000000000002,usable,latest;not point-in-time,
2002-08-30,CUSR0000SAM2,2002-07,2002-08-30,1,1,293.69999999999999,usable,latest;not point-in-time,
2002-09-30,CUSR0000SAM2,2002-08,2002-09-30,1,1,294.69999999999999,usable,latest;not point-in-time,
2002-10-31,CUSR0000SAM2,2002-09,2002-10-31,1,1,295.69999999999999,usable,latest;not point-in-time,
2002-11-29,CUSR0000SAM2,2002-10,2002-11-29,1,1,297.69999999999999,usable,latest;not point-in-time,
2002-12-31,CUSR0000SAM2,2002-11,2002-12-31,1,1,299.19999999999999,usable,latest;not point-in-time,
2003-01-31,CUSR0000SAM2,2002-12,2003-01-31,1,1,300.30000000000001,usable,latest;not point-in-time,
2003-02-28,CUSR0000SAM2,2003-01,2003-02-28,1,1,300.89999999999998,usable,latest;not point-in-time,
2003-03-31,CUSR0000SAM2,2003-02,2003-03-31,1,1,301.39999999999998,usable,latest;not point-in-time,
2003-04-30,CUSR0000SAM2,2003-03,2003-04-30,1,1,301.60000000000002,usable,latest;not point-in-time,
2003-05-30,CUSR0000SAM2,2003-04,2003-05-30,1,1,302.39999999999998,usable,latest;not point-in-time,
2003-06-30,CUSR0000SAM2,2003-05,2003-06-30,1,1,303.89999999999998,usable,latest;not point-in-time,
2003-07-31,CUSR0000SAM2,2003-06,2003-07-31,1,1,305.10000000000002,usable,latest;not point-in-time,
2003-08-29,CUSR0000SAM2,2003-07,2003-08-29,1,1,306.30000000000001,usable,latest;not point-in-time,
2003-09-30,CUSR0000SAM2,2003-08,2003-09-30,1,1,307.30000000000001,usable,latest;not point-in-time,
2003-10-31,CUSR0000SAM2,2003-09,2003-10-31,1,1,308.89999999999998,usable,latest;not point-in-time,
2003-11-28,CUSR0000SAM2,2003-10,2003-11-28,1,1,309.80000000000001,usable,latest;not point-in-time,
2003-12-31,CUSR0000SAM2,2003-11,2003-12-31,1,1,311.30000000000001,usable,latest;not point-in-time,
2004-01-30,CUSR0000SAM2,2003-12,2004-01-30,1,1,312.89999999999998,usable,latest;not point-in-time,
2004-02-27,CUSR0000SAM2,2004-01,2004-02-27,1,1,314,usable,latest;not point-in-time,
2004-03-31,CUSR0000SAM2,2004-02,2004-03-31,1,1,315.60000000000002,usable,latest;not point-in-time,
2004-04-30,CUSR0000SAM2,2004-03,2004-04-30,1,1,317.19999999999999,usable,latest;not point-in-time,
2004-05-31,CUSR0000SAM2,2004-04,2004-05-31,1,1,318.39999999999998,usable,latest;not point-in-time,
2004-06-30,CUSR0000SAM2,2004-05,2004-06-30,1,1,319.39999999999998,usable,latest;not point-in-time,
2004-07-30,CUSR0000SAM2,2004-06,2004-07-30,1,1,320.80000000000001,usable,latest;not point-in-time,
2004-08-31,CUSR0000SAM2,2004-07,2004-08-31,1,1,322.10000000000002,usable,latest;not point-in-time,
2004-09-30,CUSR0000SAM2,2004-08,2004-09-30,1,1,323.39999999999998,usable,latest;not point-in-time,
2004-10-29,CUSR0000SAM2,2004-09,2004-10-29,1,1,324.5,usable,latest;not point-in-time,
2004-11-30,CUSR0000SAM2,2004-10,2004-11-30,1,1,325.69999999999999,usable,latest;not point-in-time,
2004-12-31,CUSR0000SAM2,2004-11,2004-12-31,1,1,326.80000000000001,usable,latest;not point-in-time,
2005-01-31,CUSR0000SAM2,2004-12,2005-01-31,1,1,328.30000000000001,usable,latest;not point-in-time,
2005-02-28,CUSR0000SAM2,2005-01,2005-02-28,1,1,329.69999999999999,usable,latest;not point-in-time,
2005-03-31,CUSR0000SAM2,2005-02,2005-03-31,1,1,331.30000000000001,usable,latest;not point-in-time,
2005-04-29,CUSR0000SAM2,2005-03,2005-04-29,1,1,332.89999999999998,usable,latest;not point-in-time,
2005-05-31,CUSR0000SAM2,2005-04,2005-05-31,1,1,334.19999999999999,usable,latest;not point-in-time,
2005-06-30,CUSR0000SAM2,2005-05,2005-06-30,1,1,335.30000000000001,usable,latest;not point-in-time,
2005-07-29,CUSR0000SAM2,2005-06,2005-07-29,1,1,336.19999999999999,usable,latest;not point-in-time,
2005-08-31,CUSR0000SAM2,2005-07,2005-08-31,1,1,337.80000000000001,usable,latest;not point-in-time,
2005-09-30,CUSR0000SAM2,2005-08,2005-09-30,1,1,337.69999999999999,usable,latest;not point-in-time,
2005-10-31,CUSR0000SAM2,2005-09,2005-10-31,1,1,338.89999999999998,usable,latest;not point-in-time,
2005-11-30,CUSR0000SAM2,2005-10,2005-11-30,1,1,340.60000000000002,usable,latest;not point-in-time,
2005-12-30,CUSR0000SAM2,2005-11,2005-12-30,1,1,342.60000000000002,usable,latest;not point-in-time,
2006-01-31,CUSR0000SAM2,2005-12,2006-01-31,1,1,343.10000000000002,usable,latest;not point-in-time,
2006-02-28,CUSR0000SAM2,2006-01,2006-02-28,1,1,343.10000000000002,usable,latest;not point-in-time,
2006-03-31,CUSR0000SAM2,2006-02,2006-03-31,1,1,344.80000000000001,usable,latest;not point-in-time,
2006-04-28,CUSR0000SAM2,2006-03,2006-04-28,1,1,346.30000000000001,usable,latest;not point-in-time,
2006-05-31,CUSR0000SAM2,2006-04,2006-05-31,1,1,347.60000000000002,usable,latest;not point-in-time,
2006-06-30,CUSR0000SAM2,2006-05,2006-06-30,1,1,348.89999999999998,usable,latest;not point-in-time,
2006-07-31,CUSR0000SAM2,2006-06,2006-07-31,1,1,350.19999999999999,usable,latest;not point-in-time,
2006-08-31,CUSR0000SAM2,2006-07,2006-08-31,1,1,351.19999999999999,usable,latest;not point-in-time,
2006-09-29,CUSR0000SAM2,2006-08,2006-09-29,1,1,352.60000000000002,usable,latest;not point-in-time,
2006-10-31,CUSR0000SAM2,2006-09,2006-10-31,1,1,353.80000000000001,usable,latest;not point-in-time,
2006-11-30,CUSR0000SAM2,2006-10,2006-11-30,1,1,355,usable,latest;not point-in-time,
2006-12-29,CUSR0000SAM2,2006-11,2006-12-29,1,1,356.60000000000002,usable,latest;not point-in-time,
2007-01-31,CUSR0000SAM2,2006-12,2007-01-31,1,1,357.39999999999998,usable,latest;not point-in-time,
2007-02-28,CUSR0000SAM2,2007-01,2007-02-28,1,1,359.851,usable,latest;not point-in-time,
2007-03-30,CUSR0000SAM2,2007-02,2007-03-30,1,1,362.40199999999999,usable,latest;not point-in-time,
2007-04-30,CUSR0000SAM2,2007-03,2007-04-30,1,1,363.43299999999999,usable,latest;not point-in-time,
2007-05-31,CUSR0000SAM2,2007-04,2007-05-31,1,1,364.83999999999997,usable,latest;not point-in-time,
2007-06-29,CUSR0000SAM2,2007-05,2007-06-29,1,1,366.31599999999997,usable,latest;not point-in-time,
2007-07-31,CUSR0000SAM2,2007-06,2007-07-31,1,1,367.76299999999998,usable,latest;not point-in-time,
2007-08-31,CUSR0000SAM2,2007-07,2007-08-31,1,1,370.11099999999999,usable,latest;not point-in-time,
2007-09-28,CUSR0000SAM2,2007-08,2007-09-28,1,1,372.02600000000001,usable,latest;not point-in-time,
2007-10-31,CUSR0000SAM2,2007-09,2007-10-31,1,1,373.53100000000001,usable,latest;not point-in-time,
2007-11-30,CUSR0000SAM2,2007-10,2007-11-30,1,1,375.68900000000002,usable,latest;not point-in-time,
2007-12-31,CUSR0000SAM2,2007-11,2007-12-31,1,1,377.214,usable,latest;not point-in-time,
2008-01-31,CUSR0000SAM2,2007-12,2008-01-31,1,1,378.63600000000002,usable,latest;not point-in-time,
2008-02-29,CUSR0000SAM2,2008-01,2008-02-29,1,1,380.089,usable,latest;not point-in-time,
2008-03-31,CUSR0000SAM2,2008-02,2008-03-31,1,1,380.529,usable,latest;not point-in-time,
2008-04-30,CUSR0000SAM2,2008-03,2008-04-30,1,1,381.21100000000001,usable,latest;not point-in-time,
2008-05-30,CUSR0000SAM2,2008-04,2008-05-30,1,1,382.14400000000001,usable,latest;not point-in-time,
2008-06-30,CUSR0000SAM2,2008-05,2008-06-30,1,1,383.745,usable,latest;not point-in-time,
2008-07-31,CUSR0000SAM2,2008-06,2008-07-31,1,1,384.74900000000002,usable,latest;not point-in-time,
2008-08-29,CUSR0000SAM2,2008-07,2008-08-29,1,1,385.49599999999998,usable,latest;not point-in-time,
2008-09-30,CUSR0000SAM2,2008-08,2008-09-30,1,1,386.55700000000002,usable,latest;not point-in-time,
2008-10-31,CUSR0000SAM2,2008-09,2008-10-31,1,1,387.565,usable,latest;not point-in-time,
2008-11-28,CUSR0000SAM2,2008-10,2008-11-28,1,1,388.26900000000001,usable,latest;not point-in-time,
2008-12-31,CUSR0000SAM2,2008-11,2008-12-31,1,1,388.88999999999999,usable,latest;not point-in-time,
2009-01-30,CUSR0000SAM2,2008-12,2009-01-30,1,1,390.05099999999999,usable,latest;not point-in-time,
2009-02-27,CUSR0000SAM2,2009-01,2009-02-27,1,1,391.33300000000003,usable,latest;not point-in-time,
2009-03-31,CUSR0000SAM2,2009-02,2009-03-31,1,1,392.26600000000002,usable,latest;not point-in-time,
2009-04-30,CUSR0000SAM2,2009-03,2009-04-30,1,1,393.28500000000003,usable,latest;not point-in-time,
2009-05-29,CUSR0000SAM2,2009-04,2009-05-29,1,1,394.69999999999999,usable,latest;not point-in-time,
2009-06-30,CUSR0000SAM2,2009-05,2009-06-30,1,1,395.99900000000002,usable,latest;not point-in-time,
2009-07-31,CUSR0000SAM2,2009-06,2009-07-31,1,1,396.79899999999998,usable,latest;not point-in-time,
2009-08-31,CUSR0000SAM2,2009-07,2009-08-31,1,1,398.036,usable,latest;not point-in-time,
2009-09-30,CUSR0000SAM2,2009-08,2009-09-30,1,1,398.91899999999998,usable,latest;not point-in-time,
2009-10-30,CUSR0000SAM2,2009-09,2009-10-30,1,1,399.90199999999999,usable,latest;not point-in-time,
2009-11-30,CUSR0000SAM2,2009-10,2009-11-30,1,1,400.79199999999997,usable,latest;not point-in-time,
2009-12-31,CUSR0000SAM2,2009-11,2009-12-31,1,1,402.29500000000002,usable,latest;not point-in-time,
2010-01-29,CUSR0000SAM2,2009-12,2010-01-29,1,1,403.15600000000001,usable,latest;not point-in-time,
2010-02-26,CUSR0000SAM2,2010-01,2010-02-26,1,1,404.97199999999998,usable,latest;not point-in-time,
2010-03-31,CUSR0000SAM2,2010-02,2010-03-31,1,1,406.67200000000003,usable,latest;not point-in-time,
2010-04-30,CUSR0000SAM2,2010-03,2010-04-30,1,1,408.26100000000002,usable,latest;not point-in-time,
2010-05-31,CUSR0000SAM2,2010-04,2010-05-31,1,1,409.25299999999999,usable,latest;not point-in-time,
2010-06-30,CUSR0000SAM2,2010-05,2010-06-30,1,1,409.54700000000003,usable,latest;not point-in-time,
2010-07-30,CUSR0000SAM2,2010-06,2010-07-30,1,1,410.74000000000001,usable,latest;not point-in-time,
2010-08-31,CUSR0000SAM2,2010-07,2010-08-31,1,1,410.80900000000003,usable,latest;not point-in-time,
2010-09-30,CUSR0000SAM2,2010-08,2010-09-30,1,1,411.79399999999998,usable,latest;not point-in-time,
2010-10-29,CUSR0000SAM2,2010-09,2010-10-29,1,1,414.59199999999998,usable,latest;not point-in-time,
2010-11-30,CUSR0000SAM2,2010-10,2010-11-30,1,1,415.28699999999998,usable,latest;not point-in-time,
2010-12-31,CUSR0000SAM2,2010-11,2010-12-31,1,1,415.73000000000002,usable,latest;not point-in-time,
2011-01-31,CUSR0000SAM2,2010-12,2011-01-31,1,1,416.71800000000002,usable,latest;not point-in-time,
2011-02-28,CUSR0000SAM2,2011-01,2011-02-28,1,1,417.16199999999998,usable,latest;not point-in-time,
2011-03-31,CUSR0000SAM2,2011-02,2011-03-31,1,1,418.80799999999999,usable,latest;not point-in-time,
2011-04-29,CUSR0000SAM2,2011-03,2011-04-29,1,1,419.38600000000002,usable,latest;not point-in-time,
2011-05-31,CUSR0000SAM2,2011-04,2011-05-31,1,1,420.69099999999997,usable,latest;not point-in-time,
2011-06-30,CUSR0000SAM2,2011-05,2011-06-30,1,1,421.78899999999999,usable,latest;not point-in-time,
2011-07-29,CUSR0000SAM2,2011-06,2011-07-29,1,1,422.60899999999998,usable,latest;not point-in-time,
2011-08-31,CUSR0000SAM2,2011-07,2011-08-31,1,1,424.05500000000001,usable,latest;not point-in-time,
2011-09-30,CUSR0000SAM2,2011-08,2011-09-30,1,1,425.16199999999998,usable,latest;not point-in-time,
2011-10-31,CUSR0000SAM2,2011-09,2011-10-31,1,1,426.03500000000003,usable,latest;not point-in-time,
2011-11-30,CUSR0000SAM2,2011-10,2011-11-30,1,1,428.18700000000001,usable,latest;not point-in-time,
2011-12-30,CUSR0000SAM2,2011-11,2011-12-30,1,1,430.12,usable,latest;not point-in-time,
2012-01-31,CUSR0000SAM2,2011-12,2012-01-31,1,1,431.57600000000002,usable,latest;not point-in-time,
2012-02-29,CUSR0000SAM2,2012-01,2012-02-29,1,1,432.79700000000003,usable,latest;not point-in-time,
2012-03-30,CUSR0000SAM2,2012-02,2012-03-30,1,1,433.08800000000002,usable,latest;not point-in-time,
2012-04-30,CUSR0000SAM2,2012-03,2012-04-30,1,1,434.46800000000002,usable,latest;not point-in-time,
2012-05-31,CUSR0000SAM2,2012-04,2012-05-31,1,1,436.19099999999997,usable,latest;not point-in-time,
2012-06-29,CUSR0000SAM2,2012-05,2012-06-29,1,1,437.84399999999999,usable,latest;not point-in-time,
2012-07-31,CUSR0000SAM2,2012-06,2012-07-31,1,1,440.92200000000003,usable,latest;not point-in-time,
2012-08-31,CUSR0000SAM2,2012-07,2012-08-31,1,1,442.625,usable,latest;not point-in-time,
2012-09-28,CUSR0000SAM2,2012-08,2012-09-28,1,1,443.04700000000003,usable,latest;not point-in-time,
2012-10-31,CUSR0000SAM2,2012-09,2012-10-31,1,1,444.43299999999999,usable,latest;not point-in-time,
2012-11-30,CUSR0000SAM2,2012-10,2012-11-30,1,1,445.12,usable,latest;not point-in-time,
2012-12-31,CUSR0000SAM2,2012-11,2012-12-31,1,1,446.15699999999998,usable,latest;not point-in-time,
2013-01-31,CUSR0000SAM2,2012-12,2013-01-31,1,1,447.50799999999998,usable,latest;not point-in-time,
2013-02-28,CUSR0000SAM2,2013-01,2013-02-28,1,1,448.52499999999998,usable,latest;not point-in-time,
2013-03-29,CUSR0000SAM2,2013-02,2013-03-29,1,1,449.88499999999999,usable,latest;not point-in-time,
2013-04-30,CUSR0000SAM2,2013-03,2013-04-30,1,1,451.51900000000001,usable,latest;not point-in-time,
2013-05-31,CUSR0000SAM2,2013-04,2013-05-31,1,1,451.30500000000001,usable,latest;not point-in-time,
2013-06-28,CUSR0000SAM2,2013-05,2013-06-28,1,1,450.85000000000002,usable,latest;not point-in-time,
2013-07-31,CUSR0000SAM2,2013-06,2013-07-31,1,1,453.24599999999998,usable,latest;not point-in-time,
2013-08-30,CUSR0000SAM2,2013-07,2013-08-30,1,1,454.06400000000002,usable,latest;not point-in-time,
2013-09-30,CUSR0000SAM2,2013-08,2013-09-30,1,1,456.67899999999997,usable,latest;not point-in-time,
2013-10-31,CUSR0000SAM2,2013-09,2013-10-31,1,1,457.96800000000002,usable,latest;not point-in-time,
2013-11-29,CUSR0000SAM2,2013-10,2013-11-29,1,1,457.80099999999999,usable,latest;not point-in-time,
2013-12-31,CUSR0000SAM2,2013-11,2013-12-31,1,1,457.63400000000001,usable,latest;not point-in-time,
2014-01-31,CUSR0000SAM2,2013-12,2014-01-31,1,1,458.65800000000002,usable,latest;not point-in-time,
2014-02-28,CUSR0000SAM2,2014-01,2014-02-28,1,1,459.82499999999999,usable,latest;not point-in-time,
2014-03-31,CUSR0000SAM2,2014-02,2014-03-31,1,1,460.87900000000002,usable,latest;not point-in-time,
2014-04-30,CUSR0000SAM2,2014-03,2014-04-30,1,1,462.471,usable,latest;not point-in-time,
2014-05-30,CUSR0000SAM2,2014-04,2014-05-30,1,1,463.30799999999999,usable,latest;not point-in-time,
2014-06-30,CUSR0000SAM2,2014-05,2014-06-30,1,1,464.149,usable,latest;not point-in-time,
2014-07-31,CUSR0000SAM2,2014-06,2014-07-31,1,1,464.649,usable,latest;not point-in-time,
2014-08-29,CUSR0000SAM2,2014-07,2014-08-29,1,1,465.125,usable,latest;not point-in-time,
2014-09-30,CUSR0000SAM2,2014-08,2014-09-30,1,1,465.54599999999999,usable,latest;not point-in-time,
2014-10-31,CUSR0000SAM2,2014-09,2014-10-31,1,1,466.29599999999999,usable,latest;not point-in-time,
2014-11-28,CUSR0000SAM2,2014-10,2014-11-28,1,1,467.00799999999998,usable,latest;not point-in-time,
2014-12-31,CUSR0000SAM2,2014-11,2014-12-31,1,1,468.50700000000001,usable,latest;not point-in-time,
2015-01-30,CUSR0000SAM2,2014-12,2015-01-30,1,1,469.971,usable,latest;not point-in-time,
2015-02-27,CUSR0000SAM2,2015-01,2015-02-27,1,1,470.19799999999998,usable,latest;not point-in-time,
2015-03-31,CUSR0000SAM2,2015-02,2015-03-31,1,1,469.24099999999999,usable,latest;not point-in-time,
2015-04-30,CUSR0000SAM2,2015-03,2015-04-30,1,1,471.45999999999998,usable,latest;not point-in-time,
2015-05-29,CUSR0000SAM2,2015-04,2015-05-29,1,1,475.19499999999999,usable,latest;not point-in-time,
2015-06-30,CUSR0000SAM2,2015-05,2015-06-30,1,1,475.98399999999998,usable,latest;not point-in-time,
2015-07-31,CUSR0000SAM2,2015-06,2015-07-31,1,1,475.51600000000002,usable,latest;not point-in-time,
2015-08-31,CUSR0000SAM2,2015-07,2015-08-31,1,1,476.27100000000002,usable,latest;not point-in-time,
2015-09-30,CUSR0000SAM2,2015-08,2015-09-30,1,1,475.86500000000001,usable,latest;not point-in-time,
2015-10-30,CUSR0000SAM2,2015-09,2015-10-30,1,1,477.03800000000001,usable,latest;not point-in-time,
2015-11-30,CUSR0000SAM2,2015-10,2015-11-30,1,1,481.07400000000001,usable,latest;not point-in-time,
2015-12-31,CUSR0000SAM2,2015-11,2015-12-31,1,1,482.77800000000002,usable,latest;not point-in-time,
2016-01-29,CUSR0000SAM2,2015-12,2016-01-29,1,1,483.50999999999999,usable,latest;not point-in-time,
2016-02-29,CUSR0000SAM2,2016-01,2016-02-29,1,1,485.346,usable,latest;not point-in-time,
2016-03-31,CUSR0000SAM2,2016-02,2016-03-31,1,1,487.56200000000001,usable,latest;not point-in-time,
2016-04-29,CUSR0000SAM2,2016-03,2016-04-29,1,1,488.298,usable,latest;not point-in-time,
2016-05-31,CUSR0000SAM2,2016-04,2016-05-31,1,1,489.82799999999997,usable,latest;not point-in-time,
2016-06-30,CUSR0000SAM2,2016-05,2016-06-30,1,1,492.25799999999998,usable,latest;not point-in-time,
2016-07-29,CUSR0000SAM2,2016-06,2016-07-29,1,1,493.45800000000003,usable,latest;not point-in-time,
2016-08-31,CUSR0000SAM2,2016-07,2016-08-31,1,1,495.80500000000001,usable,latest;not point-in-time,
2016-09-30,CUSR0000SAM2,2016-08,2016-09-30,1,1,500.06,usable,latest;not point-in-time,
2016-10-31,CUSR0000SAM2,2016-09,2016-10-31,1,1,500.38400000000001,usable,latest;not point-in-time,
2016-11-30,CUSR0000SAM2,2016-10,2016-11-30,1,1,500.42399999999998,usable,latest;not point-in-time,
2016-12-30,CUSR0000SAM2,2016-11,2016-12-30,1,1,501.48899999999998,usable,latest;not point-in-time,
2017-01-31,CUSR0000SAM2,2016-12,2017-01-31,1,1,502.33300000000003,usable,latest;not point-in-time,
2017-02-28,CUSR0000SAM2,2017-01,2017-02-28,1,1,502.654,usable,latest;not point-in-time,
2017-03-31,CUSR0000SAM2,2017-02,2017-03-31,1,1,504.18799999999999,usable,latest;not point-in-time,
2017-04-28,CUSR0000SAM2,2017-03,2017-04-28,1,1,504.79700000000003,usable,latest;not point-in-time,
2017-05-31,CUSR0000SAM2,2017-04,2017-05-31,1,1,505.07100000000003,usable,latest;not point-in-time,
2017-06-30,CUSR0000SAM2,2017-05,2017-06-30,1,1,504.887,usable,latest;not point-in-time,
2017-07-31,CUSR0000SAM2,2017-06,2017-07-31,1,1,505.99299999999999,usable,latest;not point-in-time,
2017-08-31,CUSR0000SAM2,2017-07,2017-08-31,1,1,506.88900000000001,usable,latest;not point-in-time,
2017-09-29,CUSR0000SAM2,2017-08,2017-09-29,1,1,507.83999999999997,usable,latest;not point-in-time,
2017-10-31,CUSR0000SAM2,2017-09,2017-10-31,1,1,509.03899999999999,usable,latest;not point-in-time,
2017-11-30,CUSR0000SAM2,2017-10,2017-11-30,1,1,510.005,usable,latest;not point-in-time,
2017-12-29,CUSR0000SAM2,2017-11,2017-12-29,1,1,509.68599999999998,usable,latest;not point-in-time,
2018-01-31,CUSR0000SAM2,2017-12,2018-01-31,1,1,510.529,usable,latest;not point-in-time,
2018-02-28,CUSR0000SAM2,2018-01,2018-02-28,1,1,512.78399999999999,usable,latest;not point-in-time,
2018-03-30,CUSR0000SAM2,2018-02,2018-03-30,1,1,513.47400000000005,usable,latest;not point-in-time,
2018-04-30,CUSR0000SAM2,2018-03,2018-04-30,1,1,515.505,usable,latest;not point-in-time,
2018-05-31,CUSR0000SAM2,2018-04,2018-05-31,1,1,516.61800000000005,usable,latest;not point-in-time,
2018-06-29,CUSR0000SAM2,2018-05,2018-06-29,1,1,516.80700000000002,usable,latest;not point-in-time,
2018-07-31,CUSR0000SAM2,2018-06,2018-07-31,1,1,518.56100000000004,usable,latest;not point-in-time,
2018-08-31,CUSR0000SAM2,2018-07,2018-08-31,1,1,518.34699999999998,usable,latest;not point-in-time,
2018-09-28,CUSR0000SAM2,2018-08,2018-09-28,1,1,516.97500000000002,usable,latest;not point-in-time,
2018-10-31,CUSR0000SAM2,2018-09,2018-10-31,1,1,518.55100000000004,usable,latest;not point-in-time,
2018-11-30,CUSR0000SAM2,2018-10,2018-11-30,1,1,519.66399999999999,usable,latest;not point-in-time,
2018-12-31,CUSR0000SAM2,2018-11,2018-12-31,1,1,521.94600000000003,usable,latest;not point-in-time,
2019-01-31,CUSR0000SAM2,2018-12,2019-01-31,1,1,524.38900000000001,usable,latest;not point-in-time,
2019-02-28,CUSR0000SAM2,2019-01,2019-02-28,1,1,525.38400000000001,usable,latest;not point-in-time,
2019-03-29,CUSR0000SAM2,2019-02,2019-03-29,1,1,526.25800000000004,usable,latest;not point-in-time,
2019-04-30,CUSR0000SAM2,2019-03,2019-04-30,1,1,527.38099999999997,usable,latest;not point-in-time,
2019-05-31,CUSR0000SAM2,2019-04,2019-05-31,1,1,528.88900000000001,usable,latest;not point-in-time,
2019-06-28,CUSR0000SAM2,2019-05,2019-06-28,1,1,531.47400000000005,usable,latest;not point-in-time,
2019-07-31,CUSR0000SAM2,2019-06,2019-07-31,1,1,533.20000000000005,usable,latest;not point-in-time,
2019-08-30,CUSR0000SAM2,2019-07,2019-08-30,1,1,535.55100000000004,usable,latest;not point-in-time,
2019-09-30,CUSR0000SAM2,2019-08,2019-09-30,1,1,538.72699999999998,usable,latest;not point-in-time,
2019-10-31,CUSR0000SAM2,2019-09,2019-10-31,1,1,541.13599999999997,usable,latest;not point-in-time,
2019-11-29,CUSR0000SAM2,2019-10,2019-11-29,1,1,546.096,usable,latest;not point-in-time,
2019-12-31,CUSR0000SAM2,2019-11,2019-12-31,1,1,548.76700000000005,usable,latest;not point-in-time,
2020-01-31,CUSR0000SAM2,2019-12,2020-01-31,1,1,550.65899999999999,usable,latest;not point-in-time,
2020-02-28,CUSR0000SAM2,2020-01,2020-02-28,1,1,552.33100000000002,usable,latest;not point-in-time,
2020-03-31,CUSR0000SAM2,2020-02,2020-03-31,1,1,554.33199999999999,usable,latest;not point-in-time,
2020-04-30,CUSR0000SAM2,2020-03,2020-04-30,1,1,556.74800000000005,usable,latest;not point-in-time,
2020-05-29,CUSR0000SAM2,2020-04,2020-05-29,1,1,559.62,usable,latest;not point-in-time,
2020-06-30,CUSR0000SAM2,2020-05,2020-06-30,1,1,562.64499999999998,usable,latest;not point-in-time,
2020-07-31,CUSR0000SAM2,2020-06,2020-07-31,1,1,564.92899999999997,usable,latest;not point-in-time,
2020-08-31,CUSR0000SAM2,2020-07,2020-08-31,1,1,567.28399999999999,usable,latest;not point-in-time,
2020-09-30,CUSR0000SAM2,2020-08,2020-09-30,1,1,567.27700000000004,usable,latest;not point-in-time,
2020-10-30,CUSR0000SAM2,2020-09,2020-10-30,1,1,568.08000000000004,usable,latest;not point-in-time,
2020-11-30,CUSR0000SAM2,2020-10,2020-11-30,1,1,566.28800000000001,usable,latest;not point-in-time,
2020-12-31,CUSR0000SAM2,2020-11,2020-12-31,1,1,566.29600000000005,usable,latest;not point-in-time,
2021-01-29,CUSR0000SAM2,2020-12,2021-01-29,1,1,565.65599999999995,usable,latest;not point-in-time,
2021-02-26,CUSR0000SAM2,2021-01,2021-02-26,1,1,568.37900000000002,usable,latest;not point-in-time,
2021-03-31,CUSR0000SAM2,2021-02,2021-03-31,1,1,571.673,usable,latest;not point-in-time,
2021-04-30,CUSR0000SAM2,2021-03,2021-04-30,1,1,572.06799999999998,usable,latest;not point-in-time,
2021-05-31,CUSR0000SAM2,2021-04,2021-05-31,1,1,571.94799999999998,usable,latest;not point-in-time,
2021-06-30,CUSR0000SAM2,2021-05,2021-06-30,1,1,571.32399999999996,usable,latest;not point-in-time,
2021-07-30,CUSR0000SAM2,2021-06,2021-07-30,1,1,570.65499999999997,usable,latest;not point-in-time,
2021-08-31,CUSR0000SAM2,2021-07,2021-08-31,1,1,572.05100000000004,usable,latest;not point-in-time,
2021-09-30,CUSR0000SAM2,2021-08,2021-09-30,1,1,572.76800000000003,usable,latest;not point-in-time,
2021-10-29,CUSR0000SAM2,2021-09,2021-10-29,1,1,572.63300000000004,usable,latest;not point-in-time,
2021-11-30,CUSR0000SAM2,2021-10,2021-11-30,1,1,575.60599999999999,usable,latest;not point-in-time,
2021-12-31,CUSR0000SAM2,2021-11,2021-12-31,1,1,577.95600000000002,usable,latest;not point-in-time,
2022-01-31,CUSR0000SAM2,2021-12,2022-01-31,1,1,579.90300000000002,usable,latest;not point-in-time,
2022-02-28,CUSR0000SAM2,2022-01,2022-02-28,1,1,583.64200000000005,usable,latest;not point-in-time,
2022-03-31,CUSR0000SAM2,2022-02,2022-03-31,1,1,585.71299999999997,usable,latest;not point-in-time,
2022-04-29,CUSR0000SAM2,2022-03,2022-04-29,1,1,588.73599999999999,usable,latest;not point-in-time,
2022-05-31,CUSR0000SAM2,2022-04,2022-05-31,1,1,591.75599999999997,usable,latest;not point-in-time,
2022-06-30,CUSR0000SAM2,2022-05,2022-06-30,1,1,594.31799999999998,usable,latest;not point-in-time,
2022-07-29,CUSR0000SAM2,2022-06,2022-07-29,1,1,598.06700000000001,usable,latest;not point-in-time,
2022-08-31,CUSR0000SAM2,2022-07,2022-08-31,1,1,601.43399999999997,usable,latest;not point-in-time,
2022-09-30,CUSR0000SAM2,2022-08,2022-09-30,1,1,605.18200000000002,usable,latest;not point-in-time,
2022-10-31,CUSR0000SAM2,2022-09,2022-10-31,1,1,609.83299999999997,usable,latest;not point-in-time,
2022-11-30,CUSR0000SAM2,2022-10,2022-11-30,1,1,606.86900000000003,usable,latest;not point-in-time,
2022-12-30,CUSR0000SAM2,2022-11,2022-12-30,1,1,603.20399999999995,usable,latest;not point-in-time,
2023-01-31,CUSR0000SAM2,2022-12,2023-01-31,1,1,603.72500000000002,usable,latest;not point-in-time,
2023-02-28,CUSR0000SAM2,2023-01,2023-02-28,1,1,600.97799999999995,usable,latest;not point-in-time,
2023-03-31,CUSR0000SAM2,2023-02,2023-03-31,1,1,598.54600000000005,usable,latest;not point-in-time,
2023-04-28,CUSR0000SAM2,2023-03,2023-04-28,1,1,594.85599999999999,usable,latest;not point-in-time,
2023-05-31,CUSR0000SAM2,2023-04,2023-05-31,1,1,594.04100000000005,usable,latest;not point-in-time,
2023-06-30,CUSR0000SAM2,2023-05,2023-06-30,1,1,593.77300000000002,usable,latest;not point-in-time,
2023-07-31,CUSR0000SAM2,2023-06,2023-07-31,1,1,593.32500000000005,usable,latest;not point-in-time,
2023-08-31,CUSR0000SAM2,2023-07,2023-08-31,1,1,592.42200000000003,usable,latest;not point-in-time,
