date,book_value_per_share_growth_yoy,combined_ratio_ttm,credit_spread_hy,investment_book_yield,investment_income_growth_yoy,mom_12m,mom_3m,mom_6m,nfci,npw_growth_yoy,pif_growth_yoy,rate_adequacy_gap_yoy,real_rate_10y,real_yield_change_6m,vix,vol_63d,vwo_vxus_spread_6m,yield_curvature,yield_slope,pm_mom3,pm_mom6,pm_mom12,pm_vol13w,pm_high52w,pm_ema12_voo,pm_rsi6_voo,pm_slope,pm_real_change6,pm_vix,pm_nfci,pm_credit_hy,pm_rate_gap
1999-12-31,,,4.9100000000000001,,,,,,-0.11,,,,,,24.18,,,0.049999999999998934,0.17000000000000001,,,,,,,,0.17000000000000001,,24.18,-0.11,4.9100000000000001,
2000-01-31,,,4.7599999999999998,,,,,,-0.16600000000000001,,,,,,24.640000000000001,0.19981392253577857,,8.8817841970012523e-16,0.20999999999999999,,,,,,,,0.20999999999999999,,24.640000000000001,-0.16600000000000001,4.7599999999999998,
2000-02-29,,,4.8700000000000001,,,,-0.33365901319003421,,-0.17100000000000001,,,,,,24.949999999999999,0.27515590860102673,,0.059999999999999609,0.070000000000000007,-0.3336590131900341,,,0.26588407165088124,,,,0.070000000000000007,,24.949999999999999,-0.17100000000000001,4.8700000000000001,
2000-03-31,,,5.0800000000000001,,,,0.040065636537672811,,-0.20999999999999999,,,,,,23.370000000000001,0.6818057383430649,,0.22999999999999954,-0.11,0.040065636537672811,,,0.72205657595954409,,,,-0.11,,23.370000000000001,-0.20999999999999999,5.0800000000000001,
2000-04-28,,,5.75,,,,0.053275390310638882,,-0.189,,,,,,24.109999999999999,0.7355285642600804,,0.20999999999999996,-0.46999999999999997,0.053275390310638882,,,0.7672942511443156,,,,-0.46999999999999997,,24.109999999999999,-0.189,5.75,
2000-05-31,,,5.8799999999999999,,,,0.69538123167155419,0.12970200293111867,-0.086999999999999994,,,,,,26.199999999999999,0.73317140978763051,,0.12999999999999901,-0.45000000000000001,0.69538123167155419,0.12970200293111867,,0.76394443883169239,,,,-0.45000000000000001,,26.199999999999999,-0.086999999999999994,5.8799999999999999,
2000-06-30,,,6.1600000000000001,,,,-0.027083881146463318,0.011896622453165806,-0.032000000000000001,,,,,,23.649999999999999,0.5935575634708532,,0.13000000000000078,-0.40000000000000002,-0.027083881146463318,0.011896622453165584,,0.59369915559858266,,,,-0.40000000000000002,,23.649999999999999,-0.032000000000000001,6.1600000000000001,
2000-07-31,,,6.1699999999999999,,,,0.070599022004890211,0.12763560276838892,0.024,,,,,,19.539999999999999,0.71879121866201034,,0.019999999999999574,-0.34999999999999998,0.070599022004889989,0.1276356027683887,,0.69889197488524624,,,,-0.34999999999999998,,19.539999999999999,0.024,6.1699999999999999,
2000-08-31,,,6.2599999999999998,,,,-0.20205405405405397,0.35282258064516125,-0.001,,,,,,20.739999999999998,0.60076327419038078,,-0.030000000000000249,-0.26000000000000001,-0.20205405405405408,0.35282258064516125,,0.56993309301219697,,,,-0.26000000000000001,,20.739999999999998,-0.001,6.2599999999999998,
2000-09-29,,,6.4299999999999997,,,,0.10648648648648651,0.076518537996318692,-0.115,,,,,,16.84,0.5533786314801149,,0.059999999999998721,-0.45000000000000001,0.10648648648648651,0.076518537996318692,,0.52019832118066933,,,,-0.45000000000000001,,16.84,-0.115,6.4299999999999997,
2000-10-31,,,6.7699999999999996,,,,0.28461318869540375,0.37530562347188279,-0.19700000000000001,,,,,,20.57,0.45989502704429813,,-0.020000000000000462,-0.17999999999999999,0.28461318869540397,0.37530562347188279,,0.47358027554625409,,,,-0.17999999999999999,,20.57,-0.19700000000000001,6.7699999999999996,
2000-11-30,,,7.79,,,0.14802149487054228,0.27354017070857584,0.016216216216216273,-0.19600000000000001,,,-0.029861208614840207,,,23.629999999999999,0.46168998431673436,,-0.089999999999999858,-0.17000000000000001,0.27354017070857606,0.016216216216216273,0.14802149487054228,0.47522520648705824,-0.029727497935590375,,,-0.17000000000000001,,23.629999999999999,-0.19600000000000001,7.79,
2000-12-29,,,9.0600000000000005,,,0.41665527143443182,0.26526624328285298,0.39999999999999991,-0.16700000000000001,,,-0.037620884251943876,,,29.649999999999999,0.59776287931567262,,-0.19999999999999929,-0.13,0.26526624328285275,0.39999999999999969,0.41665527143443182,0.61050344658425582,-0.058181818181818334,,,-0.13,,29.649999999999999,-0.16700000000000001,9.0600000000000005,-0.037620884251943876
2001-01-31,,,9.1600000000000001,,,0.5531949138902299,0.072222222222222188,0.37739080787896073,-0.105,,,-0.044642708205941628,,,26.850000000000001,0.57715995696469757,,-0.25,0.01,0.072222222222222188,0.37739080787896095,0.55319491389023012,0.57504393559453115,-0.12272727272727268,,,0.01,,26.850000000000001,-0.105,9.1600000000000001,-0.044642708205941628
2001-02-28,,,7.8700000000000001,,,0.74706744868035169,0.014042553191489393,0.29142392629724956,-0.088999999999999996,,,-0.04492957009896148,,,22.02,0.59510021954038328,,-0.19999999999999929,0.56999999999999995,0.014042553191489393,0.29142392629724956,0.74706744868035169,0.59449686246977729,-0.13345454545454549,,,0.56999999999999995,,22.02,-0.088999999999999996,7.8700000000000001,-0.04492957009896148
2001-03-30,,,7.7000000000000002,,,0.27596634236129347,-0.063223938223938347,0.18527112848070337,-0.222,,,-0.043749818176871513,,,28.350000000000001,0.50009499622564635,,0.019999999999999574,0.51000000000000001,-0.063223938223938125,0.18527112848070337,0.27596634236129347,0.49591610882110432,-0.11772727272727279,,,0.51000000000000001,,28.350000000000001,-0.222,7.7000000000000002,-0.043749818176871513
2001-04-30,,,8.1799999999999997,,,0.79706601466992644,0.21865284974093258,0.30666666666666642,-0.27600000000000002,,,-0.036697360547327751,,,28.640000000000001,0.48262962963282163,,0.049999999999999822,0.75,0.21865284974093258,0.30666666666666642,0.79706601466992644,0.51082089567040545,0,,,0.75,,28.640000000000001,-0.27600000000000002,8.1799999999999997,-0.036697360547327751
2001-05-31,,,8.0600000000000005,,,0.39999999999999991,0.35858161980696601,0.37765957446808507,-0.252,,,-0.027245933536626299,,,25.48,0.45815153505445538,,0.14999999999999947,1.05,0.35858161980696601,0.37765957446808507,0.39999999999999991,0.48711156870402317,0,,,1.05,,25.48,-0.252,8.0600000000000005,-0.027245933536626299
2001-06-29,,,7.6799999999999997,,,0.8270270270270268,0.39309634209170552,0.30501930501930508,-0.33200000000000002,,,-0.016643164787871534,,,22.640000000000001,0.39565162564075079,,0.20999999999999996,1.21,0.3930963420917053,0.30501930501930508,0.8270270270270268,0.42876434059968244,0,,,1.21,,22.640000000000001,-0.33200000000000002,7.6799999999999997,-0.016643164787871534
2001-07-31,,,8.1600000000000001,,,0.90550956323151577,0.13520408163265318,0.38341968911917101,-0.41999999999999998,,,-0.010420413137078977,,,19.059999999999999,0.21253564494098798,,0.2599999999999989,1.1699999999999999,0.13520408163265318,0.38341968911917101,0.90550956323151577,0.21664620305325888,-0.01257396449704129,,,1.1699999999999999,,19.059999999999999,-0.41999999999999998,8.1600000000000001,-0.010420413137078977
2001-08-31,,,8.2699999999999996,,,0.75179514970871142,-0.0015444015444014969,0.35648342425514068,-0.45700000000000002,,,-0.0037804697701880885,,,21.620000000000001,0.1663962071065784,,0.23999999999999932,1.28,-0.0015444015444014969,0.3564834242551409,0.75179514970871164,0.16724849434889943,-0.043639053254437732,,,1.28,,21.620000000000001,-0.45700000000000002,8.2699999999999996,-0.0037804697701880885
2001-09-28,,,8.0500000000000007,,,0.6353199804592089,-0.0096153846153843592,0.37970118495620864,-0.496,,,-0.00082312555787966701,,,24.920000000000002,0.39312412142838604,,0.41000000000000103,1.21,-0.0096153846153844702,0.37970118495620842,0.6353199804592089,,-0.0096153846153844702,,,1.21,,24.920000000000002,-0.496,8.0500000000000007,-0.00082312555787966701
2001-10-31,,,10.18,,,0.64333333333333353,0.10786516853932593,0.25765306122449005,-0.42799999999999999,,,0.011165826822462477,,,31.93,0.40246832967280588,,0.38999999999999968,1.74,0.10786516853932593,0.25765306122449005,0.64333333333333353,,0,,,1.74,,31.93,-0.42799999999999999,10.18,0.011165826822462477
2001-11-30,,,9.6099999999999994,,,0.5585106382978724,0.13302397525135357,0.13127413127413146,-0.33500000000000002,,,0.017528584623653254,,,33.560000000000002,0.40492014925524733,,0.51999999999999957,1.8600000000000001,0.13302397525135334,0.13127413127413123,0.5585106382978724,,-0.0094658553076404361,,,1.8600000000000001,,33.560000000000002,-0.33500000000000002,9.6099999999999994,0.017528584623653254
2001-12-31,,,8.3900000000000006,,,0.45656370656370671,0.12696041822255411,0.11612426035502987,-0.379,,,0.030924409318205004,,,23.84,0.18200564262219815,,0.50999999999999979,1.9399999999999999,0.12696041822255411,0.11612426035502987,0.45656370656370693,0.18600747947238172,0,,,1.9399999999999999,,23.84,-0.379,8.3900000000000006,0.030924409318205004
2002-01-31,,,8.2400000000000002,,,0.54093264248704664,0.0054090601757943446,0.11385767790262169,-0.37,,,0.044500799592591123,,,23.800000000000001,0.17765850613605191,,0.58000000000000007,2,0.0054090601757943446,0.11385767790262169,0.54093264248704642,0.17760778484233194,-0.014579191517561485,,,2,,23.800000000000001,-0.37,8.2400000000000002,0.044500799592591123
2002-02-28,,,7.8899999999999997,,,0.57889215274863637,0.027303754266211566,0.16395978344934248,-0.36699999999999999,,,0.04971691964984587,,,21.09,0.16107906190793045,,0.61000000000000032,1.9099999999999999,0.027303754266211566,0.16395978344934248,0.57889215274863637,0.16118295790636283,-0.0066006600660065695,,,1.9099999999999999,,21.09,-0.36699999999999999,7.8899999999999997,0.04971691964984587
2002-03-29,,,8.1899999999999995,,,0.71664090674909864,0.10404241219350552,0.24421209858103032,-0.45800000000000002,,,0.057697016463355566,,,21.59,0.17873744217788923,,0.66999999999999993,1.8200000000000001,0.10404241219350552,0.24421209858103032,0.71664090674909842,0.17940144493264321,0,,,1.8200000000000001,,21.59,-0.45800000000000002,8.1899999999999995,0.057697016463355566
2002-04-30,,,7.0800000000000001,,,0.46964285714285725,0.16227303295225304,0.16855983772819472,-0.48799999999999999,,,0.063330911543764468,,,17.399999999999999,0.12255072714374929,,0.63999999999999968,1.7,0.16227303295225304,0.16855983772819472,0.46964285714285725,0.12417548424364065,-0.010704064109902545,,,1.7,,17.399999999999999,-0.48799999999999999,7.0800000000000001,0.063330911543764468
2002-05-31,,,6.8799999999999999,,,0.37166023166023177,0.18026578073089716,0.21249146757679171,-0.499,,,0.063650330158212254,,,21.91,0.13481090165757878,,0.67000000000000082,1.8700000000000001,0.18026578073089694,0.21249146757679171,0.37166023166023154,0.135075717258613,0,,,1.8700000000000001,,21.91,-0.499,6.8799999999999999,0.063650330158212254
2002-06-28,,,7.2800000000000002,,,0.28365384615384603,0.041716686674669878,0.15009940357852858,-0.57599999999999996,,,0.060730581334514699,,,19.98,0.18064884014935328,,0.5600000000000005,1.8600000000000001,0.041716686674669878,0.15009940357852858,0.28365384615384626,0.18103719716899205,-0.02296909305860495,,,1.8600000000000001,,19.98,-0.57599999999999996,7.2800000000000002,0.060730581334514699
2002-07-31,,,8.75,,,0.092584269662921326,-0.15604929699704917,-0.019098856758574256,-0.621,,,0.060338779831004274,,,25.399999999999999,0.26450204203047106,,0.46000000000000085,1.96,-0.15604929699704917,-0.019098856758574256,0.092584269662921326,0.26034753622219964,-0.1788549231548725,,,1.96,,25.399999999999999,-0.621,8.75,0.060338779831004274
2002-08-30,,,9.7100000000000009,,,0.2470997679814384,-0.09221415301469349,0.071428571428571397,-0.53500000000000003,,,0.056869231704925305,,,32.030000000000001,0.30611116764590951,,0.41000000000000014,2.2799999999999998,-0.09221415301469349,0.071428571428571397,0.2470997679814384,0.30449578873759137,-0.09221415301469349,,,2.2799999999999998,,32.030000000000001,-0.53500000000000003,9.7100000000000009,0.056869231704925305
2002-09-30,,,9.6099999999999994,,,0.14174757281553374,-0.11910112359550551,-0.082352941176470518,-0.436,,,0.057825583601533892,,,32.640000000000001,0.28835912809193326,,0.19000000000000039,2,-0.11910112359550562,-0.082352941176470518,0.14174757281553374,0.28612432660606746,-0.13933457186286102,,,2,,32.640000000000001,-0.436,9.6099999999999994,0.057825583601533892
2002-10-31,,,10.33,,,0.15496957403651113,0.17112299465240666,-0.011629925360180482,-0.38600000000000001,,,0.061091802443966337,,,39.689999999999998,0.25946702250658221,,0.0099999999999997868,1.9099999999999999,0.17112299465240643,-0.011629925360180482,0.15496957403651113,0.26470141871784941,-0.038338118561053736,,,1.9099999999999999,,39.689999999999998,-0.38600000000000001,10.33,0.061091802443966337
2002-11-29,,,10.59,,,0.159863481228669,0.053767441860465226,-0.043404830265157957,-0.34999999999999998,,,0.071639803941361935,,,31.140000000000001,0.23829506977164042,,0.050000000000000266,2.25,0.053767441860465004,-0.043404830265157957,0.159863481228669,0.24255315774833056,-0.043404830265157957,,,2.25,,31.140000000000001,-0.34999999999999998,10.59,0.071639803941361935
2002-12-31,,,8.8300000000000001,,,-0.022862823061630344,-0.035518053375196312,-0.1503889369057908,-0.38300000000000001,,,0.077432882841100004,,,27.5,0.26629134156922785,,0.12999999999999989,2.1400000000000001,-0.035518053375196312,-0.15038893690579092,-0.022862823061630344,0.26976524534337259,-0.16990373247762203,,,2.1400000000000001,,27.5,-0.38300000000000001,8.8300000000000001,0.077432882841100004
2003-01-31,,,8.9000000000000004,,,-0.024747814391391953,-0.15103617843343875,-0.0057589469354174527,-0.45100000000000001,,,0.078481852048972789,,,28.620000000000001,0.22991594490628986,,0.1899999999999995,2.2200000000000002,-0.15103617843343864,-0.0057589469354173417,-0.024747814391391842,0.22780943267590251,-0.18358385407870281,,,2.2200000000000002,,28.620000000000001,-0.45100000000000001,8.9000000000000004,0.078481852048972789
2003-02-28,,,8.2899999999999991,,,0.03674418604651164,-0.081744350282485945,-0.032372093023255832,-0.46800000000000003,,,0.079820319009628049,2.2399999999999998,,31.170000000000002,0.25471861114981337,,0.30999999999999961,2.2799999999999998,-0.081744350282485945,-0.032372093023255832,0.03674418604651164,0.25328544549690518,-0.12160108089849686,,,2.2799999999999998,,31.170000000000002,-0.46800000000000003,8.2899999999999991,0.079820319009628049
2003-03-31,,,8.3800000000000008,,,0.084033613445378297,0.22482197355035627,0.18131868131868156,-0.52100000000000002,,,0.073929485735677924,1.96,,29.629999999999999,0.25867280190040487,,0.27000000000000002,2.1800000000000002,0.22482197355035627,0.18131868131868156,0.084033613445378297,0.26004128014826039,-0.0031462162609702249,,,2.1800000000000002,,29.629999999999999,-0.52100000000000002,8.3800000000000008,0.073929485735677924
2003-04-30,,,7.7199999999999998,,,0.16507550772435353,0.38849813818783607,0.17878468563400074,-0.53400000000000003,,,0.071891193254849661,2.0099999999999998,,29.149999999999999,0.18576361180248532,,0.17999999999999927,2.3199999999999998,0.38849813818783607,0.17878468563400074,0.16507550772435353,0.19089990819130259,0,,,2.3199999999999998,,29.149999999999999,-0.53400000000000003,7.7199999999999998,0.071891193254849661
2003-05-30,,,6.4400000000000004,,,0.21601080898496883,0.38434916362238036,0.27118644067796605,-0.58499999999999996,,,0.072053008039301369,2.23,,21.210000000000001,0.18375410548214485,,0.28000000000000025,2.3799999999999999,0.38434916362238036,0.27118644067796605,0.21601080898496883,0.18874139706860216,0,,,2.3799999999999999,,21.210000000000001,-0.58499999999999996,6.4400000000000004,0.072053008039301369
2003-06-30,,,6.79,,,0.27398444252376852,0.22425249169435202,0.49949135300101744,-0.67900000000000005,,,0.072350592818817949,1.9699999999999998,,19.469999999999999,0.17210320458655198,,0.050000000000000266,2.04,0.22425249169435224,0.49949135300101766,0.27398444252376852,0.17463938247605948,-0.016677785190126748,,,2.04,,19.469999999999999,-0.67900000000000005,6.79,0.072350592818817949
2003-07-31,,,6.1299999999999999,,,0.36548745372274793,-0.010876042908224082,0.37339677285891604,-0.70899999999999996,,,0.075653068187947758,1.6900000000000002,,19.52,0.2638250424351809,,-0.020000000000000018,2.2200000000000002,-0.010876042908224193,0.37339677285891582,0.36548745372274793,0.25607197904991463,-0.11420947298198814,,,2.2200000000000002,,19.52,-0.70899999999999996,6.1299999999999999,0.075653068187947758
2003-08-29,,,5.6699999999999999,,,0.3160930232558139,-0.017500000000000071,0.36012305325898852,-0.70999999999999996,,,0.08143436110289265,1.8999999999999999,-0.33999999999999986,19.489999999999998,0.2640925119443332,,0.29000000000000048,2.6899999999999999,-0.017500000000000071,0.36012305325898875,0.3160930232558139,0.25656810338234293,-0.056170780520347074,,,2.6899999999999999,-0.33999999999999986,19.489999999999998,-0.70999999999999996,5.6699999999999999,0.08143436110289265
2003-09-30,,,5.46,,,0.37382260596546324,-0.050067842605155954,0.16295681063122913,-0.70699999999999996,,,0.089290786428260327,2.29,0.33000000000000007,18.629999999999999,0.28230924258769885,,0.42999999999999972,2.5,-0.050067842605156065,0.16295681063122913,0.37382260596546324,0.27496862045133608,-0.065910607071380967,,,2.5,0.33000000000000007,18.629999999999999,-0.70699999999999996,5.46,0.089290786428260327
2003-10-31,,,5.5099999999999998,,,0.29610115911485768,0.1116131947582466,0.099523241954707853,-0.66500000000000004,,,0.09577717199250857,2.2599999999999998,0.25,22.719999999999999,0.20780539081437874,,0.38000000000000078,2.46,0.1116131947582466,0.099523241954707853,0.29610115911485746,0.20782354958291249,-0.015343562374916853,,,2.46,0.25,22.719999999999999,-0.66500000000000004,5.5099999999999998,0.09577717199250857
2003-11-28,,,4.7300000000000004,,,0.37888418079096042,0.10404297427198195,0.084722222222222143,-0.67800000000000005,,,0.10475754300036488,1.8900000000000001,-0.33999999999999986,16.100000000000001,0.22777982992384227,,0.33999999999999986,2.48,0.10404297427198195,0.084722222222222143,0.37888418079096042,0.22800254475825504,-0.017610062893081757,,,2.48,-0.33999999999999986,16.100000000000001,-0.67800000000000005,4.7300000000000004,0.10475754300036488
2003-12-31,,,4.4800000000000004,,,0.67751780264496442,0.17768890158548767,0.11872455902306656,-0.71199999999999997,,,0.10283926305531133,1.9899999999999998,0.020000000000000018,16.32,0.18435821141899791,,0.35000000000000053,2.2799999999999998,0.17768890158548789,0.11872455902306656,0.67751780264496464,0.18572563738086889,-0.0084185207456403122,,,2.2799999999999998,0.020000000000000018,16.32,-0.71199999999999997,4.4800000000000004,0.10283926305531133
2004-01-30,,,4.1799999999999997,,,0.709764170459247,0.11991869918699205,0.24491640307275198,-0.71199999999999997,,,0.090849001950476405,1.9999999999999996,0.30999999999999939,18.309999999999999,0.15703508167412106,,0.36000000000000032,2.4300000000000002,0.11991869918699205,0.24491640307275198,0.70976417045924678,0.15881641028147711,-0.016071428571428514,,,2.4300000000000002,0.30999999999999939,18.309999999999999,-0.71199999999999997,4.1799999999999997,0.090849001950476405
2004-02-27,,,4.0499999999999998,,,0.58930974812536041,0.058386683738796519,0.16850438224484021,-0.71999999999999997,,,0.082873627501637404,1.8400000000000003,-0.059999999999999609,16.629999999999999,0.12335305286988116,,0.33000000000000007,2.3199999999999998,0.058386683738796297,0.16850438224484021,0.58930974812536041,0.12460158170295842,-0.022815935689798006,,,2.3199999999999998,-0.059999999999999609,16.629999999999999,-0.71999999999999997,4.0499999999999998,0.082873627501637404
2004-03-31,,,4.3399999999999999,,,0.44385382059800649,0.054214675560946057,0.24153692329667176,-0.78300000000000003,,,0.078527030055745073,1.7000000000000002,-0.58999999999999986,14.550000000000001,0.15433254099961319,,0.3199999999999994,2.3300000000000001,0.054214675560945835,0.24153692329667176,0.44385382059800649,0.15601475582589761,-0.010586226522481534,,,2.3300000000000001,-0.58999999999999986,14.550000000000001,-0.78300000000000003,4.3399999999999999,0.078527030055745073
2004-04-30,,,4.4100000000000001,,,0.30393325387365899,0.058923169993950308,0.18590785907859075,-0.81100000000000005,,,0.070163669651245875,1.4500000000000002,-0.80999999999999961,16.739999999999998,0.15948524968120595,,0.16999999999999993,2.2599999999999998,0.058923169993950308,0.18590785907859075,0.30393325387365899,0.16105446600138543,-0.026365557904105108,,,2.2599999999999998,-0.80999999999999961,16.739999999999998,-0.81100000000000005,4.4100000000000001,0.070163669651245875
2004-05-31,,,3.9100000000000001,,,0.19124999999999992,0.037624001935639972,0.098207426376440532,-0.79900000000000004,,,0.065502282483414664,1.9299999999999997,0.039999999999999591,17.190000000000001,0.18624307033232657,,0.36000000000000121,2.2200000000000002,0.037624001935639972,0.098207426376440532,0.19124999999999992,0.18650509209840913,-0.045833796862832399,,,2.2200000000000002,0.039999999999999591,17.190000000000001,-0.79900000000000004,3.9100000000000001,0.065502282483414664
2004-06-30,,,4.2800000000000002,,,0.16512890094979649,-0.012080073630925003,0.041479684657368177,-0.73799999999999999,,,0.062483905192940392,2.0599999999999996,0.06999999999999984,15.5,0.15004001205063,,0.45000000000000018,2.1200000000000001,-0.012080073630924892,0.041479684657367955,0.16512890094979649,0.14869134011616555,-0.044721326065190747,,,2.1200000000000001,0.06999999999999984,15.5,-0.73799999999999999,4.2800000000000002,0.062483905192940392
2004-07-30,,,4.0999999999999996,,,0.15408947130591955,-0.12454296160877509,-0.072958257713248598,-0.69299999999999995,,,0.061966343752765607,2.2100000000000004,0.21000000000000085,14.34,0.173927839545086,,0.37000000000000011,1.9199999999999999,-0.12454296160877498,-0.072958257713248598,0.15408947130591955,0.17207849688531013,-0.14762487484703524,,,1.9199999999999999,0.21000000000000085,14.34,-0.69299999999999995,4.0999999999999996,0.061966343752765607
2004-08-31,,,4.0199999999999996,,,0.14192818772971449,-0.058178850413897587,-0.022743769658843394,-0.68400000000000005,,,0.054115722030885216,2.0099999999999998,0.16999999999999948,15.32,0.20115664250213819,,0.24000000000000021,1.8200000000000001,-0.058178850413897587,-0.022743769658843394,0.14192818772971449,0.20184061791561866,-0.10134608966514635,,,1.8200000000000001,0.16999999999999948,15.32,-0.68400000000000005,4.0199999999999996,0.054115722030885216
2004-09-30,,,4.0599999999999996,,,0.18883016711898293,-0.030744148130895543,-0.04245283018867918,-0.69299999999999995,,,0.0414242456046513,1.9300000000000002,0.22999999999999998,15.289999999999999,0.25905056871816157,,0.15000000000000036,1.72,-0.030744148130895543,-0.04245283018867918,0.18883016711898293,0.26315493247090899,-0.074090555122927948,,,1.72,0.22999999999999998,15.289999999999999,-0.69299999999999995,4.0599999999999996,0.0414242456046513
2004-10-29,,,3.8300000000000001,,,0.26761517615176156,0.22096058470373259,0.068898537477148025,-0.69799999999999995,,,0.015484733166046205,1.7599999999999998,0.30999999999999961,13.34,0.23840204805517851,,0.059999999999999609,1.51,0.22096058470373259,0.068898537477148025,0.26761517615176156,0.24320855527560856,0,,,1.51,0.30999999999999961,13.34,-0.69799999999999995,3.8300000000000001,0.015484733166046205
2004-11-30,,,3.6299999999999999,,,0.17580025608194627,0.13679128497152759,0.070654074851346671,-0.69699999999999995,,,-0.0085379893475111546,1.6799999999999997,-0.25,16.27,0.24284767557041637,,0.020000000000000462,1.49,0.13679128497152759,0.070654074851346671,0.17580025608194627,0.24644481232810195,-0.049182025264029816,,,1.49,-0.25,16.27,-0.69699999999999995,3.6299999999999999,-0.0085379893475111546
2004-12-31,,,3.1699999999999999,,,0.028987265009096319,0.019343986543313596,-0.01199487597531157,-0.70299999999999996,,,-0.025122498331142773,1.5800000000000005,-0.47999999999999909,13.24,0.25158999116140668,,0.019999999999998685,1.3400000000000001,0.019343986543313818,-0.011994875975311459,0.028987265009096319,0.24979437469803334,-0.12155725823151786,,,1.3400000000000001,-0.47999999999999909,13.24,-0.70299999999999996,3.1699999999999999,-0.025122498331142773
2005-01-31,,,3.1000000000000001,,,-0.0013309134906230868,-0.11769107429182246,0.077264421821978679,-0.71299999999999997,,,-0.025669909370891864,1.6700000000000004,-0.54000000000000004,13.289999999999999,0.21194291636343149,,-0.040000000000000036,1.1599999999999999,-0.11769107429182246,0.077264421821978457,-0.0013309134906230868,0.20880547518540524,-0.14537171256989023,,,1.1599999999999999,-0.54000000000000004,13.289999999999999,-0.71299999999999997,3.1000000000000001,-0.025669909370891864
2005-02-28,,86.583333333333329,3.29,,,0.060246794096298073,-0.045627790482413166,0.084922010398613468,-0.69499999999999995,,,-0.024567153411776288,1.7299999999999995,-0.28000000000000025,12.82,0.20372707582051927,,-0.020000000000000462,0.84999999999999998,-0.045627790482413166,0.084922010398613468,0.060246794096298073,0.20089349634829118,-0.09256574860219513,,,0.84999999999999998,-0.28000000000000025,12.82,-0.69499999999999995,3.29,-0.024567153411776288
2005-03-31,,86.385714285714286,2.8300000000000001,,,0.024965485503911644,0.050094295143800149,0.070407305058272307,-0.70099999999999996,,,-0.025401389633208704,1.5099999999999998,-0.42000000000000037,12.08,0.12006883981368045,,-0.0099999999999997868,0.77000000000000002,0.050094295143800149,0.070407305058272307,0.024965485503911644,0.12042276583632007,-0.077552288258438518,,,0.77000000000000002,-0.42000000000000037,12.08,-0.70099999999999996,2.8300000000000001,-0.025401389633208704
2005-04-29,,86.1875,3.52,,,0.042847349177330907,0.10576690089653495,-0.024371993586317475,-0.70799999999999996,,,-0.026605063855178135,1.79,0.030000000000000249,14.02,0.12601005914771363,,0.10999999999999943,0.69999999999999996,0.10576690089653495,-0.024371993586317475,0.042847349177330907,0.12700007570255609,-0.054980327189894429,,,0.69999999999999996,0.030000000000000249,14.02,-0.70799999999999996,3.52,-0.026605063855178135
2005-05-31,,86.088888888888889,4.1900000000000004,,,0.11064474758073928,0.086946599726152485,0.037351628008276183,-0.66300000000000003,,,-0.028696204538147807,1.7399999999999998,0.060000000000000053,15.31,0.14216182015067674,,0.0099999999999997868,0.55000000000000004,0.086946599726152485,0.037351628008276183,0.11064474758073928,0.14301023437085641,-0.013667425968109326,,,0.55000000000000004,0.060000000000000053,15.31,-0.66300000000000003,4.1900000000000004,-0.028696204538147807
2005-06-30,,86.060000000000002,4.1299999999999999,3.8999999999999999,,0.16361942471177349,0.12156246492311151,0.17774634606317763,-0.60799999999999998,,,-0.031965287006035958,1.7699999999999996,0.18999999999999906,13.289999999999999,0.13616570291970023,,-0.079999999999999183,0.40000000000000002,0.12156246492311129,0.17774634606317763,0.16361942471177349,0.1369543741681718,0,,,0.40000000000000002,0.18999999999999906,13.289999999999999,-0.60799999999999998,4.1299999999999999,-0.031965287006035958
2005-07-29,,86.172727272727272,3.8500000000000001,4.2999999999999998,,0.3010963194988252,0.092253752602169392,0.20777804700751146,-0.59799999999999998,,,-0.042355971007149495,1.73,0.059999999999999609,12.039999999999999,0.12681096176827725,,-0.10000000000000009,0.28000000000000003,0.092253752602169392,0.20777804700751146,0.30109631949882543,0.12715442484003719,-0.0023018414731784675,,,0.28000000000000003,0.059999999999999609,12.039999999999999,-0.59799999999999998,3.8500000000000001,-0.042355971007149495
2005-08-31,,86.233333333333334,3.2999999999999998,3.7999999999999998,,0.19472641743005692,0.013121981944152816,0.10120949338201735,-0.60199999999999998,,,-0.043388959265696303,1.8199999999999998,0.090000000000000302,11.57,0.12781531711585137,,-0.089999999999999858,0.26000000000000001,0.013121981944152816,0.10120949338201735,0.19472641743005692,0.12749148312000211,-0.034127301841473168,,,0.26000000000000001,0.090000000000000302,11.57,-0.60199999999999998,3.2999999999999998,-0.043388959265696303
2005-09-30,0.05187319884726227,86.824999999999989,3.6600000000000001,4.0999999999999996,0.14039408866995062,0.25880091313228393,0.048538831064851795,0.17600179593669307,-0.61199999999999999,0.0045132172791746417,0.10378197997775307,-0.039080984299878274,1.8899999999999997,0.37999999999999989,12.6,0.17222867961788665,,-0.059999999999999609,0.17999999999999999,0.048538831064851795,0.17600179593669307,0.25880091313228393,0.17356563031361874,-0.020108492330714545,,,0.17999999999999999,0.37999999999999989,12.6,-0.61199999999999999,3.6600000000000001,-0.039080984299878274
2005-10-31,0.04353982300884951,86.891666666666666,3.54,4.2999999999999998,0.10633484162895912,0.24158204168893671,0.16511184672484736,0.27259778678645796,-0.59699999999999998,0.06055466879489213,0.10078461708476083,-0.02782286394579625,1.6400000000000001,-0.14999999999999991,11.92,0.25833036844608748,,-0.13000000000000078,0.16,0.16511184672484713,0.27259778678645796,0.24158204168893671,0.26469527969738732,0,,,0.16,-0.14999999999999991,11.92,-0.59699999999999998,3.54,-0.02782286394579625
2005-11-30,0.22517656834233457,87.491666666666674,3.6099999999999999,4,0.20424403183023854,0.32070129587280838,0.25665734120816497,0.27314717614948547,-0.56599999999999995,0.037740271917487078,0.094950603732162353,-0.023607987484924875,1.8900000000000001,0.15000000000000036,15.32,0.23146246198398768,,-0.069999999999999396,0.17000000000000001,0.25665734120816497,0.27314717614948547,0.32070129587280838,0.23813956619065213,0,,,0.17000000000000001,0.15000000000000036,15.32,-0.56599999999999995,3.6099999999999999,-0.023607987484924875
2005-12-30,0.23784225582345742,87.516666666666666,3.6699999999999999,4.2000000000000002,0.1261682242990656,0.3764733616218765,0.11463205115968322,0.16873498799039233,-0.58199999999999996,0.052614727854855881,0.094720667325211227,-0.021547041532669398,2.1699999999999999,0.40000000000000036,12.06,0.23575450570035331,,-0.059999999999999609,0.070000000000000007,0.11463205115968322,0.16873498799039233,0.37647336162187628,0.24213759927099537,-0.05594179466451088,,,0.070000000000000007,0.40000000000000036,12.06,-0.58199999999999996,3.6699999999999999,-0.021547041532669398
2006-01-31,0.20326467158958406,88.066666666666663,3.71,4.7999999999999998,0.38987341772151884,0.27295856554397857,-0.095393887214808681,0.05396729862573979,-0.57899999999999996,-0.17446059004843684,0.0947252747252747,-0.021825928028991193,2.1399999999999997,0.4099999999999997,12.07,0.19223273062903282,,-0.090000000000000746,-0.02,-0.095393887214808681,0.053967298625739568,0.27295856554397857,0.18782542869274263,-0.15060630557801136,,,-0.02,0.4099999999999997,12.07,-0.57899999999999996,3.71,-0.021825928028991193
2006-02-28,0.20741023682200144,88.149999999999991,3.4199999999999999,4.0999999999999996,0.18925831202046028,0.23288452761296208,-0.10908641160949872,0.11957310123303277,-0.56200000000000006,0.02600308641975313,0.08261152013858819,-0.024058094396508412,1.8900000000000001,0.070000000000000284,12.949999999999999,0.19376622748826372,,-0.12000000000000099,-0.01,-0.10908641160949872,0.11957310123303277,0.23288452761296208,0.18958563992069036,-0.12651576394502828,,,-0.01,0.070000000000000284,12.949999999999999,-0.56200000000000006,3.4199999999999999,-0.024058094396508412
2006-03-31,0.20767494356659166,88.24166666666666,3.3700000000000001,4.2000000000000002,0.34722222222222232,0.17027724772701758,-0.10721013872238394,-0.0048678056695617977,-0.60199999999999998,0.023789366745682328,0.077317933910811654,-0.026004820321348432,2.0400000000000005,0.1500000000000008,12.34,0.20448350628956646,,-0.099999999999999645,-0.14000000000000001,-0.10721013872238394,-0.0048678056695617977,0.17027724772701758,0.20084222526546536,-0.15715440582053353,,,-0.14000000000000001,0.1500000000000008,12.34,-0.60199999999999998,3.3700000000000001,-0.026004820321348432
2006-04-28,0.21522804372408588,88.116666666666674,3.1299999999999999,4.9000000000000004,0.24724061810154541,0.18910923633176302,0.032930427334158185,-0.065604821351700537,-0.63200000000000001,0.0089570769776516901,0.065062013874290558,-0.028368308156614397,2.21,0.56999999999999984,11.390000000000001,0.15004307417657942,,-0.010000000000000675,0.040000000000000001,0.032930427334158185,-0.065604821351700537,0.18910923633176302,0.15027542733622359,-0.12263540824575581,,,0.040000000000000001,0.56999999999999984,11.390000000000001,-0.63200000000000001,3.1299999999999999,-0.028368308156614397
2006-05-31,0.20853254873115112,88.166666666666671,3.04,4.2000000000000002,0.23115577889447247,0.14003779130799909,0.0050902360018509896,-0.10455145118733511,-0.627,0.041526845637583687,0.062253579580825891,-0.030236484055743196,2.3100000000000001,0.41999999999999993,11.59,0.13828168611814456,,-0.079999999999999183,0.20000000000000001,0.0050902360018509896,-0.10455145118733511,0.14003779130799909,0.13843105470444908,-0.12206952303961194,,,0.20000000000000001,0.41999999999999993,11.59,-0.627,3.04,-0.030236484055743196
2006-06-30,0.18263365626121275,88.241666666666674,3.1200000000000001,4.5999999999999996,0.27315914489311166,0.029223378702962322,-0.013619796662190709,-0.11936975509505054,-0.61799999999999999,0.027360164347744798,0.056479769973300398,-0.025380935176706365,2.4700000000000002,0.30000000000000027,16.440000000000001,0.12836921792086631,,-0.080000000000000071,0.080000000000000002,-0.013619796662190597,-0.11936975509505043,0.029223378702962544,0.12801326251949316,-0.16863379143088109,,,0.080000000000000002,0.30000000000000027,16.440000000000001,-0.61799999999999999,3.1200000000000001,-0.025380935176706365
2006-07-31,0.17114568599717095,88.25,3.3500000000000001,5.0999999999999996,0.25469728601252606,-0.016952552914033525,-0.097023864369298773,-0.067288474350432947,-0.58099999999999996,-0.0029282576866764831,0.051475076297049949,-0.024534343147611049,2.5000000000000004,0.36000000000000076,13.08,0.12404081590266049,,-0.089999999999999858,-0.01,-0.097023864369298773,-0.067288474350432947,-0.016952552914033525,0.12287994658160088,-0.2077607113985448,,,-0.01,0.36000000000000076,13.08,-0.58099999999999996,3.3500000000000001,-0.024534343147611049
2006-08-31,0.17916666666666692,88.225000000000009,3.4500000000000002,4.4000000000000004,0.2009345794392523,-0.013988187752564607,-0.12375690607734802,-0.11929662193428969,-0.52800000000000002,0.017460091220068419,0.044640145763741312,-0.021897228221088527,2.5099999999999998,0.61999999999999966,14.949999999999999,0.20601716686037744,,-0.12999999999999989,0.02,-0.12375690607734813,-0.11929662193428969,-0.013988187752564607,0.20578280589976877,-0.23071948261924013,,,0.02,0.61999999999999966,14.949999999999999,-0.52800000000000002,3.4500000000000002,-0.021897228221088527
2006-09-29,0.1863013698630136,87.575000000000003,3.4900000000000002,5,0.26133909287257029,-0.06309057936432183,-0.045507584597432982,-0.058507577210819228,-0.55800000000000005,0.0077938749312305156,0.043232893278242424,-0.023927209648215264,2.3799999999999999,0.33999999999999941,12.31,0.21254093308965047,,-0.13999999999999968,-0.050000000000000003,-0.045507584597432982,-0.058507577210819228,-0.06309057936432183,0.2122951726871381,-0.20646725949878741,,,-0.050000000000000003,0.33999999999999941,12.31,-0.55800000000000005,3.4900000000000002,-0.023927209648215264
2006-10-31,0.19538670284938942,87.408333333333346,3.4399999999999999,5.0999999999999996,0.22699386503067487,-0.174171330176496,-0.0212244897959184,-0.11618907214595042,-0.60199999999999998,-0.0079014203743766886,0.035337817488203971,-0.021352914005490553,2.3499999999999996,0.13999999999999968,11.98,0.20516596455001529,,-0.14999999999999947,-0.070000000000000007,-0.0212244897959184,-0.11618907214595042,-0.174171330176496,0.20524319064439164,-0.22457558609539208,,,-0.070000000000000007,0.13999999999999968,11.98,-0.60199999999999998,3.4399999999999999,-0.021352914005490553
2006-11-30,0.21804001356392022,86.983333333333334,3.29,4.5,0.15198237885462551,-0.24439313984168864,-0.036990332072299292,-0.15616942909760589,-0.60499999999999998,-0.0092613508018973834,0.032080200501253042,-0.017654478166339138,2.4600000000000004,0.15000000000000036,11.1,0.12389671591361137,,-0.14999999999999947,-0.10000000000000001,-0.036990332072299181,-0.15616942909760589,-0.24439313984168864,0.12407519341409676,-0.25917542441390462,,,-0.10000000000000001,0.15000000000000036,11.1,-0.60499999999999998,3.29,-0.017654478166339138
2006-12-29,0.20435787388577076,86.741666666666674,3.2000000000000002,4.7999999999999998,0.16182572614107871,-0.1704058914197637,-0.013039934800326058,-0.057954103461688167,-0.627,-0.027476427050593055,0.031381592139562819,-0.011714581791315348,2.2999999999999998,-0.17000000000000037,10.91,0.15580627061112956,,-0.17999999999999972,-0.16,-0.013039934800325947,-0.057954103461688167,-0.1704058914197637,0.15732369307757491,-0.16962372503642753,,,-0.16,-0.17000000000000037,10.91,-0.627,3.2000000000000002,-0.011714581791315348
2007-01-31,0.18217054263565902,86.691666666666663,2.8900000000000001,4.7999999999999998,0.010928961748633892,-0.10802322261349573,-0.022935779816513846,-0.043673469387755071,-0.626,-0.019415404309792939,0.028307568761292812,-0.0053633339309319683,2.2599999999999998,-0.24000000000000066,11.56,0.15128272627052719,,-0.16999999999999904,-0.11,-0.022935779816513735,-0.043673469387755071,-0.10802322261349562,0.15283465976664451,-0.15200868621064056,,,-0.11,-0.24000000000000066,11.56,-0.626,2.8900000000000001,-0.0053633339309319683
2007-02-28,0.1755773489402086,86.841666666666683,2.7200000000000002,4.2999999999999998,0.068817204301075297,-0.1381767700138824,0.016150152771715387,-0.021437578814627933,-0.63200000000000001,-0.011506354816876008,0.028742874287428721,-0.001721098640500629,2.3299999999999996,-0.18000000000000016,10.42,0.13781585458570444,,-0.13999999999999968,-0.11,0.016150152771715387,-0.021437578814627933,-0.1381767700138824,0.13962597564749865,-0.15743756786102059,,,-0.11,-0.18000000000000016,10.42,-0.63200000000000001,2.7200000000000002,-0.001721098640500629
2007-03-30,0.17383177570093444,87.383333333333326,2.8199999999999998,4.5,0.078350515463917469,-0.1628620755802801,-0.099091659785301323,-0.11083944580277094,-0.67800000000000005,-0.012238485074009708,0.028260869565217561,-0.0034152508490440381,2.3599999999999999,-0.020000000000000018,15.42,0.1653221570325718,,-0.14999999999999947,-0.089999999999999997,-0.099091659785301434,-0.11083944580277094,-0.1628620755802801,0.16419058028968275,-0.21027868259138616,,,-0.089999999999999997,-0.020000000000000018,15.42,-0.67800000000000005,2.8199999999999998,-0.0034152508490440381
2007-04-30,0.16749379652605456,87.791666666666671,2.8500000000000001,5.2999999999999998,0.088495575221238854,-0.15009674744310331,-0.015791720017072186,-0.038365304420350355,-0.66100000000000003,8.7896633558903758e-05,0.033050429290437222,-0.0016722297686378451,2.1199999999999997,-0.22999999999999998,14.640000000000001,0.19654255520748437,,-0.16999999999999904,0.070000000000000007,-0.015791720017072186,-0.038365304420350244,-0.15009674744310331,0.19609019144177414,-0.16539992761491129,,,0.070000000000000007,-0.22999999999999998,14.640000000000001,-0.66100000000000003,2.8500000000000001,-0.0016722297686378451
2007-05-31,0.16494217894096175,88.033333333333346,2.7400000000000002,4.2999999999999998,0.018367346938775508,-0.1624309392265193,-0.023195876288659933,-0.0074203404626801417,-0.60499999999999998,-0.035172506376694779,0.029048642312951678,-0.0058928278931288935,2.2600000000000002,-0.20000000000000018,14.220000000000001,0.20139578031834257,,-0.1800000000000006,0.029999999999999999,-0.023195876288659822,-0.0074203404626800307,-0.1624309392265193,0.20101282531957299,-0.17698154180238868,,,0.029999999999999999,-0.20000000000000018,14.220000000000001,-0.60499999999999998,2.7400000000000002,-0.0058928278931288935
2007-06-29,0.17111650485436902,88.583333333333329,2.46,4.7000000000000002,0.031716417910447658,-0.069233761182419307,0.09670027497708511,-0.011973575557390537,-0.58599999999999997,-0.0322668605708053,0.032970451010886581,-0.013224052279456555,2.3900000000000001,0.090000000000000302,13.050000000000001,0.13666711333062984,,-0.17999999999999972,-0.02,0.096700274977085332,-0.011973575557390537,-0.069233761182419307,0.13772286193753874,-0.053776196124950437,,,-0.02,0.090000000000000302,13.050000000000001,-0.58599999999999997,2.46,-0.013224052279456555
2007-07-31,0.15942028985507251,89.274999999999991,2.98,5.2000000000000002,0.034941763727121433,-0.14571428571428569,-0.092367736339982631,-0.10670081092616301,-0.55100000000000005,-0.030286343612334843,0.03214976780185741,-0.01021706436076214,2.7199999999999998,0.45999999999999996,16.23,0.18925751603322274,,-0.019999999999999574,0.16,-0.092367736339982631,-0.10670081092616301,-0.14571428571428569,0.18635163936038926,-0.16212970376301039,,,0.16,0.45999999999999996,16.23,-0.55100000000000005,2.98,-0.01021706436076214
2007-08-31,-0.11071849234393394,89.666666666666671,4.1900000000000004,4.5,0.10116731517509736,-0.14501891551071877,-0.10554089709762526,-0.12628865979381443,-0.52200000000000002,-0.026266022273586875,0.036327519379844908,-0.012136379125781693,2.6600000000000001,0.33000000000000052,23.52,0.37773358120692913,,-0.060000000000000497,0.22,-0.10554089709762526,-0.12628865979381443,-0.14501891551071877,0.374966529342592,-0.18574859887910322,,,0.22,0.33000000000000052,23.52,-0.52200000000000002,4.1900000000000004,-0.012136379125781693
2007-09-28,-0.13163972286374137,90.266666666666666,4.5499999999999998,4.9000000000000004,0.071917808219178037,-0.2090464547677261,-0.18888424571667362,-0.11044912923923011,-0.28899999999999998,-0.042671276498953525,0.032988794435857782,-0.013205037382489793,2.4699999999999998,0.10999999999999988,23.379999999999999,0.3657041377164833,,-0.12000000000000011,0.39000000000000001,-0.18888424571667362,-0.11044912923923,-0.2090464547677261,0.36370252934546443,-0.22297838270616488,,,0.39000000000000001,0.10999999999999988,23.379999999999999,-0.28899999999999998,4.5499999999999998,-0.013205037382489793
2007-10-31,-0.13166855845629954,90.924999999999997,4.2000000000000002,5.4000000000000004,0.078333333333333366,-0.23185988323603002,-0.11992355470616334,-0.20121422376409359,0.20599999999999999,-0.013179103062482267,0.038727819257247997,-0.014820676380380426,2.1999999999999997,0.080000000000000071,18,0.3790691816235438,,-0.12999999999999901,0.62,-0.11992355470616323,-0.20121422376409348,-0.23185988323602991,0.37577001850692232,-0.24724152022885149,,,0.62,0.080000000000000071,18,0.20599999999999999,4.2000000000000002,-0.014820676380380426
2007-11-30,-0.15033407572383084,91.408333333333346,4.3600000000000003,4.5999999999999996,-0.0019120458891012104,-0.19685726756874733,-0.095378564405113164,-0.19085312225153916,0.078,-0.041647666818665385,0.038581835842642187,-0.018504600336000654,2.1900000000000004,-0.06999999999999984,18.530000000000001,0.19478695669585491,,-0.10000000000000053,0.54000000000000004,-0.095378564405113164,-0.19085312225153916,-0.19685726756874733,0.191179868722825,-0.2480588475684512,,,0.54000000000000004,-0.06999999999999984,18.530000000000001,0.078,4.3600000000000003,-0.018504600336000654
2007-12-31,-0.18092105263157876,92.016666666666666,5.75,4.7999999999999998,-0.023214285714285632,-0.21800165152766304,-0.024214322514167885,-0.20852486418721261,0.001,-0.048373644703920027,0.03948673082531351,-0.024637272998172421,1.8100000000000005,-0.57999999999999963,22.870000000000001,0.27606779152308114,,-0.15000000000000036,0.93000000000000005,-0.024214322514167885,-0.20852486418721272,-0.21800165152766304,0.27215628320269153,-0.20852486418721272,,,0.93000000000000005,-0.57999999999999963,22.870000000000001,0.001,5.75,-0.024637272998172421
2008-01-31,-0.20655737704918031,92.783333333333317,5.9199999999999999,5.2999999999999998,0.064864864864864868,-0.21724285104566798,-0.0043431053203041303,-0.12374581939799334,0.48199999999999998,-0.0098999129677981301,0.04010152284263957,-0.029718856671393623,1.7899999999999996,-0.93000000000000016,22.5,0.25979562482545909,,-0.23999999999999932,0.98999999999999999,-0.0043431053203041303,-0.12374581939799334,-0.21724285104566798,0.25713292706497676,-0.23359799414960303,,,0.98999999999999999,-0.93000000000000016,22.5,0.48199999999999998,5.9199999999999999,-0.029718856671393623
2008-02-29,-0.2055974165769644,93.241666666666674,6.9500000000000002,4.5,0.012072434607645732,-0.21262886597938158,-0.0038043478260869623,-0.098820058997050264,0.52500000000000002,-0.033855751673767531,0.040801446570228661,-0.036706456638672558,1.4000000000000004,-1.2599999999999998,26.199999999999999,0.26525547987116371,,-0.26000000000000023,1.5,-0.0038043478260870733,-0.098820058997050375,-0.21262886597938158,0.26243296955372153,-0.2340158796489763,,,1.5,-1.2599999999999998,26.199999999999999,0.52500000000000002,6.9500000000000002,-0.036706456638672558
2008-03-31,-0.240976645435244,93.691666666666663,7.6699999999999999,4.2000000000000002,-0.099426386233269493,-0.26856095325389551,-0.15733896515311507,-0.1777434312210201,0.41499999999999998,-0.077270824612808653,0.036288337339627441,-0.033958767478077578,1.3100000000000001,-1.1599999999999997,26.539999999999999,0.32365004725573904,,-0.15000000000000036,1.8799999999999999,-0.15733896515311507,-0.17774343122101999,-0.2685609532538954,0.31366866414598993,-0.33305474300041782,,,1.8799999999999999,-1.1599999999999997,26.539999999999999,0.41499999999999998,7.6699999999999999,-0.033958767478077578
2008-04-30,-0.25504782146652505,94.075000000000003,8.2100000000000009,5.5,0.0065040650406504863,-0.19167389418907188,0.016357688113413316,0.011943539630836053,0.79100000000000004,-0.017138337141852644,0.033559739775886444,-0.030466236728565299,1.1699999999999999,-1.0299999999999998,25.609999999999999,0.35001352153141818,,-0.16999999999999993,1.8300000000000001,0.016357688113413316,0.011943539630835831,-0.19167389418907199,0.34129287410302755,-0.22106142916840787,,,1.8300000000000001,-1.0299999999999998,25.609999999999999,0.79100000000000004,8.2100000000000009,-0.030466236728565299
2008-05-30,-0.24242424242424243,94.316666666666663,6.8600000000000003,4.2000000000000002,-0.042084168336673389,-0.11785400175901495,0.094380796508456211,0.090217391304347805,0.94999999999999996,-0.015653262835675474,0.033088444672247919,-0.019216014355377675,1.4100000000000001,-0.78000000000000025,20.789999999999999,0.3853027577989972,,-0.050000000000000266,1.48,0.094380796508456211,0.090217391304347805,-0.11785400175901495,0.37755334992454176,-0.16172168825741751,,,1.48,-0.78000000000000025,20.789999999999999,0.94999999999999996,6.8600000000000003,-0.019216014355377675
2008-06-30,-0.23212435233160622,94.241666666666674,6.5700000000000003,4.5999999999999996,-0.039783001808318175,-0.19180944421228585,0.21177944862155385,0.021119324181626098,0.65500000000000003,-0.014558091481168378,0.030214920204757467,-0.010988984162400905,1.3999999999999999,-0.41000000000000059,17.829999999999998,0.27045997830408203,,-0.030000000000000249,1.3999999999999999,0.21177944862155385,0.021119324181626098,-0.19180944421228585,0.2718002076509124,-0.18977796397151236,,,1.3999999999999999,-0.41000000000000059,17.829999999999998,0.65500000000000003,6.5700000000000003,-0.010988984162400905
2008-07-31,-0.2583333333333333,94.350000000000009,7.3499999999999996,5.5999999999999996,0.043408360128617485,-0.087912087912087933,0.024141630901287625,0.040894220283533178,0.50900000000000001,-0.0094643195154268112,0.032348171686210625,-0.0063509376642170157,1.5899999999999999,-0.19999999999999973,23.949999999999999,0.26578311276957411,,0.11000000000000121,1.3600000000000001,0.024141630901287625,0.040894220283533178,-0.087912087912087933,0.26704346544472796,-0.18103818103818103,,,1.3600000000000001,-0.19999999999999973,23.949999999999999,0.50900000000000001,7.3499999999999996,-0.0063509376642170157
2008-08-29,-0.092715231788079611,94.475000000000009,8,4.5,-0.084805653710247397,-0.091937069813176064,-0.079262213359920231,0.0076377523186033081,0.71699999999999997,-0.0046036541504820283,0.03576471028247119,0.00068513081581184077,1.6699999999999999,0.26999999999999957,22.940000000000001,0.2559857923848069,,0.019999999999999574,1.47,-0.079262213359920231,0.0076377523186035301,-0.091937069813176064,0.25614641030360541,-0.11584490186692198,,,1.47,0.26999999999999957,22.940000000000001,0.71699999999999997,8,0.00068513081581184077
2008-09-30,-0.073138297872340385,94.358333333333334,8.2799999999999994,4.5,-0.14856230031948892,-0.10613086038124675,-0.10289555325749733,0.087092731829573999,0.71799999999999997,0.048564911613761641,0.032402861551409812,0.0065127423648252414,1.7400000000000002,0.43000000000000016,20.649999999999999,0.24560762877237063,,-0.029999999999999805,1.47,-0.10289555325749744,0.087092731829573777,-0.10613086038124675,0.24478204401260809,-0.16945907132599325,,,1.47,0.43000000000000016,20.649999999999999,0.71799999999999997,8.2799999999999994,0.0065127423648252414
2008-10-31,-0.17516339869281061,94.683333333333337,10.960000000000001,5,-0.097372488408037139,-0.22529858849077089,-0.25248821372446295,-0.2344420600858369,0.84599999999999997,-0.015853189853958449,0.033755274261603407,0.013370334974644238,2.0899999999999999,0.91999999999999993,39.390000000000001,0.64261199647527967,,-0.010000000000000231,1.8500000000000001,-0.25248821372446306,-0.23444206008583679,-0.225298588490771,0.61543442523940184,-0.31689803733843935,,,1.8500000000000001,0.91999999999999993,39.390000000000001,0.84599999999999997,10.960000000000001,0.013370334974644238
2008-11-28,-0.22280471821756231,94.541666666666671,16.170000000000002,4.7000000000000002,-0.032567049808429172,-0.18369565217391293,-0.18678938819707624,-0.25124626121635085,1.798,-0.0014274385408405976,0.03152765567422966,0.024242580120440393,2.9399999999999999,1.5299999999999998,59.890000000000001,0.82398653561546675,,0.039999999999999591,2.4500000000000002,-0.18678938819707624,-0.25124626121635085,-0.18369565217391293,0.80839566990440703,-0.28099569171852556,,,2.4500000000000002,1.5299999999999998,59.890000000000001,1.798,16.170000000000002,0.024242580120440393
2008-12-31,-0.21552878179384205,94.5,19.780000000000001,4.7000000000000002,-0.062157221206581403,-0.25607180570221755,-0.18789625360230555,-0.27145811789038266,2.8010000000000002,0.015446976336547014,0.032291549769947192,0.03652664119904514,3.1999999999999997,1.7999999999999998,55.840000000000003,0.82984121771888408,,-0.1599999999999997,1.9299999999999999,-0.18789625360230544,-0.27145811789038266,-0.25607180570221755,0.8144213504762311,-0.32551460028721868,,,1.9299999999999999,1.7999999999999998,55.840000000000003,2.8010000000000002,19.780000000000001,0.03652664119904514
2009-01-30,-0.14187327823691465,94.75833333333334,18.120000000000001,4.2999999999999998,-0.1996615905245348,-0.33751363140676116,-0.14856341976173792,-0.36354112100576219,3.0800000000000001,-0.0048346335567519549,0.032802117355558158,0.040517017845407677,2.3100000000000001,0.7200000000000002,40,0.60836091555930627,,-0.19999999999999973,1.49,-0.14856341976173792,-0.36354112100576219,-0.33751363140676116,0.61486518223393383,-0.41838200095739586,,,1.49,0.7200000000000002,40,3.0800000000000001,18.120000000000001,0.040517017845407677
2009-02-27,-0.14905149051490507,94.399999999999991,16.219999999999999,4.0999999999999996,-0.13121272365805159,-0.36879432624113473,-0.22969374167776302,-0.3735787763941526,2.726,-0.041420584297976348,0.030347185249530506,0.051464561245244012,1.3800000000000001,-0.28999999999999981,44.840000000000003,0.38435413322152273,,-0.12999999999999989,1.9299999999999999,-0.22969374167776302,-0.37357877639415271,-0.36879432624113462,0.38105999629251397,-0.44614648157012926,,,1.9299999999999999,-0.28999999999999981,44.840000000000003,2.726,16.219999999999999,0.051464561245244012
2009-03-31,-0.1468531468531471,93.65000000000002,17.390000000000001,4,-0.080679405520169944,-0.1585213032581454,-0.046841731724627356,-0.2259365994236312,2.1459999999999999,0.018871348212665451,0.037570100422931407,0.06176780576999219,1.9100000000000001,0.16999999999999993,46.350000000000001,0.59267958878310167,,-0.10999999999999988,2.02,-0.046841731724627356,-0.22593659942363109,-0.1585213032581454,0.60680520506153079,-0.35710866443274292,,,2.02,0.16999999999999993,46.350000000000001,2.1459999999999999,17.390000000000001,0.06176780576999219
2009-04-30,-0.098430813124108396,93.458333333333329,17.030000000000001,4.0999999999999996,-0.28109854604200324,-0.17060085836909866,0.27242798353909459,0.083391730903994432,2.1469999999999998,0.057497988017526591,0.036407497781721254,0.06910758503661546,1.5399999999999998,-0.55000000000000004,44.140000000000001,0.54906657302196771,,-0.10999999999999988,1.8999999999999999,0.27242798353909459,0.083391730903994432,-0.17060085836909855,0.56588880664715779,-0.25993298228817607,,,1.8999999999999999,-0.55000000000000004,44.140000000000001,2.1469999999999998,17.030000000000001,0.06910758503661546
2009-05-29,-0.075862068965517171,93.25,13.449999999999999,3.7000000000000002,-0.15271966527196645,-0.19591226321036892,0.39412273120138286,0.073901464713714837,1.9350000000000001,-0.00028270549155429148,0.038772510106578562,0.067608711269765531,1.4600000000000002,-1.4799999999999998,36.5,0.48286569304060323,,-0.14000000000000012,2.25,0.39412273120138286,0.073901464713714837,-0.19591226321036892,0.50071607835870924,-0.22786022020105312,,,2.25,-1.4799999999999998,36.5,1.9350000000000001,13.449999999999999,0.067608711269765531
2009-06-30,-0.047233468286099978,93.491666666666674,11.76,3.7000000000000002,-0.22222222222222232,-0.22182006204756965,0.12062546537602414,0.068133427963094517,1.387,0.0054327106366756084,0.034845592466410391,0.060039577700754299,1.49,-1.7099999999999997,28.920000000000002,0.28691003625044909,,0.039999999999999591,2.5499999999999998,0.12062546537602392,0.068133427963094517,-0.22182006204756977,0.29036655076393381,-0.25495049504950473,,,2.5499999999999998,-1.7099999999999997,28.920000000000002,1.387,11.76,0.060039577700754299
2009-07-31,0.016853932584269593,93.266666666666666,10.550000000000001,3.6000000000000001,-0.37904468412943004,-0.18386589837611311,0.0077619663648123005,0.28230452674897122,0.88300000000000001,0.012038983374737411,0.03409482993444346,0.057066470004147996,1.9700000000000002,-0.33999999999999986,26.350000000000001,0.24960414509543485,,0.52000000000000002,2.4199999999999999,0.0077619663648123005,0.282304526748971,-0.18386589837611311,0.24980383249795418,-0.20793085917641096,,,2.4199999999999999,-0.33999999999999986,26.350000000000001,0.88300000000000001,10.550000000000001,0.057066470004147996
2009-08-31,0.11240875912408765,93.116666666666674,9.2200000000000006,3.5,-0.23359073359073346,-0.099079588521927331,0.031618102913825163,0.4382022471910112,0.73199999999999998,-0.013007660066483573,0.032299998194522228,0.056622581323113153,1.75,0.36999999999999988,25.920000000000002,0.25904169297942298,,0.33999999999999986,2.3900000000000001,0.031618102913825163,0.4382022471910112,-0.099079588521927442,0.25928095694863834,-0.093188010899182605,,,2.3900000000000001,0.36999999999999988,25.920000000000002,0.73199999999999998,9.2200000000000006,0.056622581323113153
2009-09-30,0.12195121951219501,93.216666666666654,9.1199999999999992,3.3999999999999999,-0.25703564727954964,-0.059365994236311281,0.084385382059800396,0.21518987341772156,0.42399999999999999,0.041693102510649949,0.030751811594202927,0.04701348572945746,1.95,0.039999999999999813,26.010000000000002,0.22636680208978274,,0.42999999999999972,2.4300000000000002,0.084385382059800396,0.21518987341772133,-0.059365994236311281,0.22789477575309738,-0.045055588063194874,,,2.4300000000000002,0.039999999999999813,26.010000000000002,0.42399999999999999,9.1199999999999992,0.04701348572945746
2009-10-30,0.28843106180665634,92.674999999999997,7.9299999999999997,3.7000000000000002,-0.25856164383561642,0.12123335669236157,0.02695763799743256,0.034928848641655907,0.23699999999999999,0.013765498389143982,0.035244717355968902,0.032945908373114063,1.6499999999999999,0.1100000000000001,25.609999999999999,0.19469272221845318,,0.38000000000000034,2.3599999999999999,0.02695763799743256,0.034928848641655685,0.12123335669236157,0.19538395160121658,-0.063779988297249846,,,2.3599999999999999,0.1100000000000001,25.609999999999999,0.23699999999999999,7.9299999999999997,0.032945908373114063
2009-11-30,0.40640809443507586,92.541666666666671,7.6600000000000001,3.3999999999999999,-0.20396039603960392,0.1058588548601862,-0.0018028846153846922,0.029758214507129566,0.11,0.032401524777636581,0.039630801592122733,0.018185105415693736,1.3900000000000001,-0.070000000000000062,30.690000000000001,0.19192617062413034,,0.31999999999999984,2.5099999999999998,-0.0018028846153844702,0.029758214507129788,0.10585885486018642,0.19306141080341824,-0.028654970760233933,,,2.5099999999999998,-0.070000000000000062,30.690000000000001,0.11,7.6600000000000001,0.018185105415693736
2009-12-31,0.46075085324232079,92.408333333333346,7.6500000000000004,3.5,-0.19298245614035081,0.27679205110007077,0.10232843137254899,0.19534883720930196,0.028000000000000001,0.016398748516560646,0.040413099605924652,-0.0067330721782616898,1.3199999999999998,-0.17000000000000015,24.510000000000002,0.19662552709832928,,0.26000000000000023,2.54,0.10232843137254899,0.19534883720930218,0.27679205110007099,0.1994423379281626,-0.0022185246810871861,,,2.54,-0.17000000000000015,24.510000000000002,0.028000000000000001,7.6500000000000004,-0.0067330721782616898
2010-01-29,0.37239165329052981,91.741666666666674,6.3899999999999997,4.2000000000000002,0.040169133192389239,0.36460905349794226,0.036249999999999893,0.064184852374839396,-0.024,0.27614000220823653,0.040811319211580876,-0.026058422315179519,1.2199999999999998,-0.75000000000000044,21.68,0.20049295531614733,,0.21999999999999975,2.71,0.036249999999999893,0.064184852374839396,0.36460905349794204,0.2033991594066748,-0.080421519689406806,,,2.71,-0.75000000000000044,21.68,-0.024,6.3899999999999997,-0.026058422315179519
2010-02-26,0.39649681528662417,92.125,6.46,3.6000000000000001,-0.038901601830663712,0.48228176318063953,0.032510535821794084,0.030649038461538325,-0.14199999999999999,0.09808592787316206,0.04577100897470765,-0.047242250689299325,1.3999999999999999,-0.35000000000000009,24.620000000000001,0.16412321830045518,,0.30000000000000027,2.8100000000000001,0.032510535821794084,0.030649038461538547,0.48228176318063953,0.16545019720561005,-0.048807542983915764,,,2.8100000000000001,-0.35000000000000009,24.620000000000001,-0.14199999999999999,6.46,-0.047242250689299325
2010-03-31,0.47704918032786892,92.225000000000009,6.6600000000000001,3.5,-0.036951501154734334,0.43484735666418461,0.071150639244024427,0.18075980392156854,-0.192,0.11148708815672315,0.048106016394473095,-0.060665702451707104,1.5600000000000001,-0.3899999999999999,19.5,0.20622213644122978,,0.16999999999999993,2.7999999999999998,0.071150639244024427,0.18075980392156876,0.43484735666418461,0.21006557510590684,0,,,2.7999999999999998,-0.3899999999999999,19.5,-0.192,6.6600000000000001,-0.060665702451707104
2010-04-30,0.46518987341772133,92.033333333333346,5.8399999999999999,3.7999999999999998,0.035955056179775235,0.29948253557567917,0.21170084439083237,0.25562499999999999,-0.23799999999999999,0.0084559445290040003,0.052465419910640243,-0.070059226987707945,1.4899999999999998,-0.16000000000000014,17.59,0.20721748009905797,,0.17000000000000037,2.8199999999999998,0.21170084439083259,0.25562499999999999,0.29948253557567894,0.21088319098554154,-0.036912751677852351,,,2.8199999999999998,-0.16000000000000014,17.59,-0.23799999999999999,5.8399999999999999,-0.070059226987707945
2010-05-31,0.4208955223880595,92.158333333333346,5.6100000000000003,3.6000000000000001,0.081481481481481488,0.21450712957222584,0.14227405247813429,0.17940999397953039,-0.40899999999999997,0.041852244609402733,0.054581638068282423,-0.070510803492539353,1.4500000000000002,0.060000000000000053,22.050000000000001,0.24138540295620178,,0.24999999999999956,2.7200000000000002,0.14227405247813407,0.17940999397953039,0.21450712957222584,0.24485858232031099,-0.060882070949185074,,,2.7200000000000002,0.060000000000000053,22.050000000000001,-0.40899999999999997,5.6100000000000003,-0.070510803492539353
2010-06-30,0.32719546742209626,92.183333333333337,6.9800000000000004,3.5,0.03874092009685226,0.29501661129568069,0.011416709911779899,0.083379655364091088,-0.34399999999999997,0.05090529908048147,0.060230542463238779,-0.060007384116719353,1.4299999999999999,0.1100000000000001,32.07,0.22174031918991891,,0.11000000000000032,2.5499999999999998,0.011416709911779899,0.083379655364091088,0.29501661129568091,0.22246146594606145,-0.065675934803451685,,,2.5499999999999998,0.1100000000000001,32.07,-0.34399999999999997,6.9800000000000004,-0.060007384116719353
2010-07-30,0.30386740331491713,92.016666666666666,7.1299999999999999,3.5,0.089330024813895736,0.26059050064184852,-0.022399203583872485,0.18455971049457198,-0.065000000000000002,0.062688821752265644,0.06353554777019732,-0.065996464667408827,1.3800000000000001,0.16000000000000036,34.539999999999999,0.25057245235059095,,0.080000000000000071,2.3599999999999999,-0.022399203583872596,0.18455971049457198,0.26059050064184852,0.25298460149566598,-0.05848513902205188,,,2.3599999999999999,0.16000000000000036,34.539999999999999,-0.065000000000000002,7.1299999999999999,-0.065996464667408827
2010-08-31,0.2834645669291338,92.091666666666654,6.5700000000000003,3.3999999999999999,0.062972292191435741,0.19591346153846145,0.015824400204185851,0.16034985422740533,-0.065000000000000002,0.040489090642846559,0.0637155449839093,-0.07094534190737567,1.2099999999999997,-0.19000000000000017,23.5,0.23673692580459785,,-0.10999999999999988,2.3900000000000001,0.015824400204185851,0.16034985422740533,0.19591346153846168,0.23875983894760025,-0.046021093000958802,,,2.3900000000000001,-0.19000000000000017,23.5,-0.065000000000000002,6.5700000000000003,-0.07094534190737567
2010-09-30,0.26086956521739135,91.891666666666666,6.9199999999999999,3.7000000000000002,0.13888888888888884,0.30759803921568629,0.094920472036942094,0.10742086144265706,-0.23899999999999999,-0.0024362655529451827,0.07282393778285523,-0.064671824786659893,1.1800000000000002,-0.37999999999999989,26.050000000000001,0.22642006134341353,,-0.28000000000000025,2,0.094920472036942094,0.10742086144265706,0.30759803921568629,0.22909248809523494,0,,,2,-0.37999999999999989,26.050000000000001,-0.23899999999999999,6.9199999999999999,-0.064671824786659893
2010-10-29,0.24477244772447704,92.033333333333346,6.2599999999999998,3.5,0.020785219399538146,0.32250000000000001,0.077393075356415375,0.053260328521652633,-0.26200000000000001,0.10535439137134039,0.065298360998927052,-0.056063244621940789,0.86999999999999988,-0.61999999999999988,23.699999999999999,0.15752371236931353,,-0.31000000000000005,2.1099999999999999,0.077393075356415597,0.053260328521652633,0.32250000000000001,0.15847442568052247,-0.008434864104967188,,,2.1099999999999999,-0.61999999999999988,23.699999999999999,-0.26200000000000001,6.2599999999999998,-0.056063244621940789
2010-11-30,0.116306954436451,92.391666666666666,5.8200000000000003,3.3999999999999999,0.059701492537313383,0.24322697170379293,0.037688442211055273,0.054109239407861054,-0.32500000000000001,0.027076923076923221,0.06847833670550485,-0.041820665716516436,0.41000000000000014,-1.04,21.199999999999999,0.18297475080362405,,-0.56000000000000005,2.29,0.037688442211055273,0.054109239407861054,0.2432269717037927,0.18390217223133332,-0.058796718322698283,,,2.29,-1.04,21.199999999999999,-0.32500000000000001,5.8200000000000003,-0.041820665716516436
2010-12-31,0.095794392523364413,92.266666666666666,6.2199999999999998,3.2999999999999998,0.026570048309178862,0.104502501389661,-0.068884723523898739,0.019497178040020602,-0.42499999999999999,0.073877507695573774,0.065627013565992653,-0.025228762044889663,0.68999999999999995,-0.73999999999999999,23.539999999999999,0.18861405069204362,,-0.50999999999999979,2.3599999999999999,-0.068884723523898739,0.019497178040020602,0.104502501389661,0.18563077807478953,-0.094348222424794903,,,2.3599999999999999,-0.73999999999999999,23.539999999999999,-0.42499999999999999,6.2199999999999998,-0.025228762044889663
2011-01-31,0.067836257309941583,92.375,5.4100000000000001,3.3999999999999999,-0.12398373983739841,0.1857659831121834,-0.070888468809073735,0.0010183299389001643,-0.443,-0.19614120089980958,0.066329648837899713,-0.013197809827745433,0.99000000000000021,-0.3899999999999999,17.75,0.18040119716331166,,-0.050000000000000266,2.6899999999999999,-0.070888468809073735,0.0010183299389001643,0.18576598311218362,0.17745115016824961,-0.10391978122151324,,,2.6899999999999999,-0.3899999999999999,17.75,-0.443,5.4100000000000001,-0.013197809827745433
2011-02-28,0.061573546180159644,92.258333333333326,5.0800000000000001,3.2999999999999998,-0.059523809523809534,0.19125364431486891,-0.010653753026634294,0.026633165829145877,-0.51500000000000001,0.02865265205356482,0.061590339722084941,-0.00019187810724019538,1.0500000000000003,-0.15999999999999948,19.530000000000001,0.15644454000248012,,-0.020000000000000018,2.8399999999999999,-0.010653753026634294,0.026633165829145877,0.19125364431486891,0.15273185375083825,-0.068824065633546039,,,2.8399999999999999,-0.15999999999999948,19.530000000000001,-0.51500000000000001,5.0800000000000001,-0.00019187810724019538
2011-03-31,0.055493895671476112,92.174999999999997,4.7800000000000002,3.2999999999999998,-0.04796163069544368,0.08303061754021801,0.050327126321087157,-0.02202436738519209,-0.58699999999999997,0.043823105271591167,0.060109476858236865,0.0014162555718671976,1.1899999999999999,0.0099999999999997868,18.350000000000001,0.079812845325024112,,0.16999999999999948,2.73,0.050327126321087157,-0.02202436738519209,0.08303061754021801,0.080264233021742529,-0.048769371011850526,,13.531727414700368,2.73,0.0099999999999997868,18.350000000000001,-0.58699999999999997,4.7800000000000002,0.0014162555718671976
2011-04-29,0.04103671706263512,92.225000000000009,4.7699999999999996,3.6000000000000001,-0.043383947939262479,0.092085614733698362,0.11597151576805698,0.036862003780718355,-0.56599999999999995,0.024735871205768811,0.055425627467927674,0.0069129233484266361,0.93000000000000016,0.060000000000000275,17.739999999999998,0.10251524052725686,,0.10999999999999943,2.6699999999999999,0.11597151576805698,0.036862003780718355,0.092085614733698362,0.10368100584873305,0,,21.663266142829595,2.6699999999999999,0.060000000000000275,17.739999999999998,-0.56599999999999995,4.7699999999999996,0.0069129233484266361
2011-05-31,0.040966386554621925,92.283333333333346,4.71,3.2999999999999998,-0.068493150684931559,0.10158244002041861,0.056289769946157531,0.045036319612590692,-0.54200000000000004,0.045260229354685544,0.053476025530273086,0.014838747022908549,0.89000000000000012,0.47999999999999998,14.75,0.12693850341189786,,0.14999999999999991,2.71,0.056289769946157531,0.045036319612590692,0.10158244002041839,0.12775841938704982,-0.016408386508660167,,28.526101887245133,2.71,0.47999999999999998,14.75,-0.54200000000000004,4.71,0.014838747022908549
2011-06-30,0.064034151547492257,92.075000000000003,5.0899999999999999,3.2000000000000002,-0.074592074592074509,0.054899948691636835,-0.014853857211308163,0.03472571716155004,-0.59299999999999997,0.023453003788562077,0.05034881204109154,0.0093577047345573261,0.91999999999999993,0.22999999999999998,15.449999999999999,0.17041250673638778,,-0.049999999999999822,2.6000000000000001,-0.014853857211308163,0.03472571716155004,0.054899948691636613,0.16970183631915856,-0.06289881494986338,,67.709767853654242,2.6000000000000001,0.22999999999999998,15.449999999999999,-0.59299999999999997,5.0899999999999999,0.0093577047345573261
2011-07-29,0.046610169491525522,92.408333333333346,5.4199999999999999,3.2999999999999998,-0.082004555808656066,0.0020366598778003286,-0.1030082041932544,0.0010172939979653517,-0.55500000000000005,0.032338308457711573,0.047537667698658304,0.0055431424417000663,0.56999999999999984,-0.42000000000000037,16.52,0.22763243164286198,,-0.25,2.73,-0.10300820419325429,0.0010172939979653517,0.0020366598778005507,0.22498426742156161,-0.10300820419325429,,45.376789891318325,2.73,-0.42000000000000037,16.52,-0.55500000000000005,5.4199999999999999,0.0055431424417000663
2011-08-31,0.013292433537832382,92.700000000000003,5.5099999999999998,3.1000000000000001,-0.10426540284360197,-0.083417085427135662,-0.15477293790546798,-0.1071953010279002,-0.51400000000000001,0.052776018577158634,0.04715631628274064,0.0030615864139489357,0.56000000000000005,-0.49000000000000021,25.25,0.27351469694551678,0.026680240264278954,-0.33000000000000007,2.46,-0.15477293790546787,-0.1071953010279002,-0.083417085427135662,0.27052218135194966,-0.16864175022789429,-0.050612237643411384,51.079882418155613,2.46,-0.49000000000000021,25.25,-0.51400000000000001,5.5099999999999998,0.0030615864139489357
2011-09-30,-0.021298174442190621,93.075000000000003,7.2999999999999998,3.2000000000000002,-0.11308203991130827,-0.16776007497656975,-0.13618677042801541,-0.14901772879731667,-0.38800000000000001,0.052245965983428011,0.046452384462901897,0.0052164112230651538,0.25,-0.93999999999999995,31.620000000000001,0.27162451897206469,-0.054370876774998966,-0.48999999999999977,2.0299999999999998,-0.13618677042801552,-0.14901772879731678,-0.16776007497656986,0.26762679113566357,-0.19051959890610759,-0.031962444440370108,44.097806933219751,2.0299999999999998,-0.93999999999999995,31.620000000000001,-0.38800000000000001,7.2999999999999998,0.0052164112230651538
2011-10-31,-0.07411067193675891,92.950000000000003,8.4100000000000001,3.1000000000000001,-0.10407239819004532,-0.079867674858223103,-0.010670731707317138,-0.11257976298997274,-0.13300000000000001,0.018470116745077592,0.045189922131516624,0.0062236370988523193,0.22999999999999998,-0.70000000000000018,42.960000000000001,0.27242114822252173,-0.011758616490074481,-0.3899999999999999,1.6699999999999999,-0.010670731707317138,-0.11257976298997274,-0.079867674858223103,0.27020070491598952,-0.11257976298997274,-0.056672069234115829,27.874704905762101,1.6699999999999999,-0.70000000000000018,42.960000000000001,-0.13300000000000001,8.4100000000000001,0.0062236370988523193
2011-11-30,0.034371643394199847,93.016666666666666,7.0700000000000003,2.8999999999999999,-0.15023474178403751,-0.14866828087167072,-0.036184210526315819,-0.18535681186283592,-0.035000000000000003,0.089499700419412909,0.046377615984850795,0.0069682448408977526,0.060000000000000053,-0.83000000000000007,29.960000000000001,0.30169253198102158,-0.0043609329148855958,-0.30999999999999983,1.9199999999999999,-0.03618421052631593,-0.18535681186283604,-0.14866828087167083,0.29997339189270356,-0.19872379216043778,-0.048845371906725332,24.802173029757647,1.9199999999999999,-0.83000000000000007,29.960000000000001,-0.035000000000000003,7.0700000000000003,0.0069682448408977526
2011-12-30,0.035181236673774041,92.966666666666654,7.79,3.3999999999999999,-0.0023529411764706687,-0.018117765475591296,0.098536036036036112,-0.051070038910505655,-0.099000000000000005,0.059503805475931593,0.047653677389833726,0.0074093596876231294,-0.040000000000000036,-0.95999999999999996,27.800000000000001,0.29355837150806235,-0.019032674777646474,-0.43999999999999972,1.8300000000000001,0.098536036036036112,-0.051070038910505766,-0.018117765475591407,0.29336933805747117,-0.11075660893345485,-0.019898291978327931,35.909558927229071,1.8300000000000001,-0.95999999999999996,27.800000000000001,-0.099000000000000005,7.79,0.0074093596876231294
2012-01-31,0.037239868565169809,92.883333333333326,7.3799999999999999,3.2000000000000002,-0.074245939675174122,0.039165818921668372,0.049306625577812069,0.038109756097560954,-0.069000000000000006,0.088687977612743385,0.047473614397654851,0.0082969744468546214,0.020000000000000018,-0.54999999999999982,23.399999999999999,0.30566702831355835,0.007615327493362245,-0.45999999999999996,1.6399999999999999,0.049306625577812069,0.038109756097560954,0.039165818921668372,0.30710408593508814,-0.068824065633546039,-0.018148286372833722,59.567681285013002,1.6399999999999999,-0.54999999999999982,23.399999999999999,-0.069000000000000006,7.3799999999999999,0.0082969744468546214
2012-02-29,0.050483351235230733,93.108333333333334,6.6100000000000003,3.1000000000000001,-0.037974683544303778,0.048947626040137138,0.21899886234357235,0.17489035087719307,-0.14599999999999999,0.06058181818181807,0.051247713613796764,0.014154544068924024,-0.1399999999999999,-0.69999999999999996,19.440000000000001,0.19554308749579244,0.027590499012029035,-0.53000000000000003,1.6100000000000001,0.21899886234357258,0.17489035087719307,0.048947626040137138,0.20034794326006913,-0.023245214220601662,-0.0074153279565445374,56.526487034371684,1.6100000000000001,-0.69999999999999996,19.440000000000001,-0.14599999999999999,6.6100000000000003,0.014154544068924024
2012-03-30,0.057833859095688833,93.25833333333334,5.9800000000000004,3,-0.080604534005037864,0.110685194058457,0.18810866222450007,0.30518018018018012,-0.31900000000000001,0.058561670120500287,0.053864925578163136,0.018915033469265041,-0.28999999999999981,-0.53999999999999981,18.43,0.17200145215560411,0.080835190682758462,-0.59000000000000008,1.6799999999999999,0.18810866222450029,0.30518018018018012,0.110685194058457,0.17648345158733836,0,0.0370790791461868,69.873649900703811,1.6799999999999999,-0.53999999999999981,18.43,-0.31900000000000001,5.9800000000000004,0.018915033469265041
2012-04-30,0.061203319502074693,93.858333333333334,5.9500000000000002,3.2999999999999998,-0.088435374149659851,-0.019598906107566094,0.052863436123348206,0.10477657935285078,-0.40400000000000003,0.084199329023811442,0.057380273774637836,0.012163534620019956,-0.14999999999999991,-0.37999999999999989,15.5,0.17589695023946783,0.018540829325617514,-0.46999999999999997,1.8999999999999999,0.052863436123347984,0.10477657935285056,-0.019598906107566094,0.17612566918164421,-0.072044866264020735,-0.030365662102536772,53.479011761507472,1.8999999999999999,-0.37999999999999989,15.5,-0.40400000000000003,5.9500000000000002,0.012163534620019956
2012-05-31,0.042381432896064553,94.166666666666671,6.04,2.8999999999999999,-0.12009803921568629,0.0013901760889714065,0.0083994400373308409,0.22923777019340164,-0.43099999999999999,0.085432355232406998,0.058109818720294193,0.0032235401039720779,-0.20000000000000018,-0.26000000000000023,17.149999999999999,0.17182833345101434,0.002960660267796511,-0.55999999999999983,1.6799999999999999,0.0083994400373308409,0.22923777019340186,0.0013901760889714065,0.17095629004190099,-0.067730802415875702,0.029495440733779965,67.043512017622675,1.6799999999999999,-0.26000000000000023,17.149999999999999,-0.43099999999999999,6.04,0.0032235401039720779
2012-06-29,0.025075225677031021,94.533333333333317,6.96,3,-0.035264483627204135,0.013132295719844311,-0.10138050043140645,0.067657611481291458,-0.374,0.072977260708619873,0.05750970912261244,-0.00012789488556685935,-0.28999999999999981,-0.24999999999999978,24.059999999999999,0.18518030738170541,0.012251557951840963,-0.57000000000000006,1.3200000000000001,-0.10138050043140656,0.067657611481291458,0.013132295719844311,0.18273530389538353,-0.10138050043140656,-0.031198078573280053,47.216009187072508,1.3200000000000001,-0.24999999999999978,24.059999999999999,-0.374,6.96,-0.00012789488556685935
2012-07-31,0.044534412955465452,94.916666666666671,6.3600000000000003,3,-0.049627791563275458,0.0050813008130081716,-0.080427708042770774,-0.031815956926088962,-0.25900000000000001,0.066867469879518193,0.057486030437489788,0.0027889364933478822,-0.50999999999999979,-0.5299999999999998,17.079999999999998,0.16459298271941677,-0.021245541568392201,-0.49000000000000021,1.3400000000000001,-0.080427708042770774,-0.031815956926089073,0.0050813008130081716,0.16272748527969336,-0.14667817083692836,-0.083566207310802221,38.032244532560831,1.3400000000000001,-0.5299999999999998,17.079999999999998,-0.25900000000000001,6.3600000000000003,0.0027889364933478822
2012-08-31,0.058526740665993948,95.041666666666671,6.1600000000000001,2.7000000000000002,-0.097883597883597795,0.07072368421052655,-0.096251735307727793,-0.08866075594960332,-0.27300000000000002,0.10153064634716946,0.053998461224425753,0.011980174057890092,-0.67000000000000015,-0.53000000000000025,18.93,0.14547830883746832,-0.038587839745713559,-0.54000000000000004,1.28,-0.096251735307727904,-0.08866075594960332,0.070723684210526327,0.14365039767950058,-0.15746333045729077,-0.095655166175392714,33.417392956328577,1.28,-0.53000000000000025,18.93,-0.27300000000000002,6.1600000000000001,0.011980174057890092
2012-09-28,0.10155440414507777,94.950000000000003,5.9800000000000004,2.8999999999999999,-0.0625,0.16779279279279269,-0.0043206913106096367,-0.10526315789473695,-0.36499999999999999,0.065566976127320764,0.050088843314834319,0.015784773685818099,-0.57000000000000006,-0.28000000000000025,17.469999999999999,0.18227362385516224,-0.0087811818186936952,-0.53000000000000003,1.3500000000000001,-0.0043206913106095257,-0.10526315789473684,0.16779279279279269,0.18618848452810002,-0.10526315789473684,-0.050131105940499965,30.286244441594839,1.3500000000000001,-0.28000000000000025,17.469999999999999,-0.36499999999999999,5.9800000000000004,0.015784773685818099
2012-10-31,0.1568836712913555,95.083333333333329,5.7199999999999998,2.8999999999999999,-0.05555555555555558,0.15973292244478676,0.14155712841253787,0.049744304974430387,-0.45900000000000002,0.11916167664670652,0.048672913010779695,0.019704248825034354,-0.69999999999999996,-0.55000000000000004,15.73,0.20005881972298464,-0.018018500506150281,-0.6399999999999999,1.4199999999999999,0.14155712841253765,0.049744304974430387,0.15973292244478676,0.20450592710517695,-0.025884383088869867,0.045150802084693575,55.706686901550029,1.4199999999999999,-0.55000000000000004,15.73,-0.45900000000000002,5.7199999999999998,0.019704248825034354
2012-11-30,0.031152647975077663,95.066666666666677,5.6299999999999999,2.3999999999999999,-0.11325966850828728,0.20875995449374307,0.088069636456733269,-0.016658954187875996,-0.52600000000000002,0.080566439815769497,0.040796268272516034,0.019426036047800077,-0.75,-0.54999999999999982,18.600000000000001,0.23034364920348585,-0.021216574751846018,-0.6100000000000001,1.4199999999999999,0.088069636456733269,-0.016658954187875996,0.20875995449374307,0.23388570777982942,-0.083261432269197577,-0.017913102773023049,37.705386658399441,1.4199999999999999,-0.54999999999999982,18.600000000000001,-0.52600000000000002,5.6299999999999999,0.019426036047800077
2012-12-31,0.038105046343975157,95.358333333333334,5.6500000000000004,2.7000000000000002,-0.160377358490566,0.068682726806765793,0.0053037608486019572,0.00096015362458001796,-0.54800000000000004,0.054109525142270742,0.036306204422259514,0.018477199539525813,-0.76000000000000023,-0.47000000000000042,15.869999999999999,0.18210783207427317,0.0039894033308289778,-0.57999999999999985,1.3700000000000001,0.0053037608486017351,0.00096015362458001796,0.068682726806765793,0.18312331311616939,-0.10051768766177738,-0.019289909076076195,45.552508447115237,1.3700000000000001,-0.47000000000000042,15.869999999999999,-0.54800000000000004,5.6500000000000004,0.018477199539525813
2013-01-31,0.049630411826821375,95.549999999999997,5.3399999999999999,3.1000000000000001,-0.020050125313283096,0.10768477728830139,0.0022143489813994943,0.14408493427704738,-0.55300000000000005,0.12456747404844282,0.036113781863377437,0.019410739021026746,-0.7300000000000002,-0.22000000000000042,18.02,0.18872351419697131,-0.027498837864420533,-0.58000000000000007,1.53,0.0022143489813994943,0.14408493427704738,0.10768477728830139,0.1912631501613648,-0.023727351164797295,-0.0070247194746736463,60.374590937231979,1.53,-0.22000000000000042,18.02,-0.55300000000000005,5.3399999999999999,0.019410739021026746
2013-02-28,0.043967280163599298,95.233333333333334,4.9500000000000002,2.5,-0.16842105263157892,0.15352309846010259,0.16329411764705881,0.26574500768049147,-0.59799999999999998,0.054515531783583704,0.026751592356687892,0.013373542513861802,-0.67999999999999994,-0.0099999999999997868,14.279999999999999,0.18303961765309287,-0.010300059634248404,-0.55999999999999983,1.75,0.16329411764705881,0.26574500768049147,0.15352309846010259,0.18608844040642886,0,0.06106942118775982,76.428788289224315,1.75,-0.0099999999999997868,14.279999999999999,-0.59799999999999998,4.9500000000000002,0.013373542513861802
2013-03-29,0.032803180914512842,95.25,4.9800000000000004,2.6000000000000001,-0.1041095890410958,0.090163934426229497,0.21199040767386079,0.21841851494696241,-0.64100000000000001,0.082221577726218076,0.019636558809998483,0.0086556123803011586,-0.54999999999999982,0.02000000000000024,15.51,0.15151814930359914,-0.056884681387511682,-0.55000000000000004,1.6399999999999999,0.21199040767386101,0.21841851494696241,0.090163934426229497,0.15526061236544655,0,0.044385167882225574,70.929422811162553,1.6399999999999999,0.02000000000000024,15.51,-0.64100000000000001,4.9800000000000004,0.0086556123803011586
2013-04-30,0.035190615835777095,95.158333333333346,4.7999999999999998,2.7999999999999998,-0.099502487562189046,0.17108321710832164,0.11312417145382248,0.11558901682905232,-0.64800000000000002,0.07094339622641499,0.016651227771787847,0.0092412725302650767,-0.54999999999999982,0.15000000000000013,12.699999999999999,0.13431166126145971,-0.067158548987670486,-0.58000000000000007,1.6200000000000001,0.11312417145382248,0.11558901682905254,0.17108321710832164,0.13452112160027016,-0.015631105900742459,0.024917154342510406,48.934452161955662,1.6200000000000001,0.15000000000000013,12.699999999999999,-0.64800000000000002,4.7999999999999998,0.0092412725302650767
2013-05-31,0.050338818973862498,94.841666666666683,4.5499999999999998,2.5,-0.10584958217270191,0.17954650624710777,0.031148867313915751,0.19952941176470573,-0.66100000000000003,0.06578947368421062,0.012324500022572238,0.0096318505122368059,-0.57999999999999985,0.17000000000000015,13.52,0.12538367908619699,-0.066728275948092497,-0.57000000000000006,1.48,0.031148867313915973,0.19952941176470596,0.17954650624710777,0.12512717974199095,-0.026727758686521663,0.0032680117228687244,64.655002991893767,1.48,0.17000000000000015,13.52,-0.66100000000000003,4.5499999999999998,0.0096318505122368059
2013-06-28,0.074363992172211235,94.483333333333348,4.6200000000000001,2.6000000000000001,-0.10182767624020883,0.22035525684109469,0.0059358923624852622,0.21918465227817752,-0.70099999999999996,0.052735337604731258,0.011519493951703375,0.017334904394331885,-0.28000000000000003,0.4800000000000002,16.300000000000001,0.1474446442040207,-0.10355990539308679,-0.5,1.8600000000000001,0.0059358923624852622,0.21918465227817752,0.22035525684109492,0.14754930825865298,-0.029400534555173663,0.017691861916955265,70.842448171463786,1.8600000000000001,0.4800000000000002,16.300000000000001,-0.70099999999999996,4.6200000000000001,0.017334904394331885
2013-07-31,0.053294573643410725,94.075000000000003,5.1600000000000001,2.7000000000000002,-0.06788511749347248,0.31445904954499482,0.03215561730845562,0.14891736632788333,-0.68700000000000006,0.067596999274017966,0.0086974667789561089,0.020267382580170967,0.30999999999999983,1.04,16.859999999999999,0.13310969960216812,-0.10131873677079173,-0.22999999999999998,2.1600000000000001,0.03215561730845562,0.14891736632788333,0.31445904954499482,0.13375080368255715,-0.011406844106463976,-0.011931851266964166,55.852587108535531,2.1600000000000001,1.04,16.859999999999999,-0.68700000000000006,5.1600000000000001,0.020267382580170967
2013-08-30,0.062917063870352674,93.72499999999998,4.71,2.3999999999999999,-0.038123167155425297,0.28366615463389655,-0.016477049823460099,0.014158576051779947,-0.627,0.051092233009708776,0.009355540327145917,0.017848401791855983,0.35999999999999988,1.0399999999999998,13.449999999999999,0.13341727429303715,-0.1169792691183893,-0.12000000000000011,2.29,-0.01647704982346021,0.014158576051779947,0.28366615463389655,0.13367817939103571,-0.046768060836501979,-0.012241284855259993,18.459992285848752,2.29,1.0399999999999998,13.449999999999999,-0.627,4.71,0.017848401791855983
2013-09-30,0.041392285983066657,93.633333333333326,4.7599999999999998,2.7000000000000002,-0.032000000000000028,0.31726133076181307,0.074744295830055041,0.081123862287297177,-0.65700000000000003,0.064255153636717077,0.0098619476414811835,0.010204858316222032,0.64000000000000012,1.1899999999999999,17.010000000000002,0.13152921830839207,-0.10926793694129711,-0.060000000000000053,2.3900000000000001,0.074744295830054819,0.081123862287297177,0.31726133076181284,0.13219290693096908,0,0.034092453328842032,50.103641156648528,2.3900000000000001,1.1899999999999999,17.010000000000002,-0.65700000000000003,4.7599999999999998,0.010204858316222032
2013-10-31,0.044280442804428111,93.708333333333329,4.8300000000000001,2.7999999999999998,0.024064171122994527,0.17139061116031895,0.017307692307692246,0.050019849146486717,-0.66200000000000003,0.035160131468317646,0.014492645356003697,0.0032234322695515738,0.62000000000000011,1.1699999999999999,16.600000000000001,0.14808404173729395,-0.085207803803592053,-0.0099999999999997868,2.3100000000000001,0.017307692307692246,0.050019849146486495,0.17139061116031895,0.14843820950023751,-0.032906764168190272,-0.032525925990244398,35.47878098886634,2.3100000000000001,1.1699999999999999,16.600000000000001,-0.66200000000000003,4.8300000000000001,0.0032234322695515738
2013-11-29,0.17623363544813686,93.291666666666671,4.3600000000000003,2.3999999999999999,0.052959501557632294,0.3143529411764705,0.11408057439170327,0.095723813260102153,-0.67400000000000004,0.055919587760035583,0.018167101358036009,-0.0062319915195243603,0.45000000000000018,1.03,13.75,0.14158806784491187,-0.08577551889202506,-0.21999999999999975,2.2599999999999998,0.11408057439170327,0.095723813260101931,0.3143529411764705,0.14219660699265957,0,-0.0051965869072202464,47.487022671901876,2.2599999999999998,1.03,13.75,-0.67400000000000004,4.3600000000000003,-0.0062319915195243603
2013-12-31,0.17559523809523814,93.383333333333326,4.2300000000000004,2.7999999999999998,0.0702247191011236,0.29832134292565948,-0.009150805270863871,0.064909520062942594,-0.72299999999999998,0.057438711390388475,0.023639647776021677,-0.0055233901269347019,0.57000000000000028,0.85000000000000031,13.699999999999999,0.1651134759530177,-0.087833652981713195,-0.2799999999999998,2.4700000000000002,-0.009150805270863871,0.064909520062942372,0.29832134292565948,0.16400060722462032,-0.030791263873970687,-0.043935219771947143,34.036900228524061,2.4700000000000002,0.85000000000000031,13.699999999999999,-0.72299999999999998,4.2300000000000004,-0.0055233901269347019
2014-01-31,0.045271629778672162,93.583333333333329,4,2.8999999999999999,0.023017902813299296,0.026955368979231009,-0.12136105860113422,-0.10615384615384627,-0.76700000000000002,0.049670329670329583,0.023847784592867516,-0.0063108023820633852,0.6599999999999997,0.34999999999999987,13.720000000000001,0.21103270423257786,-0.085328072887563611,-0.079999999999999627,2.6600000000000001,-0.12136105860113422,-0.10615384615384615,0.026955368979231231,0.20791071672511285,-0.16791979949874691,-0.13235715727552577,25.657255749532386,2.6600000000000001,0.34999999999999987,13.720000000000001,-0.76700000000000002,4,-0.0063108023820633852
2014-02-28,0.029382957884426908,93.63333333333334,4.21,2.3999999999999999,0.031645569620253111,-0.0093042071197411147,-0.12316505549588264,-0.023135221380135684,-0.77500000000000002,0.026401352581610249,0.027325546208315732,-0.0017180927245498134,0.71999999999999975,0.35999999999999988,18.41,0.21081495171815953,-0.085499257959789965,0.049999999999999822,2.3300000000000001,-0.12316505549588264,-0.023135221380135573,-0.0093042071197411147,0.20810689743663827,-0.12316505549588264,-0.10837977181686576,27.41644914346136,2.3300000000000001,0.35999999999999988,18.41,-0.77500000000000002,4.21,-0.0017180927245498134
2014-03-31,0.031761308950914335,94.116666666666674,3.8100000000000001,2.6000000000000001,0.061162079510703293,-0.051048674317372367,-0.11414850387883269,-0.12225475841874089,-0.76100000000000001,0.030885702800482528,0.026093953271520087,0.0015266542988721099,0.54000000000000004,-0.10000000000000009,14,0.19663867193428422,-0.031913080512731007,0,2.3300000000000001,-0.11414850387883269,-0.12225475841874089,-0.051048674317372478,0.19436151949675404,-0.14142499104905126,-0.10625703881823678,12.021991308764463,2.3300000000000001,-0.10000000000000009,14,-0.76100000000000001,3.8100000000000001,0.0015266542988721099
2014-04-30,0.025495750708215192,93.858333333333334,3.77,2.7000000000000002,-0.0055248618784531356,-0.05557761016276308,0.023666092943201322,-0.10056710775047262,-0.77400000000000002,0.10211416490486269,0.029777064117405549,0.0015859114643786976,0.5900000000000003,-0.029999999999999805,13.880000000000001,0.19213753586388729,-0.03998514906620243,0.1599999999999997,2.29,0.023666092943201322,-0.10056710775047262,-0.05557761016276308,0.18975278081595662,-0.14822771213748664,-0.10129337218276102,15.556918347403126,2.29,-0.029999999999999805,13.880000000000001,-0.77400000000000002,3.77,0.0015859114643786976
2014-05-30,0.025806451612903292,93.616666666666674,3.71,2.2000000000000002,-0.06230529595015577,-0.018046292663789654,0.02204981625153124,-0.10383100608664508,-0.77300000000000002,0.05342312008978678,0.028555714115828357,0.012850019234436072,0.5299999999999998,0.079999999999999627,13.41,0.15044380317234249,-0.01736081911272902,0.27000000000000002,2.25,0.02204981625153124,-0.10383100608664519,-0.018046292663789654,0.1512195186645249,-0.10383100608664519,-0.073508259295981815,10.409472553053707,2.25,0.079999999999999627,13.41,-0.77300000000000002,3.71,0.012850019234436072
2014-06-30,0.03642987249544638,93.574999999999989,3.75,2.3999999999999999,-0.020348837209302251,-0.0062942564909520549,0.053377814845704696,-0.066863686738086403,-0.76600000000000001,0.070536828963795317,0.025688522039373884,0.010468767345958696,0.33999999999999986,-0.23000000000000043,11.4,0.13762112105711244,0.017313988761463284,0.22999999999999998,2.1099999999999999,0.053377814845704696,-0.066863686738086403,-0.0062942564909521659,0.13863063565075534,-0.095596133190118171,-0.068760184880169217,13.035534125772516,2.1099999999999999,-0.23000000000000043,11.4,-0.76600000000000001,3.75,0.010468767345958696
2014-07-31,0.056117755289788462,93.72499999999998,3.5299999999999998,2.5,-0.0084033613445378963,-0.069615384615384523,0.016813787305590688,0.040877796901893415,-0.78700000000000003,0.041556479032867299,0.025342830121763749,0.012356659782253754,0.3400000000000003,-0.3199999999999994,11.57,0.14061776380865218,0.092636274921331863,0.30999999999999961,2.0600000000000001,0.016813787305590688,0.040877796901893415,-0.069615384615384635,0.1415882499632525,-0.13390619405657,-0.10086903479196407,21.977642280271912,2.0600000000000001,-0.3199999999999994,11.57,-0.78700000000000003,3.5299999999999998,0.012356659782253754
2014-08-29,0.033183856502241982,93.63333333333334,4.04,2.1000000000000001,-0.08536585365853655,-0.001994415636218605,-0.00039952057530967533,0.021641486320947312,-0.78000000000000003,0.044740792056344514,0.02198394190748898,0.0087090132782071672,0.25,-0.46999999999999975,16.949999999999999,0.15288572316746377,0.13585852003179988,0.34999999999999964,2.0499999999999998,-0.00039952057530967533,0.021641486320947312,-0.0019944156362184939,0.15233275183400474,-0.10418904403866813,-0.071760921222331797,28.404202874294558,2.0499999999999998,-0.46999999999999975,16.949999999999999,-0.78000000000000003,4.04,0.0087090132782071672
2014-09-30,0.063233965672989889,93.416666666666671,3.7999999999999998,2.3999999999999999,-0.057851239669421295,-0.068081991215226956,0.0079176563737133332,0.061718098415346034,-0.73599999999999999,0.095972516628901605,0.019597711754936409,0.011920572131170815,0.29999999999999982,-0.24000000000000021,11.98,0.14266131482667269,0.059714780419844904,0.37000000000000011,1.8700000000000001,0.0079176563737133332,0.061718098415346256,-0.068081991215226845,0.14205350317383178,-0.088435374149659851,-0.036179790582510862,47.76304004011255,1.8700000000000001,-0.24000000000000021,11.98,-0.73599999999999999,3.7999999999999998,0.011920572131170815
2014-10-31,0.039752650176678284,93.283333333333317,4.4000000000000004,2.6000000000000001,-0.020887728459529908,-0.0015122873345935206,0.091773460107482441,0.1101303068516184,-0.71899999999999997,0.050874990770139572,0.018961568766062031,0.013620175540101198,0.55999999999999983,-0.030000000000000471,16.309999999999999,0.13002226921157251,0.079501790593641597,0.44000000000000039,1.9399999999999999,0.091773460107482441,0.1101303068516184,-0.0015122873345935206,0.13139631717832526,-0.054421768707483054,-0.015919704364968701,58.578749940130422,1.9399999999999999,-0.030000000000000471,16.309999999999999,-0.71899999999999997,4.4000000000000004,0.013620175540101198
2014-11-28,0.028253424657534332,93.391666666666652,4.2999999999999998,2.1000000000000001,-0.08875739644970404,-0.024704618689581181,0.088729016786570636,0.088294047143427701,-0.67100000000000004,0.051813471502590636,0.017806141978034873,0.017567972298999091,0.37999999999999989,-0.14999999999999991,14.029999999999999,0.11918952364753904,0.058072401804742269,0.35000000000000009,1.8500000000000001,0.088729016786570636,0.088294047143427923,-0.024704618689581181,0.12030357937877173,-0.010533962949509701,-0.010370659401250149,54.312037997355098,1.8500000000000001,-0.14999999999999991,14.029999999999999,-0.67100000000000004,4.2999999999999998,0.017567972298999091
2014-12-31,0.0303797468354432,93.241666666666674,4.6399999999999997,2.3999999999999999,-0.065616797900262425,-0.0022164758034723953,0.060879811468971035,0.069279493269992054,-0.64200000000000002,0.087127552728490265,0.016373675658586384,0.032900234073133527,0.54000000000000004,0.20000000000000018,13.33,0.14379599280657573,0.01942054076942501,0.37999999999999989,1.71,0.060879811468970813,0.069279493269992054,-0.0022164758034723953,0.14430505555031164,-0.012431444241316258,-0.020788835603409273,51.461712277416098,1.71,0.20000000000000018,13.33,-0.64200000000000002,4.6399999999999997,0.032900234073133527
2015-01-30,0.13474494706448503,92.533333333333346,5.04,2.6000000000000001,-0.055000000000000049,0.11660929432013778,-0.01741764483150321,0.072757337742868966,-0.64700000000000002,0.31398659966499176,0.015149952103750586,0.038676062396725941,0.53000000000000003,0.18999999999999972,19.199999999999999,0.10919032364137946,-0.00031532855788296565,0.42999999999999972,1.5,-0.017417644831503321,0.072757337742868744,0.11660929432013756,0.10849920345041457,-0.051188299817184757,-0.014648415136930604,83.59885713514231,1.5,0.18999999999999972,19.199999999999999,-0.64700000000000002,5.04,0.038676062396725941
2015-02-27,0.1313035204567079,92.649999999999991,5.3700000000000001,2.2000000000000002,-0.0092024539877302303,0.088199265006124961,-0.021659324522760648,0.06514788169464425,-0.57099999999999995,0.12366953877344145,0.01779139297181076,0.033920780456731747,0.22999999999999998,-0.020000000000000018,20.969999999999999,0.12481520696575321,-0.029267360966567457,0.3100000000000005,1.21,-0.021659324522760648,0.06514788169464425,0.088199265006124961,0.12444791306271942,-0.025594149908592323,-0.035380389067036666,57.089691939066178,1.21,-0.020000000000000018,20.969999999999999,-0.57099999999999995,5.3700000000000001,0.033920780456731747
2015-03-31,0.12873134328358193,92.450000000000003,4.4299999999999997,2.2999999999999998,0,0.12718932443703079,0.00074046649389103436,0.061665357423409173,-0.504,0.096315071163969534,0.021458252412954071,0.027568929860249614,0.14999999999999991,-0.14999999999999991,13.34,0.14572265801271672,-0.038252805394577871,0.33999999999999986,1.3700000000000001,0.00074046649389125641,0.061665357423409173,0.12718932443703101,0.14672160194360642,-0.022423146473779298,0.002206681024804702,60.374712720720822,1.3700000000000001,-0.14999999999999991,13.34,-0.504,4.4299999999999997,0.027568929860249614
2015-04-30,0.12891344383057102,92.299999999999997,4.8200000000000003,2.5,0.058333333333333348,0.12904581757040767,0.035067437379576072,0.017039000378644475,-0.52300000000000002,0.027111707909712734,0.016441594987017805,0.021969362680752835,0.28000000000000003,-0.2799999999999998,15.289999999999999,0.13996414897056478,0.00011965386529833033,0.35999999999999988,1.3799999999999999,0.035067437379576294,0.017039000378644475,0.12904581757040789,0.14106105239946487,-0.02857142857142847,-0.027276763462694475,37.44429502208348,1.3799999999999999,-0.2799999999999998,15.289999999999999,-0.52300000000000002,4.8200000000000003,0.021969362680752835
2015-05-29,0.12309074573225498,92.341666666666654,4.5899999999999999,2.2000000000000002,0.12624584717607967,0.09228925289652401,0.025891181988743073,0.0036710719530104186,-0.53700000000000003,0.098817387598550965,0.017790816990157943,0.0095550610227674859,0,-0.37999999999999989,14.550000000000001,0.109608469036856,-0.027329644872192249,0.2200000000000002,1.47,0.025891181988743073,0.0036710719530101965,0.092289252896524232,0.11080549812405939,-0.011211573236889705,-0.0062571382814995413,44.776945175758257,1.47,-0.37999999999999989,14.550000000000001,-0.53700000000000003,4.5899999999999999,0.0095550610227674859
2015-06-30,0.10720562390158173,92.475000000000009,4.5199999999999996,2.3999999999999999,0.14836795252225521,0.12114014251781469,0.047724750277469363,0.0485005553498703,-0.54300000000000004,0.15262390670553949,0.020270172650437068,0.0072677353267236455,0.40000000000000013,-0.1399999999999999,13.84,0.045932613590107384,-0.021192534350428893,0.27000000000000002,1.51,0.047724750277469363,0.0485005553498703,0.12114014251781469,0.046133430909093276,0,0.02953004005659432,62.540035220468354,1.51,-0.1399999999999999,13.84,-0.54300000000000004,4.5199999999999996,0.0072677353267236455
2015-07-31,0.094076655052264702,92.258333333333326,5,2.6000000000000001,0.1497175141242939,0.26085159156676307,0.1355174981384959,0.17533718689788058,-0.54400000000000004,0.16213275299238306,0.020695519333592705,0.0087098646464673912,0.48999999999999977,-0.040000000000000258,18.23,0.15406577460580875,-0.073158324241055173,0.31000000000000005,1.71,0.1355174981384959,0.17533718689788058,0.26085159156676307,0.15744999427938225,-0.024936061381074071,0.088035969296165417,74.046072255932387,1.71,-0.040000000000000258,18.23,-0.54400000000000004,5,0.0087098646464673912
2015-08-31,0.11024305555555558,92.383333333333326,5.3600000000000003,2.2000000000000002,0.19999999999999996,0.20103916866506788,0.099122165325530309,0.12757973733583494,-0.53800000000000003,0.11151019505995463,0.024168333489785976,0.016658935330916336,0.57999999999999985,0.34999999999999987,12.119999999999999,0.17864000327094376,-0.082288484923143446,0.27000000000000002,1.53,0.099122165325530309,0.12757973733583494,0.20103916866506788,0.18114835336897958,-0.039322250639386214,0.10946957772833588,86.49946577572652,1.53,0.34999999999999987,12.119999999999999,-0.53800000000000003,5.3600000000000003,0.016658935330916336
2015-09-30,0.078164825828377138,92.325000000000003,5.7000000000000002,2.5,0.21052631578947345,0.2046347211311863,0.082980225988700695,0.13466518682944884,-0.498,0.11918100573562751,0.029682183450372879,0.022324054676973348,0.54000000000000004,0.39000000000000012,28.43,0.18944214684264007,-0.056697259713846426,0.20999999999999996,1.47,0.082980225988700695,0.13466518682944884,0.2046347211311863,0.19191620049505323,-0.019501278772378394,0.14061495616487463,87.722958650584729,1.47,0.39000000000000012,28.43,-0.498,5.7000000000000002,0.022324054676973348
2015-10-30,0.084112149532710401,92.308333333333337,6.6200000000000001,2.3999999999999999,0.069333333333333469,0.2544490723210906,0.086229508196721483,0.23343261355174993,-0.41599999999999998,0.21065205171444634,0.031262646701740282,0.026951433648096379,0.76000000000000001,0.47999999999999998,24.5,0.12822284610665333,-0.10222380970713751,0.10000000000000009,1.4199999999999999,0.086229508196721261,0.23343261355174993,0.2544490723210906,0.12801962211311749,0,0.11829454380466009,100,1.4199999999999999,0.47999999999999998,24.5,-0.41599999999999998,6.6200000000000001,0.026951433648096379
2015-11-30,0.095753538717735287,92.408333333333346,5.8799999999999999,2.2000000000000002,0.17207792207792205,0.14243759177679882,0.0356073211314476,0.13825896122896841,-0.40300000000000002,0.11467522052927026,0.035546137657209487,0.034125976103814515,0.53999999999999981,0.53999999999999981,15.07,0.16924177692180156,-0.085528202740557169,0.06999999999999984,1.4099999999999999,0.0356073211314476,0.13825896122896841,0.14243759177679882,0.16855364652256599,-0.060670087533957195,0.035105881415881113,73.233707892923732,1.4099999999999999,0.53999999999999981,15.07,-0.40300000000000002,5.8799999999999999,0.034125976103814515
2015-12-31,0.087633087633087525,92.424999999999997,6.4000000000000004,2.5,0.1404494382022472,0.17734172528693048,0.036843821323768955,0.12288135593220328,-0.46400000000000002,0.15490030025406099,0.036784386348182041,0.024094188393062543,0.66999999999999971,0.26999999999999957,16.129999999999999,0.18584459523710656,-0.078889599512715014,0.20000000000000018,1.27,0.036843821323768955,0.12288135593220328,0.17734172528693071,0.18545837916027569,-0.040144883791125907,0.072857880813905984,74.540364098355369,1.27,0.26999999999999957,16.129999999999999,-0.46400000000000002,6.4000000000000004,0.024094188393062543
2016-01-29,0.059372349448685524,92.508333333333326,6.9500000000000002,2.5,0.11111111111111116,0.20423892100192687,-0.056746151524298294,0.024590163934426146,-0.441,-0.11249920326343299,0.039479987805409067,0.026284495908215078,0.70000000000000018,0.21000000000000041,18.210000000000001,0.22015485898317905,-0.047607142335743702,0.17999999999999972,1.21,-0.056746151524298294,0.024590163934426146,0.20423892100192687,0.21918955562927864,-0.056746151524298294,0.090506811840705526,71.351447328231657,1.21,0.21000000000000041,18.210000000000001,-0.441,6.9500000000000002,0.026284495908215078
2016-02-29,0.05382674516400332,92.508333333333326,7.7400000000000002,2.2999999999999998,0.16718266253869984,0.20487804878048776,0.031812339331619643,0.068552412645590755,-0.35999999999999999,0.14219666215606686,0.042760397071166079,0.02491736155513613,0.67999999999999994,0.10000000000000009,20.199999999999999,0.19343228508831614,-0.012175029145666483,0.050000000000000266,1.1799999999999999,0.031812339331619643,0.068552412645590755,0.20487804878048776,0.19265440753381122,-0.030787805614246877,0.09383199128809161,69.288138748654006,1.1799999999999999,0.10000000000000009,20.199999999999999,-0.35999999999999999,7.7400000000000002,0.02491736155513613
2016-03-31,0.03966942148760344,92.391666666666666,7.75,2.5,0.1757925072046107,0.28782833888272297,0.094654088050314611,0.13498532768177363,-0.29699999999999999,0.14618531033256255,0.049655973998952607,0.03235546921611393,0.3600000000000001,-0.17999999999999994,20.550000000000001,0.1904857131555884,0.037208746171229046,-0.070000000000000062,0.95999999999999996,0.094654088050314611,0.13498532768177363,0.28782833888272297,0.19016398056609621,0,0.11532788703450203,67.957313096921084,0.95999999999999996,-0.17999999999999994,20.550000000000001,-0.29699999999999999,7.75,0.03235546921611393
2016-04-29,0.057911908646003374,93.024999999999991,7.0499999999999998,2.3999999999999999,0.057742782152230943,0.21370067014147431,0.043200000000000127,-0.01599758527014794,-0.315,0.15738031500964955,0.053229063354001793,0.037819512089664831,0.2699999999999998,-0.49000000000000021,13.949999999999999,0.16480715351288575,0.028066355092564055,-0.010000000000000009,1.05,0.043200000000000127,-0.015997585270147829,0.21370067014147431,0.16544493700172391,-0.081172491544531988,0.023926005073122258,48.471627988546317,1.05,-0.49000000000000021,13.949999999999999,-0.315,7.0499999999999998,0.037819512089664831
2016-05-31,0.051200000000000134,93.816666666666663,6.2400000000000002,2.1000000000000001,0.058997050147492569,0.21616678858814931,0.035502958579881616,0.06844473007712093,-0.36799999999999999,0.12750278760847444,0.058183289787572479,0.041386662397146057,0.10000000000000009,-0.43999999999999972,15.699999999999999,0.15462553622054226,0.010922670537874324,-0.060000000000000053,1.0600000000000001,0.035502958579881616,0.06844473007712093,0.21616678858814931,0.15527571637621532,-0.062852311161217589,0.021164651760672504,63.275367914404939,1.0600000000000001,-0.43999999999999972,15.699999999999999,-0.36799999999999999,6.2400000000000002,0.041386662397146057
2016-06-30,0.053174603174603208,93.941666666666663,5.9699999999999998,2.2999999999999998,0.0077519379844961378,0.11864406779661008,-0.089916690606147709,-0.0037735849056602655,-0.38300000000000001,0.10553939547236624,0.0617264720043047,0.039385390781558227,0.27000000000000002,-0.39999999999999969,14.19,0.11359432790200259,0.074304998935649569,-0.029999999999999805,0.96999999999999997,-0.089916690606147709,-0.0037735849056603765,0.1186440677966103,0.11281497621355567,-0.10710259301014657,0.0045093712453638801,49.55245469943344,0.96999999999999997,-0.39999999999999969,14.19,-0.38300000000000001,5.9699999999999998,0.039385390781558227
2016-07-29,0.072452229299363013,94.008333333333326,6.21,2.2999999999999998,-0.024570024570024551,0.065901639344262186,-0.0027607361963191135,0.040319999999999911,-0.372,0.1614232209737827,0.064597658952600057,0.042651283903105908,0.23999999999999999,-0.46000000000000019,15.630000000000001,0.13647601951468136,0.11139201132862242,-0.030000000000000027,0.91000000000000003,-0.0027607361963192245,0.040319999999999911,0.065901639344262186,0.13788246914610602,-0.083709131905298828,-0.029750448103736948,31.975497658813232,0.91000000000000003,-0.46000000000000019,15.630000000000001,-0.372,6.21,0.042651283903105908
2016-08-31,0.075840500390930377,94.358333333333334,5.6100000000000003,2.2999999999999998,0.11388888888888893,0.072878535773710729,-0.030375939849623945,0.0040485829959515662,-0.34499999999999997,0.1316927665920955,0.068150090951393905,0.047410999070711113,0.010000000000000009,-0.66999999999999993,11.869999999999999,0.18245839851417775,0.10380174817359378,-0.029999999999999805,0.79000000000000004,-0.030375939849623945,0.0040485829959515662,0.072878535773710729,0.18459007073750675,-0.09131905298759857,-0.032592155857540384,23.167072010768941,0.79000000000000004,-0.66999999999999993,11.869999999999999,-0.34499999999999997,5.6100000000000003,0.047410999070711113
2016-09-30,0.08983451536643039,94.841666666666654,5.0999999999999996,2.2999999999999998,-0.033816425120772875,0.02706227583958265,-0.0056818181818181213,-0.095087618500431015,-0.35599999999999998,0.13860914129074553,0.068747802854531415,0.040168810205601369,0.09000000000000008,-0.27000000000000002,13.42,0.16151193478124576,0.041734040524784133,-0.040000000000000258,0.78000000000000003,-0.0056818181818182323,-0.095087618500431015,0.02706227583958265,0.16203788065755559,-0.11217587373167981,-0.043937389009856109,0.69357247567760449,0.78000000000000003,-0.27000000000000002,13.42,-0.35599999999999998,5.0999999999999996,0.040168810205601369
2016-10-31,0.092476489028213038,94.941666666666663,4.9699999999999998,2.2000000000000002,-0.022443890274314149,-0.050407485662541607,-0.032297754537065515,-0.034969325153374364,-0.35099999999999998,0.080615206035983711,0.065710361452537391,0.029797614949097773,0.029999999999999805,-0.23999999999999999,13.289999999999999,0.18458500526845686,0.063863617406964668,-0.040000000000000036,0.82999999999999996,-0.032297754537065515,-0.034969325153374364,-0.050407485662541607,0.1856073158822478,-0.11330326944757607,-0.023565180460575763,17.147636300594971,0.82999999999999996,-0.23999999999999999,13.289999999999999,-0.35099999999999998,4.9699999999999998,0.029797614949097773
2016-11-30,0.058510638297872397,95.200000000000003,4.9100000000000001,2.1000000000000001,0.055401662049861411,0.074871465295629935,0.037531017369726971,0.0060150375939851397,-0.33600000000000002,0.16094552929085304,0.066486947047895706,0.053951026703542071,0.030000000000000027,-0.070000000000000062,17.059999999999999,0.1948190426010982,0.070916097614081353,-0.059999999999999831,0.97999999999999998,0.037531017369726971,0.0060150375939849177,0.074871465295629935,0.19764746255482515,-0.057215332581736167,-0.0038122174292298805,29.496767738946229,0.97999999999999998,-0.070000000000000062,17.059999999999999,-0.33600000000000002,4.9100000000000001,0.053951026703542071
2016-12-30,0.057981927710843539,95.016666666666666,4.6699999999999999,2.2999999999999998,0.049261083743842304,0.11635220125786172,0.12698412698412698,0.12058080808080818,-0.377,0.12212519165388969,0.066360598089629796,0.054538364820255147,0.20000000000000018,-0.06999999999999984,13.33,0.1895537410225108,-0.0027642036877997267,0.080000000000000071,1.26,0.12698412698412698,0.12058080808080796,0.11635220125786172,0.19330352393292916,-0.0061590145576708721,0.040250192524575068,56.040343649406481,1.26,-0.06999999999999984,13.33,-0.377,4.6699999999999999,0.054538364820255147
2017-01-31,0.098478783026421102,95.058333333333337,4.21,2.5,0.083333333333333259,0.21599999999999997,0.20788302606484432,0.16887111657951404,-0.42699999999999999,0.15555874748635445,0.065933452044272256,0.049282983534435831,0.54000000000000026,0.30000000000000027,14.039999999999999,0.1614239076792697,-0.0052166981728576367,0.22999999999999954,1.25,0.20788302606484432,0.16887111657951404,0.21599999999999997,0.16552032709872014,0,0.07292688947689685,82.838546994616706,1.25,0.30000000000000027,14.039999999999999,-0.42699999999999999,4.21,0.049282983534435831
2017-02-28,0.12529928172386273,94.77500000000002,4,2.2000000000000002,0.063660477453580944,0.21613204609156011,0.16741405082212246,0.21122828784119085,-0.46400000000000002,0.10667390660479814,0.063009117275641291,0.054231295092524445,0.38000000000000034,0.37000000000000033,11.99,0.12627582783762678,0.0094350592438119385,0.19999999999999973,1.26,0.16741405082212246,0.21122828784119085,0.21613204609156011,0.12777505426932192,0,0.055583646754121752,83.871003183649023,1.26,0.37000000000000033,11.99,-0.46400000000000002,4,0.054231295092524445
2017-03-31,0.15182829888712246,94.524999999999991,3.7400000000000002,2.3999999999999999,0.073529411764705843,0.12553863832232115,0.10366197183098591,0.2438095238095237,-0.48399999999999999,0.13850530126713223,0.059528366370471542,0.049684454837741976,0.39999999999999991,0.30999999999999983,12.92,0.12907242745725464,0.003221368070460251,0.17999999999999972,1.1399999999999999,0.10366197183098591,0.24380952380952392,0.12553863832232115,0.12979288286699991,-0.028032746216819726,0.053782540046368066,95.534230655483626,1.1399999999999999,0.30999999999999983,12.92,-0.48399999999999999,3.7400000000000002,0.049684454837741976
2017-04-28,0.13107170393215095,94.341666666666683,3.9199999999999999,2.3999999999999999,0.12406947890818865,0.21840490797545997,0.045263157894736894,0.26255562619198991,-0.48499999999999999,0.10150072615781824,0.061039638504427174,0.046900715132425053,0.51000000000000001,0.4800000000000002,12.369999999999999,0.10764506954851005,-0.01857282226023993,0.22999999999999954,1.1299999999999999,0.045263157894736894,0.26255562619198991,0.21840490797545997,0.10772199537972282,-0.014636566608781987,0.048069676769392,95.124596282680386,1.1299999999999999,0.4800000000000002,12.369999999999999,-0.48499999999999999,3.9199999999999999,0.046900715132425053
2017-05-31,0.1499238964992391,93.549999999999997,3.75,2.2000000000000002,0.19498607242339827,0.27218045112781941,0.08322663252240714,0.26457399103139001,-0.47799999999999998,0.16266070430408064,0.061707024147393819,0.073154289777127901,0.37999999999999989,0.34999999999999987,10.82,0.12248080971724805,-0.010190650940003154,0.10000000000000053,1.01,0.08322663252240714,0.26457399103139001,0.27218045112781941,0.12315403324727014,0,0.082840231247823803,96.110544987293082,1.01,0.34999999999999987,10.82,-0.47799999999999998,3.75,0.073154289777127901
2017-06-30,0.15674453654860598,93.600000000000009,3.7400000000000002,2.3999999999999999,0.25128205128205128,0.39172979797979801,0.1253190403266975,0.24197183098591557,-0.505,0.15151861808614098,0.062425810581911767,0.078237716576902816,0.48999999999999977,0.28999999999999959,10.41,0.11592610382353441,0.0084027255586425209,0.080000000000000071,0.93000000000000005,0.1253190403266975,0.24197183098591557,0.39172979797979823,0.11690448690857962,-0.016506803479812371,0.10621751664258339,96.028645660210742,0.93000000000000005,0.28999999999999959,10.41,-0.505,3.7400000000000002,0.078237716576902816
2017-07-31,0.14922048997772808,93.541666666666671,3.77,2.2999999999999998,0.18639798488664971,0.45247616118117517,0.18882175226586106,0.24263157894736831,-0.54400000000000004,0.090454692034827477,0.062687339186715763,0.092401571405221206,0.45999999999999996,-0.080000000000000293,11.18,0.11381140285150311,0.011454534630725544,0.010000000000000231,0.93000000000000005,0.18882175226586106,0.24263157894736853,0.45247616118117517,0.11458503141974727,0,0.13224658154523827,96.276082899744182,0.93000000000000005,-0.080000000000000293,11.18,-0.54400000000000004,3.77,0.092401571405221206
2017-08-31,0.15406976744186074,92.941666666666677,3.6099999999999999,2.2000000000000002,0.13216957605985025,0.50124069478908173,0.1442080378250592,0.23943661971830998,-0.56799999999999995,0.18990511333684745,0.069293729372937207,0.084099017399578258,0.49999999999999978,0.11999999999999944,10.26,0.10176648767941693,0.019196759062371171,0.050000000000000266,0.95999999999999996,0.14420803782505898,0.23943661971830976,0.50124069478908173,0.1026594200127528,-0.0047295907875798404,0.14158857100016897,100,0.95999999999999996,0.11999999999999944,10.26,-0.56799999999999995,3.6099999999999999,0.084099017399578258
2017-09-29,0.14967462039045532,93.433333333333337,3.8500000000000001,2.5,0.26000000000000001,0.53714285714285714,0.098208210478566427,0.23583460949464019,-0.57499999999999996,0.15758622494373786,0.072858007473290964,0.085273276267571696,0.44999999999999996,0.050000000000000044,10.59,0.17467023279475952,-0.0047220641106098249,0.0099999999999997868,0.79000000000000004,0.098208210478566427,0.23583460949464019,0.53714285714285714,0.17313200989899385,-0.0043183220234422892,0.092815311798587485,85.858286056101846,0.79000000000000004,0.050000000000000044,10.59,-0.57499999999999996,3.8500000000000001,0.085273276267571696
2017-10-31,0.14562410329985664,93.90000000000002,3.54,2.2999999999999998,0.20153061224489788,0.55435473617291797,0.035578144853875449,0.2311178247734138,-0.55800000000000005,0.19335087813523821,0.080990800833777188,0.10305318939854485,0.3600000000000001,-0.14999999999999991,9.5099999999999998,0.17300690986098141,0.013412131008713857,0.020000000000000018,0.85999999999999999,0.035578144853875449,0.2311178247734138,0.55435473617291797,0.17169129447467743,-0.007711038961038974,0.063450092346419629,79.114234678705486,0.85999999999999999,-0.14999999999999991,9.5099999999999998,-0.55800000000000005,3.54,0.10305318939854485
2017-11-30,0.17085427135678377,93.516666666666652,3.5099999999999998,2.2000000000000002,0.23097112860892377,0.55007473841554555,0.071280991735537258,0.22576832151300241,-0.56699999999999995,0.2208746458923514,0.086656712899296773,0.061171309582090938,0.47999999999999998,0.10000000000000009,10.18,0.1692283684925108,0.025901759333474272,0.050000000000000266,0.78000000000000003,0.071280991735537258,0.22576832151300241,0.55007473841554555,0.16760837520055405,0,0.096667700336503959,79.760860794278983,0.78000000000000003,0.10000000000000009,10.18,-0.56699999999999995,3.5099999999999998,0.061171309582090938
2017-12-29,0.18149466192170816,93.516666666666666,3.6099999999999999,2.3999999999999999,0.21830985915492951,0.58647887323943659,0.16315572077653862,0.27738716262190954,-0.59299999999999997,0.20127131230321393,0.087814229817972489,0.053142738404065359,0.48999999999999999,2.2204460492503131e-16,11.279999999999999,0.087409618057265784,0.031287667563442367,0.049999999999999378,0.64000000000000001,0.16315572077653862,0.27738716262190954,0.58647887323943659,0.088414417768946152,0,0.13313785270714784,81.755778227283201,0.64000000000000001,2.2204460492503131e-16,11.279999999999999,-0.59299999999999997,3.6099999999999999,0.053142738404065359
2018-01-31,0.16326530612244894,93.666666666666671,3.5800000000000001,2.5,0.17362637362637368,0.44289473684210523,0.12126789366053159,0.16116052520118584,-0.60199999999999998,0.22579241765071467,0.095488283425157361,0.070808877472641141,0.43999999999999995,-0.020000000000000018,11.039999999999999,0.15752985716826284,0.04643233699443039,0.12000000000000055,0.51000000000000001,0.12126789366053181,0.16116052520118584,0.44289473684210523,0.15643281445159832,-0.049080818591744624,0.023144492427748631,49.971553510403488,0.51000000000000001,-0.020000000000000018,11.039999999999999,-0.60199999999999998,3.5800000000000001,0.070808877472641141
2018-02-28,0.16950354609929064,93.475000000000009,3.29,2.3999999999999999,0.27431421446384041,0.4778489116517286,0.1130183220829315,0.19235537190082641,-0.61399999999999999,0.21736027476693853,0.096238324314798174,0.064747384811368436,0.4700000000000002,-0.029999999999999583,13.539999999999999,0.25372484597031325,0.021985340307101087,0.14999999999999991,0.57999999999999996,0.1130183220829315,0.19235537190082641,0.4778489116517286,0.25929648955398071,0,0.10234568884426753,58.86237576790699,0.57999999999999996,-0.029999999999999583,13.539999999999999,-0.61399999999999999,3.29,0.064747384811368436
2018-03-30,0.14492753623188404,93.25833333333334,3.4700000000000002,2.5,0.23059360730593603,0.55513016845329255,0.081853693181818121,0.25836431226765799,-0.60499999999999998,0.22695679825557624,0.098652336315955713,0.065095585704972037,0.73999999999999977,0.28999999999999981,19.850000000000001,0.27898788000976849,0.04501070437339183,0.16000000000000014,0.62,0.081853693181818121,0.25836431226765799,0.55513016845329255,0.28441330406422821,-0.015988372093023173,0.17522662660866528,72.952686145575839,0.62,0.28999999999999981,19.850000000000001,-0.60499999999999998,3.4700000000000002,0.065095585704972037
2018-04-30,0.15064758009543278,92.833333333333329,3.79,2.7999999999999998,0.35320088300220753,0.53524672708962728,0.11216487324457391,0.2470347648261757,-0.54300000000000004,0.23972067584725054,0.10075405921376079,0.068796352318189147,0.79000000000000004,0.42999999999999994,19.969999999999999,0.24932240605281092,0.00021643201423393599,0.14000000000000012,0.46999999999999997,0.11216487324457414,0.24703476482617592,0.53524672708962706,0.25611989816271108,-0.015180878552971677,0.13418851568959123,73.387892217148661,0.46999999999999997,0.42999999999999994,19.969999999999999,-0.54300000000000004,3.79,0.068796352318189147
2018-05-31,0.13898080741230978,92.916666666666671,3.46,2.5,0.34498834498834507,0.47399527186761237,0.08040201005025116,0.20250723240115698,-0.496,0.19338017751479297,0.10635111223458038,0.040734134776282849,0.70000000000000018,0.2200000000000002,15.93,0.18653347513520493,-0.0057254675319450277,0.15000000000000036,0.46000000000000002,0.08040201005025116,0.20250723240115698,0.47399527186761237,0.18776340247279,-0.001281435207432402,0.11265631363403839,70.131952635750991,0.46000000000000002,0.2200000000000002,15.93,-0.496,3.46,0.040734134776282849
2018-06-29,0.15635179153094447,92.408333333333346,3.6299999999999999,2.7999999999999998,0.36270491803278704,0.34157405307325917,-0.029213851961266912,0.050248579545454586,-0.53800000000000003,0.19848996622292869,0.10781156827668448,0.040860041685911674,0.91000000000000014,0.42000000000000015,15.43,0.15081458777674706,-0.033107411771368112,0.14999999999999991,0.42999999999999999,-0.029213851961267023,0.050248579545454586,0.34157405307325917,0.15150212928648921,-0.058720560152768941,0.048471154563010321,54.644269333014833,0.42999999999999999,0.42000000000000015,15.43,-0.53800000000000003,3.6299999999999999,0.040860041685911674
2018-07-31,0.16537467700258413,92.183333333333337,3.6099999999999999,2.7999999999999998,0.44161358811040352,0.26789495976281219,-0.018202689406362715,0.091920481488236172,-0.56399999999999995,0.21031100596382268,0.11230647305131392,0.018397120067922934,0.80000000000000027,0.36000000000000032,16.09,0.15475377826218503,-0.047525713603689623,0.11999999999999966,0.33000000000000002,-0.018202689406362715,0.091920481488236394,0.26789495976281219,0.15550276036095972,-0.047262889879058134,0.020207773616247371,68.105440460472465,0.33000000000000002,0.36000000000000032,16.09,-0.56399999999999995,3.6099999999999999,0.018397120067922934
2018-08-31,0.17317380352644807,92.075000000000003,3.46,2.7999999999999998,0.50660792951541866,0.39524793388429758,0.083079390537289521,0.17016115058048875,-0.53800000000000003,0.21305423265773271,0.11115569328016406,0.023969419314884388,0.77000000000000002,0.29999999999999982,12.83,0.16717707251161734,-0.067561496963082446,0.059999999999999609,0.28999999999999998,0.083079390537289521,0.17016115058048875,0.39524793388429758,0.1694640436942684,0,0.096156024993931277,68.732752204923685,0.28999999999999998,0.29999999999999982,12.83,-0.53800000000000003,3.46,0.023969419314884388
2018-09-28,0.20566037735849085,91.116666666666674,3.4900000000000002,3.1000000000000001,0.51190476190476208,0.46716232961586135,0.20101437024513946,0.16592811422944376,-0.56100000000000005,0.17157970883443352,0.11154442829724753,0.025083622632658842,0.81000000000000005,0.070000000000000284,12.859999999999999,0.14132561605633068,-0.082195369551691377,0.0099999999999997868,0.23999999999999999,0.20101437024513946,0.16592811422944354,0.46716232961586113,0.14446642422024794,0,0.12543883858073368,62.922306763018469,0.23999999999999999,0.070000000000000284,12.859999999999999,-0.56100000000000005,3.4900000000000002,0.025083622632658842
2018-10-31,0.22041327489041929,90.299999999999997,3.2400000000000002,2.8999999999999999,0.56050955414012726,0.39284253578732109,0.13763153499248393,0.11692358150213211,-0.59599999999999997,0.22728295602862425,0.10926664882357251,0.019202718493321225,0.85999999999999988,0.06999999999999984,12.119999999999999,0.23197497303091105,-0.039075871208264945,0.010000000000000231,0.23999999999999999,0.13763153499248393,0.11692358150213189,0.39284253578732109,0.23301666929478573,-0.041244369369369371,0.14989804555423092,73.019956926643943,0.23999999999999999,0.06999999999999984,12.119999999999999,-0.59599999999999997,3.2400000000000002,0.019202718493321225
2018-11-30,0.18700183936235448,90.583333333333329,3.8100000000000001,3,0.64179104477611948,0.27849566055930586,-0.018362209388419926,0.063191659983961701,-0.59199999999999997,0.17881226887100299,0.10640657108937601,0.023247007878010706,1.1000000000000001,0.39999999999999991,21.23,0.3525281827059098,-0.010306711943109614,-0.0099999999999997868,0.28000000000000003,-0.018362209388419926,0.063191659983961479,0.27849566055930564,0.34921540899000902,-0.094275174204126233,0.063775351564098193,57.270785094829414,0.28000000000000003,0.39999999999999991,21.23,-0.59199999999999997,3.8100000000000001,0.023247007878010706
2018-12-31,0.19759036144578301,90.616666666666674,4.29,3,0.56262042389210021,0.059126420454545636,-0.1603322072072072,0.0084530853761624059,-0.55100000000000005,0.15127837396765753,0.10628853267570881,0.016287013185500521,1.1500000000000001,0.23999999999999999,18.07,0.35378821072436373,0.033707545268985784,-0.079999999999999627,0.20999999999999999,-0.1603322072072072,0.0084530853761624059,0.059126420454545414,0.35140351233014161,-0.18499795053969126,0.054717847561347455,67.31725803969654,0.20999999999999999,0.23999999999999999,18.07,-0.55100000000000005,4.29,0.016287013185500521
2019-01-31,0.10964912280701755,90.516666666666666,5.3300000000000001,3.2000000000000002,0.60861423220973787,0.19095385737734816,-0.041256790485978634,0.090696509103056711,-0.46000000000000002,0.19778938295391169,0.10366994970787524,0.0010790304136318873,1.1200000000000001,0.31999999999999984,25.420000000000002,0.34314222855090359,0.02925095385070553,-0.14999999999999991,0.20999999999999999,-0.041256790485978745,0.090696509103056711,0.19095385737734816,0.33975406574858635,-0.10780161224210971,0.063861896887236869,74.985517665153026,0.20999999999999999,0.31999999999999984,25.420000000000002,-0.46000000000000002,5.3300000000000001,0.0010790304136318873
2019-02-28,0.14129775621588858,90.616666666666674,4.3700000000000001,3.1000000000000001,0.64970645792563597,0.25229596257147802,0.090209684718660199,0.070191026210572938,-0.42599999999999999,0.16268503590795835,0.10628948418250994,-0.0050557759958969051,0.85999999999999988,0.089999999999999858,16.57,0.23028135959873403,0.040117972330797058,-0.16999999999999993,0.17999999999999999,0.090209684718660421,0.070191026210572938,0.25229596257147802,0.231085681116068,-0.012570023227217009,0.10053448016880373,72.142435733658914,0.17999999999999999,0.089999999999999858,16.57,-0.42599999999999999,4.3700000000000001,-0.0050557759958969051
2019-03-29,0.1597347799879445,90.875,3.9199999999999999,3.1000000000000001,0.51762523191094623,0.18316100443131478,0.2085498742665548,0.014780405405405261,-0.50600000000000001,0.15035728831130357,0.10227185982466347,-0.005127943798554857,0.7300000000000002,-0.079999999999999849,14.779999999999999,0.14343947071810872,0.075474254742547431,-0.19999999999999973,0.20999999999999999,0.20854987426655502,0.014780405405405483,0.18316100443131478,0.14577984026144281,-0.020649368292351533,0.071324617321120831,60.621810287240329,0.20999999999999999,-0.079999999999999849,14.779999999999999,-0.50600000000000001,3.9199999999999999,-0.005127943798554857
2019-04-30,0.17831753554502372,90.600000000000009,3.9900000000000002,3.2000000000000002,0.41598694942903758,0.24942604132502466,0.16676875957120973,0.11863162531199523,-0.57999999999999996,0.16583290660574312,0.10546464886687268,-0.0042415852129380482,0.68999999999999995,-0.16999999999999993,13.710000000000001,0.12744963034158396,0.068234717365922126,-0.23999999999999977,0.14000000000000001,0.16676875957120996,0.11863162531199545,0.24942604132502488,0.12929349204674376,0,0.07545075729737194,53.517591566299117,0.14000000000000001,-0.16999999999999993,13.710000000000001,-0.57999999999999996,3.9900000000000002,-0.0042415852129380482
2019-05-31,0.20511330621731538,90.391666666666666,3.73,3,0.40207972270363945,0.27153167602245398,0.096997370969973851,0.19595715794237423,-0.60499999999999998,0.13725247141219121,0.10133147501842132,-0.0021744629568046792,0.57999999999999985,-0.52000000000000024,13.119999999999999,0.16920040711563883,0.019155575808111447,-0.20999999999999952,0.23999999999999999,0.096997370969973851,0.19595715794237445,0.27153167602245398,0.1717466753129904,-0.011717776115681922,0.15832938439465694,93.517747869767533,0.23999999999999999,-0.52000000000000024,13.119999999999999,-0.60499999999999998,3.73,-0.0021744629568046792
2019-06-28,0.1876056338028167,90.5,4.5899999999999999,3.2000000000000002,0.33383458646616537,0.35131022823330516,0.10875294770425858,0.33998323554065379,-0.61299999999999999,0.10357261273209528,0.099517822438538017,0.0037280106631359944,0.65999999999999992,-0.49000000000000021,18.710000000000001,0.1940457729585871,-0.005493972907292699,-0.22999999999999998,0.19,0.10875294770425858,0.33998323554065402,0.35131022823330538,0.19698283998429136,-0.039071892281798526,0.081024771344492708,73.099861769024798,0.19,-0.49000000000000021,18.710000000000001,-0.61299999999999999,4.5899999999999999,0.0037280106631359944
2019-07-31,0.21840354767184045,90.508333333333326,4.0700000000000003,3.2999999999999998,0.35051546391752564,0.3646233505929517,0.072319201995012516,0.2511485451761104,-0.57999999999999996,0.13780746049845249,0.097163470709020316,0.014524153078515845,0.37999999999999989,-0.74000000000000021,15.08,0.24254606792842548,-0.007207486786597439,-0.21999999999999975,0.25,0.072319201995012516,0.25114854517611063,0.3646233505929517,0.24441517473426963,-0.031875814669984459,0.060403445539133793,68.684484720606605,0.25,-0.74000000000000021,15.08,-0.57999999999999996,4.0700000000000003,0.014524153078515845
2019-08-30,0.2061191626409018,90.633333333333326,3.9300000000000002,3.1000000000000001,0.30994152046783596,0.12246409003405878,-0.043895055499495461,0.048844610488446127,-0.57399999999999995,0.11863168786901213,0.095397350073609166,0.015343774850054115,0.30000000000000004,-0.55999999999999983,16.120000000000001,0.22757359348423334,-0.012375062662756897,-0.23999999999999999,0.13,-0.043895055499495572,0.048844610488446127,0.12246409003405878,0.22779757707122933,-0.1017893115298022,0.013492821697085322,50.401983576645748,0.13,-0.55999999999999983,16.120000000000001,-0.57399999999999995,3.9300000000000002,0.015343774850054115
2019-09-30,0.20239958268127278,90.725000000000009,4.0899999999999999,3.1000000000000001,0.17454068241469822,0.085304054054053946,-0.035405980232703804,0.069496462754889521,-0.57599999999999996,0.12734920696175656,0.092903560356145887,0.011185013886567341,0.079999999999999849,-0.65000000000000036,18.98,0.25953569037467594,-0.047051569760852341,-0.21999999999999997,0,-0.035405980232703804,0.069496462754889521,0.085304054054053946,0.25777196225374965,-0.086384642730181316,0.017515084555335125,54.680398147551095,0,-0.65000000000000036,18.98,-0.57599999999999996,4.0899999999999999,0.011185013886567341
2019-10-31,0.19599794766546941,90.908333333333346,4.0199999999999996,2.8999999999999999,0.14149659863945585,0.017471736896197188,-0.15177478580171366,-0.090431815198845023,-0.52600000000000002,0.10906157174813891,0.093233676429460344,0.0060584613423846356,0.16999999999999993,-0.52000000000000002,16.239999999999998,0.23899084508246785,-0.035956383154055138,-0.20999999999999974,0.050000000000000003,-0.15177478580171377,-0.090431815198845134,0.017471736896197188,0.23554685696284275,-0.17881265552790626,-0.089872558792039592,33.425916377392312,0.050000000000000003,-0.52000000000000002,16.239999999999998,-0.52600000000000002,4.0199999999999996,0.0060584613423846356
2019-11-29,0.23295454545454564,90.75,4.1500000000000004,3.2000000000000002,0.22987012987013,0.10197616533413778,-0.036279683377308691,-0.078582240161453099,-0.51000000000000001,0.12434643538168166,0.09141811368439412,0.0073943537572455087,0.16999999999999993,-0.40999999999999992,13.220000000000001,0.26975929460618819,-0.03463289059878405,-0.19999999999999996,0.17000000000000001,-0.036279683377308691,-0.078582240161453099,0.10197616533413778,0.26773466389551631,-0.13437611091361545,-0.067851572661435156,7.043237893507464,0.17000000000000001,-0.40999999999999992,13.220000000000001,-0.51000000000000001,4.1500000000000004,0.0073943537572455087
2019-12-31,0.21931589537223339,90.983333333333334,4.0099999999999998,2.7999999999999998,0.048088779284833683,0.20955574182732595,-0.064202334630350077,-0.097335168272238204,-0.54900000000000004,0.11516323024054986,0.094777247371225393,0.011961721823286198,0.19999999999999996,-0.45999999999999996,12.619999999999999,0.20986055217907071,-0.010808985683927741,-0.14000000000000035,0.17000000000000001,-0.064202334630350077,-0.097335168272238315,0.20955574182732617,0.20873047185101626,-0.14504088162104511,-0.089627204991558851,7.7813344026201534,0.17000000000000001,-0.45999999999999996,12.619999999999999,-0.54900000000000004,4.0099999999999998,0.011961721823286198
2020-01-31,0.27272727272727271,90.975000000000009,3.6000000000000001,2.7999999999999998,-0.0093131548311992107,0.23568147013782537,0.16435786435786448,-0.0123623011015912,-0.56899999999999995,0.4131815103284795,0.092333616892159132,0.0050096803002311341,0.09000000000000008,-0.28999999999999981,13.779999999999999,0.18724055276355547,-0.036154884504642104,-0.11000000000000032,0.34000000000000002,0.16435786435786448,-0.0123623011015912,0.23568147013782559,0.19016570843136421,-0.043844057352766863,0.018134851309347777,38.094090170137129,0.34000000000000002,-0.28999999999999981,13.779999999999999,-0.56899999999999995,3.6000000000000001,0.0050096803002311341
2020-02-28,0.24548352816153041,91.266666666666666,4.0300000000000002,2.7999999999999998,0.0011862396204034287,0.012314930123149326,0.0015058179329225929,-0.034828496042216384,-0.55300000000000005,0.13648682717761274,0.094118343577433539,0.016073248917766736,0.1100000000000001,-0.18999999999999995,18.84,0.28105401729203361,0.0094946149419211645,-0.15999999999999992,0.17999999999999999,0.0015058179329225929,-0.034828496042216384,0.012314930123149326,0.2734868348787694,-0.13307263893826293,0.0037902248131964633,42.112969733083077,0.17999999999999999,-0.18999999999999995,18.84,-0.55300000000000005,4.0300000000000002,0.016073248917766736
2020-03-31,0.23960498960498988,91.216666666666683,5.04,2.6000000000000001,-0.045232273838630821,0.02011374670550703,0.019265419265419359,-0.046173800259403208,-0.62,0.095654972642420288,0.096213469139880159,0.010578791771638729,0.09000000000000008,0.010000000000000231,40.109999999999999,0.47294371214787512,0.01517773684060697,-0.18999999999999995,0.27000000000000002,0.019265419265419359,-0.046173800259403319,0.02011374670550703,0.46377869438326602,-0.12856973575068131,0.14617960641518279,62.451755909749018,0.27000000000000002,0.010000000000000231,40.109999999999999,-0.62,5.04,0.010578791771638729
2020-04-30,0.19054801407742583,90.391666666666666,8.7699999999999996,2.6000000000000001,-0.093317972350230316,0.087675547972174916,0.027016978559920801,0.19581529581529589,-0.29499999999999998,-0.033415548873196532,0.082222257202974047,0.001902373176653982,0,-0.16999999999999993,53.539999999999999,0.48361590811653304,0.011673829359394983,-0.14000000000000001,0.46999999999999997,0.027016978559920579,0.19581529581529611,0.087675547972174916,0.47431637247232356,-0.018011612750325812,0.12902721309650489,85.825464652100322,0.46999999999999997,-0.16999999999999993,53.539999999999999,-0.29499999999999998,8.7699999999999996,0.001902373176653982
2020-05-29,0.24108003857280624,90.058333333333337,7.6299999999999999,2.6000000000000001,0.022249690976514191,-0.020181634712411634,0.061782394751230374,0.063381245722108348,0.26600000000000001,0.025723472668810254,0.083403783018427546,0.0015374100089071696,-0.41000000000000003,-0.57999999999999996,34.149999999999999,0.45885033294888439,0.0096410859984342734,-0.099999999999999978,0.44,0.061782394751230374,0.063381245722108348,-0.020181634712411523,0.45200881416228483,-0.079511790496504142,-0.013459675198506105,59.218589910034133,0.44,-0.57999999999999996,34.149999999999999,0.26600000000000001,7.6299999999999999,0.0015374100089071696
2020-06-30,0.26185958254269459,90.233333333333334,6.71,2.6000000000000001,-0.051860202931228949,-0.025522332040535556,0.059151482186565074,0.079556479556479376,0.158,0.19209824614113491,0.095740898198964253,-0.0011696528973348941,-0.47999999999999987,-0.67999999999999983,27.510000000000002,0.34091874799029065,0.01233280359818878,-0.16000000000000003,0.48999999999999999,0.059151482186565074,0.079556479556479598,-0.025522332040535667,0.33824907111525049,-0.077023343998104066,-0.0011582743653643091,64.917682369480914,0.48999999999999999,-0.67999999999999983,27.510000000000002,0.158,6.71,-0.0011696528973348941
2020-07-31,0.2570518653321201,89.75,6.4400000000000004,2.2999999999999998,-0.16030534351145043,0.10575275397796813,0.090141184988536294,0.1195935060106581,-0.26900000000000002,0.14588403722261978,0.096126607521795915,0.0079793678889026887,-0.6100000000000001,-0.70000000000000018,30.43,0.30089068714221257,0.071945120165228915,-0.23999999999999994,0.5,0.090141184988536294,0.1195935060106581,0.10575275397796813,0.30325090186775655,0,0.05839052420032087,62.004566456049901,0.5,-0.70000000000000018,30.43,-0.26900000000000002,6.4400000000000004,0.0079793678889026887
2020-08-31,0.29817534490431696,89.183333333333337,5.1600000000000001,2.2000000000000002,-0.16294642857142849,0.23588390501319267,0.20597322348094749,0.28048113723346102,-0.38500000000000001,0.11799434105996309,0.1010564112447192,-0.017304666466791463,-0.93000000000000005,-1.04,24.460000000000001,0.28708940458377941,0.037400853580075832,-0.20999999999999996,0.44,0.20597322348094749,0.28048113723346124,0.2358839050131929,0.28934184649838063,0,0.018888273284807022,58.71042061510753,0.44,-1.04,24.460000000000001,-0.38500000000000001,5.1600000000000001,-0.017304666466791463
2020-09-30,0.29110629067245131,89.11666666666666,5.0199999999999996,2.3999999999999999,-0.10502793296089397,0.20103761348897531,0.18885607908589019,0.25917867827032892,-0.47499999999999998,0.17677061582172304,0.10480276607021177,-0.038639808460664282,-1.1499999999999999,-1.24,26.41,0.21373304591623202,0.037346260806128129,-0.25,0.57999999999999996,0.18885607908589042,0.25917867827032892,0.20103761348897531,0.217650834859623,-0.04398100351022094,0.058439023272457202,44.287164373115658,0.57999999999999996,-1.24,26.41,-0.47499999999999998,5.0199999999999996,-0.038639808460664282
2020-10-30,0.28871728871728886,88.783333333333346,5.4100000000000001,2.2000000000000002,-0.10131108462455307,0.32611832611832625,0.017268098295328826,0.10896585012670457,-0.50700000000000001,0.1467447012531824,0.10408254372720838,-0.070561859151209716,-0.94999999999999984,-0.94999999999999984,26.370000000000001,0.21680613285331587,0.088776884792590938,-0.27000000000000002,0.56000000000000005,0.017268098295328604,0.10896585012670434,0.32611832611832625,0.21765655264908282,-0.079895875050060017,0.052430914603126988,43.324618116094989,0.56000000000000005,-0.94999999999999984,26.370000000000001,-0.50700000000000001,5.4100000000000001,-0.070561859151209716
2020-11-30,0.26518642647674917,88.666666666666671,5.25,2.1000000000000001,-0.22703273495248155,0.21054072553045877,-0.056041844577284339,0.13838825952626155,-0.49199999999999999,0.038186940941543401,0.10543966463718935,-0.079838701228346243,-0.90999999999999992,-0.49999999999999989,38.020000000000003,0.2696079145238372,0.067425623755954289,-0.26000000000000001,0.73999999999999999,-0.056041844577284339,0.13838825952626155,0.21054072553045899,0.27150157773838912,-0.11463756507809353,-0.078373886465249121,42.856622160817608,0.73999999999999999,-0.49999999999999989,38.020000000000003,-0.49199999999999999,5.25,-0.079838701228346243
2020-12-31,0.30528052805280548,88.041666666666671,4.3300000000000001,2.1000000000000001,-0.11529411764705877,0.37047817047817033,0.067818574514038943,0.26948260367184473,-0.50700000000000001,0.1393628904895805,0.10400381410224568,-0.072655470285376111,-0.90000000000000002,-0.42000000000000015,20.57,0.27546740263727448,0.03598271634256589,-0.26000000000000001,0.68000000000000005,0.067818574514038943,0.26948260367184496,0.37047817047817033,0.27810879511835052,-0.010012014417300708,0.0016087831131501584,52.987182734303268,0.68000000000000005,-0.42000000000000015,20.57,-0.50700000000000001,4.3300000000000001,-0.072655470285376111
2021-01-29,0.254214729370009,87.691666666666663,3.8599999999999999,2,-0.14571092831962384,0.080555211302515861,-0.051251360174102367,-0.034868275404029259,-0.56699999999999995,-0.1645649243672308,0.10295138888888888,-0.065617570349573828,-1.0600000000000001,-0.44999999999999996,22.75,0.27673834621348004,0.02388135963439697,-0.29000000000000004,0.80000000000000004,-0.051251360174102256,-0.034868275404029259,0.080555211302515861,0.27714534330918622,-0.12705246295554662,-0.092659758338870413,31.709941795677672,0.80000000000000004,-0.44999999999999996,22.75,-0.56699999999999995,3.8599999999999999,-0.065617570349573828
2021-02-26,0.23549488054607481,87.208333333333329,3.79,1.8999999999999999,-0.20616113744075837,0.1748223072717332,-0.028044781182856582,-0.082514944491887343,-0.60399999999999998,0.13806394365416064,0.10627936148756678,-0.10434044036154622,-1.0499999999999998,-0.11999999999999977,33.090000000000003,0.21140794224030562,0.022346169690189654,-0.31000000000000005,1,-0.028044781182856582,-0.082514944491887343,0.17482230727173342,0.21043547223075121,-0.13946736083299949,-0.11192733730883575,31.655761879266596,1,-0.11999999999999977,33.090000000000003,-0.60399999999999998,3.79,-0.10434044036154622
2021-03-31,0.22054507337526186,87.299999999999997,3.52,1.8999999999999999,-0.13956466069142115,0.29521348925754687,-0.036711165048543659,0.028617710583153322,-0.61799999999999999,0.1316608894894542,0.10236224298883734,-0.10556718316427116,-0.8899999999999999,0.26000000000000001,27.949999999999999,0.23034239587340946,0.0068071124614599299,-0.29999999999999993,1.3,-0.036711165048543659,0.028617710583153322,0.29521348925754687,0.22989656821171647,-0.046355626752102475,-0.046783002651510919,32.360969948138802,1.3,0.26000000000000001,27.949999999999999,-0.61799999999999999,3.52,-0.10556718316427116
2021-04-30,0.25168918918918926,88.433333333333337,3.3599999999999999,2.3999999999999999,0.092757306226175285,0.21563895257632426,0.155407730244294,0.096191512513601696,-0.626,0.31868708053691264,0.11940790590106243,-0.10561871119000132,-0.76000000000000001,0.18999999999999984,19.399999999999999,0.16221742864107672,-0.054960159573975043,-0.12000000000000011,1.5800000000000001,0.155407730244294,0.096191512513601696,0.21563895257632426,0.16444001119039367,-0.0001984914648670566,-0.036843271275841749,32.240725779195657,1.5800000000000001,0.18999999999999984,19.399999999999999,-0.626,3.3599999999999999,-0.10561871119000132
2021-05-31,0.1787101787101788,89.483333333333334,3.2799999999999998,1.8,-0.21644498186215244,0.27548918640576714,0.15276323443862716,0.12043424177315387,-0.64800000000000002,0.18234950321449461,0.12108286658049683,-0.16104694109320605,-0.77000000000000024,0.13999999999999968,18.609999999999999,0.24477537469701463,-0.026897738768073998,-0.079999999999999849,1.49,0.15276323443862694,0.12043424177315387,0.27548918640576714,0.24241164982695398,-0.074883286647992486,-0.050375748052628566,45.409962222260852,1.49,0.13999999999999968,18.609999999999999,-0.64800000000000002,3.2799999999999998,-0.16104694109320605
2021-06-30,0.16165413533834561,89.433333333333337,3.3399999999999999,1.8999999999999999,-0.16765755053507725,0.2434202079856207,0.016797900262467191,-0.020529935275080957,-0.68100000000000005,0.071892130300548196,0.10897128399033074,-0.20144616600894583,-0.79999999999999982,0.1000000000000002,16.760000000000002,0.27200344849012009,-0.015084997845166148,-0.14000000000000012,1.4399999999999999,0.016797900262467191,-0.020529935275080846,0.2434202079856207,0.26757631075098087,-0.09570494864612511,-0.076470171891964034,22.331489555360164,1.4399999999999999,0.1000000000000002,16.760000000000002,-0.68100000000000005,3.3399999999999999,-0.20144616600894583
2021-07-30,0.12450235251538189,90.566666666666663,3.04,2,-0.014285714285714235,0.053353996015054195,-0.055390113162596788,0.091409565317123409,-0.69399999999999995,0.13296476761619203,0.10670634994681927,-0.27301344293384633,-0.79999999999999982,0.26000000000000023,15.83,0.27485852886691886,-0.087799433320003395,-0.040000000000000036,1.2,-0.055390113162596788,0.091409565317123409,0.053353996015054195,0.27065131371173368,-0.11148459383753506,-0.098451601416424173,31.174395187582263,1.2,0.26000000000000023,15.83,-0.69399999999999995,3.04,-0.27301344293384633
2021-08-31,0.086732944806307888,91.666666666666671,3.2599999999999998,1.8,-0.094666666666666566,0.040670367207514824,-0.016047638272103426,0.13426410703897607,-0.68700000000000006,0.10763390358455216,0.096673007742868577,-0.23926243907017841,-1.0799999999999998,-0.030000000000000027,18.239999999999998,0.20962617543327658,-0.083670672163224324,-0.020000000000000018,1.05,-0.016047638272103426,0.13426410703897607,0.040670367207514824,0.20725146981211073,-0.089729225023342685,-0.086180956124595087,38.260137136667979,1.05,-0.030000000000000027,18.239999999999998,-0.68700000000000006,3.2599999999999998,-0.23926243907017841
2021-09-30,0.05745967741935476,92.725000000000009,3.21,1.7,-0.15730337078651679,-0.011231101511879005,-0.054620547237996808,-0.038740157480314896,-0.65500000000000003,0.13183232975535986,0.090374546551046819,-0.19274812524288065,-1.05,-0.16000000000000014,16.48,0.12835104344307302,-0.055739931760431238,0.040000000000000036,1.1000000000000001,-0.054620547237996919,-0.038740157480315007,-0.011231101511879116,0.12753497727262239,-0.14509803921568631,-0.11448640271160726,2.4233094581798871,1.1000000000000001,-0.16000000000000014,16.48,-0.65500000000000003,3.21,-0.19274812524288065
2021-10-29,0.027962716378162389,93.708333333333329,3.1499999999999999,1.8999999999999999,-0.025198938992042508,0.032426550598476434,-0.0029424127784783982,-0.058169545364304187,-0.64700000000000002,0.1545226492892362,0.082263040011630428,-0.15498049502487377,-1,-0.23999999999999999,23.140000000000001,0.13720940611996643,-0.053721828904199853,0.10999999999999988,1.24,-0.0029424127784782872,-0.058169545364304187,0.032426550598476434,0.13839702452858213,-0.11409897292250237,-0.094663898170695981,2.8317300057322217,1.24,-0.23999999999999999,23.140000000000001,-0.64700000000000002,3.1499999999999999,-0.15498049502487377
2021-11-30,0.030794701986754935,94.091666666666683,3.0800000000000001,1.6000000000000001,-0.096994535519125846,0.069659617776772542,-0.029746640681095449,-0.045316915623738296,-0.65400000000000003,0.1452586093325956,0.076376473987395554,-0.17114755175055751,-0.92999999999999972,-0.15999999999999948,16.260000000000002,0.20690972399816679,-0.03020865397963568,0.25,1.0700000000000001,-0.029746640681095449,-0.045316915623738407,0.069659617776772542,0.20638519825078741,-0.11680672268907555,-0.083658921778057449,3.2682124487558686,1.0700000000000001,-0.15999999999999948,16.260000000000002,-0.65400000000000003,3.0800000000000001,-0.17114755175055751
2021-12-31,-0.0075853350189635238,94.533333333333317,3.6699999999999999,1.8,-0.041223404255319229,0.038127022653721809,0.12112276103101793,0.059886422302529718,-0.622,0.11207275431894259,0.069653621232568685,-0.19805242916219046,-0.93999999999999995,-0.14000000000000012,27.190000000000001,0.22076869722887751,-0.050710429434849158,0.32999999999999985,0.91000000000000003,0.12112276103101793,0.059886422302529718,0.038127022653721809,0.22154405648936004,-0.04154995331465916,-0.032725127388821718,34.461005946124011,0.91000000000000003,-0.14000000000000012,27.190000000000001,-0.622,3.6699999999999999,-0.19805242916219046
2022-01-31,0.073576229218252687,95.316666666666663,3.1000000000000001,2.1000000000000001,0.14030261348005513,0.24693198761325852,0.14586846543001686,0.14249684741488022,-0.55200000000000005,0.11623821304363435,0.066173461356839436,-0.22578883746956924,-1.0900000000000001,-0.29000000000000026,17.219999999999999,0.23563900038725369,0.0083713172136620218,0.30999999999999983,0.79000000000000004,0.14586846543001686,0.14249684741488022,0.2469319876132583,0.2372762360465441,-0.0093849658314351103,0.084076754395946196,77.318548088546549,0.79000000000000004,-0.29000000000000026,17.219999999999999,-0.55200000000000005,3.1000000000000001,-0.22578883746956924
2022-02-28,0.024171270718232218,95.86666666666666,3.6299999999999999,1.8,0.080597014925373189,0.24770215241419424,0.13373506713183203,0.10001025746230385,-0.55600000000000005,0.11719701768919655,0.052478989728311554,-0.20720417007873915,-0.67999999999999994,0.39999999999999991,24.829999999999998,0.18123228066209579,0.014023927669788105,0.34000000000000008,0.60999999999999999,0.13373506713183203,0.10001025746230385,0.24770215241419424,0.18553229765251489,-0.022870159453302952,0.066586192776139086,76.507449456256666,0.60999999999999999,0.39999999999999991,24.829999999999998,-0.55600000000000005,3.6299999999999999,-0.20720417007873915
2022-03-31,0.006526966678117363,96.058333333333337,3.77,1.8999999999999999,0.12351190476190466,0.22488188976377965,0.13658061373599595,0.27424639580602883,-0.54200000000000004,0.2007320112137887,0.043523494222876602,-0.19894446403301569,-0.69000000000000017,0.35999999999999988,30.149999999999999,0.19561713160930555,-0.010098797738523069,0.25000000000000022,0.39000000000000001,0.13658061373599595,0.27424639580602883,0.22488188976377943,0.19961448821701899,0,0.10135522375054773,97.069039687072546,0.39000000000000001,0.35999999999999988,30.149999999999999,-0.54200000000000004,3.77,-0.19894446403301569
2022-04-29,-0.044871794871794934,96.600000000000009,3.4300000000000002,2.2999999999999998,0.096511627906976649,0.065713718483224159,-0.012509197939661543,0.13153456998313673,-0.439,0.052379058979456605,0.02414684748288054,-0.17156258090588283,-0.70999999999999996,0.29000000000000004,20.559999999999999,0.22183095565427374,-0.00084696389951355311,0.17999999999999972,0.040000000000000001,-0.012509197939661543,0.13153456998313673,0.065713718483224159,0.22244941141959082,-0.094084887351278512,0.094482022054887427,97.162358486718972,0.040000000000000001,0.29000000000000004,20.559999999999999,-0.439,3.4300000000000002,-0.17156258090588283
2022-05-31,-0.10942649967040208,96.558333333333337,3.9300000000000002,2.1000000000000001,0.34722222222222232,0.21457408155026236,0.12215591197314435,0.27222750819325503,-0.373,0.083157327101963663,0.0096505724155895312,-0.1030099140130315,-0.12999999999999989,0.79999999999999982,33.399999999999999,0.27573402632221644,-0.02948967273802372,0.26999999999999957,0.19,0.12215591197314435,0.27222750819325503,0.21457408155026236,0.27950683946436772,0,0.17756123795268808,98.830650769594683,0.19,0.79999999999999982,33.399999999999999,-0.373,3.9300000000000002,-0.1030099140130315
2022-06-30,-0.12038834951456301,96.841666666666654,4.2199999999999998,2.2000000000000002,0.33571428571428563,0.19762519359834774,-0.0058284049027172991,0.1299561617145637,-0.33600000000000002,0.094609687279567423,0.0033756705752634453,-0.075198813750303128,0.25999999999999979,1.1999999999999997,26.190000000000001,0.29591790809498564,0.027780507696111512,0.2200000000000002,0.32000000000000001,-0.005828404902717188,0.12995616171456392,0.19762519359834774,0.29912451147927971,-0.036147581851421084,0.16714442245417671,98.777553181646184,0.32000000000000001,1.1999999999999997,26.190000000000001,-0.33600000000000002,4.2199999999999998,-0.075198813750303128
2022-07-29,-0.16575474734470541,96.358333333333334,5.8700000000000001,2.5,0.47035573122529617,0.20912147961328298,0.071721311475409832,0.058314937454010396,-0.25900000000000001,0.068866650125437578,-0.0015891214729512049,-0.031970448449365474,0.81000000000000005,1.9000000000000001,28.710000000000001,0.29133320419076192,-0.024019428764140649,0.23999999999999977,0.059999999999999998,0.071721311475409832,0.058314937454010174,0.20912147961328298,0.29457439929822921,-0.044193387605914736,0.083623825780808181,74.031716669912697,0.059999999999999998,1.9000000000000001,28.710000000000001,-0.25900000000000001,5.8700000000000001,-0.031970448449365474
2022-08-31,-0.12176656151419563,95.783333333333346,4.7699999999999996,2.2000000000000002,0.44624447717231219,0.28382398194686642,0.040053182649160801,0.16710182767624038,-0.17199999999999999,0.083003778890939239,-0.00089041584940197094,-0.025120413547774834,0.37000000000000011,1.05,21.329999999999998,0.26246462867802972,0.0097929463837437281,-0.020000000000000018,-0.22,0.040053182649160801,0.16710182767624038,0.28382398194686642,0.26292099656009549,-0.018198933165986753,0.16307717445334791,82.662428689734483,-0.22,1.05,21.329999999999998,-0.17199999999999999,4.7699999999999996,-0.025120413547774834
2022-09-30,-0.14394661582459489,94.808333333333323,5.0300000000000002,2.2999999999999998,0.52148148148148143,0.26922236784622089,0.0018967152340718663,-0.0039427444930146827,-0.219,0.048883291783391902,0.002325493696026637,-0.030310437889510045,0.41999999999999993,1.1100000000000001,25.870000000000001,0.25702489850580462,0.027094427389228182,-0.090000000000000302,-0.29999999999999999,0.0018967152340718663,-0.0039427444930145716,0.26922236784622089,0.25754131904853594,-0.096907056263599856,0.1842767550160842,83.31043031327718,-0.29999999999999999,1.1100000000000001,25.870000000000001,-0.219,5.0300000000000002,-0.030310437889510045
2022-10-31,-0.20952072538860111,96.149999999999991,5.4299999999999997,2.8999999999999999,0.80544217687074804,0.36698988195615501,0.12723796280201616,0.20808494783904607,-0.22500000000000001,0.00082417582417582125,0.0083998690275295385,-0.029036017938359304,1.3700000000000001,2.0800000000000001,31.620000000000001,0.30058521564696811,-0.035396799022022307,0.020000000000000462,-0.39000000000000001,0.12723796280201638,0.20808494783904607,0.36698988195615523,0.30249604184793216,0,0.17546414080361927,84.146166467340109,-0.39000000000000001,2.0800000000000001,31.620000000000001,-0.22500000000000001,5.4299999999999997,-0.029036017938359304
2022-11-30,-0.20719563122389983,96.041666666666671,4.6299999999999999,2.6000000000000001,0.77912254160363092,0.39095041759171156,0.051214445509747408,0.093318929699185649,-0.107,0.19336953020751846,0.01886119802370545,0.014832958640826344,1.46,1.5899999999999999,25.879999999999999,0.28840210066398841,-0.027675188990088806,-4.4408920985006262e-16,-0.40999999999999998,0.051214445509747408,0.093318929699185649,0.39095041759171134,0.29037861778672613,0,0.12597042598673691,72.126519342949692,-0.40999999999999998,1.5899999999999999,25.879999999999999,-0.107,4.6299999999999999,0.014832958640826344
2022-12-30,-0.15955414012738833,96.066666666666677,4.5499999999999998,2.6000000000000001,0.69209431345353689,0.26361422308816373,0.116169004388607,0.11828605914302992,-0.125,0.12455158995561488,0.027697406049187467,0.048324245708983193,1.5500000000000003,1.2900000000000005,20.579999999999998,0.24208718671231857,-0.061978394672106307,-0.27000000000000091,-0.69999999999999996,0.116169004388607,0.11828605914302992,0.26361422308816373,0.24407527743927573,-0.021130480718436151,0.13887513514950078,73.943356813181694,-0.69999999999999996,1.2900000000000005,20.579999999999998,-0.125,4.5499999999999998,0.048324245708983193
2023-01-31,-0.13278418451400342,95.958333333333329,4.79,3.2999999999999998,0.83956574185765964,0.24236571008094177,0.04140323824209724,0.17390926473144441,-0.17999999999999999,0.14797802974335905,0.033530322395589396,0.093553930062664548,1.3200000000000003,0.51000000000000023,21.670000000000002,0.20616325303577482,-0.01864997429199855,-0.39000000000000057,-0.53000000000000003,0.041403238242097018,0.17390926473144441,0.24236571008094177,0.20727091722986371,0,0.097624481700113286,83.75458789443438,-0.53000000000000003,0.51000000000000023,21.670000000000002,-0.17999999999999999,4.79,0.093553930062664548
2023-02-28,-0.054281861092380312,96.216666666666683,4.2999999999999998,2.8999999999999999,0.83977900552486151,0.32236105930622916,0.077829292391882632,0.13302972195589646,-0.223,0.16289365785570986,0.054492758521623053,0.13850315143192471,1.2899999999999996,0.91999999999999948,19.399999999999999,0.1954946396719969,-0.089406895177416734,-0.45999999999999952,-0.68999999999999995,0.077829292391882632,0.13302972195589646,0.32236105930622894,0.1965053720226565,0,0.14798911392077363,82.73070667057253,-0.68999999999999995,0.91999999999999948,19.399999999999999,-0.223,4.2999999999999998,0.13850315143192471
2023-03-31,-0.06757679180887366,96.333333333333329,4.2199999999999998,2.7999999999999998,0.71655629139072841,0.22619353732750502,0.10292190270603641,0.23104724206178484,-0.307,0.30959638541193768,0.074730901164264285,0.14250586615187816,1.3199999999999998,0.89999999999999991,20.699999999999999,0.21745727852593361,-0.099095989916577976,-0.40000000000000036,-0.89000000000000001,0.10292190270603641,0.23104724206178484,0.22619353732750502,0.21794636092764302,-0.017445054945054883,0.10104101226381923,68.242215808052023,-0.89000000000000001,0.89999999999999991,20.699999999999999,-0.307,4.2199999999999998,0.14250586615187816
2023-04-28,-0.01200989049805723,97.083333333333329,4.5800000000000001,3.2999999999999998,0.66277836691410408,0.27049180327868849,0.0098467461316356086,0.051657671549730333,-0.27000000000000002,0.18883655323543502,0.094373535655983831,0.1390573444970703,1.3400000000000003,-0.029999999999999805,18.699999999999999,0.23145982520464622,-0.047531629044629486,-0.32000000000000028,-0.57999999999999996,0.0098467461316356086,0.051657671549730333,0.27049180327868871,0.22677545666169266,-0.07393577296489906,0.028076554597605385,46.606323036509366,-0.57999999999999996,-0.029999999999999805,18.699999999999999,-0.27000000000000002,4.5800000000000001,0.1390573444970703
2023-05-31,0.058475203552923904,97.283333333333346,4.5,3,0.65177548682703312,0.067724779790593548,-0.09392849587476193,-0.023409591852245781,-0.152,0.2602734042773871,0.11358762999961947,0.12352323931131032,1.2799999999999998,-0.18000000000000016,15.779999999999999,0.27162211672748426,-0.023719746451491108,-0.39999999999999947,-0.59999999999999998,-0.09392849587476193,-0.023409591852245781,0.067724779790593548,0.26681795836885419,-0.12763935094032164,-0.035024171004975679,39.01710472242366,-0.59999999999999998,-0.18000000000000016,15.779999999999999,-0.152,4.5,0.12352323931131032
2023-06-30,0.036423841059602724,97.491666666666674,4.6900000000000004,3.2000000000000002,0.66417112299465231,0.14121907060953554,-0.074723892073255915,0.020507285483000404,-0.19,0.16032543028220059,0.12209162260514539,0.12067125049398086,1.3899999999999997,-0.16000000000000059,17.940000000000001,0.2453924032167889,-0.040687968565790156,-0.52000000000000002,-0.76000000000000001,-0.074723892073256026,0.020507285483000404,0.14121907060953531,0.23991264254330721,-0.10129676149093625,-0.04964265433109627,27.546110669038676,-0.76000000000000001,-0.16000000000000059,17.940000000000001,-0.19,4.6900000000000004,0.12067125049398086
2023-07-31,0.069058641975308532,98.341666666666654,4.0499999999999998,3.1000000000000001,0.38620071684587809,0.086650443247001663,-0.083357771260997082,-0.074331827941067519,-0.21299999999999999,0.11426065873977986,0.12312706608517243,0.16785142768104838,1.5299999999999998,0.20999999999999952,13.59,0.32257079842681197,-0.027754553073358279,-0.48999999999999932,-1.0600000000000001,-0.083357771260997193,-0.074331827941067519,0.086650443247001663,0.31374533965346457,-0.15113042297508317,-0.11159063239776634,22.837000541749589,-1.0600000000000001,0.20999999999999952,13.59,-0.21299999999999999,4.0499999999999998,0.16785142768104838
2023-08-31,0.035201149425287293,98.408333333333346,3.79,3.2000000000000002,0.65274949083503064,0.059284116331096204,0.031831270916024668,-0.065087088357661638,-0.22800000000000001,0.20714488578731705,0.1204225677760542,0.1556289621787279,1.5299999999999998,0.24000000000000021,13.630000000000001,0.30050079311342626,-0.0019138092212072078,-0.45000000000000062,-0.91000000000000003,0.031831270916024446,-0.065087088357661638,0.059284116331096204,0.29192950220088815,-0.099871002783624041,-0.01818624253795309,24.817424488104891,-0.91000000000000003,0.24000000000000021,13.630000000000001,-0.22800000000000001,3.79,0.1556289621787279
