date,benchmark,horizon,available,target_end,fold,y_true,ridge,gbt,ridge_alpha,z,alpha,y_hat,ridge_weight,naive,n_mature_labels,base_prediction,shrinkage_warmup,lower,upper,probability,interval_warmup,calibration_warmup,candidate
2011-03-31,GLD,6,2011-09-30,2011-09-30,0,-0.28401701071603003,-0.10648201250220943,0.12219952595739084,10000,0.0078587567275907044,1,0.0078587567275907044,0.5,-0.08862737846908135,71,0,True,,,,True,True,M2
2011-03-31,VDE,6,2011-09-30,2011-09-30,0,0.099415418834995273,0.068278986431144495,0.13499529312434272,75.431200633546069,0.10163713977774361,1,0.10163713977774361,0.5,-0.059909679005032385,72,0,True,,,,True,True,M2
2011-03-31,VWO,6,2011-09-30,2011-09-30,0,0.10124383219870758,-0.091607032158026791,0.097388246817728522,4714.8663634573895,0.0028906073298508653,1,0.0028906073298508653,0.5,-0.094106099527342946,67,0,True,,,,True,True,M2
2011-04-29,GLD,6,2011-10-31,2011-10-31,0,-0.22579102504943327,-0.10638074913607717,0.063890468837611,10000,-0.021245140149233087,1,-0.021245140149233087,0.5,-0.087959807040398574,72,0,True,,,,True,True,M2
2011-04-29,VDE,6,2011-10-31,2011-10-31,0,-0.017906208921042222,0.079711563555652065,0.11870116003104879,75.431200633546069,0.099206361793350434,1,0.099206361793350434,0.5,-0.062748359131225201,73,0,True,,,,True,True,M2
2011-04-29,VWO,6,2011-10-31,2011-10-31,0,0.033072410923070894,-0.090880201654933837,0.09174584534567605,4714.8663634573895,0.00043282184537110635,1,0.00043282184537110635,0.5,-0.092573075258765736,68,0,True,,,,True,True,M2
2011-05-31,GLD,6,2011-11-30,2011-11-30,0,-0.27687317792830035,-0.10647990474583392,0.05816865637680995,10000,-0.024155624184511986,1,-0.024155624184511986,0.5,-0.086858114955066387,73,0,True,,,,True,True,M2
2011-05-31,VDE,6,2011-11-30,2011-11-30,0,-0.023523657548478738,0.089216598431738375,0.12987611107747138,75.431200633546069,0.10954635475460488,1,0.10954635475460488,0.5,-0.063352363754367411,74,0,True,,,,True,True,M2
2011-05-31,VWO,6,2011-11-30,2011-11-30,0,0.048390600145445495,-0.091349902480156883,0.12205544583534485,4714.8663634573895,0.015352771677593982,1,0.015352771677593982,0.5,-0.090657515881009121,69,0,True,,,,True,True,M2
2011-06-30,GLD,6,2011-12-30,2011-12-30,0,-0.090246847333861346,-0.10640662029960414,0.027543369957510489,10000,-0.039431625171046827,1,-0.039431625171046827,0.5,-0.085665748859487204,74,0,True,,,,True,True,M2
2011-06-30,VDE,6,2011-12-30,2011-12-30,0,-0.034335473599712785,0.076497537091285567,0.13901717765400703,75.431200633546069,0.1077573573726463,1,0.1077573573726463,0.5,-0.062373273911676096,75,0,True,,,,True,True,M2
2011-06-30,VWO,6,2011-12-30,2011-12-30,0,0.11034683099729881,-0.091364907749861543,0.10712833872929181,4714.8663634573895,0.007881715489715134,1,0.007881715489715134,0.5,-0.088119395257021602,70,0,True,,,,True,True,M2
2011-07-29,GLD,6,2012-01-31,2012-01-31,0,-0.0090676162106111402,-0.10558224001574251,0.0077186314495541796,10000,-0.048931804283094169,1,-0.048931804283094169,0.5,-0.087376621152653836,75,0,True,,,,True,True,M2
2011-07-29,VDE,6,2012-01-31,2012-01-31,0,0.11529533139232195,0.093433600319321575,0.026360364277916319,75.431200633546069,0.05989698229861895,1,0.05989698229861895,0.5,-0.06260854359753168,76,0,True,,,,True,True,M2
2011-07-29,VWO,6,2012-01-31,2012-01-31,0,0.15534467397140495,-0.089031823825594006,0.043061975089706703,4714.8663634573895,-0.022984924367943652,1,-0.022984924367943652,0.5,-0.087571082406287401,71,0,True,,,,True,True,M2
2011-08-31,GLD,6,2012-02-29,2012-02-29,0,0.22737844487220649,-0.10515491527061797,0.059644906205406183,10000,-0.022755004532605896,1,-0.022755004532605896,0.5,-0.091476613022922648,76,0,True,,,,True,True,M2
2011-08-31,VDE,6,2012-02-29,2012-02-29,0,0.024229365829836258,0.091267853939928006,0.04096199161055035,75.431200633546069,0.066114922775239171,1,0.066114922775239171,0.5,-0.061172759211664311,77,0,True,,,,True,True,M2
2011-08-31,VWO,6,2012-02-29,2012-02-29,0,0.10266186127514487,-0.089197871411380858,0.053443422453768673,4714.8663634573895,-0.017877224478806093,1,-0.017877224478806093,0.5,-0.086511726361531122,72,0,True,,,,True,True,M2
2011-09-30,DBC,6,2012-03-30,2012-03-30,1,0.2122481903060931,0.057058853896901518,-0.01044523777632634,109.85411419875572,0.023306808060287589,1,0.023306808060287589,0.5,-0.046954632560350075,62,0,True,,,,True,True,M2
2011-09-30,GLD,6,2012-03-30,2012-03-30,1,0.30500834406360688,-0.054675185719510043,0.0053687844321092309,232.99518105153672,-0.045045606939469934,1,-0.045045606939469934,0.83962454921411589,-0.093977137668287691,77,0,True,,,,True,True,M2
2011-09-30,VDE,6,2012-03-30,2012-03-30,1,0.092356368390046573,0.022847784878124611,-0.18796151833099173,109.85411419875572,-0.068578543328679298,1,-0.068578543328679298,0.56630790569943779,-0.059113936416194314,78,0,True,,,,True,True,M2
2011-09-30,VWO,6,2012-03-30,2012-03-30,1,0.088841029688532913,-0.079574000154745098,-0.21173600631372788,2222.9964825261909,-0.21168320186187936,1,-0.21168320186187936,0.00039954335881540743,-0.083939732408651144,73,0,True,,,,True,True,M2
2011-10-31,DBC,6,2012-04-30,2012-04-30,1,0.12104495917566793,0.054708407444808441,-0.0051706418861520668,109.85411419875572,0.024768882779328188,1,0.024768882779328188,0.5,-0.046130351155516003,63,0,True,,,,True,True,M2
2011-10-31,GLD,6,2012-04-30,2012-04-30,1,0.17495273296235625,-0.05122109864732137,0.035367811237304037,232.99518105153672,-0.037883516118772186,1,-0.037883516118772186,0.84596661920884875,-0.095667059301379309,78,0,True,,,,True,True,M2
2011-10-31,VDE,6,2012-04-30,2012-04-30,1,0.14132043265264094,0.022796369608360914,-0.21860619752463514,109.85411419875572,-0.063775649619273608,1,-0.063775649619273608,0.64137904473924123,-0.058592319612458213,79,0,True,,,,True,True,M2
2011-10-31,VWO,6,2012-04-30,2012-04-30,1,0.11580262722532919,-0.081105252917617332,-0.095506865208233996,2222.9964825261909,-0.094966861198396035,1,-0.094966861198396035,0.037496080226364019,-0.082358487228492733,74,0,True,,,,True,True,M2
2011-11-30,DBC,6,2012-05-31,2012-05-31,1,0.27541495190717158,0.079703592694600797,-0.020897165777623482,109.85411419875572,0.029403213458488658,1,0.029403213458488658,0.5,-0.046518863008323197,64,0,True,,,,True,True,M2
2011-11-30,GLD,6,2012-05-31,2012-05-31,1,0.31887367991302329,-0.048059743589597151,0.046229747719969704,232.99518105153672,-0.031986807230239417,1,-0.031986807230239417,0.82953629151961572,-0.097960807638428946,79,0,True,,,,True,True,M2
2011-11-30,VDE,6,2012-05-31,2012-05-31,1,0.22273860392432687,0.032023521877875605,-0.096643666842977261,109.85411419875572,-0.013640547936554516,1,-0.013640547936554516,0.64509934297624538,-0.058153961336658476,80,0,True,,,,True,True,M2
2011-11-30,VWO,6,2012-05-31,2012-05-31,1,0.21418601098807111,-0.079119205228788306,0.033879006885477153,2222.9964825261909,0.024644858985617,1,0.024644858985617,0.081719415972019538,-0.080615166063506882,75,0,True,,,,True,True,M2
2011-12-30,DBC,6,2012-06-29,2012-06-29,1,0.12913998782389102,0.066064163857802824,0.011320325096252777,109.85411419875572,0.0386922444770278,1,0.0386922444770278,0.5,-0.045815839561753259,65,0,True,,,,True,True,M2
2011-12-30,GLD,6,2012-06-29,2012-06-29,1,0.067474942796318826,-0.054956663811736979,-0.016137079916871445,232.99518105153672,-0.049114535458151677,1,-0.049114535458151677,0.84950564206439094,-0.097864383134621827,80,0,True,-0.34099030290177246,0.24276123198546909,,False,True,M2
2011-12-30,VDE,6,2012-06-29,2012-06-29,1,0.12344613042352826,0.020407738320673843,-0.23607143894603347,109.85411419875572,-0.064931443062266295,1,-0.064931443062266295,0.66726662845538642,-0.057859905932498651,81,0,True,-0.20702427403462537,0.077161387910092791,,False,True,M2
2011-12-30,VWO,6,2012-06-29,2012-06-29,1,0.043514565370284419,-0.079161026546066368,-0.018192389261233073,2222.9964825261909,-0.020809750236973457,1,-0.020809750236973457,0.042929628942050928,-0.078102508207443647,76,0,True,-0.12327486574455712,0.081655365270610208,,False,True,M2
2012-01-31,DBC,6,2012-07-31,2012-07-31,1,-0.0045013063407751686,0.072943060869895895,-0.0057126324488092715,109.85411419875572,0.033615214210543309,1,0.033615214210543309,0.5,-0.043190964140973363,66,0,True,,,,True,True,M2
2012-01-31,GLD,6,2012-07-31,2012-07-31,1,0.035829187182332634,-0.063427251120068029,-0.0066836708542529861,232.99518105153672,-0.05216403163465827,1,-0.05216403163465827,0.80150671789394923,-0.096768126752843922,81,0,True,-0.34403979907827903,0.23971173580896249,,False,True,M2
2012-01-31,VDE,6,2012-07-31,2012-07-31,1,-0.010698659940103217,0.022247416890280564,-0.22274886793450274,109.85411419875572,-0.048392581024590479,1,-0.048392581024590479,0.71166910565443298,-0.05574825669683011,82,0,True,-0.19048541199694957,0.093700249947768599,,False,True,M2
2012-01-31,VWO,6,2012-07-31,2012-07-31,1,0.020729199067342829,-0.080690390995145772,0.0023492316552495111,2222.9964825261909,-0.0036416822286549555,1,-0.0036416822286549555,0.072145244555442939,-0.075070726620705353,77,0,True,-0.18197128056800355,0.17468791611069362,,False,True,M2
2012-02-29,DBC,6,2012-08-31,2012-08-31,1,-0.058674233038552015,0.067988112231994996,0.010676889432466682,109.85411419875572,0.039332500832230839,1,0.039332500832230839,0.5,-0.03963103024804672,67,0,True,,,,True,True,M2
2012-02-29,GLD,6,2012-08-31,2012-08-31,1,-0.042147642746985903,-0.066861208891893287,-0.090058175794649628,232.99518105153672,-0.074261542039957523,1,-0.074261542039957523,0.68097841501921119,-0.092815119781806718,82,0,True,-0.36613730948357825,0.21761422540366324,,False,True,M2
2012-02-29,VDE,6,2012-08-31,2012-08-31,1,-0.018401669947444299,0.020004410986167051,-0.20430236729099796,109.85411419875572,-0.057942723533802198,1,-0.057942723533802198,0.6524976413166893,-0.054784670883255816,83,0,True,-0.20003555450616128,0.084150107438556887,,False,True,M2
2012-02-29,VWO,6,2012-08-31,2012-08-31,1,0.010238367842802854,-0.078527758104622036,-0.0073475177676114887,2222.9964825261909,-0.012349835986415644,1,-0.012349835986415644,0.070276781802367336,-0.072792103698963675,78,0,True,-0.19067943432576423,0.16597976235293294,,False,True,M2
2012-03-30,DBC,6,2012-09-28,2012-09-28,2,-0.10109649122807041,0.015126004066765411,-0.03830900913430945,159.98587196060572,-0.0023411875892052889,1,-0.0023411875892052889,0.67311336500953012,-0.035926924063427013,68,0,True,,,,True,True,M2
2012-03-30,GLD,6,2012-09-28,2012-09-28,2,-0.16552715986858357,-0.05770154572032378,-0.13858231914539212,109.85411419875572,-0.088253296097704423,1,-0.088253296097704423,0.62226189137910293,-0.088022066000536678,83,0,True,-0.43830724710078123,0.26180065490537235,,False,True,M2
2012-03-30,VDE,6,2012-09-28,2012-09-28,2,-0.1223766775752847,-0.0013608771531640335,-0.12669397524247072,75.431200633546069,-0.032678007488457846,1,-0.032678007488457846,0.7501288102446918,-0.05303299184428794,84,0,True,-0.19361291920718371,0.12825690423026803,,False,True,M2
2012-03-30,VWO,6,2012-09-28,2012-09-28,2,-0.076818068648375593,0.11107630121851768,0.015614090947168457,75.431200633546069,0.033264684122975154,1,0.033264684122975154,0.18489612932316646,-0.070746114668742199,79,0,True,-0.26725954742743713,0.33378891567338748,,False,True,M2
2012-04-30,DBC,6,2012-10-31,2012-10-31,2,0.075186001087504839,0.020253110468423811,-0.065001139940581529,159.98587196060572,-0.0042402623884848214,1,-0.0042402623884848214,0.71270203257430298,-0.033651969233874909,69,0,True,,,,True,True,M2
2012-04-30,GLD,6,2012-10-31,2012-10-31,2,0.021549981018549769,-0.061058455166599954,-0.14462648508460044,109.85411419875572,-0.095889027262255747,1,-0.095889027262255747,0.58320697364970076,-0.084891413631930812,84,0,True,-0.44594297826533252,0.25416492374082106,,False,True,M2
2012-04-30,VDE,6,2012-10-31,2012-10-31,2,0.040863996094121502,0.012776115433088903,-0.13154601134015484,75.431200633546069,-0.016595958266631024,1,-0.016595958266631024,0.79648253281446724,-0.050746480967853481,85,0,True,-0.22169204053854558,0.18850012400528354,,False,True,M2
2012-04-30,VWO,6,2012-10-31,2012-10-31,2,0.06423822246614741,0.11192554424777303,-0.044947256449290172,75.431200633546069,-0.007824022217783411,1,-0.007824022217783411,0.23664544820102612,-0.06841425539506632,80,0,True,-0.30834825376819569,0.29270020933262891,,False,True,M2
2012-05-31,DBC,6,2012-11-30,2012-11-30,2,-0.051746630125066639,0.02364075418193471,-0.065001139940581529,159.98587196060572,-0.002496553217343891,1,-0.002496553217343891,0.70513595565599074,-0.029236727503288533,70,0,True,,,,True,True,M2
2012-05-31,GLD,6,2012-11-30,2012-11-30,2,-0.060620583753068003,-0.062649550124588893,-0.15605451417566829,109.85411419875572,-0.10506684393141355,1,-0.10506684393141355,0.54587752120295907,-0.080141236060813692,85,0,True,-0.4559273310746762,0.24579364321184913,,False,True,M2
2012-05-31,VDE,6,2012-11-30,2012-11-30,2,-0.057956479063156818,0.018101395302984102,-0.12669397524247072,75.431200633546069,-0.013110117264299819,1,-0.013110117264299819,0.78444398843894081,-0.047566421841200218,86,0,True,-0.24948926912518118,0.22326903459658157,,False,True,M2
2012-05-31,VWO,6,2012-11-30,2012-11-30,2,-0.10512854512816872,0.11430280251776821,0.0067979160057971173,75.431200633546069,0.032915155781100928,1,0.032915155781100928,0.24294002461363051,-0.064925363217496729,81,0,True,-0.26760907576931137,0.33343938733151324,,False,True,M2
2012-06-29,DBC,6,2012-12-31,2012-12-31,2,-0.027661078234145098,0.019084959311670445,-0.019381348354748765,159.98587196060572,0.0081686675663441219,1,0.0081686675663441219,0.7162116041915777,-0.027006069540933892,71,0,True,-0.2378430708823388,0.25418040601502706,,False,True,M2
2012-06-29,GLD,6,2012-12-31,2012-12-31,2,0.010874759764625042,-0.056008721100406958,-0.27872522558644203,109.85411419875572,-0.15974940629577769,1,-0.15974940629577769,0.53420297505667991,-0.078424768864800529,86,0,True,-0.50988401091287305,0.1903851983213177,,False,True,M2
2012-06-29,VDE,6,2012-12-31,2012-12-31,2,-0.0042991290954275119,0.0050011600233611578,-0.11076916239674284,75.431200633546069,-0.016662781593923853,1,-0.016662781593923853,0.81287137182989333,-0.045600760320915978,87,0,True,-0.25304193345480525,0.21971637026695753,,False,True,M2
2012-06-29,VWO,6,2012-12-31,2012-12-31,2,-0.078547651734469426,0.098564860310455596,0.024972430953147644,75.431200633546069,0.042652641322265976,1,0.042652641322265976,0.2402449616559999,-0.063602925063987195,82,0,True,-0.25787159022814632,0.34317687287267828,,False,True,M2
2012-07-31,DBC,6,2013-01-31,2013-01-31,2,0.18826481687196672,0.024080061091357234,0.026011392338429563,159.98587196060572,0.024751242187108245,0.050000000000000003,0.0012375621093554123,0.65247748320313181,-0.026693503385376127,72,0,False,-0.24477417633932752,0.24724930055803834,,False,True,M2
2012-07-31,GLD,6,2013-01-31,2013-01-31,2,0.1900409394910052,-0.054259915483553314,-0.216897679139407,109.85411419875572,-0.13236348174349302,0.050000000000000003,-0.0066181740871746513,0.5197697969752636,-0.077111505002189801,87,0,False,-0.35674544655754103,0.34350909838319177,,False,True,M2
2012-07-31,VDE,6,2013-01-31,2013-01-31,2,0.10885906189877703,0.013308163296556055,-0.09799453026525512,75.431200633546069,-0.0052681932742585733,0.050000000000000003,-0.00026340966371292868,0.83310056588614023,-0.045204145543861284,88,0,False,-0.23664256152459431,0.23611574219716844,,False,True,M2
2012-07-31,VWO,6,2013-01-31,2013-01-31,2,0.081467235293686491,0.13505429725845691,-0.02720928524565645,75.431200633546069,0.0097165554227610588,0.050000000000000003,0.00048582777113805297,0.22756702458163369,-0.062586875375657922,83,0,False,-0.30003840377927427,0.30101005932155034,,False,True,M2
2012-08-31,DBC,6,2013-02-28,2013-02-28,2,0.37976193880378017,0.038068037918546301,0.062193501812890531,159.98587196060572,0.047782522955913405,0.050000000000000003,0.0023891261477956703,0.59733478784445304,-0.027131595572405933,73,0,False,-0.24362261230088725,0.24840086459647862,,False,True,M2
2012-08-31,GLD,6,2013-02-28,2013-02-28,2,0.40693380548149616,-0.044117861902415206,-0.20844230059523236,109.85411419875572,-0.12220700435760513,0.050000000000000003,-0.0061103502178802569,0.52478679935631944,-0.076714188385653401,88,0,False,-0.35623151256597252,0.34401081213021201,,False,True,M2
2012-08-31,VDE,6,2013-02-28,2013-02-28,2,0.24332157842173729,0.025231425771049934,-0.08277469835266088,75.431200633546069,0.0084903341444461169,0.050000000000000003,0.00042451670722230589,0.84499868167263847,-0.044902994132665588,89,0,False,-0.23595463515365908,0.23680366856810367,,False,True,M2
2012-08-31,VWO,6,2013-02-28,2013-02-28,2,0.22436459453226609,0.14949791428798731,-0.024616070140638071,75.431200633546069,0.013338841162267018,0.050000000000000003,0.00066694205811335095,0.21798887336625142,-0.061719908194485772,84,0,False,-0.2175821082928357,0.2189159924090624,,False,True,M2
2012-09-28,DBC,6,2013-03-29,2013-03-29,3,0.33615249051031937,0.010541818433695782,0.027467530900804695,339.32217718953228,0.018052737775609413,0.050000000000000003,0.00090263688878047072,0.55624205737221921,-0.028131121189374369,74,0,False,-0.24510910155990245,0.24691437533746341,,False,True,M2
2012-09-28,GLD,6,2013-03-29,2013-03-29,3,0.38972789344916159,-0.095664775324970586,-0.0033304350453313707,10000,-0.050046221032471035,0.050000000000000003,-0.0025023110516235519,0.50594162308041135,-0.077712086941641376,89,0,False,-0.30332856827362215,0.298323946170375,,False,True,M2
2012-09-28,VDE,6,2013-03-29,2013-03-29,3,0.20880842163514335,0.0066952413367939445,-0.035719099488930581,159.98587196060572,-0.0012342985285438211,0.050000000000000003,-6.1714926427191064e-05,0.81304578331373112,-0.04576381283758358,90,0,False,-0.23644086678730858,0.23631743693445417,,False,True,M2
2012-09-28,VWO,6,2013-03-29,2013-03-29,3,0.24821654988322761,0.11264295642345859,0.079884073189217059,109.85411419875572,0.086961620695354028,0.050000000000000003,0.0043480810347677019,0.2160497186527742,-0.061897533611590352,85,0,False,-0.21332561839870268,0.22202178046823806,,False,True,M2
2012-10-31,DBC,6,2013-04-30,2013-04-30,3,0.2325866241015071,0.018100572243804521,0.056203865096676346,339.32217718953228,0.033540322383471342,0.050000000000000003,0.0016770161191735672,0.59479223490514854,-0.026753559559015982,75,0,False,-0.24433472232950937,0.2476887545678565,,False,True,M2
2012-10-31,GLD,6,2013-04-30,2013-04-30,3,0.33043618952149034,-0.095346381406610725,-0.05581115646119876,10000,-0.076501579973767372,0.050000000000000003,-0.003825078998688369,0.52334148954854298,-0.076609175075417035,90,0,False,-0.30401201552223139,0.29636185752485461,,False,True,M2
2012-10-31,VDE,6,2013-04-30,2013-04-30,3,0.10411570921812041,0.012366632434525092,-0.023038556124000721,159.98587196060572,0.0062348325535463121,0.050000000000000003,0.00031174162767731565,0.8268106983573118,-0.044811858893279127,91,0,False,-0.23606741023320407,0.23669089348855868,,False,True,M2
2012-10-31,VWO,6,2013-04-30,2013-04-30,3,0.13826999901114378,0.127957636677488,0.070922841126841357,109.85411419875572,0.084595598951540729,0.050000000000000003,0.0042297799475770363,0.23972660360565387,-0.060430838773477123,86,0,False,-0.21295076155662582,0.22141032145177988,,False,True,M2
2012-11-30,DBC,6,2013-05-31,2013-05-31,3,0.29426522999731686,0.020728780379138688,0.082726492690988807,339.32217718953228,0.048020431726824866,0.050000000000000003,0.0024010215863412435,0.55979583229767482,-0.027082415750674545,76,0,False,-0.19288151134867282,0.19768355452135533,,False,True,M2
2012-11-30,GLD,6,2013-05-31,2013-05-31,3,0.4080458624655634,-0.095276469429044747,-0.063460749571276356,10000,-0.080711769988069518,0.050000000000000003,-0.0040355884994034757,0.5422168819034594,-0.076433476269676934,91,0,False,-0.30366844708428503,0.29559727008547804,,False,True,M2
2012-11-30,VDE,6,2013-05-31,2013-05-31,3,0.077908839046333389,0.020166716258272419,0.0020331494447527274,159.98587196060572,0.016827962785570676,0.050000000000000003,0.00084139813927853384,0.81587993652674573,-0.044954735199473454,92,0,False,-0.23553775372160285,0.2372205500001599,,False,True,M2
2012-11-30,VWO,6,2013-05-31,2013-05-31,3,0.21433677585018152,0.1378867715585631,0.070922841126841357,109.85411419875572,0.086781223257269349,0.050000000000000003,0.0043390611628634675,0.23681976294085094,-0.060944605513186222,87,0,False,-0.18803253569576012,0.19671065802148707,,False,True,M2
2012-12-31,DBC,6,2013-06-28,2013-06-28,3,0.32493265191947918,0.020790466054327321,0.095435725522482889,339.32217718953228,0.055169616881054456,0.050000000000000003,0.0027584808440527229,0.53943289806107997,-0.027089930847862476,77,0,False,-0.19188993702204049,0.19740689871014594,,False,True,M2
2012-12-31,GLD,6,2013-06-28,2013-06-28,3,0.49251781655632898,-0.09544083893039905,-0.080773989875589536,10000,-0.089308780124431483,0.050000000000000003,-0.0044654390062215743,0.58191028058908389,-0.075484473704086702,92,0,False,-0.26452515781872854,0.25559427980628535,,False,True,M2
2012-12-31,VDE,6,2013-06-28,2013-06-28,3,0.11218359969344638,0.02532806547780788,-0.044392532117365144,159.98587196060572,0.013168787035500659,0.050000000000000003,0.00065843935177503296,0.82559991076225303,-0.044517578144591237,93,0,False,-0.23572071250910634,0.23703759121265641,,False,True,M2
2012-12-31,VWO,6,2013-06-28,2013-06-28,3,0.3372885676530778,0.14369753718139402,0.098585233510982306,109.85411419875572,0.10932144435731257,0.050000000000000003,0.005466072217865629,0.23798853024151698,-0.061144640129337173,88,0,False,-0.18672862183724737,0.19766076627297863,,False,True,M2
2013-01-31,DBC,6,2013-07-31,2013-07-31,3,0.22603268228646956,0.01702151501236987,0.069949581039225051,339.32217718953228,0.041729261512543102,0.050000000000000003,0.0020864630756271554,0.53318251818162465,-0.024328972543762102,78,0,False,-0.18528881486574675,0.18946174101700106,,False,True,M2
2013-01-31,GLD,6,2013-07-31,2013-07-31,3,0.34729894118004645,-0.095494352074409872,-0.12579796072954449,10000,-0.10761095192384658,0.050000000000000003,-0.0053805475961923293,0.60015983616579349,-0.072629361734247,93,0,False,-0.26500837434583341,0.25424727915344875,,False,True,M2
2013-01-31,VDE,6,2013-07-31,2013-07-31,3,0.067482958701918783,0.015858858542477608,-0.031077177903319042,159.98587196060572,0.0076683177887721179,0.050000000000000003,0.0003834158894386059,0.82549568787802929,-0.042885911761151141,94,0,False,-0.23599573597144277,0.23676256775031998,,False,True,M2
2013-01-31,VWO,6,2013-07-31,2013-07-31,3,0.23663801286909691,0.1321866736724282,0.066880485425628008,109.85411419875572,0.083635990583863035,0.050000000000000003,0.0041817995291931519,0.25656841423532334,-0.059542259506606562,89,0,False,-0.18785680381693992,0.19622040287532622,,False,True,M2
2013-02-28,DBC,6,2013-08-30,2013-08-30,3,0.048216547066272764,0.020893744855943586,0.063049700514378387,339.32217718953228,0.041213727822151144,0.050000000000000003,0.0020606863911075573,0.517980730152376,-0.01921389771657802,79,0,False,-0.25489780824151698,0.25901918102373211,,False,True,M2
2013-02-28,GLD,6,2013-08-30,2013-08-30,3,0.13411673778283828,-0.095706334866023132,-0.17354693315821129,10000,-0.12621321397667723,0.050000000000000003,-0.0063106606988338615,0.60808524369068639,-0.067527625912802924,94,0,False,-0.30788279206903069,0.29526147067136299,,False,True,M2
2013-02-28,VDE,6,2013-08-30,2013-08-30,3,-0.035373124236404374,0.027756256338432546,-0.050641349728954586,159.98587196060572,0.013024535519486884,0.050000000000000003,0.00065122677597434422,0.81208965990258775,-0.039873201338173368,95,0,False,-0.24224583493854066,0.24354828849048935,,False,True,M2
2013-02-28,VWO,6,2013-08-30,2013-08-30,3,0.13806252523931739,0.14098819082119129,0.039736592779136604,109.85411419875572,0.070458413686639548,0.050000000000000003,0.0035229206843319775,0.30342060275179744,-0.056387738906174649,90,0,False,-0.20868303041166297,0.2157288717803269,,False,True,M2
2013-03-29,BND,6,2013-09-30,2013-09-30,4,0.10127215270764489,-0.005567563758300525,-0.13628103549627954,10000,-0.070924299627290036,0.050000000000000003,-0.003546214981364502,0.5,0.0066418126404495081,66,1,False,,,,True,True,M2
2013-03-29,DBC,6,2013-09-30,2013-09-30,4,0.13385180077136882,0.092814065389561357,0.1154470673118785,109.85411419875572,0.10389891871659866,0.050000000000000003,0.0051949459358299338,0.51023494960661153,-0.014771817863741802,80,0,False,-0.33329513530374327,0.34368502717540311,,False,True,M2
2013-03-29,GLD,6,2013-09-30,2013-09-30,4,0.24620446046169997,-0.054833932114446149,-0.23774397046921214,494.17133613238281,-0.13083311201235545,0.050000000000000003,-0.0065416556006177729,0.58449967764752242,-0.062714409919519085,95,0,False,-0.36175684983414591,0.3486735386329104,,False,True,M2
2013-03-29,VDE,6,2013-09-30,2013-09-30,4,0.019964211771014373,0.084286976844049732,0.0050049227963072018,75.431200633546069,0.068150552752563834,0.050000000000000003,0.003407527637628192,0.79646813789954574,-0.037282767765534658,96,0,False,-0.23948953407688681,0.24630458935214319,,False,True,M2
2013-03-29,VWO,6,2013-09-30,2013-09-30,4,0.11607772792845594,0.13761396670912784,-0.031817337379209144,109.85411419875572,0.022466944731875327,0.050000000000000003,0.0011233472365937663,0.32039110129720827,-0.053040439029368031,91,0,False,-0.24572700385933721,0.24797369833252475,,False,True,M2
2013-04-30,BND,6,2013-10-31,2013-10-31,4,0.069064409114923064,-0.0058103265682412173,-0.14277168718461852,10000,-0.074291006876429866,0.050000000000000003,-0.0037145503438214935,0.5,0.0090580605694564748,67,1,False,,,,True,True,M2
2013-04-30,DBC,6,2013-10-31,2013-10-31,4,0.05997390733944219,0.083274574721856176,0.1154470673118785,109.85411419875572,0.099366245297938735,0.050000000000000003,0.0049683122648969368,0.49983140003665466,-0.011718009938244902,81,0,False,-0.33329032414481669,0.34322694867461051,,False,True,M2
2013-04-30,GLD,6,2013-10-31,2013-10-31,4,0.12418066101221636,-0.061180910283020674,-0.21620840124653867,494.17133613238281,-0.12752252481512261,0.050000000000000003,-0.0063761262407561305,0.57206548258131951,-0.058619091175341899,96,0,False,-0.36137358511977108,0.34862133263825884,0.8103360548867159,False,False,M2
2013-04-30,VDE,6,2013-10-31,2013-10-31,4,-0.080635695327173851,0.077389196497753124,-0.04673756895297522,75.431200633546069,0.051513441004513015,0.050000000000000003,0.0025756720502256511,0.79153766394153413,-0.035825051507971203,97,0,False,-0.24032138966428934,0.24547273376474066,0.54873533576305733,False,False,M2
2013-04-30,VWO,6,2013-10-31,2013-10-31,4,0.043811268332934583,0.13954087459686554,-0.10627966517277725,109.85411419875572,-0.024373603217402381,0.050000000000000003,-0.0012186801608701191,0.33319454115644126,-0.05096097774631899,92,0,False,-0.2479199371444277,0.24548257682268745,0.93894199464614103,False,False,M2
2013-05-31,BND,6,2013-11-29,2013-11-29,4,0.1004965959212375,-0.00588081993048843,-0.15534129040440758,10000,-0.080611055167448001,0.050000000000000003,-0.0040305527583724002,0.5,0.012254851549905056,68,1,False,,,,True,True,M2
2013-05-31,DBC,6,2013-11-29,2013-11-29,4,0.10925822934672236,0.074147446923671895,0.083655890638906258,109.85411419875572,0.079033157427596146,0.050000000000000003,0.0039516578713798076,0.48617138090680478,-0.0079865070122014659,82,0,False,-0.29369730323433757,0.30160061897709717,,False,True,M2
2013-05-31,GLD,6,2013-11-29,2013-11-29,4,0.19443946439510806,-0.063400201558474589,-0.25116828811590786,494.17133613238281,-0.1457393720680818,0.050000000000000003,-0.0072869686034040902,0.56148474419042538,-0.053808112271827413,97,0,False,-0.4014077680055399,0.38683383079873168,0.87220708573368821,False,False,M2
2013-05-31,VDE,6,2013-11-29,2013-11-29,4,0.0079571611051172386,0.069546141495578834,-0.04673756895297522,75.431200633546069,0.044920267224864169,0.050000000000000003,0.0022460133612432084,0.78822593314469802,-0.03466450160435585,98,0,False,-0.24065104835327178,0.24514307507575822,0.57840073234174427,False,False,M2
2013-05-31,VWO,6,2013-11-29,2013-11-29,4,0.075438547674787415,0.13281340871455749,-0.094832470555893333,109.85411419875572,-0.014817913993598221,0.050000000000000003,-0.00074089569967991111,0.35148695341519964,-0.048108313729152315,93,0,False,-0.22635957830471906,0.22487778690535923,0.9150980910119132,False,False,M2
2013-06-28,BND,6,2013-12-31,2013-12-31,4,0.060708907927270905,-0.0057743123376985481,-0.14137835256891418,10000,-0.073576332453306359,0.050000000000000003,-0.0036788166226653183,0.5,0.01587129979897179,69,1,False,,,,True,True,M2
2013-06-28,DBC,6,2013-12-31,2013-12-31,4,0.036258505339504365,0.064362855978598116,0.10438190564281782,109.85411419875572,0.085456518204866452,0.050000000000000003,0.0042728259102433226,0.47290946678507029,-0.0039754328082053127,83,0,False,-0.33360971265094846,0.34215536447143508,,False,True,M2
2013-06-28,GLD,6,2013-12-31,2013-12-31,4,0.081616765466351215,-0.067658185169211807,-0.22333895487605801,494.17133613238281,-0.13716880394609385,0.050000000000000003,-0.0068584401973046929,0.55350542711361461,-0.048233357896029901,98,0,False,-0.42371800952682548,0.41000112913221609,0.87613511169996594,False,False,M2
2013-06-28,VDE,6,2013-12-31,2013-12-31,4,-0.078978943951848901,0.057903033612736035,0.026620534126706279,75.431200633546069,0.051248085316566244,0.050000000000000003,0.0025624042658283124,0.787262897610155,-0.033181187449832596,99,0,False,-0.23411301622476369,0.23923782475642033,0.58971161266784544,False,False,M2
2013-06-28,VWO,6,2013-12-31,2013-12-31,4,0.0022070385248151858,0.10837081058961583,-0.018715556717903654,109.85411419875572,0.028268198648966635,0.050000000000000003,0.0014134099324483319,0.36969941278737251,-0.044008346905937107,94,0,False,-0.30053346997636404,0.30336028984126068,0.85415895640167672,False,False,M2
2013-07-31,BND,6,2014-01-31,2014-01-31,4,-0.08765649048181412,-0.00592580177302208,-0.12117354699227831,10000,-0.06354967438265019,0.050000000000000003,-0.0031774837191325097,0.5,0.018026480975858624,70,1,False,,,,True,True,M2
2013-07-31,DBC,6,2014-01-31,2014-01-31,4,-0.032587484581307335,0.0404292457962779,0.10550076195604541,109.85411419875572,0.075241941122927883,0.050000000000000003,0.0037620970561463942,0.46500869533797612,-0.0012372409618401359,84,0,False,-0.3339655776850658,0.34148977179735857,,False,True,M2
2013-07-31,GLD,6,2014-01-31,2014-01-31,4,-0.002632240260478369,-0.079572535800167321,-0.18553318388947873,494.17133613238281,-0.12705365435271473,0.050000000000000003,-0.0063526827176357374,0.55189856414876926,-0.044238082147786711,99,0,False,-0.4230463644980198,0.41034099906274835,0.87308442782939122,False,False,M2
2013-07-31,VDE,6,2014-01-31,2014-01-31,4,-0.084067451355699485,0.039224332735952848,0.030458444570764302,75.431200633546069,0.037358940245175845,0.050000000000000003,0.0018679470122587923,0.78719868932563752,-0.032174545988315081,100,0,False,-0.23479459223356319,0.23853048625808076,0.62170018671190208,False,False,M2
2013-07-31,VWO,6,2014-01-31,2014-01-31,4,-0.023342215149227408,0.074923147740176221,-0.018715556717903654,109.85411419875572,0.017417648956681006,0.050000000000000003,0.00087088244783405035,0.38587895767781316,-0.041054174697778854,95,0,False,-0.30101414318452607,0.3027559080801942,0.87533539691664719,False,False,M2
2013-08-30,BND,6,2014-02-28,2014-02-28,4,-0.014542823539740901,-0.0062368171572110111,-0.14548842909804816,10000,-0.075862623127629578,0.050000000000000003,-0.0037931311563814789,0.5,0.018334550071582276,71,1,False,,,,True,True,M2
2013-08-30,DBC,6,2014-02-28,2014-02-28,4,0.036134457427679401,0.022027162959878298,0.14826864714181465,109.85411419875572,0.089818310040203075,0.050000000000000003,0.0044909155020101538,0.46300419771185741,-0.00065543169092116061,85,0,False,-0.31913610918965102,0.3281179401936713,,False,True,M2
2013-08-30,GLD,6,2014-02-28,2014-02-28,4,0.068252704639162887,-0.086470938655333285,-0.24223105107692974,494.17133613238281,-0.15563436365158895,0.050000000000000003,-0.0077817181825794481,0.55596189601448942,-0.042454533948480463,100,0,False,-0.41994339454208046,0.40437995817692157,0.9353257935284055,False,False,M2
2013-08-30,VDE,6,2014-02-28,2014-02-28,4,-0.077872074844086203,0.026232037043888053,0.037177060638222278,75.431200633546069,0.028660517751579944,0.050000000000000003,0.0014330258875789974,0.77812010300745194,-0.032206215079880328,101,0,False,-0.23521770555053714,0.23808375732569512,0.60342661260698494,False,False,M2
2013-08-30,VWO,6,2014-02-28,2014-02-28,4,-0.02889770901575206,0.072312406083404418,-0.014811556311147733,109.85411419875572,0.020285713733320183,0.050000000000000003,0.0010142856866660092,0.40284290429222425,-0.039188375740100763,96,0,False,-0.24757549672028989,0.2496040680936219,0.878597092163106,False,False,M2
2013-09-30,BND,6,2014-03-31,2014-03-31,5,-0.10519925241864547,0.015128722728956731,-0.044361273993294488,10000,0.005119886111394965,0.050000000000000003,0.00025599430556974827,0.83175597295304382,0.019486461219305366,72,1,False,,,,True,True,M2
2013-09-30,DBC,6,2014-03-31,2014-03-31,5,-0.097298604510697051,0.047035807473762611,0.17901658230955816,75.431200633546069,0.11839414665012235,0.050000000000000003,0.0059197073325061179,0.45932777508587486,0.00090860589584965319,86,1,False,-0.31763085137935321,0.32947026604436547,,False,True,M2
2013-09-30,GLD,6,2014-03-31,2014-03-31,5,-0.052667806524847371,-0.18776770343888113,-0.079117655710704268,24.420530945486497,-0.14067456984398197,0.050000000000000003,-0.0070337284921990987,0.56656131700265944,-0.039596524102835109,101,0,False,-0.41919219583591871,0.40512473885152056,0.92225052272577579,False,False,M2
2013-09-30,VDE,6,2014-03-31,2014-03-31,5,-0.17338934754132185,0.015763965589212604,0.084869118654386427,10000,0.031736862852060232,0.050000000000000003,0.0015868431426030118,0.76886098135426428,-0.031694740306832336,102,0,False,-0.20948401464291244,0.21265770092811848,0.62397253055400603,False,False,M2
2013-09-30,VWO,6,2014-03-31,2014-03-31,5,-0.089152415617970493,0.036469964851892883,0.10138415965418894,339.32217718953228,0.073786954108309669,0.050000000000000003,0.0036893477054154838,0.42513360336564093,-0.037587694258981626,97,0,False,-0.24471158215920072,0.25209027757003166,0.82861077957031415,False,False,M2
2013-10-31,BND,6,2014-04-30,2014-04-30,5,-0.078578135240947811,0.014891764335977699,-0.039194960482588657,10000,0.0072910292678692807,0.050000000000000003,0.00036455146339346408,0.85947133804819853,0.02016561119047821,73,1,False,,,,True,True,M2
2013-10-31,DBC,6,2014-04-30,2014-04-30,5,-0.091755182193545837,0.026635844027162042,0.1793902279903466,75.431200633546069,0.10826672102649354,0.050000000000000003,0.0054133360513246775,0.46560697715225385,0.0015875174066955443,87,1,False,-0.31806840327871305,0.32889507538136237,0.99737703229029084,False,False,M2
2013-10-31,GLD,6,2014-04-30,2014-04-30,5,-0.02574377322114163,-0.18250709343368399,-0.090661238743595093,24.420530945486497,-0.14350214927347596,0.050000000000000003,-0.0071751074636737982,0.57532167029398817,-0.037990865425236567,102,0,False,-0.40169584040263373,0.38734562547528617,0.93411766588122591,False,False,M2
2013-10-31,VDE,6,2014-04-30,2014-04-30,5,-0.15766994572410709,0.015662658837757748,0.07025127986275731,10000,0.029523814415992573,0.050000000000000003,0.0014761907207996288,0.74607976318202041,-0.032169895209942456,103,0,False,-0.20951002394071791,0.21246240538231717,0.59765865622859116,False,False,M2
2013-10-31,VWO,6,2014-04-30,2014-04-30,5,-0.032705847771132501,0.036960243024473226,0.12034988465345169,339.32217718953228,0.083979167580423356,0.050000000000000003,0.0041989583790211678,0.43615389588614389,-0.036757092599880442,98,0,False,-0.22957405367340827,0.23797197043145063,0.81487880849014027,False,False,M2
2013-11-29,BND,6,2014-05-30,2014-05-30,5,-0.098584988173251342,0.014980517167866478,-0.045474482274312805,10000,0.0063346212333431576,0.050000000000000003,0.00031673106166715793,0.85698625400216111,0.021251165038191171,74,1,False,,,,True,True,M2
2013-11-29,DBC,6,2014-05-30,2014-05-30,5,-0.088079322631185453,0.0099167839672298294,0.14570115434887521,75.431200633546069,0.082655941855850693,0.050000000000000003,0.0041327970927925346,0.46430389827507446,0.002811048224195849,88,1,False,-0.29206140598453317,0.30032700017011821,0.9887792554331083,False,False,M2
2013-11-29,GLD,6,2014-05-30,2014-05-30,5,-0.065458208439405308,-0.17350495555742609,0.0037428703017272219,24.420530945486497,-0.099880231328578262,0.050000000000000003,-0.0049940115664289138,0.5846226949640988,-0.035734260281349725,103,0,False,-0.39942991011878981,0.38944188698593196,0.83995143539734229,False,False,M2
2013-11-29,VDE,6,2014-05-30,2014-05-30,5,-0.18088455934804515,0.015293258875371241,0.042805627226641697,10000,0.022410849664885688,0.050000000000000003,0.0011205424832442844,0.74129487150509976,-0.031784058129989953,104,0,False,-0.20978729891531223,0.21202838388180079,0.62265872145337375,False,False,M2
2013-11-29,VWO,6,2014-05-30,2014-05-30,5,-0.093575359287833559,0.044454613538369991,0.10138415965418894,339.32217718953228,0.075487619787723614,0.050000000000000003,0.003774380989386181,0.45488751682264833,-0.035623803304176728,99,0,False,-0.22994986074035717,0.23749862271912953,0.82694419088063642,False,False,M2
2013-12-31,BND,6,2014-06-30,2014-06-30,5,-0.068016739484255573,0.015006610739256444,0.0065409163709249825,10000,0.013885008386338766,0.050000000000000003,0.00069425041931693836,0.86751206645099577,0.021777268276712235,75,1,False,-0.10412411726969245,0.10551261810832632,,False,True,M2
2013-12-31,DBC,6,2014-06-30,2014-06-30,5,-0.063666622880501511,0.015064959411981303,0.13415192205724555,75.431200633546069,0.077964862773010027,0.050000000000000003,0.0038982431386505017,0.47181536950946767,0.0031868623490869559,89,1,False,-0.29209914199929565,0.29989562827659666,0.98576861514920044,False,False,M2
2013-12-31,GLD,6,2014-06-30,2014-06-30,5,-0.11069214052644127,-0.17331625699009592,0.021655385763622612,24.420530945486497,-0.093850983416113004,0.050000000000000003,-0.0046925491708056507,0.59242650648248008,-0.03460588503377568,104,0,False,-0.39904967293561028,0.389664574593999,0.82511148337120754,False,False,M2
2013-12-31,VDE,6,2014-06-30,2014-06-30,5,-0.16699636159794318,0.015282816431437599,0.042805627226641697,10000,0.022724912310510471,0.050000000000000003,0.0011362456155255237,0.72960262182343405,-0.032233533233055271,105,0,False,-0.20436419961599503,0.20663669084704608,0.59943977616766897,False,False,M2
2013-12-31,VWO,6,2014-06-30,2014-06-30,5,-0.10453980420936515,0.044631708030823683,0.11062697788363544,339.32217718953228,0.081364127191923388,0.050000000000000003,0.0040682063595961692,0.44340830421599209,-0.035245494885886804,100,0,False,-0.22961074864193862,0.23774716136113097,0.82413073995545738,False,False,M2
2014-01-31,BND,6,2014-07-31,2014-07-31,5,0.016830375365321393,0.015036711308257532,0.062444489472636956,10000,0.023427646464299377,0.050000000000000003,0.0011713823232149688,0.82300509576830372,0.020337350398310573,76,1,False,-0.10364698536579442,0.10598975001222435,,False,True,M2
2014-01-31,DBC,6,2014-07-31,2014-07-31,5,0.0083215268054304126,0.041718882471039234,0.20221656807509653,75.431200633546069,0.12458757035351284,0.050000000000000003,0.0062293785176756426,0.4836767423119856,0.0027893696054159083,90,1,False,-0.24775670253314519,0.26021545956849645,0.9747768542037033,False,False,M2
2014-01-31,GLD,6,2014-07-31,2014-07-31,5,-0.0065949318848497196,-0.13714275838644116,0.04419447093421032,24.420530945486497,-0.064202552127896911,0.050000000000000003,-0.0032101276063948459,0.5977648575981771,-0.034301374131172846,105,0,False,-0.36134488751705379,0.35492463230426413,0.64944685891136722,False,False,M2
2014-01-31,VDE,6,2014-07-31,2014-07-31,5,-0.16901435004788756,0.015800116799642432,0.11576177098542863,10000,0.043645700104381312,0.050000000000000003,0.0021822850052190656,0.72143734983631047,-0.032722532460627389,106,0,False,-0.20330421667597026,0.20766878668640837,0.54839575897247983,False,False,M2
2014-01-31,VWO,6,2014-07-31,2014-07-31,5,-0.16574585754803861,0.049066396940578932,0.1429268028564542,339.32217718953228,0.10247587433956258,0.050000000000000003,0.0051237937169781294,0.43096903451650087,-0.035127640631068394,101,0,False,-0.21978193611796784,0.2300295235519241,0.76312710748017809,False,False,M2
2014-02-28,BND,6,2014-08-29,2014-08-29,5,-0.0048417650304533044,0.015007594475093112,-0.020186279125965594,10000,0.0098403442599779341,0.050000000000000003,0.00049201721299889671,0.85317756511577236,0.019884361126387827,77,1,False,-0.10432635047601049,0.10531038490200828,,False,True,M2
2014-02-28,DBC,6,2014-08-29,2014-08-29,5,0.063738692597258062,0.024986167673074884,0.22785498513713937,75.431200633546069,0.12640710032774435,0.050000000000000003,0.0063203550163872177,0.50006642754431763,0.0031557991419242982,91,1,False,-0.24733346175934456,0.25997417179211901,0.97971568229512918,False,False,M2
2014-02-28,GLD,6,2014-08-29,2014-08-29,5,0.051103953018957093,-0.12076428741814593,-0.053545499662371515,24.420530945486497,-0.094192376614244636,0.050000000000000003,-0.0047096188307122321,0.60469517985886856,-0.033333882822018733,106,0,False,-0.36266253637022389,0.35324329870879939,0.76934826587834848,False,False,M2
2014-02-28,VDE,6,2014-08-29,2014-08-29,5,-0.11380507765063852,0.015759608470704678,0.12256089126151724,10000,0.046026450510669739,0.050000000000000003,0.0023013225255334871,0.71660600650979511,-0.033144490800659718,107,0,False,-0.18830538546507702,0.19290803051614402,0.52302843733903326,False,False,M2
2014-02-28,VWO,6,2014-08-29,2014-08-29,5,-0.16014501164003891,0.04483876609594064,0.17876768414478009,339.32217718953228,0.12251828242127141,0.050000000000000003,0.0061259141210635712,0.41999444588207874,-0.035066562870133919,102,0,False,-0.21873954646852264,0.23099137471064976,0.70042583765675093,False,False,M2
2014-03-31,BND,6,2014-09-30,2014-09-30,6,0.040370512285731408,0.021463947258593907,0.16553279651422248,0.0001,0.050166395972233525,0.050000000000000003,0.0025083197986116765,0.80077269401443307,0.01828072505529766,78,1,False,-0.10294692692560355,0.10796356652282689,,False,True,M2
2014-03-31,DBC,6,2014-09-30,2014-09-30,6,0.16309529810930201,0.086853510218332972,0.22062897780258389,16.768329368110066,0.15102851181369858,0.050000000000000003,0.0075514255906849294,0.52027824866357786,0.0020639034500479795,92,1,False,-0.22637860848491853,0.24148145966628837,0.87741618338396443,False,False,M2
2014-03-31,GLD,6,2014-09-30,2014-09-30,6,0.12193004446544264,0.030071730291967733,0.16642689837839217,0.0001,0.085044561455945314,0.050000000000000003,0.0042522280727972659,0.59684086833338956,-0.03351457369774611,107,0,False,-0.34690164643062282,0.35540610257621741,0.17773173720476568,False,False,M2
2014-03-31,VDE,6,2014-09-30,2014-09-30,6,0.024637783700070193,0.033334249862265533,0.11152247851168309,51.794746792312019,0.055784375582027798,0.050000000000000003,0.0027892187791013902,0.71287077214110162,-0.034443054288999179,108,0,False,-0.18774558164683769,0.19332401920504044,0.48622665687322925,False,False,M2
2014-03-31,VWO,6,2014-09-30,2014-09-30,6,-0.015073778779815639,0.14004946471690999,0.2357895632188475,0.0001,0.19443018271982287,0.050000000000000003,0.0097215091359911451,0.43199642726696835,-0.035591668236617774,103,0,False,-0.20313316703780307,0.22257618530978537,0.39248493896195169,False,False,M2
2014-04-30,BND,6,2014-10-31,2014-10-31,6,0.089099354532733654,-0.029717236190540258,0.14277442771971233,0.0001,0.011661989203558567,0.050000000000000003,0.00058309946017792832,0.76010883971976495,0.017054663532560375,79,1,False,-0.10487214726403729,0.10603834618439315,,False,True,M2
2014-04-30,DBC,6,2014-10-31,2014-10-31,6,0.27008514313313869,0.11905000389773475,0.22062897780258389,16.768329368110066,0.16565818657712772,0.050000000000000003,0.0082829093288563863,0.54116308830751048,0.0010550960775362178,93,1,False,-0.2255309545123905,0.24209677317010328,0.7238257772895712,False,False,M2
2014-04-30,GLD,6,2014-10-31,2014-10-31,6,0.21194008122776431,-0.0069491977544838684,0.18919333728382318,0.0001,0.07350473014830626,0.050000000000000003,0.003675236507415313,0.58981906761285952,-0.033442621841481251,108,0,False,-0.3474694696409999,0.3548199426558305,0.28834340269527242,False,False,M2
2014-04-30,VDE,6,2014-10-31,2014-10-31,6,0.17044231700314461,0.058797407568476338,0.14130883121197452,51.794746792312019,0.082803418439076126,0.050000000000000003,0.0041401709219538061,0.70905833628176129,-0.03557357622877081,109,0,False,-0.17292998582476318,0.18121032766867082,0.42069875593235068,False,False,M2
2014-04-30,VWO,6,2014-10-31,2014-10-31,6,0.035356267948500442,0.18795897287285468,0.23872549767663895,0.0001,0.21614582499582047,0.050000000000000003,0.010807291249791025,0.44477483475755497,-0.035563919962911181,104,0,False,-0.20198222280681349,0.22359680530639553,0.19251201883129931,False,False,M2
2014-05-30,BND,6,2014-11-28,2014-11-28,6,0.069000587370568134,-0.067568246526755221,0.078330425511172641,0.0001,-0.026102135961815157,0.050000000000000003,-0.0013051067980907579,0.71578829343860972,0.015609167886237724,80,1,False,-0.10619423882434524,0.10358402522816372,,False,True,M2
2014-05-30,DBC,6,2014-11-28,2014-11-28,6,0.30381460035126473,0.10630441427572773,0.27511906860191038,16.768329368110066,0.18093965982191906,0.050000000000000003,0.0090469829910959539,0.55788645337636655,0.00010685758063492351,94,1,False,-0.21644665594674445,0.23454062192893638,0.60999680204336026,False,False,M2
2014-05-30,GLD,6,2014-11-28,2014-11-28,6,0.15737982311287058,-0.060753441905493685,0.13893035262547729,0.0001,0.021825518900077744,0.050000000000000003,0.0010912759450038873,0.58645136427050704,-0.033736342819443856,109,0,False,-0.34910931799265216,0.35129186988265998,0.40085520035338706,False,False,M2
2014-05-30,VDE,6,2014-11-28,2014-11-28,6,0.25228965636406442,0.056765234765192185,0.16322500324578584,51.794746792312019,0.088452707667318456,0.050000000000000003,0.0044226353833659226,0.70235260367015984,-0.036894585166218755,110,0,False,-0.18598142401589771,0.19482669478262957,0.39350410855751095,False,False,M2
2014-05-30,VWO,6,2014-11-28,2014-11-28,6,0.069435017344225081,0.17840607370192799,0.24457704175297007,0.0001,0.21452418796989103,0.050000000000000003,0.010726209398494552,0.45416977668963876,-0.036116409861243773,105,0,False,-0.19941182778635205,0.22086424658334117,0.12340277898376009,False,False,M2
2014-06-30,BND,6,2014-12-31,2014-12-31,6,0.052622394938154349,-0.064484714206597765,-0.038169287980821032,0.0001,-0.05653598128108251,0.050000000000000003,-0.0028267990640541258,0.69794397942415864,0.01457674927672546,81,1,False,-0.1077088546565841,0.10205525652847584,,False,True,M2
2014-06-30,DBC,6,2014-12-31,2014-12-31,6,0.36658689790723964,0.10235084827039112,0.22641689422999711,16.768329368110066,0.15552465611803024,0.050000000000000003,0.0077762328059015123,0.57140724977282131,-0.00056444221369282848,95,0,False,-0.217662141141689,0.23321460675349201,0.54017171411975151,False,False,M2
2014-06-30,GLD,6,2014-12-31,2014-12-31,6,0.16267914588328747,-0.046014288058605884,0.11721023366554152,0.0001,0.020965256945677413,0.050000000000000003,0.0010482628472838708,0.58964777904217103,-0.034435940980416559,110,0,False,-0.33646444030172679,0.33856096599629454,0.39313940444301293,False,False,M2
2014-06-30,VDE,6,2014-12-31,2014-12-31,6,0.26760164753706051,0.05100094451516117,0.16322500324578584,51.794746792312019,0.085026838429688431,0.050000000000000003,0.0042513419214844214,0.69680392689948245,-0.038066673242180236,111,0,False,-0.18609311495091246,0.19459579879388128,0.38240649511155866,False,False,M2
2014-06-30,VWO,6,2014-12-31,2014-12-31,6,0.12891974344561663,0.16222627670865392,0.21648377509344802,0.0001,0.19130524449990713,0.050000000000000003,0.0095652622249953571,0.46405623818066166,-0.03676191358150907,106,0,False,-0.18418753503610716,0.20331805948609785,0.11698340593968329,False,False,M2
2014-07-31,BND,6,2015-01-30,2015-01-30,6,0.030804202815141624,-0.013009053414368824,-0.12569435232289991,0.0001,-0.045526984238732103,0.050000000000000003,-0.0022763492119366054,0.71142703494305193,0.014604232521708336,82,1,False,-0.10685644680234641,0.1023037483784732,,False,True,M2
2014-07-31,DBC,6,2015-01-30,2015-01-30,6,0.39545099286159224,0.1077867042814324,0.15585414701566772,16.768329368110066,0.12751142233812907,0.050000000000000003,0.0063755711169064533,0.58964494604477802,-0.00047188003641029469,96,1,False,-0.19101525453425272,0.20376639676806563,0.64251972558991566,False,False,M2
2014-07-31,GLD,6,2015-01-30,2015-01-30,6,0.091367572179354872,0.010863429334141505,0.071902939174565264,0.0001,0.036263102820218628,0.050000000000000003,0.0018131551410109316,0.58388143101935519,-0.034185121078654693,111,0,False,-0.33560664987574745,0.33923296015776933,0.32754105071925749,False,False,M2
2014-07-31,VDE,6,2015-01-30,2015-01-30,6,0.31767123077915393,0.05018573201756997,0.10866433821658544,51.794746792312019,0.067895794652683403,0.050000000000000003,0.0033947897326341704,0.69715313366323717,-0.039235848927945481,112,0,False,-0.17952066519215601,0.18631024465742432,0.39112950566466742,False,False,M2
2014-07-31,VWO,6,2015-01-30,2015-01-30,6,0.17026103937254422,0.18057442328353956,0.20141990666163442,0.0001,0.1914816540380688,0.050000000000000003,0.009574082701903441,0.4767580795947895,-0.037967371001757011,107,0,False,-0.18405838183752352,0.20320654724133039,0.079502231183888897,False,False,M2
2014-08-29,BND,6,2015-02-27,2015-02-27,6,0.072215346301668148,0.01363723432125185,-0.10266813709357735,0.0001,-0.020480138316314581,0.050000000000000003,-0.0010240069158157291,0.70665694780442112,0.014369943394573859,83,1,False,-0.1055996920969922,0.10355167826536076,,False,True,M2
2014-08-29,DBC,6,2015-02-27,2015-02-27,6,0.3673848721342694,0.1247107102574945,0.2030318612253873,16.768329368110066,0.15582567217407284,0.050000000000000003,0.0077912836087036426,0.60272593632678217,0.00019008462991618324,97,1,False,-0.18931789392894383,0.20490046114635113,0.70552123095463115,False,False,M2
2014-08-29,GLD,6,2015-02-27,2015-02-27,6,0.15548072017168668,0.035365399403307823,0.065164589458691718,0.0001,0.047925033938093518,0.050000000000000003,0.0023962516969046762,0.57852429843083875,-0.03342361148849745,112,0,False,-0.29889851598595119,0.30369101937976051,0.30663881988484792,False,False,M2
2014-08-29,VDE,6,2015-02-27,2015-02-27,6,0.29377923051332178,0.059131148060121617,0.16322500324578584,51.794746792312019,0.090354128441328993,0.050000000000000003,0.0045177064220664502,0.70004972603313276,-0.039895753606907371,113,0,False,-0.17837246091679312,0.18740787376092602,0.32905921738548871,False,False,M2
2014-08-29,VWO,6,2015-02-27,2015-02-27,6,0.15919059987898121,0.21969780236336853,0.20858082092273397,0.0001,0.21405427627229368,0.050000000000000003,0.010702713813614685,0.49235085790044103,-0.039098645452111475,108,0,False,-0.17011834089531291,0.19152376852254227,0.035414068644724003,False,False,M2
2014-09-30,BND,6,2015-03-31,2015-03-31,7,0.058515058989930591,-0.026944951744889159,-0.004840912294947021,0.56898660290182934,-0.021054549121051713,0.050000000000000003,-0.0010527274560525857,0.73351465295847251,0.014679473976611448,84,1,False,-0.10562467906018548,0.1035192241480803,,False,True,M2
2014-09-30,DBC,6,2015-03-31,2015-03-31,7,0.35836409104025613,0.099177312827793324,0.10759440928431493,16.768329368110066,0.10255409620198461,0.050000000000000003,0.005127704810099231,0.59881850093627786,0.00185238272664461,98,1,False,-0.18239351833527187,0.19264892795547031,0.71762709049762319,False,False,M2
2014-09-30,GLD,6,2015-03-31,2015-03-31,7,0.1068243996789584,-0.018556368918225506,0.010546869622394409,0.56898660290182934,-0.0061905994385710126,0.050000000000000003,-0.00030952997192855067,0.57510675444606052,-0.032048800373860813,113,0,False,-0.30134973008075111,0.30073067013689397,0.55135943447945523,False,False,M2
2014-09-30,VDE,6,2015-03-31,2015-03-31,7,0.2620592540534421,0.014426435750402908,0.091753770401343693,10000,0.037214580067564153,0.050000000000000003,0.0018607290033782076,0.70530286062453862,-0.039329669946319847,114,0,False,-0.174255285109849,0.17797674311660544,0.45526374392048979,False,False,M2
2014-09-30,VWO,6,2015-03-31,2015-03-31,7,0.14156164725645226,0.12572969477703941,0.12441018785881902,16.768329368110066,0.12507315791824708,0.050000000000000003,0.006253657895912354,0.5024377290285118,-0.038878233831264722,109,0,False,-0.17450006015437797,0.1870073759462027,0.2188545543684752,False,False,M2
2014-10-31,BND,6,2015-04-30,2015-04-30,7,0.013894980162948878,-0.041600834501791181,-0.073331431005795492,0.56898660290182934,-0.051206570107725918,0.050000000000000003,-0.0025603285053862959,0.69727213906229213,0.015555001983154062,85,1,False,-0.10266749690702437,0.097546839896251791,,False,True,M2
2014-10-31,DBC,6,2015-04-30,2015-04-30,7,0.23748111241028669,0.045129933090484686,0.10438239717778645,16.768329368110066,0.069748149111865651,0.050000000000000003,0.0034874074555932828,0.58451996215534907,0.0045618045489324291,99,1,False,-0.22198205304901281,0.22895686796019937,0.7006248352646921,False,False,M2
2014-10-31,GLD,6,2015-04-30,2015-04-30,7,0.04047098201509236,-0.071959123337952818,0.015057776256187072,0.56898660290182934,-0.033901366349469282,0.050000000000000003,-0.0016950683174734643,0.5626394738724233,-0.029908547026478133,114,0,False,-0.26370873339115253,0.26031859675620561,0.61967032239029729,False,False,M2
2014-10-31,VDE,6,2015-04-30,2015-04-30,7,0.1058023353500861,0.014053071787896854,0.080483023430883996,10000,0.034298011388617683,0.050000000000000003,0.0017149005694308843,0.69524380042420164,-0.037505565711976677,115,0,False,-0.17437111819039364,0.1778009193292554,0.48317034204022946,False,False,M2
2014-10-31,VWO,6,2015-04-30,2015-04-30,7,-0.01010479432175182,0.077206040855338456,0.09818631421418747,16.768329368110066,0.087541949966417648,0.050000000000000003,0.0043770974983208828,0.50735107525566447,-0.038203374724175954,110,0,False,-0.16825938333693238,0.17701357833357415,0.54073269832228599,False,False,M2
2014-11-28,BND,6,2015-05-29,2015-05-29,7,0.021818504408631201,-0.044830069968159234,-0.070359364226142737,0.56898660290182934,-0.053912435402440409,0.050000000000000003,-0.0026956217701220204,0.64423750447230077,0.016176462278356552,86,1,False,-0.1027224268939788,0.097331183353734765,,False,True,M2
2014-11-28,DBC,6,2015-05-29,2015-05-29,7,0.16292433306334331,0.080806047015985746,0.097789021762114806,16.768329368110066,0.088231105793739772,0.050000000000000003,0.004411555289686989,0.56279398110472889,0.0075543325069557521,100,1,False,-0.2444711823145595,0.25329429289393346,0.73756857964726408,False,False,M2
2014-11-28,GLD,6,2015-05-29,2015-05-29,7,0.012460882927663341,-0.055058930231680854,0.012456783317969339,0.56898660290182934,-0.024695477434034687,0.050000000000000003,-0.0012347738717017344,0.55027576246650678,-0.028279952503527276,115,0,False,-0.25395965128690789,0.25149010354350443,0.64204105818973123,False,False,M2
2014-11-28,VDE,6,2015-05-29,2015-05-29,7,0.037788978226456327,0.014381819062011397,0.060589923669892229,10000,0.029133407885998271,0.050000000000000003,0.0014566703942999137,0.68075754352687767,-0.035007331038907352,116,0,False,-0.18906430165381774,0.19197764244241758,0.50773111760035072,False,False,M2
2014-11-28,VWO,6,2015-05-29,2015-05-29,7,0.020017814051038529,0.10697552023891782,0.073604052178494056,16.768329368110066,0.090739890957445599,0.050000000000000003,0.0045369945478722805,0.51348771195575482,-0.037233659480316483,111,0,False,-0.16291309159884923,0.17198708069459381,0.59900828516061011,False,False,M2
2014-12-31,BND,6,2015-06-30,2015-06-30,7,0.080502162255515763,-0.10943854343128957,0.022388212113902753,0.56898660290182934,-0.060099672220357774,0.050000000000000003,-0.0030049836110178888,0.62572945828119353,0.016595381044561125,87,1,False,-0.094117604724164305,0.088107637502128522,,False,True,M2
2014-12-31,DBC,6,2015-06-30,2015-06-30,7,0.13423580277786407,0.067008353445297542,0.086913742782518871,16.768329368110066,0.076041910935249854,0.050000000000000003,0.003802095546762493,0.5461752926851654,0.011109110382206088,101,1,False,-0.28848908476850621,0.29609327586203116,0.72788450755984069,False,False,M2
2014-12-31,GLD,6,2015-06-30,2015-06-30,7,0.095994576432066769,-0.11134895584127524,0.015271447366671085,0.56898660290182934,-0.053134617926674621,0.050000000000000003,-0.0026567308963337311,0.54024520188111946,-0.026633753379503012,116,0,False,-0.25538142521975443,0.25006796342708698,0.6553819278505465,False,False,M2
2014-12-31,VDE,6,2015-06-30,2015-06-30,7,0.11678950370315144,0.014341738945946555,0.052511356015762671,10000,0.027099282708445888,0.050000000000000003,0.0013549641354222944,0.66576704871928682,-0.032420929512617033,117,0,False,-0.23551303096448162,0.23822295923532621,0.52386445780096913,False,False,M2
2014-12-31,VWO,6,2015-06-30,2015-06-30,7,0.034552967687867531,0.093738802723562289,0.084589720885238612,16.768329368110066,0.089333222458193334,0.050000000000000003,0.0044666611229096671,0.51846749835433104,-0.035750146954192076,112,0,False,-0.16295394601417137,0.17188726825999071,0.63702197884822942,False,False,M2
2015-01-30,BND,6,2015-07-31,2015-07-31,7,0.22461693392553495,-0.087477574152306767,0.032336632506653126,0.56898660290182934,-0.045795578603274267,0.14999999999999999,-0.0068693367904911398,0.65211140889430197,0.016756844928317725,88,1,False,-0.09782923048948515,0.084090556908502881,,False,True,M2
2015-01-30,DBC,6,2015-07-31,2015-07-31,7,0.30239382758863897,0.12569806600828015,0.13308514885965994,16.768329368110066,0.12910687162542298,0.14999999999999999,0.019366030743813444,0.5385450947655066,0.01487716805357262,102,1,False,-0.30430250405116871,0.34303456553879558,0.82292188274951406,False,False,M2
2015-01-30,GLD,6,2015-07-31,2015-07-31,7,0.35643706720819746,-0.0089398196277047579,0.10345931632508738,0.56898660290182934,0.043151315371631999,0.14999999999999999,0.0064726973057447996,0.53655217579950854,-0.025625195041393115,117,0,False,-0.2443540483851343,0.25729944299662388,0.71259468241295909,False,False,M2
2015-01-30,VDE,6,2015-07-31,2015-07-31,7,0.28532453737498897,0.014657372204818556,0.076555529272847714,10000,0.03607656442198659,0.14999999999999999,0.005411484663297988,0.65396074403915971,-0.029454046798279992,118,0,False,-0.24321081849471157,0.25403378782130753,0.53323218997458544,False,False,M2
2015-01-30,VWO,6,2015-07-31,2015-07-31,7,0.23631108608304485,0.15970636488875656,0.13045929482510996,16.768329368110066,0.14567828199351249,0.14999999999999999,0.021851742299026873,0.52035937737638061,-0.033927039110592638,113,0,False,-0.14033335242027437,0.1840368370183281,0.58279445121044593,False,False,M2
2015-02-27,BND,6,2015-08-31,2015-08-31,7,0.13389313709191508,-0.035858699665487451,0.085714980447772579,0.56898660290182934,0.0037619601461438743,0.20000000000000001,0.00075239202922877495,0.67410166596322441,0.017379974157231772,89,1,False,-0.084848072597306742,0.086352856655764296,,False,True,M2
2015-02-27,DBC,6,2015-08-31,2015-08-31,7,0.28443169110578548,0.050021873784618254,0.20521040512485333,16.768329368110066,0.12311033727532518,0.20000000000000001,0.024622067455065039,0.52903437606179848,0.018299572947559968,103,1,False,-0.33595925574441288,0.38520339065454301,0.82547261436273789,False,False,M2
2015-02-27,GLD,6,2015-08-31,2015-08-31,7,0.19180150042123434,-0.0016051911058007282,0.17662420246938551,0.56898660290182934,0.081369921883852808,0.20000000000000001,0.016273984376770561,0.53444765015906082,-0.024090399149756844,118,0,False,-0.20721860765398184,0.23976657640752294,0.76295128517093702,False,False,M2
2015-02-27,VDE,6,2015-08-31,2015-08-31,7,0.29641556894879606,0.014162797290980422,0.12812579013329833,10000,0.055124203836686501,0.20000000000000001,0.011024840767337301,0.64057273748170751,-0.026737800770451403,119,0,False,-0.30325160027918246,0.32530128181385704,0.54676212565606819,False,False,M2
2015-02-27,VWO,6,2015-08-31,2015-08-31,7,0.29038411755581606,0.095030094529688094,0.17318493669864296,16.768329368110066,0.13261366470673033,0.20000000000000001,0.026522732941346067,0.51911399045763273,-0.032233024733491107,114,0,False,-0.12545060186838453,0.17849606775107668,0.63881414362827937,False,False,M2
2015-03-31,BND,6,2015-09-30,2015-09-30,8,0.14266612343861773,0.013113487999542733,0.076870878670098966,11.513953993264458,0.034708191677957412,0.25,0.0086770479194893529,0.66129881647764288,0.017837030655372871,90,1,False,-0.07686439260894859,0.094218488447927295,,False,True,M2
2015-03-31,DBC,6,2015-09-30,2015-09-30,8,0.25282583875028697,-0.075120422605097631,0.1490886859235093,3.7275937203149381,0.030975906746868002,0.25,0.0077439766867170006,0.52679741671409941,0.021569424083066661,104,1,False,-0.35113016869226121,0.36661812206569522,0.64566166237078315,False,False,M2
2015-03-31,GLD,6,2015-09-30,2015-09-30,8,0.18029355463754893,-0.0082156204831669299,0.22491925769157312,5.4286754393238592,0.10079592777801968,0.25,0.025198981944504921,0.53240995463801899,-0.022990274789851675,119,0,False,-0.18444791525700996,0.23484587914601981,0.79464640330848324,False,False,M2
2015-03-31,VDE,6,2015-09-30,2015-09-30,8,0.32020516687159351,-0.011467466240923256,0.089928268842237744,10000,0.026100692660362194,0.25,0.0065251731650905484,0.62948975249823425,-0.024331158646918961,120,0,False,-0.28331809318093826,0.29636843951111935,0.5581133946554645,False,False,M2
2015-03-31,VWO,6,2015-09-30,2015-09-30,8,0.30008663919744016,0.057673507073093225,0.17365528637041738,2.559547922699533,0.11344009452897333,0.25,0.028360023632243332,0.51917803129300077,-0.030721766716187253,115,0,False,-0.112841221626544,0.16956126889103065,0.67213262946443597,False,False,M2
2015-04-30,BND,6,2015-10-30,2015-10-30,8,0.24080313908503836,-0.001758178292464295,0.087381475434487377,11.513953993264458,0.028251148823844704,0.29999999999999999,0.0084753446471534117,0.66334480939053075,0.017793711419192389,91,1,False,-0.07212823807468996,0.08907892736899678,0.48665094368823109,False,False,M2
2015-04-30,DBC,6,2015-10-30,2015-10-30,8,0.3889881691073056,-0.14888256910993392,0.16201422237544372,3.7275937203149381,0.00020861845719922822,0.29999999999999999,6.2585537159768459e-05,0.52044796971105012,0.023625725876659232,105,1,False,-0.35880988930819635,0.35893506038251588,0.57101172113393317,False,False,M2
2015-04-30,GLD,6,2015-10-30,2015-10-30,8,0.26660377675387292,-0.066542338729896247,0.24116000109790534,5.4286754393238592,0.078886381783644141,0.29999999999999999,0.02366591453509324,0.52737206810020953,-0.022461430983143807,120,0,False,-0.1859495723827588,0.23328140145294526,0.79446351202440613,False,False,M2
2015-04-30,VDE,6,2015-10-30,2015-10-30,8,0.39862569818593929,-0.011954065308653946,0.095555601072755736,10000,0.02858797127070167,0.29999999999999999,0.0085763913812104998,0.6228986848910355,-0.023255675225456109,121,0,False,-0.2812536535499372,0.29840643631235825,0.56820256524077428,False,False,M2
2015-04-30,VWO,6,2015-10-30,2015-10-30,8,0.43535549320910982,0.0049700647839638588,0.2050433353183839,2.559547922699533,0.10085499991811513,0.29999999999999999,0.030256499975434538,0.52075089851817313,-0.03054403419554557,116,0,False,-0.11087298291177286,0.17138598286264192,0.66427278397792766,False,False,M2
2015-05-29,BND,6,2015-11-30,2015-11-30,8,0.13823566817533073,0.0010801054160040624,0.051542921848409383,11.513953993264458,0.018082695853359254,0.29999999999999999,0.0054248087560077761,0.66306695425670359,0.017837459169077592,92,1,False,-0.07509968367928789,0.085949301191303437,0.52149587376701556,False,False,M2
2015-05-29,DBC,6,2015-11-30,2015-11-30,8,0.33193485055703198,-0.12563597115096001,0.11565178140029606,3.7275937203149381,-0.0094811956737997031,0.29999999999999999,-0.0028443587021399108,0.51860476029554847,0.024939863680307196,106,1,False,-0.35665246584216154,0.35096374843788175,0.54453106584980959,False,False,M2
2015-05-29,GLD,6,2015-11-30,2015-11-30,8,0.2508794695549984,-0.048398793393735484,0.13094253905305661,5.4286754393238592,0.03704590829546256,0.29999999999999999,0.011113772488638768,0.52356380694033133,-0.022172816818591682,121,0,False,-0.1945891221333855,0.21681666711066302,0.77816373267872041,False,False,M2
2015-05-29,VDE,6,2015-11-30,2015-11-30,8,0.27499604996297344,-0.01178611658516281,0.098726984779869367,10000,0.029945176674676912,0.29999999999999999,0.0089835530024030726,0.6223860090397928,-0.022755309213555189,122,0,False,-0.25551836232320324,0.27348546832800935,0.57786178259512622,False,False,M2
2015-05-29,VWO,6,2015-11-30,2015-11-30,8,0.31680547429583028,0.012263583731615811,0.13032528011211561,2.559547922699533,0.069230779850187704,0.29999999999999999,0.02076923395505631,0.51747943774267879,-0.030111881646429469,117,0,False,-0.11538986566508838,0.156928333575201,0.7027541714444524,False,False,M2
2015-06-30,BND,6,2015-12-31,2015-12-31,8,0.10979512004855208,-0.017038851758269122,0.014890915366891284,11.513953993264458,-0.0049953813845655341,0.29999999999999999,-0.0014986144153696602,0.62281371090196813,0.018511273180759725,93,1,False,-0.085270813253580033,0.082273584422840704,0.60917739045036756,False,False,M2
2015-06-30,DBC,6,2015-12-31,2015-12-31,8,0.36807909604519762,-0.14432534035712435,0.079433040265812327,3.7275937203149381,-0.03615922611970572,0.29999999999999999,-0.010847767835911716,0.51659413186541936,0.025961321055050716,107,1,False,-0.3646415819531868,0.34294604628136333,0.46873440640157549,False,False,M2
2015-06-30,GLD,6,2015-12-31,2015-12-31,8,0.22149542842687286,-0.075408616081680924,0.10733891798662712,5.4286754393238592,0.012977561455689653,0.29999999999999999,0.0038932684367068955,0.516348179536402,-0.021204231628012517,122,0,False,-0.19875255105148612,0.20653908792489992,0.76741036930511131,False,False,M2
2015-06-30,VDE,6,2015-12-31,2015-12-31,8,0.33224392579817208,-0.011822185995820404,0.091409968981700979,10000,0.027642911107108051,0.29999999999999999,0.0082928733321324145,0.61770538344838477,-0.021620798539435621,123,0,False,-0.25618400699977767,0.27276975366404249,0.5869372583442749,False,False,M2
2015-06-30,VWO,6,2015-12-31,2015-12-31,8,0.3150798405095443,-0.0016685637926660002,0.13141390626692603,2.559547922699533,0.06267787674248132,0.29999999999999999,0.018803363022744397,0.51649198796555174,-0.029563874448681193,118,0,False,-0.11598680179492184,0.15359352784041064,0.71571768247989409,False,False,M2
2015-07-31,BND,6,2016-01-29,2016-01-29,8,0.01240819892785483,-0.019731413086147689,0.0022295279640677347,11.513953993264458,-0.010593791484578471,0.29999999999999999,-0.0031781374453735411,0.58391484314468467,0.020703886592938182,94,1,False,-0.093952102118442932,0.087595827227695849,0.64018665857340296,False,False,M2
2015-07-31,DBC,6,2016-01-29,2016-01-29,8,0.21212989692870465,-0.14572320512180023,0.060102719065934812,3.7275937203149381,-0.045986685019818799,0.29999999999999999,-0.01379600550594564,0.51543266235495599,0.02852088130073209,108,1,False,-0.35123933871390139,0.32364732770201016,0.4276501765734767,False,False,M2
2015-07-31,GLD,6,2016-01-29,2016-01-29,8,0.0053468588739096212,-0.049517518468803853,0.0075781513071208435,5.4286754393238592,-0.021536784564608721,0.29999999999999999,-0.006461035369382616,0.50993246923966107,-0.018133977165929509,123,0,False,-0.22961353134855139,0.21669146060978617,0.74866053804567834,False,False,M2
2015-07-31,VDE,6,2016-01-29,2016-01-29,8,0.18205000469054933,-0.012142068759063806,0.023030476018846065,10000,0.0016261234580149716,0.29999999999999999,0.00048783703740449148,0.60855285552935323,-0.019145432927222518,124,0,False,-0.31378860400911524,0.31476427808392426,0.59375758771637377,False,False,M2
2015-07-31,VWO,6,2016-01-29,2016-01-29,8,0.20500120979274106,-0.039859197790707693,0.063802211378896245,2.559547922699533,0.010022985617821121,0.29999999999999999,0.003006895685346336,0.51879697750476383,-0.027329631082868368,119,0,False,-0.14885520139850034,0.15486899276919303,0.76073508634601872,False,False,M2
2015-08-31,BND,6,2016-02-29,2016-02-29,8,0.077602064870867071,-0.064828540360315143,0.064130831535348723,11.513953993264458,-0.0074352149284617006,0.40000000000000002,-0.0029740859713846806,0.55495033367339752,0.021895352387664255,95,1,False,-0.10754977115256116,0.1016015992097918,0.65318921380673289,False,False,M2
2015-08-31,DBC,6,2016-02-29,2016-02-29,8,0.27712167015913447,-0.24241042945694111,0.10749752119240095,3.7275937203149381,-0.068034624824045153,0.40000000000000002,-0.027213849929618061,0.50165235082741655,0.030868686895273865,109,1,False,-0.36460495743313531,0.31017725757389919,0.34839812557187433,False,False,M2
2015-08-31,GLD,6,2016-02-29,2016-02-29,8,0.021554331494978651,-0.1151014147024125,0.21500518411491065,5.4286754393238592,0.049757625716435085,0.40000000000000002,0.019903050286574034,0.50058847351282876,-0.016440949120871733,124,0,False,-0.18969512070566902,0.22950122127881706,0.82630283267580618,False,False,M2
2015-08-31,VDE,6,2016-02-29,2016-02-29,8,0.22082797022739786,-0.012635722298011704,0.031152457934344721,10000,0.0050396484961990973,0.40000000000000002,0.0020158593984796391,0.59634379185390474,-0.016620944912214369,125,0,False,-0.28776680879601024,0.29179852759296954,0.59993658741409739,False,False,M2
2015-08-31,VWO,6,2016-02-29,2016-02-29,8,0.20001469812866679,-0.1538161342320683,0.11690781393904559,2.559547922699533,-0.021597379580622768,0.40000000000000002,-0.0086389518322491071,0.51161042255532085,-0.024682016510879326,120,0,False,-0.17605955896933015,0.15878165530483193,0.78220631797235785,False,False,M2
2015-09-30,BND,6,2016-03-31,2016-03-31,9,0.14410752179273167,0.038031594189720068,0.14661751603037235,232.99518105153672,0.087978923756336258,0.5,0.043989461878168129,0.54002020961876707,0.023153381252778354,96,1,False,-0.064788044646663642,0.15276696840299991,0.42405933292829101,False,False,M2
2015-09-30,DBC,6,2016-03-31,2016-03-31,9,0.28605621584739516,0.02365900548923866,0.15252528778460617,232.99518105153672,0.090285658219357759,0.5,0.045142829109678879,0.48297839013150312,0.03288647918486489,110,1,False,-0.27885585580939115,0.3691415140287489,0.81521949661356574,False,False,M2
2015-09-30,GLD,6,2016-03-31,2016-03-31,9,0.10786905007681558,0.052276830826635923,0.28972652857226078,1048.1131341546852,0.17261316775064109,0.5,0.086306583875320544,0.49321334974736797,-0.014867073090804367,125,0,False,-0.1193777581126803,0.29199092586332137,0.91961353758976239,False,False,M2
2015-09-30,VDE,6,2016-03-31,2016-03-31,9,0.15748675125643241,-0.099795956503055033,0.1560983398601736,109.85411419875572,0.0063762256467692121,0.5,0.003188112823384606,0.58509359661882288,-0.01394772180281907,126,0,False,-0.31108832822313515,0.31746455386990435,0.60848282587755276,False,False,M2
2015-09-30,VMBS,6,2016-03-31,2016-03-31,9,0.15295580985304502,0.042136433752883867,0.12213402190136571,232.99518105153672,0.08213522782712479,0.5,0.041067613913562395,0.5,0.053156553894716262,64,1,False,,,,True,True,M2
2015-09-30,VWO,6,2016-03-31,2016-03-31,9,0.12617592949877454,-0.12367615084958997,0.13302222621807314,11.513953993264458,0.004253484049015638,0.5,0.002126742024507819,0.50163442262478875,-0.021997978033951066,121,0,False,-0.19158921868914291,0.19584270273815857,0.76995967552850464,False,False,M2
2015-10-30,BND,6,2016-04-29,2016-04-29,9,-0.015915026060930426,0.047528655248002052,0.039457320477648598,232.99518105153672,0.043658128241618292,0.5,0.021829064120809146,0.52046010771347739,0.025397193189193406,97,1,False,-0.11140956522531278,0.15506769346693108,0.60390493485570507,False,False,M2
2015-10-30,DBC,6,2016-04-29,2016-04-29,9,0.052759598646480277,0.052572643856239804,0.0035325152709562262,232.99518105153672,0.0260801311103331,0.5,0.01304006555516655,0.45977888904115094,0.036094602517499498,111,1,False,-0.34584177440291952,0.37192190551325266,0.68718163712416025,False,False,M2
2015-10-30,GLD,6,2016-04-29,2016-04-29,9,-0.11931990248512259,0.057471775470148784,0.23895862018496589,1048.1131341546852,0.15223101375731624,0.5,0.076115506878658118,0.47787268859035364,-0.012633177457116453,126,0,False,-0.16869320800849005,0.32092422176580626,0.91910611434946177,False,False,M2
2015-10-30,VDE,6,2016-04-29,2016-04-29,9,-0.0055527179300820517,-0.031337735019553663,-0.12452764700441726,109.85411419875572,-0.071085791241221025,0.5,-0.035542895620610512,0.57347254252023061,-0.010699112196608374,127,0,False,-0.42559220242533929,0.35450641118411824,0.60292147906437288,False,False,M2
2015-10-30,VMBS,6,2016-04-29,2016-04-29,9,-0.0064417503071541038,0.04769273841584417,0.034338431907349601,232.99518105153672,0.041015585161596882,0.5,0.020507792580798441,0.5,0.055901840974295368,65,1,False,,,,True,True,M2
2015-10-30,VWO,6,2016-04-29,2016-04-29,9,0.0027943924472966231,-0.023758096961909086,0.047191857953180816,11.513953993264458,0.012723222447294187,0.5,0.0063616112236470936,0.48581617207702699,-0.018249179089335814,122,1,False,-0.20957586195079242,0.2222990843980866,0.76913432940285364,False,False,M2
2015-11-30,BND,6,2016-05-31,2016-05-31,9,0.068327331400474201,0.029738101615236347,0.10359151343144732,232.99518105153672,0.065882103523874469,0.5,0.032941051761937234,0.5105980750275313,0.026548606199256034,98,1,False,-0.10029395224035376,0.16617605576422823,0.60163510295974354,False,False,M2
2015-11-30,DBC,6,2016-05-31,2016-05-31,9,0.062397927746934201,0.038632589419963892,0.071366082868231623,232.99518105153672,0.056832256274901967,0.5,0.028416128137450983,0.44400475055615535,0.038736033303566744,112,1,False,-0.32543962241172603,0.38227187868662799,0.76453328567928625,False,False,M2
2015-11-30,GLD,6,2016-05-31,2016-05-31,9,-0.043113432352661185,0.052905417720717371,0.26333649639040496,1048.1131341546852,0.16453597671763881,0.5,0.082267988358819405,0.4695148658523618,-0.010558274724737596,127,0,False,-0.15836849914153789,0.3229044758591767,0.93279292767276623,False,False,M2
2015-11-30,VDE,6,2016-05-31,2016-05-31,9,0.087127097917405916,-0.073306735694978586,-0.078430594409950483,109.85411419875572,-0.075541919271638169,0.5,-0.037770959635819085,0.56376947511679165,-0.0084671187422366411,128,0,False,-0.42782026644054783,0.35227834716890971,0.60903093280816256,False,False,M2
2015-11-30,VMBS,6,2016-05-31,2016-05-31,9,0.074341481315624014,0.033304121614560686,0.088102752192023043,232.99518105153672,0.060703436903291864,0.5,0.030351718451645932,0.5,0.057110029581720387,66,1,False,,,,True,True,M2
2015-11-30,VWO,6,2016-05-31,2016-05-31,9,0.10052886897366986,-0.11604873275715127,0.047325397667926171,11.513953993264458,-0.030671349042659658,0.5,-0.015335674521329829,0.47741185527750823,-0.015525157517098691,123,1,False,-0.2615562511069674,0.23088490206430773,0.79603950268002355,False,False,M2
2015-12-31,BND,6,2016-06-30,2016-06-30,9,-0.022414284328777567,0.045954795253264902,0.13115096420809857,232.99518105153672,0.088153494250789194,0.5,0.044076747125394597,0.50468783379337478,0.027389480076521651,99,1,False,-0.089154890486196223,0.1773083847369854,0.58489579873349951,False,False,M2
2015-12-31,DBC,6,2016-06-30,2016-06-30,9,-0.098961433257259035,0.051533562929628511,0.088946030461565559,232.99518105153672,0.072797559280878887,0.5,0.036398779640439444,0.4316334165048476,0.041650573681811263,113,1,False,-0.34107538418240102,0.41387294346327996,0.79398376902514756,False,False,M2
2015-12-31,GLD,6,2016-06-30,2016-06-30,9,-0.21742571699020719,0.059322435165810407,0.28666800918712881,1048.1131341546852,0.1817870465717259,0.5,0.090893523285862948,0.46132836791257759,-0.0087453551688656365,128,0,False,-0.13310196470705124,0.31488901127877711,0.94604817544039921,False,False,M2
2015-12-31,VDE,6,2016-06-30,2016-06-30,9,-0.10704557158169736,-0.051980892794685089,0.13404121896558405,109.85411419875572,0.030861339801929046,0.5,0.015430669900964523,0.55466459437158322,-0.0058259478543264956,129,0,False,-0.37461863690376423,0.4054799767056933,0.63504341990805069,False,False,M2
2015-12-31,VMBS,6,2016-06-30,2016-06-30,9,-0.0033007501656627802,0.04875128012323994,0.092985202875606118,232.99518105153672,0.070868241499423029,0.5,0.035434120749711515,0.5,0.057872005410554449,67,1,False,,,,True,True,M2
2015-12-31,VWO,6,2016-06-30,2016-06-30,9,-0.0074197667340689666,-0.079550157153496948,0.1174298418647365,11.513953993264458,0.025135531274723153,0.5,0.012567765637361577,0.46854660904668871,-0.012858988178174151,124,1,False,-0.28348695448387595,0.30862248575859907,0.7721920131712966,False,False,M2
2016-01-29,BND,6,2016-07-29,2016-07-29,9,0.021576543086043287,0.031862260473503101,0.19570453687988706,232.99518105153672,0.11363685604615362,0.5,0.056818428023076809,0.50089441280819358,0.027239667265034982,100,1,False,-0.076037932864296262,0.18967478891044987,0.55916136758910506,False,False,M2
2016-01-29,DBC,6,2016-07-29,2016-07-29,9,-0.047482500850779319,0.015574146229117097,0.22460904946581628,232.99518105153672,0.13675659621676572,0.5,0.068378298108382862,0.42027647961532749,0.043146006341871733,114,1,False,-0.29272841587509085,0.42948501209185658,0.84836749067046169,False,False,M2
2016-01-29,GLD,6,2016-07-29,2016-07-29,9,-0.13610473454028016,0.04699294987498872,0.3221769382533673,1048.1131341546852,0.19589151477748512,0.5,0.09794575738874256,0.45891268681751723,-0.0086361131995417971,129,0,False,-0.11632925724983115,0.31222077202731624,0.95532940915487941,False,False,M2
2016-01-29,VDE,6,2016-07-29,2016-07-29,9,-0.11216247522633682,-0.11524764985740377,0.25107239116077312,109.85411419875572,0.04915415764728024,0.5,0.02457707882364012,0.55120717106349537,-0.0043807482193659103,130,0,False,-0.30062111051671436,0.34977526816399462,0.6431249967928806,False,False,M2
2016-01-29,VMBS,6,2016-07-29,2016-07-29,9,0.050783822628887032,0.02958789312822219,0.15901667739427583,232.99518105153672,0.094302285261249008,0.5,0.047151142630624504,0.5,0.057141292256466081,68,1,False,,,,True,True,M2
2016-01-29,VWO,6,2016-07-29,2016-07-29,9,-0.141423472073962,-0.15459438625091054,0.22244742176129356,11.513953993264458,0.048225265367557731,0.5,0.024112632683778865,0.46207649308772836,-0.01111610659440683,125,1,False,-0.2499073437093027,0.29813260907686046,0.76451048323476523,False,False,M2
2016-02-29,BND,6,2016-08-31,2016-08-31,9,-0.030818070202628833,0.059061238256410818,0.14073350806957,232.99518105153672,0.10158170924618996,0.5,0.050790854623094982,0.47937689148284002,0.027738304865092725,101,1,False,-0.082063989548676414,0.18364569879486639,0.59914347095002973,False,False,M2
2016-02-29,DBC,6,2016-08-31,2016-08-31,9,-0.1770475250262884,0.042771119037740626,0.11982856129282177,232.99518105153672,0.088874550990902787,0.5,0.044437275495451393,0.40170046391434566,0.045180577331587063,115,1,False,-0.31663791504098254,0.40551246603188534,0.80914859656978444,False,False,M2
2016-02-29,GLD,6,2016-08-31,2016-08-31,9,-0.072289902188917621,0.061239267863137645,0.28003711216241428,1048.1131341546852,0.17890169772524006,0.5,0.08945084886262003,0.46223222518974605,-0.0084038790095839443,130,0,False,-0.12025314167501139,0.29915483940025145,0.95404438137868397,False,False,M2
2016-02-29,VDE,6,2016-08-31,2016-08-31,9,-0.23144868907792415,-0.065414170652832948,0.051958432343110622,109.85411419875572,-0.012263013661967137,0.5,-0.0061315068309835685,0.5471587437427563,-0.00266159769687153,131,0,False,-0.33130660104403603,0.31904358738206889,0.6482758181498991,False,False,M2
2016-02-29,VMBS,6,2016-08-31,2016-08-31,9,-0.012617713427836463,0.060352125628640854,0.11243670100713669,232.99518105153672,0.086394413317888774,0.5,0.043197206658944387,0.5,0.057474058913693116,69,1,False,,,,True,True,M2
2016-02-29,VWO,6,2016-08-31,2016-08-31,9,-0.23296132359214106,-0.095959116600825206,0.16143185854465078,11.513953993264458,0.046970009381049047,0.5,0.023485004690524523,0.44470032058780817,-0.009440465287080849,126,1,False,-0.24125029447402621,0.28822030385507524,0.7700184043577083,False,False,M2
2016-03-31,BND,6,2016-09-30,2016-09-30,10,-0.12976347312084746,0.077375627833857111,0.12027357040142933,159.98587196060572,0.10041933959492207,0.5,0.050209669797461033,0.46282477942230371,0.028879179540853891,102,1,False,-0.064554568691525482,0.16497390828644753,0.71578792766206845,False,False,M2
2016-03-31,DBC,6,2016-09-30,2016-09-30,10,-0.21943218778882057,-0.10053029356442104,0.13135902955410605,11.513953993264458,0.039476936041993399,0.5,0.0197384680209967,0.39623253143547438,0.047257091456723341,116,1,False,-0.33915208722567075,0.37862902326766418,0.78156283810571936,False,False,M2
2016-03-31,GLD,6,2016-09-30,2016-09-30,10,-0.17511856494588796,0.067798491052734902,0.19693093690115765,1048.1131341546852,0.13642633230104659,0.5,0.068213166150523294,0.4685468799307968,-0.0075162993982373829,131,0,False,-0.13754983287263467,0.27397616517368129,0.93913765056194753,False,False,M2
2016-03-31,VDE,6,2016-09-30,2016-09-30,10,-0.25192968884617306,-0.1317476544863628,-0.062566760996514648,24.420530945486497,-0.099288622916384128,0.5,-0.049644311458192064,0.53080930394832471,-0.0014483526290434683,132,0,False,-0.36427255655633073,0.26498393363994666,0.66392716109032479,False,False,M2
2016-03-31,VMBS,6,2016-09-30,2016-09-30,10,-0.11817592135030086,0.079168479326564817,0.10571532350039091,109.85411419875572,0.10380925448838152,0.5,0.05190462724419076,0.071800210960241959,0.058838083927112428,70,1,False,,,,True,True,M2
2016-03-31,VOO,6,2016-09-30,2016-09-30,10,-0.17176720151991987,-0.063481162520807904,0.11486235739218262,11.513953993264458,0.025690597435687357,0.5,0.012845298717843678,0.5,0.0072558617821697497,61,1,False,,,,True,True,M2
2016-03-31,VWO,6,2016-09-30,2016-09-30,10,-0.22880435975733215,-0.0020385109190767386,0.10795206490557968,11.513953993264458,0.060720693051381981,0.5,0.030360346525690991,0.42941289742398003,-0.0083726196588457674,127,1,False,-0.23435906328340375,0.29507975633478573,0.76525402389740593,False,False,M2
2016-04-29,BND,6,2016-10-31,2016-10-31,10,-0.048420684589805529,0.086678961746259497,0.17500560601344067,159.98587196060572,0.13417739546354165,0.5,0.067088697731770827,0.46224116050867831,0.028444284340836568,103,1,False,-0.047567087506432348,0.181744482969974,0.5355422526037964,False,False,M2
2016-04-29,DBC,6,2016-10-31,2016-10-31,10,-0.074749846415377186,0.045639916441502108,0.1720941140041343,11.513953993264458,0.1215718110616085,0.5,0.060785905530804249,0.39953045384280228,0.047304121432704169,117,1,False,-0.29311939416389438,0.4146912052255029,0.83481577177733424,False,False,M2
2016-04-29,GLD,6,2016-10-31,2016-10-31,10,-0.01822852450638679,0.078208748618590576,0.30783999236530496,1048.1131341546852,0.1981696377859393,0.5,0.099084818892969648,0.4775933483177629,-0.0083632963913198508,132,0,False,-0.10665644594942124,0.30482608373536052,0.89712428203292582,False,False,M2
2016-04-29,VDE,6,2016-10-31,2016-10-31,10,-0.053971537874465736,0.0091619498328748966,0.048426654793099613,24.420530945486497,0.027373751192347973,0.5,0.013686875596173986,0.53617883088841001,-0.0014792125185249631,133,0,False,-0.30093508728675716,0.32830883847910514,0.64408060489525698,False,False,M2
2016-04-29,VMBS,6,2016-10-31,2016-10-31,10,-0.047537274211049696,0.091758597659298197,0.16130987893766913,109.85411419875572,0.15028280056614796,0.5,0.075141400283073978,0.15854601337086158,0.05791864964212276,71,1,False,,,,True,True,M2
2016-04-29,VOO,6,2016-10-31,2016-10-31,10,-0.076040277704247594,-0.0014220000130037002,0.16560441144715188,11.513953993264458,0.082091205717074095,0.5,0.041045602858537047,0.5,0.0072644708840580918,62,1,False,,,,True,True,M2
2016-04-29,VWO,6,2016-10-31,2016-10-31,10,-0.12708527199333475,0.085099779873391235,0.1740400153937911,11.513953993264458,0.1357129723723027,0.5,0.067856486186151352,0.43093030727018333,-0.0082853773767665312,128,1,False,-0.17851109713305985,0.31422406950536252,0.71168644716776608,False,False,M2
2016-05-31,BND,6,2016-11-30,2016-11-30,10,0.016309171659666166,0.08670919966199328,0.12351523422828643,159.98587196060572,0.10650506813018835,0.5,0.053252534065094177,0.46215698861718546,0.028827775177948468,104,1,False,-0.053264255884522237,0.15976932401471058,0.65300499803000622,False,False,M2
2016-05-31,DBC,6,2016-11-30,2016-11-30,10,-0.0081741515952040711,0.07644354233691919,0.072632829456167711,11.513953993264458,0.074152669121051382,0.5,0.037076334560525691,0.39883342367792218,0.047432035045536627,118,1,False,-0.31681584918388783,0.39096851830493917,0.81225460473829236,False,False,M2
2016-05-31,GLD,6,2016-11-30,2016-11-30,10,0.032048595801907664,0.080884277140062882,0.21068019856983911,1048.1131341546852,0.14741316223334838,0.5,0.073706581116674191,0.48743470241258902,-0.0086245756090742969,133,0,False,-0.12895966918240062,0.27637283141574898,0.78944555352484258,False,False,M2
2016-05-31,VDE,6,2016-11-30,2016-11-30,10,-0.083520980922394683,0.0026228189823413219,-0.033109549348918715,24.420530945486497,-0.013964779340638431,0.5,-0.0069823896703192154,0.53578228654750848,-0.00081797139586876259,134,0,False,-0.32069377534208621,0.30672899600144776,0.64296049658337306,False,False,M2
2016-05-31,VMBS,6,2016-11-30,2016-11-30,10,0.015898369381300625,0.092203763344092124,0.12466336820133862,109.85411419875572,0.11990607083658238,0.5,0.059953035418291188,0.14656054458081885,0.058146744526476946,72,1,False,,,,True,True,M2
2016-05-31,VOO,6,2016-11-30,2016-11-30,10,-0.059717656215456216,0.0012733918762597562,0.16198053499952439,11.513953993264458,0.081626963437892067,0.5,0.040813481718946033,0.5,0.0084865841288250601,63,1,False,,,,True,True,M2
2016-05-31,VWO,6,2016-11-30,2016-11-30,10,-0.080601831120427514,0.082320599935556474,0.11025796057399134,11.513953993264458,0.098481693532354295,0.5,0.049240846766177147,0.42152396548999077,-0.0074418560872282664,129,1,False,-0.18481708664510296,0.28329878017745724,0.74289966912693828,False,False,M2
2016-06-30,BND,6,2016-12-30,2016-12-30,10,0.14135779460259301,0.080480201308575,0.19701892459267056,159.98587196060572,0.14149153566394584,0.5,0.070745767831972922,0.47647157411671009,0.028339755563598693,105,1,False,-0.034203722011343543,0.17569525767528937,0.43544176517271516,False,False,M2
2016-06-30,DBC,6,2016-12-30,2016-12-30,10,0.065284339060155183,0.13163068864573602,0.23421906893583436,11.513953993264458,0.19286350111462414,0.5,0.096431750557312068,0.40312136427405665,0.046201837832908092,119,1,False,-0.24123936706923316,0.43410286818385729,0.85248722739480653,False,False,M2
2016-06-30,GLD,6,2016-12-30,2016-12-30,10,0.25072920900137008,0.082002362245721896,0.30051993468090948,1048.1131341546852,0.19175989167217589,0.5,0.095879945836087943,0.4977176059421578,-0.010182793082067826,134,0,False,-0.11835320816665493,0.31011309983883084,0.70866417190084496,False,False,M2
2016-06-30,VDE,6,2016-12-30,2016-12-30,10,-0.020924685541663157,0.067680171238103645,0.11606798156217114,24.420530945486497,0.089648513080939254,0.5,0.044824256540469627,0.54599429699944868,-0.0016048425083563819,135,0,False,-0.24612129993804421,0.33576981301898345,0.64625314284291679,False,False,M2
2016-06-30,VMBS,6,2016-12-30,2016-12-30,10,0.13546322864480709,0.08508884533443159,0.17590675303409689,109.85411419875572,0.14581452646005419,0.5,0.072907263230027095,0.33134683826407518,0.057304998023844901,73,1,False,-0.038980932709455532,0.18479545916950973,,False,True,M2
2016-06-30,VOO,6,2016-12-30,2016-12-30,10,0.0082187236419339893,0.039700958105918685,0.18201355627336813,11.513953993264458,0.1108572571896434,0.5,0.055428628594821699,0.5,0.0086066683027796083,64,1,False,,,,True,True,M2
2016-06-30,VWO,6,2016-12-30,2016-12-30,10,0.033870377269062057,0.10570060888021479,0.23309298645751378,11.513953993264458,0.17883636628326219,0.5,0.089418183141631094,0.42590162147911731,-0.0074416861691270391,130,1,False,-0.13563855636341404,0.31447492264667626,0.6682793052077115,False,False,M2
2016-07-29,BND,6,2017-01-31,2017-01-31,10,0.20252146456333453,0.10363259890864956,0.13468653959752419,159.98587196060572,0.11911167285128728,0.40000000000000002,0.047644669140514913,0.5015423614760991,0.028275951672301,106,1,False,-0.057301074355535643,0.15259041263656548,0.59782018900418687,False,False,M2
2016-07-29,DBC,6,2017-01-31,2017-01-31,10,0.065929940108925944,0.20464754723291623,0.17033732540308608,11.513953993264458,0.18465522510050947,0.40000000000000002,0.07386209004020379,0.4173071153091491,0.045421135010544025,120,1,False,-0.26098815987743862,0.40871233995784617,0.79625175663146897,False,False,M2
2016-07-29,GLD,6,2017-01-31,2017-01-31,10,0.28896725551578339,0.091247384652569402,0.23174323779422307,1048.1131341546852,0.16017612526811673,0.40000000000000002,0.064070450107246699,0.50938950101217206,-0.011115548203980512,135,0,False,-0.17650172962498245,0.30464262983947582,0.63434220161270005,False,False,M2
2016-07-29,VDE,6,2017-01-31,2017-01-31,10,0.051247636942578056,0.12793059510044491,0.058162962050814601,24.420530945486497,0.097614660257747093,0.40000000000000002,0.039045864103098842,0.56547279135681583,-0.0024177662783415339,136,0,False,-0.24667289763003758,0.32476462583623528,0.62693153018246661,False,False,M2
2016-07-29,VMBS,6,2017-01-31,2017-01-31,10,0.18797102666325971,0.1127072569788324,0.12825960350150617,109.85411419875572,0.12019269490402638,0.40000000000000002,0.048077077961610558,0.51869398522718324,0.057216874032021144,74,1,False,-0.063811117977872062,0.15996527390109319,,False,True,M2
2016-07-29,VOO,6,2017-01-31,2017-01-31,10,0.10245451530670868,0.076017254689688965,0.16475530814093436,11.513953993264458,0.12038628141531166,0.40000000000000002,0.048154512566124665,0.5,0.0075071464403895808,65,1,False,,,,True,True,M2
2016-07-29,VWO,6,2017-01-31,2017-01-31,10,0.12538700595675345,0.1478821446795221,0.21211968535981965,11.513953993264458,0.18322919752776065,0.40000000000000002,0.073291679011104269,0.44974461235749125,-0.0084644478935914265,131,1,False,-0.15174202512053592,0.29832538314274448,0.65410868919445864,False,False,M2
2016-08-31,BND,6,2017-02-28,2017-02-28,10,0.2511209151249264,0.10793217951890016,0.186441935029317,159.98587196060572,0.14615024966196785,0.40000000000000002,0.058460099864787146,0.51320609910704851,0.027723671094030632,107,1,False,-0.046131764150244864,0.16305196387981916,0.43236571278024405,False,False,M2
2016-08-31,DBC,6,2017-02-28,2017-02-28,10,0.17711131747883524,0.18486780103789316,0.21981834358952229,11.513953993264458,0.20499312275139189,0.40000000000000002,0.081997249100556766,0.42417713018991038,0.043582551043297481,121,1,False,-0.25285168524933616,0.41684618345044971,0.77117244672433916,False,False,M2
2016-08-31,GLD,6,2017-02-28,2017-02-28,10,0.28330523344017355,0.090355039344014634,0.30724299449534237,1048.1131341546852,0.19484254454515632,0.40000000000000002,0.077937017818062532,0.5182420105891159,-0.011565359630340347,136,0,False,-0.15763752881425003,0.31351156445037509,0.55627503122846622,False,False,M2
2016-08-31,VDE,6,2017-02-28,2017-02-28,10,0.2044499742949053,0.053749494944454038,0.12886914998034654,24.420530945486497,0.086027714311910711,0.40000000000000002,0.034411085724764284,0.57030927056262459,-0.0040895248389224269,137,0,False,-0.25130220878251086,0.32012438023203937,0.62773871205883203,False,False,M2
2016-08-31,VMBS,6,2017-02-28,2017-02-28,10,0.24213264577167037,0.11801431964251929,0.17263148957821772,109.85411419875572,0.14088666457039858,0.40000000000000002,0.056354665828159435,0.58122427517194286,0.056285746199223038,75,1,False,-0.055533530111323191,0.16824286176764205,,False,True,M2
2016-08-31,VOO,6,2017-02-28,2017-02-28,10,0.1308497765108998,0.043098092291182305,0.19337739859956546,11.513953993264458,0.11823774544537388,0.40000000000000002,0.047295098178149558,0.5,0.0055527654202778814,66,1,False,,,,True,True,M2
2016-08-31,VWO,6,2017-02-28,2017-02-28,10,0.16939650300649789,0.086252375675509335,0.22271736752029828,11.513953993264458,0.15896645098096671,0.40000000000000002,0.063586580392386682,0.46715949400297413,-0.010165181800398621,132,1,False,-0.19372483779565608,0.32089799858042944,0.66266621032972983,False,False,M2
2016-09-30,BND,6,2017-03-31,2017-03-31,11,0.29042009484893472,0.055996817090983877,0.22005960404913738,10000,0.13504757503499643,0.29999999999999999,0.040514272510498925,0.51816765148469923,0.026265456795744723,108,1,False,-0.074268725459704074,0.15529727048070191,0.37079028997612817,False,False,M2
2016-09-30,DBC,6,2017-03-31,2017-03-31,11,0.25276890301703614,0.12733203922012071,0.26836077613736237,10000,0.2064268768916728,0.29999999999999999,0.061928063067501836,0.43915800849888881,0.041426692528280122,122,1,False,-0.26230875061981024,0.38616487675481387,0.77300033524797196,False,False,M2
2016-09-30,GLD,6,2017-03-31,2017-03-31,11,0.32117135402019859,0.089346670138053141,0.33973237584971511,10000,0.20878311770818622,0.29999999999999999,0.062634935312455869,0.52299015141194527,-0.012759178647242152,137,0,False,-0.18225784588752286,0.3075277165124346,0.49664202184018158,False,False,M2
2016-09-30,VDE,6,2017-03-31,2017-03-31,11,0.26450016194127635,0.061614847055932113,0.19301600912612291,10000,0.11774069886273934,0.29999999999999999,0.035322209658821803,0.57286639689817676,-0.0058854680563662724,138,0,False,-0.24512963080399389,0.31577405012163751,0.67124971811100687,False,False,M2
2016-09-30,VMBS,6,2017-03-31,2017-03-31,11,0.28135170818712341,0.057289281612003203,0.23125304085637508,10000,0.1312758883941719,0.29999999999999999,0.039382766518251566,0.57470103483888513,0.053990197941992467,76,1,False,-0.13069778207624005,0.20946331511274319,,False,True,M2
2016-09-30,VOO,6,2017-03-31,2017-03-31,11,0.1654192488476689,0.007009559347517515,0.14945423255560453,10000,0.024800835599733034,0.29999999999999999,0.0074402506799199101,0.87510044530604847,0.0029061987495286614,67,1,False,,,,True,True,M2
2016-09-30,VWO,6,2017-03-31,2017-03-31,11,0.20363942740866037,0.086390682498144661,0.20216792651987359,10000,0.14719780335555832,0.29999999999999999,0.044159341006667498,0.47479212023736317,-0.011809085394059778,133,1,False,-0.22955986675324888,0.31787854876658389,0.65806298829928589,False,False,M2
2016-09-30,VXUS,6,2017-03-31,2017-03-31,11,0.20144351459253951,0.064857163425415976,0.13253225375539768,10000,0.098694708590406827,0.29999999999999999,0.029608412577122045,0.5,0.0565970814101096,62,1,False,,,,True,True,M2
2016-10-31,BND,6,2017-04-28,2017-04-28,11,0.29133375615608192,0.055907991613972072,0.18865154684977073,10000,0.11847495265052606,0.29999999999999999,0.035542485795157813,0.52866291003421362,0.025580262838079126,109,1,False,-0.097311779629870837,0.16839675122018646,0.35574956103806143,False,False,M2
2016-10-31,DBC,6,2017-04-28,2017-04-28,11,0.30892200883662702,0.12719499302343851,0.25807299296754249,10000,0.19952398497816778,0.29999999999999999,0.059857195493450331,0.447355613734777,0.040482167821421118,123,1,False,-0.24766379798577962,0.36737818897268026,0.72628418407142981,False,False,M2
2016-10-31,GLD,6,2017-04-28,2017-04-28,11,0.29183758696992113,0.089128005655429179,0.27382927121221184,10000,0.17562565289436882,0.29999999999999999,0.052687695868310645,0.53168893034819142,-0.012798811588250443,138,0,False,-0.19034545720796056,0.29572084894458184,0.4782415549114678,False,False,M2
2016-10-31,VDE,6,2017-04-28,2017-04-28,11,0.29393083434972489,0.061422499152597503,0.20775168908528321,10000,0.12371208697115708,0.29999999999999999,0.037113626091347121,0.57431878186974172,-0.0062314110046979227,139,0,False,-0.23046828845402717,0.30469554063672138,0.66306257499315269,False,False,M2
2016-10-31,VMBS,6,2017-04-28,2017-04-28,11,0.29178007806840078,0.057228424094512557,0.19468449279610808,10000,0.11189827364609839,0.29999999999999999,0.033569482093829518,0.60227402057984758,0.05267165934260231,77,1,False,-0.13651106650066211,0.20365003068832113,,False,True,M2
2016-10-31,VOO,6,2017-04-28,2017-04-28,11,0.15276458618571076,0.0068708626289099243,0.133893558661794,10000,0.02046778952123391,0.29999999999999999,0.0061403368563701733,0.8929567131152375,0.001745221154620187,68,1,False,,,,True,True,M2
2016-10-31,VWO,6,2017-04-28,2017-04-28,11,0.20095095858220202,0.086081904564207043,0.21091215164076788,10000,0.15091000313502514,0.29999999999999999,0.045273000940507541,0.48066994907846533,-0.012669355443308099,134,1,False,-0.22841406823562291,0.31896007011663796,0.6289858751509273,False,False,M2
2016-10-31,VXUS,6,2017-04-28,2017-04-28,11,0.1765937075592332,0.064737772104254937,0.13996467344384667,10000,0.1023512227740508,0.29999999999999999,0.030705366832215239,0.5,0.054726661436085282,63,1,False,,,,True,True,M2
2016-11-30,BND,6,2017-05-31,2017-05-31,11,0.26337951653740377,0.055911446065209223,0.16312633847222843,10000,0.1060198620351368,0.29999999999999999,0.031805958610541037,0.53263567359932307,0.025495980191002642,110,1,False,-0.08636518941838095,0.14997710663946301,0.45644224899799207,False,False,M2
2016-11-30,DBC,6,2017-05-31,2017-05-31,11,0.29655694768510088,0.12704687605766929,0.24235385518138794,10000,0.1907396203685324,0.29999999999999999,0.057221886110559714,0.44762455148075669,0.040089778148706394,124,1,False,-0.23939216861828311,0.35383594083940256,0.7095182696354505,False,False,M2
2016-11-30,GLD,6,2017-05-31,2017-05-31,11,0.21680979868382222,0.08927116422616628,0.24829156002511255,10000,0.16297896063000325,0.29999999999999999,0.048893688189000972,0.53648841059968366,-0.01247616836961621,139,0,False,-0.19167763812241773,0.28946501450041967,0.52252935524327337,False,False,M2
2016-11-30,VDE,6,2017-05-31,2017-05-31,11,0.36827799555910057,0.061255828958023992,0.17305357314410383,10000,0.10911891591385134,0.29999999999999999,0.032735674774155399,0.57187788265063355,-0.0067834793612528976,140,0,False,-0.23482132838098391,0.3002926779292947,0.65697722492815869,False,False,M2
2016-11-30,VMBS,6,2017-05-31,2017-05-31,11,0.2684418521768861,0.057201352426777832,0.16403562015388312,10000,0.098892960153864992,0.29999999999999999,0.029667888046159496,0.60975435490807928,0.052200206907201001,78,1,False,-0.09827766134800503,0.15761343744032402,,False,True,M2
2016-11-30,VOO,6,2017-05-31,2017-05-31,11,0.18485457047058129,0.0068181769374144607,0.13332397443261298,10000,0.018917651556798549,0.29999999999999999,0.0056752954670395645,0.90435636264145669,0.0008544548159234275,69,0,False,,,,True,True,M2
2016-11-30,VWO,6,2017-05-31,2017-05-31,11,0.13652780607261339,0.086120542022095375,0.20479464296231731,10000,0.14751812350156621,0.29999999999999999,0.044255437050469859,0.48263706240001097,-0.013172558966842314,135,1,False,-0.22035501717835509,0.30886589127929481,0.6135776210650753,False,False,M2
2016-11-30,VXUS,6,2017-05-31,2017-05-31,11,0.12030962266376988,0.064716121635277651,0.14634516755942542,10000,0.10553064459735154,0.29999999999999999,0.031659193379205461,0.5,0.053753090601107695,64,1,False,,,,True,True,M2
2016-12-30,BND,6,2017-06-30,2017-06-30,11,0.24084529330100835,0.055041564263343341,0.13149284679551282,10000,0.090857325123707033,0.29999999999999999,0.027257197537112109,0.53152177865305283,0.02653978032083679,111,1,False,-0.09084740634912622,0.14536180142335042,0.55910929641083085,False,False,M2
2016-12-30,DBC,6,2017-06-30,2017-06-30,11,0.35197526209463059,0.12641071252313238,0.14421373763257139,10000,0.13613417979525119,0.29999999999999999,0.040840253938575356,0.4538306151709296,0.040291334635997982,125,1,False,-0.25574196566322133,0.33742247354037208,0.73196001448763992,False,False,M2
2016-12-30,GLD,6,2017-06-30,2017-06-30,11,0.18749616079977338,0.087992843052809758,0.16640372991560468,10000,0.12472354034853801,0.29999999999999999,0.037417062104561402,0.531561256793327,-0.010596129959823454,140,0,False,-0.19815153118906642,0.27298565539818925,0.5845680012758806,False,False,M2
2016-12-30,VDE,6,2017-06-30,2017-06-30,11,0.40782717344904118,0.060671421144821866,0.087371734901689757,10000,0.072057432806254026,0.29999999999999999,0.021617229841876206,0.57356262682480896,-0.0068837716036671565,141,0,False,-0.24206584969182421,0.2853003093755766,0.60366926341979177,False,False,M2
2016-12-30,VMBS,6,2017-06-30,2017-06-30,11,0.24860387729100553,0.0563519030423517,0.1316101563176231,10000,0.086525161181168736,0.29999999999999999,0.025957548354350619,0.59907044309874435,0.053254169207677025,79,1,False,-0.10146131354980985,0.15337641025851109,,False,True,M2
2016-12-30,VOO,6,2017-06-30,2017-06-30,11,0.17278713510642518,0.006339708318940907,0.12846695357606758,10000,0.016306846745814695,0.29999999999999999,0.0048920540237444082,0.91838726562701889,0.00095965865629500701,70,1,False,-0.17972044621401914,0.18950455426150795,,False,True,M2
2016-12-30,VWO,6,2017-06-30,2017-06-30,11,0.11396251680974845,0.085555608141072437,0.17627376838404984,10000,0.13182195454619333,0.29999999999999999,0.039546586363858001,0.4899990665462991,-0.012826655023931256,136,1,False,-0.22013181911166713,0.29922499183938311,0.64667645276445718,False,False,M2
2016-12-30,VXUS,6,2017-06-30,2017-06-30,11,0.11580130720262827,0.064276281394331544,0.047393744073676185,10000,0.055835012734003861,0.29999999999999999,0.016750503820201157,0.5,0.053445114337998055,65,1,False,,,,True,True,M2
2017-01-31,BND,6,2017-07-31,2017-07-31,11,0.23726445473260283,0.054374258805734772,0.1233830350807734,10000,0.087006605259516437,0.29999999999999999,0.02610198157785493,0.52712758847188523,0.028111045358716232,112,1,False,-0.10714221841854382,0.15934618157425368,0.60341329047278047,False,False,M2
2017-01-31,DBC,6,2017-07-31,2017-07-31,11,0.31568795550279227,0.12592599508224722,0.21838361088427694,10000,0.17653721509506304,0.29999999999999999,0.052961164528518907,0.45260085311755649,0.040494815631814875,126,1,False,-0.23949356773652986,0.34541589679356766,0.75638137696510943,False,False,M2
2017-01-31,GLD,6,2017-07-31,2017-07-31,11,0.20145259178289243,0.087109715559539919,0.20303927660128115,10000,0.142078252048986,0.29999999999999999,0.042623475614695795,0.52584538408064641,-0.0084715669422659613,141,0,False,-0.18480819683028318,0.27005514805967479,0.59600536924024838,False,False,M2
2017-01-31,VDE,6,2017-07-31,2017-07-31,11,0.37405062295085989,0.060219373164404406,0.20562084668439123,10000,0.12280153649753629,0.29999999999999999,0.036840460949260884,0.56959058379467276,-0.006474395487144304,142,0,False,-0.22379446448679705,0.29747538638531879,0.652693748198514,False,False,M2
2017-01-31,VMBS,6,2017-07-31,2017-07-31,11,0.24415265992485202,0.055637828911732627,0.12154218375276928,10000,0.083019244967770522,0.29999999999999999,0.024905773490331157,0.58452797054029715,0.054938129925871812,80,1,False,-0.11773241156521272,0.16754395854587503,,False,True,M2
2017-01-31,VOO,6,2017-07-31,2017-07-31,11,0.17649694615046374,0.0060819686510192395,0.14270645506664875,10000,0.017785150673220371,0.29999999999999999,0.0053355452019661111,0.91434052321632497,0.0023891636795402701,71,1,False,-0.17927695503579744,0.18994804543972965,,False,True,M2
2017-01-31,VWO,6,2017-07-31,2017-07-31,11,0.12616308519092878,0.08540589606818183,0.23550689284612525,10000,0.16141415247696134,0.29999999999999999,0.048424245743088401,0.49361924277408564,-0.011817796184656186,137,1,False,-0.20835665213962118,0.30520514362579798,0.64109746367771425,False,False,M2
2017-01-31,VXUS,6,2017-07-31,2017-07-31,11,0.1311628960226543,0.064038273746446536,0.107965001415079,10000,0.086001637580762763,0.29999999999999999,0.025800491274228829,0.5,0.054493785678414258,66,1,False,,,,True,True,M2
2017-02-28,BND,6,2017-08-31,2017-08-31,11,0.21665296901714703,0.053951212018706243,0.093653580090581071,10000,0.073120132774062041,0.40000000000000002,0.029248053109624819,0.51718444802452268,0.030084584029213667,113,1,False,-0.1516313521188144,0.21012745833806407,0.6560275733855937,False,False,M2
2017-02-28,DBC,6,2017-08-31,2017-08-31,11,0.2973984031578002,0.12571292222502808,0.2037435174466124,10000,0.16827180052545135,0.40000000000000002,0.067308720210180542,0.45458729131094872,0.041570536118799288,127,1,False,-0.21763363247397755,0.3522510728943386,0.77141081775250697,False,False,M2
2017-02-28,GLD,6,2017-08-31,2017-08-31,11,0.21403979432148446,0.08650947405919239,0.16202380516022025,10000,0.12281859592339663,0.40000000000000002,0.04912743836935865,0.51917574671187128,-0.0064168007423896275,142,0,False,-0.17057469530185343,0.26882957204057073,0.62874777047422714,False,False,M2
2017-02-28,VDE,6,2017-08-31,2017-08-31,11,0.35215884489195337,0.060015530799674359,0.18284980028574674,10000,0.11346289594713158,0.40000000000000002,0.045385158378852632,0.56488229733382844,-0.0049993998942628372,143,0,False,-0.20435027230932554,0.29512058906703081,0.6646079771282668,False,False,M2
2017-02-28,VMBS,6,2017-08-31,2017-08-31,11,0.22408610333822954,0.055214845276477763,0.10454136865653205,10000,0.077323417325556323,0.40000000000000002,0.030929366930222531,0.55179139874231653,0.057249173331375504,81,1,False,-0.14045930094335402,0.20231803480379906,,False,True,M2
2017-02-28,VOO,6,2017-08-31,2017-08-31,11,0.19685978041847862,0.0059114251672594421,0.12798611471303653,10000,0.020716897969167397,0.40000000000000002,0.0082867591876669595,0.87871791558924239,0.0041733388577535968,72,1,False,-0.17632574105009657,0.19289925942543051,,False,True,M2
2017-02-28,VWO,6,2017-08-31,2017-08-31,11,0.1025842724113466,0.085275141231591522,0.2173168770789487,10000,0.15234879839113094,0.40000000000000002,0.060939519356452379,0.49202684492819843,-0.010504649089068115,138,1,False,-0.18464411214212656,0.30652315085503129,0.66139201395872615,False,False,M2
2017-02-28,VXUS,6,2017-08-31,2017-08-31,11,0.11544441808513617,0.063803085262807702,0.12160859496317801,10000,0.092705840112992849,0.40000000000000002,0.037082336045197138,0.5,0.056390569059191334,67,1,False,,,,True,True,M2
2017-03-31,BND,6,2017-09-29,2017-09-29,12,0.21220216865643216,0.055491567997760075,0.047360130271172141,10000,0.051408390446510105,0.5,0.025704195223255052,0.497852939597764,0.032368228860965603,114,1,False,-0.20582121613099702,0.25722960657750715,0.6966565097853411,False,False,M2
2017-03-31,DBC,6,2017-09-29,2017-09-29,12,0.22334282777208925,0.13721928103927042,-0.030503103568990192,10000,0.044826088879338345,0.5,0.022413044439669173,0.44913022566588556,0.043220523360191762,128,1,False,-0.24426063006244275,0.28908671894178112,0.72278692139173562,False,False,M2
2017-03-31,GLD,6,2017-09-29,2017-09-29,12,0.21174431299868335,0.11725031958233104,0.050641239422011736,159.98587196060572,0.084673074357905553,0.5,0.042336537178952777,0.51091885451628605,-0.0041259744853085912,143,0,False,-0.20069538327926131,0.28536845763716689,0.66052410442327325,False,False,M2
2017-03-31,VDE,6,2017-09-29,2017-09-29,12,0.25017925401698016,0.069861368406112068,-0.058858096825901825,10000,0.012870222625100753,0.5,0.0064351113125503765,0.55724531889340845,-0.0031278751592938212,144,0,False,-0.23727791386357686,0.25014813648867762,0.58453274907077291,False,False,M2
2017-03-31,VMBS,6,2017-09-29,2017-09-29,12,0.21996558938625288,0.058345193411564057,0.036699197355708771,10000,0.046959917507427,0.5,0.0234799587537135,0.47402393150407501,0.059982131073518768,82,1,False,-0.21848898291515834,0.26544890042258534,,False,True,M2
2017-03-31,VOO,6,2017-09-29,2017-09-29,12,0.15893064693335668,0.0095546099392913014,0.059177393260218175,10000,0.019948699067850174,0.5,0.0099743495339250868,0.79053796597145953,0.0063821869398072309,73,1,False,-0.15180943464382596,0.17175813371167614,,False,True,M2
2017-03-31,VWO,6,2017-09-29,2017-09-29,12,0.1193094092786644,0.082324173183542931,0.020836273430352745,10000,0.050704236300817086,0.5,0.025352118150408543,0.48575350581745463,-0.0089640442221779817,139,1,False,-0.22020591390563121,0.27091015020644832,0.72361930122244611,False,False,M2
2017-03-31,VXUS,6,2017-09-29,2017-09-29,12,0.11648041446295632,0.061566930850389015,0.0042717920853297502,10000,0.015896902081592595,0.5,0.0079484510407962974,0.20289871439062249,0.058523700611152335,68,1,False,,,,True,True,M2
2017-04-28,BND,6,2017-10-31,2017-10-31,12,0.21757296341207155,0.054848788240654332,0.055176871399432996,10000,0.055018295700440603,0.5,0.027509147850220302,0.48333995436617422,0.034620103011357921,115,1,False,-0.22828212251070379,0.28330041821114438,0.70690554761240509,False,False,M2
2017-04-28,DBC,6,2017-10-31,2017-10-31,12,0.15476647342206284,0.13653053200659865,0.15190880712488197,10000,0.14509717727985794,0.5,0.072548588639928968,0.4429384825431843,0.045280224797993596,129,1,False,-0.18774311811245969,0.33284029539231763,0.78458139923340597,False,False,M2
2017-04-28,GLD,6,2017-10-31,2017-10-31,12,0.23004139850861316,0.081079609902213801,0.028290979848266399,159.98587196060572,0.054890598245388923,0.5,0.027445299122694462,0.50388915889537222,-0.0020706719752028252,144,0,False,-0.21311343923177017,0.26800403747715912,0.67915376705906982,False,False,M2
2017-04-28,VDE,6,2017-10-31,2017-10-31,12,0.22995767161836222,0.069252441952158961,0.13781311795918241,10000,0.10017765760649193,0.5,0.050088828803245965,0.54893654124464952,-0.0010791944040592092,145,0,False,-0.21357467579409414,0.31375233340058606,0.68867771477828821,False,False,M2
2017-04-28,VMBS,6,2017-10-31,2017-10-31,12,0.22191111271758923,0.057727153710196481,0.041387863685557788,10000,0.048372716916324443,0.5,0.024186358458162222,0.42748817238900244,0.062774877422854689,83,1,False,-0.23402423751640902,0.28239695443273349,,False,True,M2
2017-04-28,VOO,6,2017-10-31,2017-10-31,12,0.13777051980841959,0.0091727656107869569,0.10387668954531311,10000,0.036718396148470521,0.5,0.01835919807423526,0.70913950137137594,0.0083603274701572784,74,1,False,-0.14294898785226556,0.17966738400073606,,False,True,M2
2017-04-28,VWO,6,2017-10-31,2017-10-31,12,0.10223128336234599,0.081831292861539534,0.08147852219589001,10000,0.081647908701656127,0.5,0.040823954350828064,0.48016040521461983,-0.0074646513450038416,140,1,False,-0.19331053185798103,0.27495844055963714,0.71441439205014878,False,False,M2
2017-04-28,VXUS,6,2017-10-31,2017-10-31,12,0.1178497007355539,0.061152187615715045,0.092636922906578448,10000,0.087823725918246651,0.5,0.043911862959123325,0.15287398619891074,0.060234860132139009,69,1,False,,,,True,True,M2
2017-05-31,BND,6,2017-11-30,2017-11-30,12,0.21241475983989244,0.054964508173669616,0.044423923562733197,10000,0.049404322555267596,0.5,0.024702161277633798,0.47249741606997492,0.036592166921065213,116,1,False,-0.23108910908329028,0.28049343163855789,0.72073191133316927,False,False,M2
2017-05-31,DBC,6,2017-11-30,2017-11-30,12,0.12018661337581338,0.13677605636481474,-0.051024390529068347,10000,0.031171783962986598,0.5,0.015585891981493299,0.43767826888346018,0.04721312266635596,130,1,False,-0.23620776207471039,0.26737954603769698,0.71358926288709368,False,False,M2
2017-05-31,GLD,6,2017-11-30,2017-11-30,12,0.21100143915030145,0.083613163966980542,0.0055274263695281114,159.98587196060572,0.044592011167368245,0.5,0.022296005583684123,0.50027810455253519,-0.00056115148789920722,145,0,False,-0.21701453055220876,0.26160654171957698,0.68908347136917525,False,False,M2
2017-05-31,VDE,6,2017-11-30,2017-11-30,12,0.18829238069737975,0.069721597228504781,-0.10305443614533219,10000,-0.0093739989744524976,0.5,-0.0046869994872262488,0.54220736141211512,0.0014506493628117503,146,0,False,-0.29041431861736294,0.28104031964291049,0.55866649160729864,False,False,M2
2017-05-31,VMBS,6,2017-11-30,2017-11-30,12,0.21880767536343515,0.05782871484296475,0.032422779375044522,10000,0.042603681753302085,0.5,0.021301840876651042,0.40072928592268797,0.06522329378897411,84,1,False,-0.2369087550979202,0.27951243685122229,,False,True,M2
2017-05-31,VOO,6,2017-11-30,2017-11-30,12,0.13790775834341784,0.0096372387046650826,0.03242056181932277,10000,0.018092955509745066,0.5,0.0090464777548725332,0.62886376308994241,0.010713584043496266,75,1,False,-0.17073648894136051,0.18882944445110555,,False,True,M2
2017-05-31,VWO,6,2017-11-30,2017-11-30,12,0.096732879094743707,0.082272506974164883,-0.061449091209867399,10000,0.0077168510619787948,0.5,0.0038584255309893974,0.48124946525629886,-0.0064434282427512386,141,1,False,-0.22123551925509466,0.22895237031707344,0.74496258939771887,False,False,M2
2017-05-31,VXUS,6,2017-11-30,2017-11-30,12,0.12504189691321099,0.061562843034372525,-0.032329806238366447,10000,-0.017518972145766372,0.5,-0.008759486072883186,0.15774221099649266,0.061093071025448024,70,1,False,,,,True,True,M2
2017-06-30,BND,6,2017-12-29,2017-12-29,12,0.26541404067553809,0.054657790836699041,0.040256039530113218,10000,0.046959640355284965,0.75,0.035219730266463724,0.46547122516316708,0.038337920137987806,117,1,False,-0.21481403659420004,0.2852534971271275,0.73026739598752133,False,False,M2
2017-06-30,DBC,6,2017-12-29,2017-12-29,12,0.12790619376377843,0.13645212203325616,-0.051024390529068347,10000,0.031117515842873218,0.75,0.023338136882154914,0.43814505214158167,0.04953955121160996,131,1,False,-0.26911582647162557,0.3157921002359354,0.71483304169825668,False,False,M2
2017-06-30,GLD,6,2017-12-29,2017-12-29,12,0.22968338360140472,0.067706620712508159,0.0055274263695281114,159.98587196060572,0.036452940660690221,0.75,0.027339705495517667,0.49736112887820905,0.00072691229489306778,146,0,False,-0.20809490906606459,0.26277432005709994,0.69639012603906914,False,False,M2
2017-06-30,VDE,6,2017-12-29,2017-12-29,12,0.13889896455914652,0.069429142818819511,-0.11176615146712615,10000,-0.013996459623608347,0.75,-0.010497344717706259,0.53958184857288138,0.0042151155130582081,147,0,False,-0.33494516582598471,0.31395047639057222,0.55357405430802464,False,False,M2
2017-06-30,VMBS,6,2017-12-29,2017-12-29,12,0.26847079979612887,0.057525444793458294,0.028528760091804301,10000,0.039780826254180293,0.75,0.02983561969063522,0.38804664319897803,0.067380712418409774,85,1,False,-0.22837497628393602,0.28804621566520644,,False,True,M2
2017-06-30,VOO,6,2017-12-29,2017-12-29,12,0.16180870246282075,0.0095429454648574621,0.029081538303426427,10000,0.018075576670232706,0.75,0.013556682502674529,0.56329346356345966,0.012846130768008487,76,1,False,-0.16616591502428937,0.19327928002963843,,False,True,M2
2017-06-30,VWO,6,2017-12-29,2017-12-29,12,0.13451302526164866,0.082143332071937955,-0.042965154077057907,10000,0.017482096739337032,0.75,0.013111572554502774,0.4831586783362265,-0.0055954990522406756,142,1,False,-0.20293148129068123,0.22915462639968676,0.74355260158814518,False,False,M2
2017-06-30,VXUS,6,2017-12-29,2017-12-29,12,0.16777223761729099,0.061392307108403585,-0.031006950322917219,10000,-0.0088015256727149507,0.75,-0.006601144254536213,0.24032037991979838,0.061863609563154787,71,1,False,-0.17843624626995366,0.16523395776088126,,False,True,M2
2017-07-31,BND,6,2018-01-31,2018-01-31,12,0.16288825919893635,0.054692948405900207,0.040256039530113218,10000,0.046891490292238179,0.75,0.035168617719178633,0.45961713959791478,0.040023738227772679,118,1,False,-0.21486242691760798,0.28519966235596522,0.73783276864633696,False,False,M2
2017-07-31,DBC,6,2018-01-31,2018-01-31,12,0.007314371355031879,0.13640655796867879,-0.066600952635028438,10000,0.021597379156947379,0.75,0.016198034367710536,0.43445846673204408,0.051555827001694671,132,1,False,-0.26873298958367037,0.30112905831909148,0.70598142057340862,False,False,M2
2017-07-31,GLD,6,2018-01-31,2018-01-31,12,0.10001212848231944,0.0690467929248961,0.0055274263695281114,159.98587196060572,0.03685504178058175,0.75,0.027641281335436314,0.49319785618054401,0.0020923931077366023,147,0,False,-0.19983402731830771,0.25511658998918035,0.70217862426120348,False,False,M2
2017-07-31,VDE,6,2018-01-31,2018-01-31,12,-0.029724288276939292,0.069283737498039358,-0.12111286280899897,10000,-0.019843381950810899,0.75,-0.014882536463108175,0.53188702264052179,0.006714004076827141,148,0,False,-0.40493184326783693,0.3751667703416206,0.54198194865788485,False,False,M2
2017-07-31,VMBS,6,2018-01-31,2018-01-31,12,0.16458442422617037,0.057575220899471681,0.028528760091804301,10000,0.039568393201868862,0.75,0.029676294901401647,0.3800680979057674,0.069436200180112595,86,1,False,-0.2285343010731696,0.28788689087597291,,False,True,M2
2017-07-31,VOO,6,2018-01-31,2018-01-31,12,-0.011722837686895859,0.0093580953435839324,0.013082148093597369,10000,0.011213503126638354,0.75,0.0084101273449787659,0.50177725515630089,0.014971466032715701,77,1,False,-0.16420906888625417,0.18102932357621168,,False,True,M2
2017-07-31,VWO,6,2018-01-31,2018-01-31,12,-0.045564399655248833,0.082104465250459349,-0.042965154077057907,10000,0.01793655839627193,0.75,0.013452418797203948,0.4869424949143546,-0.0046741103512394893,143,1,False,-0.19799267694601153,0.2248975145404194,0.74425542373935716,False,False,M2
2017-07-31,VXUS,6,2018-01-31,2018-01-31,12,0.003151649708091453,0.061301570886256332,-0.038251723427152322,10000,-0.016547882549848767,0.75,-0.012410911912386576,0.21801228203435058,0.06282609965287006,72,1,False,-0.18424601392780404,0.15942419010303088,,False,True,M2
2017-08-31,BND,6,2018-02-28,2018-02-28,12,0.23745767878164148,0.054538217064889226,0.040256039530113218,10000,0.046781470058334967,0.75,0.035086102543751226,0.45689325120996604,0.041508017478103558,119,1,False,-0.19797410972332344,0.2681463148108259,0.7444963561211343,False,False,M2
2017-08-31,DBC,6,2018-02-28,2018-02-28,12,0.076854121263358888,0.13647231005455271,-0.051024390529068347,10000,0.029882287087711647,0.75,0.022411715315783735,0.43150987385346912,0.053404267423921029,133,1,False,-0.24492894062906967,0.28975237126063713,0.71364197845554611,False,False,M2
2017-08-31,GLD,6,2018-02-28,2018-02-28,12,0.18911272228710962,0.069463531184965843,0.0055274263695281114,159.98587196060572,0.036885899936213239,0.75,0.027664424952159927,0.49046581203541589,0.0035244701429646298,148,0,False,-0.19206533995169753,0.24739418985601738,0.70757471674221606,False,False,M2
2017-08-31,VDE,6,2018-02-28,2018-02-28,12,0.096770135999149742,0.06950974002321475,-0.12111286280899897,10000,-0.020925274846262859,0.75,-0.015693956134697144,0.52558084127579219,0.0090324258272642278,149,0,False,-0.40195722423071717,0.37056931196132287,0.53796977341660546,False,False,M2
2017-08-31,VMBS,6,2018-02-28,2018-02-28,12,0.23506312288051057,0.057379194766188697,0.028528760091804301,10000,0.039395166825772758,0.75,0.029546375119329567,0.37664620504371377,0.071213785273884042,87,1,False,-0.21332488067763666,0.27241763091629578,,False,True,M2
2017-08-31,VOO,6,2018-02-28,2018-02-28,12,0.081475896136507409,0.0095121172184599329,0.019012416573550739,10000,0.014678687745536424,0.75,0.011009015809152319,0.45616760757039265,0.017303367499199841,78,1,False,-0.17393352784469857,0.19595155946300319,,False,True,M2
2017-08-31,VWO,6,2018-02-28,2018-02-28,12,0.098068656236901974,0.082386985593300668,-0.042965154077057907,10000,0.018731012665977539,0.75,0.014048259499483153,0.4921827972404722,-0.0039292604709437497,144,1,False,-0.1960995223032474,0.22419604130221371,0.7452101465369535,False,False,M2
2017-08-31,VXUS,6,2018-02-28,2018-02-28,12,0.12185359994022704,0.061374198714421541,-0.036404993920006276,10000,-0.017876912837734234,0.75,-0.013407684628300675,0.18948899641198663,0.06354689853550384,73,1,False,-0.18524278664371813,0.1584274173871168,,False,True,M2
2017-09-29,BND,6,2018-03-30,2018-03-30,13,0.29610518425709298,0.066100910129119131,0.059648444020774793,2222.9964825261909,0.06260986344029193,0.75,0.046957397580218947,0.4589593141275754,0.042930468737922965,120,1,False,-0.18466233809221658,0.27857713325265449,0.74631645587809226,False,False,M2
2017-09-29,DBC,6,2018-03-30,2018-03-30,13,0.18157909901928759,0.13095169515096369,0.021191551322323376,10000,0.069559783342151307,0.75,0.052169837506613484,0.44067209036589239,0.054672465635474524,134,1,False,-0.20985318606960701,0.31419286108283395,0.75516994177984198,False,False,M2
2017-09-29,GLD,6,2018-03-30,2018-03-30,13,0.24954909579336393,0.046721300383343309,0.10960400324062751,51.794746792312019,0.078604009711745124,0.75,0.058953007283808839,0.4929812511278116,0.0049219187527345543,149,0,False,-0.15531954371511172,0.27322555828272943,0.71246041400422844,False,False,M2
2017-09-29,VDE,6,2018-03-30,2018-03-30,13,0.28447903362983173,0.063069137701271719,-0.047031445800956202,10000,0.011408921332696203,0.75,0.0085566909995221513,0.53079071222606045,0.010640071348529,150,0,False,-0.37770584662404783,0.39481922862309216,0.60097297849177489,False,False,M2
2017-09-29,VMBS,6,2018-03-30,2018-03-30,13,0.29540019717779198,0.070844359152320374,0.037166211626441827,10000,0.050336419837324307,0.75,0.037752314877993229,0.39106094540272418,0.07290414668425188,88,1,False,-0.20507145070170485,0.28057608045769133,,False,True,M2
2017-09-29,VOO,6,2018-03-30,2018-03-30,13,0.22529535641170217,0.010531522219775461,-0.035050987441209609,10000,-0.01485472763891045,0.75,-0.011141045729182838,0.44307037836456642,0.019096117871784106,79,1,False,-0.19115620153798946,0.16887411007962377,,False,True,M2
2017-09-29,VWO,6,2018-03-30,2018-03-30,13,0.19867155776997336,0.070465868058403963,-0.010891882430670874,10000,0.029418101714166176,0.75,0.022063576285624633,0.49546581490413866,-0.0030793386106016227,145,1,False,-0.18686625135879853,0.2309934039300478,0.74731958259944287,False,False,M2
2017-09-29,VXUS,6,2018-03-30,2018-03-30,13,0.23830934151146166,0.054613837803067528,-0.023388158407476212,10000,-0.00045293824569662012,0.75,-0.00033970368427246509,0.29403375908319862,0.064262216318307253,74,1,False,-0.14993472459534748,0.14925531722680255,,False,True,M2
2017-10-31,BND,6,2018-04-30,2018-04-30,13,0.29152474529044847,0.0675777193343855,0.048801426204287471,2222.9964825261909,0.057441276626824023,0.75,0.043080957470118017,0.46014675861057147,0.04437379514018866,121,1,False,-0.18853785464740608,0.27469976958764208,0.7535466600886338,False,False,M2
2017-10-31,DBC,6,2018-04-30,2018-04-30,13,0.17531386638977131,0.13133288010293862,0.0089708608808794273,10000,0.062809495416411384,0.75,0.047107121562308535,0.43999465584028241,0.055413902730189993,135,1,False,-0.2132006546268024,0.3074148977514195,0.75172209220026132,False,False,M2
2017-10-31,GLD,6,2018-04-30,2018-04-30,13,0.23456658337895653,0.089252540509982409,0.094863064397326904,51.794746792312019,0.092086029654788182,0.75,0.069064522241091136,0.49496888317378035,0.0064227152844404146,150,0,False,-0.14062116437517577,0.27875020885735802,0.71765335435809285,False,False,M2
2017-10-31,VDE,6,2018-04-30,2018-04-30,13,0.15371733430467827,0.063300100730498465,-0.049556841480622782,10000,0.0099646051399280219,0.75,0.0074734538549460165,0.52740616088290038,0.012092505787402069,151,0,False,-0.33106102656842529,0.34600793427831733,0.60049522964534641,False,False,M2
2017-10-31,VMBS,6,2018-04-30,2018-04-30,13,0.28771240850934809,0.07115742628457615,0.028977405560187092,10000,0.045948386589761109,0.75,0.034461289942320832,0.40234643649098933,0.07457838225766017,89,1,False,-0.20831973444183599,0.27724231432647767,0.69335758823708105,False,False,M2
2017-10-31,VOO,6,2018-04-30,2018-04-30,13,0.22828364450659899,0.010650629371790801,-0.040761921172559015,10000,-0.019380831563411163,0.75,-0.014535623672558371,0.4158729606441906,0.020579547895992045,80,1,False,-0.19449107370956034,0.16541982636444361,,False,True,M2
2017-10-31,VWO,6,2018-04-30,2018-04-30,13,0.23777318495935829,0.070831183276853726,-0.01167466723101389,10000,0.029206492133392492,0.75,0.021904869100044369,0.49549406633300541,-0.0023580329806499279,146,1,False,-0.18152930140811169,0.22533903960820045,0.75056655211053869,False,False,M2
2017-10-31,VXUS,6,2018-04-30,2018-04-30,13,0.23234630328233896,0.054731334245502812,-0.028463025890539003,10000,-0.0050428215671917773,0.75,-0.003782116175393833,0.28151192322472141,0.064976716110537208,75,1,False,-0.15291380206346172,0.14534956971267404,,False,True,M2
2017-11-30,BND,6,2018-05-31,2018-05-31,13,0.24721775351044406,0.066543922188575799,0.042754266684916199,2222.9964825261909,0.053750529502033031,0.75,0.040312897126524777,0.46222875381382716,0.045751180096743602,122,1,False,-0.1911802196452532,0.27180601389830272,0.75974016386539134,False,False,M2
2017-11-30,DBC,6,2018-05-31,2018-05-31,13,0.13106659782038155,0.13115320493875735,0.017772361142966219,10000,0.068554762372132427,0.75,0.05141607177909932,0.44789224995211524,0.055890172661407819,136,1,False,-0.20045173555734966,0.30328387911554833,0.76125549061746689,False,False,M2
2017-11-30,GLD,6,2018-05-31,2018-05-31,13,0.219897656397541,0.073781230463478648,0.094863064397326904,51.794746792312019,0.0843684324718567,0.75,0.063276324353892521,0.4978045059268012,0.0077775412703070439,151,0,False,-0.14301881257965465,0.2695714612874397,0.72217183781204419,False,False,M2
2017-11-30,VDE,6,2018-05-31,2018-05-31,13,0.10798294180132739,0.06332582999724487,-0.058851957190258514,10000,0.0064442534462037654,0.75,0.004833190084652824,0.53443602261558165,0.013251715490757187,152,0,False,-0.33077584434895846,0.34044222451826411,0.60217256298073807,False,False,M2
2017-11-30,VMBS,6,2018-05-31,2018-05-31,13,0.24176445849825112,0.070903887605208105,0.028977405560187092,10000,0.046333103749363128,0.75,0.034749827812022349,0.41395550837151901,0.07618092995883545,90,1,False,-0.20432841989376571,0.27382807551781041,0.74110179385828423,False,False,M2
2017-11-30,VOO,6,2018-05-31,2018-05-31,13,0.17171208868597154,0.010754439645292586,-0.040761921172559015,10000,-0.019382761486402163,0.75,-0.014537071114801622,0.41499747549614341,0.022028044321268907,81,1,False,-0.19444077614957292,0.16536663391996967,,False,True,M2
2017-11-30,VWO,6,2018-05-31,2018-05-31,13,0.22995222756721601,0.070808431773279015,-0.01167466723101389,10000,0.029813941572278842,0.75,0.022360456179209131,0.5029952718087547,-0.0016839451434023508,147,1,False,-0.17417988134393628,0.21890079370235452,0.75505333916139361,False,False,M2
2017-11-30,VXUS,6,2018-05-31,2018-05-31,13,0.21871616255147441,0.054775209034741063,-0.044957778909905016,10000,-0.0056179243316685978,0.75,-0.0042134432487514481,0.39445177958641803,0.065767047436888174,76,1,False,-0.15298475745225823,0.14455787095475534,,False,True,M2
2017-12-29,BND,6,2018-06-29,2018-06-29,13,0.089890709538335889,0.066518718949879874,0.04041220575595738,2222.9964825261909,0.052548114521197127,0.75,0.039411085890897847,0.46486134226706888,0.047537057012018359,123,1,False,-0.19208189922596183,0.27090407100775754,0.76503440181656135,False,False,M2
2017-12-29,DBC,6,2018-06-29,2018-06-29,13,0.007372771666467548,0.13134449168590559,-0.0037667256229943222,10000,0.057899849622316486,0.75,0.043424887216737366,0.45641343830338482,0.056415837049016357,137,1,False,-0.20341554298902242,0.29026531742249717,0.75668680021899215,False,False,M2
2017-12-29,GLD,6,2018-06-29,2018-06-29,13,0.11222851288901015,0.082253428464974243,0.11061274910005631,51.794746792312019,0.096432664539464863,0.75,0.072324498404598647,0.50001495956323738,0.0092374481277484738,152,0,False,-0.13249189002254588,0.27714088683174321,0.72695153922725486,False,False,M2
2017-12-29,VDE,6,2018-06-29,2018-06-29,13,-0.0035755977246934023,0.063545798225375247,-0.061907841895335158,10000,0.0060539466764151714,0.75,0.0045404600073113786,0.54172831100283803,0.014072939340877378,153,0,False,-0.3200206592123549,0.32910157922697769,0.60950066743453946,False,False,M2
2017-12-29,VMBS,6,2018-06-29,2018-06-29,13,0.080939796520873464,0.070861559368575688,0.0092620545461285543,10000,0.035514977065604941,0.75,0.026636232799203706,0.42618723308161577,0.078294005451552962,91,1,False,-0.21242818383499062,0.26570064943339805,0.77628761104975252,False,False,M2
2017-12-29,VOO,6,2018-06-29,2018-06-29,13,0.045294046513665975,0.010917208447640783,-0.068028495872986511,10000,-0.035162190222942223,0.75,-0.026371642667206666,0.41631531358010593,0.023732686493726857,82,1,False,-0.19903639500102505,0.14629310966661174,,False,True,M2
2017-12-29,VWO,6,2018-06-29,2018-06-29,13,0.14491858253300738,0.071126499809077592,-0.020882125586081404,10000,0.025984976130908988,0.75,0.019488732098181742,0.50937726235671255,-0.0007636953433682209,148,1,False,-0.17133151084093784,0.21030897503730134,0.76019895517474934,False,False,M2
2017-12-29,VXUS,6,2018-06-29,2018-06-29,13,0.10669401247108634,0.05482460903408564,-0.059366455585364665,10000,-0.0048086889372098767,0.75,-0.0036065167029074073,0.47777614500725035,0.067091790166503795,77,1,False,-0.17569544670396584,0.16848241329815103,,False,True,M2
2018-01-31,BND,6,2018-07-31,2018-07-31,13,0.12305268790425294,0.069047436205959031,0.042754266684916199,2222.9964825261909,0.055026537442504485,0.75,0.041269903081878362,0.46674748541694822,0.048467308642558021,124,1,False,-0.18904629037502166,0.27158609653877841,0.76949534697978794,False,False,M2
2018-01-31,DBC,6,2018-07-31,2018-07-31,13,0.11431849289676843,0.13177460057862872,0.022973818308101881,10000,0.072395730375869591,0.75,0.05429679778190219,0.45424224933312507,0.056060029326596178,138,1,False,-0.19104700129155874,0.29964059685536315,0.7722825548022032,False,False,M2
2018-01-31,GLD,6,2018-07-31,2018-07-31,13,0.20989122655804737,0.12544047375241907,0.10605351525640035,51.794746792312019,0.11579028283878842,0.75,0.08684271212909131,0.50223285846449794,0.0098307466921574351,153,0,False,-0.11558947733472891,0.28927490159291153,0.73214552346561079,False,False,M2
2018-01-31,VDE,6,2018-07-31,2018-07-31,13,0.1063670868113562,0.063940741103453227,-0.031139322675658488,10000,0.020305327360501432,0.75,0.015228995520376074,0.54106663364967023,0.013788541758943505,154,0,False,-0.29967566704689164,0.33013365808764383,0.62353738502185352,False,False,M2
2018-01-31,VMBS,6,2018-07-31,2018-07-31,13,0.11689592140817806,0.071470470413017337,0.025844648907721507,10000,0.045661041047122902,0.75,0.034245780785342177,0.43432406224403614,0.079231944786059674,92,1,False,-0.20440750158431228,0.27289906315499662,0.80125278873615136,False,False,M2
2018-01-31,VOO,6,2018-07-31,2018-07-31,13,0.12345962317666437,0.011130674036624995,-0.031571979076639105,10000,-0.013707411139945322,0.75,-0.010280558354958991,0.41834796281416003,0.023305511503598872,83,1,False,-0.18285687825434677,0.16229576154442876,,False,True,M2
2018-01-31,VWO,6,2018-07-31,2018-07-31,13,0.24916309693458483,0.071288069500813914,-0.01128366065652836,10000,0.030245154054519607,0.75,0.022683865540889706,0.50294228583940148,-0.001064371211233193,149,1,False,-0.15841222006597849,0.20377995114775788,0.74617034626174661,False,False,M2
2018-01-31,VXUS,6,2018-07-31,2018-07-31,13,0.19663751998622603,0.055167756436681786,-0.014509616639405244,10000,0.018140365625256311,0.75,0.013605274218942233,0.46858801965751612,0.066272044776011341,78,1,False,-0.13700065946960291,0.16421120790748736,,False,True,M2
2018-02-28,BND,6,2018-08-31,2018-08-31,13,0.15956932974148086,0.068061031599889243,0.048801426204287471,2222.9964825261909,0.057832851860419102,0.75,0.04337463889531433,0.46893098122322363,0.049979231603670689,125,1,False,-0.17205859182915717,0.25880786961978586,0.77380872104520504,False,False,M2
2018-02-28,DBC,6,2018-08-31,2018-08-31,13,0.13931892045000205,0.13124682371347232,-0.0093471100326018939,10000,0.055018843949184271,0.75,0.041264132961888203,0.45781458891417814,0.056209627110313895,139,1,False,-0.2008650590792021,0.28339332500297848,0.76359771124279763,False,False,M2
2018-02-28,GLD,6,2018-08-31,2018-08-31,13,0.27028799377059476,0.097029729676929952,0.082816830079093046,51.794746792312019,0.089986079926000911,0.75,0.067489559944500677,0.50441852470406368,0.010994915364851931,154,1,False,-0.13445844822076145,0.26943756810976283,0.73512660120280693,False,False,M2
2018-02-28,VDE,6,2018-08-31,2018-08-31,13,0.061950775727321883,0.063503520124819801,-0.068226474418659908,10000,0.0040469915749509859,0.75,0.0030352436812132394,0.54864851580750507,0.01432390688307387,155,0,False,-0.31069063058990642,0.31676111795233286,0.60386045699656932,False,False,M2
2018-02-28,VMBS,6,2018-08-31,2018-08-31,13,0.15611587047575859,0.071302210409175976,0.028977405560187092,10000,0.047732695953056216,0.75,0.035799521964792164,0.44312762834433178,0.080907548851591404,93,1,False,-0.2028530061438556,0.27445205007343992,0.81960335253437111,False,False,M2
2018-02-28,VOO,6,2018-08-31,2018-08-31,13,0.10415112569295437,0.010933026554522931,-0.035788281121349394,10000,-0.016223800737108718,0.75,-0.012167850552831538,0.41874856157641549,0.023998016082562072,84,1,False,-0.18078878049458275,0.15645307938891967,,False,True,M2
2018-02-28,VWO,6,2018-08-31,2018-08-31,13,0.29880633437380189,0.070775600282370871,-0.057094028564826003,10000,0.0080242848517386237,0.75,0.0060182136388039677,0.50925551285036152,-0.00040348436157895998,150,1,False,-0.16676424456834912,0.17880067184595708,0.75441685840483308,False,False,M2
2018-02-28,VXUS,6,2018-08-31,2018-08-31,13,0.22594440598958165,0.055104367501386697,-0.035525273928416215,10000,0.012216371187552559,0.75,0.0091622783906644186,0.52677738058742085,0.066975608765431793,79,1,False,-0.14105052255108683,0.15937507933241565,,False,True,M2
2018-03-30,BND,6,2018-09-28,2018-09-28,14,0.16733934294045572,0.24240360633526647,0.20446389809216364,7.9060432109076855,0.22231712801114853,0.75,0.16673784600836139,0.47056845573477696,0.051932612180285151,126,1,False,-0.064890565482939339,0.39836625749966215,0.76094744516833035,False,False,M2
2018-03-30,DBC,6,2018-09-28,2018-09-28,14,0.10762422730364873,0.16816703537611249,0.18445659556179031,35.564803062231285,0.17690991877429821,0.75,0.13268243908072366,0.46328302922060205,0.057105123338235142,140,1,False,-0.10712828213203465,0.37249316029348201,0.84243656815108603,False,False,M2
2018-03-30,GLD,6,2018-09-28,2018-09-28,14,0.26951345487655398,0.17237710430725359,0.16849809710658159,16.768329368110066,0.17044621044855923,0.75,0.12783465783641942,0.50221957351359126,0.012533974593422979,155,1,False,-0.07068461097200901,0.32635392664484786,0.74586775123929661,False,False,M2
2018-03-30,VDE,6,2018-09-28,2018-09-28,14,0.013578552259959853,0.40444407829962042,0.26933076368651321,3.7275937203149381,0.34392073258777212,0.75,0.25794054944082911,0.55205491120430983,0.016055670516065906,156,0,False,-0.049445088342573051,0.56532618722423122,0.93847178577435642,False,False,M2
2018-03-30,VMBS,6,2018-09-28,2018-09-28,14,0.1641858185233831,0.24019640647014595,0.17529213245493483,7.9060432109076855,0.20465294784174159,0.75,0.1534897108813062,0.45237106234214569,0.08318938553591268,94,1,False,-0.089733546038039819,0.39671296780065224,0.66832759766291816,False,False,M2
2018-03-30,VOO,6,2018-09-28,2018-09-28,14,0.05278476061557269,0.11940052588176953,0.080792642013298777,16.768329368110066,0.097711789647451697,0.75,0.073283842235588773,0.43823038040087975,0.026366220086434307,85,1,False,-0.10675331043651427,0.25332099490769183,,False,True,M2
2018-03-30,VWO,6,2018-09-28,2018-09-28,14,0.27764543820154797,0.063570269162598531,0.095796522750700913,109.85411419875572,0.079259856208543061,0.75,0.059444892156407296,0.51314269271011481,0.0009148934008816514,151,1,False,-0.13701450464047685,0.25590428895329143,0.74422967653627692,False,False,M2
2018-03-30,VXUS,6,2018-09-28,2018-09-28,14,0.19593575139417518,0.078969948584329847,0.028970293810147336,109.85411419875572,0.056774188707001294,0.75,0.042580641530250971,0.55608173741252698,0.069117280424757149,80,1,False,-0.12964496507846029,0.21480624813896221,,False,True,M2
2018-04-30,BND,6,2018-10-31,2018-10-31,14,0.11355598234571596,0.24324451921364046,0.21398992611474973,7.9060432109076855,0.22782795312226742,0.75,0.17087096484170056,0.47302066245598778,0.053819164409499042,127,1,False,-0.079139954782851074,0.42088188446625219,0.76979411168682788,False,False,M2
2018-04-30,DBC,6,2018-10-31,2018-10-31,14,0.11806774626185745,0.17015026058037264,0.19093437177342396,35.564803062231285,0.18118190114459504,0.75,0.13588642585844629,0.46922721584021465,0.057943483218033269,141,1,False,-0.10333532904040679,0.37510818075729935,0.846543409387713,False,False,M2
2018-04-30,GLD,6,2018-10-31,2018-10-31,14,0.1864853344901799,0.14385307964268118,0.17449011714608939,16.768329368110066,0.15911006569617964,0.75,0.11933254927213473,0.50200844152111002,0.013957260547176401,156,1,False,-0.076561749172045654,0.3152268477163151,0.75160218093244879,False,False,M2
2018-04-30,VDE,6,2018-10-31,2018-10-31,14,0.20047745046031795,0.43371266966673355,0.31427963038834356,3.7275937203149381,0.38068421092000876,0.75,0.28551315819000656,0.55599841495183622,0.016932496400069809,157,0,False,-0.021864830202516783,0.59289114658252995,0.95024320015003871,False,False,M2
2018-04-30,VMBS,6,2018-10-31,2018-10-31,14,0.11298327553762388,0.24252889063843075,0.18915956337743686,7.9060432109076855,0.21379101146489707,0.75,0.16034325859867279,0.46152817267124568,0.08534225946194883,95,1,False,-0.097326266534771028,0.41801278373211659,0.62827084440003267,False,False,M2
2018-04-30,VOO,6,2018-10-31,2018-10-31,14,0.11264172582748966,0.15001008128781146,0.080955772307560278,16.768329368110066,0.11239238756722031,0.75,0.084294290675415232,0.45524480258937311,0.028714097114575756,86,1,False,-0.10906506864640382,0.2776536499972343,0.67684871305332983,False,False,M2
2018-04-30,VWO,6,2018-10-31,2018-10-31,14,0.28897255944465194,0.069614698628899047,0.10999732664712512,109.85411419875572,0.089123886933476712,0.75,0.066842915200107531,0.51689156298167371,0.0024731716348189948,152,1,False,-0.14457229791166892,0.27825812831188396,0.74481552118455541,False,False,M2
2018-04-30,VXUS,6,2018-10-31,2018-10-31,14,0.25094237401319786,0.091362316187801607,0.049595507318791976,109.85411419875572,0.07372078265776999,0.75,0.055290586993327492,0.57761835276045281,0.071132453546455698,81,1,False,-0.18101787715997686,0.29159905114663182,,False,True,M2
2018-05-31,BND,6,2018-11-30,2018-11-30,14,0.061629717620884428,0.24817206985145085,0.21398992611474973,7.9060432109076855,0.23024444127328175,0.75,0.1726833309549613,0.47552649955888177,0.055330090886850161,128,1,False,-0.076491053464423669,0.42185771537434624,0.77796823578468433,False,False,M2
2018-05-31,DBC,6,2018-11-30,2018-11-30,14,0.21468999516709164,0.22521802166164759,0.19021711938610761,35.564803062231285,0.20682635549391815,0.75,0.15511976662043861,0.47453736983854156,0.058458434729317423,142,1,False,-0.080530562607894429,0.39077009584877165,0.86121990195858011,False,False,M2
2018-05-31,GLD,6,2018-11-30,2018-11-30,14,0.12544310061378061,0.17431396903033214,0.17816332873589399,16.768329368110066,0.17623370739723107,0.75,0.1321752805479233,0.50128371632166513,0.015268982813739229,157,1,False,-0.060272893720656417,0.32462345481650301,0.759493140950254,False,False,M2
2018-05-31,VDE,6,2018-11-30,2018-11-30,14,0.17871243598696407,0.50481512961120889,0.22385417778505301,3.7275937203149381,0.38130858061763412,0.75,0.28598143546322558,0.56041382907189796,0.017508765041849918,158,1,False,-0.0050096849166069712,0.57697255584305807,0.94892534818191021,False,False,M2
2018-05-31,VMBS,6,2018-11-30,2018-11-30,14,0.056757566974074747,0.24517904139331947,0.17630434656941951,7.9060432109076855,0.20861586090798445,0.75,0.15646189568098834,0.46913477324552327,0.086971657368576996,96,1,False,-0.097114909088466428,0.41003870045044311,0.61265271930578913,False,False,M2
2018-05-31,VOO,6,2018-11-30,2018-11-30,14,0.040248190456021682,0.17532796670307726,0.06848814356657168,16.768329368110066,0.11854249914674186,0.75,0.088906874360056398,0.4684990494248335,0.030357752190109038,87,1,False,-0.097674265645007974,0.27548801436512077,0.65240489905197785,False,False,M2
2018-05-31,VWO,6,2018-11-30,2018-11-30,14,0.16883374189971279,0.10760183111177427,0.10338607907214541,109.85411419875572,0.10558039600242014,0.75,0.079185297001815105,0.52050426819408457,0.0039599628500634173,153,1,False,-0.13095533874780058,0.28932593275143076,0.74338398480895218,False,False,M2
2018-05-31,VXUS,6,2018-11-30,2018-11-30,14,0.16016058040758863,0.11449472567858526,0.059123239511166881,109.85411419875572,0.092260862767833435,0.75,0.069195647075875083,0.59846006582653999,0.072932254875785196,82,1,False,-0.1554938005453517,0.29388509469710189,,False,True,M2
2018-06-29,BND,6,2018-12-31,2018-12-31,14,-0.0061577745180163568,0.2532114209186721,0.22083801824097501,7.9060432109076855,0.23629827859711491,0.75,0.17722370894783618,0.47756056136758396,0.055598002659342304,129,1,False,-0.07125649260645342,0.42570391050212575,0.78551877155116356,False,False,M2
2018-06-29,DBC,6,2018-12-31,2018-12-31,14,0.18069339171161791,0.25793336004735856,0.18804481437611778,35.564803062231285,0.22086378933568979,0.75,0.16564784200176735,0.46959018311747541,0.05810119233027651,143,1,False,-0.066276271563579292,0.397571955567114,0.8687392456668247,False,False,M2
2018-06-29,GLD,6,2018-12-31,2018-12-31,14,-0.011858756174617291,0.16326876687045094,0.19045007329251812,16.768329368110066,0.1768503685380747,0.75,0.13263777640355603,0.50033300619437882,0.015882650725608027,158,1,False,-0.048193047912018283,0.31346860071913035,0.76608832451182729,False,False,M2
2018-06-29,VDE,6,2018-12-31,2018-12-31,14,0.26825864717666115,0.53813398542954105,0.23414400939237739,3.7275937203149381,0.40430580636033575,0.75,0.30322935477025181,0.55976121050503169,0.017376158986714425,159,0,False,0.017413783135278804,0.58904492640522488,0.95806180175366795,False,False,M2
2018-06-29,VMBS,6,2018-12-31,2018-12-31,14,-0.0079102686423926372,0.24867883803955304,0.17815131420796299,7.9060432109076855,0.211839159598145,0.75,0.15887936969860875,0.47765529767674691,0.086909473236126439,97,1,False,-0.094685803420759357,0.41244454281797682,0.5775590139850193,False,False,M2
2018-06-29,VOO,6,2018-12-31,2018-12-31,14,0.086600255911649771,0.21159729008883091,0.079201238660455919,16.768329368110066,0.14332325324656151,0.75,0.10749243993492114,0.4843196900082401,0.03052748280742219,88,1,False,-0.07907361006085728,0.29405848993069955,0.5721281128269109,False,False,M2
2018-06-29,VWO,6,2018-12-31,2018-12-31,14,0.087422222140168926,0.1247990423973801,0.16332533109811109,109.85411419875572,0.14311401205576055,0.75,0.1073355090418204,0.524611109036491,0.0048752785622903257,154,1,False,-0.10158039745107642,0.31625141553471725,0.73516942145919084,False,False,M2
2018-06-29,VXUS,6,2018-12-31,2018-12-31,14,0.12408896131823799,0.13277073065515188,0.10996413761277468,109.85411419875572,0.1242232880702618,0.75,0.093167466052696352,0.62522054175264263,0.073339023039584006,83,1,False,-0.13141199145471788,0.31774692356011058,,False,True,M2
2018-07-31,BND,6,2019-01-31,2019-01-31,14,0.070443078878112075,0.29171000664285213,0.21823698882887765,7.9060432109076855,0.25348036848302025,0.75,0.19011027636226518,0.47967785593583412,0.056116884853533923,130,1,False,-0.058369308010092907,0.43858986073462325,0.79326131172386882,False,False,M2
2018-07-31,DBC,6,2019-01-31,2019-01-31,14,0.17771920196286828,0.30518290297646472,0.179841066332253,35.564803062231285,0.23913578070315003,0.75,0.17935183552736253,0.47306403000306813,0.058491590250877148,144,1,False,-0.048034093840406883,0.40673776489513191,0.87859892292315378,False,False,M2
2018-07-31,GLD,6,2019-01-31,2019-01-31,14,0.030004115077329363,0.1905361076008335,0.15968842807721745,16.768329368110066,0.17514237057314591,0.75,0.13135677792985945,0.50097585084470886,0.017102830447824631,159,1,False,-0.041275989328833362,0.30398954518855226,0.77275032294895751,False,False,M2
2018-07-31,VDE,6,2019-01-31,2019-01-31,14,0.27198321267042613,0.61219939066394402,0.17064815405640252,3.7275937203149381,0.41928140811382475,0.75,0.31446105608536856,0.56309038101146081,0.01793235228561843,160,1,False,0.033888042473705582,0.59503406969703154,0.96221042858259132,False,False,M2
2018-07-31,VMBS,6,2019-01-31,2019-01-31,14,0.069903927946587618,0.28733954681465174,0.1886843143789248,7.9060432109076855,0.23643485324635308,0.75,0.17732613993476481,0.48401425538718745,0.087215457401147375,98,1,False,-0.076228203717281173,0.4308804835868108,0.49184953702027628,False,False,M2
2018-07-31,VOO,6,2019-01-31,2019-01-31,14,0.1365405024512546,0.25883185381379853,0.12936515853509134,16.768329368110066,0.1931633906607613,0.75,0.14487254299557098,0.49277717322072229,0.031571664159885583,89,1,False,-0.040024593687933374,0.32976967967907533,0.4055368357266777,False,False,M2
2018-07-31,VWO,6,2019-01-31,2019-01-31,14,0.13621053171259423,0.14116525148826869,0.1317500742934003,109.85411419875572,0.13672058435408999,0.75,0.1025404382655675,0.52792528040776321,0.0064513290034019042,155,1,False,-0.11455415923221515,0.31963503576335017,0.73851836956231065,False,False,M2
2018-07-31,VXUS,6,2019-01-31,2019-01-31,14,0.16843964329945516,0.15568324340666531,0.12741896213813497,109.85411419875572,0.14527147250002012,0.75,0.10895360437501508,0.63162796153469702,0.074806862288948797,84,1,False,-0.1155288030319763,0.33343601178200644,,False,True,M2
2018-08-31,BND,6,2019-02-28,2019-02-28,14,0.087778964105356794,0.26950593408524448,0.18342161439354979,7.9060432109076855,0.22485764144811279,0.75,0.16864323108608459,0.48134233043791719,0.05690659817328924,131,1,False,-0.06475896291063013,0.40204542508279928,0.80153916947003512,False,False,M2
2018-08-31,DBC,6,2019-02-28,2019-02-28,14,0.17346358517349114,0.28167432852888008,0.12340617326852787,35.564803062231285,0.19930205998186026,0.75,0.1494765449863952,0.47953984545079925,0.059049020114319388,145,1,False,-0.075180329740685947,0.37413341971347636,0.86204076754859449,False,False,M2
2018-08-31,GLD,6,2019-02-28,2019-02-28,14,0.0054500197449185439,0.16919193985755032,0.10516772019048343,16.768329368110066,0.13727147946017002,0.75,0.1029536095951275,0.50143148072135413,0.01868523771859195,160,1,False,-0.092933404895395755,0.29884062408565076,0.77201355776661795,False,False,M2
2018-08-31,VDE,6,2019-02-28,2019-02-28,14,0.23727432163249718,0.58663655503070744,0.14970765980409906,3.7275937203149381,0.39779977979794595,0.75,0.29834983484845945,0.56780891056696225,0.018205758642399199,161,1,False,0.021904899231302344,0.57479477046561656,0.95493688986689707,False,False,M2
2018-08-31,VMBS,6,2019-02-28,2019-02-28,14,0.087678875222807706,0.26534151493870628,0.13831633611045405,7.9060432109076855,0.20053688920028556,0.75,0.15040266690021417,0.48982850222126817,0.0879114211695778,99,1,False,-0.092694492458473221,0.39349982625890156,0.56891119692384973,False,False,M2
2018-08-31,VOO,6,2019-02-28,2019-02-28,14,0.13947370073039078,0.24048012902412155,0.045290967507119119,16.768329368110066,0.14311148950321637,0.75,0.10733361712741227,0.50115755012132857,0.032378102621364126,90,1,False,-0.077551659704186204,0.29221889395901074,0.54695636863929087,False,False,M2
2018-08-31,VWO,6,2019-02-28,2019-02-28,14,0.097650211017021649,0.13786804679841397,0.11470116174101036,109.85411419875572,0.12704764732316237,0.75,0.095285735492371779,0.53293679972769337,0.0083253995506480556,156,1,False,-0.15008009757444596,0.34065156855918954,0.74236606244009329,False,False,M2
2018-08-31,VXUS,6,2019-02-28,2019-02-28,14,0.14107144324955778,0.15544748754750884,0.038867807292320561,109.85411419875572,0.11337881215403853,0.75,0.085034109115528889,0.63914229905774611,0.076584951038368002,85,1,False,-0.13277259818360646,0.3028408164146642,,False,True,M2
2018-09-28,BND,6,2019-03-29,2019-03-29,15,0.0069007273279921844,0.30246952607692795,0.19702076474101535,0.0001,0.24751067596921222,0.75,0.18563300697690915,0.47880990339335106,0.057743209876070803,132,1,False,-0.046002373614791481,0.41726838756860979,0.83252242323781067,False,False,M2
2018-09-28,DBC,6,2019-03-29,2019-03-29,15,0.15742857149205491,0.13731282016731597,0.071774220375189005,719.68567300115137,0.10325825539271238,0.75,0.077443691544534288,0.48038919228337723,0.059381727012876438,146,1,False,-0.14494466773649634,0.29983205082556491,0.81583989818866531,False,False,M2
2018-09-28,GLD,6,2019-03-29,2019-03-29,15,-0.028480833028893038,0.11496816873597634,0.059468431668327625,1048.1131341546852,0.087304263793604897,0.75,0.065478197845203673,0.50154890087764081,0.020243176955597929,161,1,False,-0.12693975263300106,0.2578961483234084,0.76866245128904143,False,False,M2
2018-09-28,VDE,6,2019-03-29,2019-03-29,15,0.19023625505064479,0.18718413863271632,0.088018176388872604,75.431200633546069,0.14364568687816001,0.75,0.10773426515862,0.56095367029770138,0.018177195640038456,162,1,False,-0.15967726883767824,0.37514579915491825,0.81067186702421268,False,False,M2
2018-09-28,VMBS,6,2019-03-29,2019-03-29,15,0.011458843873307645,0.31263009307336947,0.19589327609212692,0.0001,0.25213430351834037,0.75,0.18910072763875529,0.48177626288414521,0.088674165143115852,100,1,False,-0.053960037600905786,0.43216149287841638,0.67485081570184613,False,False,M2
2018-09-28,VOO,6,2019-03-29,2019-03-29,15,0.0709689661010936,0.14788800306509026,0.057558402412786785,75.431200633546069,0.10223202300000822,0.75,0.076674017250006166,0.49456236122618374,0.03260235161031147,91,1,False,-0.10359190280037994,0.25693993730039227,0.7197753357332225,False,False,M2
2018-09-28,VWO,6,2019-03-29,2019-03-29,15,0.0078393146512552025,0.08355539197420267,0.08612822401396944,10000,0.0847622078825708,0.75,0.063571655911928093,0.53093871278222671,0.010040813809570982,157,1,False,-0.17036143755261229,0.29750474937646848,0.75889194694185869,False,False,M2
2018-09-28,VXUS,6,2019-03-29,2019-03-29,15,0.07910748093020803,0.12646859567811347,0.094475307675140258,159.98587196060572,0.11498996579414553,0.75,0.086242474345609138,0.64121756154287068,0.077972751042505298,86,1,False,-0.1315103077061463,0.30399525639736458,,False,True,M2
2018-10-31,BND,6,2019-04-30,2019-04-30,15,0.11144099352613779,0.37384712899799266,0.21897509185663613,0.0001,0.29286699061344318,0.75,0.2196502429600824,0.4771158184570376,0.058162854781857606,133,1,False,-0.011984140491862777,0.4512846264120276,0.86319540558141328,False,False,M2
2018-10-31,DBC,6,2019-04-30,2019-04-30,15,0.23314237630964629,0.1377140772044752,0.077736857729277645,719.68567300115137,0.10661089601213097,0.75,0.07995817200909823,0.48141675348577384,0.05978095163361781,147,1,False,-0.12867974276931676,0.2885960867875132,0.82125963728143414,False,False,M2
2018-10-31,GLD,6,2019-04-30,2019-04-30,15,0.12358815502192022,0.11123504563632555,0.15845418668276945,1048.1131341546852,0.13481877070554685,0.75,0.10111407802916014,0.50054735121029048,0.021269363113218809,162,1,False,-0.088316839410910064,0.29054499546923035,0.78445423837934747,False,False,M2
2018-10-31,VDE,6,2019-04-30,2019-04-30,15,0.17086802671497792,0.199558403532621,0.11883648107905719,75.431200633546069,0.16368806381415044,0.75,0.12276604786061282,0.55563075521268246,0.019295602111328518,163,1,False,-0.14098668202804379,0.38651877774926946,0.83669150502523248,False,False,M2
2018-10-31,VMBS,6,2019-04-30,2019-04-30,15,0.11882882456885246,0.38303257395375878,0.21386129096876991,0.0001,0.29433559531900488,0.75,0.22075169648925366,0.47569719239745734,0.088914849404447632,101,1,False,-0.018421639833741094,0.45992503281224839,0.7705011320740337,False,False,M2
2018-10-31,VOO,6,2019-04-30,2019-04-30,15,0.045208399644704578,0.16429714742933269,0.079655815278657893,75.431200633546069,0.1214406133887538,0.75,0.09108046004156535,0.49366895638778979,0.033472344808324277,92,1,False,-0.089143665968557509,0.27130458605168822,0.73019815782984043,False,False,M2
2018-10-31,VWO,6,2019-04-30,2019-04-30,15,-0.0089685739999016967,0.083237345859423328,0.090254991442371507,10000,0.086545100253088592,0.75,0.064908825189816444,0.5286518313631281,0.011806204604729722,158,1,False,-0.16240440368474499,0.29222205406437785,0.76143307630956625,False,False,M2
2018-10-31,VXUS,6,2019-04-30,2019-04-30,15,0.054325468695009871,0.13616194651717245,0.083415938126333272,159.98587196060572,0.11713056076547126,0.75,0.087847920574103455,0.6391881332387892,0.079960907628375322,87,1,False,-0.11202993456157628,0.28772577570978319,,False,True,M2
2018-11-30,BND,6,2019-05-31,2019-05-31,15,0.1754069707101642,0.43212575488537036,0.2306746119549313,0.0001,0.32642882323706701,0.75,0.24482161742780026,0.47532225376948894,0.058188726892596611,134,1,False,0.013327033644075448,0.47631620121152507,0.88868797036040803,False,False,M2
2018-11-30,DBC,6,2019-05-31,2019-05-31,15,0.24118292695474253,0.12394592661248963,0.1330675858048396,719.68567300115137,0.1286703870435503,0.75,0.096502790282662732,0.48206128606263682,0.060827634360195337,148,1,False,-0.098199250220815493,0.29120483078614096,0.83923575804776196,False,False,M2
2018-11-30,GLD,6,2019-05-31,2019-05-31,15,0.17595054294298751,0.096585797631132841,0.18507961972708348,1048.1131341546852,0.14077336272571961,0.75,0.10558002204428971,0.50067062255853523,0.021908465797271338,163,1,False,-0.067016756078666334,0.27817680016724577,0.79189608404511602,False,False,M2
2018-11-30,VDE,6,2019-05-31,2019-05-31,15,0.35242735296964456,0.10902454713888626,0.11711315637683449,75.431200633546069,0.11271016817216779,0.75,0.084532626129125849,0.54434428405934077,0.020267655976423854,164,1,False,-0.17617308200044576,0.34523833425869743,0.78446319272102838,False,False,M2
2018-11-30,VMBS,6,2019-05-31,2019-05-31,15,0.19414783420238724,0.45773921892498598,0.22714294891414,0.0001,0.3351674988158016,0.75,0.25137562411185121,0.46845749021257255,0.088599581929640042,102,1,False,0.012214389976500956,0.4905368582472015,0.83733277427974651,False,False,M2
2018-11-30,VOO,6,2019-05-31,2019-05-31,15,0.23479142256051722,0.12192315314230642,0.085781118934860165,75.431200633546069,0.10299718372703975,0.75,0.077247887795279815,0.47634465435353401,0.033545203363675863,93,1,False,-0.095695262943227596,0.25019103853378721,0.79388864386033831,False,False,M2
2018-11-30,VWO,6,2019-05-31,2019-05-31,15,0.21042184023507104,0.081481379977810575,0.1117675958682699,10000,0.09575597025973738,0.75,0.071816977694803039,0.52867699505425647,0.012793799178912003,159,1,False,-0.15229631300870661,0.29593026839831271,0.76217450052995139,False,False,M2
2018-11-30,VXUS,6,2019-05-31,2019-05-31,15,0.22465414110855431,0.10038270744285474,0.073851424353836417,159.98587196060572,0.090985348975620217,0.75,0.068239011731715163,0.64580082931894789,0.080872267546320931,88,1,False,-0.13143760206511651,0.26791562552854681,,False,True,M2
2018-12-31,BND,6,2019-06-28,2019-06-28,15,0.32902598290896945,0.43711011242663761,0.25318374177566838,0.0001,0.34036199511150728,0.75,0.25527149633363044,0.47398452449906725,0.057712086141406889,135,1,False,0.024935877765983216,0.48560711490127767,0.76263188965346096,False,False,M2
2018-12-31,DBC,6,2019-06-28,2019-06-28,15,0.3045280222337341,0.1359984424331771,0.18261090113013737,719.68567300115137,0.16028102938688191,0.75,0.12021077204016142,0.47905372013151659,0.061632102530339107,149,1,False,-0.067586802319345107,0.30800834639966795,0.86316545877239192,False,False,M2
2018-12-31,GLD,6,2019-06-28,2019-06-28,15,0.29282848464277755,0.10365930039678388,0.26366473192298046,1048.1131341546852,0.18341640727975386,0.75,0.1375623054598154,0.50153500339198231,0.021702568102320803,164,1,False,-0.032343084549281059,0.30746769546891184,0.77523107192896445,False,False,M2
2018-12-31,VDE,6,2019-06-28,2019-06-28,15,0.26713656008256104,0.16250584359213927,0.16469286379127276,75.431200633546069,0.16352259266125285,0.75,0.12264194449593964,0.53509845518737564,0.021770631680667722,165,1,False,-0.13475162457920287,0.38003551357108212,0.84493905923056056,False,False,M2
2018-12-31,VMBS,6,2019-06-28,2019-06-28,15,0.35198882255299524,0.46068433687173665,0.26357555085380585,0.0001,0.35466497919359063,0.75,0.26599873439519295,0.46212769192083836,0.087662593089134877,103,1,False,0.027343144874223874,0.50465432391616205,0.4642519593385116,False,False,M2
2018-12-31,VOO,6,2019-06-28,2019-06-28,15,0.19869752766704729,0.14764198018081992,0.11164431313307493,75.431200633546069,0.12813296056452997,0.75,0.096099720423397483,0.45804766763317034,0.034109618816313886,94,1,False,-0.076779796394038174,0.26897923724083317,0.80851336882280245,False,False,M2
2018-12-31,VWO,6,2019-06-28,2019-06-28,15,0.26906380010332853,0.082053775100639756,0.11815625446315123,10000,0.099015027012480245,0.75,0.07426127025936019,0.5301914934559061,0.013260226822419879,160,1,False,-0.14811782983989463,0.29664037035861501,0.76545513051588432,False,False,M2
2018-12-31,VXUS,6,2019-06-28,2019-06-28,15,0.25673917584643879,0.11987359578513579,0.12508833799825284,159.98587196060572,0.12171862861969943,0.75,0.091288971464774576,0.64618906186336578,0.08135784837521888,89,1,False,-0.10820469566037705,0.2907826385899262,,False,True,M2
2019-01-31,BND,6,2019-07-31,2019-07-31,15,0.24426609976040581,0.34836135998730677,0.23618171647579583,0.0001,0.28889385351228902,0.75,0.21667039013421677,0.46989039532011284,0.057805696382117959,136,1,False,0.0010384525678370782,0.43230232770059646,0.79977768081028733,False,False,M2
2019-01-31,DBC,6,2019-07-31,2019-07-31,15,0.30559543076867934,0.11829280883994492,0.1303388812785197,719.68567300115137,0.12463274072274967,0.75,0.093474555542062257,0.47369303022763115,0.062406016526555967,150,1,False,-0.076718851359599757,0.26366796244372426,0.84322283170906853,False,False,M2
2019-01-31,GLD,6,2019-07-31,2019-07-31,15,0.21463785115357892,0.094241589029067666,0.18696241421091814,1048.1131341546852,0.14055195276221044,0.75,0.10541396457165783,0.50053978011610989,0.021752880508229943,165,1,False,-0.063122276451496512,0.2739502055948122,0.77514091921855266,False,False,M2
2019-01-31,VDE,6,2019-07-31,2019-07-31,15,0.3155952956637087,0.065563040407322623,0.11983543653483665,75.431200633546069,0.091299180424558271,0.75,0.068474385318418707,0.5257968718247098,0.023277936385425302,166,1,False,-0.17655711079050784,0.31350588142734526,0.76115057354552029,False,False,M2
2019-01-31,VMBS,6,2019-07-31,2019-07-31,15,0.26107390994624913,0.37467956379803641,0.22348773448083858,0.0001,0.29195938833739016,0.75,0.21896954125304263,0.45287932665262781,0.087491836693533456,104,1,False,-0.019685465141769998,0.45762454764785526,0.67791748754960124,False,False,M2
2019-01-31,VOO,6,2019-07-31,2019-07-31,15,0.15487844146846164,0.095481130446242762,0.10099337368696788,75.431200633546069,0.09856275539567437,0.75,0.073922066546755774,0.44094902658427548,0.035187838644050104,95,1,False,-0.094761436572501481,0.24260556966601304,0.85238745713271913,False,False,M2
2019-01-31,VWO,6,2019-07-31,2019-07-31,15,0.25370654984833929,0.08112165945937555,0.084844648582174748,10000,0.082870875834396215,0.75,0.062153156875797158,0.53015807531946524,0.014023893312420961,161,1,False,-0.15670959673104079,0.28101591048263508,0.77235491742553963,False,False,M2
2019-01-31,VXUS,6,2019-07-31,2019-07-31,15,0.2400954780715574,0.085004244300348905,0.074323763589732986,159.98587196060572,0.081265882472801393,0.75,0.060949411854601045,0.64998187545699637,0.082325423874377052,90,1,False,-0.12482621244585376,0.24672503615505584,,False,True,M2
2019-02-28,BND,6,2019-08-30,2019-08-30,15,-0.027470843334324702,0.32112277185977672,0.22498131931820556,0.0001,0.2696870015261969,0.75,0.20226525114464766,0.46499903034709028,0.058024479358200001,137,1,False,-0.0092279887295295682,0.41375849101882489,0.81929469521429543,False,False,M2
2019-02-28,DBC,6,2019-08-30,2019-08-30,15,0.12992305366019374,0.13145450596090191,0.11199151851365648,719.68567300115137,0.121165408833648,0.75,0.090874056625235997,0.47135057476954234,0.06314149711362177,151,1,False,-0.065906859749647453,0.24765497300011946,0.84358257243994506,False,False,M2
2019-02-28,GLD,6,2019-08-30,2019-08-30,15,-0.093804782044841994,0.10598874938864333,0.14614089069026423,1048.1131341546852,0.12612440443909262,0.75,0.094593303329319464,0.49851603432077879,0.021654670503631679,166,1,False,-0.070574591536626832,0.25976119819526577,0.77740333726878763,False,False,M2
2019-02-28,VDE,6,2019-08-30,2019-08-30,15,0.18543193563656513,0.15666213347881916,0.092903181606222504,75.431200633546069,0.12579995369188826,0.75,0.094349965268916203,0.5159553461826063,0.024559351865946693,167,1,False,-0.14951774833080148,0.33821767886863385,0.80898834993140467,False,False,M2
2019-02-28,VMBS,6,2019-08-30,2019-08-30,15,0.0081704235414779003,0.34118256219967674,0.21132496296027078,0.0001,0.26855378167960109,0.75,0.20141533625970082,0.44070442588287068,0.087493618012859875,105,1,False,-0.023895801205093881,0.42672647372449551,0.74417004482329596,False,False,M2
2019-02-28,VOO,6,2019-08-30,2019-08-30,15,-0.0063472895216216685,0.14027312093007233,0.11011113350190542,75.431200633546069,0.12343261456484063,0.75,0.092574460923630475,0.44166456519688357,0.036274149707449486,96,1,False,-0.076082761461074233,0.26123168330833518,0.86302815101403574,False,False,M2
2019-02-28,VWO,6,2019-08-30,2019-08-30,15,0.077520657586741426,0.082560006899739441,0.047130954453265851,10000,0.065876193490157386,0.75,0.04940714511761804,0.52909230539574692,0.014540105150103681,162,1,False,-0.16687578944139841,0.26569007967663449,0.77804906021136733,False,False,M2
2019-02-28,VXUS,6,2019-08-30,2019-08-30,15,0.059112961532257979,0.11952180480645735,0.069454333196580204,159.98587196060572,0.10263349195209544,0.75,0.076975118964071582,0.66268892134288937,0.082970984526851574,91,1,False,-0.099562978881619774,0.25351321680976291,,False,True,M2
2019-03-29,BND,6,2019-09-30,2019-09-30,16,0.018281690369724268,0.28849872283156069,0.15121376479135756,0.82864277285468424,0.21431069324087593,0.75,0.16073301993065695,0.45960554856301716,0.057654017386966606,138,1,False,-0.050755283126812378,0.37222132298812627,0.82922202237549192,False,False,M2
2019-03-29,DBC,6,2019-09-30,2019-09-30,16,0.11697400554772952,0.14330347301039081,0.090562089743111668,232.99518105153672,0.11557798000451475,0.75,0.08668348500338606,0.47431236557883366,0.063761806813479871,152,1,False,-0.057326294479356346,0.23069326448612848,0.84171825833974157,False,False,M2
2019-03-29,GLD,6,2019-09-30,2019-09-30,16,-0.083814825556432826,0.2165768180442019,0.22245535543697181,1.2067926406393288,0.21953496220637342,0.75,0.16465122165478008,0.49678908808001232,0.021354457907628542,167,1,False,0.0015163585590278472,0.32778608475053228,0.77943411224559711,False,False,M2
2019-03-29,VDE,6,2019-09-30,2019-09-30,16,0.17974445283655982,0.21115545672083541,0.18409492850434581,51.794746792312019,0.19815170321091527,0.75,0.14861377740818646,0.51945677460958861,0.025545523908712748,168,1,False,-0.094460147370156899,0.39168770218652982,0.88849495369842268,False,False,M2
2019-03-29,VMBS,6,2019-09-30,2019-09-30,16,0.040982179567136789,0.30890879132874816,0.16609655864448253,0.56898660290182934,0.22778937268423166,0.75,0.17084202951317373,0.43198550208329711,0.086776308822864107,106,1,False,-0.054397086099509051,0.39608114512585652,0.80647451764529809,False,False,M2
2019-03-29,VOO,6,2019-09-30,2019-09-30,16,0.016855806284562069,0.35155263461296843,0.082437845806165172,1.7575106248547894,0.19896809615627742,0.75,0.14922607211720806,0.43301317949408186,0.036631828226971586,97,1,False,-0.011311915189878174,0.3097640594242943,0.873324308704861,False,False,M2
2019-03-29,VWO,6,2019-09-30,2019-09-30,16,0.10949653098534307,0.17757269537238901,0.13796078810458517,109.85411419875572,0.1589159232285052,0.75,0.11918694242137889,0.52901101131659312,0.014498996005938965,163,1,False,-0.09553561592615592,0.33390950076891368,0.76651954395263344,False,False,M2
2019-03-29,VXUS,6,2019-09-30,2019-09-30,16,0.063524381821334019,0.38779802828079618,0.091789255519900359,7.9060432109076855,0.28569956456560736,0.75,0.21427467342420553,0.65508298026808853,0.082928989922540233,92,1,False,0.03782316421746873,0.39072618263094233,,False,True,M2
2019-04-30,BND,6,2019-10-31,2019-10-31,16,-0.13940685418586107,0.25811825042421666,0.13772916824039186,0.82864277285468424,0.19205784700364245,0.75,0.14404338525273183,0.45127579492877029,0.058040974049838337,139,1,False,-0.063487591244544617,0.35157436175000828,0.83769639059415402,False,False,M2
2019-04-30,DBC,6,2019-10-31,2019-10-31,16,-0.061908712629002327,0.14864853613218085,0.07493468370818003,232.99518105153672,0.11010738822185555,0.75,0.082580541166391658,0.47715189692383358,0.064868869359206438,153,1,False,-0.10518120437465464,0.27034228670743798,0.83976267072984778,False,False,M2
2019-04-30,GLD,6,2019-10-31,2019-10-31,16,-0.25693219454380833,0.21647171369961471,0.15333206203467659,1.2067926406393288,0.18474389114453954,0.75,0.13855791835840464,0.49749766242860277,0.021962991819023128,168,1,False,-0.023121927597565206,0.30023776431437449,0.78004188774032313,False,False,M2
2019-04-30,VDE,6,2019-10-31,2019-10-31,16,0.025221071744130241,0.21203439523919621,0.15049534993776606,51.794746792312019,0.18251019176464589,0.75,0.13688264382348442,0.52023624464866081,0.026405420375022009,169,1,False,-0.10091344496209992,0.37467873260906875,0.88086129928143919,False,False,M2
2019-04-30,VMBS,6,2019-10-31,2019-10-31,16,-0.12106827579743529,0.26913129569616279,0.14918563742230151,0.56898660290182934,0.19934652175494197,0.75,0.14950989131620648,0.41819674888200287,0.087075865044789244,107,1,False,-0.070363208210812739,0.36938299084322568,0.83827020016339515,False,False,M2
2019-04-30,VOO,6,2019-10-31,2019-10-31,16,-0.12622519844516877,0.31630539672128094,0.082361824493235758,1.7575106248547894,0.18114763629215788,0.75,0.1358607272191184,0.42226341531036804,0.036719344261846414,98,1,False,-0.015633204771402454,0.28735465920963926,0.88669295008584392,False,False,M2
2019-04-30,VWO,6,2019-10-31,2019-10-31,16,-0.071652543067576069,0.19503854158258394,0.14022053080282476,109.85411419875572,0.16922323726508456,0.75,0.12691742794881342,0.5290725812504069,0.014355901066878963,164,1,False,-0.08457398869757779,0.33840884459520459,0.75310897964652679,False,False,M2
2019-04-30,VXUS,6,2019-10-31,2019-10-31,16,-0.1062953475278321,0.37742680947048191,0.070087887656776329,7.9060432109076855,0.26759063114721421,0.75,0.20069297336041064,0.64262197031508672,0.082621425178158181,93,1,False,0.028174488306729029,0.37321145841409226,,False,True,M2
2019-05-31,BND,6,2019-11-29,2019-11-29,16,-0.11516627744109653,0.27386725272220813,0.15526000190130018,0.82864277285468424,0.20749742085565009,0.75,0.15562306564173756,0.44042348669919235,0.058879302597412093,140,1,False,-0.047471207431026896,0.35871733871450201,0.8513364911040282,False,False,M2
2019-05-31,DBC,6,2019-11-29,2019-11-29,16,-0.088126651253856214,0.15833952342517146,0.1397528047413161,232.99518105153672,0.1486183679474839,0.75,0.11146377596061292,0.47698377303512629,0.066013765837099531,154,1,False,-0.045274483729571699,0.26820203565079753,0.87076099754396685,False,False,M2
2019-05-31,GLD,6,2019-11-29,2019-11-29,16,-0.19404375263779727,0.22880704532843765,0.18619285087252602,1.2067926406393288,0.20730029381720269,0.75,0.15547522036290201,0.49531484084520966,0.022874160760585044,169,1,False,-0.004564915054438512,0.31551535578024253,0.7903157140306708,False,False,M2
2019-05-31,VDE,6,2019-11-29,2019-11-29,16,-0.067095441658188815,0.22655534503599278,0.10981780812224259,51.794746792312019,0.17047584413106773,0.75,0.12785688309830079,0.51961038079500865,0.028323196449108027,170,1,False,-0.12954205708122729,0.38525582327782887,0.87500596508003492,False,False,M2
2019-05-31,VMBS,6,2019-11-29,2019-11-29,16,-0.10259146354117032,0.28057241922246373,0.15393952311187939,0.56898660290182934,0.20449770308553228,0.75,0.15337327731414921,0.39924997000386137,0.08806727216661886,108,1,False,-0.056150534038395872,0.36289708866669429,0.85637214778045712,False,False,M2
2019-05-31,VOO,6,2019-11-29,2019-11-29,16,-0.22898277272603507,0.33936719163333134,0.077917675971509406,1.7575106248547894,0.19037918929092709,0.75,0.14278439196819531,0.43014619107148655,0.038720072325469354,99,1,False,-0.017598505088021993,0.30316728902441259,0.89748056610750637,False,False,M2
2019-05-31,VWO,6,2019-11-29,2019-11-29,16,-0.13128150602383803,0.20923335567758303,0.1446804446215475,109.85411419875572,0.17873404910988275,0.75,0.13405053683241205,0.52753011337900491,0.015544179486080128,165,1,False,-0.076104852059118211,0.34420592572394232,0.75542440272112255,False,False,M2
2019-05-31,VXUS,6,2019-11-29,2019-11-29,16,-0.16443671462238652,0.42393987591333981,0.079842485118305578,7.9060432109076855,0.30017800043940729,0.75,0.22513350032955548,0.640328933654563,0.084132411517843245,94,1,False,0.052640325758772533,0.39762667490033843,,False,True,M2
2019-06-28,BND,6,2019-12-31,2019-12-31,16,-0.12186736057929959,0.21196740740282266,0.14585144382855519,0.82864277285468424,0.1748896494648183,0.75,0.13116723709861372,0.43920112581653231,0.060795236500330939,141,1,False,-0.063158280043425774,0.32549275424065321,0.85087273207090952,False,False,M2
2019-06-28,DBC,6,2019-12-31,2019-12-31,16,-0.13338767270661978,0.13189112703373132,0.047796062445551624,232.99518105153672,0.087767614129537763,0.75,0.065825710597153322,0.4753138829220247,0.067552567491271365,155,1,False,-0.12856918895317027,0.26022061014747694,0.82505379390053868,False,False,M2
2019-06-28,GLD,6,2019-12-31,2019-12-31,16,-0.1635741076401348,0.15191256051818566,0.16157883037119025,1.2067926406393288,0.1568385653811257,0.75,0.11762892403584427,0.49039237080590337,0.024462127371656765,170,1,False,-0.040025838874614,0.27528368694630256,0.78619593824710088,False,False,M2
2019-06-28,VDE,6,2019-12-31,2019-12-31,16,-0.067294858914601741,0.14390209061691334,0.13059267121860124,51.794746792312019,0.13750547694511689,0.75,0.10312910770883767,0.51939198244758422,0.029719765827081433,171,1,False,-0.14190406424221164,0.348162279659887,0.8449229473000579,False,False,M2
2019-06-28,VMBS,6,2019-12-31,2019-12-31,16,-0.11691297847045179,0.22012694199407537,0.12417714345994346,0.56898660290182934,0.16248322306059301,0.75,0.12186241729544475,0.39923043284997672,0.090488570794016801,109,1,False,-0.087598664540442461,0.33132349913133197,0.86010308242878786,False,False,M2
2019-06-28,VOO,6,2019-12-31,2019-12-31,16,-0.20783475991880762,0.24741273210430401,0.067395428854643211,1.7575106248547894,0.14595574087871274,0.75,0.10946680565903455,0.43640422673767365,0.040319846878885131,100,1,False,-0.050845388488698379,0.26977899980676745,0.90058097609180299,False,False,M2
2019-06-28,VWO,6,2019-12-31,2019-12-31,16,-0.17032587729844029,0.15984830654354149,0.12600150315473854,109.85411419875572,0.14379335356741613,0.75,0.1078450151755621,0.52565821972314886,0.017071406116304515,166,1,False,-0.10109460600373722,0.31678463635486143,0.76510418317316686,False,False,M2
2019-06-28,VXUS,6,2019-12-31,2019-12-31,16,-0.17279245494659567,0.33381917818197238,0.061023451339394692,7.9060432109076855,0.23376906040898643,0.75,0.17532679530673984,0.63324162393965255,0.085949324826565296,95,1,False,0.0080523344582889844,0.34260125615519066,,False,True,M2
2019-07-31,BND,6,2020-01-31,2020-01-31,16,-0.02555045740022277,0.27263020339809757,0.1639398421240757,0.82864277285468424,0.21112343992904992,0.75,0.15834257994678744,0.43411023067646765,0.062087284833148369,142,1,False,-0.032196742602074307,0.34888190249564921,0.86766601217900952,False,False,M2
2019-07-31,DBC,6,2020-01-31,2020-01-31,16,0.064725733050436163,0.14752861778465295,0.070179526820825955,232.99518105153672,0.10693477611154278,0.75,0.080201082083657088,0.47518657081446175,0.069078483281511158,156,1,False,-0.14436795881557432,0.30477012298288852,0.84389686165084321,False,False,M2
2019-07-31,GLD,6,2020-01-31,2020-01-31,16,-0.09721322002355981,0.21330085241821339,0.16585278830215944,1.2067926406393288,0.18898747046952397,0.75,0.14174060285214296,0.48757905297841103,0.025574266107223562,171,1,False,-0.014020617670878227,0.29750182337516418,0.79864614424553138,False,False,M2
2019-07-31,VDE,6,2020-01-31,2020-01-31,16,0.13582369416035645,0.18846660855412853,0.1603356241893367,51.794746792312019,0.17488571678874912,0.75,0.13116428759156185,0.51722657162409935,0.031381832861015313,172,1,False,-0.13257834095906607,0.39490691614218976,0.88855054280173318,False,False,M2
2019-07-31,VMBS,6,2020-01-31,2020-01-31,16,-0.0050420499902714688,0.27387217412282389,0.1655960516425985,0.56898660290182934,0.20824332922286798,0.75,0.15618249691715097,0.39387518322018072,0.092039346604491645,110,1,False,-0.04966305441294297,0.36202804824724488,0.87809343126620687,False,False,M2
2019-07-31,VOO,6,2020-01-31,2020-01-31,16,-0.056028107645134329,0.32136483912420361,0.085388549643374764,1.7575106248547894,0.18842444422097943,0.75,0.14131833316573456,0.43663664177572165,0.041454090389673015,101,1,False,-0.016337177903005845,0.29897384423447493,0.91515334021922412,False,False,M2
2019-07-31,VWO,6,2020-01-31,2020-01-31,16,0.0097061030200265019,0.19773903798711839,0.13013084663161639,109.85411419875572,0.16563531958952088,0.75,0.12422648969214066,0.52515046248186736,0.018488383024879571,167,1,False,-0.079064077680237918,0.32751705706451922,0.76478266112328286,False,False,M2
2019-07-31,VXUS,6,2020-01-31,2020-01-31,16,-0.01905190087196873,0.41199568818193966,0.069279156602979022,7.9060432109076855,0.284560335450605,0.75,0.21342025158795375,0.62816105734901195,0.087555013922867311,96,1,False,0.037894842460405725,0.38894566071550174,,False,True,M2
2019-08-30,BND,6,2020-02-28,2020-02-28,16,-0.035913455195797472,0.34693550021739505,0.1882753675734985,0.82864277285468424,0.25665870091394349,0.75,0.19249402568545762,0.43100514414624497,0.061461004216592618,143,1,False,-0.019005339498338658,0.4039933908692539,0.82871241196990986,False,False,M2
2019-08-30,DBC,6,2020-02-28,2020-02-28,16,0.064790841295215174,0.16472772634518079,0.19112462626842752,232.99518105153672,0.17856282836600282,0.75,0.13392212127450212,0.47588155953730005,0.069466028315770298,157,1,False,-0.088355803047059617,0.35620004559606389,0.89781349311163172,False,False,M2
2019-08-30,GLD,6,2020-02-28,2020-02-28,16,-0.035223662202799377,0.29844250471372197,0.21621880618103106,1.2067926406393288,0.2564233825224867,0.75,0.19231753689186504,0.48896579768265847,0.024880201873781323,172,1,False,0.030638586599065293,0.35399648718466481,0.79344451970328811,False,False,M2
2019-08-30,VDE,6,2020-02-28,2020-02-28,16,0.17545201631062968,0.23572482444179227,0.22482404434254089,51.794746792312019,0.23048525635810521,0.75,0.1728639422685789,0.51934008061983616,0.032272295882839301,173,1,False,-0.087827048494846266,0.4335549330320041,0.93401242698266707,False,False,M2
2019-08-30,VMBS,6,2020-02-28,2020-02-28,16,-0.026682653962748826,0.35255569912011814,0.19772632001006812,0.56898660290182934,0.25777065477832728,0.75,0.19332799108374546,0.38780969809082999,0.09128377072104106,111,1,False,-0.0062519997237182046,0.39290798189120912,0.89842531349312882,False,False,M2
2019-08-30,VOO,6,2020-02-28,2020-02-28,16,-0.024394308598687187,0.40820648190956765,0.10628899310567343,1.7575106248547894,0.23758913737934334,0.75,0.17819185303450752,0.43488750782156205,0.040985449410150518,102,1,False,0.026850211922352096,0.32953349414666294,0.82055302702652544,False,False,M2
2019-08-30,VWO,6,2020-02-28,2020-02-28,16,-0.031218244157671493,0.20053185158314651,0.14890745794814658,109.85411419875572,0.17606928889920984,0.75,0.13205196667440738,0.52614334113259742,0.018839765611557324,168,1,False,-0.064579466362806787,0.32868339971162153,0.76542780884997141,False,False,M2
2019-08-30,VXUS,6,2020-02-28,2020-02-28,16,-0.013408877347270587,0.4568783906028297,0.10799479944690334,7.9060432109076855,0.32396990986385232,0.75,0.24297743239788924,0.61904634064725439,0.087261796887912579,97,1,False,0.067490424178865249,0.41846444061691324,,False,True,M2
2019-09-30,BND,6,2020-03-31,2020-03-31,17,-0.047936727733948081,0.12860112374706381,0.072781521383736322,232.99518105153672,0.096511879840560186,0.75,0.072383909880420136,0.4251258957805526,0.061161147870433807,144,1,False,-0.13516250519499384,0.27993032495583414,0.81265061304417785,False,False,M2
2019-09-30,DBC,6,2020-03-31,2020-03-31,17,0.22160980517894757,0.15616810127971092,0.21592740294658624,2222.9964825261909,0.18748572653662146,0.75,0.1406142949024661,0.47593722845878023,0.069766711715972568,158,1,False,-0.064127838415889232,0.34535642822082147,0.90528099938208273,False,False,M2
2019-09-30,GLD,6,2020-03-31,2020-03-31,17,-0.094062174908311813,0.34182483972832967,0.027500548015496316,0.82864277285468424,0.18131235520911573,0.75,0.13598426640683681,0.48934113986373623,0.024251906917537314,173,1,False,-0.032531585816556213,0.30450011863022985,0.7541374980339034,False,False,M2
2019-09-30,VDE,6,2020-03-31,2020-03-31,17,0.50015536695415796,0.33300714519184116,0.17077664483326233,24.420530945486497,0.25487534271068452,0.75,0.1911565070330134,0.51839017750385064,0.033119837014757236,174,1,False,-0.066218444201312621,0.44853145826733942,0.94972713879279647,False,False,M2
2019-09-30,VMBS,6,2020-03-31,2020-03-31,17,-0.048120632180372103,0.12296611759400959,0.074869748631686661,339.32217718953228,0.093140966401740882,0.75,0.069855724801305669,0.37988767477160879,0.090834649371452594,112,1,False,-0.12968112097015719,0.26939257057276855,0.84894980649730722,False,False,M2
2019-09-30,VOO,6,2020-03-31,2020-03-31,17,0.11896782937892614,0.16656921114201517,0.098305177526393603,51.794746792312019,0.12595476228162408,0.75,0.094466071711218069,0.40503883656976203,0.040751181030290441,103,1,False,-0.056811100651944835,0.24574324407438097,0.86160105077932236,False,False,M2
2019-09-30,VWO,6,2020-03-31,2020-03-31,17,0.15358242989952386,0.10118518363852615,0.16549859204867698,10000,0.13177010624561714,0.75,0.098827579684212852,0.52443940753319407,0.019376196175899248,169,1,False,-0.09600939840771866,0.29366455777614436,0.77714192598403287,False,False,M2
2019-09-30,VXUS,6,2020-03-31,2020-03-31,17,0.16923606210687092,0.3427629773516363,0.066374686411303452,24.420530945486497,0.22358971344260392,0.75,0.16769228508195294,0.56881941885606258,0.087019578366825043,98,1,False,-0.0047978568964089641,0.34018242706031487,,False,True,M2
2019-10-31,BND,6,2020-04-30,2020-04-30,17,0.17922638361895982,0.12878078096525597,0.10446704399626687,232.99518105153672,0.11471588561677927,0.75,0.086036914212584456,0.42152473861110873,0.059777920270045568,145,1,False,-0.14429706758102523,0.31637089600619417,0.79889168351194784,False,False,M2
2019-10-31,DBC,6,2020-04-30,2020-04-30,17,0.53899332478398365,0.15654273546609354,0.20144824530676134,2222.9964825261909,0.18019486256902462,0.75,0.13514614692676846,0.47329120219650722,0.068938564393048199,159,1,False,-0.05920389072116089,0.32949618457469781,0.88906103298260686,False,False,M2
2019-10-31,GLD,6,2020-04-30,2020-04-30,17,0.088769029633306795,0.31774920358743913,0.14307929084910295,0.82864277285468424,0.22827956885030606,0.75,0.17120967663772954,0.4877787860857134,0.022635906334426133,174,1,False,-0.018170990837079848,0.36059034411253893,0.73258646149163242,False,False,M2
2019-10-31,VDE,6,2020-04-30,2020-04-30,17,0.63609646198944092,0.33325430455284094,0.1820818823533373,24.420530945486497,0.26010367628609138,0.75,0.19507775721456855,0.51611129065450823,0.033074701213210801,175,1,False,-0.054341847273482513,0.44449736170261961,0.9546868393818666,False,False,M2
2019-10-31,VMBS,6,2020-04-30,2020-04-30,17,0.20199681286740567,0.12327233964646628,0.096508636341901793,339.32217718953228,0.1065954556206031,0.75,0.07994659171545232,0.37688428854242456,0.088959402246064204,113,1,False,-0.1295700912829271,0.28946327471383171,0.83669977413604635,False,False,M2
2019-10-31,VOO,6,2020-04-30,2020-04-30,17,0.2876563822510575,0.16273464690409434,0.098305177526393603,51.794746792312019,0.12316341792590513,0.75,0.092372563444428846,0.38582097042871277,0.039145638919949481,104,1,False,-0.067954980676856652,0.25270010756571437,0.80641305255355555,False,False,M2
2019-10-31,VWO,6,2020-04-30,2020-04-30,17,0.38633298499327573,0.10092321794073134,0.14888222257114686,10000,0.12385722319191034,0.75,0.092892917393932753,0.52179980739979126,0.018840733003878812,170,1,False,-0.11603503149073867,0.30182086627860416,0.7618007557710762,False,False,M2
2019-10-31,VXUS,6,2020-04-30,2020-04-30,17,0.39843882330248848,0.31696766743969229,0.089923998155856263,24.420530945486497,0.20803975035785363,0.75,0.15602981276839023,0.52023362983240162,0.085066902347687101,99,1,False,-0.02396635522520027,0.33602598076198076,0.91463783352810202,False,False,M2
2019-11-29,BND,6,2020-05-29,2020-05-29,17,0.042071263941570791,0.13434496881465852,0.11123316397025236,232.99518105153672,0.12089858547458589,0.75,0.090673939105939419,0.41820280023145379,0.058579672340517197,146,1,False,-0.1578167819714939,0.33916466018337277,0.78284475990476943,False,False,M2
2019-11-29,DBC,6,2020-05-29,2020-05-29,17,0.31689500155472816,0.1546235629571201,0.21963762974547513,2222.9964825261909,0.18888230052229135,0.75,0.14166172539171851,0.47305653595403901,0.06795690679525504,160,1,False,-0.08059061429113934,0.36391406507457635,0.87524018528835057,False,False,M2
2019-11-29,GLD,6,2020-05-29,2020-05-29,17,-0.083256126440417688,0.25894222631783487,0.14725076304601578,0.82864277285468424,0.2016273911106008,0.75,0.1512205433329506,0.48684676941021687,0.021397736854584855,175,1,False,-0.050705403235622115,0.35314648990152331,0.7088306602634159,False,False,M2
2019-11-29,VDE,6,2020-05-29,2020-05-29,17,0.41500990540671978,0.2950109308044252,0.2000425758047096,24.420530945486497,0.2486630721676894,0.75,0.18649730412576704,0.51196523687417161,0.032505552674168763,176,1,False,-0.058394181440193094,0.43138878969172717,0.92492664640780753,False,False,M2
2019-11-29,VMBS,6,2020-05-29,2020-05-29,17,0.062061661190504713,0.1279829319819252,0.10200084490114891,339.32217718953228,0.11170548819226229,0.75,0.083779116144196725,0.37351284602127593,0.087279131493544604,114,1,False,-0.15487765258744426,0.32243588487583774,0.82189303390099644,False,False,M2
2019-11-29,VOO,6,2020-05-29,2020-05-29,17,0.12040981033073361,0.1692592802815763,0.10290750248768213,51.794746792312019,0.12743991005267216,0.75,0.095579932539504114,0.36973248314753565,0.036592034999511532,105,1,False,-0.077226160522848697,0.26838602560185693,0.75791774311545179,False,False,M2
2019-11-29,VWO,6,2020-05-29,2020-05-29,17,0.19740784369020947,0.10132831170010889,0.16587242125356938,10000,0.13238837819540655,0.75,0.099291283646554915,0.51877767452084389,0.01796282517330737,171,1,False,-0.11697751618406262,0.31556008347717246,0.74223467587558922,False,False,M2
2019-11-29,VXUS,6,2020-05-29,2020-05-29,17,0.20746876169157713,0.32228111706557844,0.089923998155856263,24.420530945486497,0.20039099528228174,0.75,0.1502932464617113,0.47541903447918576,0.082571866177986356,100,1,False,-0.049200420663440325,0.34978691358686292,0.93219911355169816,False,False,M2
2019-12-31,BND,6,2020-06-30,2020-06-30,17,0.054220729163718451,0.13583045000634725,0.087472315293834174,232.99518105153672,0.10765702748125205,0.5,0.053828513740626027,0.41740055333844212,0.057352141504327971,147,1,False,-0.20235744274455886,0.31001447022581091,0.77141103281558532,False,False,M2
2019-12-31,DBC,6,2020-06-30,2020-06-30,17,0.36578051133903511,0.15640073067855281,0.10633282659612515,2222.9964825261909,0.12987702490795811,0.5,0.064938512453979053,0.470245334677316,0.066706319344932846,161,1,False,-0.15017084956895377,0.28004787447691187,0.83092399056420729,False,False,M2
2019-12-31,GLD,6,2020-06-30,2020-06-30,17,-0.054939039574981585,0.30442026901872182,0.12957664161975588,0.82864277285468424,0.21478698836780577,0.5,0.10739349418390289,0.48735174404505549,0.020346760465410299,176,1,False,-0.098785777585714787,0.31357276595352057,0.68790484975668043,False,False,M2
2019-12-31,VDE,6,2020-06-30,2020-06-30,17,0.5029492426277139,0.27446268670644985,0.13923394177243681,24.420530945486497,0.20838534770271666,0.5,0.10419267385135833,0.51136617413718766,0.031941708540898867,177,1,False,-0.13967503974835935,0.34806038745107604,0.87715181723428459,False,False,M2
2019-12-31,VMBS,6,2020-06-30,2020-06-30,17,0.081912343227559248,0.12846145175233659,0.081695299209532266,339.32217718953228,0.099093200914746257,0.5,0.049546600457373129,0.37201909413629791,0.085503547928640289,115,1,False,-0.18964534477412887,0.28873854568887514,0.80603603532003987,False,False,M2
2019-12-31,VOO,6,2020-06-30,2020-06-30,17,0.17706274622498952,0.1582926788348922,0.097454405069308178,51.794746792312019,0.11948076637336223,0.5,0.059740383186681116,0.36204776928622012,0.034286121839904746,106,1,False,-0.12685735582859781,0.24633812220196005,0.7398946955725112,False,False,M2
2019-12-31,VWO,6,2020-06-30,2020-06-30,17,0.22313791767695967,0.10124455352950519,0.12708532075331913,10000,0.11372430741615741,0.5,0.056862153708078705,0.51705172766111474,0.016868123414750701,172,1,False,-0.17707765284793731,0.29080196026409472,0.73910631827610584,False,False,M2
2019-12-31,VXUS,6,2020-06-30,2020-06-30,17,0.23398806248320736,0.29343356111225799,0.089923998155856263,24.420530945486497,0.18081063520817178,0.5,0.090405317604085891,0.44659639444946558,0.080043506562891498,101,1,False,-0.13446529020459685,0.31527592541276861,0.88879632091003502,False,False,M2
2020-01-31,BND,6,2020-07-31,2020-07-31,17,0.063700481399795006,0.16482226298509317,0.077340388740758756,232.99518105153672,0.11357400132986571,0.5,0.056787000664932856,0.41418422847123165,0.056791988809026944,148,1,False,-0.19635499984478605,0.30992900117465177,0.75743430318924299,False,False,M2
2020-01-31,DBC,6,2020-07-31,2020-07-31,17,0.23496562621931594,0.15794945832181193,0.096788023058574549,2222.9964825261909,0.12537131404371002,0.5,0.06268565702185501,0.46734173032587739,0.066694093503608776,162,1,False,-0.14189595629709251,0.2672672703408025,0.8301352277711278,False,False,M2
2020-01-31,GLD,6,2020-07-31,2020-07-31,17,-0.11926369455935748,0.49015651582903502,0.10125838641661385,0.82864277285468424,0.29035923328113106,0.5,0.14517961664056553,0.48624776660722457,0.019682579784681652,177,1,False,-0.090036023236183177,0.38039525651731421,0.64451934409656664,False,False,M2
2020-01-31,VDE,6,2020-07-31,2020-07-31,17,0.43570062452964176,0.39015292188589645,0.11774737466667039,24.420530945486497,0.2567869754902426,0.5,0.1283934877451213,0.51041398474780753,0.032525315201682337,178,1,False,-0.11467969971977202,0.37146667521001464,0.91475922502849982,False,False,M2
2020-01-31,VMBS,6,2020-07-31,2020-07-31,17,0.094455960222751711,0.14852901814418087,0.066419860249264578,339.32217718953228,0.09669310828171486,0.5,0.04834655414085743,0.36869514690668415,0.084722982429339316,116,1,False,-0.19083652833605724,0.28752963661777209,0.79560184966022718,False,False,M2
2020-01-31,VOO,6,2020-07-31,2020-07-31,17,0.09792008554529863,0.22972703517103565,0.073300277916196518,51.794746792312019,0.12771471425055297,0.5,0.063857357125276487,0.34785887842518137,0.033442063620418405,107,1,False,-0.13825615214047252,0.26597086639102552,0.69430103284991018,False,False,M2
2020-01-31,VWO,6,2020-07-31,2020-07-31,17,0.092387413861986456,0.10313255742043856,0.11977205615501095,10000,0.11121393286084848,0.5,0.055606966430424239,0.51432578773427873,0.016826724452931482,173,1,False,-0.17170075751027009,0.28291469037111855,0.74520298525790374,False,False,M2
2020-01-31,VXUS,6,2020-07-31,2020-07-31,17,0.16307784015064619,0.38166470064996683,0.076095378749312381,24.420530945486497,0.20238150033525484,0.5,0.10119075016762742,0.4132814145099295,0.079071982960588941,102,1,False,-0.1352257408030198,0.33760724113827467,0.77459090242471185,False,False,M2
2020-02-28,BND,6,2020-08-31,2020-08-31,17,0.25520425967367455,0.12956338203647796,0.10262369578833691,232.99518105153672,0.11365077834473757,0.5,0.056825389172368783,0.40932483232471123,0.056169804621075112,149,1,False,-0.1932408831834761,0.30689166152821368,0.74517186590506046,False,False,M2
2020-02-28,DBC,6,2020-08-31,2020-08-31,17,0.28819412030490699,0.15572132486969234,0.22331829787386542,2222.9964825261909,0.19163943032625624,0.5,0.095819715163128122,0.46864328593017773,0.066682417109692263,163,1,False,-0.10421716409065798,0.29585659441691425,0.87525799080606215,False,False,M2
2020-02-28,GLD,6,2020-08-31,2020-08-31,17,0.041097903400893809,0.40661641005365923,0.16266690985823917,0.82864277285468424,0.28079771174294393,0.5,0.14039885587147197,0.4842428526808788,0.019374117751044119,178,1,False,-0.088737758133574401,0.36953546987651831,0.61295266056900244,False,False,M2
2020-02-28,VDE,6,2020-08-31,2020-08-31,17,0.46226735035290656,0.32048382171545431,0.19467585296343834,24.420530945486497,0.25884044362013681,0.5,0.1294202218100684,0.51002008293429568,0.033323788392235112,179,1,False,-0.10836475374473398,0.36720519736487078,0.91982828295577224,False,False,M2
2020-02-28,VMBS,6,2020-08-31,2020-08-31,17,0.26345340782656379,0.12327899273938078,0.10458809230940833,339.32217718953228,0.1113908417331473,0.5,0.055695420866573649,0.36396049774200201,0.083770797502911221,117,1,False,-0.18307875204428192,0.29446959377742921,0.78457959214225625,False,False,M2
2020-02-28,VOO,6,2020-08-31,2020-08-31,17,0.087007197418536464,0.16380134681072098,0.094013759985855802,51.794746792312019,0.11707331107377367,0.5,0.058536655536886834,0.33042482391297978,0.03290654165542669,108,1,False,-0.18565880246263691,0.30273211353641061,0.70467701937399596,False,False,M2
2020-02-28,VWO,6,2020-08-31,2020-08-31,17,0.16292194064488297,0.10085187003393239,0.18899680408549613,10000,0.14384843543149803,0.5,0.071924217715749014,0.51220605176908829,0.016550603943675146,174,1,False,-0.15218249048186583,0.29603092591336383,0.71176401072249562,False,False,M2
2020-02-28,VXUS,6,2020-08-31,2020-08-31,17,0.19863342036002907,0.32211534824374199,0.083236875687206682,24.420530945486497,0.17501444170734334,0.5,0.087507220853671672,0.38420191253699387,0.07817411053041555,103,1,False,-0.22176615166596514,0.39678059337330851,0.90233309540571105,False,False,M2
2020-03-31,BND,6,2020-09-30,2020-09-30,18,0.22550997037105169,0.39638510572771607,0.25315034996779351,11.513953993264458,0.31159503664110832,0.5,0.15579751832055416,0.40803425372033714,0.055475761072041628,150,1,False,-0.093398245296925059,0.40499328193803341,0.63839637432348173,False,False,M2
2020-03-31,DBC,6,2020-09-30,2020-09-30,18,0.12845268262334852,0.18141222538637686,0.30692452843243251,10000,0.2483813270459132,0.5,0.1241906635229566,0.46643396675652898,0.0676270963052365,164,1,False,-0.069584882344558341,0.31796620939047154,0.90782906449236911,False,False,M2
2020-03-31,GLD,6,2020-09-30,2020-09-30,18,0.1133969655481859,0.13300010522169992,0.19956901651439482,10000,0.16787479587804555,0.5,0.083937397939022773,0.47611144633256647,0.018740395445684593,179,1,False,-0.15647505124579145,0.32434984712383697,0.64443597185512191,False,False,M2
2020-03-31,VDE,6,2020-09-30,2020-09-30,18,0.14654225698777124,0.16816272163716051,0.27365284757531105,10000,0.21931692940346237,0.5,0.10965846470173118,0.51508060767418318,0.035917297162023569,180,1,False,-0.13977266667700833,0.3590895960804707,0.89800605139456813,False,False,M2
2020-03-31,VMBS,6,2020-09-30,2020-09-30,18,0.25393119031417832,0.12873229591226973,0.25770509394406277,10000,0.21082307393844196,0.5,0.10541153696922098,0.36350316284573364,0.082653073522544418,118,1,False,-0.13324630175263721,0.3440693756910792,0.73064979530944008,False,False,M2
2020-03-31,VOO,6,2020-09-30,2020-09-30,18,-0.046721794812728312,0.16259606324145207,0.11465853172237904,51.794746792312019,0.13044064386522664,0.5,0.065220321932613318,0.32922246187349763,0.033696094753807415,109,1,False,-0.17180983518857609,0.30225047905380276,0.67781652038830187,False,False,M2
2020-03-31,VWO,6,2020-09-30,2020-09-30,18,-0.036214354809998683,0.12404528739031126,0.25484999539345449,10000,0.18804948893416909,0.5,0.094024744467084545,0.51068885423971255,0.01733364294913714,175,1,False,-0.1283484738713796,0.31639796280554866,0.68710682920801647,False,False,M2
2020-03-31,VXUS,6,2020-09-30,2020-09-30,18,0.0047539902993622984,0.35367614230831446,0.20596525865323809,24.420530945486497,0.26218452241050172,0.5,0.13109226120525086,0.3806033947271128,0.079049706218650678,104,1,False,-0.12939691430826705,0.39158143671876877,0.33751709874036123,False,False,M2
2020-04-30,BND,6,2020-10-30,2020-10-30,18,0.10041293341079194,0.28022817870431871,0.12162301905346626,11.513953993264458,0.1865946737407321,0.5,0.093297336870366052,0.40964401681693113,0.05629530161870995,151,1,False,-0.15519925086420516,0.34179392460493724,0.70580166203076711,False,False,M2
2020-04-30,DBC,6,2020-10-30,2020-10-30,18,-0.070698854435351954,0.17910268213850405,-0.090811427405710049,10000,0.034876848708506922,0.5,0.017438424354253461,0.46566026624713452,0.070483861326319827,165,1,False,-0.20479987168455857,0.23967672039306551,0.7569181234613751,False,False,M2
2020-04-30,GLD,6,2020-10-30,2020-10-30,18,0.028169812559237339,0.13055673538977081,-0.041353159108221731,10000,0.039733362540215478,0.5,0.019866681270107739,0.47168036421186971,0.019129443413393604,180,1,False,-0.21913050284786309,0.2588638653880786,0.70591350198786695,False,False,M2
2020-04-30,VDE,6,2020-10-30,2020-10-30,18,0.241590578203698,0.16534134767642969,-0.12704030975866898,10000,0.024842949898306779,0.5,0.01242147494915339,0.51946917939163129,0.039233204150020344,181,1,False,-0.25655389247845256,0.28139684237675938,0.65647704117290095,False,False,M2
2020-04-30,VMBS,6,2020-10-30,2020-10-30,18,0.1044867755618879,0.12734770812099799,0.16629237551359904,10000,0.15200978294057815,0.5,0.076004891470289077,0.36674064844457688,0.083655962088467609,119,1,False,-0.16265249407924184,0.31466227701981997,0.75609999813110573,False,False,M2
2020-04-30,VOO,6,2020-10-30,2020-10-30,18,-0.051948697887240325,0.071752223729351208,-0.014889810998705679,51.794746792312019,0.014447318785502955,0.5,0.0072236593927514775,0.33860157920216211,0.036004824640146052,110,1,False,-0.22979300329706737,0.24424032208257029,0.9085443116442139,False,False,M2
2020-04-30,VWO,6,2020-10-30,2020-10-30,18,-0.15438619745283666,0.12159728805336659,-0.10037086210997841,10000,0.012556993401122799,0.5,0.0062784967005613994,0.50875702405051482,0.019430230119842459,176,1,False,-0.25048149058214542,0.26303848398326823,0.79469549540083972,False,False,M2
2020-04-30,VXUS,6,2020-10-30,2020-10-30,18,-0.06147807539018979,0.23013345695457679,-0.05940198117580385,24.420530945486497,0.05805112558942406,0.5,0.02902556279471203,0.40566055583267713,0.082091507333734839,105,1,False,-0.23135564256700714,0.28940676815643118,0.99966690504572164,False,False,M2
2020-05-29,BND,6,2020-11-30,2020-11-30,18,0.12511593531995846,0.42945123116679523,0.12135466764735287,11.513953993264458,0.24744938121192148,0.5,0.12372469060596074,0.40927010715136214,0.056201722423465612,152,1,False,-0.10999584400077748,0.35744522521269895,0.68174280348575333,False,False,M2
2020-05-29,DBC,6,2020-11-30,2020-11-30,18,-0.049117850216836789,0.17852501209574367,-0.070948117779765077,10000,0.044704045882626789,0.5,0.022352022941313394,0.46358565237107591,0.071968265785527105,166,1,False,-0.18219508302357451,0.22689912890620129,0.76700696195694285,False,False,M2
2020-05-29,GLD,6,2020-11-30,2020-11-30,18,0.11107976115919871,0.13211813723012086,-0.049252129438768652,10000,0.035846811359946634,0.5,0.017923405679973317,0.46920006438581441,0.01856377728160459,181,1,False,-0.21757661337392858,0.25342342473387519,0.70273978114520164,False,False,M2
2020-05-29,VDE,6,2020-11-30,2020-11-30,18,0.088577038482994697,0.16581739453243055,-0.08086036118890913,10000,0.047958816110044745,0.5,0.023979408055022373,0.52221643140160101,0.041297911299782435,182,1,False,-0.24230197888839775,0.29026079499844248,0.69820823100825813,False,False,M2
2020-05-29,VMBS,6,2020-11-30,2020-11-30,18,0.14073189406765407,0.12885574631634908,0.18528143172690337,10000,0.16462810235637079,0.5,0.082314051178185396,0.36602708890921909,0.083476009580984611,120,1,False,-0.14315383972944096,0.30778194208581178,0.75574172775459325,False,False,M2
2020-05-29,VOO,6,2020-11-30,2020-11-30,18,-0.064746564623193725,0.14429144239396491,0.008622739716912315,51.794746792312019,0.054344527624838768,0.5,0.027172263812419384,0.33701057801638412,0.036765229916637832,111,1,False,-0.17917503565496301,0.23351956327980178,0.85971895555948186,False,False,M2
2020-05-29,VWO,6,2020-11-30,2020-11-30,18,-0.18232123172851389,0.1219769597872669,-0.1116792020102409,10000,0.006643995123660278,0.5,0.003321997561830139,0.50639878796110238,0.020435753360353005,177,1,False,-0.24210373007372196,0.24874772519738222,0.79818377378741001,False,False,M2
2020-05-29,VXUS,6,2020-11-30,2020-11-30,18,-0.11086790829743198,0.25114119501643389,-0.06477452352501499,24.420530945486497,0.064087930255958339,0.5,0.03204396512797917,0.40790136804815641,0.08327431162012959,106,1,False,-0.21179861455597154,0.27588654481192987,0.99974679267486055,False,False,M2
2020-06-30,BND,6,2020-12-31,2020-12-31,18,0.25865439009357827,0.41991952027083429,0.083780762272331138,11.513953993264458,0.22078953065562451,0.5,0.11039476532781226,0.40759586665666048,0.056188774755101256,153,1,False,-0.12125237664890631,0.34204190730453082,0.69853498921497303,False,False,M2
2020-06-30,DBC,6,2020-12-31,2020-12-31,18,0.05251707015419349,0.17915117664761554,-0.044551123566996004,10000,0.059700266228012194,0.5,0.029850133114006097,0.46602734837770265,0.073727620549320569,167,1,False,-0.20046912884333346,0.26016939507134562,0.78352859725062685,False,False,M2
2020-06-30,GLD,6,2020-12-31,2020-12-31,18,0.20146014240777821,0.1333825355524095,-0.089832329430704211,10000,0.013996664266618258,0.5,0.0069983321333091288,0.46515268463494658,0.018159915650524452,182,1,False,-0.22715267343824791,0.24114933770486618,0.71008182186574498,False,False,M2
2020-06-30,VDE,6,2020-12-31,2020-12-31,18,0.17868006535515613,0.16666359010309484,-0.095220210611489761,10000,0.042514384435922092,0.5,0.021257192217961046,0.52593781926023975,0.04382059617042687,183,1,False,-0.26982163174725948,0.31233601618318163,0.68999646980904994,False,False,M2
2020-06-30,VMBS,6,2020-12-31,2020-12-31,18,0.26827208352221565,0.1292698544677392,0.13826973494762293,10000,0.13499752568545648,0.5,0.067498762842728238,0.36358363530275567,0.083463086718559606,121,1,False,-0.1530187444903354,0.2880162701757919,0.77137201848220716,False,False,M2
2020-06-30,VOO,6,2020-12-31,2020-12-31,18,0.015291643822863854,0.17043968253552733,-0.036992568865213196,51.794746792312019,0.034161200265806768,0.5,0.017080600132903384,0.34302172709660878,0.038017886312248117,112,1,False,-0.18094928252435583,0.21511048279016259,0.89147605700726895,False,False,M2
2020-06-30,VWO,6,2020-12-31,2020-12-31,18,-0.014485524201414579,0.12293804238674719,-0.015811836304150898,10000,0.054316259841428773,0.5,0.027158129920714386,0.50542816186389961,0.021574529564378886,178,1,False,-0.20016690080499142,0.25448316064642018,0.77664929114463566,False,False,M2
2020-06-30,VXUS,6,2020-12-31,2020-12-31,18,0.021488584433862146,0.27504124151081322,-0.031903807464640679,24.420530945486497,0.096120621307289447,0.5,0.048060310653644724,0.41709234014120916,0.084682851347821914,107,1,False,-0.19574642980155971,0.29186705110884914,0.99917254605657813,False,False,M2
2020-07-31,BND,6,2021-01-29,2021-01-29,18,0.022148526282360859,0.33953103545986985,0.038110217558571101,11.513953993264458,0.15995109700490925,0.5,0.079975548502454627,0.40422184603797134,0.056237552070975881,154,1,False,-0.15152018709185494,0.31147128409676422,0.72958658809457988,False,False,M2
2020-07-31,DBC,6,2021-01-29,2021-01-29,18,-0.16277668610836749,0.1803318066809726,-0.029859120081839895,10000,0.068615077499573268,0.5,0.034307538749786634,0.46849880295991669,0.074687370583070525,168,1,False,-0.19281390462423109,0.26142898212380433,0.79385545515969802,False,False,M2
2020-07-31,GLD,6,2021-01-29,2021-01-29,18,0.080239358890345058,0.13359639042997454,-0.042856489231463978,10000,0.037631095733986708,0.5,0.018815547866993354,0.45614208801739498,0.017408966960852965,183,1,False,-0.22419961572029348,0.26183071145428016,0.69498871510326443,False,False,M2
2020-07-31,VDE,6,2021-01-29,2021-01-29,18,-0.14519139330556574,0.16714761876876832,-0.091018675349843467,10000,0.046805811449742545,0.5,0.023402905724871272,0.53385933771921446,0.045950378933248694,184,1,False,-0.29150645382572932,0.33831226527547181,0.69865073590018079,False,False,M2
2020-07-31,VMBS,6,2021-01-29,2021-01-29,18,0.0077008797063464751,0.12873977092241418,0.068505805766885516,10000,0.090352393745216919,0.5,0.04517619687260846,0.36269549782953631,0.083553192239085777,122,1,False,-0.17533174702108595,0.26568414076630287,0.79338315203932097,False,False,M2
2020-07-31,VOO,6,2021-01-29,2021-01-29,18,-0.13196520603752826,0.14735063222201758,-0.052357302794629419,51.794746792312019,0.014890607092955564,0.5,0.0074453035464777818,0.33673128652589301,0.038547994270062724,113,1,False,-0.19057003779490075,0.20546064488785634,0.91513970087838326,False,False,M2
2020-07-31,VWO,6,2021-01-29,2021-01-29,18,-0.20936571516520264,0.12341355912408283,0.018559229837179669,10000,0.071616883503592743,0.5,0.035808441751796372,0.50601299943692679,0.021970132269952113,179,1,False,-0.18830514775705429,0.25992203126064706,0.77017859115004639,False,False,M2
2020-07-31,VXUS,6,2021-01-29,2021-01-29,18,-0.18565831043157432,0.29993856055561718,0.05438238989014782,24.420530945486497,0.15455152463588936,0.5,0.077275762317944682,0.40792758118958378,0.085408730873773986,108,1,False,-0.16183181523612655,0.31638333987201589,0.99093235609393915,False,False,M2
2020-08-31,BND,6,2021-02-26,2021-02-26,18,-0.024621363001621988,0.37326066837644145,0.14150516994072601,11.513953993264458,0.23572708620358837,0.75,0.17679531465269127,0.40655741459785799,0.057521208249057813,155,1,False,-0.053552800554829721,0.40714342986021224,0.70033659535730408,False,False,M2
2020-08-31,DBC,6,2021-02-26,2021-02-26,18,-0.27349975862141529,0.18119125537663067,0.15465087275732978,10000,0.16702663927756528,0.75,0.12526997945817397,0.46629947645274356,0.075950724131720437,169,1,False,-0.099258499524376625,0.34979845844072455,0.87730668173971016,False,False,M2
2020-08-31,GLD,6,2021-02-26,2021-02-26,18,0.083644422180986999,0.13474415511487658,0.10524473343945677,10000,0.11853860946809393,0.75,0.088903957101070449,0.45064869999516627,0.017537711180635789,184,1,False,-0.15150792175559696,0.32931583595773783,0.65145021249176716,False,False,M2
2020-08-31,VDE,6,2021-02-26,2021-02-26,18,-0.43044789387408866,0.16799080425266183,0.185806794000755,10000,0.17623628972067371,0.75,0.13217721729050527,0.53718622514955239,0.048200740940922519,185,1,False,-0.25413937529436981,0.5184938098753803,0.87748730619946524,False,False,M2
2020-08-31,VMBS,6,2021-02-26,2021-02-26,18,-0.034613582499270268,0.1292097381684531,0.12879276909702098,10000,0.12894550865109466,0.75,0.096709131488320998,0.36630907311443189,0.085015795617845752,123,1,False,-0.12269333540419444,0.31611159838083647,0.78231463818696356,False,False,M2
2020-08-31,VOO,6,2021-02-26,2021-02-26,18,-0.13309763324174428,0.17317009207051259,0.047481102632252421,51.794746792312019,0.089273974332177222,0.75,0.06695548074913292,0.33251020544209181,0.038973074999435302,114,1,False,-0.12862913709978074,0.26254009859804661,0.81379086749616758,False,False,M2
2020-08-31,VWO,6,2021-02-26,2021-02-26,18,-0.21991844628792923,0.12434938104781995,0.13310450884384761,10000,0.12868564606750471,0.75,0.096514234550628533,0.50471710742449538,0.022753197872035065,180,1,False,-0.12586222580413198,0.31889069490538907,0.7451529278589365,False,False,M2
2020-08-31,VXUS,6,2021-02-26,2021-02-26,18,-0.19775300192412948,0.36184935403734175,0.12972142950108317,24.420530945486497,0.22468906304823086,0.75,0.16851679728617314,0.40911766103484748,0.086447489492913934,109,1,False,-0.070579862830794815,0.40761345740314109,0.79823630273840052,False,False,M2
2020-09-30,BND,6,2021-03-31,2021-03-31,19,0.1055618189926808,0.11276802853532684,-0.0169411505294337,10000,0.035099156006249937,0.75,0.026324367004687453,0.40120758539147966,0.058598059288301363,156,1,False,-0.20347102600641576,0.25611976001579068,0.78161962645307193,False,False,M2
2020-09-30,DBC,6,2021-03-31,2021-03-31,19,-0.21736799501881454,0.14651079026238825,0.053991735250425714,2222.9964825261909,0.097571791201198729,0.75,0.073178843400899043,0.47103870597400938,0.076259559181671197,170,1,False,-0.14185121249993093,0.28820889930172899,0.82383048581321117,False,False,M2
2020-09-30,GLD,6,2021-03-31,2021-03-31,19,0.15020901869973335,0.10474642834631835,-0.12010773601286633,10000,-0.018380227005828982,0.75,-0.013785170254371737,0.45241549916121021,0.018055869312352271,185,1,False,-0.25278216411559545,0.22521182360685199,0.7282234490007008,False,False,M2
2020-09-30,VDE,6,2021-03-31,2021-03-31,19,-0.68252971800391182,0.15183910285403357,0.088456645414473831,10000,0.12269216379384056,0.75,0.092019122845380413,0.54014185884182619,0.048729458769131387,186,1,False,-0.24698919627935897,0.43102744197011977,0.8207062473549992,False,False,M2
2020-09-30,VMBS,6,2021-03-31,2021-03-31,19,0.085720733361016155,0.11610044678226601,0.0037114338128918477,10000,0.044190371030595602,0.75,0.033142778272946705,0.36016809960537871,0.086378016542816183,124,1,False,-0.1771218776633047,0.24340743420919811,0.8161498614828836,False,False,M2
2020-09-30,VOO,6,2021-03-31,2021-03-31,19,-0.13690116552498499,0.073917173293505362,-0.070236910558874377,10000,-0.022134982004552078,0.75,-0.016601236503414059,0.33368411958124505,0.038227902218459966,115,1,False,-0.20626989815476729,0.17306742514793919,0.94460575027384586,False,False,M2
2020-09-30,VWO,6,2021-03-31,2021-03-31,19,-0.16271405133132366,0.10890870056462264,-0.04552985012729939,10000,0.0331118344016589,0.75,0.024833875801244173,0.50921019510105825,0.022427410288156424,181,1,False,-0.19401551214838519,0.24368326375087351,0.7899915416354516,False,False,M2
2020-09-30,VXUS,6,2021-03-31,2021-03-31,19,-0.16191597515400735,0.10567583329011984,-0.077520779053660005,10000,-0.0040051758342802028,0.75,-0.0030038818757101519,0.40129346432139912,0.085704821318427091,110,1,False,-0.23948401655269894,0.23347625280127862,0.99999514549661617,False,False,M2
2020-10-30,BND,6,2021-04-30,2021-04-30,19,0.16313388852257882,0.11254954975380373,-0.0075913793336897266,10000,0.039903678156160138,0.75,0.029927758617120104,0.39532786911662104,0.058864396066151618,157,1,False,-0.19866511020800251,0.25852062744224269,0.78186912350677851,False,False,M2
2020-10-30,DBC,6,2021-04-30,2021-04-30,19,-0.26742218495245296,0.14543297766034777,0.047367002862040042,2222.9964825261909,0.092794053952913291,0.75,0.069595540464684968,0.46322948590785995,0.075400153254086263,171,1,False,-0.13488526241108609,0.27407634334045605,0.81299402196711545,False,False,M2
2020-10-30,GLD,6,2021-04-30,2021-04-30,19,0.20820647992262142,0.10424675694465213,-0.064802808282181323,10000,0.011575652722194824,0.75,0.0086817395416461177,0.45181104667078137,0.018110245351314024,186,1,False,-0.22681246502770724,0.24417594411099947,0.71630817492168741,False,False,M2
2020-10-30,VDE,6,2021-04-30,2021-04-30,19,-0.64303801106065062,0.15161201332343427,0.16720983991460825,10000,0.15866001780350758,0.75,0.11899501335263069,0.54814188766136174,0.049760801653808216,187,1,False,-0.21662311839670784,0.45461314510196921,0.8642177408429268,False,False,M2
2020-10-30,VMBS,6,2021-04-30,2021-04-30,19,0.14972407170613933,0.11593145777074387,-0.002647949200963146,10000,0.040415930028340083,0.75,0.030311947521255062,0.36316490636167748,0.08652288661496875,125,1,False,-0.17687524801423973,0.23749914305674988,0.82056547023686599,False,False,M2
2020-10-30,VOO,6,2021-04-30,2021-04-30,19,-0.14059504603832607,0.073873716582406004,-0.044256192178869766,10000,-0.0053432093935507526,0.75,-0.0040074070451630644,0.32940838770947312,0.037450517734790141,116,1,False,-0.19365415588810542,0.1856393417977793,0.89863614402098069,False,False,M2
2020-10-30,VWO,6,2021-04-30,2021-04-30,19,-0.069773865559754844,0.10879551982213387,0.014877122001435896,10000,0.061971799822394827,0.75,0.046478849866796124,0.50144251726768796,0.021455906948920196,182,1,False,-0.16823667065818476,0.26119437039177701,0.76386887601072395,False,False,M2
2020-10-30,VXUS,6,2021-04-30,2021-04-30,19,-0.13139178553145703,0.1057020182112354,-0.024699643037309971,10000,0.02498905545020582,0.75,0.018741791587654363,0.38104344692978415,0.084378849276007126,111,1,False,-0.21431203971282886,0.25179562288813762,0.99223313074101904,False,False,M2
2020-11-30,BND,6,2021-05-31,2021-05-31,19,0.19752633744304904,0.11227693387243132,0.043892736674591849,10000,0.070163957678309213,0.75,0.05262296825873191,0.38417093539481345,0.059283709605732676,158,1,False,-0.16317951838476968,0.26842545490223352,0.77554564251123259,False,False,M2
2020-11-30,DBC,6,2021-05-31,2021-05-31,19,-0.15289100693799496,0.14730107065717965,0.09634909657409145,2222.9964825261909,0.11960256307948626,0.75,0.089701922309614698,0.45638008975815175,0.074676211373441367,172,1,False,-0.10963714229772374,0.28904098691695312,0.83547212772000645,False,False,M2
2020-11-30,GLD,6,2021-05-31,2021-05-31,19,0.11067056240701656,0.10368649431139407,-0.018032238555968205,10000,0.037401477177588398,0.75,0.028051107883191297,0.45542468630496752,0.018607408537452439,187,1,False,-0.20296929168938616,0.25907150745576873,0.70582560567501662,False,False,M2
2020-11-30,VDE,6,2021-05-31,2021-05-31,19,-0.23438642942550403,0.15151865063017589,0.20437646613269667,10000,0.17528025431594771,0.75,0.13146019073696077,0.55046186718331858,0.049967270998644321,188,1,False,-0.20153262387301826,0.46445300534693978,0.8823919413214063,False,False,M2
2020-11-30,VMBS,6,2021-05-31,2021-05-31,19,0.17897742611675094,0.11575553978779846,0.023583052414694768,10000,0.057276104678521449,0.75,0.042957078508891085,0.36554348509052448,0.086953116832847205,126,1,False,-0.16292757032159991,0.24884172733938206,0.81776114299031755,False,False,M2
2020-11-30,VOO,6,2021-05-31,2021-05-31,19,0.0094761014537960708,0.073769683564638339,-0.045184810487601153,10000,-0.0067196116750834721,0.75,-0.0050397087563126041,0.32336061885669898,0.036577038398397113,117,1,False,-0.19169896175062195,0.18161954423799676,0.87837388545641726,False,False,M2
2020-11-30,VWO,6,2021-05-31,2021-05-31,19,0.060695321711785155,0.10849604582960863,0.12227714056300779,10000,0.1154767158601787,0.75,0.086607536895134021,0.49346041329705931,0.020342370671994327,183,1,False,-0.12486003227243038,0.29807510606269844,0.73232382898391102,False,False,M2
2020-11-30,VXUS,6,2021-05-31,2021-05-31,19,0.028000136321554736,0.10552547806730614,0.063675101982574561,10000,0.078793844511125657,0.75,0.059095383383344247,0.36125702903938611,0.082635574654815705,112,1,False,-0.17394552172068206,0.29213628848737055,0.94492433460496716,False,False,M2
2020-12-31,BND,6,2021-06-30,2021-06-30,19,0.047687206780919755,0.11305606946945521,-0.020151409866095048,10000,0.031312299288486202,0.75,0.023484224466364653,0.38634248926026088,0.060537613256599621,159,1,False,-0.18806414319438414,0.23503259212711342,0.7855914369665119,False,False,M2
2020-12-31,DBC,6,2021-06-30,2021-06-30,19,-0.26572793372868553,0.1476212002094375,-0.027824059421861183,2222.9964825261909,0.052125773188266486,0.75,0.039094329891199861,0.45569673856189474,0.07454812385194283,173,1,False,-0.15560274707918081,0.23379140686158056,0.75878501921446584,False,False,M2
2020-12-31,GLD,6,2021-06-30,2021-06-30,19,0.0920989332818547,0.10455531132372305,-0.061532426487640436,10000,0.015070676760017577,0.75,0.011303007570013183,0.46122070332886994,0.019580029462294601,188,1,False,-0.21686450207977229,0.23947051721979865,0.72038986399466409,False,False,M2
2020-12-31,VDE,6,2021-06-30,2021-06-30,19,-0.50394680666862435,0.15241779812566533,0.055926000903588804,10000,0.10972415235300138,0.75,0.082293114264751041,0.55754119001012881,0.050648291074604695,189,1,False,-0.23267437045459155,0.39726059898409366,0.81043776526910905,False,False,M2
2020-12-31,VMBS,6,2021-06-30,2021-06-30,19,0.036659863658544345,0.11647033177543888,-0.029767303271442305,10000,0.02392430439687529,0.75,0.017943228297656467,0.36715314529741283,0.088380825231976101,127,1,False,-0.18793507741094986,0.22382153400626278,0.83176570422731433,False,False,M2
2020-12-31,VOO,6,2021-06-30,2021-06-30,19,-0.12278927724638167,0.074541161582734008,-0.072097533855142629,10000,-0.025335928300351709,0.75,-0.019001946225263782,0.31888994521641417,0.03639665369860446,118,1,False,-0.20392918868668303,0.16592529623615548,0.90041903680787139,False,False,M2
2020-12-31,VWO,6,2021-06-30,2021-06-30,19,-0.069800938002764212,0.1094750237058837,0.10716195781619667,10000,0.10829275878090444,0.75,0.081219569085678331,0.48887537953394222,0.020153088634638851,184,1,False,-0.12892974401414825,0.29136888218550494,0.72938605441929794,False,False,M2
2020-12-31,VXUS,6,2021-06-30,2021-06-30,19,-0.089182621674964269,0.1064061287299989,0.03098847373882883,10000,0.057388687597178002,0.75,0.043041515697883503,0.35005349690918025,0.082094450847550626,113,1,False,-0.18154766343446349,0.2676306948302305,0.96091791532909976,False,False,M2
2021-01-29,BND,6,2021-07-30,2021-07-30,19,0.091342016599453846,0.11263002876808846,0.1299629955133568,10000,0.12344986419242923,0.5,0.061724932096214616,0.37576552338944313,0.060297681463010636,160,1,False,-0.14589750014795672,0.26934736434038592,0.76953907450675962,False,False,M2
2021-01-29,DBC,6,2021-07-30,2021-07-30,19,-0.1900835754419683,0.1503487850589777,0.12503611866530659,2222.9964825261909,0.13640861450464697,0.5,0.068204307252323487,0.44928083286333736,0.073184188162515748,174,1,False,-0.1467169942307788,0.2831256087354258,0.84787444304695825,False,False,M2
2021-01-29,GLD,6,2021-07-30,2021-07-30,19,0.10981933254709464,0.10386738778535365,0.099716107066332868,10000,0.1016384400034918,0.5,0.0508192200017459,0.46306984934817713,0.019900978295247253,189,1,False,-0.17475623511385011,0.27639467511734189,0.67600510168848216,False,False,M2
2021-01-29,VDE,6,2021-07-30,2021-07-30,19,-0.20336229789190474,0.15232060798394026,0.1912540722026248,10000,0.16985501217627821,0.5,0.084927506088139107,0.549631543346636,0.049617555893656427,190,1,False,-0.22879999227376341,0.39865500445004159,0.8746214751847039,False,False,M2
2021-01-29,VMBS,6,2021-07-30,2021-07-30,19,0.098503912859212117,0.11609553177504771,0.11382350050355468,10000,0.11465305645795973,0.5,0.057326528228979864,0.36511643339306277,0.087750513157557108,128,1,False,-0.14465274848822623,0.25930580494618599,0.80623043166322284,False,False,M2
2021-01-29,VOO,6,2021-07-30,2021-07-30,19,-0.099590711535425092,0.073949547285935821,-0.017049032466231094,10000,0.01116945527309926,0.5,0.0055847276365496301,0.31009811159891643,0.034981848154603347,119,1,False,-0.17933657629234781,0.19050603156544707,0.83406133984415076,False,False,M2
2021-01-29,VWO,6,2021-07-30,2021-07-30,19,0.09823150688248683,0.10846095792154595,0.14681262869363193,10000,0.12818928640188063,0.5,0.064094643200940313,0.48559402802618334,0.018912446451937012,185,1,False,-0.15828477226601956,0.28647405866790021,0.71519567215123936,False,False,M2
2021-01-29,VXUS,6,2021-07-30,2021-07-30,19,0.0057640217030747731,0.10540139422005078,0.092389176792744138,10000,0.09682703529353627,0.5,0.048413517646768135,0.34105320830860997,0.079745742415277612,114,1,False,-0.1907155231240763,0.28754255841761256,0.91414119345608746,False,False,M2
2021-02-26,BND,6,2021-08-31,2021-08-31,19,0.12033906975496333,0.11259352824685399,0.067175023100291123,10000,0.083957135005477912,0.5,0.041978567502738956,0.36949943312823441,0.059770233981863853,161,1,False,-0.16119892520555645,0.24515606021103437,0.77061955757519218,False,False,M2
2021-02-26,DBC,6,2021-08-31,2021-08-31,19,-0.011040507216180773,0.15104032253335115,0.073326145566982831,2222.9964825261909,0.10828857921791119,0.5,0.054144289608955593,0.44988488607501742,0.071203137038036143,175,1,False,-0.17756489906991565,0.28585347828782681,0.80677258944148955,False,False,M2
2021-02-26,GLD,6,2021-08-31,2021-08-31,19,0.084809329284850632,0.10428772268233445,-0.0277737539062369,10000,0.033294590517077109,0.5,0.016647295258538555,0.46242360755641349,0.020236470105172197,190,1,False,-0.19748494713995979,0.2307795376570369,0.71611795043895587,False,False,M2
2021-02-26,VDE,6,2021-08-31,2021-08-31,19,0.078147629498099835,0.15250096616629008,0.13847550159234678,10000,0.14616795657689427,0.5,0.073083978288447135,0.54846347113796357,0.047104124219479751,191,1,False,-0.313260679816878,0.45942863639377229,0.82910055147246797,False,False,M2
2021-02-26,VMBS,6,2021-08-31,2021-08-31,19,0.13623508129809125,0.11599298083425211,0.056143182367574644,10000,0.078144811874986286,0.5,0.039072405937493143,0.36761409513620119,0.086801954276496424,129,1,False,-0.15946529936728329,0.23761011124226958,0.8049831127313517,False,False,M2
2021-02-26,VOO,6,2021-08-31,2021-08-31,19,-0.055375340967862563,0.074434833021818692,-0.10803007527791622,10000,-0.051792203170282117,0.5,-0.025896101585141058,0.30821198789222637,0.033581185809633776,120,1,False,-0.2214854940220275,0.16969329085174539,0.88146053202061758,False,False,M2
2021-02-26,VWO,6,2021-08-31,2021-08-31,19,0.15001545102103897,0.10950650607209986,-0.0027785588138699033,10000,0.051815046213190392,0.5,0.025907523106595196,0.48620540124817502,0.017628409394195795,186,1,False,-0.23084879564979535,0.28266384186298577,0.73990113303434413,False,False,M2
2021-02-26,VXUS,6,2021-08-31,2021-08-31,19,0.061752778271980002,0.10624072860772796,-0.049330186711499226,10000,0.0028774201488476828,0.5,0.0014387100744238414,0.33558719348805238,0.07733270985580451,115,1,False,-0.26516655001998857,0.2680439701688363,0.97634888902257488,False,False,M2
2021-03-31,BND,6,2021-09-30,2021-09-30,20,-0.060557710466585424,-0.014681033139374661,-0.02814264820734463,7.9060432109076855,-0.023099371498268139,0.5,-0.01154968574913407,0.37464128067933444,0.060052898086868894,162,1,False,-0.21314475105092873,0.1900453795526606,0.80401895089998909,False,False,M2
2021-03-31,DBC,6,2021-09-30,2021-09-30,20,-0.22459726942292979,0.76434534822214417,0.034568376650395027,0.0001,0.36145864229118857,0.5,0.18072932114559428,0.44793173582438101,0.069563528333167687,176,1,False,-0.064557284342220744,0.42601592663340931,0.94947687000031955,False,False,M2
2021-03-31,GLD,6,2021-09-30,2021-09-30,20,-0.043295379601361872,0.086300640035200715,-0.014092812014692554,10000,0.032900317834065038,0.5,0.016450158917032519,0.46808959039881476,0.0209169546527877,191,1,False,-0.19308672875588126,0.22598704658994631,0.71903708617909057,False,False,M2
2021-03-31,VDE,6,2021-09-30,2021-09-30,20,-0.086948349826425742,1.1134770190736931,0.13054977509066037,0.0001,0.66600028295952796,0.5,0.33300014147976398,0.54475090719747166,0.043303947957899581,192,1,False,-0.44154869936952823,1.1075489823290563,0.99468059271194531,False,False,M2
2021-03-31,VMBS,6,2021-09-30,2021-09-30,20,-0.040535513669490153,0.0020739486335449586,0.0095525841013756174,7.9060432109076855,0.0067754478223457848,0.5,0.0033877239111728924,0.37134264545660517,0.086793637192531206,130,1,False,-0.19417912100405268,0.20095456882639848,0.83513983583459972,False,False,M2
2021-03-31,VOO,6,2021-09-30,2021-09-30,20,-0.16543128449700617,0.26504137954000784,-0.1486571352757679,1.2067926406393288,-0.023431841843487764,0.5,-0.011715920921743882,0.30269698572170184,0.032172240757281555,121,1,False,-0.20138707266496197,0.17795523082147419,0.81480953322013472,False,False,M2
2021-03-31,VWO,6,2021-09-30,2021-09-30,20,-0.021705938677005876,0.11866575731311707,-0.078316619232479234,10000,0.016514563678340994,0.5,0.008257281839170497,0.48141963039454588,0.016664011208497826,187,1,False,-0.23578149414866409,0.25229605782700509,0.74494248265642937,False,False,M2
2021-03-31,VXUS,6,2021-09-30,2021-09-30,20,-0.077123051600132109,0.12295874019307278,-0.12691733534637453,10000,-0.044936717634801664,0.5,-0.022468358817400832,0.32808510192337642,0.07527022119192682,116,1,False,-0.27952280764463816,0.23458609000983649,0.96964505094935238,False,False,M2
2021-04-30,BND,6,2021-10-29,2021-10-29,20,-0.066941809671645758,0.035316650352477441,0.049955073623008134,7.9060432109076855,0.044387058583363032,0.5,0.022193529291681516,0.38036986202293649,0.060685296801198406,163,1,False,-0.17677969478303879,0.22116675336640179,0.78787597775283025,False,False,M2
2021-04-30,DBC,6,2021-10-29,2021-10-29,20,-0.24825267373576076,0.64434567268932252,0.21037120797930411,0.0001,0.40394181094518078,0.5,0.20197090547259039,0.4460414579812213,0.06765965424680824,177,1,False,-0.064446977478147094,0.46838878842332787,0.95762616280329393,False,False,M2
2021-04-30,GLD,6,2021-10-29,2021-10-29,20,-0.062157300899912449,0.087091931490118707,-0.047786621760423038,10000,0.015928529367868028,0.5,0.007964264683934014,0.47238904624027134,0.021892420930234757,192,1,False,-0.1968226481864814,0.21275117755434944,0.73066246924829803,False,False,M2
2021-04-30,VDE,6,2021-10-29,2021-10-29,20,-0.27136714236974047,0.9068494582995652,0.20830695363765034,0.0001,0.58784594166967807,0.5,0.29392297083483904,0.54332984106059445,0.039747772004435598,193,1,False,-0.46821794854771831,1.0560638902173964,0.98616550662533531,False,False,M2
2021-04-30,VMBS,6,2021-10-29,2021-10-29,20,-0.050811847371261099,0.046681098025075668,0.05975643631546676,7.9060432109076855,0.054797292280598556,0.5,0.027398646140299278,0.37927462561428493,0.087274022188818287,131,1,False,-0.16938317270798858,0.22418046498858712,0.82436925992249133,False,False,M2
2021-04-30,VOO,6,2021-10-29,2021-10-29,20,-0.16404556163776507,0.31556425788245246,-0.028214870927866315,1.2067926406393288,0.074720328016491783,0.5,0.037360164008245891,0.29942247890549784,0.030756115455678214,122,1,False,-0.14930397104789128,0.22402429906438304,0.70189860399714621,False,False,M2
2021-04-30,VWO,6,2021-10-29,2021-10-29,20,-0.026217110005611444,0.11920770495573033,0.021980984902206218,10000,0.068512403162769839,0.5,0.034256201581384919,0.47858673248411226,0.016204235268241163,188,1,False,-0.19977411596659542,0.26828651912936524,0.71889837135315837,False,False,M2
2021-04-30,VXUS,6,2021-10-29,2021-10-29,20,-0.07960531638529289,0.12337472242097887,0.028326643076879224,10000,0.059121640736496985,0.5,0.029560820368248492,0.32399389732149741,0.073503879254120108,117,1,False,-0.21452546607117709,0.27364710680767407,0.87571441154301277,False,False,M2
2021-05-31,BND,6,2021-11-30,2021-11-30,20,-0.052798441731804258,0.14103951728089748,0.034534349905424949,7.9060432109076855,0.075443858851385701,0.5,0.03772192942569285,0.38410820764910569,0.061519693390477984,164,1,False,-0.15610709066866321,0.23155094952004893,0.78088931407101692,False,False,M2
2021-05-31,DBC,6,2021-11-30,2021-11-30,20,-0.12018316221473324,0.79009933092972207,0.15698668541548058,0.0001,0.43896589439980488,0.5,0.21948294719990244,0.44538552654447228,0.066420605588466644,178,1,False,-0.042494202825729549,0.4814600972255344,0.9591879200951352,False,False,M2
2021-05-31,GLD,6,2021-11-30,2021-11-30,20,0.021335849391515116,0.08795604807525996,-0.0037877102798877403,10000,0.039823615020185311,0.5,0.019911807510092656,0.47536013437829738,0.022352411300580771,193,1,False,-0.18340936809030664,0.22323298311049197,0.72057277272752251,False,False,M2
2021-05-31,VDE,6,2021-11-30,2021-11-30,20,-0.13861578497514959,1.0508980779403545,0.16778217856916752,0.0001,0.64797744537882429,0.5,0.32398872268941215,0.54375112842105378,0.038334709110466839,194,1,False,-0.24204507075293569,0.89002251613175998,0.98558090180200919,False,False,M2
2021-05-31,VMBS,6,2021-11-30,2021-11-30,20,-0.039536034677402521,0.14754716192446926,0.067499232266051951,7.9060432109076855,0.098384074670891428,0.5,0.049192037335445714,0.38582937168559017,0.087968744945848068,132,1,False,-0.14503023475376151,0.24341430942465295,0.81113807713278796,False,False,M2
2021-05-31,VOO,6,2021-11-30,2021-11-30,20,-0.14376864012799218,0.37578862309413597,-0.055409008478037938,1.2067926406393288,0.074095155209161392,0.5,0.037047577604580696,0.30033598100949427,0.030583107211760472,123,1,False,-0.14788076921551804,0.22197592442467942,0.70740769551723615,False,False,M2
2021-05-31,VWO,6,2021-11-30,2021-11-30,20,0.033367482582662311,0.11917626564111208,0.077559978280634989,10000,0.097498257216599035,0.5,0.048749128608299518,0.47909797342709132,0.016439637842016526,189,1,False,-0.17859855315364809,0.27609681037024714,0.71109078952894733,False,False,M2
2021-05-31,VXUS,6,2021-11-30,2021-11-30,20,0.0037559612924865649,0.1233742729763742,0.069171150116761143,10000,0.086665421672707452,0.5,0.043332710836353726,0.32275394171027288,0.073118254314013628,118,1,False,-0.20072068784022234,0.28738610951292981,0.84908963025270634,False,False,M2
2021-06-30,BND,6,2021-12-31,2021-12-31,20,0.074882733318036854,0.16414811440613872,0.05967438484907945,7.9060432109076855,0.099876007675473957,0.5,0.049938003837736979,0.38480126053543473,0.06143586013829884,165,1,False,-0.14067836485140961,0.24055437252688355,0.77535292862359695,False,False,M2
2021-06-30,DBC,6,2021-12-31,2021-12-31,20,-0.016357335815575524,0.79475679779716846,0.18823750121506655,0.0001,0.4558061013422493,0.5,0.22790305067112465,0.44115430726607247,0.064565027156527247,179,1,False,-0.067786571027643017,0.52359267236989226,0.9651569453382749,False,False,M2
2021-06-30,GLD,6,2021-12-31,2021-12-31,20,0.051670734347884606,0.087908927731841363,0.030080047398722019,10000,0.057767835292871439,0.5,0.028883917646435719,0.47878824100788042,0.022711929455123424,194,1,False,-0.17353890950488499,0.23130674479775643,0.71308283409969353,False,False,M2
2021-06-30,VDE,6,2021-12-31,2021-12-31,20,0.056919402779478157,1.0474838667443551,0.27530170981024099,0.0001,0.69240231363602245,0.5,0.34620115681801122,0.54015830342654536,0.035553778260317657,195,1,False,-0.42834768403128098,1.1207499976673034,0.9864940332918114,False,False,M2
2021-06-30,VMBS,6,2021-12-31,2021-12-31,20,0.080167673131738226,0.17136129481776233,0.088354357657630389,7.9060432109076855,0.12039695060349438,0.5,0.060198475301747191,0.38602307279510106,0.087582963883537521,133,1,False,-0.1329858162032023,0.25338276680669669,0.80465226396361522,False,False,M2
2021-06-30,VOO,6,2021-12-31,2021-12-31,20,-0.042899831016160794,0.39457391340989467,-0.00039778277053026867,1.2067926406393288,0.11602746805897457,0.5,0.058013734029487285,0.29476859216849105,0.029346233143549651,124,1,False,-0.12690916715988154,0.24293663521885611,0.66360823432420724,False,False,M2
2021-06-30,VWO,6,2021-12-31,2021-12-31,20,0.15411733934054395,0.11910341163237376,0.14582719224469887,10000,0.13301957958344285,0.5,0.066509789791721424,0.47925901080587041,0.015985740074412419,190,1,False,-0.15587233035420059,0.28889190993764347,0.69015332228724435,False,False,M2
2021-06-30,VXUS,6,2021-12-31,2021-12-31,20,0.10103614573586928,0.12328943364277462,0.12849831058903483,10000,0.12682234811088325,0.5,0.063411174055441624,0.32175121344628177,0.071754381406543222,119,1,False,-0.17574402032045694,0.30256636843134016,0.77118735485850076,False,False,M2
2021-07-30,BND,6,2022-01-31,2022-01-31,20,0.1939474005271028,0.25408118884526837,0.18099141772991839,7.9060432109076855,0.20918434101838512,0.5,0.10459217050919256,0.38573008039624046,0.061616017707341937,166,1,False,-0.08288399822363704,0.29206833924202213,0.74016540845714429,False,False,M2
2021-07-30,DBC,6,2022-01-31,2022-01-31,20,0.016234400305348728,0.87025156455393859,0.2344370086652027,0.0001,0.51518199016326505,0.5,0.25759099508163252,0.44155167398714157,0.063150312697646718,180,1,False,-0.034735703250453498,0.54991769341371854,0.96821212899758613,False,False,M2
2021-07-30,GLD,6,2022-01-31,2022-01-31,20,0.17789238507957428,0.088374053514492817,0.17107471354174894,10000,0.13146984473263917,0.5,0.065734922366319587,0.47889422884964822,0.023158634086364305,195,1,False,-0.13618861411185851,0.26765845884449768,0.67345381563558504,False,False,M2
2021-07-30,VDE,6,2022-01-31,2022-01-31,20,-0.1805630605226618,1.130504704529508,0.24756308768001267,0.0001,0.7246734888872659,0.5,0.36233674444363295,0.54036460860195323,0.034334818688112438,196,1,False,-0.39980145489768204,1.1244749437849479,0.98364379884455111,False,False,M2
2021-07-30,VMBS,6,2022-01-31,2022-01-31,20,0.18522419688757563,0.25701833151760128,0.17542148729820867,7.9060432109076855,0.20692657421806665,0.5,0.10346328710903333,0.38610668367454282,0.087664463502758957,134,1,False,-0.084698598769160971,0.29162517298722762,0.76192840242872339,False,False,M2
2021-07-30,VOO,6,2022-01-31,2022-01-31,20,0.14728959450624335,0.51520151320872276,0.036855928859961376,1.2067926406393288,0.1768695942399032,0.5,0.0884347971199516,0.29270399886843729,0.028314737586117852,125,1,False,-0.09184954064309285,0.26871913488299604,0.625997079497155,False,False,M2
2021-07-30,VWO,6,2022-01-31,2022-01-31,20,0.20225086807725978,0.11938882672977033,0.16571103370954421,10000,0.14345332804298078,0.5,0.071726664021490388,0.48049752198296664,0.016416346183355215,191,1,False,-0.14713423466220552,0.29058756270518626,0.69034153337685511,False,False,M2
2021-07-30,VXUS,6,2022-01-31,2022-01-31,20,0.20941146038178471,0.12355061215578962,0.15134242080622812,10000,0.14236695553057938,0.5,0.071183477765289688,0.32295362236193059,0.071204461742347652,120,1,False,-0.16532541350195276,0.30769236903253216,0.75198463597117693,False,False,M2
2021-08-31,BND,6,2022-02-28,2022-02-28,20,0.16776747104488987,0.22019994872373749,0.18005354483327429,7.9060432109076855,0.19561953534803025,0.5,0.097809767674015127,0.3877306310479694,0.061967652749543266,167,1,False,-0.088905494060307136,0.2845250294083374,0.74719021894280324,False,False,M2
2021-08-31,DBC,6,2022-02-28,2022-02-28,20,-0.10372763803258778,0.77175334754905622,0.22549285709024178,0.0001,0.46567799243034919,0.5,0.23283899621517459,0.43968974424339458,0.062740418664973638,181,1,False,-0.057927403869749344,0.5236053963000985,0.95413211230797212,False,False,M2
2021-08-31,GLD,6,2022-02-28,2022-02-28,20,0.081298197063481181,0.088859383470044115,0.15180277188419633,10000,0.12151755412713437,0.5,0.060758777063567186,0.48115010202171787,0.023473178449621886,196,1,False,-0.13685554544887782,0.25837309957601218,0.68137673856359693,False,False,M2
2021-08-31,VDE,6,2022-02-28,2022-02-28,20,-0.29265733759991064,1.0299872609883638,0.21769996154651247,0.0001,0.6562597121469429,0.5,0.32812985607347145,0.53990718665893089,0.034557218742985465,197,1,False,-0.26103994991790225,0.91729966206484514,0.97870403431653896,False,False,M2
2021-08-31,VMBS,6,2022-02-28,2022-02-28,20,0.15609253699567527,0.21369952354419225,0.16177380475384168,7.9060432109076855,0.18202460971453974,0.5,0.091012304857269868,0.38999565980897505,0.088024245856798453,135,1,False,-0.089341610967532167,0.27136622068207189,0.777726465476127,False,False,M2
2021-08-31,VOO,6,2022-02-28,2022-02-28,20,0.1398015444496935,0.45257889890249337,-0.0034714150104592904,1.2067926406393288,0.12904946033364295,0.5,0.064524730166821476,0.29058389239349763,0.027650530613467211,126,1,False,-0.10837387682693572,0.23742333716057867,0.65579177336606642,False,False,M2
2021-08-31,VWO,6,2022-02-28,2022-02-28,20,0.16063163879465336,0.11911424691617054,0.09982264921442488,10000,0.10916188397577697,0.5,0.054580941987888487,0.48410893207186345,0.017112174854384807,192,1,False,-0.16169551415394512,0.27085739812972209,0.70511165533204934,False,False,M2
2021-08-31,VXUS,6,2022-02-28,2022-02-28,20,0.17356305478748291,0.12325867695525732,0.10593144375760156,10000,0.11161971163788725,0.5,0.055809855818943627,0.32828483436439621,0.071126348655815685,121,1,False,-0.18069198967404862,0.29231170131193585,0.79961119345001197,False,False,M2
2021-09-30,BND,6,2022-03-31,2022-03-31,21,0.36955292915676419,0.17460450797992516,0.19019297538591853,16.768329368110066,0.18415155150007997,0.5,0.092075775750039987,0.38755727092939063,0.061238335111352023,168,1,False,-0.092461781865712536,0.27661333336579252,0.75052398266869069,False,False,M2
2021-09-30,DBC,6,2022-03-31,2022-03-31,21,-0.067594157321755333,0.1462039396985316,0.26421233657471416,109.85411419875572,0.21450731045594054,0.5,0.10725365522797027,0.42119906239320748,0.061161640158996153,182,1,False,-0.19839200985315464,0.41289932030909515,0.79498980297626565,False,False,M2
2021-09-30,GLD,6,2022-03-31,2022-03-31,21,0.17901948647572485,0.083489564887650192,0.10077477303324253,10000,0.092497451292610194,0.5,0.046248725646305097,0.47886734547324677,0.023134251759007754,197,1,False,-0.14960132729425552,0.24209877858686568,0.69249398087662828,False,False,M2
2021-09-30,VDE,6,2022-03-31,2022-03-31,21,-0.27189938836579852,0.15572392032841567,0.35742788148391019,339.32217718953228,0.25330432841570338,0.5,0.12665216420785169,0.5162196739802124,0.033943554255261174,198,1,False,-0.43655843810803413,0.68986276652373757,0.76917485895747917,False,False,M2
2021-09-30,VMBS,6,2022-03-31,2022-03-31,21,0.36119496559785347,0.16766178571160384,0.19997319146173001,11.513953993264458,0.18734067642422467,0.5,0.093670338212112333,0.39096148075996451,0.087078953507340476,136,1,False,-0.079005892605244807,0.26634656902946946,0.77317176057063519,False,False,M2
2021-09-30,VOO,6,2022-03-31,2022-03-31,21,0.2692353190250858,0.17831947607205745,0.020090247310092475,2.559547922699533,0.063370422212000163,0.5,0.031685211106000082,0.27352831863332283,0.026130201360628838,127,1,False,-0.13695951715899932,0.20032993937099949,0.65562772311421091,False,False,M2
2021-09-30,VWO,6,2022-03-31,2022-03-31,21,0.36960454563888423,0.072209706889010683,0.058585193414837845,159.98587196060572,0.065146964308721592,0.5,0.032573482154360796,0.48161506143485383,0.016911044732460502,193,1,False,-0.17889738373454403,0.24404434804326561,0.71436664963892715,False,False,M2
2021-09-30,VXUS,6,2022-03-31,2022-03-31,21,0.35568065435294616,0.096744434824481029,0.083545110598837263,75.431200633546069,0.087800974137290988,0.5,0.043900487068645494,0.32243041126191857,0.069911189637324303,122,1,False,-0.18916996362728231,0.27697093776457327,0.79834886658019777,False,False,M2
2021-10-29,BND,6,2022-04-29,2022-04-29,21,0.24726646313054612,0.19255476654745632,0.193357302243574,16.768329368110066,0.193045074811596,0.5,0.096522537405797998,0.38905114562307996,0.060479872716186357,169,1,False,-0.086989444499125379,0.28003451931072137,0.74349489927871726,False,False,M2
2021-10-29,DBC,6,2022-04-29,2022-04-29,21,-0.1390002428379411,0.14312251411904481,0.23205405076318408,109.85411419875572,0.19538201323282869,0.5,0.097691006616414347,0.41236257591161424,0.059470851558478352,183,1,False,-0.256025920895741,0.45140793412856967,0.74099000725617636,False,False,M2
2021-10-29,GLD,6,2022-04-29,2022-04-29,21,0.08889495886021459,0.083738301147530517,0.10460464400735746,10000,0.094676436256595761,0.5,0.047338218128297881,0.47580008712863769,0.022703486341538459,198,1,False,-0.14462037887216955,0.23929681512876533,0.68562130391124188,False,False,M2
2021-10-29,VDE,6,2022-04-29,2022-04-29,21,-0.17101420775826059,0.15095062354188205,0.3533574152892211,339.32217718953228,0.25210183701995625,0.5,0.12605091850997813,0.50025780950898335,0.032409329649105381,199,1,False,-0.64849792233931414,0.90059975935927028,0.71661169188168783,False,False,M2
2021-10-29,VMBS,6,2022-04-29,2022-04-29,21,0.23611921612710807,0.18414245774036198,0.20975225511955692,11.513953993264458,0.19969026966574163,0.5,0.099845134832870816,0.39289594153484031,0.086072451311146297,137,1,False,-0.06810600124465653,0.26779627091039815,0.76586501079134839,False,False,M2
2021-10-29,VOO,6,2022-04-29,2022-04-29,21,0.24715047056351536,0.16176748498633037,0.020090247310092475,2.559547922699533,0.057427148256591183,0.5,0.028713574128295592,0.26353493023220376,0.024644453212203887,128,1,False,-0.15621569892811496,0.21364284718470614,0.64507250428541552,False,False,M2
2021-10-29,VWO,6,2022-04-29,2022-04-29,21,0.28211493293654444,0.075741036014421267,0.064173328930594825,159.98587196060572,0.069711208108272957,0.5,0.034855604054136478,0.47873611749911948,0.016688734656491056,194,1,False,-0.17529393497476986,0.24500514308304283,0.70703925930881761,False,False,M2
2021-10-29,VXUS,6,2022-04-29,2022-04-29,21,0.2778257098054433,0.09921993471510801,0.083545110598837263,75.431200633546069,0.088567043392391881,0.5,0.04428352169619594,0.32038208252313011,0.068695608287546936,123,1,False,-0.18035011029326142,0.26891715368565328,0.77883012149838438,False,False,M2
2021-11-30,BND,6,2022-05-31,2022-05-31,21,0.37785400790999668,0.24687040675045513,0.2141082551448823,16.768329368110066,0.22676287024031053,0.40000000000000002,0.090705148096124219,0.38625714354107582,0.059813529690021704,170,1,False,-0.088365548808081354,0.26977584500032981,0.72948216451925996,False,False,M2
2021-11-30,DBC,6,2022-05-31,2022-05-31,21,-0.15432091188845543,0.16174931349241461,0.23194746911533495,109.85411419875572,0.2039650854425831,0.40000000000000002,0.081586034177033251,0.39861992704001115,0.058494471048841333,184,1,False,-0.25935591322880525,0.42252798158287175,0.70259453749005807,False,False,M2
2021-11-30,GLD,6,2022-05-31,2022-05-31,21,0.25754690221298748,0.083942092927587295,0.11569631559810697,10000,0.10061669111081263,0.40000000000000002,0.040246676444325058,0.47488564414754608,0.022696613794050909,199,1,False,-0.14913508897179847,0.22962844186044859,0.68464957988182751,False,False,M2
2021-11-30,VDE,6,2022-05-31,2022-05-31,21,-0.31732852918035936,0.15962691785940003,0.35742788148391019,339.32217718953228,0.26219876342172038,0.40000000000000002,0.10487950536868816,0.48143910078701802,0.031554204075984103,200,1,False,-0.65725527364976388,0.86701428438714023,0.67637465152198195,False,False,M2
2021-11-30,VMBS,6,2022-05-31,2022-05-31,21,0.36276211585067952,0.24957921864685456,0.22788587376531771,11.513953993264458,0.23635391609532511,0.40000000000000002,0.094541566438130054,0.39035208153697604,0.085162244890939431,138,1,False,-0.06869931794522674,0.25778245082148687,0.75250055585038156,False,False,M2
2021-11-30,VOO,6,2022-05-31,2022-05-31,21,0.38275914392891164,0.25311771985408654,0.030359220110609111,2.559547922699533,0.086084906835720301,0.40000000000000002,0.034433962734288122,0.25016188737706241,0.023338925356853533,129,1,False,-0.14716561488030822,0.21603354034888445,0.63489335530745605,False,False,M2
2021-11-30,VWO,6,2022-05-31,2022-05-31,21,0.40473594879714203,0.092326138145271242,0.061382658019687009,159.98587196060572,0.076159625596486771,0.40000000000000002,0.030463850238594711,0.47754704761156086,0.016774266697138086,195,1,False,-0.17735238328677505,0.23828008376396448,0.70763536195233656,False,False,M2
2021-11-30,VXUS,6,2022-05-31,2022-05-31,21,0.37124594416806034,0.12435432021300905,0.10564852157021162,75.431200633546069,0.1116217846028051,0.40000000000000002,0.04464871384112204,0.3193268112555806,0.068171901456941617,124,1,False,-0.17331976920015299,0.26261719688239704,0.75932134180534228,False,False,M2
2021-12-31,BND,6,2022-06-30,2022-06-30,21,0.24066851720955063,0.2349320136678944,0.21205326921569928,16.768329368110066,0.22083774080466173,0.40000000000000002,0.088335096321864703,0.38395776513512403,0.059901653687846355,171,1,False,-0.073221234684262199,0.24989142732799161,0.73352862494826765,False,False,M2
2021-12-31,DBC,6,2022-06-30,2022-06-30,21,-0.2009736594648921,0.14595865677524314,0.17639977437595503,109.85411419875572,0.16464954736721302,0.40000000000000002,0.06585981894688521,0.38599854193484806,0.058089866687412048,185,1,False,-0.26958480021145703,0.40130443810522742,0.69446162963414171,False,False,M2
2021-12-31,GLD,6,2022-06-30,2022-06-30,21,0.13712776225238299,0.083797938109904643,0.10345304295595044,10000,0.094125145227368812,0.40000000000000002,0.037650058090947527,0.47457888429723577,0.022841484396820072,200,1,False,-0.14265202399517835,0.21795214017707343,0.69065783056067731,False,False,M2
2021-12-31,VDE,6,2022-06-30,2022-06-30,21,-0.17426025034944725,0.15276378946951485,0.27762406565820369,339.32217718953228,0.21945182228846319,0.40000000000000002,0.087780728915385284,0.46589872412127814,0.031680399094409444,201,1,False,-0.50129456465476274,0.67685602248553323,0.68522067781070339,False,False,M2
2021-12-31,VMBS,6,2022-06-30,2022-06-30,21,0.22884416193716572,0.23245012392377745,0.22406193386268947,11.513953993264458,0.22730464348684662,0.40000000000000002,0.090921857394738653,0.38658037080010305,0.085126312720009922,139,1,False,-0.06231675641627718,0.24416047120575449,0.75684820315775614,False,False,M2
2021-12-31,VOO,6,2022-06-30,2022-06-30,21,0.30466523709830351,0.2064939050527399,0.0059468058026214514,2.559547922699533,0.053680363378777234,0.40000000000000002,0.021472145351510895,0.23801669410647228,0.022829396461676497,130,1,False,-0.16011519226492882,0.20305948296795062,0.6266187304287707,False,False,M2
2021-12-31,VWO,6,2022-06-30,2022-06-30,21,0.27026079624900867,0.072463647781536689,0.022061921974714703,159.98587196060572,0.04609145171852011,0.40000000000000002,0.018436580687408045,0.47676005849293684,0.017474996659604447,196,1,False,-0.18477653460205545,0.22164969597687156,0.71736327794369459,False,False,M2
2021-12-31,VXUS,6,2022-06-30,2022-06-30,21,0.29595459652258849,0.10414557074266195,0.077542945854827336,75.431200633546069,0.086058358398380344,0.40000000000000002,0.03442334335935214,0.32009670397025775,0.06843481541117305,125,1,False,-0.18352468527774435,0.2523713719964486,0.78999566215846606,False,False,M2
2022-01-31,BND,6,2022-07-29,2022-07-29,21,0.12362534706739425,0.27647546954460028,0.095613363627928549,16.768329368110066,0.16479914781252378,0.40000000000000002,0.065919659125009508,0.38253333297175612,0.060680989425283889,172,1,False,-0.084239945334365893,0.2160792635843849,0.74992339075938352,False,False,M2
2022-01-31,DBC,6,2022-07-29,2022-07-29,21,-0.10862788299161164,0.14984053994677718,0.14310756457821311,109.85411419875572,0.14562300415745819,0.40000000000000002,0.05824920166298328,0.37359999725968723,0.057864837298261175,186,1,False,-0.27658537752117296,0.39308378084713946,0.71319668136404191,False,False,M2
2022-01-31,GLD,6,2022-07-29,2022-07-29,21,0.07808103371751407,0.083952509129016376,0.092422639378277952,10000,0.088418659721732712,0.40000000000000002,0.035367463888693086,0.47271760158520748,0.023612881912654666,201,1,False,-0.1345074057834556,0.20524233356084176,0.69689438016804384,False,False,M2
2022-01-31,VDE,6,2022-07-29,2022-07-29,21,-0.17279877443972547,0.15851511811748803,0.2115283766516749,339.32217718953228,0.18770009545797234,0.40000000000000002,0.075080038183188938,0.44947776938360262,0.030629688898285327,202,1,False,-0.48763035304668451,0.63779042941306241,0.66144344913590691,False,False,M2
2022-01-31,VMBS,6,2022-07-29,2022-07-29,21,0.10581291439706675,0.28045887134404179,0.12496438951350454,11.513953993264458,0.18464966941300875,0.40000000000000002,0.073859867765203507,0.38384178780409139,0.085841297606921108,140,1,False,-0.069314278476858587,0.2170340140072656,0.76881196590011713,False,False,M2
2022-01-31,VOO,6,2022-07-29,2022-07-29,21,0.1208982298563378,0.25389507298108877,0.076930307383921204,2.559547922699533,0.11810921656226243,0.40000000000000002,0.047243686624904975,0.23269552579793507,0.023779474309344947,131,1,False,-0.13228816065873578,0.22677553390854571,0.63218044223555814,False,False,M2
2022-01-31,VWO,6,2022-07-29,2022-07-29,21,0.19279751118898303,0.092741168346211558,0.069573298368165948,159.98587196060572,0.080588097855497615,0.40000000000000002,0.03223523914219905,0.47543427590751913,0.018412945245480872,197,1,False,-0.16354826441544865,0.22801874269984676,0.71146511096913745,False,False,M2
2022-01-31,VXUS,6,2022-07-29,2022-07-29,21,0.16599438138675138,0.1194731735228089,0.094188631213638546,75.431200633546069,0.10228079690353888,0.40000000000000002,0.040912318761415552,0.32004398541022511,0.06955367767284458,126,1,False,-0.15903716464741341,0.2408618021702445,0.7781624493282,False,False,M2
2022-02-28,BND,6,2022-08-31,2022-08-31,21,0.23350403302496225,0.27235499813214176,0.06083366794924857,16.768329368110066,0.14149517833116645,0.40000000000000002,0.056598071332466582,0.38133984081971045,0.06129998642886543,173,1,False,-0.089292431846394349,0.20248857451132751,0.75762382127358541,False,False,M2
2022-02-28,DBC,6,2022-08-31,2022-08-31,21,0.034460976414263378,0.16067919268763764,0.06051837257131621,109.85411419875572,0.097024838594893567,0.40000000000000002,0.038809935437957431,0.36447850547929522,0.057000706414138985,187,1,False,-0.32005944892019778,0.3976793197961126,0.72664427791773023,False,False,M2
2022-02-28,GLD,6,2022-08-31,2022-08-31,21,0.2528732447920875,0.084138623003613147,0.064108136502852769,10000,0.073607076733782417,0.40000000000000002,0.029442830693512969,0.47422413981652728,0.023898452779737962,202,1,False,-0.13905337187210637,0.19793903325913231,0.70734372417904867,False,False,M2
2022-02-28,VDE,6,2022-08-31,2022-08-31,21,-0.077702613546104082,0.15956781666424061,0.045915559334986422,339.32217718953228,0.095434304080366586,0.40000000000000002,0.038173721632146634,0.43570401423636301,0.029037141969722784,203,1,False,-0.7363751192171456,0.81272256248143881,0.66061258569103176,False,False,M2
2022-02-28,VMBS,6,2022-08-31,2022-08-31,21,0.22340924638991755,0.26970070813970709,0.08583040837194654,11.513953993264458,0.15598413071135148,0.40000000000000002,0.062393652284540593,0.38153917423321432,0.086339533347266892,141,1,False,-0.07513309574868178,0.19992040031776298,0.7756883704890124,False,False,M2
2022-02-28,VOO,6,2022-08-31,2022-08-31,21,0.23651338128946287,0.25884227799630544,0.067354792825998253,2.559547922699533,0.11161128284507782,0.40000000000000002,0.044644513138031132,0.23111949054904687,0.024658429386165769,132,1,False,-0.1283391319138856,0.21762815818994788,0.64003765630549181,False,False,M2
2022-02-28,VWO,6,2022-08-31,2022-08-31,21,0.29667533217521846,0.1031769572502855,0.050821627110916298,159.98587196060572,0.075747795771211532,0.40000000000000002,0.030299118308484613,0.47609610318456785,0.019131221475527194,198,1,False,-0.16453656113917844,0.22513479775614767,0.71477828407472521,False,False,M2
2022-02-28,VXUS,6,2022-08-31,2022-08-31,21,0.30411472968168052,0.13744941456804172,0.089857074884829108,75.431200633546069,0.10518661210592124,0.40000000000000002,0.042074644842368503,0.32210093731742645,0.070372649146188182,127,1,False,-0.14369183486297574,0.22784112454771274,0.77931968414228092,False,False,M2
2022-03-31,BND,6,2022-09-30,2022-09-30,22,0.080429977086604043,0.14669504401493974,-0.016488807632215375,339.32217718953228,0.045914132636141816,0.40000000000000002,0.018365653054456726,0.38240879620422358,0.063071555065232668,174,1,False,-0.1625009383568973,0.19923224446581075,0.77296455478057846,False,False,M2
2022-03-31,DBC,6,2022-09-30,2022-09-30,22,0.11742465654158951,0.28870979908444783,-0.0034364824346195489,11.513953993264458,0.1043408258678831,0.40000000000000002,0.041736330347153239,0.36891555744641025,0.05633796777724593,188,1,False,-0.29916344059616623,0.38263610129047271,0.71863070328286471,False,False,M2
2022-03-31,GLD,6,2022-09-30,2022-09-30,22,0.14969890921863782,0.13209174277410554,-0.0020034272115530263,339.32217718953228,0.061548149213338614,0.40000000000000002,0.024619259685335446,0.47392890013628725,0.024662595802870908,203,1,False,-0.14052990701067003,0.18976842638134095,0.71575313437287447,False,False,M2
2022-03-31,VDE,6,2022-09-30,2022-09-30,22,0.058413502200869494,0.31906373404785188,-0.15162813164242187,16.768329368110066,0.055834408988296211,0.40000000000000002,0.022333763595318485,0.44076083687248863,0.027561962899450627,204,1,False,-0.73979781055367944,0.78446533774431637,0.66238679037352111,False,False,M2
2022-03-31,VMBS,6,2022-09-30,2022-09-30,22,0.077848987353601684,0.15753826002640031,0.01116688358299844,232.99518105153672,0.067089987676500609,0.40000000000000002,0.026835995070600246,0.38206311542835175,0.088275134982834402,142,1,False,-0.13637063919672704,0.19004262933792754,0.78372847127136469,False,False,M2
2022-03-31,VOO,6,2022-09-30,2022-09-30,22,0.20224326847377183,0.13004188126701713,0.010130357582217517,51.794746792312019,0.039135431819002864,0.40000000000000002,0.015654172727601147,0.24188729611199267,0.026497353368413287,133,1,False,-0.1692758883208956,0.20058423377609788,0.63899283725032907,False,False,M2
2022-03-31,VWO,6,2022-09-30,2022-09-30,22,0.18956913382150131,0.1364050000429296,0.070327402203234787,109.85411419875572,0.10184217421209207,0.40000000000000002,0.040736869684836835,0.47693580031938471,0.020892393958760143,199,1,False,-0.16941276896634089,0.25088650833601456,0.71176908827391583,False,False,M2
2022-03-31,VXUS,6,2022-09-30,2022-09-30,22,0.22002496042003639,0.16998116440450561,0.012878120608835669,51.794746792312019,0.064369997485250463,0.40000000000000002,0.025747998994100185,0.32775862028100311,0.072601617936865953,128,1,False,-0.19890239390869391,0.25039839189689428,0.82163408134519211,False,False,M2
2022-04-29,BND,6,2022-10-31,2022-10-31,22,0.27274110875503144,0.14715386287755652,0.063888592200433386,339.32217718953228,0.095766535626742283,0.40000000000000002,0.038306614250696917,0.38284801294793902,0.064124097397034466,175,1,False,-0.14075974397074853,0.21737297247214238,0.76911564658020914,False,False,M2
2022-04-29,DBC,6,2022-10-31,2022-10-31,22,0.29114759156461911,0.43132697492237704,0.073157251124736519,11.513953993264458,0.20672129787244573,0.40000000000000002,0.08268851914897829,0.37290713835759742,0.055304432271345468,189,1,False,-0.25458970305479878,0.41996674135275536,0.65414087290704925,False,False,M2
2022-04-29,GLD,6,2022-10-31,2022-10-31,22,0.34439410207479515,0.12962058299050316,0.06363241993070895,339.32217718953228,0.094922996154380337,0.40000000000000002,0.037969198461752139,0.47418468362754512,0.024977460327661807,204,1,False,-0.12505136440140335,0.20098976132490765,0.70171584038834067,False,False,M2
2022-04-29,VDE,6,2022-10-31,2022-10-31,22,-0.0028211863608795795,0.52786955514633171,0.10683139103235129,16.768329368110066,0.29437376703080637,0.40000000000000002,0.11774950681232255,0.44542844801993992,0.026593298652339843,205,1,False,-0.50524465296637044,0.74074366659101554,0.61351164420429238,False,False,M2
2022-04-29,VMBS,6,2022-10-31,2022-10-31,22,0.27455430811768866,0.15937282769326488,0.1216968532636946,232.99518105153672,0.13606052562122747,0.40000000000000002,0.054424210248490992,0.38124222598100715,0.089309009676150991,143,1,False,-0.098731012369257645,0.20757943286623964,0.78367800103678198,False,False,M2
2022-04-29,VOO,6,2022-10-31,2022-10-31,22,0.25859022462107406,0.15304708115419613,0.090894675956604207,51.794746792312019,0.10652539366588185,0.40000000000000002,0.042610157466352744,0.25149015005268449,0.028144018422108081,134,1,False,-0.15513432351804679,0.24035463845075228,0.64935016539250323,False,False,M2
2022-04-29,VWO,6,2022-10-31,2022-10-31,22,0.37403251950121486,0.14573968707277793,0.16060626331099348,109.85411419875572,0.15350651506320181,0.40000000000000002,0.061402606025280727,0.47756444617969829,0.022198506653649076,200,1,False,-0.16272966815505052,0.28553488020561196,0.70308697336967219,False,False,M2
2022-04-29,VXUS,6,2022-10-31,2022-10-31,22,0.34102481281661656,0.19333485277057649,0.1409267371333566,51.794746792312019,0.15831977685018142,0.40000000000000002,0.063327910740072574,0.33187683825961478,0.074192502369955712,129,1,False,-0.17316640600220881,0.29982222748235399,0.72773501130351304,False,False,M2
2022-05-31,BND,6,2022-11-30,2022-11-30,22,0.14253194053198359,0.15291091697043344,-0.019556398902590637,339.32217718953228,0.046890664336960888,0.40000000000000002,0.018756265734784356,0.3852733655834939,0.065906653706767196,176,1,False,-0.16871897763667762,0.20623150910624635,0.77505671937326814,False,False,M2
2022-05-31,DBC,6,2022-11-30,2022-11-30,22,0.24139022119554365,0.39637310678016568,0.02672879235380296,11.513953993264458,0.16590236340629577,0.40000000000000002,0.066360945362518312,0.3765067271992838,0.054201140986293889,190,1,False,-0.27025336518769838,0.40297525591273498,0.67125775718866099,False,False,M2
2022-05-31,GLD,6,2022-11-30,2022-11-30,22,0.15089637063745565,0.13689021756099259,0.013643817632466467,339.32217718953228,0.072018803984774171,0.40000000000000002,0.028807521593909671,0.47364455583417375,0.026111945410029255,205,1,False,-0.14364114678614368,0.20125618997396302,0.71538975935870996,False,False,M2
2022-05-31,VDE,6,2022-11-30,2022-11-30,22,0.026834844076990549,0.5341327981811157,-0.14432029102218019,16.768329368110066,0.16108675987603391,0.40000000000000002,0.064434703950413563,0.45015205289558352,0.024923775216258777,206,1,False,-0.50150501569536887,0.63037442359619589,0.63313237486022445,False,False,M2
2022-05-31,VMBS,6,2022-11-30,2022-11-30,22,0.14458317422101219,0.16810326231824146,0.023832666981790221,232.99518105153672,0.079206284006012928,0.40000000000000002,0.03168251360240517,0.38381776199846362,0.091207989580140758,144,1,False,-0.14856292094002274,0.21192794814483309,0.78495874823012157,False,False,M2
2022-05-31,VOO,6,2022-11-30,2022-11-30,22,0.1185537787843659,0.16520653887133649,0.018445953500032062,51.794746792312019,0.057515718818794997,0.40000000000000002,0.023006287527518002,0.2662142919361925,0.030770797129565885,135,1,False,-0.18141764045953468,0.22743021551457071,0.65095604525274386,False,False,M2
2022-05-31,VWO,6,2022-11-30,2022-11-30,22,0.17540293384026806,0.1542186791118135,0.13888702238731707,109.85411419875572,0.14622909344091475,0.40000000000000002,0.058491637376365903,0.47888308390486961,0.024101678007596807,201,1,False,-0.19827078137145751,0.31525405612418933,0.70676798896494009,False,False,M2
2022-05-31,VXUS,6,2022-11-30,2022-11-30,22,0.15054919529523936,0.20554732365404643,0.024921748919392774,51.794746792312019,0.085820994445198764,0.40000000000000002,0.034328397778079507,0.33715737992955574,0.076477528845325743,130,1,False,-0.23280131765131795,0.30145811320747695,0.80936052986301488,False,False,M2
2022-06-30,BND,6,2022-12-30,2022-12-30,22,0.14548155724252676,0.16279670011968478,0.048962586689532316,339.32217718953228,0.092929299083362157,0.40000000000000002,0.037171719633344862,0.38623494371752998,0.066894008867799878,177,1,False,-0.14954015532680043,0.22388359459349017,0.77374607120408789,False,False,M2
2022-06-30,DBC,6,2022-12-30,2022-12-30,22,0.22497266429397245,0.48149185634915492,-0.0048120191374395691,11.513953993264458,0.17958501575115166,0.40000000000000002,0.071834006300460662,0.37918068142904265,0.052865147266654172,191,1,False,-0.26300213574448145,0.40667014834540277,0.65534496414506871,False,False,M2
2022-06-30,GLD,6,2022-12-30,2022-12-30,22,0.12283868775932105,0.14712458148381691,0.05190521537190064,339.32217718953228,0.096967603153513854,0.40000000000000002,0.038787041261405544,0.47324813871002919,0.026650857142273689,206,1,False,-0.12970278666607316,0.20727686918888422,0.70584875239213196,False,False,M2
2022-06-30,VDE,6,2022-12-30,2022-12-30,22,-0.12704454027565792,0.65843961347274926,-0.1482392555435364,16.768329368110066,0.21725071372318705,0.40000000000000002,0.086900285489274823,0.45307988507548813,0.023961533546859225,207,1,False,-0.47582732575378012,0.64962789673232979,0.61404290563416586,False,False,M2
2022-06-30,VMBS,6,2022-12-30,2022-12-30,22,0.14478157914132239,0.1818616758669947,0.083401751051844331,232.99518105153672,0.12120306572881764,0.40000000000000002,0.048481226291527062,0.38392589419443374,0.092157204561913342,145,1,False,-0.12408660360920004,0.22104905619225418,0.78870637250880093,False,False,M2
2022-06-30,VOO,6,2022-12-30,2022-12-30,22,0.13147869994412997,0.20896522725138972,0.050928990637029721,51.794746792312019,0.094990984410894083,0.40000000000000002,0.037996393764357636,0.27880943458166768,0.03278472683521836,136,1,False,-0.2061990642351661,0.2821918517638814,0.65853791043102339,False,False,M2
2022-06-30,VWO,6,2022-12-30,2022-12-30,22,0.16890755144078828,0.1791524731292255,0.15214773282422567,109.85411419875572,0.16512591324214379,0.40000000000000002,0.066050365296857524,0.48058897331870581,0.02532028750384142,202,1,False,-0.18180591030513715,0.31390664089885223,0.70357566858441944,False,False,M2
2022-06-30,VXUS,6,2022-12-30,2022-12-30,22,0.11676419360476409,0.2451734563021733,0.093976674499545956,51.794746792312019,0.14565022063611638,0.40000000000000002,0.058260088254446556,0.34176353173988328,0.078152926308510964,131,1,False,-0.20342459830103943,0.31994477480993255,0.74974219104053075,False,False,M2
2022-07-29,BND,6,2023-01-31,2023-01-31,22,0.19956313726860675,0.16198202472855278,0.0092727337460722266,339.32217718953228,0.06769053701402486,0.40000000000000002,0.027076214805609945,0.38254256104597173,0.06721272425094367,178,1,False,-0.15643435234988048,0.21058678196110039,0.77672627718666121,False,False,M2
2022-07-29,DBC,6,2023-01-31,2023-01-31,22,0.22146587965620346,0.48062226429214194,0.047692838913536519,11.513953993264458,0.21237879967201181,0.40000000000000002,0.084951519868804726,0.38039909302643066,0.052024037734059038,192,1,False,-0.23883609609414114,0.40873913583175059,0.62568169286812247,False,False,M2
2022-07-29,GLD,6,2023-01-31,2023-01-31,22,0.083686291880335384,0.14364505995407642,0.059008035279531933,339.32217718953228,0.099079756886149548,0.40000000000000002,0.039631902754459825,0.47345380772428819,0.026899312101574365,207,1,False,-0.12680997912542655,0.2060737846343462,0.70730504797733973,False,False,M2
2022-07-29,VDE,6,2023-01-31,2023-01-31,22,-0.0013021456999602332,0.76777036770116613,-0.29095001274961435,16.768329368110066,0.19035528549800904,0.40000000000000002,0.076142114199203623,0.45461040245838463,0.023015570527692951,208,1,False,-0.46766113990594477,0.61994536830435198,0.61469519924231264,False,False,M2
2022-07-29,VMBS,6,2023-01-31,2023-01-31,22,0.2038393833772163,0.18233371353171918,0.033374538212327658,232.99518105153672,0.089588564864684139,0.40000000000000002,0.035835425945873654,0.37737874509458663,0.092250736821058235,146,1,False,-0.12734051665903748,0.1990113685507848,0.78812481633795972,False,False,M2
2022-07-29,VOO,6,2023-01-31,2023-01-31,22,0.18252519931427924,0.21847873281409091,0.023818569276469907,51.794746792312019,0.077700101213841966,0.40000000000000002,0.031080040485536788,0.27679793830522825,0.03342789109084697,137,1,False,-0.20691534858228738,0.26907542955336095,0.66251149209212168,False,False,M2
2022-07-29,VWO,6,2023-01-31,2023-01-31,22,0.10707975139504677,0.17883035674968495,0.055242181404711481,109.85411419875572,0.11473362232937745,0.40000000000000002,0.045893448931750985,0.48136838948068172,0.026145298457955417,203,1,False,-0.19956722016370118,0.29135411802720312,0.71715934801724979,False,False,M2
2022-07-29,VXUS,6,2023-01-31,2023-01-31,22,0.10038593213249425,0.25343513459673356,0.030326943013705442,51.794746792312019,0.10705593423217495,0.40000000000000002,0.042822373692869981,0.34390934135609885,0.07881839187728551,132,1,False,-0.21419715985759161,0.2998419072433316,0.79534797837100946,False,False,M2
2022-08-31,BND,6,2023-02-28,2023-02-28,22,0.16515431248733936,0.14410895118369851,-0.018393649467706785,339.32217718953228,0.044681549811993286,0.40000000000000002,0.017872619924797314,0.38814886055274095,0.068141725975938178,179,1,False,-0.16298416683917072,0.19872940668876532,0.77916953984756077,False,False,M2
2022-08-31,DBC,6,2023-02-28,2023-02-28,22,0.2407093895147564,0.42210016475467038,0.00046145565847425683,11.513953993264458,0.16010369301916777,0.40000000000000002,0.064041477207667105,0.37862329505489362,0.051933037416339888,193,1,False,-0.24168260706024253,0.36976556147557677,0.66450913995452277,False,False,M2
2022-08-31,GLD,6,2023-02-28,2023-02-28,22,0.094139601282954066,0.12568928584066447,0.050182118211474731,339.32217718953228,0.085981750937553322,0.40000000000000002,0.034392700375021332,0.4741223098433251,0.027985725239509526,208,1,False,-0.1549715977929228,0.22375699854296544,0.71577332936352522,False,False,M2
2022-08-31,VDE,6,2023-02-28,2023-02-28,22,0.10147948184372102,0.63308344432933539,-0.24012000062225375,16.768329368110066,0.15535747576527945,0.40000000000000002,0.062142990306111784,0.45290416417156792,0.022533665340736989,209,1,False,-0.38018394494692365,0.50446992555914716,0.61874336095687688,False,False,M2
2022-08-31,VMBS,6,2023-02-28,2023-02-28,22,0.16863907369219044,0.15754135322738663,0.038378556220256259,232.99518105153672,0.084012890070449112,0.40000000000000002,0.033605156028179643,0.38295789454708945,0.093142971580030057,147,1,False,-0.12748544677536749,0.1946957588317268,0.7897571310325685,False,False,M2
2022-08-31,VOO,6,2023-02-28,2023-02-28,22,0.14823766989845233,0.17341221690572423,0.043512582869398894,51.794746792312019,0.080513875907677043,0.40000000000000002,0.032205550363070816,0.28484524465966587,0.03489952507779346,138,1,False,-0.2043391287284726,0.26875022945461424,0.66775396027498579,False,False,M2
2022-08-31,VWO,6,2023-02-28,2023-02-28,22,0.16219633168022052,0.15344263472615161,0.030236634866517641,109.85411419875572,0.089752923857680036,0.40000000000000002,0.035901169543072015,0.48306323603532353,0.027471426074216508,204,1,False,-0.22953370833693784,0.30133604742308184,0.72474742620942945,False,False,M2
2022-08-31,VXUS,6,2023-02-28,2023-02-28,22,0.082382651046722266,0.21279401196696651,0.03750152973968713,51.794746792312019,0.098689451860546326,0.40000000000000002,0.039475780744218536,0.34906187272495026,0.080512349304386222,133,1,False,-0.26787555881039221,0.34682712029882928,0.80705448529307677,False,False,M2
2022-09-30,BND,6,2023-03-31,2023-03-31,23,0.1836432495137712,0.12260860967930214,0.18176915114215797,10000,0.15870390308926993,0.40000000000000002,0.063481561235707973,0.38987554005687491,0.068209994037664104,180,1,False,-0.11558085634726731,0.24254397881868325,0.77754528373254661,False,False,M2
2022-09-30,DBC,6,2023-03-31,2023-03-31,23,0.23422103897102187,0.35640285583906289,0.042979866907334664,0.82864277285468424,0.16155153942735109,0.40000000000000002,0.064620615770940443,0.37831198318973486,0.052270623081933955,194,1,False,-0.23978772421617053,0.36902895575805139,0.66583618132760247,False,False,M2
2022-09-30,GLD,6,2023-03-31,2023-03-31,23,0.048469926127491458,0.097932392581432881,0.080482208808717662,10000,0.088810245928443485,0.40000000000000002,0.035524098371377398,0.47724638480583681,0.028568084971467077,209,1,False,-0.14464843517553375,0.21569663191828856,0.71659124252432804,False,False,M2
2022-09-30,VDE,6,2023-03-31,2023-03-31,23,0.084561576633281232,0.11906242286704102,-0.16445228408697307,10000,-0.036187328711477368,0.40000000000000002,-0.014474931484590947,0.4524102356224512,0.022704521706737618,210,1,False,-0.4379558685301228,0.40900600556094091,0.66848010425186255,False,False,M2
2022-09-30,VMBS,6,2023-03-31,2023-03-31,23,0.18564353771525988,0.12821836972059492,0.21635465097618306,10000,0.18258346402106682,0.40000000000000002,0.073033385608426732,0.38317009152204329,0.093039633848770412,148,1,False,-0.080073385230861854,0.22614015644771532,0.80135581293141334,False,False,M2
2022-09-30,VOO,6,2023-03-31,2023-03-31,23,0.077429070420003798,0.22780794430902424,0.011780145543247231,75.431200633546069,0.074940862752809548,0.40000000000000002,0.029976345101123819,0.29237309999183397,0.036103436900786108,139,1,False,-0.20656685074452016,0.26651954094676777,0.67147830402377373,False,False,M2
2022-09-30,VWO,6,2023-03-31,2023-03-31,23,0.10730222998163241,0.090441322397347534,0.16966743607291893,10000,0.13124389447123394,0.40000000000000002,0.052497557788493576,0.48498581867877882,0.028262146599813021,205,1,False,-0.20719684905822655,0.3121919646352137,0.71823186519080684,False,False,M2
2022-09-30,VXUS,6,2023-03-31,2023-03-31,23,0.0094248185322627354,0.19876055307571147,0.10582789219387392,159.98587196060572,0.13913010085968117,0.40000000000000002,0.055652040343872472,0.35834773641261053,0.081553488193308973,134,1,False,-0.21122718895538276,0.32253126964312773,0.76662405219482466,False,False,M2
2022-10-31,BND,6,2023-04-28,2023-04-28,23,-0.01140740586786948,0.12355883041941157,0.096268469612409896,10000,0.10702275310516492,0.40000000000000002,0.042809101242065967,0.39406893770330298,0.069340000196323595,181,1,False,-0.14466574254153272,0.23028394502566465,0.78143190013695563,False,False,M2
2022-10-31,DBC,6,2023-04-28,2023-04-28,23,0.11640266045263392,0.46506285983074624,-0.069603223037397299,0.82864277285468424,0.13406565458604877,0.40000000000000002,0.053626261834419514,0.38092724440438053,0.053495633176716947,195,1,False,-0.24776159973871412,0.35501412340755312,0.68771709610911036,False,False,M2
2022-10-31,GLD,6,2023-04-28,2023-04-28,23,-0.1533772219467453,0.09884213502230707,0.052836572882970993,10000,0.074871895820732531,0.40000000000000002,0.029948758328293013,0.47897084424321607,0.030072018386244834,210,1,False,-0.16762992205973909,0.22752743871632514,0.725281323563571,False,False,M2
2022-10-31,VDE,6,2023-04-28,2023-04-28,23,0.096831150543607691,0.12346726678729175,-0.21910689348048126,10000,-0.066421791483734727,0.40000000000000002,-0.026568716593493892,0.44569941258091467,0.022583546786985879,211,1,False,-0.42706492080140285,0.37392748761441502,0.67659430617676108,False,False,M2
2022-10-31,VMBS,6,2023-04-28,2023-04-28,23,-0.00820163954098585,0.12924315583844104,0.15624508318962665,10000,0.14580873564868932,0.40000000000000002,0.058323494259475729,0.38650380045849159,0.09425785313916582,149,1,False,-0.11421448826557662,0.23086147678452806,0.80109054210449571,False,False,M2
2022-10-31,VOO,6,2023-04-28,2023-04-28,23,-0.025270616844599969,0.29935694150864289,-0.0073184163765300323,75.431200633546069,0.083901186661612837,0.40000000000000002,0.033560474664645137,0.29744679737945495,0.037692628241645307,140,1,False,-0.1868223142792953,0.25394326360858555,0.67723690956333971,False,False,M2
2022-10-31,VWO,6,2023-04-28,2023-04-28,23,-0.09677011974255656,0.092279079745650236,-0.0059162861196895228,10000,0.041684819456383457,0.40000000000000002,0.016673927782553385,0.48475918549303809,0.029940643555645071,206,1,False,-0.27694050962778122,0.31028836519288799,0.73763235850027176,False,False,M2
2022-10-31,VXUS,6,2023-04-28,2023-04-28,23,-0.14228314554823052,0.25468896160583188,-0.010386864224157088,159.98587196060572,0.085872829581829305,0.40000000000000002,0.034349131832731722,0.36314022036745153,0.083475498005333479,135,1,False,-0.29319759937331247,0.36189586303877586,0.82535805534209061,False,False,M2
2022-11-30,BND,6,2023-05-31,2023-05-31,23,-0.032907576371519531,0.12328195691859144,0.14690560497889632,10000,0.13745680913758723,0.40000000000000002,0.054982723655034899,0.39997191869726595,0.069742153714651395,182,1,False,-0.1295439467940159,0.2395093941040857,0.78189985191255318,False,False,M2
2022-11-30,DBC,6,2023-05-31,2023-05-31,23,0.050453542518885897,0.5934941506838729,0.20591288264487159,0.82864277285468424,0.35441402797947347,0.40000000000000002,0.1417656111917894,0.38314840674822959,0.054454279033955867,196,1,False,-0.15059375223377727,0.43412497461735611,0.53818177184530103,False,False,M2
2022-11-30,GLD,6,2023-05-31,2023-05-31,23,-0.13041611151209287,0.098617320795931829,0.090181902737061281,10000,0.094245949722968708,0.40000000000000002,0.037698379889187485,0.48178370740425158,0.030644645648098916,211,1,False,-0.15708796341505213,0.23248472319342708,0.71854391996435141,False,False,M2
2022-11-30,VDE,6,2023-05-31,2023-05-31,23,0.11440339654069742,0.12363654660197966,0.36246776277343129,10000,0.25723225114194087,0.40000000000000002,0.10289290045677635,0.44062712286296846,0.022603600076089674,212,1,False,-0.29567687577933655,0.50146267669288924,0.58994009544728943,False,False,M2
2022-11-30,VMBS,6,2023-05-31,2023-05-31,23,-0.026417905701970112,0.12896179779798125,0.1919511342286615,10000,0.16726267108827045,0.40000000000000002,0.066905068435308176,0.3919467093856549,0.094593355279711466,150,1,False,-0.10098153999018993,0.23479167686080626,0.80448928731837543,False,False,M2
2022-11-30,VOO,6,2023-05-31,2023-05-31,23,-0.074648083269012955,0.30344380423536027,0.13681493891718902,75.431200633546069,0.18696541942165601,0.40000000000000002,0.074786167768662412,0.30097114571780009,0.03826611157882772,141,1,False,-0.14148871889971876,0.29106105443704355,0.69449870847729267,False,False,M2
2022-11-30,VWO,6,2023-05-31,2023-05-31,23,-0.066829922379939899,0.092591787761759206,0.092131510627196447,10000,0.092354839271886674,0.40000000000000002,0.036941935708754668,0.48520473410521558,0.030643359933831653,207,1,False,-0.24241999017910651,0.31630386159661583,0.73148133131524617,False,False,M2
2022-11-30,VXUS,6,2023-05-31,2023-05-31,23,-0.088435047709528258,0.25891855198380664,0.070454955838418362,159.98587196060572,0.13973237417039083,0.40000000000000002,0.055892949668156333,0.36759045114754757,0.083968686955994562,136,1,False,-0.25674617779252912,0.36853207712884178,0.77313328288845706,False,False,M2
2022-12-30,BND,6,2023-06-30,2023-06-30,23,-0.0021730065174077051,0.12290981521912885,0.11940069004168412,10000,0.12081526831445134,0.40000000000000002,0.048326107325780542,0.40311422398367824,0.070156030236661643,183,1,False,-0.1351832646103614,0.23183547926192249,0.7845763472841123,False,False,M2
2022-12-30,DBC,6,2023-06-30,2023-06-30,23,0.10111544334527001,0.68647864850576457,0.061666344768000404,0.82864277285468424,0.30146908808963097,0.40000000000000002,0.12058763523585239,0.3837996497301317,0.05531985459365138,197,1,False,-0.17019227633616138,0.41136754680786614,0.58256319208099971,False,False,M2
2022-12-30,GLD,6,2023-06-30,2023-06-30,23,-0.028864497472010253,0.098037917739157363,0.059643759502271014,10000,0.078182690308663857,0.40000000000000002,0.031273076123465547,0.48285811325802075,0.031079523205227323,212,1,False,-0.16063053592422216,0.22317668817115327,0.72802335526579975,False,False,M2
2022-12-30,VDE,6,2023-06-30,2023-06-30,23,0.073944163420745723,0.12316401237336963,0.19484175839428006,10000,0.16411434152355614,0.40000000000000002,0.065645736609422453,0.42868838065527165,0.021901026647208232,213,1,False,-0.32095943556219764,0.45225090878104257,0.61102670611388821,False,False,M2
2022-12-30,VMBS,6,2023-06-30,2023-06-30,23,-0.0013588306307765752,0.1285940050927698,0.068667083942869162,10000,0.09225548708592371,0.40000000000000002,0.036902194834369483,0.39361947335907232,0.09492572762316584,151,1,False,-0.12622262719671407,0.20002701686545304,0.80276866086992993,False,False,M2
2022-12-30,VOO,6,2023-06-30,2023-06-30,23,-0.14654472618684777,0.29287734353807771,0.029878985701330969,75.431200633546069,0.1094257804023638,0.40000000000000002,0.04377031216094552,0.30246118399876326,0.038922538257456611,142,1,False,-0.16057820546192381,0.24811882978381483,0.68960288909353951,False,False,M2
2022-12-30,VWO,6,2023-06-30,2023-06-30,23,-0.028006323982755266,0.092015959364589547,-0.0024671132342110021,10000,0.043394463456851752,0.40000000000000002,0.017357785382740701,0.48539463662240129,0.031308091623768942,208,1,False,-0.2549374428508801,0.28965301361636148,0.73890380664301725,False,False,M2
2022-12-30,VXUS,6,2023-06-30,2023-06-30,23,-0.076445328426301584,0.24540308753766624,-0.029730961789637321,159.98587196060572,0.07032440625251031,0.40000000000000002,0.028129762501004126,0.36366043492901262,0.084208070216204564,137,1,False,-0.27920083312981414,0.3354603581318224,0.84463470427380705,False,False,M2
2023-01-31,BND,6,2023-07-31,2023-07-31,23,-0.063103389260131926,0.12234586771582497,0.083876268648180624,10000,0.0996158797061934,0.40000000000000002,0.039846351882477364,0.40914414081458172,0.070859329731400481,184,1,False,-0.14100149790201499,0.22069420166696974,0.78742319561193974,False,False,M2
2023-01-31,DBC,6,2023-07-31,2023-07-31,23,-0.065314417377166922,0.49151360994512816,0.055187292396776881,0.82864277285468424,0.22233591116403714,0.40000000000000002,0.088934364465614868,0.38308168002893334,0.056158975932351141,198,1,False,-0.18098963273109531,0.35885836166232504,0.6422287794015602,False,False,M2
2023-01-31,GLD,6,2023-07-31,2023-07-31,23,-0.087715485442403152,0.097458043265019514,0.017030125846478828,10000,0.055805091169734707,0.40000000000000002,0.022322036467893883,0.48210828488165308,0.031326503339852242,213,1,False,-0.16618373294450031,0.21082780588028807,0.73980558527143692,False,False,M2
2023-01-31,VDE,6,2023-07-31,2023-07-31,23,-0.039043478068140125,0.12145573401180618,0.19592606609872751,10000,0.16449169973071953,0.40000000000000002,0.06579667989228781,0.42210589757163947,0.021792600608202768,214,1,False,-0.30227950123127573,0.43387286101585137,0.60584792432254087,False,False,M2
2023-01-31,VMBS,6,2023-07-31,2023-07-31,23,-0.057468836327228656,0.12800362045162295,0.071036688001869353,10000,0.093918036894082679,0.40000000000000002,0.037567214757633076,0.40166018966170092,0.095642264832074081,152,1,False,-0.14252530038674932,0.21765972990201549,0.80582062578019442,False,False,M2
2023-01-31,VOO,6,2023-07-31,2023-07-31,23,-0.20810088205889832,0.25145840119812618,-0.020080044140310151,75.431200633546069,0.063879962083732408,0.40000000000000002,0.025551984833492965,0.30920117451286738,0.039926752670441379,143,1,False,-0.1760223745249728,0.22712634419195873,0.68689255653830505,False,False,M2
2023-01-31,VWO,6,2023-07-31,2023-07-31,23,-0.082169200431775113,0.091108000208155335,-0.020549124427417811,10000,0.033593305271588485,0.40000000000000002,0.013437322108635394,0.4848990145117611,0.031670635450425769,209,1,False,-0.25200142435452544,0.27887606857179625,0.74111882676652252,False,False,M2
2023-01-31,VXUS,6,2023-07-31,2023-07-31,23,-0.11722522250886214,0.21283962723517186,-0.041823236548299961,159.98587196060572,0.050185421744690907,0.40000000000000002,0.020074168697876364,0.36129593819074313,0.084325301099655942,138,1,False,-0.26009806454585338,0.30024640194160612,0.86343127144632914,False,False,M2
2023-02-28,BND,6,2023-08-31,2023-08-31,23,-0.066938611207320475,0.12202145048766959,0.13835350099575419,10000,0.1315697248343401,0.40000000000000002,0.052627889933736044,0.41536585734020598,0.07136903234089205,185,1,False,-0.12477470208024263,0.23003048194771472,0.78731080957279076,False,False,M2
2023-02-28,DBC,6,2023-08-31,2023-08-31,23,-0.094989998359070071,0.48868091631335941,0.055187292396776881,0.82864277285468424,0.22222775726699254,0.40000000000000002,0.088891102906797026,0.38533545974913663,0.057086364945328053,199,1,False,-0.17464458104759073,0.35242678686118478,0.645829936546503,False,False,M2
2023-02-28,GLD,6,2023-08-31,2023-08-31,23,-0.11879065105706132,0.097173604838896852,0.034130192814038396,10000,0.064543138029573316,0.40000000000000002,0.025817255211829329,0.48241274129552009,0.031620022489119076,214,1,False,-0.14658348692975492,0.19821799735341356,0.73815793880857916,False,False,M2
2023-02-28,VDE,6,2023-08-31,2023-08-31,23,-0.12286387036358204,0.12137722506367636,0.1619889435091583,10000,0.14492572360533781,0.40000000000000002,0.057970289442135128,0.42015508225111292,0.02216323726511216,215,1,False,-0.27777749004341235,0.39371806892768257,0.61492779797014063,False,False,M2
2023-02-28,VMBS,6,2023-08-31,2023-08-31,23,-0.060262628101555915,0.1276905364387152,0.094978405879537153,10000,0.10832361185189647,0.40000000000000002,0.043329444740758588,0.40795893585155246,0.096119368157957186,153,1,False,-0.12534198842159625,0.21200087790311342,0.8090457632153345,False,False,M2
2023-02-28,VOO,6,2023-08-31,2023-08-31,23,-0.18240041958353426,0.24749256604345105,0.0088179935285890056,75.431200633546069,0.083658194430150767,0.40000000000000002,0.033463277772060311,0.31356587387163554,0.040678911817858134,144,1,False,-0.16679793031960669,0.23372448586372732,0.69397121966443509,False,False,M2
2023-02-28,VWO,6,2023-08-31,2023-08-31,23,-0.089494544806962395,0.091427914447656494,-0.010899821658286291,10000,0.03906852040567757,0.40000000000000002,0.015627408162271029,0.48831669658195342,0.032292186384853365,210,1,False,-0.24839383060891418,0.27964864693345626,0.74238096021818245,False,False,M2
2023-02-28,VXUS,6,2023-08-31,2023-08-31,23,-0.09848655717070498,0.21808502176449596,-0.0068530501330536136,159.98587196060572,0.073801434713144126,0.40000000000000002,0.029520573885257653,0.35856306656230552,0.084311325199994555,139,1,False,-0.23484877393772224,0.29388992170823752,0.84709354381589186,False,False,M2
