date,benchmark,horizon,available,target_end,fold,y_true,ridge,gbt,ridge_alpha,z,alpha,y_hat,ridge_weight,naive,n_mature_labels,base_prediction,shrinkage_warmup,lower,upper,probability,interval_warmup,calibration_warmup,candidate
2011-03-31,GLD,6,2011-09-30,2011-09-30,0,-0.28401701071603003,-0.10638656323170222,0.068835931442571746,10000,-0.018775315894565235,1,-0.018775315894565235,0.5,-0.08862737846908135,71,0,True,,,,True,True,P3
2011-03-31,VDE,6,2011-09-30,2011-09-30,0,0.099415418834995273,0.045751114860742736,0.13134546363161836,109.85411419875572,0.08854828924618055,1,0.08854828924618055,0.5,-0.059909679005032385,72,0,True,,,,True,True,P3
2011-03-31,VWO,6,2011-09-30,2011-09-30,0,0.10124383219870758,-0.089126900228178707,0.079937653738746048,3237.4575428176399,-0.0045946232447163296,1,-0.0045946232447163296,0.5,-0.094106099527342946,67,0,True,,,,True,True,P3
2011-04-29,GLD,6,2011-10-31,2011-10-31,0,-0.22579102504943327,-0.10627781225776155,0.06026835020558139,10000,-0.023004731026090078,1,-0.023004731026090078,0.5,-0.087959807040398574,72,0,True,,,,True,True,P3
2011-04-29,VDE,6,2011-10-31,2011-10-31,0,-0.017906208921042222,0.054411521325099271,0.11123541476803814,109.85411419875572,0.082823468046568705,1,0.082823468046568705,0.5,-0.062748359131225201,73,0,True,,,,True,True,P3
2011-04-29,VWO,6,2011-10-31,2011-10-31,0,0.033072410923070894,-0.08808629351372764,0.061254736239990684,3237.4575428176399,-0.013415778636868478,1,-0.013415778636868478,0.5,-0.092573075258765736,68,0,True,,,,True,True,P3
2011-05-31,GLD,6,2011-11-30,2011-11-30,0,-0.27687317792830035,-0.10636947868044079,0.038386997653747583,10000,-0.033991240513346607,1,-0.033991240513346607,0.5,-0.086858114955066387,73,0,True,,,,True,True,P3
2011-05-31,VDE,6,2011-11-30,2011-11-30,0,-0.023523657548478738,0.061780319613657556,0.13961870666364012,109.85411419875572,0.10069951313864883,1,0.10069951313864883,0.5,-0.063352363754367411,74,0,True,,,,True,True,P3
2011-05-31,VWO,6,2011-11-30,2011-11-30,0,0.048390600145445495,-0.088767107168124484,0.10236098429752109,3237.4575428176399,0.0067969385646983044,1,0.0067969385646983044,0.5,-0.090657515881009121,69,0,True,,,,True,True,P3
2011-06-30,GLD,6,2011-12-30,2011-12-30,0,-0.090246847333861346,-0.10633391714537782,0.026736210911693453,10000,-0.039798853116842184,1,-0.039798853116842184,0.5,-0.085665748859487204,74,0,True,,,,True,True,P3
2011-06-30,VDE,6,2011-12-30,2011-12-30,0,-0.034335473599712785,0.053273408306436107,0.13042513179607498,109.85411419875572,0.091849270051255538,1,0.091849270051255538,0.5,-0.062373273911676096,75,0,True,,,,True,True,P3
2011-06-30,VWO,6,2011-12-30,2011-12-30,0,0.11034683099729881,-0.088761390176626209,0.077157830976659125,3237.4575428176399,-0.005801779599983542,1,-0.005801779599983542,0.5,-0.088119395257021602,70,0,True,,,,True,True,P3
2011-07-29,GLD,6,2012-01-31,2012-01-31,0,-0.0090676162106111402,-0.10555230387774513,0.089339650394508863,10000,-0.008106326741618132,1,-0.008106326741618132,0.5,-0.087376621152653836,75,0,True,,,,True,True,P3
2011-07-29,VDE,6,2012-01-31,2012-01-31,0,0.11529533139232195,0.072302519501656684,0.047495545765176728,109.85411419875572,0.059899032633416706,1,0.059899032633416706,0.5,-0.06260854359753168,76,0,True,,,,True,True,P3
2011-07-29,VWO,6,2012-01-31,2012-01-31,0,0.15534467397140495,-0.085386592779704631,0.071209667320256714,3237.4575428176399,-0.0070884627297239586,1,-0.0070884627297239586,0.5,-0.087571082406287401,71,0,True,,,,True,True,P3
2011-08-31,GLD,6,2012-02-29,2012-02-29,0,0.22737844487220649,-0.10519407642948395,0.094838163083790589,10000,-0.0051779566728466786,1,-0.0051779566728466786,0.5,-0.091476613022922648,76,0,True,,,,True,True,P3
2011-08-31,VDE,6,2012-02-29,2012-02-29,0,0.024229365829836258,0.075460676863480153,0.079336050237918593,109.85411419875572,0.077398363550699373,1,0.077398363550699373,0.5,-0.061172759211664311,77,0,True,,,,True,True,P3
2011-08-31,VWO,6,2012-02-29,2012-02-29,0,0.10266186127514487,-0.085587159276901137,0.093632997879031704,3237.4575428176399,0.0040229193010652836,1,0.0040229193010652836,0.5,-0.086511726361531122,72,0,True,,,,True,True,P3
2011-09-30,DBC,6,2012-03-30,2012-03-30,1,0.2122481903060931,-0.027977393937990692,0.017916999126973848,2222.9964825261909,-0.0050301974055084221,1,-0.0050301974055084221,0.5,-0.046954632560350075,62,0,True,,,,True,True,P3
2011-09-30,GLD,6,2012-03-30,2012-03-30,1,0.30500834406360688,-0.048798196600857741,0.04676862174174963,159.98587196060572,-0.029475998182707436,1,-0.029475998182707436,0.79781477762626607,-0.093977137668287691,77,0,True,,,,True,True,P3
2011-09-30,VDE,6,2012-03-30,2012-03-30,1,0.092356368390046573,0.025180630075956278,-0.11731072094976522,109.85411419875572,-0.080055133841681017,1,-0.080055133841681017,0.26145858566081731,-0.059113936416194314,78,0,True,,,,True,True,P3
2011-09-30,VWO,6,2012-03-30,2012-03-30,1,0.088841029688532913,-0.079320355600899992,-0.17445621079135054,2222.9964825261909,-0.17327928569974932,1,-0.17327928569974932,0.012370993977456531,-0.083939732408651144,73,0,True,,,,True,True,P3
2011-10-31,DBC,6,2012-04-30,2012-04-30,1,0.12104495917566793,-0.027612441234440989,0.014822015171834228,2222.9964825261909,-0.0063952130313033803,1,-0.0063952130313033803,0.5,-0.046130351155516003,63,0,True,,,,True,True,P3
2011-10-31,GLD,6,2012-04-30,2012-04-30,1,0.17495273296235625,-0.042513692710405324,0.028344236359111132,159.98587196060572,-0.029912859886306372,1,-0.029912859886306372,0.82216763897041534,-0.095667059301379309,78,0,True,,,,True,True,P3
2011-10-31,VDE,6,2012-04-30,2012-04-30,1,0.14132043265264094,0.023724772567155689,-0.18466588312633378,109.85411419875572,-0.055371789169243228,1,-0.055371789169243228,0.62044093832720715,-0.058592319612458213,79,0,True,,,,True,True,P3
2011-10-31,VWO,6,2012-04-30,2012-04-30,1,0.11580262722532919,-0.081008656409581034,-0.086504527105468854,2222.9964825261909,-0.086369250289263927,1,-0.086369250289263927,0.024614264725359103,-0.082358487228492733,74,0,True,,,,True,True,P3
2011-11-30,DBC,6,2012-05-31,2012-05-31,1,0.27541495190717158,-0.025545340487300668,0.003848794047808835,2222.9964825261909,-0.010848273219745916,1,-0.010848273219745916,0.5,-0.046518863008323197,64,0,True,,,,True,True,P3
2011-11-30,GLD,6,2012-05-31,2012-05-31,1,0.31887367991302329,-0.041200921541702143,0.062746735830410558,159.98587196060572,-0.021068120827736854,1,-0.021068120827736854,0.80631789861416769,-0.097960807638428946,79,0,True,,,,True,True,P3
2011-11-30,VDE,6,2012-05-31,2012-05-31,1,0.22273860392432687,0.034470034598561849,-0.075030244391327397,109.85411419875572,0.0018284688746766668,1,0.0018284688746766668,0.70190426887497559,-0.058153961336658476,80,0,True,,,,True,True,P3
2011-11-30,VWO,6,2012-05-31,2012-05-31,1,0.21418601098807111,-0.078893589729706601,0.050919926524744627,2222.9964825261909,0.04436646555220209,1,0.04436646555220209,0.050483656568526422,-0.080615166063506882,75,0,True,,,,True,True,P3
2011-12-30,DBC,6,2012-06-29,2012-06-29,1,0.12913998782389102,-0.028067159686947757,0.0077969467022219715,2222.9964825261909,-0.010135106492362893,1,-0.010135106492362893,0.5,-0.045815839561753259,65,0,True,,,,True,True,P3
2011-12-30,GLD,6,2012-06-29,2012-06-29,1,0.067474942796318826,-0.045944698630242919,-0.0038772542214674456,159.98587196060572,-0.038818644822260807,1,-0.038818644822260807,0.83060407143497439,-0.097864383134621827,80,0,True,-0.30406033964372564,0.22642304999920401,,False,True,P3
2011-12-30,VDE,6,2012-06-29,2012-06-29,1,0.12344613042352826,0.02145256749576864,-0.19449701811826955,109.85411419875572,-0.037288358364139546,1,-0.037288358364139546,0.72798778153298005,-0.057859905932498651,81,0,True,-0.16347310201510787,0.088896385286828777,,False,True,P3
2011-12-30,VWO,6,2012-06-29,2012-06-29,1,0.043514565370284419,-0.079154260404217858,-0.014587277845710383,2222.9964825261909,-0.017337916182613752,1,-0.017337916182613752,0.04260131460241115,-0.078102508207443647,76,0,True,-0.13348652677989609,0.098810694414668596,,False,True,P3
2012-01-31,DBC,6,2012-07-31,2012-07-31,1,-0.0045013063407751686,-0.028050801549355568,-0.0018760358708067243,2222.9964825261909,-0.014963418710081146,1,-0.014963418710081146,0.5,-0.043190964140973363,66,0,True,,,,True,True,P3
2012-01-31,GLD,6,2012-07-31,2012-07-31,1,0.035829187182332634,-0.056293276360853996,0.0015232141449576428,159.98587196060572,-0.044874205036119406,1,-0.044874205036119406,0.80249456124309793,-0.096768126752843922,81,0,True,-0.3101158998575842,0.2203674897853454,,False,True,P3
2012-01-31,VDE,6,2012-07-31,2012-07-31,1,-0.010698659940103217,0.022823571521721528,-0.19449701811826955,109.85411419875572,-0.036681911539217849,1,-0.036681911539217849,0.7261857095109352,-0.05574825669683011,82,0,True,-0.16286665519018617,0.089502832111750474,,False,True,P3
2012-01-31,VWO,6,2012-07-31,2012-07-31,1,0.020729199067342829,-0.080777528301078233,0.006728638533071732,2222.9964825261909,0.0016399124830644822,1,0.0016399124830644822,0.058152770645889321,-0.075070726620705353,77,0,True,-0.16079322421806444,0.16407304918419338,,False,True,P3
2012-02-29,DBC,6,2012-08-31,2012-08-31,1,-0.058674233038552015,-0.029719988139159745,0.088503188292062579,2222.9964825261909,0.029391600076451418,1,0.029391600076451418,0.5,-0.03963103024804672,67,0,True,,,,True,True,P3
2012-02-29,GLD,6,2012-08-31,2012-08-31,1,-0.042147642746985903,-0.05904789766631726,-0.05288016429593994,159.98587196060572,-0.057015642309955435,1,-0.057015642309955435,0.67050207356199321,-0.092815119781806718,82,0,True,-0.32225733713142024,0.20822605251150939,,False,True,P3
2012-02-29,VDE,6,2012-08-31,2012-08-31,1,-0.018401669947444299,0.020559181190812542,-0.15656894380604061,109.85411419875572,-0.031192963918345064,1,-0.031192963918345064,0.70782649502964579,-0.054784670883255816,83,0,True,-0.15737770756931338,0.094991779732623266,,False,True,P3
2012-02-29,VWO,6,2012-08-31,2012-08-31,1,0.010238367842802854,-0.078627816403312997,-0.015959213153138592,2222.9964825261909,-0.018689441670440825,1,-0.018689441670440825,0.043566130018936347,-0.072792103698963675,78,0,True,-0.18112257837156973,0.1437436950306881,,False,True,P3
2012-03-30,DBC,6,2012-09-28,2012-09-28,2,-0.10109649122807041,0.026666046952415909,-0.032637383818417402,109.85411419875572,-0.0091797321478259419,1,-0.0091797321478259419,0.39555302898476546,-0.035926924063427013,68,0,True,,,,True,True,P3
2012-03-30,GLD,6,2012-09-28,2012-09-28,2,-0.16552715986858357,-0.05770801107051024,-0.17414441911259046,109.85411419875572,-0.10395665939180448,1,-0.10395665939180448,0.60279908063996668,-0.088022066000536678,83,0,True,-0.43844100163811878,0.23052768285450981,,False,True,P3
2012-03-30,VDE,6,2012-09-28,2012-09-28,2,-0.1223766775752847,0.0043976575436707951,-0.10296546774988147,51.794746792312019,-0.021252810361544843,1,-0.021252810361544843,0.7610867992610858,-0.05303299184428794,84,0,True,-0.19366431259327241,0.15115869187018274,,False,True,P3
2012-03-30,VWO,6,2012-09-28,2012-09-28,2,-0.076818068648375593,0.084152211857633941,0.0039627771460708765,109.85411419875572,0.014837463305908129,1,0.014837463305908129,0.13561245566766861,-0.070746114668742199,79,0,True,-0.2472828520823741,0.27695777869419036,,False,True,P3
2012-04-30,DBC,6,2012-10-31,2012-10-31,2,0.075186001087504839,0.035718876685380402,-0.046421867239639376,109.85411419875572,-0.015705202548140011,1,-0.015705202548140011,0.37395162526819015,-0.033651969233874909,69,0,True,,,,True,True,P3
2012-04-30,GLD,6,2012-10-31,2012-10-31,2,0.021549981018549769,-0.061296726858259258,-0.14583526282736711,109.85411419875572,-0.097689799006584088,1,-0.097689799006584088,0.56950907972165954,-0.084891413631930812,84,0,True,-0.43217414125289838,0.2367945432397302,,False,True,P3
2012-04-30,VDE,6,2012-10-31,2012-10-31,2,0.040863996094121502,0.023220422003783533,-0.095806678081802085,51.794746792312019,-0.00085890093023802724,1,-0.00085890093023802724,0.79769881886807714,-0.050746480967853481,85,0,True,-0.19755112275212219,0.19583332089164615,,False,True,P3
2012-04-30,VWO,6,2012-10-31,2012-10-31,2,0.06423822246614741,0.088152799038569041,-0.084742707531369921,109.85411419875572,-0.052109998063219212,1,-0.052109998063219212,0.1887423803865618,-0.06841425539506632,80,0,True,-0.31423031345150143,0.21001031732506303,,False,True,P3
2012-05-31,DBC,6,2012-11-30,2012-11-30,2,-0.051746630125066639,0.039273237838259159,-0.037189992993809387,109.85411419875572,-0.0060297566980186002,1,-0.0060297566980186002,0.40751922141801833,-0.029236727503288533,70,0,True,,,,True,True,P3
2012-05-31,GLD,6,2012-11-30,2012-11-30,2,-0.060620583753068003,-0.062843369618744344,-0.14583526282736711,109.85411419875572,-0.10174914289077068,1,-0.10174914289077068,0.53120995596249321,-0.080141236060813692,85,0,True,-0.44169094363153083,0.23819265784998944,,False,True,P3
2012-05-31,VDE,6,2012-11-30,2012-11-30,2,-0.057956479063156818,0.029424372657807146,-0.085836369912322824,51.794746792312019,0.0041401792307790598,1,0.0041401792307790598,0.78063482098734516,-0.047566421841200218,86,0,True,-0.21676995581887115,0.22505031428042926,,False,True,P3
2012-05-31,VWO,6,2012-11-30,2012-11-30,2,-0.10512854512816872,0.088743325363277614,-0.027643356376699763,109.85411419875572,-0.0047405433329133729,1,-0.0047405433329133729,0.19678207765175557,-0.064925363217496729,81,0,True,-0.26686085872119558,0.25737977205536888,,False,True,P3
2012-06-29,DBC,6,2012-12-31,2012-12-31,2,-0.027661078234145098,0.032261453481984753,0.015226211064962046,109.85411419875572,0.022062157705911203,1,0.022062157705911203,0.40128261597957893,-0.027006069540933892,71,0,True,-0.2642010674210063,0.30832538283282868,,False,True,P3
2012-06-29,GLD,6,2012-12-31,2012-12-31,2,0.010874759764625042,-0.056161774376891231,-0.28886824843822123,109.85411419875572,-0.16803556779475706,1,-0.16803556779475706,0.51924932957223435,-0.078424768864800529,86,0,True,-0.50306565589051588,0.16699452030100179,,False,True,P3
2012-06-29,VDE,6,2012-12-31,2012-12-31,2,-0.0042991290954275119,0.011311863715906506,-0.092446242140592119,51.794746792312019,-0.0089332441829731851,1,-0.0089332441829731851,0.80488167423873902,-0.045600760320915978,87,0,True,-0.22984337923262338,0.21197689086667704,,False,True,P3
2012-06-29,VWO,6,2012-12-31,2012-12-31,2,-0.078547651734469426,0.075125233752435211,-0.011315548009587988,109.85411419875572,0.0056167473045477187,1,0.0056167473045477187,0.19588318116732631,-0.063602925063987195,82,0,True,-0.25650356808373453,0.26773706269282993,,False,True,P3
2012-07-31,DBC,6,2013-01-31,2013-01-31,2,0.18826481687196672,0.039606041919082846,0.024981166924709329,109.85411419875572,0.030684523937114051,0.050000000000000003,0.0015342261968557026,0.38997646233550137,-0.026693503385376127,72,0,False,-0.28472899893006176,0.28779745132377321,,False,True,P3
2012-07-31,GLD,6,2013-01-31,2013-01-31,2,0.1900409394910052,-0.054442532919617107,-0.22341989483620067,109.85411419875572,-0.13814940507244394,0.050000000000000003,-0.0069074702536221977,0.50462670736835669,-0.077111505002189801,87,0,False,-0.34188794509034065,0.32807300458309624,,False,True,P3
2012-07-31,VDE,6,2013-01-31,2013-01-31,2,0.10885906189877703,0.02255899818492052,-0.096748781347497065,51.794746792312019,0.0014905190984212465,0.050000000000000003,7.4525954921062331e-05,0.82341068479298396,-0.045204145543861284,88,0,False,-0.22083560909472916,0.22098466100457126,,False,True,P3
2012-07-31,VWO,6,2013-01-31,2013-01-31,2,0.081467235293686491,0.10657712915693962,-0.00041976136046015971,109.85411419875572,0.019286181237328857,0.050000000000000003,0.00096430906186644296,0.18417304000609669,-0.062586875375657922,83,0,False,-0.26115600632641578,0.26308462445014869,,False,True,P3
2012-08-31,DBC,6,2013-02-28,2013-02-28,2,0.37976193880378017,0.055592531026768033,0.054135063654354734,109.85411419875572,0.054816774336851552,0.050000000000000003,0.0027408387168425777,0.46773649647335425,-0.027131595572405933,73,0,False,-0.28352238641007493,0.28900406384376004,,False,True,P3
2012-08-31,GLD,6,2013-02-28,2013-02-28,2,0.40693380548149616,-0.044234875564366574,-0.21543487369233122,109.85411419875572,-0.12930272975493279,0.050000000000000003,-0.0064651364877466398,0.50310832289272789,-0.076714188385653401,88,0,False,-0.34140426694193143,0.32847399396643812,,False,True,P3
2012-08-31,VDE,6,2013-02-28,2013-02-28,2,0.24332157842173729,0.036169504194333027,-0.077688793644850915,51.794746792312019,0.01691799943868174,0.050000000000000003,0.00084589997193408703,0.83091698083487464,-0.044902994132665588,89,0,False,-0.22006423507771611,0.22175603502158431,,False,True,P3
2012-08-31,VWO,6,2013-02-28,2013-02-28,2,0.22436459453226609,0.11791076759319735,0.0028831444842739536,109.85411419875572,0.023500086404837188,0.050000000000000003,0.0011750043202418594,0.17923470348544351,-0.061719908194485772,84,0,False,-0.20599257635049195,0.20834258499097569,,False,True,P3
2012-09-28,DBC,6,2013-03-29,2013-03-29,3,0.33615249051031937,0.0076806132770181057,0.013547165410119367,339.32217718953228,0.010962372112572281,0.050000000000000003,0.0005481186056286141,0.44059836832655508,-0.028131121189374369,74,0,False,-0.2857151065212889,0.28681134373254608,,False,True,P3
2012-09-28,GLD,6,2013-03-29,2013-03-29,3,0.38972789344916159,-0.088861609258729934,-0.068160391543477056,719.68567300115137,-0.078091976736688676,0.050000000000000003,-0.0039045988368344338,0.47975850164089268,-0.077712086941641376,89,0,False,-0.27979900864673757,0.27198981097306874,,False,True,P3
2012-09-28,VDE,6,2013-03-29,2013-03-29,3,0.20880842163514335,-0.0015730417616192996,-0.050523458531713257,232.99518105153672,-0.01158818134812307,0.050000000000000003,-0.00057940906740615349,0.795402363302809,-0.04576381283758358,90,0,False,-0.22148954411705638,0.22033072598224404,,False,True,P3
2012-09-28,VWO,6,2013-03-29,2013-03-29,3,0.24821654988322761,0.10754502538135208,0.079632127064953845,109.85411419875572,0.084679344994540467,0.050000000000000003,0.0042339672497270237,0.18082027428235539,-0.061897533611590352,85,0,False,-0.20254932856284216,0.21101726306229621,,False,True,P3
2012-10-31,DBC,6,2013-04-30,2013-04-30,3,0.2325866241015071,0.02280021351090087,0.065060589843878885,339.32217718953228,0.044603357534422516,0.050000000000000003,0.0022301678767211257,0.48407596156431998,-0.026753559559015982,75,0,False,-0.28403305725019634,0.28849339300363863,,False,True,P3
2012-10-31,GLD,6,2013-04-30,2013-04-30,3,0.33043618952149034,-0.072390569715767086,-0.08306066979130472,719.68567300115137,-0.077729818934850439,0.050000000000000003,-0.0038864909467425223,0.49960645342735216,-0.076609175075417035,90,0,False,-0.27901999254318582,0.27124701064970075,,False,True,P3
2012-10-31,VDE,6,2013-04-30,2013-04-30,3,0.10411570921812041,-0.001745165216778477,-0.015777710487988872,232.99518105153672,-0.0044095396598707965,0.050000000000000003,-0.00022047698299353983,0.81012892589353458,-0.044811858893279127,91,0,False,-0.22113061203264375,0.22068965806665666,,False,True,P3
2012-10-31,VWO,6,2013-04-30,2013-04-30,3,0.13826999901114378,0.13489323273743864,0.075656848242883226,109.85411419875572,0.088705339240116171,0.050000000000000003,0.0044352669620058086,0.22027831557532454,-0.060430838773477123,86,0,False,-0.20201864182927939,0.210889175753291,,False,True,P3
2012-11-30,DBC,6,2013-05-31,2013-05-31,3,0.29426522999731686,0.019715571704552778,0.073344272948845754,339.32217718953228,0.049195726663933667,0.050000000000000003,0.0024597863331966836,0.45029146193395658,-0.027082415750674545,76,0,False,-0.22248358331343993,0.22740315597983329,,False,True,P3
2012-11-30,GLD,6,2013-05-31,2013-05-31,3,0.4080458624655634,-0.081090901712090935,-0.10551773628872295,719.68567300115137,-0.092873196726866836,0.050000000000000003,-0.0046436598363433423,0.51764953507125921,-0.076433476269676934,91,0,False,-0.27911770764778804,0.26983038797510134,,False,True,P3
2012-11-30,VDE,6,2013-05-31,2013-05-31,3,0.077908839046333389,0.0083648131978128204,-0.014580262464808334,232.99518105153672,0.0035301179407979119,0.050000000000000003,0.0001765058970398956,0.78929268623459348,-0.044954735199473454,92,0,False,-0.2207336291526103,0.22108664094669012,,False,True,P3
2012-11-30,VWO,6,2013-05-31,2013-05-31,3,0.21433677585018152,0.13429242100465963,0.071100711511822609,109.85411419875572,0.084590837822078518,0.050000000000000003,0.0042295418911039257,0.21347936965979769,-0.060944605513186222,87,0,False,-0.16990364782192829,0.17836273160413613,,False,True,P3
2012-12-31,DBC,6,2013-06-28,2013-06-28,3,0.32493265191947918,0.022982730328813088,0.089526844682410858,339.32217718953228,0.059903151025886517,0.050000000000000003,0.0029951575512943262,0.44517376095971284,-0.027089930847862476,77,0,False,-0.22118171390183877,0.2271720290044274,,False,True,P3
2012-12-31,GLD,6,2013-06-28,2013-06-28,3,0.49251781655632898,-0.079188260643372338,-0.085660517925050222,719.68567300115137,-0.082016954434548775,0.050000000000000003,-0.0041008477217274386,0.56295096624417151,-0.075484473704086702,92,0,False,-0.251175239650402,0.24297354420694711,,False,True,P3
2012-12-31,VDE,6,2013-06-28,2013-06-28,3,0.11218359969344638,0.010254972022720431,-0.050523458531713257,232.99518105153672,-0.0020556949163241405,0.050000000000000003,-0.00010278474581620703,0.79745006860585133,-0.044517578144591237,93,0,False,-0.22101291979546642,0.220807350303834,,False,True,P3
2012-12-31,VWO,6,2013-06-28,2013-06-28,3,0.3372885676530778,0.14772671354771033,0.094136146341095961,109.85411419875572,0.10540500888734124,0.050000000000000003,0.005270250444367062,0.21027697846150864,-0.061144640129337173,88,0,False,-0.16859333650134245,0.1791338373900766,,False,True,P3
2013-01-31,DBC,6,2013-07-31,2013-07-31,3,0.22603268228646956,0.023409219788617257,0.085604645316230951,339.32217718953228,0.057168026871437738,0.050000000000000003,0.0028584013435718871,0.45721398645577005,-0.024328972543762102,78,0,False,-0.18942633424726468,0.19514313693440843,,False,True,P3
2013-01-31,GLD,6,2013-07-31,2013-07-31,3,0.34729894118004645,-0.072358858955346786,-0.084170307046303294,719.68567300115137,-0.077257981200398743,0.050000000000000003,-0.0038628990600199373,0.58522255634319653,-0.072629361734247,93,0,False,-0.25069067601729916,0.24296487789725926,,False,True,P3
2013-01-31,VDE,6,2013-07-31,2013-07-31,3,0.067482958701918783,5.6807302669083237e-05,-0.018412294347392742,232.99518105153672,-0.0036041987382153685,0.050000000000000003,-0.00018020993691076845,0.80177671279034857,-0.042885911761151141,94,0,False,-0.22109034498656097,0.22072992511273945,,False,True,P3
2013-01-31,VWO,6,2013-07-31,2013-07-31,3,0.23663801286909691,0.14262550612251446,0.10017331386228531,109.85411419875572,0.10982540995880609,0.050000000000000003,0.0054912704979403048,0.22736390237173298,-0.059542259506606562,89,0,False,-0.16813443165307274,0.17911697264895332,,False,True,P3
2013-02-28,DBC,6,2013-08-30,2013-08-30,3,0.048216547066272764,0.031490829734308147,0.098037511562584917,339.32217718953228,0.067017630350821797,0.050000000000000003,0.0033508815175410898,0.46613715905189229,-0.01921389771657802,79,0,False,-0.29047549985604465,0.29717726289112684,,False,True,P3
2013-02-28,GLD,6,2013-08-30,2013-08-30,3,0.13411673778283828,-0.067454139690030779,-0.10374502098205592,719.68567300115137,-0.082089252374716939,0.050000000000000003,-0.004104462618735847,0.59672754797767369,-0.067527625912802924,94,0,False,-0.28088659867767568,0.27267767344020394,,False,True,P3
2013-02-28,VDE,6,2013-08-30,2013-08-30,3,-0.035373124236404374,0.0063277417773698191,-0.027948527567620958,232.99518105153672,-0.00082895327326077079,0.050000000000000003,-4.1447663663038545e-05,0.79120554286120148,-0.039873201338173368,95,0,False,-0.24251712611346624,0.24243423078614015,,False,True,P3
2013-02-28,VWO,6,2013-08-30,2013-08-30,3,0.13806252523931739,0.15527613829247702,0.0633705311915716,109.85411419875572,0.087868028446349042,0.050000000000000003,0.0043934014223174526,0.26655062762254572,-0.056387738906174649,90,0,False,-0.20011377750310133,0.20890058034773623,,False,True,P3
2013-03-29,BND,6,2013-09-30,2013-09-30,4,0.10127215270764489,-0.037276457642139799,-0.12436396224124452,719.68567300115137,-0.080820209941692159,0.050000000000000003,-0.0040410104970846081,0.5,0.0066418126404495081,66,1,False,,,,True,True,P3
2013-03-29,DBC,6,2013-09-30,2013-09-30,4,0.13385180077136882,-0.032847483726113229,0.1586508409321844,109.85411419875572,0.068597333142796646,0.050000000000000003,0.0034298666571398323,0.47025741843995678,-0.014771817863741802,80,0,False,-0.33536040741541606,0.34222014072969575,,False,True,P3
2013-03-29,GLD,6,2013-09-30,2013-09-30,4,0.24620446046169997,-0.19468946490006828,-0.1882851779219227,75.431200633546069,-0.1920149957232398,0.050000000000000003,-0.0096007497861619901,0.58239392051683136,-0.062714409919519085,95,0,False,-0.35519420226852588,0.33599270269620191,,False,True,P3
2013-03-29,VDE,6,2013-09-30,2013-09-30,4,0.019964211771014373,-0.022475423083830603,0.025464440573064205,75.431200633546069,-0.011706381157039376,0.050000000000000003,-0.00058531905785196882,0.77536352619053805,-0.037282767765534658,96,0,False,-0.24306099750765517,0.24189035939195122,,False,True,P3
2013-03-29,VWO,6,2013-09-30,2013-09-30,4,0.11607772792845594,0.034978383104464689,-0.050609489728150561,109.85411419875572,-0.026169116384660528,0.050000000000000003,-0.0013084558192330265,0.28555883601977378,-0.053040439029368031,91,0,False,-0.24624565596614315,0.24362874432767709,,False,True,P3
2013-04-30,BND,6,2013-10-31,2013-10-31,4,0.069064409114923064,-0.034273746554452478,-0.093579113828624369,719.68567300115137,-0.06392643019153843,0.050000000000000003,-0.0031963215095769217,0.5,0.0090580605694564748,67,1,False,,,,True,True,P3
2013-04-30,DBC,6,2013-10-31,2013-10-31,4,0.05997390733944219,-0.0070248435310495006,0.15280395100585842,109.85411419875572,0.078793079989350243,0.050000000000000003,0.0039396539994675127,0.46306343754233509,-0.011718009938244902,81,0,False,-0.33462305563252664,0.34250236363146164,,False,True,P3
2013-04-30,GLD,6,2013-10-31,2013-10-31,4,0.12418066101221636,-0.18973330941451294,-0.18692797931629154,75.431200633546069,-0.18854320444017994,0.050000000000000003,-0.0094271602220089984,0.57577007601083008,-0.058619091175341899,96,0,False,-0.35473803011729282,0.3358837096732748,0.87872467720959113,False,False,P3
2013-04-30,VDE,6,2013-10-31,2013-10-31,4,-0.080635695327173851,0.015338652248545637,0.025464440573064205,75.431200633546069,0.017696357909659021,0.050000000000000003,0.00088481789548295112,0.76715831048882943,-0.035825051507971203,97,0,False,-0.24159086055432025,0.24336049634528614,0.59328585222644914,False,False,P3
2013-04-30,VWO,6,2013-10-31,2013-10-31,4,0.043811268332934583,0.064918572244865441,-0.092763119214210044,109.85411419875572,-0.045586350474210099,0.050000000000000003,-0.002279317523710505,0.29918989518351369,-0.05096097774631899,92,0,False,-0.24716878679495019,0.2426101517475292,0.87308454092610643,False,False,P3
2013-05-31,BND,6,2013-11-29,2013-11-29,4,0.1004965959212375,-0.024226393745919606,-0.10925305589293594,719.68567300115137,-0.066739724819427776,0.050000000000000003,-0.0033369862409713888,0.5,0.012254851549905056,68,1,False,,,,True,True,P3
2013-05-31,DBC,6,2013-11-29,2013-11-29,4,0.10925822934672236,0.014692584714811096,0.13453118143186665,109.85411419875572,0.079916394776229832,0.050000000000000003,0.0039958197388114914,0.4557361997869922,-0.0079865070122014659,82,0,False,-0.29364948102405147,0.30164112050167441,,False,True,P3
2013-05-31,GLD,6,2013-11-29,2013-11-29,4,0.19443946439510806,-0.10818616361071368,-0.19793212537261534,75.431200633546069,-0.14674469605553886,0.050000000000000003,-0.0073372348027769436,0.57035913719302545,-0.053808112271827413,97,0,False,-0.40278468232838349,0.38811021272282964,0.8410144314335446,False,False,P3
2013-05-31,VDE,6,2013-11-29,2013-11-29,4,0.0079571611051172386,0.013634106597905416,0.025464440573064205,75.431200633546069,0.016431214990976724,0.050000000000000003,0.00082156074954883624,0.76356471432297268,-0.03466450160435585,98,0,False,-0.24165411770025436,0.24329723919935203,0.61407527159277076,False,False,P3
2013-05-31,VWO,6,2013-11-29,2013-11-29,4,0.075438547674787415,0.081907120231511824,-0.092640968225803824,109.85411419875572,-0.036966136040136113,0.050000000000000003,-0.0018483068020068057,0.31896557950150539,-0.048108313729152315,93,0,False,-0.2270181820065526,0.22332156840253897,0.86694510251981616,False,False,P3
2013-06-28,BND,6,2013-12-31,2013-12-31,4,0.060708907927270905,-0.028663060868018498,-0.077597498023738457,719.68567300115137,-0.053130279445878476,0.050000000000000003,-0.0026565139722939239,0.5,0.01587129979897179,69,1,False,,,,True,True,P3
2013-06-28,DBC,6,2013-12-31,2013-12-31,4,0.036258505339504365,-0.019386997144195783,0.15364900448982716,109.85411419875572,0.076166769906038961,0.050000000000000003,0.0038083384953019484,0.44778100425404982,-0.0039754328082053127,83,0,False,-0.33438457892077927,0.34200125591138314,,False,True,P3
2013-06-28,GLD,6,2013-12-31,2013-12-31,4,0.081616765466351215,-0.15697461864756085,-0.17660687063449754,75.431200633546069,-0.16554612871115559,0.050000000000000003,-0.0082773064355577807,0.56339649321442087,-0.048233357896029901,98,0,False,-0.42545896305520131,0.40890435018408572,0.89129540080809966,False,False,P3
2013-06-28,VDE,6,2013-12-31,2013-12-31,4,-0.078978943951848901,-0.018777192243491163,0.05731157723118023,75.431200633546069,-0.00062728491262017559,0.050000000000000003,-3.1364245631008778e-05,0.76146404448145566,-0.033181187449832596,99,0,False,-0.22192175126801547,0.22185902277675343,0.66002407966998977,False,False,P3
2013-06-28,VWO,6,2013-12-31,2013-12-31,4,0.0022070385248151858,0.037141857839704757,-0.040801726832165271,109.85411419875572,-0.014159031646939371,0.050000000000000003,-0.00070795158234696857,0.34182024469861583,-0.044008346905937107,94,0,False,-0.26600544887155786,0.26458954570686388,0.86413188472488178,False,False,P3
2013-07-31,BND,6,2014-01-31,2014-01-31,4,-0.08765649048181412,-0.019910727118068437,-0.067887470088636867,719.68567300115137,-0.04389909860335265,0.050000000000000003,-0.0021949549301676324,0.5,0.018026480975858624,70,1,False,,,,True,True,P3
2013-07-31,DBC,6,2014-01-31,2014-01-31,4,-0.032587484581307335,0.0063419064232680313,0.15926469714018582,109.85411419875572,0.091969524623977297,0.050000000000000003,0.0045984762311988654,0.44005979880907103,-0.0012372409618401359,84,0,False,-0.33344217380185937,0.34263912626425708,,False,True,P3
2013-07-31,GLD,6,2014-01-31,2014-01-31,4,-0.002632240260478369,-0.13675412590158165,-0.17660687063449754,75.431200633546069,-0.15429968913221875,0.050000000000000003,-0.0077149844566109377,0.559740154706444,-0.044238082147786711,99,0,False,-0.42473217522188922,0.40930220630866732,0.89017433057002215,False,False,P3
2013-07-31,VDE,6,2014-01-31,2014-01-31,4,-0.084067451355699485,0.0095977147791662144,0.053040785911909256,75.431200633546069,0.020111865728473871,0.050000000000000003,0.0010055932864236935,0.75797864480664812,-0.032174545988315081,100,0,False,-0.22084217408497234,0.22285336065781972,0.63884653420523885,False,False,P3
2013-07-31,VWO,6,2014-01-31,2014-01-31,4,-0.023342215149227408,0.042750936917855274,-0.039119547172276475,109.85411419875572,-0.010049686648887059,0.050000000000000003,-0.00050248433244435295,0.35507131595052283,-0.041054174697778854,95,0,False,-0.26566184327813663,0.26465687461324788,0.86723805964862943,False,False,P3
2013-08-30,BND,6,2014-02-28,2014-02-28,4,-0.014542823539740901,-0.026878596908575098,-0.089920909126393486,719.68567300115137,-0.05839975301748429,0.050000000000000003,-0.0029199876508742145,0.5,0.018334550071582276,71,1,False,,,,True,True,P3
2013-08-30,DBC,6,2014-02-28,2014-02-28,4,0.036134457427679401,-0.0038255539499523622,0.14376300608903336,109.85411419875572,0.077870733469848408,0.050000000000000003,0.0038935366734924206,0.44645921473710043,-0.00065543169092116061,85,0,False,-0.31956249964319311,0.32734957299017792,,False,True,P3
2013-08-30,GLD,6,2014-02-28,2014-02-28,4,0.068252704639162887,-0.21054229368548416,-0.18957067912579728,75.431200633546069,-0.20132667746039551,0.050000000000000003,-0.010066333873019776,0.56056715619771236,-0.042454533948480463,100,0,False,-0.42281497448053784,0.40268230673449834,0.95389615577978115,False,False,P3
2013-08-30,VDE,6,2014-02-28,2014-02-28,4,-0.077872074844086203,0.034254674725982905,0.040984342660110223,75.431200633546069,0.035928783089793845,0.050000000000000003,0.0017964391544896922,0.75123462551231612,-0.032206215079880328,101,0,False,-0.22001226020350026,0.22360513851247962,0.58299311663863806,False,False,P3
2013-08-30,VWO,6,2014-02-28,2014-02-28,4,-0.02889770901575206,0.049238774742841412,-0.038978645551480243,109.85411419875572,-0.0066192846624658526,0.050000000000000003,-0.00033096423312329264,0.36681372886503782,-0.039188375740100763,96,0,False,-0.24582502459618899,0.24516309612994241,0.87136411127246871,False,False,P3
2013-09-30,BND,6,2014-03-31,2014-03-31,5,-0.10519925241864547,0.013844024588783008,-0.20259940119072203,10000,-0.045419168648498418,0.050000000000000003,-0.002270958432424921,0.72619545720157874,0.019486461219305366,72,1,False,,,,True,True,P3
2013-09-30,DBC,6,2014-03-31,2014-03-31,5,-0.097298604510697051,-0.031589099240438671,0.20680486335313153,75.431200633546069,0.1055938513657695,0.050000000000000003,0.0052796925682884752,0.42455358720603698,0.00090860589584965319,86,1,False,-0.31809642048794962,0.32865580562452656,,False,True,P3
2013-09-30,GLD,6,2014-03-31,2014-03-31,5,-0.052667806524847371,-0.28797830183874173,-0.12634308946353887,35.564803062231285,-0.21620353065308853,0.050000000000000003,-0.010810176532654427,0.55594594685814591,-0.039596524102835109,101,0,False,-0.42355645240794809,0.40193609934263924,0.9689551424355638,False,False,P3
2013-09-30,VDE,6,2014-03-31,2014-03-31,5,-0.17338934754132185,-0.0046233239728175266,0.12249161786538103,339.32217718953228,0.027894884210913202,0.050000000000000003,0.0013947442105456602,0.74418264514393329,-0.031694740306832336,102,0,False,-0.20891487083977192,0.21170435926086326,0.60891830389904111,False,False,P3
2013-09-30,VWO,6,2014-03-31,2014-03-31,5,-0.089152415617970493,0.013711596028611803,0.094637026706182792,339.32217718953228,0.063405698095146637,0.050000000000000003,0.0031702849047573322,0.38592724622585334,-0.037587694258981626,97,0,False,-0.24226331634912585,0.24860388615864049,0.88911664144493385,False,False,P3
2013-10-31,BND,6,2014-04-30,2014-04-30,5,-0.078578135240947811,0.014957610180223856,-0.075489414044116993,10000,-0.010330183165777117,0.050000000000000003,-0.00051650915828885594,0.7204132080312754,0.02016561119047821,73,1,False,,,,True,True,P3
2013-10-31,DBC,6,2014-04-30,2014-04-30,5,-0.091755182193545837,0.037954737680905709,0.20916851214288174,75.431200633546069,0.13542913097400514,0.050000000000000003,0.0067714565487002575,0.43068603212910878,0.0015875174066955443,87,1,False,-0.31653272557313522,0.33007563867053574,0.99211064287418838,False,False,P3
2013-10-31,GLD,6,2014-04-30,2014-04-30,5,-0.02574377322114163,-0.16053997189939501,-0.01491592170466443,35.564803062231285,-0.095466850161230715,0.050000000000000003,-0.0047733425080615363,0.55314303062476577,-0.037990865425236567,102,0,False,-0.40060472287281645,0.39105803785669335,0.79620981705561944,False,False,P3
2013-10-31,VDE,6,2014-04-30,2014-04-30,5,-0.15766994572410709,0.018764181421272653,0.13683194581449482,339.32217718953228,0.049663163912149512,0.050000000000000003,0.0024831581956074756,0.73829450697509214,-0.032169895209942456,103,0,False,-0.20779100361056516,0.21275732000178013,0.53881155394761238,False,False,P3
2013-10-31,VWO,6,2014-04-30,2014-04-30,5,-0.032705847771132501,0.04111778829720128,0.14019106680485002,339.32217718953228,0.099856865728001662,0.050000000000000003,0.0049928432864000836,0.407114831409707,-0.036757092599880442,98,0,False,-0.22763495757656541,0.2376206441493656,0.89382910675094618,False,False,P3
2013-11-29,BND,6,2014-05-30,2014-05-30,5,-0.098584988173251342,0.014455055443007065,-0.18341722533195354,10000,-0.039594365493471256,0.050000000000000003,-0.0019797182746735631,0.72684693012687052,0.021251165038191171,74,1,False,,,,True,True,P3
2013-11-29,DBC,6,2014-05-30,2014-05-30,5,-0.088079322631185453,-0.020565177419833484,0.15373398155962792,75.431200633546069,0.080347463888269979,0.050000000000000003,0.0040173731944134995,0.42103770380214783,0.002811048224195849,88,1,False,-0.29209264914171595,0.30012739553054291,0.96086808417775282,False,False,P3
2013-11-29,GLD,6,2014-05-30,2014-05-30,5,-0.065458208439405308,-0.1979560804341147,-0.042296675796066781,35.564803062231285,-0.12897558810030449,0.050000000000000003,-0.0064487794050152245,0.55684982546214068,-0.035734260281349725,103,0,False,-0.40219871947055685,0.38930116066052645,0.88762031466168612,False,False,P3
2013-11-29,VDE,6,2014-05-30,2014-05-30,5,-0.18088455934804515,-0.001577923805281288,0.10816567466460812,339.32217718953228,0.027052195200997952,0.050000000000000003,0.0013526097600498976,0.73911809521960825,-0.031784058129989953,104,0,False,-0.20888872496821076,0.21159394448831054,0.59991084628622238,False,False,P3
2013-11-29,VWO,6,2014-05-30,2014-05-30,5,-0.093575359287833559,0.035256134152977472,0.10459485817613096,339.32217718953228,0.074438444607805562,0.050000000000000003,0.0037219222303902784,0.43491445787574079,-0.035623803304176728,99,0,False,-0.2288510246143601,0.23629486907514066,0.89232732483908062,False,False,P3
2013-12-31,BND,6,2014-06-30,2014-06-30,5,-0.068016739484255573,0.015290638991830507,-0.040334358962946897,10000,-0.00012779137376042334,0.050000000000000003,-6.389568688021167e-06,0.7228147248090514,0.021777268276712235,75,1,False,-0.10531955277341752,0.10530677363604148,,False,True,P3
2013-12-31,DBC,6,2014-06-30,2014-06-30,5,-0.063666622880501511,0.042169317407664553,0.21267168491440011,75.431200633546069,0.13890035398301478,0.050000000000000003,0.0069450176991507394,0.43267041983139054,0.0031868623490869559,89,1,False,-0.28896934197006918,0.30285937736837065,0.99492731295519765,False,False,P3
2013-12-31,GLD,6,2014-06-30,2014-06-30,5,-0.11069214052644127,-0.12162193026504114,0.14156856968991455,35.564803062231285,-0.0048334831275300971,0.050000000000000003,-0.00024167415637650486,0.55625888032623116,-0.03460588503377568,104,0,False,-0.39591599108693437,0.39543264277418139,0.41053525421565507,False,False,P3
2013-12-31,VDE,6,2014-06-30,2014-06-30,5,-0.16699636159794318,0.017312449698001584,0.15258185909473848,339.32217718953228,0.052131334281759659,0.050000000000000003,0.002606566714087983,0.74259601827907429,-0.032233533233055271,105,0,False,-0.1954458989164389,0.20065903234461488,0.53220828073758764,False,False,P3
2013-12-31,VWO,6,2014-06-30,2014-06-30,5,-0.10453980420936515,0.053110605365028214,0.16995081605802484,339.32217718953228,0.11889631525626376,0.050000000000000003,0.0059448157628131885,0.43696002000466488,-0.035245494885886804,100,0,False,-0.22657719520788028,0.23846682673350666,0.89608355817122531,False,False,P3
2014-01-31,BND,6,2014-07-31,2014-07-31,5,0.016830375365321393,0.017055622109351878,-0.00089939630361088308,10000,0.011234133931954271,0.050000000000000003,0.00056170669659771357,0.67577375619984104,0.020337350398310573,76,1,False,-0.10475145650813178,0.10587486990132722,,False,True,P3
2014-01-31,DBC,6,2014-07-31,2014-07-31,5,0.0083215268054304126,0.17630914580321932,0.20532831290072229,75.431200633546069,0.19204013107669601,0.050000000000000003,0.0096020065538348007,0.45791051753410555,0.0027893696054159083,90,1,False,-0.27762508266650926,0.29682909577417887,0.96967299838475951,False,False,P3
2014-01-31,GLD,6,2014-07-31,2014-07-31,5,-0.0065949318848497196,0.086079767782400535,0.062720603239923498,35.564803062231285,0.075749232727419763,0.050000000000000003,0.0037874616363709882,0.55775237439697833,-0.034301374131172846,105,0,False,-0.35323239957554775,0.36080732284828976,0.24836593590543873,False,False,P3
2014-01-31,VDE,6,2014-07-31,2014-07-31,5,-0.16901435004788756,0.056501498864138945,0.13599517853005016,339.32217718953228,0.07712990073907508,0.050000000000000003,0.003856495036953754,0.74050261653968852,-0.032722532460627389,106,0,False,-0.19414906563465445,0.20186205570856197,0.45833748533517166,False,False,P3
2014-01-31,VWO,6,2014-07-31,2014-07-31,5,-0.16574585754803861,0.088702319572180638,0.17235053122881464,339.32217718953228,0.13637803719502956,0.050000000000000003,0.006818901859751478,0.43004498627475612,-0.035127640631068394,101,0,False,-0.21746822658111858,0.23110603030062155,0.88270033967471495,False,False,P3
2014-02-28,BND,6,2014-08-29,2014-08-29,5,-0.0048417650304533044,0.016564083049650114,-0.014404342455508149,10000,0.0074714547837368157,0.050000000000000003,0.00037357273918684083,0.70639035993616195,0.019884361126387827,77,1,False,-0.10493959046554266,0.10568673594391634,,False,True,P3
2014-02-28,DBC,6,2014-08-29,2014-08-29,5,0.063738692597258062,0.12956473106280772,0.24509883557131384,75.431200633546069,0.19093748949971373,0.050000000000000003,0.0095468744749856865,0.46879097996221997,0.0031557991419242982,91,1,False,-0.27764005374146555,0.29673380269143695,0.97647466968452945,False,False,P3
2014-02-28,GLD,6,2014-08-29,2014-08-29,5,0.051103953018957093,0.042054378822302112,0.023509828288636563,35.564803062231285,0.033791115489741008,0.050000000000000003,0.0016895557744870506,0.55441015852284592,-0.033333882822018733,106,0,False,-0.35513503807170332,0.3585141496206774,0.34424563402893632,False,False,P3
2014-02-28,VDE,6,2014-08-29,2014-08-29,5,-0.11380507765063852,0.045702938679684224,0.15926685267830548,339.32217718953228,0.07591723541533503,0.050000000000000003,0.0037958617707667518,0.73394456327018087,-0.033144490800659718,107,0,False,-0.17185306973964837,0.17944479328118185,0.42636020989354012,False,False,P3
2014-02-28,VWO,6,2014-08-29,2014-08-29,5,-0.16014501164003891,0.076111216568896439,0.17630211305915192,339.32217718953228,0.13414888544204834,0.050000000000000003,0.0067074442721024169,0.42072911904928795,-0.035066562870133919,102,0,False,-0.21754309956113943,0.23095798810534429,0.86536707810308655,False,False,P3
2014-03-31,BND,6,2014-09-30,2014-09-30,6,0.040370512285731408,0.12174974803992394,0.08312354311482438,0.0001,0.10891913549660356,0.050000000000000003,0.0054459567748301784,0.66782621880144966,0.01828072505529766,78,1,False,-0.098598994107738799,0.10949090765739915,,False,True,P3
2014-03-31,DBC,6,2014-09-30,2014-09-30,6,0.16309529810930201,0.24686334003761087,0.2285928870846701,16.768329368110066,0.23779752667781462,0.050000000000000003,0.011889876333890732,0.50379920064669037,0.0020639034500479795,92,1,False,-0.22964793367132169,0.25342768633910318,0.88782167692370451,False,False,P3
2014-03-31,GLD,6,2014-09-30,2014-09-30,6,0.12193004446544264,0.11809398546701962,0.076139156671132399,0.18420699693267145,0.098926980385430727,0.050000000000000003,0.0049463490192715367,0.54315139325588657,-0.03351457369774611,107,0,False,-0.33680513551169933,0.34669783355024242,0.38457065163657894,False,False,P3
2014-03-31,VDE,6,2014-09-30,2014-09-30,6,0.024637783700070193,0.14192505286030321,0.14818526997771064,51.794746792312019,0.14358201834153556,0.050000000000000003,0.0071791009170767781,0.73531820859296781,-0.034443054288999179,108,0,False,-0.17043184632769612,0.18479004816184966,0.26002000082418558,False,False,P3
2014-03-31,VWO,6,2014-09-30,2014-09-30,6,-0.015073778779815639,0.26735794283449971,0.19295050175218734,0.0001,0.22537149835039774,0.050000000000000003,0.011268574917519888,0.43572250472026131,-0.035591668236617774,103,0,False,-0.20094871650171042,0.22348586633675022,0.76203348246819802,False,False,P3
2014-04-30,BND,6,2014-10-31,2014-10-31,6,0.089099354532733654,0.072733130982694849,0.059158329981573665,0.0001,0.067409120940768244,0.050000000000000003,0.0033704560470384122,0.60780198240203442,0.017054663532560375,79,1,False,-0.10064807374548555,0.10738898583956237,,False,True,P3
2014-04-30,DBC,6,2014-10-31,2014-10-31,6,0.27008514313313869,0.26632527522231486,0.21174590712721494,16.768329368110066,0.24046557467051743,0.050000000000000003,0.012023278733525872,0.52620007423429493,0.0010550960775362178,93,1,False,-0.22908447920320854,0.25313103667026027,0.56250340921486841,False,False,P3
2014-04-30,GLD,6,2014-10-31,2014-10-31,6,0.21194008122776431,0.084738229765827761,0.083439301437102945,0.18420699693267145,0.084134213976720745,0.050000000000000003,0.0042067106988360374,0.53498913238731938,-0.033442621841481251,108,0,False,-0.33748822121369071,0.3459016426113628,0.39769706534342453,False,False,P3
2014-04-30,VDE,6,2014-10-31,2014-10-31,6,0.17044231700314461,0.15777417971843677,0.13368561064352844,51.794746792312019,0.15139922137481998,0.050000000000000003,0.0075699610687409991,0.73535338177238507,-0.03557357622877081,109,0,False,-0.16521225827550845,0.18035218041299045,0.20395644764187434,False,False,P3
2014-04-30,VWO,6,2014-10-31,2014-10-31,6,0.035356267948500442,0.30335465638790043,0.20929874049714639,0.0001,0.25179804812489265,0.050000000000000003,0.012589902406244633,0.45185151008586444,-0.035563919962911181,104,0,False,-0.19956144971735587,0.22474125452984514,0.52045860380327869,False,False,P3
2014-05-30,BND,6,2014-11-28,2014-11-28,6,0.069000587370568134,-0.00096163566222949581,0.051941535137635685,0.0001,0.021150901739749234,0.050000000000000003,0.0010575450869874617,0.58201867548485231,0.015609167886237724,80,1,False,-0.10294043496883483,0.10505552514280976,,False,True,P3
2014-05-30,DBC,6,2014-11-28,2014-11-28,6,0.30381460035126473,0.23620161886933982,0.21010929629421723,16.768329368110066,0.2243875369500693,0.050000000000000003,0.011219376847503466,0.5472199960254025,0.00010685758063492351,94,1,False,-0.21355094304692496,0.23598969674193188,0.44131971039981926,False,False,P3
2014-05-30,GLD,6,2014-11-28,2014-11-28,6,0.15737982311287058,0.0095997601397392225,0.11040893917311791,0.18420699693267145,0.057196342371701965,0.050000000000000003,0.0028598171185850985,0.52785467862799329,-0.033736342819443856,109,0,False,-0.33261679030853758,0.33833642454570773,0.45675050323953753,False,False,P3
2014-05-30,VDE,6,2014-11-28,2014-11-28,6,0.25228965636406442,0.14946434447921575,0.15837979128958463,51.794746792312019,0.15183059875297897,0.050000000000000003,0.0075915299376489486,0.73458937907506716,-0.036894585166218755,110,0,False,-0.17639776677211749,0.19158082664741538,0.1813838209002597,False,False,P3
2014-05-30,VWO,6,2014-11-28,2014-11-28,6,0.069435017344225081,0.28346786149797049,0.20443196079219556,0.0001,0.24105001539103313,0.050000000000000003,0.012052500769551657,0.46330913258210032,-0.036116409861243773,105,0,False,-0.19156216882585683,0.21566717036496016,0.38973879093256836,False,False,P3
2014-06-30,BND,6,2014-12-31,2014-12-31,6,0.052622394938154349,-0.015327610938192272,0.010271577351947557,0.0001,-0.0038050752648102286,0.050000000000000003,-0.00019025376324051144,0.54988667832799065,0.01457674927672546,81,1,False,-0.10329960538465874,0.10291909785817771,,False,True,P3
2014-06-30,DBC,6,2014-12-31,2014-12-31,6,0.36658689790723964,0.2204215810336366,0.17982355330202732,16.768329368110066,0.20278191658788655,0.050000000000000003,0.010139095829394328,0.56550439931800023,-0.00056444221369282848,95,0,False,-0.21457422267390799,0.23485241433269663,0.3049968397938102,False,False,P3
2014-06-30,GLD,6,2014-12-31,2014-12-31,6,0.16267914588328747,0.0082632069647080378,0.093018221917129232,0.18420699693267145,0.047068083765720421,0.050000000000000003,0.0023534041882860212,0.54215243991407214,-0.034435940980416559,110,0,False,-0.33200255958719893,0.33670936796377093,0.40213103748405948,False,False,P3
2014-06-30,VDE,6,2014-12-31,2014-12-31,6,0.26760164753706051,0.1355425276343008,0.15837979128958463,51.794746792312019,0.14158214721983162,0.050000000000000003,0.0070791073609915815,0.73553663535633651,-0.038066673242180236,111,0,False,-0.17685865618401983,0.19101687090600297,0.16779083093828531,False,False,P3
2014-06-30,VWO,6,2014-12-31,2014-12-31,6,0.12891974344561663,0.2630324334787783,0.18590566137804454,0.0001,0.22294478590739242,0.050000000000000003,0.011147239295369621,0.4802369335640268,-0.03676191358150907,106,0,False,-0.16533308039200134,0.18762755898274058,0.27814040961059483,False,False,P3
2014-07-31,BND,6,2015-01-30,2015-01-30,6,0.030804202815141624,0.078128077487470471,0.0079922958042286524,0.0001,0.047134141196750329,0.050000000000000003,0.0023567070598375164,0.55808667777169996,0.014604232521708336,82,1,False,-0.10073618477656274,0.10544959889623776,,False,True,P3
2014-07-31,DBC,6,2015-01-30,2015-01-30,6,0.39545099286159224,0.23966439628757835,0.21790498647407647,16.768329368110066,0.2302225022725706,0.050000000000000003,0.011511125113628531,0.56607766038080043,-0.00047188003641029469,96,1,False,-0.20719040924000998,0.23021265946726704,0.49432655481428828,False,False,P3
2014-07-31,GLD,6,2015-01-30,2015-01-30,6,0.091367572179354872,0.086971588598561037,0.093018221917129232,0.18420699693267145,0.089751057670373321,0.050000000000000003,0.0044875528835186659,0.5403278278381799,-0.034185121078654693,111,0,False,-0.32986745994033051,0.33884256570736782,0.26613428805809308,False,False,P3
2014-07-31,VDE,6,2015-01-30,2015-01-30,6,0.31767123077915393,0.13687712026026322,0.17036937604644481,51.794746792312019,0.14589883938274056,0.050000000000000003,0.0072949419691370285,0.73063268177357055,-0.039235848927945481,112,0,False,-0.16855387511933442,0.18314375905760846,0.13114560461595109,False,False,P3
2014-07-31,VWO,6,2015-01-30,2015-01-30,6,0.17026103937254422,0.28574947210670071,0.19162820591346366,0.0001,0.23789487582431876,0.050000000000000003,0.011894743791215939,0.49156446552542787,-0.037967371001757011,107,0,False,-0.16659143923793485,0.19038092682036672,0.16378734174972479,False,False,P3
2014-08-29,BND,6,2015-02-27,2015-02-27,6,0.072215346301668148,0.086979639269587891,0.014118733355693152,0.0001,0.054297989512322085,0.050000000000000003,0.0027148994756161044,0.55145150410443433,0.014369943394573859,83,1,False,-0.095471126444872365,0.10090092539610458,,False,True,P3
2014-08-29,DBC,6,2015-02-27,2015-02-27,6,0.3673848721342694,0.21532524950859103,0.2563317126367668,16.768329368110066,0.23266755026949956,0.050000000000000003,0.011633377513474978,0.57708372198058278,0.00019008462991618324,97,1,False,-0.20702071861876231,0.23028747364571228,0.63132774817089743,False,False,P3
2014-08-29,GLD,6,2015-02-27,2015-02-27,6,0.15548072017168668,0.10402166206752195,0.11655989388198314,0.18420699693267145,0.10977223880277892,0.050000000000000003,0.0054886119401389467,0.5413566425989631,-0.03342361148849745,112,0,False,-0.27510441302505206,0.28608163690532995,0.32471599948381086,False,False,P3
2014-08-29,VDE,6,2015-02-27,2015-02-27,6,0.29377923051332178,0.12023071582468524,0.17197662835466879,51.794746792312019,0.13413362540460527,0.050000000000000003,0.0067066812702302643,0.73132352102469644,-0.039895753606907371,113,0,False,-0.16911256011444661,0.18252592265490716,0.12811931355655784,False,False,P3
2014-08-29,VWO,6,2015-02-27,2015-02-27,6,0.15919059987898121,0.28236602605053301,0.18044235128991878,0.0001,0.23173554133465718,0.050000000000000003,0.01158677706673286,0.50325098820474778,-0.039098645452111475,108,0,False,-0.15884281591845195,0.18201637005191768,0.12509114141846439,False,False,P3
2014-09-30,BND,6,2015-03-31,2015-03-31,7,0.058515058989930591,0.065313060399539324,0.11184815952445544,10000,0.087150282533666037,0.050000000000000003,0.0043575141266833017,0.53073652909800118,0.014679473976611448,84,1,False,-0.093706915176735128,0.10242194343010172,,False,True,P3
2014-09-30,DBC,6,2015-03-31,2015-03-31,7,0.35836409104025613,0.1036270063392844,0.13635108123586037,11.513953993264458,0.11757301025913787,0.050000000000000003,0.005878650512956894,0.57383046078675604,0.00185238272664461,98,1,False,-0.18873524262318395,0.20049254364909772,0.6953557809186296,False,False,P3
2014-09-30,GLD,6,2015-03-31,2015-03-31,7,0.1068243996789584,-0.033167113443112232,0.15750526754369537,0.82864277285468424,0.05382641556082364,0.050000000000000003,0.0026913207780411823,0.54375390628832154,-0.032048800373860813,113,0,False,-0.27748680337245463,0.28286944492853699,0.50432731044477097,False,False,P3
2014-09-30,VDE,6,2015-03-31,2015-03-31,7,0.2620592540534421,0.014485323113274667,0.12570808813507256,10000,0.044874797724326065,0.050000000000000003,0.0022437398862163033,0.72676929399214685,-0.039329669946319847,114,0,False,-0.17093736141489951,0.17542484118733215,0.43396689138513295,False,False,P3
2014-09-30,VWO,6,2015-03-31,2015-03-31,7,0.14156164725645226,0.14197407963092967,0.10367992104332038,11.513953993264458,0.12264438165933618,0.050000000000000003,0.0061322190829668092,0.495231160977958,-0.038878233831264722,109,0,False,-0.16428088613061487,0.17654532429654851,0.3706252837489391,False,False,P3
2014-10-31,BND,6,2015-04-30,2015-04-30,7,0.013894980162948878,0.064881356561415651,-0.040624037247807832,10000,0.015949924867955389,0.050000000000000003,0.00079749624339776946,0.53621867160707581,0.015555001983154062,85,1,False,-0.097162707388246311,0.098757699875041849,,False,True,P3
2014-10-31,DBC,6,2015-04-30,2015-04-30,7,0.23748111241028669,0.00088567712418934075,0.085377343385758642,11.513953993264458,0.0364366211792677,0.050000000000000003,0.0018218310589633851,0.57923727122365243,0.0045618045489324291,99,1,False,-0.22292355072684736,0.22656721284477413,0.6697598291371023,False,False,P3
2014-10-31,GLD,6,2015-04-30,2015-04-30,7,0.04047098201509236,-0.11915950459965502,0.056297443333667964,0.82864277285468424,-0.0390050931975615,0.050000000000000003,-0.0019502546598780751,0.54316764114377658,-0.029908547026478133,114,0,False,-0.25999042178043547,0.2560899124606793,0.61503328284965519,False,False,P3
2014-10-31,VDE,6,2015-04-30,2015-04-30,7,0.1058023353500861,0.013800565487169915,0.062430167993699111,10000,0.027036450090076287,0.050000000000000003,0.0013518225045038145,0.72782248012145956,-0.037505565711976677,115,0,False,-0.17182111415934165,0.17452475916834925,0.49680135318363655,False,False,P3
2014-10-31,VWO,6,2015-04-30,2015-04-30,7,-0.01010479432175182,0.057681037971150102,0.091929252302080128,11.513953993264458,0.075285871669990942,0.050000000000000003,0.0037642935834995474,0.4859634569928023,-0.038203374724175954,110,0,False,-0.1637908940579457,0.17131948122494481,0.61385488705469859,False,False,P3
2014-11-28,BND,6,2015-05-29,2015-05-29,7,0.021818504408631201,0.065026958060626222,-0.032463050070689864,10000,0.017436934610013485,0.050000000000000003,0.00087184673050067429,0.51184716913234418,0.016176462278356552,86,1,False,-0.087757417465296569,0.089501110926297908,,False,True,P3
2014-11-28,DBC,6,2015-05-29,2015-05-29,7,0.16292433306334331,0.043982330137063791,0.076883742846635406,11.513953993264458,0.057779821588481335,0.050000000000000003,0.0028889910794240668,0.58064136718957338,0.0075543325069557521,100,1,False,-0.260300393452426,0.26607837561127418,0.68899592130803922,False,False,P3
2014-11-28,GLD,6,2015-05-29,2015-05-29,7,0.012460882927663341,-0.097150742726615419,0.022774895081108672,0.82864277285468424,-0.041598120174855126,0.050000000000000003,-0.0020799060087427564,0.53677442482459492,-0.028279952503527276,115,0,False,-0.24827550312444216,0.24411569110695666,0.63348200027291846,False,False,P3
2014-11-28,VDE,6,2015-05-29,2015-05-29,7,0.037788978226456327,0.014128324568142676,0.061727793199044013,10000,0.027310811424823618,0.050000000000000003,0.001365540571241181,0.72305390720007046,-0.035007331038907352,116,0,False,-0.18272484042323711,0.18545592156571949,0.51287434995012471,False,False,P3
2014-11-28,VWO,6,2015-05-29,2015-05-29,7,0.020017814051038529,0.093228383906594839,0.072485265372307678,11.513953993264458,0.082416031376664756,0.050000000000000003,0.0041208015688332378,0.47874990387496907,-0.037233659480316483,111,0,False,-0.15944549390435014,0.16768709704201662,0.64037254969415514,False,False,P3
2014-12-31,BND,6,2015-06-30,2015-06-30,7,0.080502162255515763,0.065100586717139461,0.034815378223347772,10000,0.049978172190435134,0.10000000000000001,0.0049978172190435141,0.50066665283799061,0.016595381044561125,87,1,False,-0.08345017411987235,0.093445808557959392,,False,True,P3
2014-12-31,DBC,6,2015-06-30,2015-06-30,7,0.13423580277786407,0.047090718155422609,0.09419893895911545,11.513953993264458,0.066780494868843479,0.10000000000000001,0.0066780494868843481,0.58203098360536298,0.011109110382206088,101,1,False,-0.28524353827130072,0.29859963724506938,0.70300839579393359,False,False,P3
2014-12-31,GLD,6,2015-06-30,2015-06-30,7,0.095994576432066769,-0.13025926032687743,0.081793269554671463,0.82864277285468424,-0.03089029560539551,0.10000000000000001,-0.0030890295605395511,0.53139458049857391,-0.026633753379503012,116,0,False,-0.24920178518372035,0.24302372606264125,0.64635554852478883,False,False,P3
2014-12-31,VDE,6,2015-06-30,2015-06-30,7,0.11678950370315144,0.014256184584563404,0.094863621673211496,10000,0.037115570667938198,0.10000000000000001,0.0037115570667938199,0.71641095525422582,-0.032420929512617033,117,0,False,-0.21881599373786792,0.22623910787145557,0.5256283659126807,False,False,P3
2014-12-31,VWO,6,2015-06-30,2015-06-30,7,0.034552967687867531,0.092563968475455324,0.084547479869777606,11.513953993264458,0.088329473406088571,0.10000000000000001,0.0088329473406088578,0.47177682428592865,-0.035750146954192076,112,0,False,-0.15470501916327317,0.17237091384449088,0.6590405330353305,False,False,P3
2015-01-30,BND,6,2015-07-31,2015-07-31,7,0.22461693392553495,0.065429602411554433,0.071823982718484586,10000,0.068685941065434894,0.25,0.017171485266358723,0.49074992453119115,0.016756844928317725,88,1,False,-0.068368686442360924,0.10271165697507838,,False,True,P3
2015-01-30,DBC,6,2015-07-31,2015-07-31,7,0.30239382758863897,0.035574232598190765,0.16182680650790043,11.513953993264458,0.088415961897870224,0.25,0.022103990474467556,0.58146018205165817,0.01487716805357262,102,1,False,-0.30139543275503228,0.34560341370396735,0.73206850222944309,False,False,P3
2015-01-30,GLD,6,2015-07-31,2015-07-31,7,0.35643706720819746,-0.065064339393443027,0.17969328335117532,0.82864277285468424,0.049671975368589805,0.25,0.012417993842147451,0.53122475420612569,-0.025625195041393115,117,0,False,-0.22290867342409854,0.24774466110839344,0.669504221954627,False,False,P3
2015-01-30,VDE,6,2015-07-31,2015-07-31,7,0.28532453737498897,0.014078345138913016,0.074014728533874974,10000,0.031606027777703903,0.25,0.0079015069444259758,0.70756189069185293,-0.029454046798279992,118,0,False,-0.23756854210392378,0.25337155599277572,0.53600635807179142,False,False,P3
2015-01-30,VWO,6,2015-07-31,2015-07-31,7,0.23631108608304485,0.11230667688602214,0.15894377990987676,11.513953993264458,0.13733748005939234,0.25,0.034334370014848084,0.46328563417485263,-0.033927039110592638,113,0,False,-0.12512302928154867,0.19379176931124481,0.63982948151568753,False,False,P3
2015-02-27,BND,6,2015-08-31,2015-08-31,7,0.13389313709191508,0.065638359041024844,0.22667776414487043,10000,0.14486786036023583,0.29999999999999999,0.043460358108070744,0.50801171136890289,0.017379974157231772,89,1,False,-0.037067904464250713,0.12398862068039221,,False,True,P3
2015-02-27,DBC,6,2015-08-31,2015-08-31,7,0.28443169110578548,0.025736830492615437,0.24870590763182193,11.513953993264458,0.12040499888897788,0.29999999999999999,0.036121499666693362,0.57542019005057732,0.018299572947559968,103,1,False,-0.3214692634116571,0.39371226274504384,0.77461476642025362,False,False,P3
2015-02-27,GLD,6,2015-08-31,2015-08-31,7,0.19180150042123434,-0.017315810909217362,0.33066823512855686,0.82864277285468424,0.146118214044688,0.29999999999999999,0.043835464213406401,0.53034046584950534,-0.024090399149756844,118,0,False,-0.17099020089155753,0.25866112931837032,0.72110101140705174,False,False,P3
2015-02-27,VDE,6,2015-08-31,2015-08-31,7,0.29641556894879606,0.014203902617636094,0.099630766567715939,10000,0.039984846193477579,0.29999999999999999,0.011995453858043273,0.69821034761492728,-0.026737800770451403,119,0,False,-0.29838083495197359,0.32237174266806018,0.55136481183437347,False,False,P3
2015-02-27,VWO,6,2015-08-31,2015-08-31,7,0.29038411755581606,0.091659482165834527,0.16513390640517983,11.513953993264458,0.13175184037667617,0.29999999999999999,0.039525552113002849,0.45433586413362698,-0.032233024733491107,114,0,False,-0.11115326291898261,0.19020436714498831,0.67043846986928279,False,False,P3
2015-03-31,BND,6,2015-09-30,2015-09-30,8,0.14266612343861773,0.045838495665095735,0.068561796844350834,159.98587196060572,0.056617405040016826,0.40000000000000002,0.02264696201600673,0.5256450948790159,0.017837030655372871,90,1,False,-0.057751477583174601,0.10304540161518806,,False,True,P3
2015-03-31,DBC,6,2015-09-30,2015-09-30,8,0.25282583875028697,-0.094660186775760158,0.23531474290941562,5.4286754393238592,0.047542072101795813,0.40000000000000002,0.019016828840718328,0.56905132455599261,0.021569424083066661,104,1,False,-0.33679112314145859,0.37482478082289522,0.69332870017383141,False,False,P3
2015-03-31,GLD,6,2015-09-30,2015-09-30,8,0.18029355463754893,-0.033526995035694916,0.25702542375384363,5.4286754393238592,0.10450773453139485,0.40000000000000002,0.041803093812557944,0.52492314418805397,-0.022990274789851675,119,0,False,-0.1639295015906036,0.2475356892157195,0.73329119510108243,False,False,P3
2015-03-31,VDE,6,2015-09-30,2015-09-30,8,0.32020516687159351,-0.011657334519950475,0.08603233098068587,10000,0.019299120475338476,0.40000000000000002,0.0077196481901353909,0.6831143311153286,-0.024331158646918961,120,0,False,-0.27989484848474494,0.29533414486501569,0.54596438168439909,False,False,P3
2015-03-31,VWO,6,2015-09-30,2015-09-30,8,0.30008663919744016,0.054102902493058644,0.16186564257473327,7.9060432109076855,0.1125152852766369,0.40000000000000002,0.045006114110654763,0.45795380908738159,-0.030721766716187253,115,0,False,-0.094103945000131126,0.18411617322144064,0.69269087951856634,False,False,P3
2015-04-30,BND,6,2015-10-30,2015-10-30,8,0.24080313908503836,0.043947734440458824,0.083004830330602755,159.98587196060572,0.062462811733327107,0.40000000000000002,0.024985124693330845,0.52594843853865303,0.017793711419192389,91,1,False,-0.04930591934152477,0.099276168728186467,0.85165357633073968,False,False,P3
2015-04-30,DBC,6,2015-10-30,2015-10-30,8,0.3889881691073056,-0.10092250622070803,0.21168455675089329,5.4286754393238592,0.036913551266047166,0.40000000000000002,0.014765420506418866,0.55907567738072228,0.023625725876659232,105,1,False,-0.34104104575572164,0.3705718867685594,0.68975080040938785,False,False,P3
2015-04-30,GLD,6,2015-10-30,2015-10-30,8,0.26660377675387292,-0.053780087570964509,0.23052066237355529,5.4286754393238592,0.083662924868553201,0.40000000000000002,0.033465169947421283,0.51655768594933649,-0.022461430983143807,120,0,False,-0.17224772085222895,0.23917806074707149,0.73553368036948341,False,False,P3
2015-04-30,VDE,6,2015-10-30,2015-10-30,8,0.39862569818593929,-0.011833512273843296,0.10714268289269036,10000,0.02656972487338979,0.40000000000000002,0.010627889949355917,0.67721915217174977,-0.023255675225456109,121,0,False,-0.27697428973843846,0.29823006963715032,0.56204769975411384,False,False,P3
2015-04-30,VWO,6,2015-10-30,2015-10-30,8,0.43535549320910982,0.039681509711410393,0.15137944762800984,7.9060432109076855,0.099806601291694705,0.40000000000000002,0.039922640516677883,0.46171708536663025,-0.03054403419554557,116,0,False,-0.099103767890987515,0.17894904892434327,0.68161272369821713,False,False,P3
2015-05-29,BND,6,2015-11-30,2015-11-30,8,0.13823566817533073,0.042791399966916353,0.039077814617631226,159.98587196060572,0.041042222660266553,0.40000000000000002,0.016416889064106623,0.52897883254884037,0.017837459169077592,92,1,False,-0.057777473379779676,0.090611251507992929,0.82215522235949523,False,False,P3
2015-05-29,DBC,6,2015-11-30,2015-11-30,8,0.33193485055703198,-0.13131978706333716,0.12839285725418489,5.4286754393238592,-0.015775372455865622,0.40000000000000002,-0.0063101489823462493,0.55510670298282394,0.024939863680307196,106,1,False,-0.35913056941667065,0.3465102714519781,0.62625577648246789,False,False,P3
2015-05-29,GLD,6,2015-11-30,2015-11-30,8,0.2508794695549984,-0.068748513491617952,0.11393232025315291,5.4286754393238592,0.020605424305440205,0.40000000000000002,0.0082421697221760817,0.51087404209082299,-0.022172816818591682,121,0,False,-0.19519101726904425,0.21167535671339643,0.72040880174232302,False,False,P3
2015-05-29,VDE,6,2015-11-30,2015-11-30,8,0.27499604996297344,-0.011837303954660972,0.08676881856935767,10000,0.020056877459579413,0.40000000000000002,0.0080227509838317664,0.67654968476758059,-0.022755309213555189,122,0,False,-0.25367978959521592,0.26972529156287944,0.56727275656655796,False,False,P3
2015-05-29,VWO,6,2015-11-30,2015-11-30,8,0.31680547429583028,0.035335945527627158,0.10001508418238517,7.9060432109076855,0.070244208857193374,0.40000000000000002,0.028097683542877352,0.46028558735300579,-0.030111881646429469,117,0,False,-0.10623317618939095,0.16242854327514566,0.70547957406745787,False,False,P3
2015-06-30,BND,6,2015-12-31,2015-12-31,8,0.10979512004855208,0.026961995644316762,-0.001635568065487474,159.98587196060572,0.013774733965982042,0.40000000000000002,0.0055098935863928172,0.53886765277792981,0.018511273180759725,93,1,False,-0.070808131782957015,0.081827918955742637,0.75899911253112495,False,False,P3
2015-06-30,DBC,6,2015-12-31,2015-12-31,8,0.36807909604519762,-0.23114881104969126,0.13728463987099609,5.4286754393238592,-0.06549521571536196,0.40000000000000002,-0.026198086286144784,0.55038394336786334,0.025961321055050716,107,1,False,-0.37901013222279356,0.32661395965050399,0.56081301044530241,False,False,P3
2015-06-30,GLD,6,2015-12-31,2015-12-31,8,0.22149542842687286,-0.14874854037962337,0.1021602494887988,5.4286754393238592,-0.023038898162555197,0.40000000000000002,-0.0092155592650220788,0.49898270888400947,-0.021204231628012517,122,0,False,-0.21132147416686084,0.1928903556368167,0.7106020241909029,False,False,P3
2015-06-30,VDE,6,2015-12-31,2015-12-31,8,0.33224392579817208,-0.012128709192537461,0.081303520156237818,10000,0.018853269223593452,0.40000000000000002,0.007541307689437381,0.66840159298267865,-0.021620798539435621,123,0,False,-0.25413558070693698,0.26921819608581177,0.57551414927260192,False,False,P3
2015-06-30,VWO,6,2015-12-31,2015-12-31,8,0.3150798405095443,-0.0051922969215108319,0.089015516021856658,7.9060432109076855,0.045684212191992854,0.40000000000000002,0.018273684876797144,0.45995446105847054,-0.029563874448681193,118,0,False,-0.11544944162459564,0.15199681137818993,0.72474099125586111,False,False,P3
2015-07-31,BND,6,2016-01-29,2016-01-29,8,0.01240819892785483,0.011993280433697254,-0.024731096048631426,159.98587196060572,-0.0051544209373061943,0.40000000000000002,-0.0020617683749224779,0.53307031967568708,0.020703886592938182,94,1,False,-0.08759305077892951,0.083469514029084563,0.69899157851367211,False,False,P3
2015-07-31,DBC,6,2016-01-29,2016-01-29,8,0.21212989692870465,-0.29345432356924633,0.055558406392610796,5.4286754393238592,-0.13220612402715445,0.40000000000000002,-0.052882449610861783,0.5379876270996925,0.02852088130073209,108,1,False,-0.39054548842074877,0.28478058919902516,0.45819246521880619,False,False,P3
2015-07-31,GLD,6,2016-01-29,2016-01-29,8,0.0053468588739096212,-0.17340685224246333,0.027543739174352485,5.4286754393238592,-0.070096851697101822,0.40000000000000002,-0.02803874067884073,0.48589352329362501,-0.018133977165929509,123,0,False,-0.24263805595691001,0.18656057459922853,0.69493593465764503,False,False,P3
2015-07-31,VDE,6,2016-01-29,2016-01-29,8,0.18205000469054933,-0.012615042381699334,0.0075507482287472975,10000,-0.0057064472295441145,0.40000000000000002,-0.0022825788918176457,0.65741015139885917,-0.019145432927222518,124,0,False,-0.31265886770183454,0.30809370991819923,0.56664694885529854,False,False,P3
2015-07-31,VWO,6,2016-01-29,2016-01-29,8,0.20500120979274106,-0.063846198187575781,0.074955473435308909,7.9060432109076855,0.011580754633094487,0.40000000000000002,0.0046323018532377948,0.45658469427082615,-0.027329631082868368,119,0,False,-0.14594837512918163,0.15521297883565721,0.74493171790369861,False,False,P3
2015-08-31,BND,6,2016-02-29,2016-02-29,8,0.077602064870867071,-0.0097733539039498926,0.097670457590656332,159.98587196060572,0.039781334316468644,0.5,0.019890667158234322,0.53878508653887225,0.021895352387664255,95,1,False,-0.067014201451998184,0.10679553576846684,0.8483863305219379,False,False,P3
2015-08-31,DBC,6,2016-02-29,2016-02-29,8,0.27712167015913447,-0.43514998659869591,0.2097452262866018,5.4286754393238592,-0.12471931778435819,0.5,-0.062359658892179093,0.51863393833324745,0.030868686895273865,109,1,False,-0.3999736818233709,0.27525436403901271,0.46119318596341008,False,False,P3
2015-08-31,GLD,6,2016-02-29,2016-02-29,8,0.021554331494978651,-0.27227345902483852,0.23518528793700971,5.4286754393238592,-0.0096415007618833471,0.5,-0.0048207503809416736,0.48245653496893925,-0.016440949120871733,124,0,False,-0.21052277838634847,0.20088127762446512,0.73508811964242904,False,False,P3
2015-08-31,VDE,6,2016-02-29,2016-02-29,8,0.22082797022739786,-0.01335050352428248,0.030918362764241647,10000,0.0023522554427707156,0.5,0.0011761277213853578,0.64528662503553114,-0.016620944912214369,125,0,False,-0.28638191609601699,0.28873417153878772,0.58051214623123015,False,False,P3
2015-08-31,VWO,6,2016-02-29,2016-02-29,8,0.20001469812866679,-0.1712410112136199,0.068030075581241162,7.9060432109076855,-0.040011471172346984,0.5,-0.020005735586173492,0.45154451463756468,-0.024682016510879326,120,0,False,-0.18354370209005552,0.14353223091770853,0.76707750598546809,False,False,P3
2015-09-30,BND,6,2016-03-31,2016-03-31,9,0.14410752179273167,0.0082844045845950967,0.13928536950781467,232.99518105153672,0.069793655798317963,0.5,0.034896827899158982,0.53046718968998596,0.023153381252778354,96,1,False,-0.062973046816947376,0.13276670261526533,0.91699095188127844,False,False,P3
2015-09-30,DBC,6,2016-03-31,2016-03-31,9,0.28605621584739516,-0.53356275657844621,0.19678908751319163,11.513953993264458,-0.16221990424935814,0.5,-0.081109952124679072,0.49155622001483523,0.03288647918486489,110,1,False,-0.40495445266074848,0.24273454841139031,0.41593184720044296,False,False,P3
2015-09-30,GLD,6,2016-03-31,2016-03-31,9,0.10786905007681558,0.055088028971654816,0.2870324857006693,3237.4575428176399,0.17671453648090438,0.5,0.088357268240452189,0.47562227084672976,-0.014867073090804367,125,0,False,-0.11506554583145819,0.29178008231236258,0.84629151261692859,False,False,P3
2015-09-30,VDE,6,2016-03-31,2016-03-31,9,0.15748675125643241,-0.54138259166981728,0.12835522433167793,16.768329368110066,-0.29504202144543423,0.5,-0.14752101072271712,0.63218357342415155,-0.01394772180281907,126,0,False,-0.46000652940417525,0.16496450795874101,0.37761840179922446,False,False,P3
2015-09-30,VMBS,6,2016-03-31,2016-03-31,9,0.15295580985304502,0.023505337733479667,0.11082543775588863,339.32217718953228,0.067165387744684141,0.5,0.03358269387234207,0.5,0.053156553894716262,64,1,False,,,,True,True,P3
2015-09-30,VWO,6,2016-03-31,2016-03-31,9,0.12617592949877454,-0.042688324885428112,0.15280150812120463,109.85411419875572,0.065957966003914542,0.5,0.032978983001957271,0.44423559415667208,-0.021997978033951066,121,0,False,-0.14558821654060961,0.21154618254452412,0.73386331045549902,False,False,P3
2015-10-30,BND,6,2016-04-29,2016-04-29,9,-0.015915026060930426,0.021435653952353716,0.006098290669395815,232.99518105153672,0.014037058759162354,0.5,0.0070185293795811772,0.51760970535187723,0.025397193189193406,97,1,False,-0.097042680635323189,0.11107973939448555,0.78895644811676158,False,False,P3
2015-10-30,DBC,6,2016-04-29,2016-04-29,9,0.052759598646480277,-0.38971644238096265,0.033005413368003854,11.513953993264458,-0.16489500011392819,0.5,-0.082447500056964093,0.46815751490137114,0.036094602517499498,111,1,False,-0.43826229535567224,0.27336729524174402,0.43296099037223268,False,False,P3
2015-10-30,GLD,6,2016-04-29,2016-04-29,9,-0.11931990248512259,0.057468358003239503,0.27050944528568377,3237.4575428176399,0.17216239463611729,0.5,0.086081197318058647,0.46163419415514229,-0.012633177457116453,126,0,False,-0.14662657759495812,0.31878897223107544,0.85726212664019619,False,False,P3
2015-10-30,VDE,6,2016-04-29,2016-04-29,9,-0.0055527179300820517,-0.35764426195556209,-0.099568693484673079,16.768329368110066,-0.25890631800727448,0.5,-0.12945315900363724,0.61740685283262187,-0.010699112196608374,127,0,False,-0.51745096724022055,0.25854464923294612,0.41565250320893976,False,False,P3
2015-10-30,VMBS,6,2016-04-29,2016-04-29,9,-0.0064417503071541038,0.030737335792878056,0.045708485121139147,339.32217718953228,0.038222910457008603,0.5,0.019111455228504302,0.5,0.055901840974295368,65,1,False,,,,True,True,P3
2015-10-30,VWO,6,2016-04-29,2016-04-29,9,0.0027943924472966231,0.00093198918115755536,0.074759447499446893,109.85411419875572,0.042384194250630551,0.5,0.021192097125315276,0.4385259087376166,-0.018249179089335814,122,1,False,-0.19100831383423372,0.23339250808486428,0.74698411634154083,False,False,P3
2015-11-30,BND,6,2016-05-31,2016-05-31,9,0.068327331400474201,0.015776903799905803,0.084482923915094682,232.99518105153672,0.048915199694659517,0.5,0.024457599847329758,0.51767987959139816,0.026548606199256034,98,1,False,-0.095761519096238257,0.14467671879089777,0.89374024687926967,False,False,P3
2015-11-30,DBC,6,2016-05-31,2016-05-31,9,0.062397927746934201,-0.35407520101779133,0.069514214421010925,11.513953993264458,-0.12149261563942616,0.5,-0.060746307819713082,0.45092446387634694,0.038736033303566744,112,1,False,-0.41359464324628953,0.29210202760686338,0.54700831129936456,False,False,P3
2015-11-30,GLD,6,2016-05-31,2016-05-31,9,-0.043113432352661185,0.055854720600768959,0.29265372901929726,3237.4575428176399,0.18527412165394708,0.5,0.092637060826973538,0.453463078593484,-0.010558274724737596,127,0,False,-0.15005780078987971,0.33533192244382681,0.87218803867199313,False,False,P3
2015-11-30,VDE,6,2016-05-31,2016-05-31,9,0.087127097917405916,-0.37838148135813249,-0.10333831200751208,16.768329368110066,-0.27026844302726188,0.5,-0.13513422151363094,0.60692338375053434,-0.0084671187422366411,128,0,False,-0.52313202975021433,0.25286358672295239,0.42616696522564623,False,False,P3
2015-11-30,VMBS,6,2016-05-31,2016-05-31,9,0.074341481315624014,0.027512411993025183,0.10235186491644363,339.32217718953228,0.064932138454734403,0.5,0.032466069227367202,0.5,0.057110029581720387,66,1,False,,,,True,True,P3
2015-11-30,VWO,6,2016-05-31,2016-05-31,9,0.10052886897366986,-0.023599316480320633,0.068197660299986571,109.85411419875572,0.028174277962719128,0.5,0.014087138981359564,0.43599891566204041,-0.015525157517098691,123,1,False,-0.23070438280617778,0.25887866076889693,0.75638857394603665,False,False,P3
2015-12-31,BND,6,2016-06-30,2016-06-30,9,-0.022414284328777567,0.027619082021614918,0.15251838620714314,232.99518105153672,0.087123899037988825,0.5,0.043561949518994413,0.52357767399581245,0.027389480076521651,99,1,False,-0.076650028084539412,0.16377392712252825,0.95562473870687792,False,False,P3
2015-12-31,DBC,6,2016-06-30,2016-06-30,9,-0.098961433257259035,-0.32524933622612534,0.12054748313074928,11.513953993264458,-0.070579134518812869,0.5,-0.035289567259406435,0.42873033038972663,0.041650573681811263,113,1,False,-0.4096948170441661,0.33911568252535318,0.66319995835128864,False,False,P3
2015-12-31,GLD,6,2016-06-30,2016-06-30,9,-0.21742571699020719,0.058038172712997597,0.32074184004400508,3237.4575428176399,0.20450166859404129,0.5,0.10225083429702064,0.44247639414755785,-0.0087453551688656365,128,0,False,-0.14044292036244738,0.34494458895648866,0.8861700594495564,False,False,P3
2015-12-31,VDE,6,2016-06-30,2016-06-30,9,-0.10704557158169736,-0.34203312717611362,0.053327551407187652,16.768329368110066,-0.1825512257551008,0.5,-0.091275612877550399,0.59661668430840054,-0.0058259478543264956,129,0,False,-0.47927342111413374,0.29672219535903299,0.50067748686340574,False,False,P3
2015-12-31,VMBS,6,2016-06-30,2016-06-30,9,-0.0033007501656627802,0.036533179606715677,0.12139743857038264,339.32217718953228,0.078965309088549152,0.5,0.039482654544274576,0.5,0.057872005410554449,67,1,False,,,,True,True,P3
2015-12-31,VWO,6,2016-06-30,2016-06-30,9,-0.0074197667340689666,-0.0061415633492686306,0.12677388876165149,109.85411419875572,0.069383985717888619,0.5,0.034691992858944309,0.43177751068303216,-0.012858988178174151,124,1,False,-0.22947351294200496,0.29885749865989358,0.74831540902325855,False,False,P3
2016-01-29,BND,6,2016-07-29,2016-07-29,9,0.021576543086043287,0.012195344311332137,0.19049697833073506,232.99518105153672,0.095659068856070381,0.5,0.047829534428035191,0.53189590771974837,0.027239667265034982,100,1,False,-0.059512042323988303,0.15517111118005869,0.96616849844725827,False,False,P3
2016-01-29,DBC,6,2016-07-29,2016-07-29,9,-0.047482500850779319,-0.47749974881667956,0.22296380375407454,11.513953993264458,-0.063777677897474461,0.5,-0.03188883894873723,0.40935960279330186,0.043146006341871733,114,1,False,-0.38984940243279881,0.32607172453532435,0.71994024728103478,False,False,P3
2016-01-29,GLD,6,2016-07-29,2016-07-29,9,-0.13610473454028016,0.053816241003155935,0.37397772310774874,3237.4575428176399,0.23452111722282931,0.5,0.11726055861141466,0.4355820849160133,-0.0086361131995417971,129,0,False,-0.11820791629584496,0.35272903351867424,0.89937048929865848,False,False,P3
2016-01-29,VDE,6,2016-07-29,2016-07-29,9,-0.11216247522633682,-0.49952870736400834,0.14960464160563933,16.768329368110066,-0.23534584085449281,0.5,-0.11767292042724641,0.59302219346942187,-0.0043807482193659103,130,0,False,-0.44356978740631781,0.20822394655182497,0.50328568939717533,False,False,P3
2016-01-29,VMBS,6,2016-07-29,2016-07-29,9,0.050783822628887032,0.021199627739278817,0.14038086449317852,339.32217718953228,0.080790246116228676,0.5,0.040395123058114338,0.5,0.057141292256466081,68,1,False,,,,True,True,P3
2016-01-29,VWO,6,2016-07-29,2016-07-29,9,-0.141423472073962,-0.031208936704589678,0.21496276416007423,109.85411419875572,0.11057150715280172,0.5,0.055285753576400858,0.42405872259323169,-0.01111610659440683,125,1,False,-0.20045890267090316,0.31103040982370489,0.73772624238122231,False,False,P3
2016-02-29,BND,6,2016-08-31,2016-08-31,9,-0.030818070202628833,0.039316886916001888,0.17610837584375066,232.99518105153672,0.1055418833102028,0.5,0.052770941655101399,0.51586902874359397,0.027738304865092725,101,1,False,-0.054503021312012297,0.1600449046222151,0.97547090537951342,False,False,P3
2016-02-29,DBC,6,2016-08-31,2016-08-31,9,-0.1770475250262884,-0.38532134840372845,0.18986535228006365,11.513953993264458,-0.025750917968724796,0.5,-0.012875458984362398,0.37486310095914943,0.045180577331587063,115,1,False,-0.37080450660579439,0.34505358863706964,0.76372851472080117,False,False,P3
2016-02-29,GLD,6,2016-08-31,2016-08-31,9,-0.072289902188917621,0.058737031235341242,0.3283349376212073,3237.4575428176399,0.21149481247988733,0.5,0.10574740623994366,0.4333866190121326,-0.0084038790095839443,130,0,False,-0.12695993740991651,0.33845474988980384,0.89637151385358049,False,False,P3
2016-02-29,VDE,6,2016-08-31,2016-08-31,9,-0.23144868907792415,-0.38012714794276697,0.041941525421210352,16.768329368110066,-0.20614010265871552,0.5,-0.10307005132935776,0.58777550606317785,-0.00266159769687153,131,0,False,-0.42894480258860818,0.22280469992989266,0.54488318459469676,False,False,P3
2016-02-29,VMBS,6,2016-08-31,2016-08-31,9,-0.012617713427836463,0.044995524598418539,0.11920723480344433,339.32217718953228,0.08210137970093144,0.5,0.04105068985046572,0.5,0.057474058913693116,69,1,False,,,,True,True,P3
2016-02-29,VWO,6,2016-08-31,2016-08-31,9,-0.23296132359214106,-0.0029811111640461532,0.17076964264705818,109.85411419875572,0.099411268347095211,0.5,0.049705634173547605,0.41069389763650327,-0.009440465287080849,126,1,False,-0.20162203789637362,0.30103330624346886,0.74412282204953839,False,False,P3
2016-03-31,BND,6,2016-09-30,2016-09-30,10,-0.12976347312084746,0.045426074933065615,0.10259741361264668,109.85411419875572,0.074779512335525419,0.5,0.03738975616776271,0.48657075240143915,0.028879179540853891,102,1,False,-0.082803561805359249,0.15758307414088465,0.95368544369510178,False,False,P3
2016-03-31,DBC,6,2016-09-30,2016-09-30,10,-0.21943218778882057,-0.20799522531442993,0.15128643819430507,16.768329368110066,0.028836375746952598,0.5,0.014418187873476299,0.34081912572856754,0.047257091456723341,116,1,False,-0.35997588836941352,0.38881226411636616,0.79120909798671568,False,False,P3
2016-03-31,GLD,6,2016-09-30,2016-09-30,10,-0.17511856494588796,0.06452470574930122,0.24438073218290965,339.32217718953228,0.16526244405155338,0.5,0.082631222025776691,0.43989789889282238,-0.0075162993982373829,131,0,False,-0.1485830603533432,0.31384550440489656,0.88591165207908484,False,False,P3
2016-03-31,VDE,6,2016-09-30,2016-09-30,10,-0.25192968884617306,-0.2273362898340078,3.8476617944997434e-05,24.420530945486497,-0.12353893062163522,0.5,-0.06176946531081761,0.54349657689783137,-0.0014483526290434683,132,0,False,-0.37469924215326766,0.25116031153163243,0.68366327443539909,False,False,P3
2016-03-31,VMBS,6,2016-09-30,2016-09-30,10,-0.11817592135030086,0.042292213793447726,0.068138493644501807,109.85411419875572,0.065663026702266744,0.5,0.032831513351133372,0.095776527860124597,0.058838083927112428,70,1,False,,,,True,True,P3
2016-03-31,VOO,6,2016-09-30,2016-09-30,10,-0.17176720151991987,-0.025817812823240811,0.053498524094653804,232.99518105153672,0.013840355635706496,0.5,0.0069201778178532482,0.5,0.0072558617821697497,61,1,False,,,,True,True,P3
2016-03-31,VWO,6,2016-09-30,2016-09-30,10,-0.22880435975733215,0.043021898879785227,0.11181436764524985,339.32217718953228,0.0841215691155561,0.5,0.04206078455777805,0.40255567254182012,-0.0083726196588457674,127,1,False,-0.20925835830074119,0.29337992741629731,0.75499307608086708,False,False,P3
2016-04-29,BND,6,2016-10-31,2016-10-31,10,-0.048420684589805529,0.08339947605943196,0.091825871152040661,109.85411419875572,0.087752416622494403,0.40000000000000002,0.035100966648997763,0.48341603791155302,0.028444284340836568,103,1,False,-0.075460785685704718,0.14566271898370023,0.94985262139641802,False,False,P3
2016-04-29,DBC,6,2016-10-31,2016-10-31,10,-0.074749846415377186,0.056990752699498416,0.077549930901652589,16.768329368110066,0.070917687737089771,0.40000000000000002,0.028367075094835908,0.32259281471999207,0.047304121432704169,117,1,False,-0.34602357459521382,0.4027577247848857,0.80034826706914175,False,False,P3
2016-04-29,GLD,6,2016-10-31,2016-10-31,10,-0.01822852450638679,0.097174043562075721,0.22229936922493757,339.32217718953228,0.16586965599682488,0.40000000000000002,0.066347862398729959,0.45098554532562923,-0.0083632963913198508,132,0,False,-0.14795054160533161,0.28064626640279156,0.81683991356248908,False,False,P3
2016-04-29,VDE,6,2016-10-31,2016-10-31,10,-0.053971537874465736,0.01483888104640773,0.0018331249289990242,24.420530945486497,0.0086877206602146081,0.40000000000000002,0.0034750882640858433,0.52704323142277321,-0.0014792125185249631,133,0,False,-0.30944675539691791,0.31639693192508955,0.63825766729944333,False,False,P3
2016-04-29,VMBS,6,2016-10-31,2016-10-31,10,-0.047537274211049696,0.082377079377299572,0.11330330662826707,109.85411419875572,0.105803545392854,0.40000000000000002,0.042321418157141605,0.24250488669543274,0.05791864964212276,71,1,False,,,,True,True,P3
2016-04-29,VOO,6,2016-10-31,2016-10-31,10,-0.076040277704247594,0.00086159418801042172,0.083866629778872492,232.99518105153672,0.042364111983441456,0.40000000000000002,0.016945644793376582,0.5,0.0072644708840580918,62,1,False,,,,True,True,P3
2016-04-29,VWO,6,2016-10-31,2016-10-31,10,-0.12708527199333475,0.065960888190352646,0.061333797715738513,339.32217718953228,0.063219697417199558,0.40000000000000002,0.025287878966879826,0.4075778746509845,-0.0082853773767665312,128,1,False,-0.21955420151778482,0.2701299594515445,0.76754824293143031,False,False,P3
2016-05-31,BND,6,2016-11-30,2016-11-30,10,0.016309171659666166,0.084064566357112361,0.091176173567192015,109.85411419875572,0.087791876298889182,0.40000000000000002,0.035116750519555671,0.47588360385062917,0.028827775177948468,104,1,False,-0.075404060650264088,0.14563756168937542,0.95355372124784832,False,False,P3
2016-05-31,DBC,6,2016-11-30,2016-11-30,10,-0.0081741515952040711,0.04621931114196718,0.098174100565229544,16.768329368110066,0.082278753204220859,0.40000000000000002,0.032911501281688342,0.30594575663685908,0.047432035045536627,118,1,False,-0.33480812399460647,0.40063112655798316,0.80276802949341619,False,False,P3
2016-05-31,GLD,6,2016-11-30,2016-11-30,10,0.032048595801907664,0.10327526462377698,0.21876557227556387,339.32217718953228,0.16536536500152357,0.40000000000000002,0.066146146000609432,0.4623782580530173,-0.0086245756090742969,133,0,False,-0.14803708197757265,0.28032937397879154,0.74564735987967456,False,False,P3
2016-05-31,VDE,6,2016-11-30,2016-11-30,10,-0.083520980922394683,-0.021101793004589205,-0.016703970359356498,24.420530945486497,-0.018948140542344356,0.40000000000000002,-0.0075792562169377424,0.51029119726339278,-0.00081797139586876259,134,0,False,-0.31806655712545151,0.30290804469157606,0.64656078110573079,False,False,P3
2016-05-31,VMBS,6,2016-11-30,2016-11-30,10,0.015898369381300625,0.082149858495810718,0.12119808320853755,109.85411419875572,0.11154883102981383,0.40000000000000002,0.044619532411925539,0.24711116189563337,0.058146744526476946,72,1,False,,,,True,True,P3
2016-05-31,VOO,6,2016-11-30,2016-11-30,10,-0.059717656215456216,-0.002146450690166812,0.078799526876438639,232.99518105153672,0.038326538093135916,0.40000000000000002,0.015330615237254368,0.5,0.0084865841288250601,63,1,False,,,,True,True,P3
2016-05-31,VWO,6,2016-11-30,2016-11-30,10,-0.080601831120427514,0.066286576706703015,0.067914636192514657,339.32217718953228,0.067259151031964545,0.40000000000000002,0.026903660412785819,0.4026174511819739,-0.0074418560872282664,129,1,False,-0.20604460339869982,0.25985192422427145,0.76977990112323691,False,False,P3
2016-06-30,BND,6,2016-12-30,2016-12-30,10,0.14135779460259301,0.078840120484306053,0.11784547468850673,109.85411419875572,0.098246467955976052,0.40000000000000002,0.039298587182390425,0.5024696514721041,0.028339755563598693,105,1,False,-0.066587742300110109,0.14518491666489097,0.91492803515056365,False,False,P3
2016-06-30,DBC,6,2016-12-30,2016-12-30,10,0.065284339060155183,0.11160815951583684,0.13562837005471631,16.768329368110066,0.12818235321788105,0.40000000000000002,0.051272941287152422,0.30998965745046375,0.046201837832908092,119,1,False,-0.31643604057944585,0.41898192315375071,0.79999665412584431,False,False,P3
2016-06-30,GLD,6,2016-12-30,2016-12-30,10,0.25072920900137008,0.10234106256084261,0.18960529204573018,339.32217718953228,0.14816292209483395,0.40000000000000002,0.059265168837933584,0.47490673091972019,-0.010182793082067826,134,0,False,-0.17616622594040063,0.29469656361626778,0.6810171710561308,False,False,P3
2016-06-30,VDE,6,2016-12-30,2016-12-30,10,-0.020924685541663157,0.051830742337754199,0.025944924389138774,24.420530945486497,0.039040172593580773,0.40000000000000002,0.015616069037432311,0.50588504602932327,-0.0016048425083563819,135,0,False,-0.28976193617143226,0.32099407424629683,0.64696099105745353,False,False,P3
2016-06-30,VMBS,6,2016-12-30,2016-12-30,10,0.13546322864480709,0.077894350748851107,0.16752651180495787,109.85411419875572,0.1238395863571137,0.40000000000000002,0.049535834542845485,0.48740234457247539,0.057304998023844901,73,1,False,-0.069837281437857474,0.16890895052354843,,False,True,P3
2016-06-30,VOO,6,2016-12-30,2016-12-30,10,0.0082187236419339893,0.0024603416211391206,0.12407689823481785,232.99518105153672,0.063268619927978484,0.40000000000000002,0.025307447971191395,0.5,0.0086066683027796083,64,1,False,,,,True,True,P3
2016-06-30,VWO,6,2016-12-30,2016-12-30,10,0.033870377269062057,0.071027406116511455,0.14345204862231692,339.32217718953228,0.1136173894500201,0.40000000000000002,0.045446955780008041,0.41194071713789016,-0.0074416861691270391,130,1,False,-0.17897736493946775,0.26987127649948384,0.73520364133051352,False,False,P3
2016-07-29,BND,6,2017-01-31,2017-01-31,10,0.20252146456333453,0.11659790975674039,0.19150609185900402,109.85411419875572,0.15152286199732024,0.29999999999999999,0.045456858599196071,0.53376318500293096,0.028275951672301,106,1,False,-0.060413094703939602,0.15132681190233174,0.96405636298976249,False,False,P3
2016-07-29,DBC,6,2017-01-31,2017-01-31,10,0.065929940108925944,0.24362951195008287,0.20907206376036847,16.768329368110066,0.21975003200789345,0.29999999999999999,0.065925009602368037,0.30899180370335244,0.045421135010544025,120,1,False,-0.29153395906927254,0.42338397827400859,0.82435199682646787,False,False,P3
2016-07-29,GLD,6,2017-01-31,2017-01-31,10,0.28896725551578339,0.12804099637283245,0.23428462602447958,339.32217718953228,0.18233805612964377,0.29999999999999999,0.054701416838893131,0.48893820801453081,-0.011115548203980512,135,0,False,-0.19916013063744586,0.30856296431523211,0.61041958798178342,False,False,P3
2016-07-29,VDE,6,2017-01-31,2017-01-31,10,0.051247636942578056,0.16368950317372694,0.01225488097764991,24.420530945486497,0.087804223998556225,0.29999999999999999,0.026341267199566868,0.49889082116958228,-0.0024177662783415339,136,0,False,-0.26225121532624135,0.31493374972537508,0.67334786280163705,False,False,P3
2016-07-29,VMBS,6,2017-01-31,2017-01-31,10,0.18797102666325971,0.11580256578323321,0.21554467008936951,109.85411419875572,0.15709017634898687,0.29999999999999999,0.047127052904696057,0.58605635149795432,0.057216874032021144,74,1,False,-0.072246063076006894,0.16650016888539901,,False,True,P3
2016-07-29,VOO,6,2017-01-31,2017-01-31,10,0.10245451530670868,0.019206442931038695,0.13777563272927504,232.99518105153672,0.078491037830156873,0.29999999999999999,0.02354731134904706,0.5,0.0075071464403895808,65,1,False,,,,True,True,P3
2016-07-29,VWO,6,2017-01-31,2017-01-31,10,0.12538700595675345,0.082463822764081901,0.1964866162993481,339.32217718953228,0.14747277127114217,0.29999999999999999,0.044241831381342647,0.42986006138366034,-0.0084644478935914265,131,1,False,-0.18016156170241365,0.26864522446509892,0.69867364704992607,False,False,P3
2016-08-31,BND,6,2017-02-28,2017-02-28,10,0.2511209151249264,0.12115253879631945,0.19553943723911726,109.85411419875572,0.15407561612379761,0.29999999999999999,0.046222684837139281,0.55740758094927934,0.027723671094030632,107,1,False,-0.05823386441544836,0.15067923408972692,0.91708474603502566,False,False,P3
2016-08-31,DBC,6,2017-02-28,2017-02-28,10,0.17711131747883524,0.20205279717835006,0.23205064437832029,16.768329368110066,0.22240645291586258,0.29999999999999999,0.066721935874758775,0.32149611931043076,0.043582551043297481,121,1,False,-0.2891069262412635,0.42255079799078105,0.82742155583283561,False,False,P3
2016-08-31,GLD,6,2017-02-28,2017-02-28,10,0.28330523344017355,0.12813545117811259,0.25312508264887001,339.32217718953228,0.19061204992496258,0.29999999999999999,0.057183614977488771,0.5001457479977689,-0.011565359630340347,136,0,False,-0.18796971618042554,0.30233694613540307,0.55486611225771643,False,False,P3
2016-08-31,VDE,6,2017-02-28,2017-02-28,10,0.2044499742949053,0.074906380178473786,0.045924269424701562,24.420530945486497,0.060574873659489638,0.29999999999999999,0.018172462097846891,0.50550508067743816,-0.0040895248389224269,137,0,False,-0.27039468820658269,0.30673961240227648,0.66030575103095024,False,False,P3
2016-08-31,VMBS,6,2017-02-28,2017-02-28,10,0.24213264577167037,0.11926821263762714,0.2390974869082646,109.85411419875572,0.16069517447710219,0.29999999999999999,0.048208552343130658,0.65428346210366595,0.056285746199223038,75,1,False,-0.071164563637572287,0.16758166832383362,,False,True,P3
2016-08-31,VOO,6,2017-02-28,2017-02-28,10,0.1308497765108998,0.013669088295335642,0.16085456952700894,232.99518105153672,0.08726182891117229,0.29999999999999999,0.026178548673351686,0.5,0.0055527654202778814,66,1,False,,,,True,True,P3
2016-08-31,VWO,6,2017-02-28,2017-02-28,10,0.16939650300649789,0.071487372028490079,0.20392986606027694,339.32217718953228,0.14525349257587666,0.29999999999999999,0.043576047772762999,0.44303283408660088,-0.010165181800398621,132,1,False,-0.20777507962851363,0.29492717517403966,0.68205826459201857,False,False,P3
2016-09-30,BND,6,2017-03-31,2017-03-31,11,0.29042009484893472,0.055880397954003083,0.20018962484568056,10000,0.11891590865059917,0.29999999999999999,0.035674772595179753,0.5631914046361548,0.026265456795744723,108,1,False,-0.074996525018533267,0.14634607020889276,0.84055769554744697,False,False,P3
2016-09-30,DBC,6,2017-03-31,2017-03-31,11,0.25276890301703614,0.12748200240764998,0.22170256660316504,10000,0.18955521679554294,0.29999999999999999,0.056866565038662879,0.34119249955788666,0.041426692528280122,122,1,False,-0.29896089039562801,0.41269402047295378,0.80637890868711104,False,False,P3
2016-09-30,GLD,6,2017-03-31,2017-03-31,11,0.32117135402019859,0.089215302778856517,0.23612704621016636,10000,0.16160334456176625,0.29999999999999999,0.048481003368529875,0.50726851310728915,-0.012759178647242152,137,0,False,-0.21061978337932821,0.30758179011638798,0.5395531937001945,False,False,P3
2016-09-30,VDE,6,2017-03-31,2017-03-31,11,0.26450016194127635,0.061620340271968603,0.18718024833232783,10000,0.12223286554815163,0.29999999999999999,0.036669859664445491,0.51726210848254728,-0.0058854680563662724,138,0,False,-0.24801115058883241,0.32135086991772338,0.70868994661254048,False,False,P3
2016-09-30,VMBS,6,2017-03-31,2017-03-31,11,0.28135170818712341,0.057198528131273109,0.19068473687284732,10000,0.1064898126525783,0.29999999999999999,0.031946943795773487,0.63073874832469157,0.053990197941992467,76,1,False,-0.11906049090566076,0.18295437849720772,,False,True,P3
2016-09-30,VOO,6,2017-03-31,2017-03-31,11,0.1654192488476689,0.0069115059570278598,0.1538470588408018,10000,0.050354760684427485,0.29999999999999999,0.015106428205328246,0.70433803205026047,0.0029061987495286614,67,1,False,,,,True,True,P3
2016-09-30,VWO,6,2017-03-31,2017-03-31,11,0.20363942740866037,0.086039666302002923,0.28299815899455111,10000,0.19454645815248919,0.29999999999999999,0.058363937445746757,0.44908802678610488,-0.011809085394059778,133,1,False,-0.21346856862760766,0.33019644351910116,0.63075962650514417,False,False,P3
2016-09-30,VXUS,6,2017-03-31,2017-03-31,11,0.20144351459253951,0.064908943285746673,0.19195919432728745,10000,0.12843406880651706,0.29999999999999999,0.038530220641955118,0.5,0.0565970814101096,62,1,False,,,,True,True,P3
2016-10-31,BND,6,2017-04-28,2017-04-28,11,0.29133375615608192,0.055652717036963659,0.18101243995378044,10000,0.11059230854519018,0.29999999999999999,0.033177692563557057,0.56174447238781777,0.025580262838079126,109,1,False,-0.077455168110152295,0.14381055323726641,0.78196662680299711,False,False,P3
2016-10-31,DBC,6,2017-04-28,2017-04-28,11,0.30892200883662702,0.12686663866486853,0.18892652134367327,10000,0.16756231340449032,0.29999999999999999,0.050268694021347093,0.34425150382179909,0.040482167821421118,123,1,False,-0.30262500326763903,0.40316239131033321,0.7810236064411511,False,False,P3
2016-10-31,GLD,6,2017-04-28,2017-04-28,11,0.29183758696992113,0.088770113568725828,0.24850588639921672,10000,0.16671233823628337,0.29999999999999999,0.050013701470885012,0.51205529427482344,-0.012798811588250443,138,0,False,-0.20616787846545487,0.30619528140722491,0.50382210479984313,False,False,P3
2016-10-31,VDE,6,2017-04-28,2017-04-28,11,0.29393083434972489,0.061018829949892453,0.18079810196018176,10000,0.11893468442803794,0.29999999999999999,0.03568040532841138,0.5164784899246142,-0.0062314110046979227,139,0,False,-0.24253261853152785,0.31389342918835061,0.69625783634219329,False,False,P3
2016-10-31,VMBS,6,2017-04-28,2017-04-28,11,0.29178007806840078,0.056976531816274045,0.1966639617304434,10000,0.10926990543715018,0.29999999999999999,0.032780971631145052,0.62564009050057212,0.05267165934260231,77,1,False,-0.11822646307028919,0.18378840633257928,,False,True,P3
2016-10-31,VOO,6,2017-04-28,2017-04-28,11,0.15276458618571076,0.0066399749532259902,0.13836762765068286,10000,0.039676676488977748,0.29999999999999999,0.011903002946693324,0.74920450748767076,0.001745221154620187,68,1,False,,,,True,True,P3
2016-10-31,VWO,6,2017-04-28,2017-04-28,11,0.20095095858220202,0.085804106650763615,0.27683634109036909,10000,0.19088407169142499,0.29999999999999999,0.057265221507427494,0.44993594746502191,-0.012669355443308099,134,1,False,-0.2145516819569229,0.32908212497177791,0.62109472232367369,False,False,P3
2016-10-31,VXUS,6,2017-04-28,2017-04-28,11,0.1765937075592332,0.064587962147485273,0.19195919432728745,10000,0.12827357823738636,0.29999999999999999,0.038482073471215905,0.5,0.054726661436085282,63,1,False,,,,True,True,P3
2016-11-30,BND,6,2017-05-31,2017-05-31,11,0.26337951653740377,0.055812252168120531,0.14916232349783512,10000,0.096749258633739593,0.29999999999999999,0.029024777590121877,0.56146786089719625,0.025495980191002642,110,1,False,-0.076888005720583491,0.13493756090082726,0.78142152463046022,False,False,P3
2016-11-30,DBC,6,2017-05-31,2017-05-31,11,0.29655694768510088,0.12701858666773233,0.18564389946575405,10000,0.16525478863657542,0.29999999999999999,0.049576436590972627,0.34778681521792476,0.040089778148706394,124,1,False,-0.29173003091311095,0.39088290409505616,0.76214543287330205,False,False,P3
2016-11-30,GLD,6,2017-05-31,2017-05-31,11,0.21680979868382222,0.089154756435677607,0.21388248505746316,10000,0.14947307977670446,0.29999999999999999,0.044841923933011334,0.51640004987237986,-0.01247616836961621,139,0,False,-0.20902684417503542,0.2987106920410581,0.54568836873322801,False,False,P3
2016-11-30,VDE,6,2017-05-31,2017-05-31,11,0.36827799555910057,0.061223923442150066,0.15910032523740658,10000,0.10853787057456793,0.29999999999999999,0.032561361172370379,0.51659494766274805,-0.0067834793612528976,140,0,False,-0.24563912310932476,0.31076184545406549,0.68156880328202374,False,False,P3
2016-11-30,VMBS,6,2017-05-31,2017-05-31,11,0.2684418521768861,0.057109117463203074,0.15937185897872197,10000,0.094364541530269491,0.29999999999999999,0.028309362459080847,0.63568917168710271,0.052200206907201001,78,1,False,-0.094578677823925567,0.15119740274208726,,False,True,P3
2016-11-30,VOO,6,2017-05-31,2017-05-31,11,0.18485457047058129,0.0067551148312987221,0.13243482432063516,10000,0.034761312730866967,0.29999999999999999,0.01042839381926009,0.77716213688459801,0.0008544548159234275,69,0,False,,,,True,True,P3
2016-11-30,VWO,6,2017-05-31,2017-05-31,11,0.13652780607261339,0.086060618051624224,0.25219500329585781,10000,0.17729159546017817,0.29999999999999999,0.053187478638053447,0.45086035455913848,-0.013172558966842314,135,1,False,-0.20976567760040288,0.31614063487650979,0.61855587494051312,False,False,P3
2016-11-30,VXUS,6,2017-05-31,2017-05-31,11,0.12030962266376988,0.0647239820902209,0.17553490319624099,10000,0.12012944264323094,0.29999999999999999,0.03603883279296928,0.5,0.053753090601107695,64,1,False,,,,True,True,P3
2016-12-30,BND,6,2017-06-30,2017-06-30,11,0.24084529330100835,0.054935691666572084,0.11156473801386491,10000,0.080165966239377121,0.29999999999999999,0.024049789871813134,0.55446407453034618,0.02653978032083679,111,1,False,-0.081848002936242836,0.12994758267986911,0.77398868915500929,False,False,P3
2016-12-30,DBC,6,2017-06-30,2017-06-30,11,0.35197526209463059,0.12617790542699106,0.14753336326364175,10000,0.14006528669295026,0.29999999999999999,0.042019586007885079,0.34970341670102773,0.040291334635997982,125,1,False,-0.29641725776610384,0.38045642978187399,0.76093863638354575,False,False,P3
2016-12-30,GLD,6,2017-06-30,2017-06-30,11,0.18749616079977338,0.087860500933747449,0.20196718657506091,10000,0.14343938549690705,0.29999999999999999,0.04303181564907211,0.51292175168536569,-0.010596129959823454,140,0,False,-0.21082908566278169,0.2968927169609259,0.57075354250747479,False,False,P3
2016-12-30,VDE,6,2017-06-30,2017-06-30,11,0.40782717344904118,0.060578149168780432,0.10290255596335469,10000,0.081098197521389984,0.29999999999999999,0.024329459256416993,0.51517221606422847,-0.0068837716036671565,141,0,False,-0.24395005615415233,0.29260897466698632,0.64596108369945882,False,False,P3
2016-12-30,VMBS,6,2017-06-30,2017-06-30,11,0.24860387729100553,0.056234544586184217,0.11497152213261656,10000,0.07887498180021954,0.29999999999999999,0.023662494540065863,0.61454541653700578,0.053254169207677025,79,1,False,-0.098874053312710208,0.14619904239284193,,False,True,P3
2016-12-30,VOO,6,2017-06-30,2017-06-30,11,0.17278713510642518,0.0062944181830920367,0.11920120942764714,10000,0.025130453245396044,0.29999999999999999,0.0075391359736188129,0.83317181495747827,0.00095965865629500701,70,1,False,-0.1711482433641543,0.18622651531139195,,False,True,P3
2016-12-30,VWO,6,2017-06-30,2017-06-30,11,0.11396251680974845,0.085779061437825974,0.24943702534738652,10000,0.17492325610566056,0.29999999999999999,0.05247697683169817,0.45530182254316204,-0.012826655023931256,136,1,False,-0.20337352531931346,0.30832747898270979,0.6304041525409233,False,False,P3
2016-12-30,VXUS,6,2017-06-30,2017-06-30,11,0.11580130720262827,0.06422893365980932,0.10785919297430538,10000,0.086044063317057357,0.29999999999999999,0.025813218995117206,0.5,0.053445114337998055,65,1,False,,,,True,True,P3
2017-01-31,BND,6,2017-07-31,2017-07-31,11,0.23726445473260283,0.054376896340026661,0.09589295287423763,10000,0.073393653558916749,0.29999999999999999,0.022018096067675023,0.54194211092232492,0.028111045358716232,112,1,False,-0.098220530926718078,0.14225672306206813,0.77496814900532118,False,False,P3
2017-01-31,DBC,6,2017-07-31,2017-07-31,11,0.31568795550279227,0.12574717644649161,0.16525887735712128,10000,0.15141531460607266,0.29999999999999999,0.045424594381821795,0.35036615564490459,0.040494815631814875,126,1,False,-0.29300899779497036,0.38385818655861392,0.77472948682556553,False,False,P3
2017-01-31,GLD,6,2017-07-31,2017-07-31,11,0.20145259178289243,0.087132469364059911,0.19603262955483047,10000,0.14062709645327079,0.29999999999999999,0.042188128935981235,0.50877366024531712,-0.0084715669422659613,141,0,False,-0.20295176202227058,0.28732801989423307,0.59424710344737175,False,False,P3
2017-01-31,VDE,6,2017-07-31,2017-07-31,11,0.37405062295085989,0.06030544739738633,0.22096887191134559,10000,0.13881613115219812,0.29999999999999999,0.041644839345659435,0.51133443101736953,-0.006474395487144304,142,0,False,-0.21977088281852725,0.30306056150984612,0.70350251785246787,False,False,P3
2017-01-31,VMBS,6,2017-07-31,2017-07-31,11,0.24415265992485202,0.055618315301234164,0.11195931162264046,10000,0.079033706644139404,0.29999999999999999,0.023710111993241821,0.58439869949533096,0.054938129925871812,80,1,False,-0.11805781276012825,0.16547803674661191,,False,True,P3
2017-01-31,VOO,6,2017-07-31,2017-07-31,11,0.17649694615046374,0.0061569160414644891,0.15578738421648425,10000,0.040656540715691532,0.29999999999999999,0.012196962214707459,0.7694344935559948,0.0023891636795402701,71,1,False,-0.16649041712306567,0.19088434155248057,,False,True,P3
2017-01-31,VWO,6,2017-07-31,2017-07-31,11,0.12616308519092878,0.085933368177542796,0.28236188672053519,10000,0.19256507987797794,0.29999999999999999,0.057769523963393382,0.45714750336979904,-0.011817796184656186,137,1,False,-0.19360866728175488,0.30914771520854167,0.63293346899412084,False,False,P3
2017-01-31,VXUS,6,2017-07-31,2017-07-31,11,0.1311628960226543,0.064049615163558143,0.14887056569122309,10000,0.10646009042739062,0.29999999999999999,0.031938027128217181,0.5,0.054493785678414258,66,1,False,,,,True,True,P3
2017-02-28,BND,6,2017-08-31,2017-08-31,11,0.21665296901714703,0.053999939686111165,0.084339975715874191,10000,0.068276891585964672,0.40000000000000002,0.027310756634385869,0.52943523581026475,0.030084584029213667,113,1,False,-0.14253854415416545,0.19716005742293718,0.77554165814300124,False,False,P3
2017-02-28,DBC,6,2017-08-31,2017-08-31,11,0.2973984031578002,0.12559762664017213,0.13597372517517006,10000,0.13231872711954004,0.40000000000000002,0.052927490847816019,0.35225167179185218,0.041570536118799288,127,1,False,-0.28311698566265603,0.38897196735828804,0.77426416619462812,False,False,P3
2017-02-28,GLD,6,2017-08-31,2017-08-31,11,0.21403979432148446,0.086589000103394403,0.15834382705386418,10000,0.12218017242412543,0.40000000000000002,0.048872068969650177,0.50398915538743416,-0.0064168007423896275,142,0,False,-0.19382083031365654,0.29156496825295691,0.62356156955279296,False,False,P3
2017-02-28,VDE,6,2017-08-31,2017-08-31,11,0.35215884489195337,0.060134595236966605,0.17487227891329268,10000,0.11605559038583352,0.40000000000000002,0.046422236154333413,0.51261875473606822,-0.0049993998942628372,143,0,False,-0.21350040316574739,0.30634487547441425,0.69358429971897284,False,False,P3
2017-02-28,VMBS,6,2017-08-31,2017-08-31,11,0.22408610333822954,0.055242761005134457,0.081655250643741739,10000,0.06798720025381122,0.40000000000000002,0.027194880101524488,0.51748436353201055,0.057249173331375504,81,1,False,-0.12738894282716851,0.18177870303021748,,False,True,P3
2017-02-28,VOO,6,2017-08-31,2017-08-31,11,0.19685978041847862,0.0060115428406385231,0.14669316761117843,10000,0.051418042741485669,0.40000000000000002,0.02056721709659427,0.67723929848757547,0.0041733388577535968,72,1,False,-0.15812016224117886,0.19925459643436738,,False,True,P3
2017-02-28,VWO,6,2017-08-31,2017-08-31,11,0.1025842724113466,0.085765769299601627,0.30534016948584392,10000,0.20565944883747106,0.40000000000000002,0.082263779534988424,0.45397241465227273,-0.010504649089068115,138,1,False,-0.1626564371179639,0.32718399618794075,0.63934442381275025,False,False,P3
2017-02-28,VXUS,6,2017-08-31,2017-08-31,11,0.11544441808513617,0.063834909309818277,0.15020222072082751,10000,0.10701856501532289,0.40000000000000002,0.042807426006129162,0.5,0.056390569059191334,67,1,False,,,,True,True,P3
2017-03-31,BND,6,2017-09-29,2017-09-29,12,0.21220216865643216,0.055426889771696256,0.053638409744216332,10000,0.05454528242559728,0.40000000000000002,0.021818112970238914,0.50706335404751013,0.032368228860965603,114,1,False,-0.18601675735091552,0.22965298329139336,0.76116142588462998,False,False,P3
2017-03-31,DBC,6,2017-09-29,2017-09-29,12,0.22334282777208925,0.13663085431974567,-0.04262245469736492,10000,0.019959393176047131,0.40000000000000002,0.0079837572704188533,0.34912520285713838,0.043220523360191762,128,1,False,-0.31641825599779166,0.33238577053862933,0.71894258602699401,False,False,P3
2017-03-31,GLD,6,2017-09-29,2017-09-29,12,0.21174431299868335,0.09618587272943796,-0.046111130095583867,159.98587196060572,0.024817605294528214,0.40000000000000002,0.0099270421178112855,0.49845558221160097,-0.0041259744853085912,143,0,False,-0.24625547406153478,0.26610955829715732,0.67917851594751222,False,False,P3
2017-03-31,VDE,6,2017-09-29,2017-09-29,12,0.25017925401698016,0.069450739860998437,-0.078092455123943555,10000,-0.0033973052447304349,0.40000000000000002,-0.001358922097892174,0.50625953902405585,-0.0031278751592938212,144,0,False,-0.24853900770563472,0.24582116350985037,0.58769225708990636,False,False,P3
2017-03-31,VMBS,6,2017-09-29,2017-09-29,12,0.21996558938625288,0.058291639058581327,0.033822212883713253,10000,0.04497414604084958,0.40000000000000002,0.017989658416339833,0.45574968033333768,0.059982131073518768,82,1,False,-0.23141510597501008,0.26739442280768977,,False,True,P3
2017-03-31,VOO,6,2017-09-29,2017-09-29,12,0.15893064693335668,0.0095759224431848505,0.013652095684875097,10000,0.01140105347633787,0.40000000000000002,0.0045604213905351479,0.5522439982466979,0.0063821869398072309,73,1,False,-0.14980590763686727,0.15892675041793755,,False,True,P3
2017-03-31,VWO,6,2017-09-29,2017-09-29,12,0.1193094092786644,0.082331378475614697,-0.057810236203735828,10000,0.0055878802940584182,0.40000000000000002,0.0022351521176233674,0.45238608562382848,-0.0089640442221779817,139,1,False,-0.24267106999772517,0.24714137423297192,0.740278475505452,False,False,P3
2017-03-31,VXUS,6,2017-09-29,2017-09-29,12,0.11648041446295632,0.061403957879517072,0.010601512599400578,10000,0.010845474046655779,0.40000000000000002,0.0043381896186623116,0.0048021595399598748,0.058523700611152335,68,1,False,,,,True,True,P3
2017-04-28,BND,6,2017-10-31,2017-10-31,12,0.21757296341207155,0.05495016500005484,0.056435716969873699,10000,0.055708755027810683,0.5,0.027854377513905342,0.48935476969658703,0.034620103011357921,115,1,False,-0.23030168607861951,0.2860104411064302,0.76898671140851116,False,False,P3
2017-04-28,DBC,6,2017-10-31,2017-10-31,12,0.15476647342206284,0.13624421111844978,0.16457419114060207,10000,0.15470249567575853,0.5,0.077351247837879264,0.34845402139798454,0.045280224797993596,129,1,False,-0.22092312486544768,0.37562562054120624,0.79866949273117915,False,False,P3
2017-04-28,GLD,6,2017-10-31,2017-10-31,12,0.23004139850861316,0.068288747575394673,-0.0082457670553914651,159.98587196060572,0.02945200734345484,0.5,0.01472600367172742,0.49255913597552642,-0.0020706719752028252,144,0,False,-0.23914162535270769,0.26859363269616254,0.68397619808679311,False,False,P3
2017-04-28,VDE,6,2017-10-31,2017-10-31,12,0.22995767161836222,0.069141650754913034,0.18199444334117396,10000,0.12552833632977023,0.5,0.062764168164885115,0.50035188068778136,-0.0010791944040592092,145,0,False,-0.20543851098501204,0.33096684731478226,0.72184176419628387,False,False,P3
2017-04-28,VMBS,6,2017-10-31,2017-10-31,12,0.22191111271758923,0.057840395406522818,0.035791669114356446,10000,0.044786358322452979,0.5,0.02239317916122649,0.40794597787230158,0.062774877422854689,83,1,False,-0.23660592727602922,0.28139228559848217,,False,True,P3
2017-04-28,VOO,6,2017-10-31,2017-10-31,12,0.13777051980841959,0.009323439839351147,0.096453118477284647,10000,0.056340296808584524,0.5,0.028170148404292262,0.46038069112349822,0.0083603274701572784,74,1,False,-0.12568949207497743,0.18202978888356197,,False,True,P3
2017-04-28,VWO,6,2017-10-31,2017-10-31,12,0.10223128336234599,0.081928657841285543,0.10259148365752536,10000,0.093277431974531283,0.5,0.046638715987265641,0.45076369349606432,-0.0074646513450038416,140,1,False,-0.18639564995188274,0.27967308192641405,0.71318664213749006,False,False,P3
2017-04-28,VXUS,6,2017-10-31,2017-10-31,12,0.1178497007355539,0.061172704875850248,0.12768699611619799,10000,0.12702866042296909,0.5,0.063514330211484546,0.0098976577958268235,0.060234860132139009,69,1,False,,,,True,True,P3
2017-05-31,BND,6,2017-11-30,2017-11-30,12,0.21241475983989244,0.055081004194926543,0.05111302348593711,10000,0.053007480043840059,0.5,0.02650374002192003,0.47743592946686225,0.036592166921065213,116,1,False,-0.23165232357060483,0.28465980361444487,0.77013270444550341,False,False,P3
2017-05-31,DBC,6,2017-11-30,2017-11-30,12,0.12018661337581338,0.13648079196180618,-0.04262245469736492,10000,0.01967052822579711,0.5,0.0098352641128985549,0.34780487838784963,0.04721312266635596,130,1,False,-0.28213314999432221,0.30180367822011928,0.72340796546060304,False,False,P3
2017-05-31,GLD,6,2017-11-30,2017-11-30,12,0.21100143915030145,0.07003832780137273,-0.061346694742725118,159.98587196060572,0.0027695836199015818,0.5,0.0013847918099507909,0.48800294828968666,-0.00056115148789920722,145,0,False,-0.24377613598255538,0.24654571960245697,0.6978856249560198,False,False,P3
2017-05-31,VDE,6,2017-11-30,2017-11-30,12,0.18829238069737975,0.069651467817935755,-0.083405576974250245,10000,-0.0075325605170739563,0.5,-0.0037662802585369782,0.49571724424833408,0.0014506493628117503,146,0,False,-0.29239841321780735,0.28486585270073339,0.59079691608323659,False,False,P3
2017-05-31,VMBS,6,2017-11-30,2017-11-30,12,0.21880767536343515,0.057964175706995101,0.031479690249350732,10000,0.041643079884016131,0.5,0.020821539942008065,0.38374880459427169,0.06522329378897411,84,1,False,-0.23817756649524766,0.27982064637926379,,False,True,P3
2017-05-31,VOO,6,2017-11-30,2017-11-30,12,0.13790775834341784,0.0098253277697502271,0.021971382899250068,10000,0.017173559214725277,0.5,0.0085867796073626386,0.39501086018225234,0.010713584043496266,75,1,False,-0.16631286400911988,0.18348642322384517,,False,True,P3
2017-05-31,VWO,6,2017-11-30,2017-11-30,12,0.096732879094743707,0.082399377208134741,-0.047042071251354657,10000,0.011812376779209285,0.5,0.0059061883896046425,0.45468007914778014,-0.0064434282427512386,141,1,False,-0.21855193332604939,0.23036431010525865,0.73837899943582541,False,False,P3
2017-05-31,VXUS,6,2017-11-30,2017-11-30,12,0.12504189691321099,0.061628726334503885,-0.0089327493491556716,10000,-0.004358225128329658,0.5,-0.002179112564164829,0.064830336617880152,0.061093071025448024,70,1,False,,,,True,True,P3
2017-06-30,BND,6,2017-12-29,2017-12-29,12,0.26541404067553809,0.054922441530721795,0.049409877459611257,10000,0.052007087711864339,0.5,0.026003543855932169,0.47114377606315389,0.038337920137987806,117,1,False,-0.22881592494866559,0.28082301266052995,0.77393638627993788,False,False,P3
2017-06-30,DBC,6,2017-12-29,2017-12-29,12,0.12790619376377843,0.13640113030099091,-0.04748868533071033,10000,0.016823663449947901,0.5,0.0084118317249739505,0.34973306466011411,0.04953955121160996,131,1,False,-0.32760513824763676,0.34442880169758466,0.72397774910172674,False,False,P3
2017-06-30,GLD,6,2017-12-29,2017-12-29,12,0.22968338360140472,0.058793837977558709,-0.057356562788821099,159.98587196060572,-0.0010315559768525524,0.5,-0.00051577798842627619,0.48493166136601085,0.00072691229489306778,146,0,False,-0.24320899498287862,0.24217743900602606,0.70318895520786207,False,False,P3
2017-06-30,VDE,6,2017-12-29,2017-12-29,12,0.13889896455914652,0.069640778907698,-0.089822781278371344,10000,-0.011062960373296613,0.5,-0.0055314801866483063,0.49390481946580267,0.0042151155130582081,147,0,False,-0.33070612756443996,0.31964316719114338,0.59072070118489772,False,False,P3
2017-06-30,VMBS,6,2017-12-29,2017-12-29,12,0.26847079979612887,0.057815445537673656,0.021870296404891607,10000,0.035447477818737312,0.5,0.017723738909368656,0.37771943478913772,0.067380712418409774,85,1,False,-0.24127536752788706,0.27672284534662439,,False,True,P3
2017-06-30,VOO,6,2017-12-29,2017-12-29,12,0.16180870246282075,0.0098669963020556889,0.011738142133237098,10000,0.011079797108185662,0.5,0.0055398985540928312,0.35184057494640503,0.012846130768008487,76,1,False,-0.16931239836587356,0.18039219547405924,,False,True,P3
2017-06-30,VWO,6,2017-12-29,2017-12-29,12,0.13451302526164866,0.082367894013149701,-0.054578252017152072,10000,0.0085205330182699726,0.5,0.0042602665091349863,0.46075619405499968,-0.0055954990522406756,142,1,False,-0.21630345117665112,0.22482398419492111,0.73948938398941411,False,False,P3
2017-06-30,VXUS,6,2017-12-29,2017-12-29,12,0.16777223761729099,0.061646703894848512,-0.014018208854180465,10000,-0.0096524870058731903,0.5,-0.0048262435029365952,0.057698101929857873,0.061863609563154787,71,1,False,-0.16773953745352099,0.15808705044764781,,False,True,P3
2017-07-31,BND,6,2018-01-31,2018-01-31,12,0.16288825919893635,0.055003435414220439,0.049409877459611257,10000,0.052023318528343528,0.5,0.026011659264171764,0.46722338267341279,0.040023738227772679,118,1,False,-0.22880623195423788,0.2808295504825814,0.7793239665139875,False,False,P3
2017-07-31,DBC,6,2018-01-31,2018-01-31,12,0.007314371355031879,0.13641211283369148,-0.06374106526792242,10000,0.0063660369890658217,0.5,0.0031830184945329108,0.35026724492676414,0.051555827001694671,132,1,False,-0.32106733207213761,0.32743336906120341,0.71843556805570574,False,False,P3
2017-07-31,GLD,6,2018-01-31,2018-01-31,12,0.10001212848231944,0.058308441271086954,-0.049618400583533541,159.98587196060572,0.0022970866634574537,0.5,0.0011485433317287269,0.48102479749126859,0.0020923931077366023,147,0,False,-0.24087010334581957,0.24316719000927703,0.70638681842515105,False,False,P3
2017-07-31,VDE,6,2018-01-31,2018-01-31,12,-0.029724288276939292,0.069590544042790151,-0.10422085025648084,10000,-0.019605584769280988,0.5,-0.0098027923846404942,0.4868223158115173,0.006714004076827141,148,0,False,-0.39780060062122385,0.37819501585194287,0.58264259596785506,False,False,P3
2017-07-31,VMBS,6,2018-01-31,2018-01-31,12,0.16458442422617037,0.057916878449229429,0.021870296404891607,10000,0.035325694390774681,0.5,0.017662847195387341,0.37327805363994665,0.069436200180112595,86,1,False,-0.24133625924186836,0.27666195363264307,,False,True,P3
2017-07-31,VOO,6,2018-01-31,2018-01-31,12,-0.011722837686895859,0.0097381611582620341,-0.011126713722332362,10000,-0.0048419804037700496,0.5,-0.0024209902018850248,0.30121116731006597,0.014971466032715701,77,1,False,-0.16933774888351225,0.1644957684797422,,False,True,P3
2017-07-31,VWO,6,2018-01-31,2018-01-31,12,-0.045564399655248833,0.082370878030361611,-0.046874558848081081,10000,0.01351524242980582,0.5,0.0067576212149029098,0.46724900109769008,-0.0046741103512394893,143,1,False,-0.20516470565720166,0.2186799480870075,0.73870856777270189,False,False,P3
2017-07-31,VXUS,6,2018-01-31,2018-01-31,12,0.003151649708091453,0.061630262527577181,-0.014018208854180465,10000,-0.0095665577637061693,0.5,-0.0047832788818530847,0.05884654387805377,0.06282609965287006,72,1,False,-0.1676965728324375,0.15813001506873131,,False,True,P3
2017-08-31,BND,6,2018-02-28,2018-02-28,12,0.23745767878164148,0.054910499073114252,0.049409877459611257,10000,0.051966529011227849,0.75,0.038974896758420891,0.46479320543345332,0.041508017478103558,119,1,False,-0.19622944982663082,0.2741792433434726,0.78438279684199375,False,False,P3
2017-08-31,DBC,6,2018-02-28,2018-02-28,12,0.076854121263358888,0.13654670641444516,-0.041413994939832742,10000,0.021216862136885398,0.75,0.01591264660266405,0.35193644776682936,0.053404267423921029,133,1,False,-0.29622154189888866,0.32804683510421678,0.73185035632914008,False,False,P3
2017-08-31,GLD,6,2018-02-28,2018-02-28,12,0.18911272228710962,0.060965149274821273,-0.049618400583533541,159.98587196060572,0.00330151346273942,0.75,0.0024761350970545649,0.4785514130633125,0.0035244701429646298,148,0,False,-0.23953980656412549,0.24449207675823464,0.71017382822998998,False,False,P3
2017-08-31,VDE,6,2018-02-28,2018-02-28,12,0.096770135999149742,0.069907678528676728,-0.10422085025648084,10000,-0.020281606914787656,0.75,-0.015211205186090742,0.48205336556457506,0.0090324258272642278,149,0,False,-0.39877142068488103,0.36834901031269951,0.58423992826544979,False,False,P3
2017-08-31,VMBS,6,2018-02-28,2018-02-28,12,0.23506312288051057,0.057785129928141679,0.021870296404891607,10000,0.035397975945347507,0.75,0.02654848195901063,0.37665995393514851,0.071213785273884042,87,1,False,-0.22338930143488958,0.27648626535291082,,False,True,P3
2017-08-31,VOO,6,2018-02-28,2018-02-28,12,0.081475896136507409,0.0099507183786669492,0.011738142133237098,10000,0.011257635051009416,0.75,0.0084432262882570622,0.26882661763843424,0.017303367499199841,78,1,False,-0.16804890503495137,0.18493535761146548,,False,True,P3
2017-08-31,VWO,6,2018-02-28,2018-02-28,12,0.098068656236901974,0.082694239133588976,-0.046874558848081081,10000,0.014966951137252577,0.75,0.011225213352939432,0.47728705482073164,-0.0039292604709437497,144,1,False,-0.19248965013697009,0.21494007684284896,0.73835360017248841,False,False,P3
2017-08-31,VXUS,6,2018-02-28,2018-02-28,12,0.12185359994022704,0.061769388917614645,-0.017852981288317284,10000,-0.011434236731954229,0.75,-0.0085756775489656718,0.080614839017751988,0.06354689853550384,73,1,False,-0.17148897149955009,0.15433761640161872,,False,True,P3
2017-09-29,BND,6,2018-03-30,2018-03-30,13,0.29610518425709298,0.064733095625123346,0.087238858720361259,1048.1131341546852,0.076745403086888944,0.75,0.057559052315166712,0.46625638015769677,0.042930468737922965,120,1,False,-0.16031150634982971,0.27542961098016316,0.83103988128868345,False,False,P3
2017-09-29,DBC,6,2018-03-30,2018-03-30,13,0.18157909901928759,0.13146813677619001,0.070244671335642078,10000,0.092369903169312387,0.75,0.069277427376984294,0.36138483299602492,0.054672465635474524,134,1,False,-0.22668624215034111,0.36524109690430967,0.78539949908475049,False,False,P3
2017-09-29,GLD,6,2018-03-30,2018-03-30,13,0.24954909579336393,0.058030110929451886,0.14948801769347217,75.431200633546069,0.1052292944624079,0.75,0.078921970846805925,0.48392451562728889,0.0049219187527345543,149,0,False,-0.15720749581362714,0.31505143750723902,0.69672741106802472,False,False,P3
2017-09-29,VDE,6,2018-03-30,2018-03-30,13,0.28447903362983173,0.063857421268407474,-0.040544713046516336,10000,0.010485653570152083,0.75,0.0078642401776140621,0.48878662252955357,0.010640071348529,150,0,False,-0.37569511913889997,0.39142359949412808,0.62933754723194679,False,False,P3
2017-09-29,VMBS,6,2018-03-30,2018-03-30,13,0.29540019717779198,0.070347001389479344,0.096019486955112976,4714.8663634573895,0.08595095422501503,0.75,0.064463215668761273,0.39219158208724991,0.07290414668425188,88,1,False,-0.18544651409342577,0.31437294543094835,,False,True,P3
2017-09-29,VOO,6,2018-03-30,2018-03-30,13,0.22529535641170217,0.011017636735942053,0.014651227850973548,10000,0.013596346864971506,0.75,0.01019726014872863,0.29031361884340623,0.019096117871784106,79,1,False,-0.16451605291344845,0.1849105732109057,,False,True,P3
2017-09-29,VWO,6,2018-03-30,2018-03-30,13,0.19867155776997336,0.070859859510816192,0.042081505006400836,10000,0.056031805137390332,0.75,0.042023853853042747,0.4847497492898406,-0.0030793386106016227,145,1,False,-0.15999296388222178,0.24404067158830728,0.74093441293048234,False,False,P3
2017-09-29,VXUS,6,2018-03-30,2018-03-30,13,0.23830934151146166,0.055123753126681545,0.012039366527171289,10000,0.019706497743903519,0.75,0.014779873307927639,0.17795614193145742,0.064262216318307253,74,1,False,-0.12687485504617069,0.15643460166202594,,False,True,P3
2017-10-31,BND,6,2018-04-30,2018-04-30,13,0.29152474529044847,0.06911470888892976,0.069581617444403027,1048.1131341546852,0.069363435623421857,0.75,0.052022576717566396,0.46729026149458053,0.04437379514018866,121,1,False,-0.16582648084271395,0.26987163427784672,0.82426862081971009,False,False,P3
2017-10-31,DBC,6,2018-04-30,2018-04-30,13,0.17531386638977131,0.13217001723037747,0.047342587902031129,10000,0.07798166358931119,0.75,0.058486247691983392,0.36119302364667522,0.055413902730189993,135,1,False,-0.2334817977038276,0.35045429308779441,0.77950651029234741,False,False,P3
2017-10-31,GLD,6,2018-04-30,2018-04-30,13,0.23456658337895653,0.11017659023605077,0.15213470167961315,75.431200633546069,0.13170740782688828,0.75,0.098780555870166209,0.48684969723200022,0.0064227152844404146,150,0,False,-0.13393319844823789,0.33149431018857034,0.69660061667376783,False,False,P3
2017-10-31,VDE,6,2018-04-30,2018-04-30,13,0.15371733430467827,0.064349780004619064,-0.020762895960673933,10000,0.020438388675207562,0.75,0.015328791506405672,0.48407930039330965,0.012092505787402069,151,0,False,-0.32167922341561916,0.35233680642843046,0.64543236429117656,False,False,P3
2017-10-31,VMBS,6,2018-04-30,2018-04-30,13,0.28771240850934809,0.071332018926610813,0.078615338449239042,4714.8663634573895,0.075665516043569192,0.75,0.056749137032676894,0.4050107092659016,0.07457838225766017,89,1,False,-0.19313534446096833,0.30663361852632209,0.72132142780632513,False,False,P3
2017-10-31,VOO,6,2018-04-30,2018-04-30,13,0.22828364450659899,0.011233468117236366,-0.016975021070037025,10000,-0.0092049377113541837,0.75,-0.0069037032835156378,0.27545195019478075,0.020579547895992045,80,1,False,-0.18159650660206014,0.16778910003502887,,False,True,P3
2017-10-31,VWO,6,2018-04-30,2018-04-30,13,0.23777318495935829,0.071325478555423968,0.058624169142937041,10000,0.064768305203297627,0.75,0.04857622890247322,0.48374036572324969,-0.0023580329806499279,146,1,False,-0.15214031322701782,0.24929277103196429,0.74374973398588728,False,False,P3
2017-10-31,VXUS,6,2018-04-30,2018-04-30,13,0.23234630328233896,0.055387925590181172,0.027533309717103969,10000,0.032000918364013628,0.75,0.024000688773010221,0.1603902443769763,0.064976716110537208,75,1,False,-0.11721115279782797,0.16521253034384842,,False,True,P3
2017-11-30,BND,6,2018-05-31,2018-05-31,13,0.24721775351044406,0.066196079349828296,0.069581617444403027,1048.1131341546852,0.06799443405060486,0.75,0.050995825537953648,0.46881274097656722,0.045751180096743602,122,1,False,-0.16489885466061566,0.26689050573652295,0.82670563390240359,False,False,P3
2017-11-30,DBC,6,2018-05-31,2018-05-31,13,0.13106659782038155,0.13177445612440555,0.044786983894133818,10000,0.076812349164388352,0.75,0.057609261873291268,0.3681606609452629,0.055890172661407819,136,1,False,-0.2298587933704094,0.34507731711699197,0.78213241111065557,False,False,P3
2017-11-30,GLD,6,2018-05-31,2018-05-31,13,0.219897656397541,0.086943906282330286,0.11867702825906634,75.431200633546069,0.10307684563340523,0.75,0.07730763422505392,0.49160566795469429,0.0077775412703070439,151,0,False,-0.15392006934572533,0.30853533779583314,0.70501278796379607,False,False,P3
2017-11-30,VDE,6,2018-05-31,2018-05-31,13,0.10798294180132739,0.064202123356519231,-0.055072925397923043,10000,0.0034616777090295627,0.75,0.0025962582817721722,0.49075312664479243,0.013251715490757187,152,0,False,-0.32994195935468945,0.33513447591823381,0.62944289746261195,False,False,P3
2017-11-30,VMBS,6,2018-05-31,2018-05-31,13,0.24176445849825112,0.070589782275932225,0.078615338449239042,4714.8663634573895,0.075269249927930243,0.75,0.056451937445947682,0.41692917587917067,0.07618092995883545,90,1,False,-0.18456362605029042,0.29746750094218577,0.743865578572113,False,False,P3
2017-11-30,VOO,6,2018-05-31,2018-05-31,13,0.17171208868597154,0.011267207432247491,-0.017494684462774489,10000,-0.0092111521620771644,0.75,-0.0069083641215578733,0.28800373532211948,0.022028044321268907,81,1,False,-0.18158339232895418,0.16776666408583843,,False,True,P3
2017-11-30,VWO,6,2018-05-31,2018-05-31,13,0.22995222756721601,0.071229729825453281,0.028019314948122816,10000,0.049212998068765085,0.75,0.036909748551573814,0.49047627014942508,-0.0016839451434023508,147,1,False,-0.16062900508432754,0.23444850218747515,0.74872247954512583,False,False,P3
2017-11-30,VXUS,6,2018-05-31,2018-05-31,13,0.21871616255147441,0.055338133258582528,-0.013874729855406982,10000,0.0044754151134778408,0.75,0.0033565613351083804,0.26512622283322124,0.065767047436888174,76,1,False,-0.13751081273763857,0.14422393540785536,,False,True,P3
2017-12-29,BND,6,2018-06-29,2018-06-29,13,0.089890709538335889,0.065781457023122908,0.072826623198165935,1048.1131341546852,0.069510340062250986,0.75,0.052132755046688239,0.47071751801435618,0.047537057012018359,123,1,False,-0.18786754275115419,0.29213305284453067,0.83360385874228315,False,False,P3
2017-12-29,DBC,6,2018-06-29,2018-06-29,13,0.007372771666467548,0.1318585316185113,0.043096999250019564,10000,0.076463733182964705,0.75,0.057347799887223529,0.37591435211397445,0.056415837049016357,137,1,False,-0.2243073830584327,0.33900298283287977,0.78520314712624972,False,False,P3
2017-12-29,GLD,6,2018-06-29,2018-06-29,13,0.11222851288901015,0.088146791278073275,0.16263896018949503,75.431200633546069,0.12571227533542681,0.75,0.0942842065015701,0.49571230632279678,0.0092374481277484738,152,0,False,-0.13606311527570047,0.32463152827884068,0.70437324373903498,False,False,P3
2017-12-29,VDE,6,2018-06-29,2018-06-29,13,-0.0035755977246934023,0.064368798014586545,-0.051281251978411241,10000,0.0062510658627836302,0.75,0.0046882993970877229,0.49746902698855949,0.014072939340877378,153,0,False,-0.3204197484746189,0.32979634726879431,0.63852825431502391,False,False,P3
2017-12-29,VMBS,6,2018-06-29,2018-06-29,13,0.080939796520873464,0.070418725482647992,0.075893034685052832,4714.8663634573895,0.073536184252600514,0.75,0.055152138189450389,0.43052928603611973,0.078294005451552962,91,1,False,-0.1959700156768778,0.30627429205577861,0.75946901046557602,False,False,P3
2017-12-29,VOO,6,2018-06-29,2018-06-29,13,0.045294046513665975,0.011420492611361801,-0.025311531180319646,10000,-0.014118793220569002,0.75,-0.010589094915426752,0.30471334830958646,0.023732686493726857,82,1,False,-0.17755800233295466,0.15637981250210115,,False,True,P3
2017-12-29,VWO,6,2018-06-29,2018-06-29,13,0.14491858253300738,0.071528215980425233,0.04689555046072192,10000,0.05915023819741657,0.75,0.044362678648062426,0.49749742783184786,-0.0007636953433682209,148,1,False,-0.13392050697507385,0.2226458642711987,0.75147671661773396,False,False,P3
2017-12-29,VXUS,6,2018-06-29,2018-06-29,13,0.10669401247108634,0.055367280490918727,-0.030968894685526393,10000,0.0004749157954889158,0.75,0.00035618684661668684,0.36420203254028377,0.067091790166503795,77,1,False,-0.16352562582093205,0.1642379995141654,,False,True,P3
2018-01-31,BND,6,2018-07-31,2018-07-31,13,0.12305268790425294,0.073035167865637421,0.069581617444403027,1048.1131341546852,0.07121139382497596,0.75,0.05340854536873197,0.47191330132380443,0.048467308642558021,124,1,False,-0.18658062410876636,0.29339771484623028,0.84055337753205817,False,False,P3
2018-01-31,DBC,6,2018-07-31,2018-07-31,13,0.11431849289676843,0.13283092305258243,0.10150717809426134,10000,0.11324087056650976,0.75,0.084930652924882319,0.37459417728822308,0.056060029326596178,138,1,False,-0.18773341371558699,0.35759471956535166,0.81033289653016494,False,False,P3
2018-01-31,GLD,6,2018-07-31,2018-07-31,13,0.20989122655804737,0.16346120936340591,0.13911176670871483,75.431200633546069,0.15127212639622054,0.75,0.11345409479716539,0.49941018609569343,0.0098307466921574351,153,0,False,-0.11388549109310853,0.34079368068743932,0.70303892699761561,False,False,P3
2018-01-31,VDE,6,2018-07-31,2018-07-31,13,0.1063670868113562,0.065048682337731284,0.062491365514114987,10000,0.063760988626064385,0.75,0.047820741469548289,0.49646688287688084,0.013788541758943505,154,0,False,-0.26545809535653808,0.36109957829563466,0.70061810012599024,False,False,P3
2018-01-31,VMBS,6,2018-07-31,2018-07-31,13,0.11689592140817806,0.072154757804240771,0.075893034685052832,4714.8663634573895,0.074248421134528647,0.75,0.055686315850896485,0.43993893522593774,0.079231944786059674,92,1,False,-0.19541952962501571,0.3067921613268087,0.77623407826629853,False,False,P3
2018-01-31,VOO,6,2018-07-31,2018-07-31,13,0.12345962317666437,0.011655363902781159,0.035630201900684721,10000,0.028425451936040617,0.75,0.021319088952030461,0.30051297803447558,0.023305511503598872,83,1,False,-0.14554858856639616,0.1881867664704571,,False,True,P3
2018-01-31,VWO,6,2018-07-31,2018-07-31,13,0.24916309693458483,0.071759120626985765,0.049082014896029147,10000,0.060220329081238887,0.75,0.045165246810929163,0.4911700072026729,-0.001064371211233193,149,1,False,-0.12533168908554376,0.21566218270740212,0.74066220396968674,False,False,P3
2018-01-31,VXUS,6,2018-07-31,2018-07-31,13,0.19663751998622603,0.055841804586444672,0.0020365407059795494,10000,0.02052653828891305,0.75,0.015394903716684788,0.34364662951958119,0.066272044776011341,78,1,False,-0.12722612307361744,0.15801593050698701,,False,True,P3
2018-02-28,BND,6,2018-08-31,2018-08-31,13,0.15956932974148086,0.069064472762657078,0.069581617444403027,1048.1131341546852,0.069336783941671171,0.75,0.052002587956253378,0.47343327964867049,0.049979231603670689,125,1,False,-0.18263302642837986,0.28663820234088661,0.84166431356937099,False,False,P3
2018-02-28,DBC,6,2018-08-31,2018-08-31,13,0.13931892045000205,0.1318535246493765,0.050367019428895536,10000,0.081156009174287599,0.75,0.060867006880715696,0.37784157833355581,0.056209627110313895,139,1,False,-0.21176371662753832,0.33349773038896968,0.79428136986364939,False,False,P3
2018-02-28,GLD,6,2018-08-31,2018-08-31,13,0.27028799377059476,0.11077713381909818,0.10026132935558561,75.431200633546069,0.10555216171787635,0.75,0.07916412128840726,0.50313148943085795,0.010994915364851931,154,1,False,-0.13947626543333974,0.29780450801015423,0.71454311869069753,False,False,P3
2018-02-28,VDE,6,2018-08-31,2018-08-31,13,0.061950775727321883,0.064293528951594903,0.024421329207281774,10000,0.044500626777289783,0.75,0.033375470082967339,0.50359141704670729,0.01432390688307387,155,0,False,-0.27716306717869893,0.34391400734463357,0.68233252728444804,False,False,P3
2018-02-28,VMBS,6,2018-08-31,2018-08-31,13,0.15611587047575859,0.071367135089867542,0.078615338449239042,4714.8663634573895,0.075355405632708511,0.75,0.056516554224531383,0.44975736122464599,0.080907548851591404,93,1,False,-0.19300006820810273,0.30603317665716551,0.78956379717964764,False,False,P3
2018-02-28,VOO,6,2018-08-31,2018-08-31,13,0.10415112569295437,0.011354486076274387,0.013034269857005048,10000,0.012518027123705932,0.75,0.0093885203427794481,0.30732689481890541,0.023998016082562072,84,1,False,-0.15512213363676575,0.17389917432232466,,False,True,P3
2018-02-28,VWO,6,2018-08-31,2018-08-31,13,0.29880633437380189,0.071125730179360344,-0.01990114532551332,10000,0.025401087755308561,0.75,0.019050815816481423,0.49767975479281784,-0.00040348436157895998,150,1,False,-0.14856243228123112,0.18666406391419393,0.74644660882810276,False,False,P3
2018-02-28,VXUS,6,2018-08-31,2018-08-31,13,0.22594440598958165,0.055613830125669415,-0.029122921016906955,10000,0.0056208376669128132,0.75,0.0042156282501846099,0.41001995256297485,0.066975608765431793,79,1,False,-0.13802961581492723,0.14646087231529648,,False,True,P3
2018-03-30,BND,6,2018-09-28,2018-09-28,14,0.16733934294045572,0.13155449833818694,0.21306957979389696,75.431200633546069,0.17455831174369865,0.75,0.130918733807774,0.47244347134858533,0.051932612180285151,126,1,False,-0.1238886019248677,0.38572606954041566,0.95176166533078788,False,False,P3
2018-03-30,DBC,6,2018-09-28,2018-09-28,14,0.10762422730364873,0.16368191828232884,0.2599927630549983,109.85411419875572,0.22329110629892152,0.75,0.16746832972419112,0.38107501645019054,0.057105123338235142,140,1,False,-0.09883878753407771,0.43377544698245996,0.87036492355432082,False,False,P3
2018-03-30,GLD,6,2018-09-28,2018-09-28,14,0.26951345487655398,0.12151854903153285,0.15549050526517466,35.564803062231285,0.13850251503369229,0.75,0.10387688627526923,0.50005922869579866,0.012533974593422979,155,1,False,-0.10754316217157989,0.31529693472211834,0.7153277470704007,False,False,P3
2018-03-30,VDE,6,2018-09-28,2018-09-28,14,0.013578552259959853,0.14647340434749573,0.33963924081854591,109.85411419875572,0.24157424912704578,0.75,0.18118068684528432,0.50767254439527754,0.016055670516065906,156,0,False,-0.12496703278482652,0.48732840647539516,0.86514594925787758,False,False,P3
2018-03-30,VMBS,6,2018-09-28,2018-09-28,14,0.1641858185233831,0.13713225876567875,0.22793295534183955,75.431200633546069,0.18715489611056166,0.75,0.14036617208292124,0.44909412338125099,0.08318938553591268,94,1,False,-0.1091459760280615,0.389878320193904,0.88721140029364753,False,False,P3
2018-03-30,VOO,6,2018-09-28,2018-09-28,14,0.05278476061557269,0.081985272182470731,0.13166601384492821,109.85411419875572,0.11548968531334536,0.75,0.086617263985009019,0.32560561678987393,0.026366220086434307,85,1,False,-0.08810360529850636,0.2613381332685244,,False,True,P3
2018-03-30,VWO,6,2018-09-28,2018-09-28,14,0.27764543820154797,0.085263721263007075,0.094213359092784416,109.85411419875572,0.089746393133738223,0.75,0.067309794850303667,0.49912253925892358,0.0009148934008816514,151,1,False,-0.096298097590461457,0.23091768729106879,0.74541702419544764,False,False,P3
2018-03-30,VXUS,6,2018-09-28,2018-09-28,14,0.19593575139417518,0.083306529677648941,0.099556849688317045,232.99518105153672,0.09225598362113549,0.75,0.069191987715851611,0.44927521811192933,0.069117280424757149,80,1,False,-0.095211335030062516,0.23359531046176574,,False,True,P3
2018-04-30,BND,6,2018-10-31,2018-10-31,14,0.11355598234571596,0.1338304819604168,0.21854157004435382,75.431200633546069,0.17843245953699224,0.75,0.13382434465274418,0.47348123385711866,0.053819164409499042,127,1,False,-0.12098188369634594,0.38863057300183429,0.95626593179909114,False,False,P3
2018-04-30,DBC,6,2018-10-31,2018-10-31,14,0.11806774626185745,0.16363348851949266,0.2599927630549983,109.85411419875572,0.22286992409388473,0.75,0.16715244307041355,0.38525444634221295,0.057943483218033269,141,1,False,-0.091069272792893063,0.42537415893372016,0.87322670516919088,False,False,P3
2018-04-30,GLD,6,2018-10-31,2018-10-31,14,0.1864853344901799,0.11264111218998761,0.18633417934161581,35.564803062231285,0.1495854497821299,0.75,0.11218908733659742,0.49867281930161822,0.013957260547176401,156,1,False,-0.096156348156043112,0.32053452282923794,0.72140373986549522,False,False,P3
2018-04-30,VDE,6,2018-10-31,2018-10-31,14,0.20047745046031795,0.16209099151154488,0.35200216952588564,109.85411419875572,0.2549674973482563,0.75,0.19122562301119223,0.51094766086018351,0.016932496400069809,157,0,False,-0.11491695773276245,0.4973682037551469,0.87638266930714237,False,False,P3
2018-04-30,VMBS,6,2018-10-31,2018-10-31,14,0.11298327553762388,0.13910518695924942,0.24004365906446645,75.431200633546069,0.19450169070905379,0.75,0.14587626803179035,0.45118543411218148,0.08534225946194883,95,1,False,-0.095326099532962366,0.3870786355965431,0.89670826837588791,False,False,P3
2018-04-30,VOO,6,2018-10-31,2018-10-31,14,0.11264172582748966,0.098613489335129881,0.14554857804718205,109.85411419875572,0.12918930591114333,0.75,0.096891979433357506,0.34855100064694072,0.028714097114575756,86,1,False,-0.085436471596935709,0.27922043046365075,0.97790318425248746,False,False,P3
2018-04-30,VWO,6,2018-10-31,2018-10-31,14,0.28897255944465194,0.091848985723457927,0.10486557738910159,109.85411419875572,0.098360544965815311,0.75,0.073770408724361483,0.49974928847586314,0.0024731716348189948,152,1,False,-0.1171168079910561,0.26465762543977905,0.74788322651896277,False,False,P3
2018-04-30,VXUS,6,2018-10-31,2018-10-31,14,0.25094237401319786,0.092018477956450989,0.11971427455427899,232.99518105153672,0.10672725939424758,0.75,0.080045444545685684,0.46891646947789556,0.071132453546455698,81,1,False,-0.12938473094180056,0.28947562003317195,,False,True,P3
2018-05-31,BND,6,2018-11-30,2018-11-30,14,0.061629717620884428,0.14401335408692173,0.22011887882282943,75.431200633546069,0.18404450734263714,0.75,0.13803338050697786,0.4740046350823186,0.055330090886850161,128,1,False,-0.10200363556347875,0.37807039657743446,0.96120405700355904,False,False,P3
2018-05-31,DBC,6,2018-11-30,2018-11-30,14,0.21468999516709164,0.20017277785782769,0.2226545612216845,109.85411419875572,0.21390817029699577,0.75,0.16043112772274681,0.38904346613133972,0.058458434729317423,142,1,False,-0.090609532145291105,0.41147178759078473,0.87231944856463506,False,False,P3
2018-05-31,GLD,6,2018-11-30,2018-11-30,14,0.12544310061378061,0.14222994944478379,0.18171876222952435,35.564803062231285,0.16206743806472423,0.75,0.12155057854854318,0.49764282030767587,0.015268982813739229,157,1,False,-0.084627944829887058,0.32772910192697341,0.72654272070103054,False,False,P3
2018-05-31,VDE,6,2018-11-30,2018-11-30,14,0.17871243598696407,0.20436068408956204,0.26318196384939579,109.85411419875572,0.23285833732775085,0.75,0.17464375299581314,0.51552136650980318,0.017508765041849918,158,1,False,-0.13043599384837051,0.47972349983999679,0.86475453857521112,False,False,P3
2018-05-31,VMBS,6,2018-11-30,2018-11-30,14,0.056757566974074747,0.1465689879823861,0.2090350393482798,75.431200633546069,0.18077931224492916,0.75,0.13558448418369687,0.45233733340760202,0.086971657368576996,96,1,False,-0.10557825827561335,0.37674722664300708,0.89313826080387393,False,False,P3
2018-05-31,VOO,6,2018-11-30,2018-11-30,14,0.040248190456021682,0.11193309373906669,0.11607922191193433,109.85411419875572,0.11456707269561975,0.75,0.085925304521714818,0.36471357210086414,0.030357752190109038,87,1,False,-0.092704709218706549,0.26455531826213619,0.95010613559668544,False,False,P3
2018-05-31,VWO,6,2018-11-30,2018-11-30,14,0.16883374189971279,0.12705186381562153,0.11543738860791621,109.85411419875572,0.12126553803999397,0.75,0.090949153529995483,0.50180049703935281,0.0039599628500634173,153,1,False,-0.11106370354679322,0.29296201060678417,0.74888186357681819,False,False,P3
2018-05-31,VXUS,6,2018-11-30,2018-11-30,14,0.16016058040758863,0.10482294975688958,0.11393448530952759,232.99518105153672,0.10939597138891581,0.75,0.082046978541686855,0.49810637234442479,0.072932254875785196,82,1,False,-0.1338572804738237,0.29795123755719743,,False,True,P3
2018-06-29,BND,6,2018-12-31,2018-12-31,14,-0.0061577745180163568,0.1410481996767507,0.22726043297620127,75.431200633546069,0.18643924011220173,0.75,0.1398294300841513,0.47349652481696791,0.055598002659342304,129,1,False,-0.099585808377865459,0.37924466854616806,0.96426063780742721,False,False,P3
2018-06-29,DBC,6,2018-12-31,2018-12-31,14,0.18069339171161791,0.21238104517099027,0.23512911517097718,109.85411419875572,0.22634247117031789,0.75,0.16975685337773841,0.3862588782549175,0.05810119233027651,143,1,False,-0.077608565184668854,0.41712227194014567,0.88039162596347698,False,False,P3
2018-06-29,GLD,6,2018-12-31,2018-12-31,14,-0.011858756174617291,0.15053896544759743,0.21642176071602046,35.564803062231285,0.18357856179696982,0.75,0.13768392134772736,0.49850949379484022,0.015882650725608027,158,1,False,-0.067364527534185509,0.3427323702296402,0.73227676209048853,False,False,P3
2018-06-29,VDE,6,2018-12-31,2018-12-31,14,0.26825864717666115,0.22268548727627194,0.26737700979271284,109.85411419875572,0.24437588751754677,0.75,0.18328191563816007,0.5146641013786124,0.017376158986714425,159,0,False,-0.10575913256376704,0.47232296384008721,0.86806092667951351,False,False,P3
2018-06-29,VMBS,6,2018-12-31,2018-12-31,14,-0.0079102686423926372,0.14108530188958854,0.21470326771312814,75.431200633546069,0.18145115142555282,0.75,0.13608836356916462,0.45168480160508351,0.086909473236126439,97,1,False,-0.10503758414937758,0.37721431128770683,0.89703968305217296,False,False,P3
2018-06-29,VOO,6,2018-12-31,2018-12-31,14,0.086600255911649771,0.11997230580032639,0.11719279410850313,109.85411419875572,0.11823392676060601,0.75,0.088675445070454509,0.37457394230996627,0.03052748280742219,88,1,False,-0.089954134082108131,0.26730502422301716,0.93029192988146236,False,False,P3
2018-06-29,VWO,6,2018-12-31,2018-12-31,14,0.087422222140168926,0.13846567389298747,0.14449231632307449,109.85411419875572,0.14146125595056952,0.75,0.10609594196292714,0.50294345610632374,0.0048752785622903257,154,1,False,-0.094586684635833404,0.30677856856168767,0.74988567810801687,False,False,P3
2018-06-29,VXUS,6,2018-12-31,2018-12-31,14,0.12408896131823799,0.11272180957893077,0.14839853298802352,232.99518105153672,0.12959029866421315,0.75,0.097192723998159869,0.52718502504119491,0.073339023039584006,83,1,False,-0.11867749390490415,0.31306294190122386,,False,True,P3
2018-07-31,BND,6,2019-01-31,2019-01-31,14,0.070443078878112075,0.148716907983165,0.21455236516486487,75.431200633546069,0.18334510153791869,0.75,0.13750882615343901,0.47401909188261576,0.056116884853533923,130,1,False,-0.10190633194175722,0.37692398424863527,0.96471737686395675,False,False,P3
2018-07-31,DBC,6,2019-01-31,2019-01-31,14,0.17771920196286828,0.22256579188430239,0.24205820360373076,109.85411419875572,0.2345306867699761,0.75,0.17589801507748207,0.38617678212962836,0.058491590250877148,144,1,False,-0.069322517648545162,0.42111854780350932,0.88725009266536281,False,False,P3
2018-07-31,GLD,6,2019-01-31,2019-01-31,14,0.030004115077329363,0.16015612946062097,0.16464694867862209,35.564803062231285,0.16240464509461158,0.75,0.12180348382095868,0.49930836116100469,0.017102830447824631,159,1,False,-0.080364036388517412,0.32397100403043477,0.74159191932768576,False,False,P3
2018-07-31,VDE,6,2019-01-31,2019-01-31,14,0.27198321267042613,0.23599542455352313,0.22710527982427697,109.85411419875572,0.23168116901988989,0.75,0.17376087676491742,0.51471481454733403,0.01793235228561843,160,1,False,-0.1109788087056352,0.45850056223547003,0.8648722407852274,False,False,P3
2018-07-31,VMBS,6,2019-01-31,2019-01-31,14,0.069903927946587618,0.1489425253227083,0.2092179063577484,75.431200633546069,0.18198903005191122,0.75,0.13649177253893341,0.45174125552201982,0.087215457401147375,98,1,False,-0.0957362186951356,0.36871976377300242,0.90089326586173768,False,False,P3
2018-07-31,VOO,6,2019-01-31,2019-01-31,14,0.1365405024512546,0.13364906229918322,0.11949275425337209,109.85411419875572,0.12479921399420815,0.75,0.093599410495656121,0.37484771620283092,0.031571664159885583,89,1,False,-0.083098003171557827,0.27029682416287004,0.94044318675146876,False,False,P3
2018-07-31,VWO,6,2019-01-31,2019-01-31,14,0.13621053171259423,0.14938075433473166,0.15352721982754175,109.85411419875572,0.15143765358384981,0.75,0.11357824018788736,0.50393913739670948,0.0064513290034019042,155,1,False,-0.098081663612454281,0.32523814398822898,0.75161605114116092,False,False,P3
2018-07-31,VXUS,6,2019-01-31,2019-01-31,14,0.16843964329945516,0.12062740602051056,0.14380070617847585,232.99518105153672,0.13127281472400854,0.75,0.098454611043006401,0.54061749379969704,0.074806862288948797,84,1,False,-0.11738557058436949,0.31429479267038229,,False,True,P3
2018-08-31,BND,6,2019-02-28,2019-02-28,14,0.087778964105356794,0.14694144833813821,0.18664928619404597,75.431200633546069,0.16781324401650408,0.75,0.12585993301237805,0.47436584801958576,0.05690659817328924,131,1,False,-0.11274382325472684,0.36446368927948292,0.95900038227844564,False,False,P3
2018-08-31,DBC,6,2019-02-28,2019-02-28,14,0.17346358517349114,0.21947679043097507,0.14504587498539709,109.85411419875572,0.17405926781790693,0.75,0.13054445086343019,0.38980298252174134,0.059049020114319388,145,1,False,-0.10782610155209646,0.36891500327895688,0.86318699379286223,False,False,P3
2018-08-31,GLD,6,2019-02-28,2019-02-28,14,0.0054500197449185439,0.13472924171833084,0.10058276723567652,35.564803062231285,0.1176442109393071,0.75,0.088233158204480328,0.49965461917005299,0.01868523771859195,160,1,False,-0.1135585138764118,0.29002483028537246,0.74823951210185646,False,False,P3
2018-08-31,VDE,6,2019-02-28,2019-02-28,14,0.23727432163249718,0.24495994835882554,0.17883625780181756,109.85411419875572,0.21295967927192244,0.75,0.15971975945394185,0.51605440021055193,0.018205758642399199,161,1,False,-0.11861955587259837,0.43805907478048206,0.85631755575774426,False,False,P3
2018-08-31,VMBS,6,2019-02-28,2019-02-28,14,0.087678875222807706,0.14840931675898172,0.18140949550228264,75.431200633546069,0.1664993129778744,0.75,0.1248744847334058,0.45182126558738761,0.0879114211695778,99,1,False,-0.10731134917541661,0.3570603186422282,0.89617802650429768,False,False,P3
2018-08-31,VOO,6,2019-02-28,2019-02-28,14,0.13947370073039078,0.13728623322876132,0.091762809237655729,109.85411419875572,0.10900498207307718,0.75,0.081753736554807888,0.37875386611495288,0.032378102621364126,90,1,False,-0.094926808348017311,0.25843428145763309,0.92682267734498192,False,False,P3
2018-08-31,VWO,6,2019-02-28,2019-02-28,14,0.097650211017021649,0.15134006369441505,0.13986149463451125,109.85411419875572,0.14569193196070451,0.75,0.10926894897052838,0.5079411288781428,0.0083253995506480556,156,1,False,-0.13553220304503324,0.35407010098609004,0.75356320379766406,False,False,P3
2018-08-31,VXUS,6,2019-02-28,2019-02-28,14,0.14107144324955778,0.12464673534480621,0.10708001147186953,232.99518105153672,0.11689123484822141,0.75,0.087668426136166058,0.55851184588078295,0.076584951038368002,85,1,False,-0.13416038996234969,0.30949724223468184,,False,True,P3
2018-09-28,BND,6,2019-03-29,2019-03-29,15,0.0069007273279921844,0.35983555714396648,0.19415926640955836,0.0001,0.27291494997861482,0.75,0.20468621248396113,0.47535880493188915,0.057743209876070803,132,1,False,-0.030012083266160478,0.4393845082340827,0.99017360547719757,False,False,P3
2018-09-28,DBC,6,2019-03-29,2019-03-29,15,0.15742857149205491,0.15241996822255355,0.088611023131060021,3237.4575428176399,0.1137810141869532,0.75,0.085335760640214905,0.39445866123946671,0.059381727012876438,146,1,False,-0.14908705353126755,0.31975857481169734,0.8342828052087421,False,False,P3
2018-09-28,GLD,6,2019-03-29,2019-03-29,15,-0.028480833028893038,0.13087864171241301,0.024230141204546411,6866.488450042998,0.077402076522597382,0.75,0.058051557391948033,0.49857180424331343,0.020243176955597929,161,1,False,-0.14071456132331753,0.25681767610721362,0.75345719690862445,False,False,P3
2018-09-28,VDE,6,2019-03-29,2019-03-29,15,0.19023625505064479,0.2339506521122664,0.10864428855555555,75.431200633546069,0.17419441318803086,0.75,0.13064580989102315,0.52311888057312272,0.018177195640038456,162,1,False,-0.14608308760519623,0.40737470738724252,0.83284987274044864,False,False,P3
2018-09-28,VMBS,6,2019-03-29,2019-03-29,15,0.011458843873307645,0.35604014030439485,0.19008300637828862,0.0001,0.26596469895864161,0.75,0.19947352421898121,0.45723670194340615,0.088674165143115852,100,1,False,-0.031467697607410861,0.43041474604537328,0.96118515241348579,False,False,P3
2018-09-28,VOO,6,2019-03-29,2019-03-29,15,0.0709689661010936,0.16597369093285874,0.077272811652762438,75.431200633546069,0.1118593326902973,0.75,0.083894499517722973,0.38992309116033486,0.03260235161031147,91,1,False,-0.090904954467710866,0.25869395350315683,0.94275246094416287,False,False,P3
2018-09-28,VWO,6,2019-03-29,2019-03-29,15,0.0078393146512552025,0.083938272468409431,0.07394942660600827,10000,0.079017893999605168,0.75,0.059263420499703873,0.50741271448336522,0.010040813809570982,157,1,False,-0.17354443061128544,0.29207127161069318,0.76379304769500522,False,False,P3
2018-09-28,VXUS,6,2019-03-29,2019-03-29,15,0.07910748093020803,0.14230542598682888,0.09564691326079848,159.98587196060572,0.12137231821692825,0.75,0.091029238662696188,0.55135501440400103,0.077972751042505298,86,1,False,-0.13079431225902383,0.3128527895844162,,False,True,P3
2018-10-31,BND,6,2019-04-30,2019-04-30,15,0.11144099352613779,0.41715365571809143,0.22377041265790609,0.0001,0.31708396158381535,0.75,0.23781297118786152,0.48253172017012824,0.058162854781857606,133,1,False,0.0031202166764953965,0.47250572569922766,0.99488945230172576,False,False,P3
2018-10-31,DBC,6,2019-04-30,2019-04-30,15,0.23314237630964629,0.15102987945032315,0.12883177406018073,3237.4575428176399,0.13768814468956647,0.75,0.10326610851717485,0.39896966311902532,0.05978095163361781,147,1,False,-0.13055634526203047,0.33708856229638018,0.85114013369906671,False,False,P3
2018-10-31,GLD,6,2019-04-30,2019-04-30,15,0.12358815502192022,0.12986068169135737,0.16355350787191497,6866.488450042998,0.1468342641844062,0.75,0.11012569813830465,0.49622562375478491,0.021269363113218809,162,1,False,-0.083442809422565559,0.30369420569917488,0.76035220522520419,False,False,P3
2018-10-31,VDE,6,2019-04-30,2019-04-30,15,0.17086802671497792,0.22266315050768801,0.13626115050528653,75.431200633546069,0.18181409620907152,0.75,0.13636057215680364,0.52722096366425419,0.019295602111328518,163,1,False,-0.13207016203338434,0.40479130634699162,0.844078635437158,False,False,P3
2018-10-31,VMBS,6,2019-04-30,2019-04-30,15,0.11882882456885246,0.41338150469199009,0.22215083605812247,0.0001,0.31225086635443178,0.75,0.23418814976582383,0.4711588938112003,0.088914849404447632,101,1,False,0.0032470604493493038,0.46512923908229836,0.98171913241461006,False,False,P3
2018-10-31,VOO,6,2019-04-30,2019-04-30,15,0.045208399644704578,0.1726932379047563,0.064946520618055073,75.431200633546069,0.10741865421941529,0.75,0.080563990664561463,0.39418494290036626,0.033472344808324277,92,1,False,-0.094221106500329582,0.25534908782945254,0.94765714638212495,False,False,P3
2018-10-31,VWO,6,2019-04-30,2019-04-30,15,-0.0089685739999016967,0.083461558016643345,0.066733648819324226,10000,0.075210062985612419,0.75,0.056407547239209314,0.50672287052147846,0.011806204604729722,158,1,False,-0.16789234327408917,0.28070743775250778,0.76699404604640353,False,False,P3
2018-10-31,VXUS,6,2019-04-30,2019-04-30,15,0.054325468695009871,0.14376187919723543,0.092153711562101739,159.98587196060572,0.12009244987517219,0.75,0.090069337406379138,0.54136272596608093,0.079960907628375322,87,1,False,-0.13174947485622474,0.31188814966898304,,False,True,P3
2018-11-30,BND,6,2019-05-31,2019-05-31,15,0.1754069707101642,0.51266830733087299,0.22331219145129125,0.0001,0.36479894041474281,0.75,0.27359920531105708,0.48897099870642641,0.058188726892596611,134,1,False,0.055131393737282208,0.49206701688483195,0.99750261662529527,False,False,P3
2018-11-30,DBC,6,2019-05-31,2019-05-31,15,0.24118292695474253,0.14767150334406171,0.15858188987316707,3237.4575428176399,0.15423077817632425,0.75,0.11567308363224318,0.39880454145556493,0.060827634360195337,148,1,False,-0.11583422382080366,0.34718039108529003,0.86336027392281667,False,False,P3
2018-11-30,GLD,6,2019-05-31,2019-05-31,15,0.17595054294298751,0.12766302188477249,0.19451324883967688,6866.488450042998,0.16125589750784897,0.75,0.12094192313088672,0.4974904775456121,0.021908465797271338,163,1,False,-0.067499893774394026,0.30938374003616748,0.76749307092109764,False,False,P3
2018-11-30,VDE,6,2019-05-31,2019-05-31,15,0.35242735296964456,0.12391502565345743,0.15887808209282767,75.431200633546069,0.14037154565601079,0.75,0.10527865924200809,0.52931689393086168,0.020267655976423854,164,1,False,-0.15628193407478519,0.36683925255880134,0.81264230303444396,False,False,P3
2018-11-30,VMBS,6,2019-05-31,2019-05-31,15,0.19414783420238724,0.5187319062353164,0.2174915429648682,0.0001,0.36205602247446944,0.75,0.27154201685585211,0.47989744116665345,0.088599581929640042,102,1,False,0.045510525239804978,0.49757350847189924,0.99228674542058526,False,False,P3
2018-11-30,VOO,6,2019-05-31,2019-05-31,15,0.23479142256051722,0.1254202186267856,0.087499814997830133,75.431200633546069,0.10257790952762583,0.75,0.076933432145719377,0.39762484274514109,0.033545203363675863,93,1,False,-0.090354161991201387,0.24422102628264014,0.94995564179772918,False,False,P3
2018-11-30,VWO,6,2019-05-31,2019-05-31,15,0.21042184023507104,0.081631824175071629,0.063693464245857645,10000,0.072791778332106774,0.75,0.054593833749080084,0.5071987696841691,0.012793799178912003,159,1,False,-0.16590015208602907,0.27508781958418926,0.76996116722559427,False,False,P3
2018-11-30,VXUS,6,2019-05-31,2019-05-31,15,0.22465414110855431,0.10603576869263706,0.079638268878930149,159.98587196060572,0.093848277274367981,0.75,0.070386207955775992,0.53830887378430003,0.080872267546320931,88,1,False,-0.1455799815008787,0.28635239741243068,,False,True,P3
2018-12-31,BND,6,2019-06-28,2019-06-28,15,0.32902598290896945,0.47378395026812592,0.22380374209659601,0.0001,0.34779593608191561,0.75,0.26084695206143671,0.49600804356575057,0.057712086141406889,135,1,False,0.044922024806253957,0.47677187931661946,0.98471833327871772,False,False,P3
2018-12-31,DBC,6,2019-06-28,2019-06-28,15,0.3045280222337341,0.14805604247615561,0.16210438325132748,3237.4575428176399,0.15648470271818926,0.75,0.11736352703864195,0.4000245027562323,0.061632102530339107,149,1,False,-0.10826320400051029,0.34299025807779415,0.86752464591098688,False,False,P3
2018-12-31,GLD,6,2019-06-28,2019-06-28,15,0.29282848464277755,0.12826487000705455,0.19134032822069655,6866.488450042998,0.15982838178644093,0.75,0.1198712863398307,0.49959124082019279,0.021702568102320803,164,1,False,-0.062199783795735833,0.30194235647539724,0.74491812040489847,False,False,P3
2018-12-31,VDE,6,2019-06-28,2019-06-28,15,0.26713656008256104,0.12232323156927494,0.14581522931265359,75.431200633546069,0.13342106849488242,0.75,0.10006580137116181,0.52759075465450878,0.021770631680667722,165,1,False,-0.15987022859302588,0.36000183133534946,0.80989673364088599,False,False,P3
2018-12-31,VMBS,6,2019-06-28,2019-06-28,15,0.35198882255299524,0.48254359931215474,0.21490293794627635,0.0001,0.34595435608625424,0.75,0.25946576706469071,0.48965436518939082,0.087662593089134877,103,1,False,0.03809698843498327,0.48083454569439815,0.81396270262060411,False,False,P3
2018-12-31,VOO,6,2019-06-28,2019-06-28,15,0.19869752766704729,0.12709877389593519,0.075778604633500307,75.431200633546069,0.096218437358783951,0.75,0.072163828019087967,0.39828069585587089,0.034109618816313886,94,1,False,-0.095050923439114449,0.23937857947729038,0.9493156368431821,False,False,P3
2018-12-31,VWO,6,2019-06-28,2019-06-28,15,0.26906380010332853,0.081846767706415247,0.050675702579109895,10000,0.066492689374246752,0.75,0.049869517030685068,0.50742529106846035,0.013260226822419879,160,1,False,-0.16609917871146559,0.2658382127728357,0.77288828783821018,False,False,P3
2018-12-31,VXUS,6,2019-06-28,2019-06-28,15,0.25673917584643879,0.10751092844460752,0.10725792637568608,159.98587196060572,0.1073947855455665,0.75,0.080546089159174883,0.54094091192164251,0.08135784837521888,89,1,False,-0.1353925281047394,0.29648470642308916,,False,True,P3
2019-01-31,BND,6,2019-07-31,2019-07-31,15,0.24426609976040581,0.42520446432367465,0.21674726413690579,0.0001,0.32120806032875932,0.75,0.2409060452465695,0.50111387900375259,0.057805696382117959,136,1,False,0.025589328953730339,0.45622276153940866,0.98206372534347031,False,False,P3
2019-01-31,DBC,6,2019-07-31,2019-07-31,15,0.30559543076867934,0.1449187558661412,0.16671257655846666,3237.4575428176399,0.15796889098552402,0.75,0.11847666823914302,0.40120021617052531,0.062406016526555967,150,1,False,-0.097576131374550651,0.33452946785283666,0.87108764185830112,False,False,P3
2019-01-31,GLD,6,2019-07-31,2019-07-31,15,0.21463785115357892,0.12695019721869152,0.19515371018022531,6866.488450042998,0.16107005855875081,0.75,0.12080254391906312,0.4997345465283789,0.021752880508229943,165,1,False,-0.057597705047205711,0.29920279288533191,0.75154324630314884,False,False,P3
2019-01-31,VDE,6,2019-07-31,2019-07-31,15,0.3155952956637087,0.060363682507409686,0.1597128127805921,75.431200633546069,0.10727241281951488,0.75,0.080454309614636163,0.52783954743117267,0.023277936385425302,166,1,False,-0.17236598222393845,0.33327460145321081,0.78636596969089101,False,False,P3
2019-01-31,VMBS,6,2019-07-31,2019-07-31,15,0.26107390994624913,0.43432935565882363,0.21093320533250298,0.0001,0.3219588562357959,0.75,0.24146914217684692,0.49698999173045189,0.087491836693533456,104,1,False,0.020126827281370829,0.46281145707232302,0.86326435817111546,False,False,P3
2019-01-31,VOO,6,2019-07-31,2019-07-31,15,0.15487844146846164,0.092153005590321163,0.078627984711025972,75.431200633546069,0.084052094148018175,0.75,0.063039070611013631,0.40104259249578805,0.035187838644050104,95,1,False,-0.10148974457920301,0.22756788580123027,0.94142277243656802,False,False,P3
2019-01-31,VWO,6,2019-07-31,2019-07-31,15,0.25370654984833929,0.081113604584918342,0.072195934912869977,10000,0.07672249285808469,0.75,0.057541869643563517,0.50759426079694403,0.014023893312420961,161,1,False,-0.15361397157886836,0.26869771086599542,0.77525160173704499,False,False,P3
2019-01-31,VXUS,6,2019-07-31,2019-07-31,15,0.2400954780715574,0.083342790542270589,0.10942307141389188,159.98587196060572,0.095467776666317117,0.75,0.071600832499737838,0.53508989478560065,0.082325423874377052,90,1,False,-0.13765964984094359,0.28086131484041926,,False,True,P3
2019-02-28,BND,6,2019-08-30,2019-08-30,15,-0.027470843334324702,0.37781085723688024,0.21192145337531043,0.0001,0.2955467632281169,0.75,0.22166007242108768,0.50410278116732243,0.058024479358200001,137,1,False,0.013150863306581662,0.43016928153559369,0.97880571514677372,False,False,P3
2019-02-28,DBC,6,2019-08-30,2019-08-30,15,0.12992305366019374,0.14852325545525813,0.13727151475294885,3237.4575428176399,0.14178131990276319,0.75,0.10633598992707238,0.40080955197347662,0.06314149711362177,151,1,False,-0.096746808863470091,0.30941878871761486,0.86440875176225995,False,False,P3
2019-02-28,GLD,6,2019-08-30,2019-08-30,15,-0.093804782044841994,0.12890303081462462,0.14114160074377721,6866.488450042998,0.13503847335031635,0.75,0.10127885501273726,0.49867978275166258,0.021654670503631679,166,1,False,-0.069929261515663671,0.27248697154113821,0.75657145043481,False,False,P3
2019-02-28,VDE,6,2019-08-30,2019-08-30,15,0.18543193563656513,0.15598556059661764,0.10817289755129461,75.431200633546069,0.13349747466622902,0.75,0.10012310599967177,0.52966255175806676,0.024559351865946693,167,1,False,-0.14594303036443512,0.34618924236377863,0.81760722605033742,False,False,P3
2019-02-28,VMBS,6,2019-08-30,2019-08-30,15,0.0081704235414779003,0.38287459739300683,0.20896784583616568,0.0001,0.29606839635094961,0.75,0.22205129726321221,0.50084628535146491,0.087493618012859875,105,1,False,0.010886010339465568,0.43321658418695885,0.88624110852882676,False,False,P3
2019-02-28,VOO,6,2019-08-30,2019-08-30,15,-0.0063472895216216685,0.13783317537600528,0.094813610404733226,75.431200633546069,0.1124346477580805,0.75,0.084325985818560378,0.40960519626626601,0.036274149707449486,96,1,False,-0.080195201663174259,0.24884717330029502,0.96775586896495425,False,False,P3
2019-02-28,VWO,6,2019-08-30,2019-08-30,15,0.077520657586741426,0.082612087914808632,0.032597978847942355,10000,0.057958646169780387,0.75,0.04346898462733529,0.50707026067248606,0.014540105150103681,162,1,False,-0.16667885544590527,0.25361682470057584,0.77743022615576629,False,False,P3
2019-02-28,VXUS,6,2019-08-30,2019-08-30,15,0.059112961532257979,0.11967853874642995,0.084591664491755522,159.98587196060572,0.10348897004995392,0.75,0.07761672753746543,0.53858617957912847,0.082970984526851574,91,1,False,-0.13160563531024297,0.28683909038517386,,False,True,P3
2019-03-29,BND,6,2019-09-30,2019-09-30,16,0.018281690369724268,0.18605224690794936,0.15041098779957157,5.4286754393238592,0.16794318262199548,0.75,0.12595738696649661,0.4919072799620266,0.057654017386966606,138,1,False,-0.082535945126288035,0.33445071905928125,0.93143945230089964,False,False,P3
2019-03-29,DBC,6,2019-09-30,2019-09-30,16,0.11697400554772952,0.13681271666061154,0.12358917335759381,719.68567300115137,0.12892539096605043,0.75,0.096694043224537826,0.40353916391220596,0.063761806813479871,152,1,False,-0.093489440552977796,0.28687752700205343,0.85893371132535123,False,False,P3
2019-03-29,GLD,6,2019-09-30,2019-09-30,16,-0.083814825556432826,0.15558263108260525,0.18978342537444218,11.513953993264458,0.17284001236305721,0.75,0.1296300092722929,0.49540992723169042,0.021354457907628542,167,1,False,-0.03820021046977129,0.29746022901435709,0.74422351303788703,False,False,P3
2019-03-29,VDE,6,2019-09-30,2019-09-30,16,0.17974445283655982,0.14632018363806093,0.19601524776090484,109.85411419875572,0.16963067703854154,0.75,0.12722300777890616,0.53092940291095847,0.025545523908712748,168,1,False,-0.11571669827040951,0.37016271382822186,0.85495639265009604,False,False,P3
2019-03-29,VMBS,6,2019-09-30,2019-09-30,16,0.040982179567136789,0.18937956793320843,0.16247692029050506,5.4286754393238592,0.17546462556105683,0.75,0.13159846917079263,0.48276680581936549,0.086776308822864107,106,1,False,-0.079495178671812244,0.34269211701339752,0.87372853471783019,False,False,P3
2019-03-29,VOO,6,2019-09-30,2019-09-30,16,0.016855806284562069,0.1908693069081753,0.098864818824210082,16.768329368110066,0.13533413137087555,0.75,0.10150059852815665,0.39638623404309148,0.036631828226971586,97,1,False,-0.056840767968191486,0.2598419650245048,0.981132882027133,False,False,P3
2019-03-29,VWO,6,2019-09-30,2019-09-30,16,0.10949653098534307,0.17414246355779617,0.14533821526063895,109.85411419875572,0.15993048102061885,0.75,0.11994786076546414,0.50660116554473889,0.014498996005938965,163,1,False,-0.085191302821951656,0.32508702435287995,0.78251875605722332,False,False,P3
2019-03-29,VXUS,6,2019-09-30,2019-09-30,16,0.063524381821334019,0.2615993906225072,0.10693465330927657,35.564803062231285,0.18856051712253311,0.75,0.14142038784189984,0.52776001324688471,0.082928989922540233,92,1,False,-0.06776690507227337,0.35060768075607307,,False,True,P3
2019-04-30,BND,6,2019-10-31,2019-10-31,16,-0.13940685418586107,0.16747725048437159,0.14284296222544873,5.4286754393238592,0.154630996907413,0.75,0.11597324768055975,0.47852142339426046,0.058040974049838337,139,1,False,-0.089299573544196348,0.32124606890531582,0.92361180064918169,False,False,P3
2019-04-30,DBC,6,2019-10-31,2019-10-31,16,-0.061908712629002327,0.14162131762288216,0.10231472089798779,719.68567300115137,0.11823690639735232,0.75,0.088677679798014247,0.40507667480864362,0.064868869359206438,153,1,False,-0.084150564300831537,0.26150592389686,0.85439443211743638,False,False,P3
2019-04-30,GLD,6,2019-10-31,2019-10-31,16,-0.25693219454380833,0.17259410274919232,0.18650363029888742,11.513953993264458,0.17959823567431021,0.75,0.13469867675573266,0.49645069538890052,0.021962991819023128,168,1,False,-0.030677989609443679,0.300075343120909,0.75045764729022135,False,False,P3
2019-04-30,VDE,6,2019-10-31,2019-10-31,16,0.025221071744130241,0.16017721874258048,0.17172071165823746,109.85411419875572,0.16560040827559716,0.75,0.12420030620669786,0.53019510016236637,0.026405420375022009,169,1,False,-0.10681377349904003,0.35521438591243576,0.85510379517877289,False,False,P3
2019-04-30,VMBS,6,2019-10-31,2019-10-31,16,-0.12106827579743529,0.1643589945231895,0.1551022640480679,5.4286754393238592,0.15939370976953326,0.75,0.11954528232714995,0.4636027518570453,0.087075865044789244,107,1,False,-0.083979290473402107,0.32306985512770203,0.87660356619101099,False,False,P3
2019-04-30,VOO,6,2019-10-31,2019-10-31,16,-0.12622519844516877,0.18630721872701048,0.098320495663222346,16.768329368110066,0.13189114804808377,0.75,0.09891836103606283,0.38154225110217532,0.036719344261846414,98,1,False,-0.055985839672169885,0.25382256174429552,0.98149458548358826,False,False,P3
2019-04-30,VWO,6,2019-10-31,2019-10-31,16,-0.071652543067576069,0.19435326509137679,0.14533821526063895,109.85411419875572,0.17013225686370953,0.75,0.12759919264778213,0.50584548396239692,0.014355901066878963,164,1,False,-0.074929940377279763,0.330128325672844,0.77395634935168001,False,False,P3
2019-04-30,VXUS,6,2019-10-31,2019-10-31,16,-0.1062953475278321,0.27254366992140855,0.099886283372064649,35.564803062231285,0.18898793193488303,0.75,0.14174094895116227,0.51606044979346399,0.082621425178158181,93,1,False,-0.043671359355269335,0.32715325725759387,,False,True,P3
2019-05-31,BND,6,2019-11-29,2019-11-29,16,-0.11516627744109653,0.19663099186681501,0.16021962178048907,5.4286754393238592,0.1769428772179123,0.75,0.13270715791343424,0.45928662936261078,0.058879302597412093,140,1,False,-0.06679837673167377,0.33221269255854224,0.93871251119655463,False,False,P3
2019-05-31,DBC,6,2019-11-29,2019-11-29,16,-0.088126651253856214,0.13988300091368755,0.10738556317151272,719.68567300115137,0.12055685070984362,0.75,0.090417638032382716,0.40530233930527204,0.066013765837099531,154,1,False,-0.064340050493577786,0.24517532655834323,0.85809051584721419,False,False,P3
2019-05-31,GLD,6,2019-11-29,2019-11-29,16,-0.19404375263779727,0.13902949615260862,0.17994592521422587,11.513953993264458,0.15966989590532019,0.75,0.11975242192899013,0.49554738216209987,0.022874160760585044,169,1,False,-0.040002739740156334,0.2795075835981366,0.75635509526930944,False,False,P3
2019-05-31,VDE,6,2019-11-29,2019-11-29,16,-0.067095441658188815,0.16190183916956538,0.082953590036475192,109.85411419875572,0.12467440939354768,0.75,0.09350580704516076,0.52845781654688673,0.028323196449108027,170,1,False,-0.16501388393673982,0.35202549802706135,0.81933199538406043,False,False,P3
2019-05-31,VMBS,6,2019-11-29,2019-11-29,16,-0.10259146354117032,0.19799727019458777,0.16276433230799231,5.4286754393238592,0.17808445543921761,0.75,0.13356334157941321,0.43482389065982252,0.08806727216661886,108,1,False,-0.066584847724013713,0.33371153088284011,0.89328067898259933,False,False,P3
2019-05-31,VOO,6,2019-11-29,2019-11-29,16,-0.22898277272603507,0.2125145289055618,0.029097239911275198,16.768329368110066,0.10102029963108211,0.75,0.075765224723311583,0.39212802737503821,0.038720072325469354,99,1,False,-0.083654461090506491,0.23518491053712964,0.96704120426774509,False,False,P3
2019-05-31,VWO,6,2019-11-29,2019-11-29,16,-0.13128150602383803,0.20182053626453827,0.14561005624170226,109.85411419875572,0.17408230644121825,0.75,0.13056172983091369,0.50652921284338559,0.015544179486080128,165,1,False,-0.071454857930632887,0.33257831759246026,0.77650980619833865,False,False,P3
2019-05-31,VXUS,6,2019-11-29,2019-11-29,16,-0.16443671462238652,0.28725236164493417,0.098517893595345046,35.564803062231285,0.19675704772184338,0.75,0.14756778579138252,0.52051517214484866,0.084132411517843245,94,1,False,-0.037690089476645788,0.3328256610594108,,False,True,P3
2019-06-28,BND,6,2019-12-31,2019-12-31,16,-0.12186736057929959,0.17437319728768919,0.15998026686879116,5.4286754393238592,0.1665623990109194,0.75,0.12492179925818955,0.45731702652337169,0.060795236500330939,141,1,False,-0.072983222503593959,0.32282682101997306,0.93315038975437181,False,False,P3
2019-06-28,DBC,6,2019-12-31,2019-12-31,16,-0.13338767270661978,0.13641213742369396,0.11578138856797091,719.68567300115137,0.124154289348463,0.75,0.093115717011347243,0.40584570337442794,0.067552567491271365,155,1,False,-0.10964069719682384,0.29587213121951833,0.86255067946782726,False,False,P3
2019-06-28,GLD,6,2019-12-31,2019-12-31,16,-0.1635741076401348,0.12310992986102305,0.21512083318538897,11.513953993264458,0.16969810136490698,0.75,0.12727357602368022,0.49366683924788013,0.024462127371656765,170,1,False,-0.045104762754080707,0.29965191480144115,0.76267285116631756,False,False,P3
2019-06-28,VDE,6,2019-12-31,2019-12-31,16,-0.067294858914601741,0.12979713052243871,0.13591922416803962,109.85411419875572,0.13269081641093095,0.75,0.099518112308198209,0.52733720586395794,0.029719765827081433,171,1,False,-0.14847112059997278,0.34750734521636917,0.83104522304249095,False,False,P3
2019-06-28,VMBS,6,2019-12-31,2019-12-31,16,-0.11691297847045179,0.17619177687182108,0.16563674534001147,5.4286754393238592,0.17025087031886468,0.75,0.12768815273914852,0.43714933157212177,0.090488570794016801,109,1,False,-0.072444280170601782,0.32782058564889882,0.89417417250817421,False,False,P3
2019-06-28,VOO,6,2019-12-31,2019-12-31,16,-0.20783475991880762,0.18287296371347248,0.061986518795297034,16.768329368110066,0.11070844814584554,0.75,0.083031336109384152,0.40303881368607519,0.040319846878885131,100,1,False,-0.076342417486815667,0.24240508970558397,0.97497969546016883,False,False,P3
2019-06-28,VWO,6,2019-12-31,2019-12-31,16,-0.17032587729844029,0.16136310557062117,0.14777385869687704,109.85411419875572,0.15467316842217749,0.75,0.11600487631663312,0.50770361223112614,0.017071406116304515,166,1,False,-0.095159108714448826,0.32716886134771506,0.77827982623053527,False,False,P3
2019-06-28,VXUS,6,2019-12-31,2019-12-31,16,-0.17279245494659567,0.25185446288507979,0.10883960728598191,35.564803062231285,0.18312165600074345,0.75,0.13734124200055758,0.51940092799163784,0.085949324826565296,95,1,False,-0.039753546397827272,0.31443603039894241,,False,True,P3
2019-07-31,BND,6,2020-01-31,2020-01-31,16,-0.02555045740022277,0.23791993730068398,0.17872942545037357,5.4286754393238592,0.20523294453892713,0.75,0.15392470840419534,0.44776634396369996,0.062087284833148369,142,1,False,-0.042583504686396767,0.35043292149478744,0.95478596930362525,False,False,P3
2019-07-31,DBC,6,2020-01-31,2020-01-31,16,0.064725733050436163,0.14416800831772925,0.13311198481460354,719.68567300115137,0.13760175241339867,0.75,0.103201314310049,0.40609244341112388,0.069078483281511158,156,1,False,-0.083934405275255225,0.29033703389535326,0.87314938148782595,False,False,P3
2019-07-31,GLD,6,2020-01-31,2020-01-31,16,-0.09721322002355981,0.18069531388204818,0.20621758650398744,11.513953993264458,0.19367027773599524,0.75,0.14525270830199644,0.49162192387234394,0.025574266107223562,171,1,False,-0.022537679353564155,0.31304309595755703,0.77012483139155363,False,False,P3
2019-07-31,VDE,6,2020-01-31,2020-01-31,16,0.13582369416035645,0.16537124953070145,0.19076198144987488,109.85411419875572,0.17747233634346474,0.75,0.13310425225759856,0.52340535706947,0.031381832861015313,172,1,False,-0.11208398762906113,0.37829249214425825,0.87522291613032444,False,False,P3
2019-07-31,VMBS,6,2020-01-31,2020-01-31,16,-0.0050420499902714688,0.23506937313182652,0.18480749363798307,5.4286754393238592,0.2062617974356967,0.75,0.15469634807677252,0.42685040857538059,0.092039346604491645,110,1,False,-0.043700757575978771,0.35309345372952383,0.91843677315837469,False,False,P3
2019-07-31,VOO,6,2020-01-31,2020-01-31,16,-0.056028107645134329,0.24087483586910091,0.098736777714682741,16.768329368110066,0.15659420200381516,0.75,0.11744565150286138,0.40705089854454302,0.041454090389673015,101,1,False,-0.039231800364570246,0.274123103370293,0.99192521563233993,False,False,P3
2019-07-31,VWO,6,2020-01-31,2020-01-31,16,0.0097061030200265019,0.19994416133009002,0.1414670045462626,109.85411419875572,0.17117075671930215,0.75,0.12837806753947661,0.5079547947730334,0.018488383024879571,167,1,False,-0.081770039679251866,0.33852617475820512,0.78112642403850641,False,False,P3
2019-07-31,VXUS,6,2020-01-31,2020-01-31,16,-0.01905190087196873,0.30857296787518484,0.11301574317554726,35.564803062231285,0.21347499311245813,0.75,0.1601062448343436,0.51370768884253371,0.087555013922867311,96,1,False,-0.016957450401588803,0.33716994007027601,,False,True,P3
2019-08-30,BND,6,2020-02-28,2020-02-28,16,-0.035913455195797472,0.25086134245421443,0.19672395668978387,5.4286754393238592,0.22051283041209482,0.75,0.16538462280907112,0.43941674291078836,0.061461004216592618,143,1,False,-0.04314428557312619,0.37391353119126847,0.90828136752426203,False,False,P3
2019-08-30,DBC,6,2020-02-28,2020-02-28,16,0.064790841295215174,0.14701390292299049,0.12483879007826383,719.68567300115137,0.13383672523383153,0.75,0.10037754392537365,0.40576727697272708,0.069466028315770298,157,1,False,-0.08649968945029804,0.28725477730104532,0.87283267385817731,False,False,P3
2019-08-30,GLD,6,2020-02-28,2020-02-28,16,-0.035223662202799377,0.21649357210235104,0.20867905569332093,11.513953993264458,0.21252459491437473,0.75,0.15939344618578105,0.49210200859135256,0.024880201873781323,172,1,False,-0.022494710606256296,0.3412816029778184,0.75316015250267698,False,False,P3
2019-08-30,VDE,6,2020-02-28,2020-02-28,16,0.17545201631062968,0.1671118893723072,0.20509875097434407,109.85411419875572,0.18515524942385733,0.75,0.13886643706789301,0.52501050914449243,0.032272295882839301,173,1,False,-0.10407225137703774,0.38180512551282375,0.88434546922815827,False,False,P3
2019-08-30,VMBS,6,2020-02-28,2020-02-28,16,-0.026682653962748826,0.24513839175160829,0.19075494172803367,5.4286754393238592,0.21333102569992948,0.75,0.15999826927494712,0.41512783690827476,0.09128377072104106,111,1,False,-0.043534497397724692,0.36353103594761893,0.92630394069333299,False,False,P3
2019-08-30,VOO,6,2020-02-28,2020-02-28,16,-0.024394308598687187,0.23607149133297575,0.10519294925078955,16.768329368110066,0.15809358677733579,0.75,0.11857019008300185,0.40419641512607063,0.040985449410150518,102,1,False,-0.036327418339238138,0.27346779850524183,0.94600502414393739,False,False,P3
2019-08-30,VWO,6,2020-02-28,2020-02-28,16,-0.031218244157671493,0.19818572945435448,0.14138442499092202,109.85411419875572,0.17032762801233695,0.75,0.12774572100925272,0.50955173115870878,0.018839765611557324,168,1,False,-0.077397638583544565,0.33288908060205002,0.78287537331209001,False,False,P3
2019-08-30,VXUS,6,2020-02-28,2020-02-28,16,-0.013408877347270587,0.30107401638672143,0.11352464544961885,35.564803062231285,0.20866508822001423,0.75,0.15649881616501066,0.50728212147564133,0.087261796887912579,97,1,False,-0.016818586068624186,0.3298162183986455,,False,True,P3
2019-09-30,BND,6,2020-03-31,2020-03-31,17,-0.047936727733948081,0.16146050971429796,0.042031489021340969,35.564803062231285,0.094381917906518731,0.75,0.070786438429889048,0.43833926278075053,0.061161147870433807,144,1,False,-0.13449561928372381,0.27606849614350193,0.83201307314369233,False,False,P3
2019-09-30,DBC,6,2020-03-31,2020-03-31,17,0.22160980517894757,0.15437141325316456,0.10784179198711774,10000,0.1267035869925148,0.75,0.095027690244386093,0.40537177161939852,0.069766711715972568,158,1,False,-0.077820731425688044,0.26787611191446026,0.87022132101158156,False,False,P3
2019-09-30,GLD,6,2020-03-31,2020-03-31,17,-0.094062174908311813,0.11947400636653333,0.016536363506465823,10000,0.067308026053769843,0.75,0.050481019540327382,0.49322736694410774,0.024251906917537314,173,1,False,-0.14525624918075331,0.24621828826140807,0.74046298848419767,False,False,P3
2019-09-30,VDE,6,2020-03-31,2020-03-31,17,0.50015536695415796,0.20642445513313723,0.12994547945489751,75.431200633546069,0.17004799659448036,0.75,0.12753599744586028,0.52436001899791473,0.033119837014757236,174,1,False,-0.10919291170027767,0.36426490659199823,0.8750672655347449,False,False,P3
2019-09-30,VMBS,6,2020-03-31,2020-03-31,17,-0.048120632180372103,0.14660670139270979,0.073557688198877105,51.794746792312019,0.10385811780143166,0.75,0.077893588351073739,0.41479587851725741,0.090834649371452594,112,1,False,-0.1256029728401386,0.28139014954228608,0.85461293554173146,False,False,P3
2019-09-30,VOO,6,2020-03-31,2020-03-31,17,0.11896782937892614,0.15584834592694122,0.086770617644587364,51.794746792312019,0.11405538357734112,0.75,0.085541537683005833,0.39498643935173727,0.040751181030290441,103,1,False,-0.069341817147898513,0.24042489251391019,0.92507914809005687,False,False,P3
2019-09-30,VWO,6,2020-03-31,2020-03-31,17,0.15358242989952386,0.34351601083812261,0.15642764318007474,35.564803062231285,0.25153425211542024,0.75,0.18865068908656518,0.50835126804450648,0.019376196175899248,169,1,False,-0.01387885316588558,0.39118023133901592,0.79208313373286798,False,False,P3
2019-09-30,VXUS,6,2020-03-31,2020-03-31,17,0.16923606210687092,0.29375078079828876,0.064237709751432892,35.564803062231285,0.17456548236337308,0.75,0.1309241117725298,0.48070365713252294,0.087019578366825043,98,1,False,-0.040357039035918113,0.30220526258097768,,False,True,P3
2019-10-31,BND,6,2020-04-30,2020-04-30,17,0.17922638361895982,0.1473939928414249,0.082339058324789841,35.564803062231285,0.11090114020224737,0.75,0.083175855151685518,0.43904558646744885,0.059777920270045568,145,1,False,-0.13551794400919481,0.30186965431256585,0.82566906294311326,False,False,P3
2019-10-31,DBC,6,2020-04-30,2020-04-30,17,0.53899332478398365,0.15484443423910868,0.12214097550009724,10000,0.13539304458323248,0.75,0.10154478343742436,0.40521919069456275,0.068938564393048199,159,1,False,-0.05321180190010423,0.25630136877495296,0.8636647280781673,False,False,P3
2019-10-31,GLD,6,2020-04-30,2020-04-30,17,0.088769029633306795,0.11963658956631307,0.10599903385609651,10000,0.11273320335861528,0.75,0.084549902518961467,0.4937959298288232,0.022635906334426133,174,1,False,-0.12047962103006399,0.28957942606798692,0.72450820653198478,False,False,P3
2019-10-31,VDE,6,2020-04-30,2020-04-30,17,0.63609646198944092,0.21162963253419109,0.18163104638710825,75.431200633546069,0.1973660241298692,0.75,0.14802451809740191,0.52452397808391715,0.033074701213210801,175,1,False,-0.081446958087483118,0.37749599428228697,0.89878580970050881,False,False,P3
2019-10-31,VMBS,6,2020-04-30,2020-04-30,17,0.20199681286740567,0.13369613168308042,0.090568052124871276,51.794746792312019,0.10859622591419697,0.75,0.081447169435647726,0.41801475915461084,0.088959402246064204,113,1,False,-0.13377586491992483,0.29667020379122028,0.83514747412942059,False,False,P3
2019-10-31,VOO,6,2020-04-30,2020-04-30,17,0.2876563822510575,0.14640231991608127,0.094181401521053795,51.794746792312019,0.1146030774740117,0.75,0.085952308105508773,0.39106313294755235,0.039145638919949481,104,1,False,-0.073431417616884515,0.24533603382790206,0.85923185933415369,False,False,P3
2019-10-31,VWO,6,2020-04-30,2020-04-30,17,0.38633298499327573,0.31017742062224074,0.15796065294803333,35.564803062231285,0.23502075646915435,0.75,0.17626556735186577,0.50625239714756198,0.018840733003878812,170,1,False,-0.025750977582942508,0.37828211228667408,0.76281014545030867,False,False,P3
2019-10-31,VXUS,6,2020-04-30,2020-04-30,17,0.39843882330248848,0.27272696025388388,0.083298056083574032,35.564803062231285,0.16964684716091885,0.75,0.12723513537068915,0.45583746290223598,0.085066902347687101,99,1,False,-0.058242324373818904,0.31271259511519722,0.96983962614638497,False,False,P3
2019-11-29,BND,6,2020-05-29,2020-05-29,17,0.042071263941570791,0.13767845902206777,0.10536554929761852,35.564803062231285,0.11955148418599139,0.75,0.089663613139493545,0.43901756323848595,0.058579672340517197,146,1,False,-0.15039663988549845,0.32972386616448551,0.81133307649457054,False,False,P3
2019-11-29,DBC,6,2020-05-29,2020-05-29,17,0.31689500155472816,0.15464943447970206,0.20103961913700127,10000,0.18222810079112514,0.75,0.13667107559334385,0.40550643384680413,0.06795690679525504,160,1,False,-0.050463914656228404,0.3238060658429161,0.87818202617442798,False,False,P3
2019-11-29,GLD,6,2020-05-29,2020-05-29,17,-0.083256126440417688,0.11972578020351293,0.12364763610004695,10000,0.12170604451703324,0.75,0.091279533387774919,0.49506958803091683,0.021397736854584855,175,1,False,-0.12267545417044901,0.30523452094599884,0.71075697726258957,False,False,P3
2019-11-29,VDE,6,2020-05-29,2020-05-29,17,0.41500990540671978,0.19668443432924557,0.19738904646981006,75.431200633546069,0.19702160938969185,0.75,0.14776620704226889,0.52147423946432292,0.032505552674168763,176,1,False,-0.073471487857414419,0.36900390194195221,0.88510212417999268,False,False,P3
2019-11-29,VMBS,6,2020-05-29,2020-05-29,17,0.062061661190504713,0.12806028623207102,0.11311598055487278,51.794746792312019,0.11937647062296966,0.75,0.089532352967227252,0.41892144093713396,0.087279131493544604,114,1,False,-0.1414087180923253,0.32047342402677981,0.82070060187413185,False,False,P3
2019-11-29,VOO,6,2020-05-29,2020-05-29,17,0.12040981033073361,0.14393566064376351,0.10568647990857444,51.794746792312019,0.12017504218712521,0.75,0.09013128164034391,0.37879405519453041,0.036592034999511532,105,1,False,-0.076999420573183444,0.25726198385387128,0.81555360347385042,False,False,P3
2019-11-29,VWO,6,2020-05-29,2020-05-29,17,0.19740784369020947,0.31663079476644568,0.17760726465293022,35.564803062231285,0.24766585406503716,0.75,0.18574939054877787,0.50393332232970012,0.01796282517330737,171,1,False,-0.02542191568401983,0.3969206967815756,0.7312864331680109,False,False,P3
2019-11-29,VXUS,6,2020-05-29,2020-05-29,17,0.20746876169157713,0.2814515248464442,0.083298056083574032,35.564803062231285,0.16932975969293465,0.75,0.12699731976970099,0.4341670329895389,0.082571866177986356,100,1,False,-0.089134302843396046,0.34312894238279801,1,False,False,P3
2019-12-31,BND,6,2020-06-30,2020-06-30,17,0.054220729163718451,0.14396423206221576,0.095463078895613562,35.564803062231285,0.11681274381306363,0.75,0.087609557859797724,0.44018881044155067,0.057352141504327971,147,1,False,-0.16715246912060633,0.3423715848402018,0.793194407958977,False,False,P3
2019-12-31,DBC,6,2020-06-30,2020-06-30,17,0.36578051133903511,0.1553403622266048,0.19441436085011396,10000,0.17852992302766793,0.75,0.13389744227075095,0.40652194251982754,0.066706319344932846,161,1,False,-0.08526261349339187,0.35305749803489378,0.86404784043565797,False,False,P3
2019-12-31,GLD,6,2020-06-30,2020-06-30,17,-0.054939039574981585,0.12007810374788919,0.13735752928602185,10000,0.12875756682681477,0.75,0.09656817512011108,0.49769955836948732,0.020346760465410299,176,1,False,-0.13612213363506376,0.32925848387528589,0.69644584691416744,False,False,P3
2019-12-31,VDE,6,2020-06-30,2020-06-30,17,0.5029492426277139,0.21887535367167482,0.15871240510134593,75.431200633546069,0.19008074993921681,0.75,0.14256056245441262,0.52138975205316163,0.031941708540898867,177,1,False,-0.07740585318750931,0.36252697809633455,0.86540978051217632,False,False,P3
2019-12-31,VMBS,6,2020-06-30,2020-06-30,17,0.081912343227559248,0.13089111137211429,0.10279994995504961,51.794746792312019,0.11464523392938536,0.75,0.08598392544703902,0.4216729881143339,0.085503547928640289,115,1,False,-0.15068970809926907,0.32265755899334714,0.79993896012110022,False,False,P3
2019-12-31,VOO,6,2020-06-30,2020-06-30,17,0.17706274622498952,0.14220918442653291,0.10568647990857444,51.794746792312019,0.11936728416605487,0.75,0.089525463124541155,0.37458354845418085,0.034286121839904746,106,1,False,-0.089105028662524816,0.26815595491160715,0.7689383615004759,False,False,P3
2019-12-31,VWO,6,2020-06-30,2020-06-30,17,0.22313791767695967,0.31558681297121793,0.12745260259962307,35.564803062231285,0.22214521680412311,0.75,0.16660891260309232,0.50332480210519459,0.016868123414750701,172,1,False,-0.066206489002168967,0.39942431420835361,0.71437654010191298,False,False,P3
2019-12-31,VXUS,6,2020-06-30,2020-06-30,17,0.23398806248320736,0.26808295245373248,0.088677739524172586,35.564803062231285,0.16441347281238747,0.75,0.12331010460929059,0.42214901145570999,0.080043506562891498,101,1,False,-0.1023817307950193,0.34900194001360052,0.8553792450601575,False,False,P3
2020-01-31,BND,6,2020-07-31,2020-07-31,17,0.063700481399795006,0.21459424757817669,0.072793301986299352,35.564803062231285,0.13497268823064545,0.5,0.067486344115322727,0.43849768409377859,0.056791988809026944,148,1,False,-0.18186331475041467,0.31683600298106013,0.78125903399536023,False,False,P3
2020-01-31,DBC,6,2020-07-31,2020-07-31,17,0.23496562621931594,0.15515349680438187,0.11069688532395131,10000,0.12877396571497807,0.5,0.064386982857489033,0.40662299237502908,0.066694093503608776,162,1,False,-0.15159839115479046,0.28037235686976852,0.83828474089622385,False,False,P3
2020-01-31,GLD,6,2020-07-31,2020-07-31,17,-0.11926369455935748,0.12121316962715399,0.084586478212651375,10000,0.10284228987533708,0.5,0.051421144937668542,0.49842917712892809,0.019682579784681652,177,1,False,-0.19126217582644583,0.29410446570178289,0.69293424843649998,False,False,P3
2020-01-31,VDE,6,2020-07-31,2020-07-31,17,0.43570062452964176,0.27436146776205911,0.11261124562495559,75.431200633546069,0.19707582228895013,0.5,0.098537911144475063,0.52219141060839014,0.032525315201682337,178,1,False,-0.11349214041837184,0.31056796270732195,0.87396198468295161,False,False,P3
2020-01-31,VMBS,6,2020-07-31,2020-07-31,17,0.094455960222751711,0.18791690306110456,0.09225026985167202,51.794746792312019,0.13247572913546257,0.5,0.066237864567731286,0.42047533120277519,0.084722982429339316,116,1,False,-0.17042473007590184,0.30290045921136444,0.78755570393820817,False,False,P3
2020-01-31,VOO,6,2020-07-31,2020-07-31,17,0.09792008554529863,0.2107249202600886,0.091312498317285148,51.794746792312019,0.13502571322715834,0.5,0.06751285661357917,0.3660692430374714,0.033442063620418405,107,1,False,-0.10917715125463484,0.24420286448179318,0.68603393901367693,False,False,P3
2020-01-31,VWO,6,2020-07-31,2020-07-31,17,0.092387413861986456,0.44853895190300835,0.11433283395038552,35.564803062231285,0.28180594871492204,0.5,0.14090297435746102,0.50110726814485662,0.016826724452931482,173,1,False,-0.083389587440977547,0.36519553615589961,0.70600114397801583,False,False,P3
2020-01-31,VXUS,6,2020-07-31,2020-07-31,17,0.16307784015064619,0.33973102809692224,0.049849276146962898,35.564803062231285,0.16681028946468754,0.5,0.083405144732343769,0.403478358092423,0.079071982960588941,102,1,False,-0.13852942620295461,0.30533971566764218,0.83194784913963116,False,False,P3
2020-02-28,BND,6,2020-08-31,2020-08-31,17,0.25520425967367455,0.16975039006844247,0.063455019856852604,35.564803062231285,0.1099413835810205,0.5,0.05497069179051025,0.4373319706364715,0.056169804621075112,149,1,False,-0.1929672297384247,0.30290861331944519,0.75955086990454157,False,False,P3
2020-02-28,DBC,6,2020-08-31,2020-08-31,17,0.28819412030490699,0.15427327898639656,0.12312682657452523,10000,0.13578217146237362,0.5,0.067891085731186809,0.40631737831641007,0.066682417109692263,163,1,False,-0.13449682975495209,0.27027900121732568,0.84479465148954525,False,False,P3
2020-02-28,GLD,6,2020-08-31,2020-08-31,17,0.041097903400893809,0.11951289250658766,0.12398579304948351,10000,0.12175721244834747,0.5,0.060878606224173737,0.4982405890235177,0.019374117751044119,178,1,False,-0.18162092435770918,0.30337813680605663,0.67377662086973644,False,False,P3
2020-02-28,VDE,6,2020-08-31,2020-08-31,17,0.46226735035290656,0.1846908762275804,0.14949991591851461,75.431200633546069,0.16790077839796644,0.5,0.083950389198983219,0.52288605703980928,0.033323788392235112,179,1,False,-0.11610243497366531,0.28400321337163176,0.85339353640741755,False,False,P3
2020-02-28,VMBS,6,2020-08-31,2020-08-31,17,0.26345340782656379,0.1514142865047664,0.089296239862660123,51.794746792312019,0.11534864119145895,0.5,0.057674320595729474,0.41940149018046197,0.083770797502911221,117,1,False,-0.17404604953734559,0.28939469072880453,0.77066001539021911,False,False,P3
2020-02-28,VOO,6,2020-08-31,2020-08-31,17,0.087007197418536464,0.1452197760521666,0.094900253273734955,51.794746792312019,0.11294543780261286,0.5,0.05647271890130643,0.35861199654724452,0.03290654165542669,108,1,False,-0.11830895997297919,0.23125439777559204,0.67956716417694885,False,False,P3
2020-02-28,VWO,6,2020-08-31,2020-08-31,17,0.16292194064488297,0.33318577616385725,0.18461629023294721,35.564803062231285,0.25875348106052704,0.5,0.12937674053026352,0.49900684762452641,0.016550603943675146,174,1,False,-0.091109745610633203,0.34986322667116021,0.68370805778094879,False,False,P3
2020-02-28,VXUS,6,2020-08-31,2020-08-31,17,0.19863342036002907,0.26897934815750546,0.078646739509188088,35.564803062231285,0.15241542340266126,0.5,0.07620771170133063,0.38757774832886122,0.07817411053041555,103,1,False,-0.14572114275630382,0.29813656615896511,0.97383878627706555,False,False,P3
2020-03-31,BND,6,2020-09-30,2020-09-30,18,0.22550997037105169,0.12649312630335591,0.2342555969097464,10000,0.18769046299322958,0.5,0.093845231496614792,0.43210900468864538,0.055475761072041628,150,1,False,-0.15301255337359848,0.34070301636682809,0.7595263653730937,False,False,P3
2020-03-31,DBC,6,2020-09-30,2020-09-30,18,0.12845268262334852,0.18051468028653467,0.20227530655882778,10000,0.19338562590097419,0.5,0.096692812950487095,0.40852136085680724,0.0676270963052365,164,1,False,-0.090441979585532711,0.28382760548650687,0.87876731044900491,False,False,P3
2020-03-31,GLD,6,2020-09-30,2020-09-30,18,0.1133969655481859,0.13265372528616995,0.16738872196271037,10000,0.1501768192920534,0.5,0.075088409646026699,0.49552049280262828,0.018740395445684593,179,1,False,-0.16686637778851351,0.31704319708056694,0.65257828391037798,False,False,P3
2020-03-31,VDE,6,2020-09-30,2020-09-30,18,0.14654225698777124,0.16751916534114425,0.18761336582942162,10000,0.17706552144350554,0.5,0.088532760721752771,0.52491983406204956,0.035917297162023569,180,1,False,-0.14093002433917085,0.31799554578267636,0.86411535490948876,False,False,P3
2020-03-31,VMBS,6,2020-09-30,2020-09-30,18,0.25393119031417832,0.1288107991497118,0.25369852168582158,10000,0.20172800973028768,0.5,0.10086400486514384,0.41613787888963438,0.082653073522544418,118,1,False,-0.13007726888350163,0.33180527861378933,0.76012782567822268,False,False,P3
2020-03-31,VOO,6,2020-09-30,2020-09-30,18,-0.046721794812728312,0.12277551724485852,0.10887512091890697,75.431200633546069,0.11386695501042449,0.5,0.056933477505212243,0.35911451547593248,0.033696094753807415,109,1,False,-0.11783993387551606,0.23170688888594054,0.69130781937438524,False,False,P3
2020-03-31,VWO,6,2020-09-30,2020-09-30,18,-0.036214354809998683,0.12398421356972232,0.22960248212550727,10000,0.17761737415575923,0.5,0.088808687077879617,0.49219807028261214,0.01733364294913714,175,1,False,-0.13051393007510509,0.30813130423086432,0.72884246705442868,False,False,P3
2020-03-31,VXUS,6,2020-09-30,2020-09-30,18,0.0047539902993622984,0.27207651311494252,0.19461546224526069,35.564803062231285,0.22469234508088318,0.5,0.11234617254044159,0.38828395042332869,0.079049706218650678,104,1,False,-0.10387412820606377,0.32856647328694694,0.00029270062575213952,False,False,P3
2020-04-30,BND,6,2020-10-30,2020-10-30,18,0.10041293341079194,0.12498077999194282,0.086165505228939496,10000,0.10308569426138441,0.75,0.077314270696038301,0.43591573512632548,0.05629530161870995,151,1,False,-0.16273442222168935,0.31736296361376592,0.75208885576203566,False,False,P3
2020-04-30,DBC,6,2020-10-30,2020-10-30,18,-0.070698854435351954,0.17816487524953509,-0.085623265034740298,10000,0.02308829641356375,0.75,0.017316222310172814,0.41211694100860391,0.070483861326319827,165,1,False,-0.20687717356386853,0.24150961818421418,0.76683160530448025,False,False,P3
2020-04-30,GLD,6,2020-10-30,2020-10-30,18,0.028169812559237339,0.13012399866539362,-0.06340415800700501,10000,0.032424078040247203,0.75,0.024318058530185403,0.49516430939539574,0.019129443413393604,180,1,False,-0.20906983993992095,0.25770595700029175,0.70964649642807587,False,False,P3
2020-04-30,VDE,6,2020-10-30,2020-10-30,18,0.241590578203698,0.16468283654143639,-0.15108810065889472,10000,0.014748613738138622,0.75,0.011061460303603967,0.52518042308568558,0.039233204150020344,181,1,False,-0.2369313646523471,0.25905428525955504,0.67020759282465159,False,False,P3
2020-04-30,VMBS,6,2020-10-30,2020-10-30,18,0.1044867755618879,0.1274553340068455,0.15641260494015138,10000,0.14424751449232034,0.75,0.10818563586924027,0.42010486678283837,0.083655962088467609,119,1,False,-0.12275555203461291,0.33912682377309344,0.76063264676321551,False,False,P3
2020-04-30,VOO,6,2020-10-30,2020-10-30,18,-0.051948697887240325,0.051899534101470704,-0.050225981307743077,75.431200633546069,-0.012604881707827413,0.75,-0.0094536612808705598,0.36838100105707255,0.036004824640146052,110,1,False,-0.18808476149093875,0.16917743892919765,0.88437260044472077,False,False,P3
2020-04-30,VWO,6,2020-10-30,2020-10-30,18,-0.15438619745283666,0.12147774468502316,-0.070284926697749051,10000,0.025168416227928533,0.75,0.018876312170946399,0.49776811220545514,0.019430230119842459,176,1,False,-0.19697839864540181,0.23473102298729462,0.77224850828223801,False,False,P3
2020-04-30,VXUS,6,2020-10-30,2020-10-30,18,-0.06147807539018979,0.16198849476285967,-0.049305371026074379,35.564803062231285,0.037921114473271109,0.75,0.028440835854953331,0.41282071854597935,0.082091507333734839,105,1,False,-0.22142446521242043,0.27830613692232709,0.99999999999998845,False,False,P3
2020-05-29,BND,6,2020-11-30,2020-11-30,18,0.12511593531995846,0.12661431088292344,0.072707500187724025,10000,0.09614541156490411,0.75,0.072109058673678089,0.43478571770277863,0.056201722423465612,152,1,False,-0.16730936039621094,0.31152747774356715,0.75438171079435479,False,False,P3
2020-05-29,DBC,6,2020-11-30,2020-11-30,18,-0.049117850216836789,0.17842071684602323,-0.077392639159861012,10000,0.027846282110918625,0.75,0.02088471158318897,0.41138947126888448,0.071968265785527105,166,1,False,-0.19509474427926726,0.2368641674456452,0.77168482501276126,False,False,P3
2020-05-29,GLD,6,2020-11-30,2020-11-30,18,0.11107976115919871,0.1322477402476159,-0.052538951204827961,10000,0.038989462996576268,0.75,0.029242097247432201,0.49531929752072923,0.01856377728160459,181,1,False,-0.2034473797859406,0.26193157428080499,0.70105670380275031,False,False,P3
2020-05-29,VDE,6,2020-11-30,2020-11-30,18,0.088577038482994697,0.16578947928226559,-0.10091051944017454,10000,0.039055979600163805,0.75,0.029291984700122856,0.52480877281894622,0.041297911299782435,182,1,False,-0.23929044153400897,0.29787441093425465,0.7090253436385151,False,False,P3
2020-05-29,VMBS,6,2020-11-30,2020-11-30,18,0.14073189406765407,0.12890989317594298,0.13138448343334691,10000,0.13034582068398809,0.75,0.097759365512991067,0.41973120448977336,0.083476009580984611,120,1,False,-0.12824006407761168,0.32375879510359384,0.76458407792323368,False,False,P3
2020-05-29,VOO,6,2020-11-30,2020-11-30,18,-0.064746564623193725,0.12445677925200042,0.017707572594796741,75.431200633546069,0.056995695024183411,0.75,0.042746771268137557,0.3680413528088306,0.036765229916637832,111,1,False,-0.13588409233298532,0.22137763486926043,0.80461563347424492,False,False,P3
2020-05-29,VWO,6,2020-11-30,2020-11-30,18,-0.18232123172851389,0.12212729370849904,-0.060841638144702732,10000,0.029584306797205969,0.75,0.022188230097904476,0.49421475015473421,0.020435753360353005,177,1,False,-0.18796033508451759,0.23233679528032652,0.77039912516465636,False,False,P3
2020-05-29,VXUS,6,2020-11-30,2020-11-30,18,-0.11086790829743198,0.21409908026030608,-0.029103858701698852,35.564803062231285,0.072961384619828137,0.75,0.0547210384648711,0.41967109343802966,0.08327431162012959,106,1,False,-0.17132195058742811,0.28076402751717028,0.99999999999438383,False,False,P3
2020-06-30,BND,6,2020-12-31,2020-12-31,18,0.25865439009357827,0.12721233414852454,0.06283899366843837,10000,0.090697091885546949,0.75,0.068022818914160205,0.43275831282557808,0.056188774755101256,153,1,False,-0.17060764130851527,0.30665327913683571,0.75658789815161931,False,False,P3
2020-06-30,DBC,6,2020-12-31,2020-12-31,18,0.05251707015419349,0.17890895089029601,-0.027334687978556101,10000,0.057477938763849656,0.75,0.043108454072887242,0.41122541867260742,0.073727620549320569,167,1,False,-0.18931387843095657,0.27553078657673102,0.79743551075574359,False,False,P3
2020-06-30,GLD,6,2020-12-31,2020-12-31,18,0.20146014240777821,0.13343859010304165,-0.087564417824195245,10000,0.022011809124855022,0.75,0.016508856843641267,0.49581328316186168,0.018159915650524452,182,1,False,-0.21463736996456459,0.2476550836518471,0.70397359609835786,False,False,P3
2020-06-30,VDE,6,2020-12-31,2020-12-31,18,0.17868006535515613,0.16653893534102035,-0.097721441173494294,10000,0.041331796915444523,0.75,0.03099884768658339,0.52619783534328401,0.04382059617042687,183,1,False,-0.27408454933353948,0.33608224470670628,0.71397283598201022,False,False,P3
2020-06-30,VMBS,6,2020-12-31,2020-12-31,18,0.26827208352221565,0.12934097955655868,0.10764612907246061,10000,0.11671941398143588,0.75,0.087539560486076917,0.41822297487718679,0.083463086718559606,121,1,False,-0.13376814798771203,0.30884726895986586,0.76866655635101344,False,False,P3
2020-06-30,VOO,6,2020-12-31,2020-12-31,18,0.015291643822863854,0.14568642693735065,0.01853300618769765,75.431200633546069,0.065922124584763306,0.75,0.049441593438572476,0.3726924381402848,0.038017886312248117,112,1,False,-0.12725582022864146,0.22613900710578638,0.79687334137477328,False,False,P3
2020-06-30,VWO,6,2020-12-31,2020-12-31,18,-0.014485524201414579,0.12306245860647051,0.013215342460697619,10000,0.067520324926949538,0.75,0.050640243695212153,0.49436875879550946,0.021574529564378886,178,1,False,-0.1594346864589653,0.26071517384938958,0.76604561175205255,False,False,P3
2020-06-30,VXUS,6,2020-12-31,2020-12-31,18,0.021488584433862146,0.2344134419028937,0.0027432643449858173,35.564803062231285,0.10287998283058145,0.75,0.077159987122936091,0.43223827745617205,0.084682851347821914,107,1,False,-0.14882016390814401,0.30314013815401619,0.99999999597873557,False,False,P3
2020-07-31,BND,6,2021-01-29,2021-01-29,18,0.022148526282360859,0.12669650445595443,0.0042704865740599111,10000,0.056445051342071111,0.75,0.042333788506553331,0.42617219501776549,0.056237552070975881,154,1,False,-0.19247543883773816,0.27714301585084483,0.75354584348329023,False,False,P3
2020-07-31,DBC,6,2021-01-29,2021-01-29,18,-0.16277668610836749,0.18004406924144833,-0.027164247953065438,10000,0.058471160083169285,0.75,0.043853370062376967,0.4132817118332453,0.074687370583070525,168,1,False,-0.18694142054321541,0.27464816066796938,0.79982584313804828,False,False,P3
2020-07-31,GLD,6,2021-01-29,2021-01-29,18,0.080239358890345058,0.13352206275014855,-0.053460107453294707,10000,0.039081043444460624,0.75,0.02931078258334547,0.49491965355342316,0.017408966960852965,183,1,False,-0.19783974863104911,0.25646131379774006,0.689694473766987,False,False,P3
2020-07-31,VDE,6,2021-01-29,2021-01-29,18,-0.14519139330556574,0.16695281491122585,-0.097721441173494294,10000,0.042760268354557797,0.75,0.032070201265918349,0.53077209550401083,0.045950378933248694,184,1,False,-0.30055218005396162,0.36469258258579834,0.7175075224256815,False,False,P3
2020-07-31,VMBS,6,2021-01-29,2021-01-29,18,0.0077008797063464751,0.12877649870417693,0.063449733128913985,10000,0.090407940507413229,0.75,0.067805955380559918,0.41266710728913547,0.083553192239085777,122,1,False,-0.15348542930941433,0.28909734007053417,0.77210439998561686,False,False,P3
2020-07-31,VOO,6,2021-01-29,2021-01-29,18,-0.13196520603752826,0.12204195769731682,0.00044648484164106438,75.431200633546069,0.04476686870721712,0.75,0.033575151530412836,0.36449041090683415,0.038547994270062724,113,1,False,-0.14120841831314385,0.20835872137396955,0.82336152096096005,False,False,P3
2020-07-31,VWO,6,2021-01-29,2021-01-29,18,-0.20936571516520264,0.12342841883642068,0.020164581942514245,10000,0.070010494968124559,0.75,0.052507871226093419,0.4827044445077337,0.021970132269952113,179,1,False,-0.15268120242908412,0.25769694488127098,0.76704999561853215,False,False,P3
2020-07-31,VXUS,6,2021-01-29,2021-01-29,18,-0.18565831043157432,0.24282313073628875,0.033948353489405288,35.564803062231285,0.12334424693306673,0.75,0.092508185199800044,0.42798797739948413,0.085408730873773986,108,1,False,-0.12944018893766246,0.31445655933726258,0.99999965537407198,False,False,P3
2020-08-31,BND,6,2021-02-26,2021-02-26,18,-0.024621363001621988,0.12722943806906997,0.10747207067354374,10000,0.11601637622061289,0.75,0.08701228216545967,0.4324617433091768,0.057521208249057813,155,1,False,-0.13187360644446017,0.30589817077537951,0.76689595358545648,False,False,P3
2020-08-31,DBC,6,2021-02-26,2021-02-26,18,-0.27349975862141529,0.1813734214787342,0.19896724081989192,10000,0.19166329471999635,0.75,0.14374747103999727,0.41514272474136743,0.075950724131720437,169,1,False,-0.0838891735329165,0.37138411561291107,0.88887955693372867,False,False,P3
2020-08-31,GLD,6,2021-02-26,2021-02-26,18,0.083644422180986999,0.13483027078779447,0.096583839684744682,10000,0.11551793142557003,0.75,0.086638448569177517,0.49505512526933615,0.017537711180635789,184,1,False,-0.13147855980032272,0.30475545693867778,0.65234295405164611,False,False,P3
2020-08-31,VDE,6,2021-02-26,2021-02-26,18,-0.43044789387408866,0.1681228258722077,0.25759151488459853,10000,0.21005818661175465,0.75,0.15754363995881598,0.53128450631774438,0.048200740940922519,185,1,False,-0.22091723100173788,0.53600451091936985,0.90131744453843865,False,False,P3
2020-08-31,VMBS,6,2021-02-26,2021-02-26,18,-0.034613582499270268,0.12919407321170601,0.15522191606530927,10000,0.14433255217547294,0.75,0.10824941413160472,0.4183736605098185,0.085015795617845752,123,1,False,-0.10696809692917839,0.32346692519238784,0.77805512321007408,False,False,P3
2020-08-31,VOO,6,2021-02-26,2021-02-26,18,-0.13309763324174428,0.15037449493128946,0.13595615591040977,75.431200633546069,0.14115842780400537,0.75,0.10586882085300403,0.36080937520348366,0.038973074999435302,114,1,False,-0.068907303299047762,0.28064494500505582,0.71463483258972593,False,False,P3
2020-08-31,VWO,6,2021-02-26,2021-02-26,18,-0.21991844628792923,0.12437555800969546,0.18245975843312326,10000,0.15471638795287268,0.75,0.11603729096465451,0.47764056796864351,0.022753197872035065,180,1,False,-0.08650654393326615,0.31858112586257514,0.76910163879004678,False,False,P3
2020-08-31,VXUS,6,2021-02-26,2021-02-26,18,-0.19775300192412948,0.30189175098237275,0.15216621656127852,35.564803062231285,0.21715397881924248,0.75,0.16286548411443186,0.43404595287794867,0.086447489492913934,109,1,False,-0.059077661537362436,0.38480862976622615,0.00035848109384066079,False,False,P3
2020-09-30,BND,6,2021-03-31,2021-03-31,19,0.1055618189926808,0.11281625207465135,-0.002049430083799467,10000,0.047155511642030322,0.75,0.03536663373152274,0.42836938588806983,0.058598059288301363,156,1,False,-0.18057787924150673,0.25131114670455224,0.75582957957337582,False,False,P3
2020-09-30,DBC,6,2021-03-31,2021-03-31,19,-0.21736799501881454,0.14562373300996675,0.12993715519168003,1526.4179671752302,0.13646584406595405,0.75,0.10234938304946553,0.41619586820671323,0.076259559181671197,170,1,False,-0.11884568923118358,0.32354445533011467,0.85947369162528386,False,False,P3
2020-09-30,GLD,6,2021-03-31,2021-03-31,19,0.15020901869973335,0.1049194390501008,-0.075675740461680047,10000,0.013890773832902846,0.75,0.010418080374677135,0.4959518550645487,0.018055869312352271,185,1,False,-0.20352442638282511,0.22436058713217941,0.70753292248890787,False,False,P3
2020-09-30,VDE,6,2021-03-31,2021-03-31,19,-0.68252971800391182,0.15196743823612427,0.22310323577418506,10000,0.18527106375725658,0.75,0.13895329781794244,0.53183029257086245,0.048729458769131387,186,1,False,-0.23387515762230485,0.51178175325818975,0.88548388330942041,False,False,P3
2020-09-30,VMBS,6,2021-03-31,2021-03-31,19,0.085720733361016155,0.11613253970798754,-0.042321646699822822,10000,0.022795030865821485,0.75,0.017096273149366112,0.41094955609474915,0.086378016542816183,124,1,False,-0.19258918220127585,0.22678172850000811,0.77452636034141065,False,False,P3
2020-09-30,VOO,6,2021-03-31,2021-03-31,19,-0.13690116552498499,0.073975929975984414,0.012285580101685177,10000,0.034716514207497683,0.75,0.02603738565562326,0.36360523406850448,0.038227902218459966,115,1,False,-0.14763074441141844,0.19970551572266498,0.8307879048853859,False,False,P3
2020-09-30,VWO,6,2021-03-31,2021-03-31,19,-0.16271405133132366,0.10905973710910639,0.00636037084151885,10000,0.055819972479640982,0.75,0.041864979359730735,0.4815959770311829,0.022427410288156424,181,1,False,-0.15885794137875089,0.24258790009821238,0.76399509997360582,False,False,P3
2020-09-30,VXUS,6,2021-03-31,2021-03-31,19,-0.16191597515400735,0.10577272520819414,-0.063669646697865484,10000,0.0091446842650234131,0.75,0.0068585131987675598,0.42972917661503124,0.085704821318427091,110,1,False,-0.20938981032313764,0.22310683672067277,0.99999773211310472,False,False,P3
2020-10-30,BND,6,2021-04-30,2021-04-30,19,0.16313388852257882,0.11262968375162703,0.024842605454036895,10000,0.062415406929114112,0.75,0.04681155519683558,0.42799922498512677,0.058864396066151618,157,1,False,-0.16851456938345682,0.26213767977712799,0.76172242845451454,False,False,P3
2020-10-30,DBC,6,2021-04-30,2021-04-30,19,-0.26742218495245296,0.1456693301893458,0.13190661235395965,1526.4179671752302,0.13754121711521017,0.75,0.10315591283640763,0.40941075946228056,0.075400153254086263,171,1,False,-0.11508221859105847,0.32139404426387375,0.85598904097464523,False,False,P3
2020-10-30,GLD,6,2021-04-30,2021-04-30,19,0.20820647992262142,0.10449710990724438,0.020799353380082104,10000,0.062288989405411013,0.75,0.046716742054058263,0.49570786299229364,0.018110245351314024,186,1,False,-0.1615473701217254,0.25498085422984196,0.68695164326514546,False,False,P3
2020-10-30,VDE,6,2021-04-30,2021-04-30,19,-0.64303801106065062,0.15193993711734421,0.23832958097515691,10000,0.19161522841643044,0.75,0.14371142131232284,0.54074019144716989,0.049760801653808216,187,1,False,-0.2172331992852965,0.50465604190994218,0.89149255522607895,False,False,P3
2020-10-30,VMBS,6,2021-04-30,2021-04-30,19,0.14972407170613933,0.11599397811418966,-0.004779338521445629,10000,0.045129844867084247,0.75,0.033847383650313187,0.41324677320158737,0.08652288661496875,125,1,False,-0.17256674283013995,0.2402615101307663,0.77934521328879225,False,False,P3
2020-10-30,VOO,6,2021-04-30,2021-04-30,19,-0.14059504603832607,0.073971654829540351,0.014859680483384857,10000,0.03591038177310199,0.75,0.026932786329826493,0.35611568590901288,0.037450517734790141,116,1,False,-0.14012488000632151,0.19399045266597448,0.78720959154362879,False,False,P3
2020-10-30,VWO,6,2021-04-30,2021-04-30,19,-0.069773865559754844,0.10896364503181911,0.044896673851022237,10000,0.075348679299842944,0.75,0.056511509474882204,0.47531520356854695,0.021455906948920196,182,1,False,-0.14299412901869077,0.25601714796845521,0.75476209379371495,False,False,P3
2020-10-30,VXUS,6,2021-04-30,2021-04-30,19,-0.13139178553145703,0.10577490021886092,0.0026625215054611813,10000,0.04518450692391688,0.75,0.033888380192937662,0.41238487511422184,0.084378849276007126,111,1,False,-0.17557309583796521,0.24334985622384053,0.98614406048216197,False,False,P3
2020-11-30,BND,6,2021-05-31,2021-05-31,19,0.19752633744304904,0.11270417449206804,0.12335456824941046,10000,0.11876755718644064,0.75,0.089075667889830484,0.43068934045819041,0.059283709605732676,158,1,False,-0.11953543398859598,0.29768676976825692,0.7765063382100782,False,False,P3
2020-11-30,DBC,6,2021-05-31,2021-05-31,19,-0.15289100693799496,0.15190838807531432,0.15215624863354296,1526.4179671752302,0.15205615295405692,0.75,0.11404211471554268,0.40383867526715789,0.074676211373441367,172,1,False,-0.0883458007705962,0.31643003020168159,0.86173042057689531,False,False,P3
2020-11-30,GLD,6,2021-05-31,2021-05-31,19,0.11067056240701656,0.10459065495063687,0.09068551320403824,10000,0.097628806991278433,0.75,0.073221605243458832,0.49933283052929694,0.018607408537452439,187,1,False,-0.13285186089507289,0.27929507138199056,0.67179573597330133,False,False,P3
2020-11-30,VDE,6,2021-05-31,2021-05-31,19,-0.23438642942550403,0.15246137473173946,0.23303367405174155,10000,0.18922525608990143,0.75,0.14191894206742606,0.54371562350293601,0.049967270998644321,188,1,False,-0.19649922898196398,0.48033711311681609,0.89130900618764008,False,False,P3
2020-11-30,VMBS,6,2021-05-31,2021-05-31,19,0.17897742611675094,0.11610959098006358,0.046514347236163121,10000,0.075271563153682677,0.75,0.056453672365262011,0.41320662692613847,0.086953116832847205,126,1,False,-0.14645636715996502,0.25936371189048907,0.78541930748484134,False,False,P3
2020-11-30,VOO,6,2021-05-31,2021-05-31,19,0.0094761014537960708,0.074267622473422668,0.023876053484002829,10000,0.041541569995551829,0.75,0.03115617749666387,0.35056492317709009,0.036577038398397113,117,1,False,-0.13336686883839832,0.19567922383172603,0.76492530639158163,False,False,P3
2020-11-30,VWO,6,2021-05-31,2021-05-31,19,0.060695321711785155,0.10914583990069748,0.15374982890185057,10000,0.13280587398065022,0.75,0.099604405485487657,0.46955340520460853,0.020342370671994327,183,1,False,-0.10595656149511831,0.30516537246609365,0.74933992799917493,False,False,P3
2020-11-30,VXUS,6,2021-05-31,2021-05-31,19,0.028000136321554736,0.10592154775835462,0.060160720281837402,10000,0.078224378046951426,0.75,0.05866828353521357,0.39474062776473234,0.082635574654815705,112,1,False,-0.15076839557298766,0.26810496264341477,0.93095156714431049,False,False,P3
2020-12-31,BND,6,2021-06-30,2021-06-30,19,0.047687206780919755,0.11325577174137033,0.0027072421458809916,10000,0.050785332609384136,0.75,0.0380889994570381,0.43490483898272358,0.060537613256599621,159,1,False,-0.16721447011710638,0.24339246903118256,0.76440449397748667,False,False,P3
2020-12-31,DBC,6,2021-06-30,2021-06-30,19,-0.26572793372868553,0.15058780599384847,0.092252962034842595,1526.4179671752302,0.11576223759806396,0.75,0.086821678198547969,0.40300571609897901,0.07454812385194283,173,1,False,-0.10331038624369626,0.2769537426407922,0.83726683923899514,False,False,P3
2020-12-31,GLD,6,2021-06-30,2021-06-30,19,0.0920989332818547,0.10500077557527268,-0.019801042350531442,10000,0.04320908511891753,0.75,0.032406813839188149,0.50488148743882155,0.019580029462294601,188,1,False,-0.17101069589898418,0.23582432357736047,0.70190905816110283,False,False,P3
2020-12-31,VDE,6,2021-06-30,2021-06-30,19,-0.50394680666862435,0.1530111460426769,0.18934347507629021,10000,0.16932337678327058,0.75,0.12699253258745294,0.55102711071722843,0.050648291074604695,189,1,False,-0.20564974035928532,0.45963480553419123,0.87734107005508133,False,False,P3
2020-12-31,VMBS,6,2021-06-30,2021-06-30,19,0.036659863658544345,0.11663914592784529,-0.0083303741732606885,10000,0.043685756347607095,0.75,0.03276431726070532,0.41623053748453537,0.088380825231976101,127,1,False,-0.17012961694460249,0.23565825146601316,0.78774588046543026,False,False,P3
2020-12-31,VOO,6,2021-06-30,2021-06-30,19,-0.12278927724638167,0.074776622423683964,-0.0079892151416959562,10000,0.02030552223148838,0.75,0.015229141673616286,0.34186493129889772,0.03639665369860446,118,1,False,-0.1492896149999208,0.17974789834715335,0.78283499706488879,False,False,P3
2020-12-31,VWO,6,2021-06-30,2021-06-30,19,-0.069800938002764212,0.10975505355738829,0.13384512396015696,10000,0.12261737731451419,0.75,0.091963032985885651,0.4660736335727923,0.020153088634638851,184,1,False,-0.11213531229366983,0.2960613782654411,0.74299094189870574,False,False,P3
2020-12-31,VXUS,6,2021-06-30,2021-06-30,19,-0.089182621674964269,0.1065378532533727,0.03755618621622938,10000,0.063820484618988718,0.75,0.047865363464241542,0.38074316743631714,0.082094450847550626,113,1,False,-0.138090817716567,0.23382154464505012,0.9482391176688737,False,False,P3
2021-01-29,BND,6,2021-07-30,2021-07-30,19,0.091342016599453846,0.11311124890408136,0.15031142547507792,10000,0.13427358341795054,0.75,0.1007051875634629,0.43112274014396629,0.060297681463010636,160,1,False,-0.10119965768009985,0.30261003280702564,0.78446311910646593,False,False,P3
2021-01-29,DBC,6,2021-07-30,2021-07-30,19,-0.1900835754419683,0.1559535801021473,0.11183172398819664,1526.4179671752302,0.12939463368506943,0.75,0.09704597526380207,0.39805464329320606,0.073184188162515748,174,1,False,-0.12411574981284967,0.31820770034045381,0.84129216510259996,False,False,P3
2021-01-29,GLD,6,2021-07-30,2021-07-30,19,0.10981933254709464,0.10490570291871559,0.092256543810441877,10000,0.098667971841533392,0.75,0.074000978881150037,0.50686594865407719,0.019900978295247253,189,1,False,-0.12811643191110689,0.27611838967340696,0.67623474783031123,False,False,P3
2021-01-29,VDE,6,2021-07-30,2021-07-30,19,-0.20336229789190474,0.15327905890962451,0.22241656913051355,10000,0.18488275050501501,0.75,0.13866206287876126,0.5428864664865839,0.049617555893656427,190,1,False,-0.18665408168544417,0.46397820744296669,0.88527638401880593,False,False,P3
2021-01-29,VMBS,6,2021-07-30,2021-07-30,19,0.098503912859212117,0.11648770242610462,0.096173724293889623,10000,0.10456509994991357,0.75,0.078423824962435176,0.41308381851196641,0.087750513157557108,128,1,False,-0.1217190231905929,0.27856667311546324,0.79560766029939545,False,False,P3
2021-01-29,VOO,6,2021-07-30,2021-07-30,19,-0.099590711535425092,0.074509692771240782,0.023673130615572725,10000,0.040817973881653723,0.75,0.03061348041124029,0.33725418358506026,0.034981848154603347,119,1,False,-0.14303998015247721,0.20426694097495779,0.75083125679962415,False,False,P3
2021-01-29,VWO,6,2021-07-30,2021-07-30,19,0.09823150688248683,0.10925129211644084,0.17685291930853772,10000,0.14553089184475815,0.75,0.10914816888356861,0.46333244871125451,0.018912446451937012,185,1,False,-0.10668989672470726,0.32498623449184449,0.73859051312712065,False,False,P3
2021-01-29,VXUS,6,2021-07-30,2021-07-30,19,0.0057640217030747731,0.10591495698173588,0.064826477536260349,10000,0.080055112498014447,0.75,0.060041334373510835,0.37063028779058432,0.079745742415277612,114,1,False,-0.16191731874428666,0.28199998749130833,0.91423935388339073,False,False,P3
2021-02-26,BND,6,2021-08-31,2021-08-31,19,0.12033906975496333,0.11313857908124896,0.079425899558821275,10000,0.093960032372151323,0.75,0.070470024279113488,0.43111769871810618,0.059770233981863853,161,1,False,-0.12995278984790937,0.27089283840613632,0.76747460033713644,False,False,P3
2021-02-26,DBC,6,2021-08-31,2021-08-31,19,-0.011040507216180773,0.15870304114996475,0.10542683177417946,1526.4179671752302,0.12681435019456763,0.75,0.095110762645925717,0.40144594878232964,0.071203137038036143,175,1,False,-0.13870897171805396,0.3289304970099054,0.82549088932471748,False,False,P3
2021-02-26,GLD,6,2021-08-31,2021-08-31,19,0.084809329284850632,0.10545807144973531,0.02793144526228835,10000,0.067152310286437186,0.75,0.050364232714827886,0.5059018682087244,0.020236470105172197,190,1,False,-0.1514252785934741,0.25215374402312984,0.69562025824736984,False,False,P3
2021-02-26,VDE,6,2021-08-31,2021-08-31,19,0.078147629498099835,0.15369022077599379,0.19729248162864729,10000,0.17358003257488891,0.75,0.1301850244311667,0.54383531014344844,0.047104124219479751,191,1,False,-0.24831371753113213,0.50868376639346558,0.85748649590786985,False,False,P3
2021-02-26,VMBS,6,2021-08-31,2021-08-31,19,0.13623508129809125,0.11644204039052151,0.05303715329349231,10000,0.079449334438644451,0.75,0.059587000828983341,0.41656380689919498,0.086801954276496424,129,1,False,-0.13880761409509323,0.25798161575305995,0.7827592489446662,False,False,P3
2021-02-26,VOO,6,2021-08-31,2021-08-31,19,-0.055375340967862563,0.075070442039560759,-0.053497808953975524,10000,-0.0093868498852393394,0.75,-0.0070401374139295045,0.3430937165891278,0.033581185809633776,120,1,False,-0.18567050526297652,0.17159023043511751,0.78756894008760703,False,False,P3
2021-02-26,VWO,6,2021-08-31,2021-08-31,19,0.15001545102103897,0.11036018138999928,0.05588291419980132,10000,0.081272086556909151,0.75,0.060954064917681863,0.46605077065385692,0.017628409394195795,186,1,False,-0.19038595206347908,0.31229408189884278,0.72801721346381676,False,False,P3
2021-02-26,VXUS,6,2021-08-31,2021-08-31,19,0.061752778271980002,0.10676740313168456,-0.020254274335856838,10000,0.026476409709329719,0.75,0.019857307281997291,0.36789534650200101,0.07733270985580451,115,1,False,-0.25192661462476656,0.29164122918876118,0.96929470837118636,False,False,P3
2021-03-31,BND,6,2021-09-30,2021-09-30,20,-0.060557710466585424,0.055502869329244156,0.05619956709440984,7.9060432109076855,0.055895648779638984,0.5,0.027947824389819492,0.43622691210812181,0.060052898086868894,162,1,False,-0.17086202751932464,0.22675767629896362,0.76383781453277855,False,False,P3
2021-03-31,DBC,6,2021-09-30,2021-09-30,20,-0.22459726942292979,0.1919138820583835,0.12487442532416779,719.68567300115137,0.15189548043178919,0.5,0.075947740215894594,0.40306196416162715,0.069563528333167687,176,1,False,-0.17450960857230294,0.32640508900409215,0.83182946564788851,False,False,P3
2021-03-31,GLD,6,2021-09-30,2021-09-30,20,-0.043295379601361872,0.08663001555183053,0.0030856664207693633,10000,0.045721033656264641,0.5,0.022860516828132321,0.51033214907941349,0.0209169546527877,191,1,False,-0.17283930598690633,0.21856033964317095,0.70867339678771768,False,False,P3
2021-03-31,VDE,6,2021-09-30,2021-09-30,20,-0.086948349826425742,0.2204139737785136,0.25122702753971421,1048.1131341546852,0.23447411508697985,0.5,0.11723705754348993,0.54369529818655671,0.043303947957899581,192,1,False,-0.70424595827836434,0.93872007336534413,0.8855816336359067,False,False,P3
2021-03-31,VMBS,6,2021-09-30,2021-09-30,20,-0.040535513669490153,0.076267172531806676,0.048577741360779962,7.9060432109076855,0.06029835009672771,0.5,0.030149175048363855,0.42328817315004275,0.086793637192531206,130,1,False,-0.1670471876496572,0.22734553774638488,0.79050713900689074,False,False,P3
2021-03-31,VOO,6,2021-09-30,2021-09-30,20,-0.16543128449700617,0.34086679699261813,-0.065448321067688012,1.7575106248547894,0.073845300250205331,0.5,0.036922650125102666,0.34282165522873576,0.032172240757281555,121,1,False,-0.13975084056715997,0.21359614081736533,0.70899215360118129,False,False,P3
2021-03-31,VWO,6,2021-09-30,2021-09-30,20,-0.021705938677005876,0.1194732715904276,-0.0078253023254128279,10000,0.051152215872991194,0.5,0.025576107936495597,0.46330069838327653,0.016664011208497826,187,1,False,-0.20724487446887971,0.25839709034187092,0.72042915412299846,False,False,P3
2021-03-31,VXUS,6,2021-09-30,2021-09-30,20,-0.077123051600132109,0.12368172433876312,-0.02990663282854672,10000,0.025308068442584847,0.5,0.012654034221292423,0.35949796123532995,0.07527022119192682,116,1,False,-0.23774628179370244,0.26305435023628726,0.9282336737330098,False,False,P3
2021-04-30,BND,6,2021-10-29,2021-10-29,20,-0.066941809671645758,0.075512353695641091,0.065024058046465522,7.9060432109076855,0.069648402095899078,0.5,0.034824201047949539,0.44090519605032674,0.060685296801198406,163,1,False,-0.16309771175595994,0.232746113851859,0.76880779712857106,False,False,P3
2021-04-30,DBC,6,2021-10-29,2021-10-29,20,-0.24825267373576076,0.18998380062478187,0.24672937136897169,719.68567300115137,0.22375030635984022,0.5,0.11187515317992011,0.40494905078532967,0.06765965424680824,177,1,False,-0.16950075448202337,0.39325106084186356,0.86121582628900439,False,False,P3
2021-04-30,GLD,6,2021-10-29,2021-10-29,20,-0.062157300899912449,0.08740360847907018,-0.00035855355137079294,10000,0.044603286548098177,0.5,0.022301643274049088,0.5123146360486609,0.021892420930234757,192,1,False,-0.17247231527048784,0.21707560181858604,0.7118094014571511,False,False,P3
2021-04-30,VDE,6,2021-10-29,2021-10-29,20,-0.27136714236974047,0.22001760230601747,0.34754108707760029,1048.1131341546852,0.27816516680849351,0.5,0.13908258340424676,0.54402465862167582,0.039747772004435598,193,1,False,-0.64796627641225168,0.92613144322074514,0.89470427871463787,False,False,P3
2021-04-30,VMBS,6,2021-10-29,2021-10-29,20,-0.050811847371261099,0.087348833284437238,0.076701398135192528,7.9060432109076855,0.081294941817691146,0.5,0.040647470908845573,0.43142255558367665,0.087274022188818287,131,1,False,-0.15413804730270989,0.23543298912040103,0.79501772686195771,False,False,P3
2021-04-30,VOO,6,2021-10-29,2021-10-29,20,-0.16404556163776507,0.39055790863500683,0.070620722552072995,1.7575106248547894,0.18031481207852829,0.5,0.090157406039264143,0.34286133121774875,0.030756115455678214,122,1,False,-0.084602053946086192,0.26491686602461451,0.6479128332590347,False,False,P3
2021-04-30,VWO,6,2021-10-29,2021-10-29,20,-0.026217110005611444,0.11994318610992373,0.099320299091310335,10000,0.10884077643868434,0.5,0.05442038821934217,0.4616461962275793,0.016204235268241163,188,1,False,-0.16986674022152781,0.27870751666021215,0.71650944491737723,False,False,P3
2021-04-30,VXUS,6,2021-10-29,2021-10-29,20,-0.07960531638529289,0.12402805058233654,0.069022728934883384,10000,0.088611489162229939,0.5,0.04430574458111497,0.35612481921107986,0.073503879254120108,117,1,False,-0.18216454301547425,0.27077603217770418,0.82240658411275303,False,False,P3
2021-05-31,BND,6,2021-11-30,2021-11-30,20,-0.052798441731804258,0.19065213889059404,0.076848358081289203,7.9060432109076855,0.12701856743587472,0.5,0.063509283717937362,0.44084835317249393,0.061519693390477984,164,1,False,-0.13303208066838201,0.26005064810425671,0.78024091918894467,False,False,P3
2021-05-31,DBC,6,2021-11-30,2021-11-30,20,-0.12018316221473324,0.19171064587271461,0.25438507667690258,719.68567300115137,0.22890120297380148,0.5,0.11445060148690074,0.40660718216523822,0.066420605588466644,178,1,False,-0.15770966049764834,0.38661086347144979,0.85096091333699309,False,False,P3
2021-05-31,GLD,6,2021-11-30,2021-11-30,20,0.021335849391515116,0.088259393018537385,0.060461515595084662,10000,0.074712045955761308,0.5,0.037356022977880654,0.51264814732414277,0.022352411300580771,193,1,False,-0.15388705356354793,0.22859909951930923,0.69980847721651118,False,False,P3
2021-05-31,VDE,6,2021-11-30,2021-11-30,20,-0.13861578497514959,0.21787697747871526,0.28251612008685478,1048.1131341546852,0.2472821065333993,0.5,0.12364105326669965,0.54508788532443675,0.038334709110466839,194,1,False,-0.46774805148141846,0.71503015801481773,0.86107552633679452,False,False,P3
2021-05-31,VMBS,6,2021-11-30,2021-11-30,20,-0.039536034677402521,0.20007750696911566,0.080831986156070623,7.9060432109076855,0.13286724536802194,0.5,0.066433622684010971,0.43637076560328836,0.087968744945848068,132,1,False,-0.12336326160728887,0.2562305069753108,0.79333333246959381,False,False,P3
2021-05-31,VOO,6,2021-11-30,2021-11-30,20,-0.14376864012799218,0.41468528526901149,0.051301458006795177,1.7575106248547894,0.17493006648112377,0.5,0.087465033240561887,0.34021494408753278,0.030583107211760472,123,1,False,-0.086192525776496623,0.26112259225762041,0.64855050825913363,False,False,P3
2021-05-31,VWO,6,2021-11-30,2021-11-30,20,0.033367482582662311,0.1198692654279115,0.16790537646923234,10000,0.1456553819441514,0.5,0.072827690972075698,0.46319308625840744,0.016439637842016526,189,1,False,-0.1476532184731246,0.29330860041727602,0.72155214667326273,False,False,P3
2021-05-31,VXUS,6,2021-11-30,2021-11-30,20,0.0037559612924865649,0.12399992034573329,0.17259100588660578,10000,0.15538270588146269,0.5,0.077691352940731345,0.35414520613391742,0.073118254314013628,118,1,False,-0.14872127153050388,0.3041039774119666,0.71111289060036664,False,False,P3
2021-06-30,BND,6,2021-12-31,2021-12-31,20,0.074882733318036854,0.21712541482328707,0.095962992611657,7.9060432109076855,0.14929858900151574,0.5,0.074649294500757871,0.44019915924674541,0.06143586013829884,165,1,False,-0.11717171429420749,0.26647030329572324,0.78541184899157279,False,False,P3
2021-06-30,DBC,6,2021-12-31,2021-12-31,20,-0.016357335815575524,0.19816035855103867,0.28584072845074043,719.68567300115137,0.25015385076713015,0.5,0.12507692538356507,0.40701103022755014,0.064565027156527247,179,1,False,-0.18636043761109189,0.43651428837822204,0.8517384989257023,False,False,P3
2021-06-30,GLD,6,2021-12-31,2021-12-31,20,0.051670734347884606,0.088339240712102474,0.058328720201392424,10000,0.073785109904208043,0.5,0.036892554952104022,0.51503237663937218,0.022711929455123424,194,1,False,-0.14867286595029119,0.22245797585449925,0.70272076773350023,False,False,P3
2021-06-30,VDE,6,2021-12-31,2021-12-31,20,0.056919402779478157,0.22363995779038343,0.39701977210265776,1048.1131341546852,0.3026151140622374,0.5,0.1513075570311187,0.54449624608772584,0.035553778260317657,195,1,False,-0.67017545879073559,0.97279057285297288,0.87754359092471035,False,False,P3
2021-06-30,VMBS,6,2021-12-31,2021-12-31,20,0.080167673131738226,0.22609532200775129,0.11132359750535419,7.9060432109076855,0.16122322605214864,0.5,0.080611613026074322,0.4347728394178853,0.087582963883537521,133,1,False,-0.10648610930786463,0.26770933536001329,0.79167834314522334,False,False,P3
2021-06-30,VOO,6,2021-12-31,2021-12-31,20,-0.042899831016160794,0.44430993358102822,0.060651108745584111,1.7575106248547894,0.19034909740527536,0.5,0.095174548702637682,0.33805553336436428,0.029346233143549651,124,1,False,-0.078479841351161136,0.26882893875643649,0.66082153289976076,False,False,P3
2021-06-30,VWO,6,2021-12-31,2021-12-31,20,0.15411733934054395,0.12013077844313975,0.19618636155488581,10000,0.16086912468261777,0.5,0.080434562341308885,0.46436087171112117,0.015985740074412419,190,1,False,-0.13541038935097063,0.29627951403358843,0.71412224600064178,False,False,P3
2021-06-30,VXUS,6,2021-12-31,2021-12-31,20,0.10103614573586928,0.12420559838999609,0.1871436418538506,10000,0.16494036308023052,0.5,0.082470181540115262,0.35277993327472074,0.071754381406543222,119,1,False,-0.13950099683868483,0.30444135991891536,0.68324782682306195,False,False,P3
2021-07-30,BND,6,2022-01-31,2022-01-31,20,0.1939474005271028,0.28429200637574836,0.1162004972200078,7.9060432109076855,0.19052019409333337,0.5,0.095260097046666686,0.44213831648371182,0.061616017707341937,166,1,False,-0.094612597644516294,0.28513279173784967,0.79485108585759789,False,False,P3
2021-07-30,DBC,6,2022-01-31,2022-01-31,20,0.016234400305348728,0.19874292529659215,0.36237249432799801,719.68567300115137,0.29569949436318804,0.5,0.14784974718159402,0.40746302981469834,0.063150312697646718,180,1,False,-0.14751085814954515,0.44321035251273322,0.86053929216984426,False,False,P3
2021-07-30,GLD,6,2022-01-31,2022-01-31,20,0.17789238507957428,0.08884405241738301,0.089283624174968629,10000,0.089057098131839416,0.5,0.044528549065919708,0.51533347905115179,0.023158634086364305,195,1,False,-0.13661541002463223,0.22567250815647166,0.69811194679079069,False,False,P3
2021-07-30,VDE,6,2022-01-31,2022-01-31,20,-0.1805630605226618,0.22376344482689628,0.36707825112088727,1048.1131341546852,0.28892834066889889,0.5,0.14446417033444944,0.54530241831171589,0.034334818688112438,196,1,False,-0.64257714089103546,0.9315054815599344,0.85452711231627265,False,False,P3
2021-07-30,VMBS,6,2022-01-31,2022-01-31,20,0.18522419688757563,0.28704251488645754,0.11726714713975993,7.9060432109076855,0.19093722380897873,0.5,0.095468611904489367,0.43392676833504784,0.087664463502758957,134,1,False,-0.090286008315402441,0.28122323212438116,0.78912939774078372,False,False,P3
2021-07-30,VOO,6,2022-01-31,2022-01-31,20,0.14728959450624335,0.53827650058417309,0.099237150195072746,1.7575106248547894,0.24761725290434308,0.5,0.12380862645217154,0.33796538414556204,0.028314737586117852,125,1,False,-0.044928546955949097,0.29254579986029217,0.66123576932352668,False,False,P3
2021-07-30,VWO,6,2022-01-31,2022-01-31,20,0.20225086807725978,0.12037320923443466,0.29277878527027085,10000,0.21234825403105032,0.5,0.10617412701552516,0.46651931502785193,0.016416346183355215,191,1,False,-0.10497941673387816,0.31732767076492846,0.72060239932522485,False,False,P3
2021-07-30,VXUS,6,2022-01-31,2022-01-31,20,0.20941146038178471,0.12442543998300373,0.1973259114185433,10000,0.17168859837923597,0.5,0.085844299189617987,0.35167554522574646,0.071204461742347652,120,1,False,-0.13047668716229988,0.30216528554153588,0.67312600201945627,False,False,P3
2021-08-31,BND,6,2022-02-28,2022-02-28,20,0.16776747104488987,0.23857871634999139,0.099700140399464121,7.9060432109076855,0.16133713014655054,0.5,0.080668565073275272,0.44381928116143254,0.061967652749543266,167,1,False,-0.10876382013088501,0.27010095027743553,0.7927263923940816,False,False,P3
2021-08-31,DBC,6,2022-02-28,2022-02-28,20,-0.10372763803258778,0.19406079327865219,0.26944338995433265,719.68567300115137,0.23878165356218969,0.5,0.11939082678109485,0.40674821171336606,0.062740418664973638,181,1,False,-0.17254624685629888,0.4113279004184886,0.82610992196593924,False,False,P3
2021-08-31,GLD,6,2022-02-28,2022-02-28,20,0.081298197063481181,0.089279621857334457,0.059012900211548876,10000,0.074636243129755253,0.5,0.037318121564877627,0.51618880634142938,0.023473178449621886,196,1,False,-0.13855983689357132,0.21319608002332657,0.7075921240436388,False,False,P3
2021-08-31,VDE,6,2022-02-28,2022-02-28,20,-0.29265733759991064,0.21809255408271846,0.39369643776996177,1048.1131341546852,0.29779622859437022,0.5,0.14889811429718511,0.54611667556506416,0.034557218742985465,197,1,False,-0.48463805984417363,0.7824342884385439,0.86320390517204793,False,False,P3
2021-08-31,VMBS,6,2022-02-28,2022-02-28,20,0.15609253699567527,0.23256145225589436,0.073734778343389568,7.9060432109076855,0.14330930457175553,0.5,0.071654652285877765,0.43805315892148899,0.088024245856798453,135,1,False,-0.1106045367556492,0.25391384132740474,0.80018816645555979,False,False,P3
2021-08-31,VOO,6,2022-02-28,2022-02-28,20,0.1398015444496935,0.43930946752219902,0.087201427988937569,1.7575106248547894,0.20372341858357976,0.5,0.10186170929178988,0.33092681084220193,0.027650530613467211,126,1,False,-0.064109267816197038,0.26783268639977681,0.70211032350003966,False,False,P3
2021-08-31,VWO,6,2022-02-28,2022-02-28,20,0.16063163879465336,0.11996403356621795,0.18253813261722809,10000,0.15323404225264525,0.5,0.076617021126322626,0.46831022434209135,0.017112174854384807,192,1,False,-0.13353018447638415,0.2867642267290294,0.7198330110987019,False,False,P3
2021-08-31,VXUS,6,2022-02-28,2022-02-28,20,0.17356305478748291,0.12401421502415318,0.1192936256163661,10000,0.12097074921198699,0.5,0.060485374605993493,0.35527843045496088,0.071126348655815685,121,1,False,-0.15581780831748823,0.27678855752947523,0.76321150528001602,False,False,P3
2021-09-30,BND,6,2022-03-31,2022-03-31,21,0.36955292915676419,0.18864208429581131,0.12056225137523108,16.768329368110066,0.15082026427944545,0.5,0.075410132139722724,0.44444898887328976,0.061238335111352023,168,1,False,-0.11134984253964073,0.26217010681908615,0.78545844962311173,False,False,P3
2021-09-30,DBC,6,2022-03-31,2022-03-31,21,-0.067594157321755333,0.20870388818201269,0.12254984505328662,109.85411419875572,0.15760424909061632,0.5,0.078802124545308161,0.40688054517596561,0.061161640158996153,182,1,False,-0.24491800602329039,0.40252225511390671,0.77619552844050987,False,False,P3
2021-09-30,GLD,6,2022-03-31,2022-03-31,21,0.17901948647572485,0.083875219145927146,0.052674265549168736,10000,0.06871432412604303,0.5,0.034357162063021515,0.51408872895925728,0.023134251759007754,197,1,False,-0.13921315765882247,0.20792748178486548,0.70438925014073628,False,False,P3
2021-09-30,VDE,6,2022-03-31,2022-03-31,21,-0.27189938836579852,0.21074327410147528,0.10043798645774805,232.99518105153672,0.16068003564841654,0.5,0.080340017824208271,0.54613926927277534,0.033943554255261174,198,1,False,-0.50871633763075808,0.66939637327917467,0.7592105585237896,False,False,P3
2021-09-30,VMBS,6,2022-03-31,2022-03-31,21,0.36119496559785347,0.18711738788740395,0.12728201087167607,16.768329368110066,0.15344136661624602,0.5,0.076720683308123011,0.43718878444927162,0.087078953507340476,136,1,False,-0.090224653181147585,0.24366601979739361,0.78918154295870002,False,False,P3
2021-09-30,VOO,6,2022-03-31,2022-03-31,21,0.2692353190250858,0.22780848195299572,0.13612494285835705,11.513953993264458,0.16474634158147838,0.5,0.082373170790739192,0.31217598061498708,0.026130201360628838,127,1,False,-0.0923895673913393,0.25713590897281768,0.67893510457340844,False,False,P3
2021-09-30,VWO,6,2022-03-31,2022-03-31,21,0.36960454563888423,0.13569966850510301,0.050788039406197028,109.85411419875572,0.09023893614624276,0.5,0.04511946807312138,0.46461123356958428,0.016911044732460502,193,1,False,-0.16050280972419889,0.25074174587044168,0.71092232491670804,False,False,P3
2021-09-30,VXUS,6,2022-03-31,2022-03-31,21,0.35568065435294616,0.19422356860175585,0.11083080847344638,35.564803062231285,0.13984571978459875,0.5,0.069922859892299377,0.34793081877263127,0.069911189637324303,122,1,False,-0.13957049789636272,0.27941621768096148,0.72194220688142596,False,False,P3
2021-10-29,BND,6,2022-04-29,2022-04-29,21,0.24726646313054612,0.20893776338599138,0.12327166460513829,16.768329368110066,0.16136439627973642,0.5,0.080682198139868211,0.44466518513986647,0.060479872716186357,169,1,False,-0.10043476715780353,0.26179916343753995,0.78126312681817978,False,False,P3
2021-10-29,DBC,6,2022-04-29,2022-04-29,21,-0.1390002428379411,0.20665160833669532,0.12452419314051291,109.85411419875572,0.15824540496481457,0.5,0.079122702482407284,0.41059628802087439,0.059470851558478352,183,1,False,-0.27668881864330536,0.4349342236081199,0.76201441565503936,False,False,P3
2021-10-29,GLD,6,2022-04-29,2022-04-29,21,0.08889495886021459,0.084084898362839555,0.047245425618601525,10000,0.066103331174329649,0.5,0.033051665587164825,0.51189401343095087,0.022703486341538459,198,1,False,-0.13814849134785676,0.2042518225221864,0.6996568378664626,False,False,P3
2021-10-29,VDE,6,2022-04-29,2022-04-29,21,-0.17101420775826059,0.2037935949337159,0.11770446877832191,232.99518105153672,0.16486858418515377,0.5,0.082434292092576883,0.54785217963182609,0.032409329649105381,199,1,False,-0.33119667212887138,0.49606525631402509,0.74313680552313832,False,False,P3
2021-10-29,VMBS,6,2022-04-29,2022-04-29,21,0.23611921612710807,0.20408451685449031,0.14168333961054538,16.768329368110066,0.16898622008895117,0.5,0.084493110044475586,0.43753790688388178,0.086072451311146297,137,1,False,-0.070928621034444597,0.23991484112339578,0.78012322321226413,False,False,P3
2021-10-29,VOO,6,2022-04-29,2022-04-29,21,0.24715047056351536,0.23561761847668897,0.13612494285835705,11.513953993264458,0.16622458750088737,0.5,0.083112293750443683,0.302531261275924,0.024644453212203887,128,1,False,-0.09891621870458725,0.26514080620547464,0.62318024735249167,False,False,P3
2021-10-29,VWO,6,2022-04-29,2022-04-29,21,0.28211493293654444,0.13859992542379709,0.038964750667385792,109.85411419875572,0.085223542398951552,0.5,0.042611771199475776,0.46428173428369601,0.016688734656491056,194,1,False,-0.16191137630523161,0.24713491870418319,0.70467497681024094,False,False,P3
2021-10-29,VXUS,6,2022-04-29,2022-04-29,21,0.2778257098054433,0.19829978023483535,0.10184595218424793,35.564803062231285,0.13540439956981243,0.5,0.067702199784906214,0.34792240042524791,0.068695608287546936,123,1,False,-0.11838023759888266,0.25378463716869509,0.71413578837939251,False,False,P3
2021-11-30,BND,6,2022-05-31,2022-05-31,21,0.37785400790999668,0.25975518851617896,0.14447631359349114,16.768329368110066,0.19526214981390466,0.5,0.097631074906952331,0.44054763940464553,0.059813529690021704,170,1,False,-0.06218497378204213,0.25744712359594679,0.77648906360247549,False,False,P3
2021-11-30,DBC,6,2022-05-31,2022-05-31,21,-0.15432091188845543,0.22189258686822949,0.12042688260607345,109.85411419875572,0.16240829736870388,0.5,0.08120414868435194,0.41374979918498794,0.058494471048841333,184,1,False,-0.27164649494911375,0.43405479231781763,0.74914642464425563,False,False,P3
2021-11-30,GLD,6,2022-05-31,2022-05-31,21,0.25754690221298748,0.084264183247445251,0.046280681580104205,10000,0.065697577397272028,0.5,0.032848788698636014,0.51119288545907926,0.022696613794050909,199,1,False,-0.13485703497264007,0.20055461236991207,0.70239012973589332,False,False,P3
2021-11-30,VDE,6,2022-05-31,2022-05-31,21,-0.31732852918035936,0.21396396960703215,0.14078387770450324,232.99518105153672,0.18091994522333979,0.5,0.090459972611669895,0.5484560961237267,0.031554204075984103,200,1,False,-0.29863305111454291,0.47955299633788268,0.73586859246338521,False,False,P3
2021-11-30,VMBS,6,2022-05-31,2022-05-31,21,0.36276211585067952,0.25633052076425489,0.16502666038648889,16.768329368110066,0.20448169242738237,0.5,0.10224084621369119,0.43212884841506038,0.085162244890939431,138,1,False,-0.049512874990496739,0.25399456741787912,0.76824286768769079,False,False,P3
2021-11-30,VOO,6,2022-05-31,2022-05-31,21,0.38275914392891164,0.26424160960228626,0.11877323234857842,11.513953993264458,0.16112926081855827,0.5,0.080564630409279137,0.29117000732130072,0.023338925356853533,129,1,False,-0.14515893991836412,0.30628820073692242,0.58018359429708044,False,False,P3
2021-11-30,VWO,6,2022-05-31,2022-05-31,21,0.40473594879714203,0.15553238845677511,0.044591032573081057,109.85411419875572,0.096283850753706685,0.5,0.048141925376853342,0.46594723643740266,0.016774266697138086,195,1,False,-0.15441593008762289,0.2506997808413296,0.70792917736468441,False,False,P3
2021-11-30,VXUS,6,2022-05-31,2022-05-31,21,0.37124594416806034,0.226267944480634,0.10236105179294712,35.564803062231285,0.14616933222693285,0.5,0.073084666113466423,0.35355805866592549,0.068171901456941617,124,1,False,-0.1064757458418901,0.25264507806882297,0.70852316121771353,False,False,P3
2021-12-31,BND,6,2022-06-30,2022-06-30,21,0.24066851720955063,0.24320766909431246,0.11403347887708046,16.768329368110066,0.17030994001129537,0.5,0.085154970005647687,0.43566335534656631,0.059901653687846355,171,1,False,-0.06393390697787181,0.23424384698916717,0.77596202750187249,False,False,P3
2021-12-31,DBC,6,2022-06-30,2022-06-30,21,-0.2009736594648921,0.1700382434630493,0.053968403602916236,109.85411419875572,0.1023774406431827,0.5,0.051188720321591351,0.41706818152416264,0.058089866687412048,185,1,False,-0.28972526507877155,0.39210270572195421,0.72231102092372412,False,False,P3
2021-12-31,GLD,6,2022-06-30,2022-06-30,21,0.13712776225238299,0.084010838540536675,0.023851933451576237,10000,0.054560518247873238,0.5,0.027280259123936619,0.51045784079491563,0.022841484396820072,200,1,False,-0.13808407791315108,0.19264459616102431,0.70994242638838256,False,False,P3
2021-12-31,VDE,6,2022-06-30,2022-06-30,21,-0.17426025034944725,0.17677501753209329,0.1155535300889672,232.99518105153672,0.14932962983439269,0.5,0.074664814917196343,0.55170335050749963,0.031680399094409444,201,1,False,-0.30908693684242555,0.45841656667681824,0.72297598416037834,False,False,P3
2021-12-31,VMBS,6,2022-06-30,2022-06-30,21,0.22884416193716572,0.23663924784078577,0.15316921894438873,16.768329368110066,0.18876524929501617,0.5,0.094382624647508087,0.42645283368488124,0.085126312720009922,139,1,False,-0.054056556660945401,0.24282180595596159,0.77280168472950173,False,False,P3
2021-12-31,VOO,6,2022-06-30,2022-06-30,21,0.30466523709830351,0.20083369359095676,0.11063684260212558,11.513953993264458,0.13571437302717937,0.5,0.067857186513589685,0.27803110807226589,0.022829396461676497,130,1,False,-0.14833963228888083,0.28405400531606018,0.56510755938054824,False,False,P3
2021-12-31,VWO,6,2022-06-30,2022-06-30,21,0.27026079624900867,0.1069291685916708,0.023982085801093372,109.85411419875572,0.062657358536172839,0.5,0.031328679268086419,0.46626441140462721,0.017474996659604447,196,1,False,-0.17069053163118053,0.23334789016735336,0.70684680992603688,False,False,P3
2021-12-31,VXUS,6,2022-06-30,2022-06-30,21,0.29595459652258849,0.16381318790128424,0.049211041472508384,35.564803062231285,0.090275494395942235,0.5,0.045137747197971118,0.35832184826446517,0.06843481541117305,125,1,False,-0.13441572913240188,0.22469122352834411,0.77606331171819198,False,False,P3
2022-01-31,BND,6,2022-07-29,2022-07-29,21,0.12362534706739425,0.26487650080613667,0.0903431328603016,16.768329368110066,0.16636773790227868,0.5,0.083183868951139342,0.43558779582807727,0.060680989425283889,172,1,False,-0.056308647175255758,0.22267638507753446,0.77964691498001326,False,False,P3
2022-01-31,DBC,6,2022-07-29,2022-07-29,21,-0.10862788299161164,0.12052231078495572,-0.0060968252285066495,109.85411419875572,0.047363061067620338,0.5,0.023681530533810169,0.42221016490306046,0.057864837298261175,186,1,False,-0.31470891953638397,0.36207198060400431,0.71110953360354212,False,False,P3
2022-01-31,GLD,6,2022-07-29,2022-07-29,21,0.07808103371751407,0.083896984446935968,0.047033009756110335,10000,0.065848481739088166,0.5,0.032924240869544083,0.5104026937079158,0.023612881912654666,201,1,False,-0.12790434717243598,0.19375282891152418,0.70735683290312745,False,False,P3
2022-01-31,VDE,6,2022-07-29,2022-07-29,21,-0.17279877443972547,0.14311887930450759,0.025089213124524196,232.99518105153672,0.090443501512891808,0.5,0.045221750756445904,0.5537106941292953,0.030629688898285327,202,1,False,-0.33122845519207567,0.42167195670496749,0.67761271838187942,False,False,P3
2022-01-31,VMBS,6,2022-07-29,2022-07-29,21,0.10581291439706675,0.25255445640409313,0.11708482323115799,16.768329368110066,0.17469844655262132,0.5,0.087349223276310659,0.42528810311249676,0.085841297606921108,140,1,False,-0.057760951331290181,0.23245939788391151,0.77742687067059091,False,False,P3
2022-01-31,VOO,6,2022-07-29,2022-07-29,21,0.1208982298563378,0.13021173286173171,0.10079490976565048,11.513953993264458,0.10862536947886514,0.5,0.054312684739432571,0.26618984951701985,0.023779474309344947,131,1,False,-0.14960976208462884,0.25823513156349398,0.61422891343262154,False,False,P3
2022-01-31,VWO,6,2022-07-29,2022-07-29,21,0.19279751118898303,0.079706852513973553,0.056060686789485371,109.85411419875572,0.067096169158194927,0.5,0.033548084579097463,0.46669225350480864,0.018412945245480872,197,1,False,-0.1659628350922624,0.23305900425045734,0.70870912023415256,False,False,P3
2022-01-31,VXUS,6,2022-07-29,2022-07-29,21,0.16599438138675138,0.098084716709592415,0.06610005583801383,35.564803062231285,0.077448397214416737,0.5,0.038724198607208368,0.3548057433520263,0.06955367767284458,126,1,False,-0.13807195093138741,0.21552034814580417,0.79068534282918612,False,False,P3
2022-02-28,BND,6,2022-08-31,2022-08-31,21,0.23350403302496225,0.27512469151927521,0.056062831732589809,16.768329368110066,0.15154255976497447,0.5,0.075771279882487233,0.43585737894017429,0.06129998642886543,173,1,False,-0.057426359303810778,0.20896891906878523,0.77983468499096897,False,False,P3
2022-02-28,DBC,6,2022-08-31,2022-08-31,21,0.034460976414263378,0.14823706848512025,-0.0020626955405899962,109.85411419875572,0.061864120285583628,0.5,0.030932060142791814,0.42532878371810562,0.057000706414138985,187,1,False,-0.30500239021623488,0.36686651050181851,0.71167499608314155,False,False,P3
2022-02-28,GLD,6,2022-08-31,2022-08-31,21,0.2528732447920875,0.08411241678956409,-0.014888275509333061,10000,0.035675159744031043,0.5,0.017837579872015522,0.51073819868558001,0.023898452779737962,202,1,False,-0.13879107361232584,0.17446623335635686,0.72295079674015961,False,False,P3
2022-02-28,VDE,6,2022-08-31,2022-08-31,21,-0.077702613546104082,0.15528013476219854,-0.17073728313404019,232.99518105153672,0.010535985767733316,0.5,0.0052679928838666578,0.55602326425230197,0.029037141969722784,203,1,False,-0.48597600148248626,0.49651198725021956,0.63456829930978009,False,False,P3
2022-02-28,VMBS,6,2022-08-31,2022-08-31,21,0.22340924638991755,0.26523056381264398,0.066586449147080645,16.768329368110066,0.15125925529112808,0.5,0.075629627645564038,0.42625378701303246,0.086339533347266892,141,1,False,-0.067675005044465178,0.21893426033559327,0.7794333240707374,False,False,P3
2022-02-28,VOO,6,2022-08-31,2022-08-31,21,0.23651338128946287,0.18710203321168004,0.10871611276961753,11.513953993264458,0.12898771327798267,0.5,0.064493856638991334,0.25861277630015883,0.024658429386165769,132,1,False,-0.13729883484427013,0.26628654812225278,0.62186863383316437,False,False,P3
2022-02-28,VWO,6,2022-08-31,2022-08-31,21,0.29667533217521846,0.10468304943090896,-0.0058775754299242814,109.85411419875572,0.045665815402470514,0.5,0.022832907701235257,0.46620024893378065,0.019131221475527194,198,1,False,-0.1744816774884122,0.2201474928908827,0.70686168609489097,False,False,P3
2022-02-28,VXUS,6,2022-08-31,2022-08-31,21,0.30411472968168052,0.15026304670089827,0.048798433667683216,35.564803062231285,0.084919717978841236,0.5,0.042459858989420618,0.35599883773600449,0.070372649146188182,127,1,False,-0.13091745333699817,0.2158371713158394,0.78797318316848308,False,False,P3
2022-03-31,BND,6,2022-09-30,2022-09-30,22,0.080429977086604043,0.14473298132970489,0.029602568626960576,339.32217718953228,0.080251026137808601,0.5,0.0401255130689043,0.4399224872199276,0.063071555065232668,174,1,False,-0.13025773841317015,0.21050876455097875,0.76415546631020592,False,False,P3
2022-03-31,DBC,6,2022-09-30,2022-09-30,22,0.11742465654158951,0.16776846897780384,0.0081007897371985424,16.768329368110066,0.075815182970035769,0.5,0.037907591485017884,0.42409580670861713,0.05633796777724593,188,1,False,-0.28212170374936452,0.35793688671940027,0.70850089842070152,False,False,P3
2022-03-31,GLD,6,2022-09-30,2022-09-30,22,0.14969890921863782,0.1316761824172672,0.0078998600877460134,339.32217718953228,0.071202262470701841,0.5,0.03560113123535092,0.51142578153542329,0.024662595802870908,203,1,False,-0.11725828112945819,0.18846054360016001,0.70975686262259641,False,False,P3
2022-03-31,VDE,6,2022-09-30,2022-09-30,22,0.058413502200869494,0.1881924462966901,-0.25203410065761284,35.564803062231285,-0.0086833377880373604,0.5,-0.0043416688940186802,0.55278529782720287,0.027561962899450627,204,1,False,-0.44772847874367083,0.43904514095563352,0.6235458435117357,False,False,P3
2022-03-31,VMBS,6,2022-09-30,2022-09-30,22,0.077848987353601684,0.15422351919378596,0.034997742234072232,232.99518105153672,0.086388103121485108,0.5,0.043194051560742554,0.43103397770079227,0.088275134982834402,142,1,False,-0.10854699299600137,0.19493509611748647,0.77755376978155966,False,False,P3
2022-03-31,VOO,6,2022-09-30,2022-09-30,22,0.20224326847377183,0.10491351363646315,0.036898424075304817,35.564803062231285,0.054924517984222397,0.5,0.027462258992111199,0.26503080456445977,0.026497353368413287,133,1,False,-0.17432910984431874,0.22925362782854111,0.64550099773761171,False,False,P3
2022-03-31,VWO,6,2022-09-30,2022-09-30,22,0.18956913382150131,0.12167034416303632,0.079664079657432427,51.794746792312019,0.099373799311314986,0.5,0.049686899655657493,0.46920905455073642,0.020892393958760143,199,1,False,-0.15483625682915381,0.25421005614046877,0.71818072126425436,False,False,P3
2022-03-31,VXUS,6,2022-09-30,2022-09-30,22,0.22002496042003639,0.1468264663395176,0.0361348067682149,24.420530945486497,0.076460803420828866,0.5,0.038230401710414433,0.36430926059643848,0.072601617936865953,128,1,False,-0.14789964047121962,0.22436044389204851,0.79818810351052816,False,False,P3
2022-04-29,BND,6,2022-10-31,2022-10-31,22,0.27274110875503144,0.14327656454675725,0.049127974154216346,339.32217718953228,0.090925438712060463,0.5,0.045462719356030232,0.44395210149801256,0.064124097397034466,175,1,False,-0.12127472833024482,0.21220016704230527,0.76918341575771398,False,False,P3
2022-04-29,DBC,6,2022-10-31,2022-10-31,22,0.29114759156461911,0.23529854503834682,0.10141410398593975,16.768329368110066,0.15808067955327765,0.5,0.079040339776638824,0.42324989462484752,0.055304432271345468,189,1,False,-0.23235558742213624,0.39043626697541389,0.70864415047538321,False,False,P3
2022-04-29,GLD,6,2022-10-31,2022-10-31,22,0.34439410207479515,0.12929688702421355,0.054872190236153591,339.32217718953228,0.092999288946525357,0.5,0.046499644473262679,0.51229095120060397,0.024977460327661807,204,1,False,-0.10325019251660528,0.19624948146313065,0.70242582583824553,False,False,P3
2022-04-29,VDE,6,2022-10-31,2022-10-31,22,-0.0028211863608795795,0.28269555492463727,-0.079430140277125777,35.564803062231285,0.11986141178476777,0.5,0.059930705892383883,0.55033805858724183,0.026593298652339843,205,1,False,-0.35197710079362404,0.47183851257839177,0.66557594445001067,False,False,P3
2022-04-29,VMBS,6,2022-10-31,2022-10-31,22,0.27455430811768866,0.15279758149717318,0.04065342498505721,232.99518105153672,0.089412728696332627,0.5,0.044706364348166314,0.43479130101627278,0.089309009676150991,143,1,False,-0.10652680180316458,0.19593953049949719,0.77990109458578827,False,False,P3
2022-04-29,VOO,6,2022-10-31,2022-10-31,22,0.25859022462107406,0.1127112593417709,0.10334351123013452,35.564803062231285,0.10588374562820942,0.5,0.052941872814104708,0.27116809374063783,0.028144018422108081,134,1,False,-0.13610291158365401,0.24198665721186341,0.64657707820378885,False,False,P3
2022-04-29,VWO,6,2022-10-31,2022-10-31,22,0.37403251950121486,0.12593228706769644,0.17476332119908583,51.794746792312019,0.15169485157578022,0.5,0.07584742578789011,0.47241411191979688,0.022198506653649076,200,1,False,-0.14347594332259661,0.29517079489837683,0.72895640935613726,False,False,P3
2022-04-29,VXUS,6,2022-10-31,2022-10-31,22,0.34102481281661656,0.15521151935611416,0.19877815435959087,24.420530945486497,0.18257603221095556,0.5,0.091288016105477779,0.37189289802488429,0.074192502369955712,129,1,False,-0.12499614299326374,0.30757217520421931,0.7061771624562867,False,False,P3
2022-05-31,BND,6,2022-11-30,2022-11-30,22,0.14253194053198359,0.14876945298335167,0.024983055507529547,339.32217718953228,0.08063467870871685,0.5,0.040317339354358425,0.449577856178076,0.065906653706767196,176,1,False,-0.14955335392392827,0.23018803263264509,0.76789123178287821,False,False,P3
2022-05-31,DBC,6,2022-11-30,2022-11-30,22,0.24139022119554365,0.25910628583130607,0.021932168329207802,16.768329368110066,0.12203226512870906,0.5,0.061016132564354529,0.42205320653766393,0.054201140986293889,190,1,False,-0.23287173909144945,0.3549040042201585,0.69967640332038517,False,False,P3
2022-05-31,GLD,6,2022-11-30,2022-11-30,22,0.15089637063745565,0.13517514203266123,0.029605523468389051,339.32217718953228,0.083770776395140231,0.5,0.041885388197570116,0.51307614504427379,0.026111945410029255,205,1,False,-0.12114397233840887,0.20491474873354912,0.70881114492832209,False,False,P3
2022-05-31,VDE,6,2022-11-30,2022-11-30,22,0.026834844076990549,0.35066648483728691,-0.23771889794173159,35.564803062231285,0.084657281484011998,0.5,0.042328640742005999,0.54789970801640275,0.024923775216258777,206,1,False,-0.34689649732747324,0.43155377881148521,0.6475765664920391,False,False,P3
2022-05-31,VMBS,6,2022-11-30,2022-11-30,22,0.14458317422101219,0.16182844042097641,0.024848065902528641,232.99518105153672,0.085198929179997274,0.5,0.042599464589998637,0.44058036408230811,0.091207989580140758,144,1,False,-0.13959865781131281,0.22479758699131008,0.78061074182096879,False,False,P3
2022-05-31,VOO,6,2022-11-30,2022-11-30,22,0.1185537787843659,0.12549225496483918,-0.027435066894021937,35.564803062231285,0.015740422495316608,0.5,0.0078702112476583038,0.28232685215782333,0.030770797129565885,135,1,False,-0.20839257640293937,0.22413299889825597,0.64605054693556319,False,False,P3
2022-05-31,VWO,6,2022-11-30,2022-11-30,22,0.17540293384026806,0.12957389217655574,0.09150409034016771,51.794746792312019,0.10962621652068499,0.5,0.054813108260342497,0.4760236540867866,0.024101678007596807,201,1,False,-0.19653638272246751,0.30616259924315248,0.72430496221837293,False,False,P3
2022-05-31,VXUS,6,2022-11-30,2022-11-30,22,0.15054919529523936,0.16698071392507025,0.028299249033413826,24.420530945486497,0.081268174095879914,0.5,0.040634087047939957,0.381946679780514,0.076477528845325743,130,1,False,-0.231232725426676,0.31250089952255594,0.80027419165994973,False,False,P3
2022-06-30,BND,6,2022-12-30,2022-12-30,22,0.14548155724252676,0.1588030592025434,0.072425657995018752,339.32217718953228,0.11172732904563691,0.5,0.055863664522818456,0.45499946167857663,0.066894008867799878,177,1,False,-0.13356731519848164,0.24529464424411856,0.78016483096054856,False,False,P3
2022-06-30,DBC,6,2022-12-30,2022-12-30,22,0.22497266429397245,0.35079445989452451,-0.022559302777194999,16.768329368110066,0.13444040220691456,0.5,0.067220201103457278,0.42051191304627461,0.052865147266654172,191,1,False,-0.2247189955980215,0.35915939780493605,0.69420763535895413,False,False,P3
2022-06-30,GLD,6,2022-12-30,2022-12-30,22,0.12283868775932105,0.14569509868371344,0.091347257027321063,339.32217718953228,0.1193059423642507,0.5,0.059652971182125349,0.51443966282405496,0.026650857142273689,206,1,False,-0.10006865793780934,0.21937460030206002,0.69513400103343226,False,False,P3
2022-06-30,VDE,6,2022-12-30,2022-12-30,22,-0.12704454027565792,0.46212638586717913,-0.27495705154072647,35.564803062231285,0.12756396898739619,0.5,0.063781984493698096,0.54609966809682309,0.023961533546859225,207,1,False,-0.32002727467120018,0.44759124365859637,0.65342548424744029,False,False,P3
2022-06-30,VMBS,6,2022-12-30,2022-12-30,22,0.14478157914132239,0.17576760115041495,0.060722890585989453,232.99518105153672,0.11184444865230111,0.5,0.055922224326150557,0.44436252493054329,0.092157204561913342,145,1,False,-0.11072213590177975,0.22256658455408085,0.78668596038513516,False,False,P3
2022-06-30,VOO,6,2022-12-30,2022-12-30,22,0.13147869994412997,0.18296461931270791,-0.02536586980906257,35.564803062231285,0.034995786518864973,0.5,0.017497893259432486,0.28973990596568788,0.03278472683521836,136,1,False,-0.2194643290045695,0.25446011552343445,0.64932946010173842,False,False,P3
2022-06-30,VWO,6,2022-12-30,2022-12-30,22,0.16890755144078828,0.17263693819173437,0.10880027977196903,51.794746792312019,0.13935351330404411,0.5,0.069676756652022054,0.47861580302604123,0.02532028750384142,202,1,False,-0.17041217550996463,0.30976568881400873,0.73095142591226447,False,False,P3
2022-06-30,VXUS,6,2022-12-30,2022-12-30,22,0.11676419360476409,0.22964312617718552,0.0840550077024248,24.420530945486497,0.14095893809953736,0.5,0.070479469049768678,0.39085559311612017,0.078152926308510964,131,1,False,-0.18256719074750918,0.32352612884704657,0.75474072421765748,False,False,P3
2022-07-29,BND,6,2023-01-31,2023-01-31,22,0.19956313726860675,0.16123122555053424,0.055909308628956274,339.32217718953228,0.1033962410223315,0.5,0.051698120511165749,0.45087417492347476,0.06721272425094367,178,1,False,-0.12940104583872869,0.23279728686106016,0.77957256706756184,False,False,P3
2022-07-29,DBC,6,2023-01-31,2023-01-31,22,0.22146587965620346,0.49381981523397844,-0.005880514340065382,16.768329368110066,0.20310849646022264,0.5,0.10155424823011132,0.41822868313582084,0.052024037734059038,192,1,False,-0.18639825963632856,0.38950675609655122,0.6934095052761825,False,False,P3
2022-07-29,GLD,6,2023-01-31,2023-01-31,22,0.083686291880335384,0.14355260046995211,0.064445528805817276,339.32217718953228,0.10518724862974213,0.5,0.052593624314871065,0.51501994659721595,0.026899312101574365,207,1,False,-0.10024749797833753,0.20543474660807964,0.70377744451426338,False,False,P3
2022-07-29,VDE,6,2023-01-31,2023-01-31,22,-0.0013021456999602332,0.69768786375123637,-0.20502514383132744,35.564803062231285,0.28546545032961634,0.5,0.14273272516480817,0.54335164115388312,0.023015570527692951,208,1,False,-0.23597971332031364,0.52144516364992999,0.6878971750565005,False,False,P3
2022-07-29,VMBS,6,2023-01-31,2023-01-31,22,0.2038393833772163,0.18160107475507362,0.048757215335096554,232.99518105153672,0.10692224357272305,0.5,0.053461121786361525,0.43784506481207852,0.092250736821058235,146,1,False,-0.098670297840333987,0.20559254141305705,0.7880192929920774,False,False,P3
2022-07-29,VOO,6,2023-01-31,2023-01-31,22,0.18252519931427924,0.24994968674656159,0.048927267334381019,35.564803062231285,0.10733473816665881,0.5,0.053667369083329405,0.2905520240133907,0.03342789109084697,137,1,False,-0.18165693950632883,0.28899167767298761,0.66683684694834411,False,False,P3
2022-07-29,VWO,6,2023-01-31,2023-01-31,22,0.10707975139504677,0.23147107687198037,0.034024225597640914,51.794746792312019,0.12868427082307748,0.5,0.064342135411538742,0.47942038383743396,0.026145298457955417,203,1,False,-0.1746684457343502,0.30335271655742768,0.73112895846233961,False,False,P3
2022-07-29,VXUS,6,2023-01-31,2023-01-31,22,0.10038593213249425,0.31749158788347298,0.037546077472057418,24.420530945486497,0.14774762847550946,0.5,0.073873814237754729,0.39365357508858367,0.07881839187728551,132,1,False,-0.17450470412993169,0.32225233260544117,0.75090705818584036,False,False,P3
2022-08-31,BND,6,2023-02-28,2023-02-28,22,0.16515431248733936,0.14153712046710379,0.041977350754477109,339.32217718953228,0.087462559302987075,0.5,0.043731279651493538,0.45686333626323467,0.068141725975938178,179,1,False,-0.12661652577084453,0.21407908507383161,0.77576233399158767,False,False,P3
2022-08-31,DBC,6,2023-02-28,2023-02-28,22,0.2407093895147564,0.35268914649577199,0.013992130215585576,16.768329368110066,0.15514586035762834,0.5,0.07757293017881417,0.41675516274779828,0.051933037416339888,193,1,False,-0.20385469512826127,0.35900055548588961,0.69282595211886833,False,False,P3
2022-08-31,GLD,6,2023-02-28,2023-02-28,22,0.094139601282954066,0.12405681914557162,0.060621864549017981,339.32217718953228,0.093428483370228813,0.5,0.046714241685114406,0.51716942228241447,0.027985725239509526,208,1,False,-0.12092611090328767,0.21435459427351647,0.71094042317752593,False,False,P3
2022-08-31,VDE,6,2023-02-28,2023-02-28,22,0.10147948184372102,0.50028986403875819,-0.27185703370917719,35.564803062231285,0.14539650522511824,0.5,0.072698252612559119,0.54038103390853276,0.022533665340736989,209,1,False,-0.3002562079852506,0.44565271321036887,0.64976739857207932,False,False,P3
2022-08-31,VMBS,6,2023-02-28,2023-02-28,22,0.16863907369219044,0.15408539034232932,0.037680138156467841,232.99518105153672,0.089402929194941014,0.5,0.044701464597470507,0.44433382572711255,0.093142971580030057,147,1,False,-0.10652805726644515,0.19593098646138618,0.78676106165347026,False,False,P3
2022-08-31,VOO,6,2023-02-28,2023-02-28,22,0.14823766989845233,0.15370964966978026,-0.026656457998737535,35.564803062231285,0.026738910795045593,0.5,0.013369455397522797,0.29603881507447466,0.03489952507779346,138,1,False,-0.21824860298423857,0.24498751377928416,0.65206675434264671,False,False,P3
2022-08-31,VWO,6,2023-02-28,2023-02-28,22,0.16219633168022052,0.14355182765983079,0.0095654697336179772,51.794746792312019,0.074244262771921893,0.5,0.037122131385960946,0.4827267047136467,0.027471426074216508,204,1,False,-0.22477575407322009,0.29902001684514196,0.72527669314603349,False,False,P3
2022-08-31,VXUS,6,2023-02-28,2023-02-28,22,0.082382651046722266,0.19707145205689852,0.056190558338810863,24.420530945486497,0.11276172397531796,0.5,0.05638086198765898,0.4015531428251008,0.080512349304386222,133,1,False,-0.22236073203987231,0.33512245601519025,0.78515366149017018,False,False,P3
2022-09-30,BND,6,2023-03-31,2023-03-31,23,0.1836432495137712,0.12273278639534384,0.16819540431916616,10000,0.14744092506371623,0.5,0.073720462531858114,0.45651746870860727,0.068209994037664104,180,1,False,-0.093015178281205438,0.24045610334492168,0.79932151525136219,False,False,P3
2022-09-30,DBC,6,2023-03-31,2023-03-31,23,0.23422103897102187,0.021980526358825372,0.006935061529580914,0.0001,0.01322997434911574,0.5,0.00661498717455787,0.41839271109119597,0.052270623081933955,194,1,False,-0.26562208969310569,0.27885206404222146,0.68999320202885284,False,False,P3
2022-09-30,GLD,6,2023-03-31,2023-03-31,23,0.048469926127491458,0.098168809870203294,0.091230145409323837,10000,0.09483806005808533,0.5,0.047419030029042665,0.51997249169535265,0.028568084971467077,209,1,False,-0.1155916801070386,0.21042974016512392,0.71261649713193576,False,False,P3
2022-09-30,VDE,6,2023-03-31,2023-03-31,23,0.084561576633281232,0.11930226163125093,-0.32646440545229988,10000,-0.084192992150415785,0.5,-0.042096496075207893,0.54349378540785953,0.022704521706737618,210,1,False,-0.40368065716095242,0.31948766501053666,0.5891622511352701,False,False,P3
2022-09-30,VMBS,6,2023-03-31,2023-03-31,23,0.18564353771525988,0.1283285616964642,0.20703386819437317,10000,0.17216957673182631,0.5,0.086084788365913156,0.44297256454332096,0.093039633848770412,148,1,False,-0.06287972484369786,0.23504930157552417,0.8053117505473405,False,False,P3
2022-09-30,VOO,6,2023-03-31,2023-03-31,23,0.077429070420003798,0.19260808526326173,-0.006104623361492624,109.85411419875572,0.053868180753258096,0.5,0.026934090376629048,0.30180658564723373,0.036103436900786108,139,1,False,-0.20467870245700615,0.25854688321026426,0.66488253150309473,False,False,P3
2022-09-30,VWO,6,2023-03-31,2023-03-31,23,0.10730222998163241,0.090053647224118502,0.11331783828231343,10000,0.10205900711738002,0.5,0.051029503558690008,0.48395541185032637,0.028262146599813021,205,1,False,-0.20481373326884345,0.30687274038622347,0.73115764358719193,False,False,P3
2022-09-30,VXUS,6,2023-03-31,2023-03-31,23,0.0094248185322627354,0.18485421857217976,0.10449129404152829,159.98587196060572,0.13735013017683831,0.5,0.068675065088419154,0.40888054195659879,0.081553488193308973,134,1,False,-0.20315215786125257,0.34050228803809085,0.76546745059362442,False,False,P3
2022-10-31,BND,6,2023-04-28,2023-04-28,23,-0.01140740586786948,0.12372974039665768,0.10062352692390537,10000,0.11127348298556859,0.5,0.055636741492784296,0.46091308185229202,0.069340000196323595,181,1,False,-0.13423308753902441,0.24550657052459302,0.7885628009293536,False,False,P3
2022-10-31,DBC,6,2023-04-28,2023-04-28,23,0.11640266045263392,0.26842852868407913,-0.034805271946018998,0.0001,0.093118063207376686,0.5,0.046559031603688343,0.42186370677536655,0.053495633176716947,195,1,False,-0.21885847843648143,0.31197654164385813,0.69506548867630369,False,False,P3
2022-10-31,GLD,6,2023-04-28,2023-04-28,23,-0.1533772219467453,0.09904612113010515,0.056940783927551086,10000,0.078896403376976246,0.5,0.039448201688488123,0.52144504493110566,0.030072018386244834,210,1,False,-0.1340979747955206,0.21299437817249683,0.72189843565576717,False,False,P3
2022-10-31,VDE,6,2023-04-28,2023-04-28,23,0.096831150543607691,0.12384578795869197,-0.2850086823500641,10000,-0.064542719256214243,0.5,-0.032271359628107121,0.53922845194124902,0.022583546786985879,211,1,False,-0.37543919563228145,0.31089647637606721,0.59228379994610703,False,False,P3
2022-10-31,VMBS,6,2023-04-28,2023-04-28,23,-0.00820163954098585,0.12941241377267351,0.1518948168847582,10000,0.14178736739958661,0.5,0.070893683699793306,0.44957157981651114,0.09425785313916582,149,1,False,-0.09566780498220652,0.23745517238179314,0.80220919322255901,False,False,P3
2022-10-31,VOO,6,2023-04-28,2023-04-28,23,-0.025270616844599969,0.26649351438893798,0.00033050786908786272,109.85411419875572,0.081538092631379594,0.5,0.040769046315689797,0.30510470190467798,0.037692628241645307,140,1,False,-0.18503290385606319,0.26657099648744276,0.67530556574529599,False,False,P3
2022-10-31,VWO,6,2023-04-28,2023-04-28,23,-0.09677011974255656,0.091846043812627745,-0.012114185612439862,10000,0.038081327011221536,0.5,0.019040663505610768,0.4828338000142765,0.029940643555645071,206,1,False,-0.26387237010070824,0.30195369711192982,0.72318551460169955,False,False,P3
2022-10-31,VXUS,6,2023-04-28,2023-04-28,23,-0.14228314554823052,0.24858289570713757,-0.0022580060223565766,159.98587196060572,0.10012778449860109,0.5,0.050063892249300544,0.40817023784809264,0.083475498005333479,135,1,False,-0.21257394492350015,0.31270172942210123,0.80203494429828293,False,False,P3
2022-11-30,BND,6,2023-05-31,2023-05-31,23,-0.032907576371519531,0.12341008236829243,0.15840288870329719,10000,0.14211176332601011,0.5,0.071055881663005055,0.46555641240440865,0.069742153714651395,182,1,False,-0.11568975256261868,0.25780151588862876,0.80118368925843997,False,False,P3
2022-11-30,DBC,6,2023-05-31,2023-05-31,23,0.050453542518885897,0.48725389064040286,0.19480026858577906,0.0001,0.31962300376613045,0.5,0.15981150188306523,0.42681206785340237,0.054454279033955867,196,1,False,-0.10022206788012181,0.41984507164625229,0.71044150135336881,False,False,P3
2022-11-30,GLD,6,2023-05-31,2023-05-31,23,-0.13041611151209287,0.098712296025086577,0.088393883335221926,10000,0.093798522725738659,0.5,0.046899261362869329,0.5237859303520096,0.030644645648098916,211,1,False,-0.12427978430598492,0.21807830703172359,0.71784172354311326,False,False,P3
2022-11-30,VDE,6,2023-05-31,2023-05-31,23,0.11440339654069742,0.12396725303946562,0.30968438643600005,10000,0.20982788780378198,0.5,0.10491394390189099,0.53768059417010949,0.022603600076089674,212,1,False,-0.23282496472896455,0.44265285253274655,0.66386939217098917,False,False,P3
2022-11-30,VMBS,6,2023-05-31,2023-05-31,23,-0.026417905701970112,0.1290976967964734,0.19187504040538955,10000,0.16331172856609819,0.5,0.081655864283049093,0.45499395478139582,0.094593355279711466,150,1,False,-0.073635058705321846,0.23694678727142005,0.80737261013731709,False,False,P3
2022-11-30,VOO,6,2023-05-31,2023-05-31,23,-0.074648083269012955,0.27751501924275496,0.055889966298163861,109.85411419875572,0.12524438848062833,0.5,0.062622194240314163,0.31293584033481953,0.03826611157882772,141,1,False,-0.15368135760885038,0.27892574608947873,0.68676151513592365,False,False,P3
2022-11-30,VWO,6,2023-05-31,2023-05-31,23,-0.066829922379939899,0.092294100192610265,0.057187933143406609,10000,0.074176339917354117,0.5,0.037088169958677059,0.48391516938141116,0.030643359933831653,207,1,False,-0.23723606218135582,0.31141240209870991,0.73084985550153114,False,False,P3
2022-11-30,VXUS,6,2023-05-31,2023-05-31,23,-0.088435047709528258,0.26120438150306069,0.0930875127984718,159.98587196060572,0.16275729256721863,0.5,0.081378646283609316,0.41441278502021694,0.083968686955994562,136,1,False,-0.1706947852285608,0.3334520777957794,0.75103342037342935,False,False,P3
2022-12-30,BND,6,2023-06-30,2023-06-30,23,-0.0021730065174077051,0.12298627651796099,0.10281256250197052,10000,0.11225500186736624,0.5,0.056127500933683121,0.46805656895459508,0.070156030236661643,183,1,False,-0.12495662837412355,0.23721163024148981,0.79280933009462817,False,False,P3
2022-12-30,DBC,6,2023-06-30,2023-06-30,23,0.10111544334527001,0.49838153230990978,0.048489243337037947,0.0001,0.24200570679750857,0.5,0.12100285339875429,0.43013954273872762,0.05531985459365138,197,1,False,-0.13252094591383601,0.37452665271134455,0.70973275906979705,False,False,P3
2022-12-30,GLD,6,2023-06-30,2023-06-30,23,-0.028864497472010253,0.098188817064038689,0.066965464485470874,10000,0.083325038340477442,0.5,0.041662519170238721,0.52395314737072873,0.031079523205227323,212,1,False,-0.12898709747613402,0.21231213581661146,0.72472699860371503,False,False,P3
2022-12-30,VDE,6,2023-06-30,2023-06-30,23,0.073944163420745723,0.12331943134444293,0.15238920495775732,10000,0.1370118733898634,0.5,0.068505936694931699,0.52898009363412712,0.021901026647208232,213,1,False,-0.26433804774900066,0.40134992113886409,0.63996835294134402,False,False,P3
2022-12-30,VMBS,6,2023-06-30,2023-06-30,23,-0.0013588306307765752,0.12866133736339685,0.08398536254908251,10000,0.10444106446738824,0.5,0.05222053223369412,0.45786806003283126,0.09492572762316584,151,1,False,-0.099897649730148821,0.20433871419753707,0.80181406516129683,False,False,P3
2022-12-30,VOO,6,2023-06-30,2023-06-30,23,-0.14654472618684777,0.25957657050202826,-0.0048766872437948621,109.85411419875572,0.079653120524617482,0.5,0.039826560262308741,0.31963988074466232,0.038922538257456611,142,1,False,-0.16706517897308226,0.24671829949769974,0.68398646595685253,False,False,P3
2022-12-30,VWO,6,2023-06-30,2023-06-30,23,-0.028006323982755266,0.091764130021465273,-0.05494963047607114,10000,0.016273029869809462,0.5,0.008136514934904731,0.48545317156584339,0.031308091623768942,208,1,False,-0.26299133057069424,0.27926436044050373,0.72201923491125408,False,False,P3
2022-12-30,VXUS,6,2023-06-30,2023-06-30,23,-0.076445328426301584,0.24317763479436019,0.033769721241514686,159.98587196060572,0.11981139241824319,0.5,0.059905696209121596,0.41088070511249003,0.084208070216204564,137,1,False,-0.1921497841289406,0.3119611765471838,0.79258235225682994,False,False,P3
2023-01-31,BND,6,2023-07-31,2023-07-31,23,-0.063103389260131926,0.12244283557249272,0.081296978059310562,10000,0.10073667701571788,0.5,0.050368338507858941,0.47245822863648684,0.070859329731400481,184,1,False,-0.1199471576741887,0.22068383468990657,0.7905616593343151,False,False,P3
2023-01-31,DBC,6,2023-07-31,2023-07-31,23,-0.065314417377166922,0.42811535083563562,0.064881475335928113,0.0001,0.22104315489368564,0.5,0.11052157744684282,0.42992047298155506,0.056158975932351141,198,1,False,-0.13678374105979568,0.35782689595348133,0.71393278878397426,False,False,P3
2023-01-31,GLD,6,2023-07-31,2023-07-31,23,-0.087715485442403152,0.097632451733434752,0.049980467970292666,10000,0.074901804406097797,0.5,0.037450902203048898,0.52298633693150287,0.031326503339852242,213,1,False,-0.1279050448912655,0.20280684929736328,0.73033937807034299,False,False,P3
2023-01-31,VDE,6,2023-07-31,2023-07-31,23,-0.039043478068140125,0.12156271513372843,0.14092555358450573,10000,0.13086747131013313,0.5,0.065433735655066563,0.51945288393235722,0.021792600608202768,214,1,False,-0.260616798137911,0.3914842694480441,0.62897681914758707,False,False,P3
2023-01-31,VMBS,6,2023-07-31,2023-07-31,23,-0.057468836327228656,0.12808897439146325,0.051777979211279905,10000,0.087242639551423709,0.5,0.043621319775711855,0.46473853808885163,0.095642264832074081,152,1,False,-0.10698435378282226,0.19422699333424595,0.8023003959729208,False,False,P3
2023-01-31,VOO,6,2023-07-31,2023-07-31,23,-0.20810088205889832,0.2272448205226833,0.03301480282052658,109.85411419875572,0.096021615807966434,0.5,0.048010807903983217,0.32439276756931595,0.039926752670441379,143,1,False,-0.15481375774453424,0.25083537355250068,0.69010587556706215,False,False,P3
2023-01-31,VWO,6,2023-07-31,2023-07-31,23,-0.082169200431775113,0.09088822275413401,0.06993477362092658,10000,0.080079628387156668,0.5,0.040039814193578334,0.48416156699244023,0.031670635450425769,209,1,False,-0.22185898537989152,0.30193861376704817,0.7353896510916883,False,False,P3
2023-01-31,VXUS,6,2023-07-31,2023-07-31,23,-0.11722522250886214,0.21133286767636933,0.03355707602102221,159.98587196060572,0.10542371322896364,0.5,0.052711856614481821,0.4042543505994835,0.084325301099655942,138,1,False,-0.19716184817442187,0.30258556140338549,0.80681040957355665,False,False,P3
2023-02-28,BND,6,2023-08-31,2023-08-31,23,-0.066938611207320475,0.12216073036191362,0.083450803010170854,10000,0.10189765341608745,0.5,0.050948826708043723,0.47654055866075123,0.07136903234089205,185,1,False,-0.10919091649841638,0.21108856991450381,0.79284458734476315,False,False,P3
2023-02-28,DBC,6,2023-08-31,2023-08-31,23,-0.094989998359070071,0.35189050365305047,0.064881475335928113,0.0001,0.18914431017418118,0.5,0.09457215508709059,0.43295793016292305,0.057086364945328053,199,1,False,-0.15052615691892962,0.33967046709311077,0.71434537694769684,False,False,P3
2023-02-28,GLD,6,2023-08-31,2023-08-31,23,-0.11879065105706132,0.097361333307496079,0.052521027468245232,10000,0.075974075199246718,0.5,0.037987037599623359,0.52303496356779833,0.031620022489119076,214,1,False,-0.12281948512358837,0.19879356032283507,0.73204988402267102,False,False,P3
2023-02-28,VDE,6,2023-08-31,2023-08-31,23,-0.12286387036358204,0.121653731596678,0.14209812425844393,10000,0.1314931530572292,0.5,0.065746576528614598,0.51872273129676449,0.02216323726511216,215,1,False,-0.24859806597873352,0.38009121903596271,0.63258898927897045,False,False,P3
2023-02-28,VMBS,6,2023-08-31,2023-08-31,23,-0.060262628101555915,0.1278247525408657,0.085496467547046012,10000,0.10541849097320992,0.5,0.05270924548660496,0.47065510518729287,0.096119368157957186,153,1,False,-0.096029396213004964,0.2014478871862149,0.80724476308819049,False,False,P3
2023-02-28,VOO,6,2023-08-31,2023-08-31,23,-0.18240041958353426,0.22011388912892427,0.0082644272677291648,109.85411419875572,0.078947988128241581,0.5,0.03947399406412079,0.33364994293365097,0.040678911817858134,144,1,False,-0.1623300586162833,0.24127804674452491,0.69213834338345703,False,False,P3
2023-02-28,VWO,6,2023-08-31,2023-08-31,23,-0.089494544806962395,0.091077872536670421,0.048965697442996114,10000,0.06950753630767216,0.5,0.03475376815383608,0.48778859840373456,0.032292186384853365,210,1,False,-0.22709276667227918,0.29660030297995132,0.73539228641903376,False,False,P3
2023-02-28,VXUS,6,2023-08-31,2023-08-31,23,-0.09848655717070498,0.21298373732283496,0.038544934511100519,159.98587196060572,0.10839918416044622,0.5,0.054199592080223111,0.4004513246100232,0.084311325199994555,139,1,False,-0.19407288498656911,0.3024720691470153,0.80741899063254674,False,False,P3
