date,benchmark,horizon,available,target_end,fold,y_true,ridge,gbt,ridge_alpha,z,alpha,y_hat,ridge_weight,naive,n_mature_labels,base_prediction,shrinkage_warmup,lower,upper,probability,interval_warmup,calibration_warmup,candidate
2011-03-31,GLD,6,2011-09-30,2011-09-30,0,-0.28401701071603003,-0.10651232037392482,0.10116520127840259,10000,-0.0026735595477611132,1,-0.0026735595477611132,0.5,-0.08862737846908135,71,0,True,,,,True,True,P1
2011-03-31,VDE,6,2011-09-30,2011-09-30,0,0.099415418834995273,0.071142436222011635,0.15017641693557549,75.431200633546069,0.11065942657879356,1,0.11065942657879356,0.5,-0.059909679005032385,72,0,True,,,,True,True,P1
2011-03-31,VWO,6,2011-09-30,2011-09-30,0,0.10124383219870758,-0.091598321369028818,0.10754215697148241,4714.8663634573895,0.0079719178012267952,1,0.0079719178012267952,0.5,-0.094106099527342946,67,0,True,,,,True,True,P1
2011-04-29,GLD,6,2011-10-31,2011-10-31,0,-0.22579102504943327,-0.10661047515670247,0.056478781465163476,10000,-0.025065846845769495,1,-0.025065846845769495,0.5,-0.087959807040398574,72,0,True,,,,True,True,P1
2011-04-29,VDE,6,2011-10-31,2011-10-31,0,-0.017906208921042222,0.075554344483435468,0.1409036173711404,75.431200633546069,0.10822898092728794,1,0.10822898092728794,0.5,-0.062748359131225201,73,0,True,,,,True,True,P1
2011-04-29,VWO,6,2011-10-31,2011-10-31,0,0.033072410923070894,-0.090706097454052656,0.087504413545989104,4714.8663634573895,-0.0016008419540317759,1,-0.0016008419540317759,0.5,-0.092573075258765736,68,0,True,,,,True,True,P1
2011-05-31,GLD,6,2011-11-30,2011-11-30,0,-0.27687317792830035,-0.10666389675329446,0.054385567213953469,10000,-0.026139164769670497,1,-0.026139164769670497,0.5,-0.086858114955066387,73,0,True,,,,True,True,P1
2011-05-31,VDE,6,2011-11-30,2011-11-30,0,-0.023523657548478738,0.08978383583126133,0.14505723488870412,75.431200633546069,0.11742053535998273,1,0.11742053535998273,0.5,-0.063352363754367411,74,0,True,,,,True,True,P1
2011-05-31,VWO,6,2011-11-30,2011-11-30,0,0.048390600145445495,-0.091202556037531801,0.11981954703124147,4714.8663634573895,0.014308495496854833,1,0.014308495496854833,0.5,-0.090657515881009121,69,0,True,,,,True,True,P1
2011-06-30,GLD,6,2011-12-30,2011-12-30,0,-0.090246847333861346,-0.10649266092397332,0.0071511902662558403,10000,-0.049670735328858739,1,-0.049670735328858739,0.5,-0.085665748859487204,74,0,True,,,,True,True,P1
2011-06-30,VDE,6,2011-12-30,2011-12-30,0,-0.034335473599712785,0.083280230201599012,0.15377471707214335,75.431200633546069,0.11852747363687119,1,0.11852747363687119,0.5,-0.062373273911676096,75,0,True,,,,True,True,P1
2011-06-30,VWO,6,2011-12-30,2011-12-30,0,0.11034683099729881,-0.0912884299580171,0.1145955908099091,4714.8663634573895,0.011653580425945997,1,0.011653580425945997,0.5,-0.088119395257021602,70,0,True,,,,True,True,P1
2011-07-29,GLD,6,2012-01-31,2012-01-31,0,-0.0090676162106111402,-0.10549912765453587,0.011104327743640233,10000,-0.047197399955447819,1,-0.047197399955447819,0.5,-0.087376621152653836,75,0,True,,,,True,True,P1
2011-07-29,VDE,6,2012-01-31,2012-01-31,0,0.11529533139232195,0.11180875565908448,0.042323556376057628,75.431200633546069,0.077066156017571052,1,0.077066156017571052,0.5,-0.06260854359753168,76,0,True,,,,True,True,P1
2011-07-29,VWO,6,2012-01-31,2012-01-31,0,0.15534467397140495,-0.089088239242703371,0.047368658156570376,4714.8663634573895,-0.020859790543066498,1,-0.020859790543066498,0.5,-0.087571082406287401,71,0,True,,,,True,True,P1
2011-08-31,GLD,6,2012-02-29,2012-02-29,0,0.22737844487220649,-0.10477989630199352,0.046119567369823145,10000,-0.02933016446608519,1,-0.02933016446608519,0.5,-0.091476613022922648,76,0,True,,,,True,True,P1
2011-08-31,VDE,6,2012-02-29,2012-02-29,0,0.024229365829836258,0.11615008968661512,0.046383087876132198,75.431200633546069,0.081266588781373661,1,0.081266588781373661,0.5,-0.061172759211664311,77,0,True,,,,True,True,P1
2011-08-31,VWO,6,2012-02-29,2012-02-29,0,0.10266186127514487,-0.089506563398340094,0.059077093697897626,4714.8663634573895,-0.015214734850221234,1,-0.015214734850221234,0.5,-0.086511726361531122,72,0,True,,,,True,True,P1
2011-09-30,DBC,6,2012-03-30,2012-03-30,1,0.2122481903060931,0.041675413673800371,0.0030487947462673639,159.98587196060572,0.022362104210033866,1,0.022362104210033866,0.5,-0.046954632560350075,62,0,True,,,,True,True,P1
2011-09-30,GLD,6,2012-03-30,2012-03-30,1,0.30500834406360688,-0.049967880385496724,0.024120268994879308,339.32217718953228,-0.036990057945269501,1,-0.036990057945269501,0.82483268176131963,-0.093977137668287691,77,0,True,,,,True,True,P1
2011-09-30,VDE,6,2012-03-30,2012-03-30,1,0.092356368390046573,0.042215332305089351,-0.16064725512139966,109.85411419875572,-0.0058174305500758904,1,-0.0058174305500758904,0.76322512955933386,-0.059113936416194314,78,0,True,,,,True,True,P1
2011-09-30,VWO,6,2012-03-30,2012-03-30,1,0.088841029688532913,-0.080398201942490075,-0.20591034819271753,2222.9964825261909,-0.20577660586002577,1,-0.20577660586002577,0.0010655728285063587,-0.083939732408651144,73,0,True,,,,True,True,P1
2011-10-31,DBC,6,2012-04-30,2012-04-30,1,0.12104495917566793,0.041661847650531089,-0.0049294328064272471,159.98587196060572,0.01836620742205192,1,0.01836620742205192,0.5,-0.046130351155516003,63,0,True,,,,True,True,P1
2011-10-31,GLD,6,2012-04-30,2012-04-30,1,0.17495273296235625,-0.054073430912082859,0.045813209428508514,339.32217718953228,-0.037593582960359896,1,-0.037593582960359896,0.83501449347449952,-0.095667059301379309,78,0,True,,,,True,True,P1
2011-10-31,VDE,6,2012-04-30,2012-04-30,1,0.14132043265264094,0.031806041961265255,-0.20983802103269228,109.85411419875572,-0.029157497243992154,1,-0.029157497243992154,0.74771348217737155,-0.058592319612458213,79,0,True,,,,True,True,P1
2011-10-31,VWO,6,2012-04-30,2012-04-30,1,0.11580262722532919,-0.081659099747263569,-0.14540710085196012,2222.9964825261909,-0.14314501852468939,1,-0.14314501852468939,0.035484756981722813,-0.082358487228492733,74,0,True,,,,True,True,P1
2011-11-30,DBC,6,2012-05-31,2012-05-31,1,0.27541495190717158,0.05988159981911946,0.0030487947462673639,159.98587196060572,0.031465197282693411,1,0.031465197282693411,0.5,-0.046518863008323197,64,0,True,,,,True,True,P1
2011-11-30,GLD,6,2012-05-31,2012-05-31,1,0.31887367991302329,-0.045805342707057009,0.047979708460077722,339.32217718953228,-0.028984526945443751,1,-0.028984526945443751,0.82064502228999359,-0.097960807638428946,79,0,True,,,,True,True,P1
2011-11-30,VDE,6,2012-05-31,2012-05-31,1,0.22273860392432687,0.047823395287228343,-0.075027544029082724,109.85411419875572,0.013588581724980812,1,0.013588581724980812,0.7213304696506937,-0.058153961336658476,80,0,True,,,,True,True,P1
2011-11-30,VWO,6,2012-05-31,2012-05-31,1,0.21418601098807111,-0.080064610967084504,0.024749009390441976,2222.9964825261909,0.016634178789122503,1,0.016634178789122503,0.077421527599554618,-0.080615166063506882,75,0,True,,,,True,True,P1
2011-12-30,DBC,6,2012-06-29,2012-06-29,1,0.12913998782389102,0.049565858709710836,0.01020247977490117,159.98587196060572,0.029884169242306004,1,0.029884169242306004,0.5,-0.045815839561753259,65,0,True,,,,True,True,P1
2011-12-30,GLD,6,2012-06-29,2012-06-29,1,0.067474942796318826,-0.062990219625350674,-0.015300563763090583,339.32217718953228,-0.055232117814091264,1,-0.055232117814091264,0.83732107789440147,-0.097864383134621827,80,0,True,-0.33657556898236018,0.22611133335417766,,False,True,P1
2011-12-30,VDE,6,2012-06-29,2012-06-29,1,0.12344613042352826,0.024042563325691851,-0.21128001014734887,109.85411419875572,-0.041721567452145211,1,-0.041721567452145211,0.72053624177549958,-0.057859905932498651,81,0,True,-0.19458451468872917,0.11114137978443876,,False,True,P1
2011-12-30,VWO,6,2012-06-29,2012-06-29,1,0.043514565370284419,-0.079377056777564209,-0.048021632116886696,2222.9964825261909,-0.049314212113218278,1,-0.049314212113218278,0.041223488768518758,-0.078102508207443647,76,0,True,-0.1480074626845711,0.04937903845813453,,False,True,P1
2012-01-31,DBC,6,2012-07-31,2012-07-31,1,-0.0045013063407751686,0.055115604956691142,-0.0016901239957588488,159.98587196060572,0.026712740480466145,1,0.026712740480466145,0.5,-0.043190964140973363,66,0,True,,,,True,True,P1
2012-01-31,GLD,6,2012-07-31,2012-07-31,1,0.035829187182332634,-0.071563462940716416,-0.0092041089994462071,339.32217718953228,-0.058322685963080816,1,-0.058322685963080816,0.78766975376130888,-0.096768126752843922,81,0,True,-0.33966613713134974,0.2230207652051881,,False,True,P1
2012-01-31,VDE,6,2012-07-31,2012-07-31,1,-0.010698659940103217,0.026111689924623857,-0.19765358109804493,109.85411419875572,-0.026893335584410327,1,-0.026893335584410327,0.76312219824467553,-0.05574825669683011,82,0,True,-0.17975628282099429,0.12596961165217366,,False,True,P1
2012-01-31,VWO,6,2012-07-31,2012-07-31,1,0.020729199067342829,-0.080511828140946054,-0.023355854126473535,2222.9964825261909,-0.027262258837447637,1,-0.027262258837447637,0.068346393851760071,-0.075070726620705353,77,0,True,-0.20346672335191907,0.14894220567702382,,False,True,P1
2012-02-29,DBC,6,2012-08-31,2012-08-31,1,-0.058674233038552015,0.051083457266879934,-0.0040147921002203508,159.98587196060572,0.023534332583329792,1,0.023534332583329792,0.5,-0.03963103024804672,67,0,True,,,,True,True,P1
2012-02-29,GLD,6,2012-08-31,2012-08-31,1,-0.042147642746985903,-0.087245974932860917,-0.076902037942737034,339.32217718953228,-0.08382693204618745,1,-0.08382693204618745,0.66946406480067611,-0.092815119781806718,82,0,True,-0.36517038321445638,0.19751651912208146,,False,True,P1
2012-02-29,VDE,6,2012-08-31,2012-08-31,1,-0.018401669947444299,0.01008880495990358,-0.18469672957598512,109.85411419875572,-0.051186247422614108,1,-0.051186247422614108,0.68542298313621475,-0.054784670883255816,83,0,True,-0.20404919465919807,0.10167669981396987,,False,True,P1
2012-02-29,VWO,6,2012-08-31,2012-08-31,1,0.010238367842802854,-0.077590994220241585,-0.026252520320684689,2222.9964825261909,-0.029576591212358838,1,-0.029576591212358838,0.064748143822460608,-0.072792103698963675,78,0,True,-0.20578105572683028,0.1466278733021126,,False,True,P1
2012-03-30,DBC,6,2012-09-28,2012-09-28,2,-0.10109649122807041,0.018075222104823756,-0.039703242554158261,159.98587196060572,-0.004997534877621332,1,-0.004997534877621332,0.60066856884092912,-0.035926924063427013,68,0,True,,,,True,True,P1
2012-03-30,GLD,6,2012-09-28,2012-09-28,2,-0.16552715986858357,-0.093252723968376222,-0.14826253834469436,10000,-0.1148020842475436,1,-0.1148020842475436,0.60826335221293826,-0.088022066000536678,83,0,True,-0.45680048625642,0.22719631776133278,,False,True,P1
2012-03-30,VDE,6,2012-09-28,2012-09-28,2,-0.1223766775752847,-0.022012001118181856,-0.1322910949081525,109.85411419875572,-0.047255660256385223,1,-0.047255660256385223,0.7710929762781642,-0.05303299184428794,84,0,True,-0.2001186074929692,0.10560728698019875,,False,True,P1
2012-03-30,VWO,6,2012-09-28,2012-09-28,2,-0.076818068648375593,0.092275753102523256,0.006860897281193482,109.85411419875572,0.021838482588061394,1,0.021838482588061394,0.17535105764502984,-0.070746114668742199,79,0,True,-0.27277915296049732,0.31645611813662006,,False,True,P1
2012-04-30,DBC,6,2012-10-31,2012-10-31,2,0.075186001087504839,0.020763832832410005,-0.066404658798955629,159.98587196060572,-0.010388933295345185,1,-0.010388933295345185,0.64261437195105064,-0.033651969233874909,69,0,True,,,,True,True,P1
2012-04-30,GLD,6,2012-10-31,2012-10-31,2,0.021549981018549769,-0.093038859242166747,-0.16300075854545479,10000,-0.12341336398651621,1,-0.12341336398651621,0.56584219343910913,-0.084891413631930812,84,0,True,-0.46541176599539258,0.21858503802236018,,False,True,P1
2012-04-30,VDE,6,2012-10-31,2012-10-31,2,0.040863996094121502,0.0012775361580734321,-0.13612206875319946,109.85411419875572,-0.024468994235415386,1,-0.024468994235415386,0.81261568830481801,-0.050746480967853481,85,0,True,-0.19494692413204848,0.14600893566121773,,False,True,P1
2012-04-30,VWO,6,2012-10-31,2012-10-31,2,0.06423822246614741,0.084070729451140136,-0.047031376506658229,109.85411419875572,-0.014236397710517632,1,-0.014236397710517632,0.25014837524194516,-0.06841425539506632,80,0,True,-0.30885403325907634,0.28038123783804103,,False,True,P1
2012-05-31,DBC,6,2012-11-30,2012-11-30,2,-0.051746630125066639,0.026284815914610078,-0.062397686442541636,159.98587196060572,-0.0065185926578646674,1,-0.0065185926578646674,0.63010280832666032,-0.029236727503288533,70,0,True,,,,True,True,P1
2012-05-31,GLD,6,2012-11-30,2012-11-30,2,-0.060620583753068003,-0.093117203839461968,-0.17452217541125839,10000,-0.13131876145638699,1,-0.13131876145638699,0.5307220569049329,-0.080141236060813692,85,0,True,-0.47917696831485401,0.21653944540208003,,False,True,P1
2012-05-31,VDE,6,2012-11-30,2012-11-30,2,-0.057956479063156818,0.005138613314520056,-0.1322910949081525,109.85411419875572,-0.022402294744056986,1,-0.022402294744056986,0.79960003979668304,-0.047566421841200218,86,0,True,-0.23155231694340306,0.18674772745528906,,False,True,P1
2012-05-31,VWO,6,2012-11-30,2012-11-30,2,-0.10512854512816872,0.094042368475359878,-0.014320118165193917,109.85411419875572,0.013567728406486112,1,0.013567728406486112,0.25735701935473326,-0.064925363217496729,81,0,True,-0.28104990714207256,0.30818536395504481,,False,True,P1
2012-06-29,DBC,6,2012-12-31,2012-12-31,2,-0.027661078234145098,0.019975368450077004,-0.012723578074202241,159.98587196060572,0.0081980713009104332,1,0.0081980713009104332,0.63982640418027448,-0.027006069540933892,71,0,True,-0.23575168332356772,0.25214782592538859,,False,True,P1
2012-06-29,GLD,6,2012-12-31,2012-12-31,2,0.010874759764625042,-0.092781211308388636,-0.27731450358299597,10000,-0.18184463084095057,1,-0.18184463084095057,0.51735852953826333,-0.078424768864800529,86,0,True,-0.52442901333478598,0.16073975165288487,,False,True,P1
2012-06-29,VDE,6,2012-12-31,2012-12-31,2,-0.0042991290954275119,0.0057979228093313004,-0.11371930538884306,109.85411419875572,-0.015428474872810025,1,-0.015428474872810025,0.82239884573841249,-0.045600760320915978,87,0,True,-0.22457849707215607,0.19372154732653604,,False,True,P1
2012-06-29,VWO,6,2012-12-31,2012-12-31,2,-0.078547651734469426,0.076543542761574074,0.020140857889913516,109.85411419875572,0.035030590483789002,1,0.035030590483789002,0.26398978395719608,-0.063602925063987195,82,0,True,-0.25958704506476971,0.32964822603234767,,False,True,P1
2012-07-31,DBC,6,2013-01-31,2013-01-31,2,0.18826481687196672,0.023161099272046272,0.025804074942323101,159.98587196060572,0.024237837779280246,0.050000000000000003,0.0012118918889640123,0.59260370069120161,-0.026693503385376127,72,0,False,-0.24273786273551415,0.24516164651344216,,False,True,P1
2012-07-31,GLD,6,2013-01-31,2013-01-31,2,0.1900409394910052,-0.092687707178837037,-0.2294061378273998,10000,-0.16078676954059506,0.050000000000000003,-0.0080393384770297543,0.50190283754201415,-0.077111505002189801,87,0,False,-0.35057045001768711,0.3344917730636276,,False,True,P1
2012-07-31,VDE,6,2013-01-31,2013-01-31,2,0.10885906189877703,0.014395309321440009,-0.10339070976893923,109.85411419875572,-0.0047600055622441699,0.050000000000000003,-0.00023800027811220851,0.83737191364803687,-0.045204145543861284,88,0,False,-0.20938802247745827,0.20891202192123384,,False,True,P1
2012-07-31,VWO,6,2013-01-31,2013-01-31,2,0.081467235293686491,0.10051663332336494,-0.05532398016830236,109.85411419875572,-0.015029233013363633,0.050000000000000003,-0.00075146165066818169,0.25856383809149508,-0.062586875375657922,83,0,False,-0.29536909719922688,0.29386617389789049,,False,True,P1
2012-08-31,DBC,6,2013-02-28,2013-02-28,2,0.37976193880378017,0.036130535854685959,0.061910006689859298,159.98587196060572,0.047826930133771088,0.050000000000000003,0.0023913465066885548,0.54629036593231195,-0.027131595572405933,73,0,False,-0.24155840811778961,0.2463411011311667,,False,True,P1
2012-08-31,GLD,6,2013-02-28,2013-02-28,2,0.40693380548149616,-0.092306767822250488,-0.2294061378273998,10000,-0.16093143944086721,0.050000000000000003,-0.0080465719720433614,0.49945304915668648,-0.076714188385653401,88,0,False,-0.35053329105171893,0.33444014710763226,,False,True,P1
2012-08-31,VDE,6,2013-02-28,2013-02-28,2,0.24332157842173729,0.028154574718058753,-0.08817087785634499,109.85411419875572,0.010655324702543836,0.050000000000000003,0.00053276623512719186,0.84956645662459729,-0.044902994132665588,89,0,False,-0.20861725596421887,0.20968278843447324,,False,True,P1
2012-08-31,VWO,6,2013-02-28,2013-02-28,2,0.22436459453226609,0.10978636390352667,-0.03978057460835413,109.85411419875572,-0.0018303289041851324,0.050000000000000003,-9.1516445209256623e-05,0.25373418806158443,-0.061719908194485772,84,0,False,-0.26201166134510617,0.26182862845468763,,False,True,P1
2012-09-28,DBC,6,2013-03-29,2013-03-29,3,0.33615249051031937,0.0087905400677633846,0.026281616534870898,339.32217718953228,0.017413865681577455,0.050000000000000003,0.0008706932840788728,0.50698714112704901,-0.028131121189374369,74,0,False,-0.24307906134039928,0.24482044790855703,,False,True,P1
2012-09-28,GLD,6,2013-03-29,2013-03-29,3,0.38972789344916159,-0.095542419986406016,0.0030639706257483213,10000,-0.044946470786746739,0.050000000000000003,-0.0022473235393373372,0.48688975546557767,-0.077712086941641376,89,0,False,-0.29292230560616123,0.28842765852748659,,False,True,P1
2012-09-28,VDE,6,2013-03-29,2013-03-29,3,0.20880842163514335,0.011974585316454928,-0.042571219031612297,159.98587196060572,0.0023341812995133337,0.050000000000000003,0.00011670906497566669,0.8232603931289687,-0.04576381283758358,90,0,False,-0.2090333131343704,0.20926673126432171,,False,True,P1
2012-09-28,VWO,6,2013-03-29,2013-03-29,3,0.24821654988322761,0.10684719555831421,0.077994180665750687,109.85411419875572,0.085190159884134503,0.050000000000000003,0.0042595079942067257,0.24940129290400387,-0.061897533611590352,85,0,False,-0.25743198312493037,0.2659509991133438,,False,True,P1
2012-10-31,DBC,6,2013-04-30,2013-04-30,3,0.2325866241015071,0.017940902225543322,0.05140208496506362,339.32217718953228,0.032911388530631636,0.050000000000000003,0.0016455694265315819,0.55260140020672399,-0.026753559559015982,75,0,False,-0.24230418519794658,0.24559532405100973,,False,True,P1
2012-10-31,GLD,6,2013-04-30,2013-04-30,3,0.33043618952149034,-0.095553428492346423,-0.056309944107944224,10000,-0.076037571062536793,0.050000000000000003,-0.0038018785531268398,0.50269814885330522,-0.076609175075417035,90,0,False,-0.29381032269862539,0.28620656559237168,,False,True,P1
2012-10-31,VDE,6,2013-04-30,2013-04-30,3,0.10411570921812041,0.0091366425037004637,-0.027837668142863568,159.98587196060572,0.0030034667711435767,0.050000000000000003,0.00015017333855717885,0.83412332440261916,-0.044811858893279127,91,0,False,-0.20899984886078887,0.20930019553790324,,False,True,P1
2012-10-31,VWO,6,2013-04-30,2013-04-30,3,0.13826999901114378,0.12274655732358747,0.083387396174892173,109.85411419875572,0.094333314009879224,0.050000000000000003,0.0047166657004939615,0.27810343298817747,-0.060430838773477123,86,0,False,-0.25677883646370608,0.26621216786469398,,False,True,P1
2012-11-30,DBC,6,2013-05-31,2013-05-31,3,0.29426522999731686,0.01989161848199042,0.074227625111940546,339.32217718953228,0.046187664493745416,0.050000000000000003,0.0023093832246872709,0.51604750435854507,-0.027082415750674545,76,0,False,-0.19358377715230737,0.19820254360168191,,False,True,P1
2012-11-30,GLD,6,2013-05-31,2013-05-31,3,0.4080458624655634,-0.095351066819699945,-0.045683675510244853,10000,-0.071485867752535889,0.050000000000000003,-0.0035742933876267945,0.51949964679097449,-0.076433476269676934,91,0,False,-0.29300507133464332,0.28585648455938978,,False,True,P1
2012-11-30,VDE,6,2013-05-31,2013-05-31,3,0.077908839046333389,0.020169015834405453,-0.0063054623150814162,159.98587196060572,0.015580861340624873,0.050000000000000003,0.00077904306703124372,0.82669518666718245,-0.044954735199473454,92,0,False,-0.20837097913231481,0.20992906526637731,,False,True,P1
2012-11-30,VWO,6,2013-05-31,2013-05-31,3,0.21433677585018152,0.13211538407407145,0.079448550783228711,109.85411419875572,0.09363959030299164,0.050000000000000003,0.004681979515149582,0.26944926499369282,-0.060944605513186222,87,0,False,-0.201055961157275,0.21041992018757419,,False,True,P1
2012-12-31,DBC,6,2013-06-28,2013-06-28,3,0.32493265191947918,0.020306109777702301,0.094873758984048026,339.32217718953228,0.057633330676949604,0.050000000000000003,0.0028816665338474803,0.49941802783732198,-0.027089930847862476,77,0,False,-0.19241078641505363,0.19817411948274857,,False,True,P1
2012-12-31,GLD,6,2013-06-28,2013-06-28,3,0.49251781655632898,-0.095459365157797349,-0.083609764485924359,10000,-0.090166126756703185,0.050000000000000003,-0.0045083063378351593,0.55329816188164505,-0.075484473704086702,92,0,False,-0.26583594851924758,0.25681933584357725,,False,True,P1
2012-12-31,VDE,6,2013-06-28,2013-06-28,3,0.11218359969344638,0.028021609260388068,-0.051460164514626643,159.98587196060572,0.015001855177803945,0.050000000000000003,0.00075009275889019727,0.83619195364916576,-0.044517578144591237,93,0,False,-0.20839992944045585,0.20990011495823627,,False,True,P1
2012-12-31,VWO,6,2013-06-28,2013-06-28,3,0.3372885676530778,0.14194860537923051,0.094032415084804866,109.85411419875572,0.10699692826530589,0.050000000000000003,0.0053498464132652954,0.27056644321761236,-0.061144640129337173,88,0,False,-0.19987646247956706,0.21057615530609766,,False,True,P1
2013-01-31,DBC,6,2013-07-31,2013-07-31,3,0.22603268228646956,0.01827176988626978,0.067839307983173391,339.32217718953228,0.043136028685183861,0.050000000000000003,0.0021568014342591931,0.49837616001212487,-0.024328972543762102,78,0,False,-0.18541124375111742,0.18972484661963582,,False,True,P1
2013-01-31,GLD,6,2013-07-31,2013-07-31,3,0.34729894118004645,-0.095687392209641814,-0.14102386306840164,10000,-0.1151875688070825,0.050000000000000003,-0.0057593784403541255,0.56987881438343335,-0.072629361734247,93,0,False,-0.26681531280746529,0.25529655592675704,,False,True,P1
2013-01-31,VDE,6,2013-07-31,2013-07-31,3,0.067482958701918783,0.015350622866063687,-0.038998798446703481,159.98587196060572,0.0064415623819654051,0.050000000000000003,0.00032207811909827026,0.83607809855363702,-0.042885911761151141,94,0,False,-0.2088279440802478,0.20947210031844432,,False,True,P1
2013-01-31,VWO,6,2013-07-31,2013-07-31,3,0.23663801286909691,0.13662294737986913,0.066133856654173789,109.85411419875572,0.087370625302473762,0.050000000000000003,0.0043685312651236879,0.30127738107648117,-0.059542259506606562,89,0,False,-0.20040633782218609,0.20914340035243345,,False,True,P1
2013-02-28,DBC,6,2013-08-30,2013-08-30,3,0.048216547066272764,0.023384527597303077,0.043743649349237336,339.32217718953228,0.033763939868379882,0.050000000000000003,0.0016881969934189941,0.49018369271794898,-0.01921389771657802,79,0,False,-0.25337996077044345,0.25675635475728142,,False,True,P1
2013-02-28,GLD,6,2013-08-30,2013-08-30,3,0.13411673778283828,-0.096202905317380169,-0.18991090591518367,10000,-0.13575876417460306,0.050000000000000003,-0.0067879382087301533,0.57788173256414521,-0.067527625912802924,94,0,False,-0.29824054785043369,0.28466467143297342,,False,True,P1
2013-02-28,VDE,6,2013-08-30,2013-08-30,3,-0.035373124236404374,0.018081524863015896,-0.060880762805815947,159.98587196060572,0.0040736145214195375,0.050000000000000003,0.00020368072607097689,0.82259999355204094,-0.039873201338173368,95,0,False,-0.24258513146053914,0.24299249291268107,,False,True,P1
2013-02-28,VWO,6,2013-08-30,2013-08-30,3,0.13806252523931739,0.1434516589282798,0.031902996322646565,109.85411419875572,0.070368646839383223,0.050000000000000003,0.0035184323419691615,0.34483291523384102,-0.056387738906174649,90,0,False,-0.22477007138801097,0.2318069360719493,,False,True,P1
2013-03-29,BND,6,2013-09-30,2013-09-30,4,0.10127215270764489,-0.0062109890514645055,-0.14995614493060669,10000,-0.078083566991035594,0.050000000000000003,-0.0039041783495517798,0.5,0.0066418126404495081,66,1,False,,,,True,True,P1
2013-03-29,DBC,6,2013-09-30,2013-09-30,4,0.13385180077136882,0.082070832309786873,0.11309753601512711,109.85411419875572,0.097984153738671281,0.050000000000000003,0.0048992076869335648,0.48710886016082167,-0.014771817863741802,80,0,False,-0.33362018916014163,0.3434186045340088,,False,True,P1
2013-03-29,GLD,6,2013-09-30,2013-09-30,4,0.24620446046169997,-0.064166238544307044,-0.19295676385343277,339.32217718953228,-0.12120780862667282,0.050000000000000003,-0.0060603904313336412,0.55709808663755811,-0.062714409919519085,95,0,False,-0.3585624930929619,0.34644171223029457,,False,True,P1
2013-03-29,VDE,6,2013-09-30,2013-09-30,4,0.019964211771014373,0.058257664148743914,-0.02624973865080318,75.431200633546069,0.042012726563253139,0.050000000000000003,0.0021006363281626571,0.80776905871756555,-0.037282767765534658,96,0,False,-0.24068817585844746,0.24488944851477276,,False,True,P1
2013-03-29,VWO,6,2013-09-30,2013-09-30,4,0.11607772792845594,0.13277719698093013,-0.090983460462977908,109.85411419875572,-0.010576353102470883,0.050000000000000003,-0.00052881765512354417,0.35934425773960443,-0.053040439029368031,91,0,False,-0.26135383128927575,0.2602961959790287,,False,True,P1
2013-04-30,BND,6,2013-10-31,2013-10-31,4,0.069064409114923064,-0.006151887525612602,-0.13408600863811157,10000,-0.070118948081862087,0.050000000000000003,-0.0035059474040931046,0.5,0.0090580605694564748,67,1,False,,,,True,True,P1
2013-04-30,DBC,6,2013-10-31,2013-10-31,4,0.05997390733944219,0.078749960644434749,0.11309753601512711,109.85411419875572,0.096606927727282799,0.050000000000000003,0.0048303463863641405,0.48010982172311312,-0.011718009938244902,81,0,False,-0.33345779334493714,0.34311848611766543,,False,True,P1
2013-04-30,GLD,6,2013-10-31,2013-10-31,4,0.12418066101221636,-0.064231145014551308,-0.18517561698632673,339.32217718953228,-0.1189760968728933,0.050000000000000003,-0.0059488048436446657,0.5473546581681078,-0.058619091175341899,96,0,False,-0.35821871271511496,0.34632110302782559,0.70029350836551951,False,False,P1
2013-04-30,VDE,6,2013-10-31,2013-10-31,4,-0.080635695327173851,0.067723454578700742,-0.04227674495919255,75.431200633546069,0.045972879454605334,0.050000000000000003,0.0022986439727302669,0.8022678575541794,-0.035825051507971203,97,0,False,-0.24049016821387983,0.24508745615934038,0.5874823360528737,False,False,P1
2013-04-30,VWO,6,2013-10-31,2013-10-31,4,0.043811268332934583,0.13703925385071217,-0.14466633118596908,109.85411419875572,-0.040866163952091424,0.050000000000000003,-0.0020433081976045714,0.36847039159824152,-0.05096097774631899,92,0,False,-0.26277445343755018,0.25868783704234105,0.91943301442720271,False,False,P1
2013-05-31,BND,6,2013-11-29,2013-11-29,4,0.1004965959212375,-0.0062111078392239538,-0.15631711372219212,10000,-0.08126411078070804,0.050000000000000003,-0.0040632055390354025,0.5,0.012254851549905056,68,1,False,,,,True,True,P1
2013-05-31,DBC,6,2013-11-29,2013-11-29,4,0.10925822934672236,0.072314080577790665,0.10107260396072283,109.85411419875572,0.08754653119548679,0.050000000000000003,0.0043773265597743397,0.47033265877842673,-0.0079865070122014659,82,0,False,-0.29335531360667,0.3021099667262187,,False,True,P1
2013-05-31,GLD,6,2013-11-29,2013-11-29,4,0.19443946439510806,-0.067985811435008731,-0.23469553094402237,339.32217718953228,-0.14507316802220369,0.050000000000000003,-0.0072536584011101846,0.53759530749479167,-0.053808112271827413,97,0,False,-0.40109982194815114,0.38659250514593074,0.76583759161193332,False,False,P1
2013-05-31,VDE,6,2013-11-29,2013-11-29,4,0.0079571611051172386,0.058842540433999689,-0.04227674495919255,75.431200633546069,0.038564390607786547,0.050000000000000003,0.0019282195303893274,0.7994630821671298,-0.03466450160435585,98,0,False,-0.20882364981120741,0.21268008887198606,0.60968201574618175,False,False,P1
2013-05-31,VWO,6,2013-11-29,2013-11-29,4,0.075438547674787415,0.13528101243120746,-0.12404196738588941,109.85411419875572,-0.024700724053013816,0.050000000000000003,-0.0012350362026506908,0.38307921420208108,-0.048108313729152315,93,0,False,-0.24661975464986186,0.24414968224456046,0.89372008779541334,False,False,P1
2013-06-28,BND,6,2013-12-31,2013-12-31,4,0.060708907927270905,-0.0060928239923321052,-0.10635187813751916,10000,-0.056222351064925631,0.050000000000000003,-0.0028111175532462818,0.5,0.01587129979897179,69,1,False,,,,True,True,P1
2013-06-28,DBC,6,2013-12-31,2013-12-31,4,0.036258505339504365,0.063009880292174039,0.10871702688489622,109.85411419875572,0.087745793091207502,0.050000000000000003,0.0043872896545603755,0.45881739196180593,-0.0039754328082053127,83,0,False,-0.33352505726360837,0.3422996365727291,,False,True,P1
2013-06-28,GLD,6,2013-12-31,2013-12-31,4,0.081616765466351215,-0.074149198231435051,-0.18667189379985763,339.32217718953228,-0.12675523310210163,0.050000000000000003,-0.0063377616551050821,0.53248511684757838,-0.048233357896029901,98,0,False,-0.4250474911741276,0.41237196786391744,0.7556736505413808,False,False,P1
2013-06-28,VDE,6,2013-12-31,2013-12-31,4,-0.078978943951848901,0.046692556505425843,0.017308656800157154,75.431200633546069,0.040789084394394437,0.050000000000000003,0.002039454219719722,0.79909160559880066,-0.033181187449832596,99,0,False,-0.2086396038881384,0.21271851232757782,0.62549187798318973,False,False,P1
2013-06-28,VWO,6,2013-12-31,2013-12-31,4,0.0022070385248151858,0.11183029020272983,-0.088284433561001144,109.85411419875572,-0.0082842095973713042,0.050000000000000003,-0.00041421047986856522,0.39977180318867261,-0.044008346905937107,94,0,False,-0.29672825901439337,0.29589983805465625,0.87843873145682749,False,False,P1
2013-07-31,BND,6,2014-01-31,2014-01-31,4,-0.08765649048181412,-0.0061870709585255795,-0.11648393965780146,10000,-0.061335505308163521,0.050000000000000003,-0.0030667752654081762,0.5,0.018026480975858624,70,1,False,,,,True,True,P1
2013-07-31,DBC,6,2014-01-31,2014-01-31,4,-0.032587484581307335,0.038187917718878084,0.11379564893562168,109.85411419875572,0.07958147339049422,0.050000000000000003,0.0039790736695247114,0.45252218251393056,-0.0012372409618401359,84,0,False,-0.33377853503147176,0.34173668237052118,,False,True,P1
2013-07-31,GLD,6,2014-01-31,2014-01-31,4,-0.002632240260478369,-0.088361419143768466,-0.15861345423726578,339.32217718953228,-0.12111587638961921,0.050000000000000003,-0.0060557938194809608,0.53375788755075415,-0.044238082147786711,99,0,False,-0.42460337759652594,0.41249178995756403,0.76742768374557135,False,False,P1
2013-07-31,VDE,6,2014-01-31,2014-01-31,4,-0.084067451355699485,0.030927118318640964,0.027723167738062486,75.431200633546069,0.030284079798568165,0.050000000000000003,0.0015142039899284083,0.79929824012557238,-0.032174545988315081,100,0,False,-0.20909837429582048,0.2121267822756773,0.64577805509388031,False,False,P1
2013-07-31,VWO,6,2014-01-31,2014-01-31,4,-0.023342215149227408,0.075407332922320019,-0.10127970643508916,109.85411419875572,-0.02785708133862777,0.050000000000000003,-0.0013928540669313886,0.41555184445611398,-0.041054174697778854,95,0,False,-0.29763314551510989,0.29484743738124708,0.89305866080452623,False,False,P1
2013-08-30,BND,6,2014-02-28,2014-02-28,4,-0.014542823539740901,-0.006231114578168404,-0.11774190569401205,10000,-0.061986510136090224,0.050000000000000003,-0.0030993255068045115,0.5,0.018334550071582276,71,1,False,,,,True,True,P1
2013-08-30,DBC,6,2014-02-28,2014-02-28,4,0.036134457427679401,0.023800266057591848,0.17825953220525267,109.85411419875572,0.10889464808759136,0.050000000000000003,0.0054447324043795688,0.44908205151868003,-0.00065543169092116061,85,0,False,-0.31807634318576422,0.32896580799452341,,False,True,P1
2013-08-30,GLD,6,2014-02-28,2014-02-28,4,0.068252704639162887,-0.089524829427817934,-0.21362107529606661,339.32217718953228,-0.14663287176808121,0.050000000000000003,-0.0073316435884040604,0.53980846124149384,-0.042454533948480463,100,0,False,-0.41923181790829001,0.40456853073148191,0.83672081348198746,False,False,P1
2013-08-30,VDE,6,2014-02-28,2014-02-28,4,-0.077872074844086203,0.032105409930757209,0.047949754946192337,75.431200633546069,0.035390623091350458,0.050000000000000003,0.001769531154567523,0.79265705477929915,-0.032206215079880328,101,0,False,-0.20696037388469837,0.21049943619383341,0.61738165622648,False,False,P1
2013-08-30,VWO,6,2014-02-28,2014-02-28,4,-0.02889770901575206,0.072471136037099343,-0.089282534301872968,109.85411419875572,-0.019217891619822926,0.050000000000000003,-0.00096089458099114637,0.43315643184616459,-0.039188375740100763,96,0,False,-0.26288103948088803,0.26095925031890577,0.89120738663260557,False,False,P1
2013-09-30,BND,6,2014-03-31,2014-03-31,5,-0.10519925241864547,-0.093593345543672199,-0.051902851905123309,51.794746792312019,-0.08714302085972403,0.050000000000000003,-0.0043571510429862015,0.84528068341258722,0.019486461219305366,72,1,False,,,,True,True,P1
2013-09-30,DBC,6,2014-03-31,2014-03-31,5,-0.097298604510697051,0.045273185712322805,0.17598957391941264,51.794746792312019,0.11792577573461996,0.050000000000000003,0.0058962887867309985,0.44419677579221373,0.00090860589584965319,86,1,False,-0.31754741363475425,0.32933999120821622,,False,True,P1
2013-09-30,GLD,6,2014-03-31,2014-03-31,5,-0.052667806524847371,-0.27971465568441473,-0.077389936717214072,11.513953993264458,-0.18812650607536169,0.050000000000000003,-0.0094063253037680854,0.54732100913531656,-0.039596524102835109,101,0,False,-0.42129529888498618,0.40248264827745006,0.91240393977437673,False,False,P1
2013-09-30,VDE,6,2014-03-31,2014-03-31,5,-0.17338934754132185,0.018002537187879898,0.10027768329971543,75.431200633546069,0.035256802042959313,0.050000000000000003,0.0017628401021479658,0.79028581934542041,-0.031694740306832336,102,0,False,-0.20696553723835398,0.21049121744264992,0.63501934502246316,False,False,P1
2013-09-30,VWO,6,2014-03-31,2014-03-31,5,-0.089152415617970493,0.035734383393114563,0.099310609416673357,339.32217718953228,0.069741492527889026,0.050000000000000003,0.0034870746263944517,0.46509707697696923,-0.037587694258981626,97,0,False,-0.25831417030750742,0.26528831956029636,0.84616125809302389,False,False,P1
2013-10-31,BND,6,2014-04-30,2014-04-30,5,-0.078578135240947811,-0.094316090411299347,-0.036356296721264669,51.794746792312019,-0.086249662320034573,0.050000000000000003,-0.0043124831160017288,0.86082717729459968,0.02016561119047821,73,1,False,,,,True,True,P1
2013-10-31,DBC,6,2014-04-30,2014-04-30,5,-0.091755182193545837,0.026036967796444248,0.17598957391941264,51.794746792312019,0.1083651979992636,0.050000000000000003,0.0054182598999631803,0.45097166143743961,0.0015875174066955443,87,1,False,-0.31795580666972939,0.32879232646965578,0.99945483545028446,False,False,P1
2013-10-31,GLD,6,2014-04-30,2014-04-30,5,-0.02574377322114163,-0.25150350720797371,-0.099964627962985345,11.513953993264458,-0.18398213271186523,0.050000000000000003,-0.0091991066355932623,0.55442870613455775,-0.037990865425236567,102,0,False,-0.40344104733924879,0.38504283406806228,0.92019201526605066,False,False,P1
2013-10-31,VDE,6,2014-04-30,2014-04-30,5,-0.15766994572410709,0.011637603582611841,0.093103152657210059,75.431200633546069,0.030408589756789495,0.050000000000000003,0.0015204294878394748,0.76958375181404581,-0.032169895209942456,103,0,False,-0.17336678302497061,0.17640764200064957,0.60971007579601255,False,False,P1
2013-10-31,VWO,6,2014-04-30,2014-04-30,5,-0.032705847771132501,0.036763718208335724,0.10855342764611986,339.32217718953228,0.074034012999161777,0.050000000000000003,0.0037017006499580891,0.48084070707757925,-0.036757092599880442,98,0,False,-0.24198502629994711,0.24938842759986329,0.84360473605960529,False,False,P1
2013-11-29,BND,6,2014-05-30,2014-05-30,5,-0.098584988173251342,-0.097316532612460926,-0.067716204217552617,51.794746792312019,-0.093111266137669429,0.050000000000000003,-0.0046555633068834715,0.85793176282750749,0.021251165038191171,74,1,False,,,,True,True,P1
2013-11-29,DBC,6,2014-05-30,2014-05-30,5,-0.088079322631185453,-0.0015938629267134158,0.12025788857195384,51.794746792312019,0.065872828756303209,0.050000000000000003,0.0032936414378151608,0.44632152715708373,0.002811048224195849,88,1,False,-0.29296151085095756,0.29954879372658794,0.9874099341144249,False,False,P1
2013-11-29,GLD,6,2014-05-30,2014-05-30,5,-0.065458208439405308,-0.25831980947769706,-0.022109898946328494,11.513953993264458,-0.15518237534076121,0.050000000000000003,-0.0077591187670380604,0.56336533930806754,-0.035734260281349725,103,0,False,-0.40191710674050263,0.38639886920642652,0.8936972421786894,False,False,P1
2013-11-29,VDE,6,2014-05-30,2014-05-30,5,-0.18088455934804515,-0.01285696463205574,0.078880632647785914,75.431200633546069,0.0086233628172804333,0.050000000000000003,0.00043116814086402168,0.76585033741606134,-0.031784058129989953,104,0,False,-0.17429273760838401,0.17515507389011206,0.63489306538922785,False,False,P1
2013-11-29,VWO,6,2014-05-30,2014-05-30,5,-0.093575359287833559,0.043354389013081536,0.099310609416673357,339.32217718953228,0.071235581757123467,0.050000000000000003,0.0035617790878561735,0.50173202294677777,-0.035623803304176728,99,0,False,-0.24206088545238669,0.24918444362809905,0.84723149702409895,False,False,P1
2013-12-31,BND,6,2014-06-30,2014-06-30,5,-0.068016739484255573,-0.064372908469556525,-0.022583861520513938,51.794746792312019,-0.058469642171367901,0.050000000000000003,-0.0029234821085683954,0.85873651760024472,0.021777268276712235,75,1,False,-0.10809981316576507,0.10225284894862828,,False,True,P1
2013-12-31,DBC,6,2014-06-30,2014-06-30,5,-0.063666622880501511,0.02059900308907997,0.13002979413521765,51.794746792312019,0.080225981018702042,0.050000000000000003,0.0040112990509351019,0.45511699806243339,0.0031868623490869559,89,1,False,-0.29204843025983113,0.30007102836170135,0.99573792855733001,False,False,P1
2013-12-31,GLD,6,2014-06-30,2014-06-30,5,-0.11069214052644127,-0.20052674792251982,-0.0068833095170957774,11.513953993264458,-0.11708704720184891,0.050000000000000003,-0.0058543523600924456,0.56910649073491293,-0.03460588503377568,104,0,False,-0.39993438422695116,0.38822567950676623,0.83108048336618134,False,False,P1
2013-12-31,VDE,6,2014-06-30,2014-06-30,5,-0.16699636159794318,0.00057967312018520484,0.0798001669045134,75.431200633546069,0.020024470149262428,0.050000000000000003,0.0010012235074631215,0.75454839902899096,-0.032233533233055271,105,0,False,-0.1735710402470487,0.17557348726197494,0.60800246142571346,False,False,P1
2013-12-31,VWO,6,2014-06-30,2014-06-30,5,-0.10453980420936515,0.04483794610271917,0.10855342764611986,339.32217718953228,0.076759644979106353,0.050000000000000003,0.0038379822489553179,0.49899619208491314,-0.035245494885886804,100,0,False,-0.24172519576802962,0.24940116026594025,0.84519627063621183,False,False,P1
2014-01-31,BND,6,2014-07-31,2014-07-31,5,0.016830375365321393,-0.014283769643528781,0.052878085702657479,51.794746792312019,-0.0016001967509149746,0.050000000000000003,-8.0009837545748738e-05,0.81114915859253378,0.020337350398310573,76,1,False,-0.10525634089474242,0.10509632121965093,,False,True,P1
2014-01-31,DBC,6,2014-07-31,2014-07-31,5,0.0083215268054304126,0.076052763517381786,0.1826310198276837,51.794746792312019,0.13261011196032885,0.050000000000000003,0.0066305055980164429,0.46933501822097079,0.0027893696054159083,90,1,False,-0.24566813461744461,0.25892914581347748,0.98383921584768819,False,False,P1
2014-01-31,GLD,6,2014-07-31,2014-07-31,5,-0.0065949318848497196,-0.07034735730417184,-9.0545970778255561e-05,11.513953993264458,-0.040321707890309109,0.050000000000000003,-0.0020160853945154554,0.57263005758430552,-0.034301374131172846,105,0,False,-0.36044225292775717,0.35641008213872621,0.56462014675256089,False,False,P1
2014-01-31,VDE,6,2014-07-31,2014-07-31,5,-0.16901435004788756,0.052496069469546242,0.14169087022116153,75.431200633546069,0.075083908262359264,0.050000000000000003,0.0037541954131179636,0.74675834687142395,-0.032722532460627389,106,0,False,-0.16214594825854994,0.16965433908478589,0.5485936718961788,False,False,P1
2014-01-31,VWO,6,2014-07-31,2014-07-31,5,-0.16574585754803861,0.050438485353565279,0.13008571278478762,339.32217718953228,0.090567292653224704,0.050000000000000003,0.004528364632661235,0.49616818320120659,-0.035127640631068394,101,0,False,-0.22935319425200823,0.2384099235173307,0.83001711233958608,False,False,P1
2014-02-28,BND,6,2014-08-29,2014-08-29,5,-0.0048417650304533044,-0.030235810809931284,-0.0082021317609959829,51.794746792312019,-0.026642210800944383,0.050000000000000003,-0.0013321105400472192,0.83690422280338395,0.019884361126387827,77,1,False,-0.10650844159724389,0.10384422051714946,,False,True,P1
2014-02-28,DBC,6,2014-08-29,2014-08-29,5,0.063738692597258062,0.043990010451268574,0.22929517199354807,51.794746792312019,0.13826544809469116,0.050000000000000003,0.0069132724047345582,0.49124224679563178,0.0031557991419242982,91,1,False,-0.24503749757776888,0.25886404238723798,0.98798240482899335,False,False,P1
2014-02-28,GLD,6,2014-08-29,2014-08-29,5,0.051103953018957093,-0.098041917943936935,-0.11824994662850113,11.513953993264458,-0.1065594632260812,0.050000000000000003,-0.0053279731613040601,0.57850686897280879,-0.033333882822018733,106,0,False,-0.36357521243078439,0.35291926610817625,0.76691096362450661,False,False,P1
2014-02-28,VDE,6,2014-08-29,2014-08-29,5,-0.11380507765063852,0.031749302694951145,0.1548479151271123,75.431200633546069,0.063590243193688153,0.050000000000000003,0.0031795121596844078,0.7413379414306206,-0.033144490800659718,107,0,False,-0.16269621665211703,0.16905524097148583,0.5326993274604197,False,False,P1
2014-02-28,VWO,6,2014-08-29,2014-08-29,5,-0.16014501164003891,0.046140514335446595,0.1680738395229216,339.32217718953228,0.10823422749745566,0.050000000000000003,0.0054117113748727835,0.4907568290576943,-0.035066562870133919,102,0,False,-0.22841611160044012,0.23923953435018569,0.81213040242127033,False,False,P1
2014-03-31,BND,6,2014-09-30,2014-09-30,6,0.040370512285731408,0.035896926226201206,0.12919942599813947,10000,0.050470368503871176,0.050000000000000003,0.0025235184251935589,0.84380437487428284,0.01828072505529766,78,1,False,-0.10212435869178273,0.10717139554216985,,False,True,P1
2014-03-31,DBC,6,2014-09-30,2014-09-30,6,0.16309529810930201,0.17886542919423604,0.2309777639002237,7.9060432109076855,0.20430896157299505,0.050000000000000003,0.010215448078649754,0.51175604542938269,0.0020639034500479795,92,1,False,-0.22332734658622636,0.24375824274352584,0.93857191931254469,False,False,P1
2014-03-31,GLD,6,2014-09-30,2014-09-30,6,0.12193004446544264,0.013066233581216663,0.16078301777293644,10000,0.077394684437038799,0.050000000000000003,0.0038697342218519401,0.56451495198859036,-0.03351457369774611,107,0,False,-0.34482720050144311,0.35256666894514699,0.37420335531455146,False,False,P1
2014-03-31,VDE,6,2014-09-30,2014-09-30,6,0.024637783700070193,0.10925283674317768,0.09328072723842179,16.768329368110066,0.10505544979879067,0.050000000000000003,0.0052527724899395336,0.73720522369714636,-0.034443054288999179,108,0,False,-0.17314517563030754,0.18365072061018659,0.47192001314142046,False,False,P1
2014-03-31,VWO,6,2014-09-30,2014-09-30,6,-0.015073778779815639,0.19632180042943836,0.20409033082411621,0.39069399370546132,0.20021143025413418,0.050000000000000003,0.01001057151270671,0.49930944115754866,-0.035591668236617774,103,0,False,-0.21570576053355864,0.23572690355897205,0.64406091826120759,False,False,P1
2014-04-30,BND,6,2014-10-31,2014-10-31,6,0.089099354532733654,0.035920782043618933,0.12780124700187062,10000,0.050148642450986679,0.050000000000000003,0.0025074321225493339,0.84514814532302873,0.017054663532560375,79,1,False,-0.10212943553733904,0.10714429978243771,,False,True,P1
2014-04-30,DBC,6,2014-10-31,2014-10-31,6,0.27008514313313869,0.20188160756483448,0.21814413506745531,7.9060432109076855,0.20948119767131454,0.050000000000000003,0.010474059883565728,0.53269317421567342,0.0010550960775362178,93,1,False,-0.22296866785862185,0.24391678762575331,0.78948573529206878,False,False,P1
2014-04-30,GLD,6,2014-10-31,2014-10-31,6,0.21194008122776431,0.013173813316325576,0.17769332714114458,10000,0.086565981830169891,0.050000000000000003,0.0043282990915084951,0.55389991857140675,-0.033442621841481251,108,0,False,-0.34434242538601062,0.35299902356902763,0.502886344757284,False,False,P1
2014-04-30,VDE,6,2014-10-31,2014-10-31,6,0.17044231700314461,0.13857288195810985,0.13402352058701222,16.768329368110066,0.13736558964516946,0.050000000000000003,0.0068682794822584733,0.7346237824477081,-0.03557357622877081,109,0,False,-0.16419393263272922,0.17793049159724614,0.4186265177186882,False,False,P1
2014-04-30,VWO,6,2014-10-31,2014-10-31,6,0.035356267948500442,0.24172047457590054,0.21350847809532097,0.39069399370546132,0.22784922214292638,0.050000000000000003,0.011392461107146319,0.50832077968949196,-0.035563919962911181,104,0,False,-0.21428448903071931,0.23706941124501194,0.44773506337300306,False,False,P1
2014-05-30,BND,6,2014-11-28,2014-11-28,6,0.069000587370568134,0.035792661502605794,0.068301064949583656,10000,0.040618754863896718,0.050000000000000003,0.002030937743194836,0.85154320576947373,0.015609167886237724,80,1,False,-0.10259736700562515,0.10665924249201482,,False,True,P1
2014-05-30,DBC,6,2014-11-28,2014-11-28,6,0.30381460035126473,0.19190628002517959,0.26860786702482015,7.9060432109076855,0.22656491305121132,0.050000000000000003,0.011328245652560567,0.54813668945084348,0.00010685758063492351,94,1,False,-0.21411767382693092,0.23677416513205207,0.72173653166124274,False,False,P1
2014-05-30,GLD,6,2014-11-28,2014-11-28,6,0.15737982311287058,0.012897130821763561,0.13071121811633263,10000,0.066627653872655762,0.050000000000000003,0.0033313826936327883,0.54393804438215898,-0.033736342819443856,109,0,False,-0.33973243837880551,0.34639520376607114,0.57769057538711932,False,False,P1
2014-05-30,VDE,6,2014-11-28,2014-11-28,6,0.25228965636406442,0.13637014227572836,0.15391028606945018,16.768329368110066,0.14105100749348068,0.050000000000000003,0.0070525503746740343,0.73313415940023441,-0.036894585166218755,110,0,False,-0.17675190303071317,0.19085700378006124,0.41112063887093642,False,False,P1
2014-05-30,VWO,6,2014-11-28,2014-11-28,6,0.069435017344225081,0.23694913152306721,0.22137069523799713,0.39069399370546132,0.22938922669717401,0.050000000000000003,0.011469461334858702,0.51471991876756129,-0.036116409861243773,105,0,False,-0.20087648311698114,0.22381540578669856,0.31722948985717514,False,False,P1
2014-06-30,BND,6,2014-12-31,2014-12-31,6,0.052622394938154349,0.035717926656146488,-0.043344180010160847,10000,0.024597288184566867,0.050000000000000003,0.0012298644092283435,0.85934300336170111,0.01457674927672546,81,1,False,-0.10035577698335366,0.10281550580181034,,False,True,P1
2014-06-30,DBC,6,2014-12-31,2014-12-31,6,0.36658689790723964,0.17054582925489295,0.22505611334827538,7.9060432109076855,0.19448607063525464,0.050000000000000003,0.0097243035317627329,0.56081239020238349,-0.00056444221369282848,95,0,False,-0.21566554313961159,0.23511415020313706,0.60940226855146162,False,False,P1
2014-06-30,GLD,6,2014-12-31,2014-12-31,6,0.16267914588328747,0.013105274128446601,0.13260426611419515,10000,0.067564661854053451,0.050000000000000003,0.0033782330927026728,0.54426906185031521,-0.034435940980416559,110,0,False,-0.33245755079190903,0.3392140169773144,0.58180483955136064,False,False,P1
2014-06-30,VDE,6,2014-12-31,2014-12-31,6,0.26760164753706051,0.11365015270626069,0.1362478817140676,16.768329368110066,0.11973112678225399,0.050000000000000003,0.0059865563391127002,0.73090331006746334,-0.038066673242180236,111,0,False,-0.17774469924520159,0.18971781192342696,0.41574433951119411,False,False,P1
2014-06-30,VWO,6,2014-12-31,2014-12-31,6,0.12891974344561663,0.22176924118167957,0.19616754062558864,0.39069399370546132,0.20951737210637389,0.050000000000000003,0.010475868605318696,0.52144315380679596,-0.03676191358150907,106,0,False,-0.1895677503275294,0.21051948753816677,0.26029199306605671,False,False,P1
2014-07-31,BND,6,2015-01-30,2015-01-30,6,0.030804202815141624,0.035470546104347245,-0.14232356723688666,10000,0.009010674541050992,0.050000000000000003,0.0004505337270525496,0.85117689744590841,0.014604232521708336,82,1,False,-0.10106751311853647,0.10196858057264156,,False,True,P1
2014-07-31,DBC,6,2015-01-30,2015-01-30,6,0.39545099286159224,0.1323758879947606,0.15954345140831627,7.9060432109076855,0.14399000495057399,0.050000000000000003,0.0071995002475287,0.57250060378921031,-0.00047188003641029469,96,1,False,-0.19089101906553246,0.20529001956058984,0.69518197286578298,False,False,P1
2014-07-31,GLD,6,2015-01-30,2015-01-30,6,0.091367572179354872,0.012842397637032722,0.07934074000696828,10000,0.043390644731199871,0.050000000000000003,0.0021695322365599934,0.54061641229754542,-0.034185121078654693,111,0,False,-0.33362060262490911,0.33795966709802905,0.5202479524115432,False,False,P1
2014-07-31,VDE,6,2015-01-30,2015-01-30,6,0.31767123077915393,0.076114358692931386,0.078753007637612754,16.768329368110066,0.076834237626964896,0.050000000000000003,0.0038417118813482451,0.72717896577923269,-0.039235848927945481,112,0,False,-0.17201488031588608,0.17969830407858256,0.4219138999659604,False,False,P1
2014-07-31,VWO,6,2015-01-30,2015-01-30,6,0.17026103937254422,0.20336364397421544,0.17230668077174308,0.39069399370546132,0.18873280601129191,0.050000000000000003,0.0094366403005645971,0.52890313622940466,-0.037967371001757011,107,0,False,-0.1905357847256007,0.2094090653267299,0.2288257376247948,False,False,P1
2014-08-29,BND,6,2015-02-27,2015-02-27,6,0.072215346301668148,0.035934664579581631,-0.12782204441015541,10000,0.009597719166149413,0.050000000000000003,0.00047988595830747069,0.83917028147480177,0.014369943394573859,83,1,False,-0.095177708035383252,0.0961374799519982,,False,True,P1
2014-08-29,DBC,6,2015-02-27,2015-02-27,6,0.3673848721342694,0.15903739858012278,0.20168499719707605,7.9060432109076855,0.17657208158269949,0.050000000000000003,0.0088286040791349749,0.58884711985620797,0.00019008462991618324,97,1,False,-0.18898843412669289,0.20664564228496282,0.77148699284488165,False,False,P1
2014-08-29,GLD,6,2015-02-27,2015-02-27,6,0.15548072017168668,0.013264989397488028,0.0721426496243118,10000,0.040287070285667491,0.050000000000000003,0.0020143535142833745,0.54104696443306344,-0.03342361148849745,112,0,False,-0.29108345696650734,0.29511216399507406,0.52669297442368646,False,False,P1
2014-08-29,VDE,6,2015-02-27,2015-02-27,6,0.29377923051332178,0.094450133529690963,0.14989801269693617,16.768329368110066,0.109463863064668,0.050000000000000003,0.0054731931532334003,0.7292280649780718,-0.039895753606907371,113,0,False,-0.17036383225084079,0.18131021855730761,0.35330194241114043,False,False,P1
2014-08-29,VWO,6,2015-02-27,2015-02-27,6,0.15919059987898121,0.23481314073334203,0.19327260143368069,0.39069399370546132,0.21569687763961001,0.050000000000000003,0.010784843881980501,0.53981668471290445,-0.039098645452111475,108,0,False,-0.17016348011793028,0.19173316788189129,0.1225018107224571,False,False,P1
2014-09-30,BND,6,2015-03-31,2015-03-31,7,0.058515058989930591,0.065123687237904931,0.0036912709215813286,6866.488450042998,0.056226904892479466,0.050000000000000003,0.0028113452446239737,0.85517772409252535,0.014679473976611448,84,1,False,-0.092713312662349612,0.098336003151597573,,False,True,P1
2014-09-30,DBC,6,2015-03-31,2015-03-31,7,0.35836409104025613,0.12219076725821991,0.11975994981534638,3.7275937203149381,0.12120451552786826,0.050000000000000003,0.0060602257763934138,0.59427157590831381,0.00185238272664461,98,1,False,-0.1817238375583658,0.19384428911115265,0.76047749178904889,False,False,P1
2014-09-30,GLD,6,2015-03-31,2015-03-31,7,0.1068243996789584,0.075347589274605831,0.037101146249495155,75.431200633546069,0.057622890689901084,0.050000000000000003,0.0028811445344950545,0.53656609130769073,-0.032048800373860813,113,0,False,-0.28989898055947083,0.29566126962846095,0.62996147522466228,False,False,P1
2014-09-30,VDE,6,2015-03-31,2015-03-31,7,0.2620592540534421,0.014428064901630329,0.086800456123633241,10000,0.034354566416828741,0.050000000000000003,0.0017177283208414371,0.72466708397027113,-0.039329669946319847,114,0,False,-0.17137293094860523,0.17480838759028811,0.48024376521952794,False,False,P1
2014-09-30,VWO,6,2015-03-31,2015-03-31,7,0.14156164725645226,0.18522884854907337,0.10411996519637293,0.56898660290182934,0.14782912167569964,0.050000000000000003,0.0073914560837849827,0.53889481241232573,-0.038878233831264722,109,0,False,-0.17342865549760048,0.18821156766517042,0.24435436334004357,False,False,P1
2014-10-31,BND,6,2015-04-30,2015-04-30,7,0.013894980162948878,0.064368650121023552,-0.051689388478665534,6866.488450042998,0.045606398330088921,0.050000000000000003,0.002280319916504446,0.83833733520475939,0.015555001983154062,85,1,False,-0.093130392773283013,0.097691032606291903,,False,True,P1
2014-10-31,DBC,6,2015-04-30,2015-04-30,7,0.23748111241028669,-0.01334673366745405,0.10904037094912178,3.7275937203149381,0.036714872183369114,0.050000000000000003,0.0018357436091684558,0.59095685768806949,0.0045618045489324291,99,1,False,-0.22358564401677178,0.22725713123510871,0.64761264606186897,False,False,P1
2014-10-31,GLD,6,2015-04-30,2015-04-30,7,0.04047098201509236,0.016722745307457668,0.033562977538611462,75.431200633546069,0.024696632650266948,0.050000000000000003,0.0012348316325133475,0.52649778023500815,-0.029908547026478133,114,0,False,-0.26130834550761506,0.26377800877264179,0.68270110494958991,False,False,P1
2014-10-31,VDE,6,2015-04-30,2015-04-30,7,0.1058023353500861,0.013790690538311943,0.090122946928341371,10000,0.034883622175324758,0.050000000000000003,0.001744181108766238,0.72366948607891557,-0.037505565711976677,115,0,False,-0.17133800148151093,0.17482636369904339,0.49948894150417422,False,False,P1
2014-10-31,VWO,6,2015-04-30,2015-04-30,7,-0.01010479432175182,0.087630766096161342,0.0746859945232176,0.56898660290182934,0.081609017208136264,0.050000000000000003,0.0040804508604068137,0.53481227118666907,-0.038203374724175954,110,0,False,-0.16759830239934423,0.17575920412015786,0.5764396696578663,False,False,P1
2014-11-28,BND,6,2015-05-29,2015-05-29,7,0.021818504408631201,0.064732092439262645,-0.059750777499141636,6866.488450042998,0.042717778975577367,0.050000000000000003,0.0021358889487788683,0.82315387270089257,0.016176462278356552,86,1,False,-0.086412700783054394,0.090684478680612121,,False,True,P1
2014-11-28,DBC,6,2015-05-29,2015-05-29,7,0.16292433306334331,0.057719826648520968,0.10904037094912178,3.7275937203149381,0.079258474851234342,0.050000000000000003,0.0039629237425617171,0.58031138413975847,0.0075543325069557521,100,1,False,-0.24283434517738825,0.25076019266251171,0.7274325014528279,False,False,P1
2014-11-28,GLD,6,2015-05-29,2015-05-29,7,0.012460882927663341,0.044583940481704526,0.042661923022686295,75.431200633546069,0.043660294976088664,0.050000000000000003,0.0021830147488044334,0.5194395861067479,-0.028279952503527276,115,0,False,-0.25122126138660306,0.25558729088421195,0.72887317533590923,False,False,P1
2014-11-28,VDE,6,2015-05-29,2015-05-29,7,0.037788978226456327,0.014168498011535614,0.070911492917084748,10000,0.030174001783124044,0.050000000000000003,0.0015087000891562024,0.71792987313711232,-0.035007331038907352,116,0,False,-0.18261482074142049,0.18563222091973292,0.51188039019184928,False,False,P1
2014-11-28,VWO,6,2015-05-29,2015-05-29,7,0.020017814051038529,0.14392224292897091,0.06976895469937143,0.56898660290182934,0.10924518932827511,0.050000000000000003,0.0054622594664137554,0.53235986658709089,-0.037233659480316483,111,0,False,-0.16130407871921285,0.17222859765204038,0.58479163357710717,False,False,P1
2014-12-31,BND,6,2015-06-30,2015-06-30,7,0.080502162255515763,0.064795922631121494,0.042200490818311412,6866.488450042998,0.061069000878965739,0.14999999999999999,0.0091603501318448608,0.83505861790864966,0.016595381044561125,87,1,False,-0.079265947892385349,0.097586648156075081,,False,True,P1
2014-12-31,DBC,6,2015-06-30,2015-06-30,7,0.13423580277786407,0.041374448866132854,0.10450815271955127,3.7275937203149381,0.068459513439111053,0.14999999999999999,0.010268927015866658,0.57098882340463775,0.011109110382206088,101,1,False,-0.28176493562824445,0.30230278965997781,0.71372023959825648,False,False,P1
2014-12-31,GLD,6,2015-06-30,2015-06-30,7,0.095994576432066769,0.049540869181947084,0.042661923022686295,75.431200633546069,0.046186774613852871,0.14999999999999999,0.0069280161920779303,0.51241156851056924,-0.026633753379503012,116,0,False,-0.24644777431227019,0.26030380669642605,0.75896844273845376,False,False,P1
2014-12-31,VDE,6,2015-06-30,2015-06-30,7,0.11678950370315144,0.014220994838509774,0.067597728889555245,10000,0.029665922729874374,0.14999999999999999,0.0044498884094811555,0.71064307013249917,-0.032420929512617033,117,0,False,-0.23846133846726797,0.24736111528623028,0.52136439166727155,False,False,P1
2014-12-31,VWO,6,2015-06-30,2015-06-30,7,0.034552967687867531,0.13114858649382588,0.074349177101981356,0.56898660290182934,0.10442861065655935,0.14999999999999999,0.015664291598483902,0.52957299867447094,-0.035750146954192076,112,0,False,-0.15107180620787483,0.18240038940484263,0.63124917938924674,False,False,P1
2015-01-30,BND,6,2015-07-31,2015-07-31,7,0.22461693392553495,0.065576441269208488,0.038541887165356163,6866.488450042998,0.061850989234949853,0.25,0.015462747308737463,0.86219665321841688,0.016756844928317725,88,1,False,-0.069715852376426829,0.10064134699390176,,False,True,P1
2015-01-30,DBC,6,2015-07-31,2015-07-31,7,0.30239382758863897,0.12971651477186208,0.14027824405480607,3.7275937203149381,0.13431929257153971,0.25,0.033579823142884928,0.56420225548569969,0.01487716805357262,102,1,False,-0.28998325502453065,0.35714290131030052,0.83710600990122985,False,False,P1
2015-01-30,GLD,6,2015-07-31,2015-07-31,7,0.35643706720819746,0.13829721280328147,0.11804240089984036,75.431200633546069,0.12834330386580814,0.25,0.032085825966452035,0.5085657183623481,-0.025625195041393115,117,0,False,-0.21905889975506665,0.28323055168797073,0.84061335863395148,False,False,P1
2015-01-30,VDE,6,2015-07-31,2015-07-31,7,0.28532453737498897,0.01469071052293598,0.089805258916429057,10000,0.03707985418212225,0.25,0.0092699635455305626,0.70193332532735064,-0.029454046798279992,118,0,False,-0.25361865027924302,0.27215857737030413,0.53835426836878864,False,False,P1
2015-01-30,VWO,6,2015-07-31,2015-07-31,7,0.23631108608304485,0.22661893362674385,0.14018207200238841,0.56898660290182934,0.18570623882596943,0.25,0.046426559706492357,0.52667537862982272,-0.033927039110592638,113,0,False,-0.11566748725261537,0.20852060666560007,0.58250205264502997,False,False,P1
2015-02-27,BND,6,2015-08-31,2015-08-31,7,0.13389313709191508,0.065556256242765662,0.11452782105434904,6866.488450042998,0.071615427771166487,0.29999999999999999,0.021484628331349946,0.87627163739379565,0.017379974157231772,89,1,False,-0.056222378157416077,0.099191634820115976,,False,True,P1
2015-02-27,DBC,6,2015-08-31,2015-08-31,7,0.28443169110578548,0.012217621965337967,0.20310469568528558,3.7275937203149381,0.096732919797441821,0.29999999999999999,0.029019875939232546,0.5572497593205441,0.018299572947559968,103,1,False,-0.33058163235156618,0.38862138423003129,0.78340678882299963,False,False,P1
2015-02-27,GLD,6,2015-08-31,2015-08-31,7,0.19180150042123434,0.10561841518524391,0.1929924048270025,75.431200633546069,0.14885539166592004,0.29999999999999999,0.044656617499776015,0.50515048405192753,-0.024090399149756844,118,0,False,-0.17880046906177258,0.26811370406132462,0.87335463084693266,False,False,P1
2015-02-27,VDE,6,2015-08-31,2015-08-31,7,0.29641556894879606,0.014216756649381357,0.13586245126099067,10000,0.051698421121177722,0.29999999999999999,0.015509526336353316,0.69187841303000541,-0.026737800770451403,119,0,False,-0.29831999256145236,0.32933904523415902,0.56538558517019211,False,False,P1
2015-02-27,VWO,6,2015-08-31,2015-08-31,7,0.29038411755581606,0.12440025843385732,0.17045610541806169,0.56898660290182934,0.14638279776523014,0.29999999999999999,0.043914839329569043,0.52269818555476577,-0.032233024733491107,114,0,False,-0.10803910040313991,0.19586877906227801,0.65296086509850693,False,False,P1
2015-03-31,BND,6,2015-09-30,2015-09-30,8,0.14266612343861773,0.033346239026328751,0.061819967197008198,7.9060432109076855,0.036747169003248585,0.40000000000000002,0.014698867601299435,0.88055902070379721,0.017837030655372871,90,1,False,-0.062827014973581341,0.092224750176180204,,False,True,P1
2015-03-31,DBC,6,2015-09-30,2015-09-30,8,0.25282583875028697,-0.03342496032246868,0.14055900812617875,1.2067926406393288,0.044035831790460993,0.40000000000000002,0.017614332716184396,0.55478201351756862,0.021569424083066661,104,1,False,-0.33938558655223772,0.37461425198460652,0.67117088928106794,False,False,P1
2015-03-31,GLD,6,2015-09-30,2015-09-30,8,0.18029355463754893,0.026932080065953552,0.20837307469558627,2.559547922699533,0.11633580404193392,0.40000000000000002,0.046534321616773566,0.50725730886519815,-0.022990274789851675,119,0,False,-0.16256929631538886,0.25563793954893599,0.86889910001655835,False,False,P1
2015-03-31,VDE,6,2015-09-30,2015-09-30,8,0.32020516687159351,-0.011396081161843995,0.099840385979564197,10000,0.02421936608509637,0.40000000000000002,0.0096877464340385487,0.67982220073867861,-0.024331158646918961,120,0,False,-0.30414177246376717,0.32351726533184422,0.54367010941488036,False,False,P1
2015-03-31,VWO,6,2015-09-30,2015-09-30,8,0.30008663919744016,0.10164608026294604,0.19170205776779134,0.82864277285468424,0.14469449312594293,0.40000000000000002,0.057877797250377172,0.52198161570473467,-0.030721766716187253,115,0,False,-0.080857031002679963,0.19661262550343431,0.67207080869048119,False,False,P1
2015-04-30,BND,6,2015-10-30,2015-10-30,8,0.24080313908503836,0.010091048659767801,0.085379829194402179,7.9060432109076855,0.019672674901353677,0.40000000000000002,0.0078690699605414704,0.87273500548759542,0.017793711419192389,91,1,False,-0.06529464002055016,0.081032779941633104,0.94110223594722164,False,False,P1
2015-04-30,DBC,6,2015-10-30,2015-10-30,8,0.3889881691073056,-0.1006723088664527,0.16995880717079359,1.2067926406393288,0.023536567549658303,0.40000000000000002,0.0094146270198633211,0.54103992831697723,0.023625725876659232,105,1,False,-0.34758167843558652,0.3664109324753132,0.6307638754854682,False,False,P1
2015-04-30,GLD,6,2015-10-30,2015-10-30,8,0.26660377675387292,-0.032738318499762442,0.2404720398970166,2.559547922699533,0.10214397904246571,0.40000000000000002,0.040857591616986287,0.50630606272130885,-0.022461430983143807,120,0,False,-0.16821212095617824,0.24992730419015083,0.87170980173870594,False,False,P1
2015-04-30,VDE,6,2015-10-30,2015-10-30,8,0.39862569818593929,-0.011837401404338468,0.1072996962936708,10000,0.027193252637840375,0.40000000000000002,0.010877301055136152,0.67238874543415184,-0.023255675225456109,121,0,False,-0.30295221784266957,0.32470681995294182,0.55748556516837577,False,False,P1
2015-04-30,VWO,6,2015-10-30,2015-10-30,8,0.43535549320910982,0.052296025566850021,0.22486475948700607,0.82864277285468424,0.13504288097585912,0.40000000000000002,0.054017152390343652,0.52049914530117403,-0.03054403419554557,116,0,False,-0.084622431877356463,0.19265673665804378,0.65486811544891821,False,False,P1
2015-05-29,BND,6,2015-11-30,2015-11-30,8,0.13823566817533073,0.0069341711255986177,0.041101797068588276,7.9060432109076855,0.011398653466794259,0.40000000000000002,0.0045594613867177038,0.86933589273527967,0.017837459169077592,92,1,False,-0.068575993667608443,0.077694916441043843,0.92632964267238549,False,False,P1
2015-05-29,DBC,6,2015-11-30,2015-11-30,8,0.33193485055703198,-0.083350052861394991,0.11045788162254133,1.2067926406393288,0.0066623883688816414,0.40000000000000002,0.0026649553475526569,0.53555853391679753,0.024939863680307196,106,1,False,-0.35010647187647559,0.35543638257158094,0.58969199879162471,False,False,P1
2015-05-29,GLD,6,2015-11-30,2015-11-30,8,0.2508794695549984,-0.031013176863728426,0.13574689009780874,2.559547922699533,0.051336705833876367,0.40000000000000002,0.020534682333550547,0.50617744284908084,-0.022172816818591682,121,0,False,-0.18299980114623493,0.22406916581333602,0.84113823819268041,False,False,P1
2015-05-29,VDE,6,2015-11-30,2015-11-30,8,0.27499604996297344,-0.011630637723205918,0.10080463136046788,10000,0.025209529804207275,0.40000000000000002,0.01008381192168291,0.67234331515676893,-0.022755309213555189,122,0,False,-0.3037457069761228,0.32391333081948859,0.56529843902309285,False,False,P1
2015-05-29,VWO,6,2015-11-30,2015-11-30,8,0.31680547429583028,0.050170254584027484,0.10953283489151219,0.82864277285468424,0.079032083658213376,0.40000000000000002,0.031612833463285354,0.51380433726620101,-0.030111881646429469,117,0,False,-0.10267368269039379,0.16589934961696451,0.69682061768110737,False,False,P1
2015-06-30,BND,6,2015-12-31,2015-12-31,8,0.10979512004855208,-0.030389770140645977,0.0049512229570701912,7.9060432109076855,-0.025763348794954493,0.40000000000000002,-0.010305339517981798,0.86909192582959827,0.018511273180759725,93,1,False,-0.082344398470671737,0.061733719434708144,0.76670488520704427,False,False,P1
2015-06-30,DBC,6,2015-12-31,2015-12-31,8,0.36807909604519762,-0.12949494865474936,0.081315011405686172,1.2067926406393288,-0.030251922521487389,0.40000000000000002,-0.012100769008594955,0.52922989926656816,0.025961321055050716,107,1,False,-0.36486050718361912,0.34065896916642918,0.48820056626295061,False,False,P1
2015-06-30,GLD,6,2015-12-31,2015-12-31,8,0.22149542842687286,-0.082187530114473412,0.098969024746087098,2.559547922699533,0.0072089806373568134,0.40000000000000002,0.0028835922549427257,0.50652345524764286,-0.021204231628012517,122,0,False,-0.19815722005498881,0.20392440456487426,0.80445133243087386,False,False,P1
2015-06-30,VDE,6,2015-12-31,2015-12-31,8,0.33224392579817208,-0.011786095363102147,0.095082265073417452,10000,0.023886112532083087,0.40000000000000002,0.0095544450128332362,0.66620421844709843,-0.021620798539435621,123,0,False,-0.27930645064155329,0.29841534066721981,0.57352407039426068,False,False,P1
2015-06-30,VWO,6,2015-12-31,2015-12-31,8,0.3150798405095443,0.025139237088156758,0.13402166512771527,0.82864277285468424,0.078621708575427815,0.40000000000000002,0.031448683430171126,0.50880530081639874,-0.029563874448681193,118,0,False,-0.10230579918331048,0.16520316604365273,0.70513280616890706,False,False,P1
2015-07-31,BND,6,2016-01-29,2016-01-29,8,0.01240819892785483,-0.10302514315138322,0.017559967370239845,7.9060432109076855,-0.084445976789352367,0.5,-0.042222988394676184,0.84592487180497056,0.020703886592938182,94,1,False,-0.11963074667789267,0.035184769888540302,0.27207072111059105,False,False,P1
2015-07-31,DBC,6,2016-01-29,2016-01-29,8,0.21212989692870465,-0.27208705821241175,0.054303124494016121,1.2067926406393288,-0.1178279366283267,0.5,-0.058913968314163352,0.52737818182836205,0.02852088130073209,108,1,False,-0.39627162749621148,0.27844369086788479,0.23750073285971432,False,False,P1
2015-07-31,GLD,6,2016-01-29,2016-01-29,8,0.0053468588739096212,-0.15517225236062726,0.020082884122341153,2.559547922699533,-0.068851122782305318,0.5,-0.034425561391152659,0.50745449571053924,-0.018133977165929509,123,0,False,-0.25753443186848335,0.18868330908617803,0.70356897663908158,False,False,P1
2015-07-31,VDE,6,2016-01-29,2016-01-29,8,0.18205000469054933,-0.012478720762250255,0.0058331147396567,10000,-0.0061557746063182232,0.5,-0.0030778873031591116,0.6547071343408708,-0.019145432927222518,124,0,False,-0.29192697746192231,0.28577120285560409,0.54811251524827231,False,False,P1
2015-07-31,VWO,6,2016-01-29,2016-01-29,8,0.20500120979274106,-0.083533904715235335,0.075246275188502854,0.82864277285468424,-0.0066880384923578961,0.5,-0.003344019246178948,0.51602355993382876,-0.027329631082868368,119,0,False,-0.15518471907242917,0.14849668058007129,0.74339665832198343,False,False,P1
2015-08-31,BND,6,2016-02-29,2016-02-29,8,0.077602064870867071,-0.11208352667675578,0.092646694426456372,7.9060432109076855,-0.077185726382541689,0.5,-0.038592863191270844,0.82954250668922591,0.021895352387664255,95,1,False,-0.12376655550586216,0.046580829123320462,0.32822035092072188,False,False,P1
2015-08-31,DBC,6,2016-02-29,2016-02-29,8,0.27712167015913447,-0.2987168611667137,0.10634095145028123,1.2067926406393288,-0.10010874682989895,0.5,-0.050054373414949477,0.50967958609747899,0.030868686895273865,109,1,False,-0.38736260731233552,0.28725386048243662,0.2714083764772855,False,False,P1
2015-08-31,GLD,6,2016-02-29,2016-02-29,8,0.021554331494978651,-0.16466753184550167,0.21377555719204791,2.559547922699533,0.023471488776627993,0.5,0.011735744388313997,0.50286046681258778,-0.016440949120871733,124,0,False,-0.19731527676899277,0.22078676554562074,0.83523225537276269,False,False,P1
2015-08-31,VDE,6,2016-02-29,2016-02-29,8,0.22082797022739786,-0.012827553529427292,0.018801592471332281,10000,-0.0014655677757764989,0.5,-0.00073278388788824945,0.6407748172088511,-0.016620944912214369,125,0,False,-0.2819471596148162,0.28048159183903976,0.5597097354137438,False,False,P1
2015-08-31,VWO,6,2016-02-29,2016-02-29,8,0.20001469812866679,-0.1673799902423441,0.11982391536203256,0.82864277285468424,-0.027181396473626527,0.5,-0.013590698236813263,0.51184997476377947,-0.024682016510879326,120,0,False,-0.18032679604317201,0.15314539956954545,0.75051123200104219,False,False,P1
2015-09-30,BND,6,2016-03-31,2016-03-31,9,0.14410752179273167,0.029112346698983278,0.15244226631802457,232.99518105153672,0.052542327508340085,0.5,0.026271163754170043,0.81002192426841257,0.023153381252778354,96,1,False,-0.069317303474427786,0.12185963098276788,0.98567033721980857,False,False,P1
2015-09-30,DBC,6,2016-03-31,2016-03-31,9,0.28605621584739516,-0.17880602974226434,0.15460311661891024,24.420530945486497,-0.010269291396999565,0.5,-0.0051346456984997825,0.49450475433960428,0.03288647918486489,110,1,False,-0.32903179087584433,0.31876249947884472,0.55530023692664621,False,False,P1
2015-09-30,GLD,6,2016-03-31,2016-03-31,9,0.10786905007681558,0.04900795193914536,0.25151309056348098,1048.1131341546852,0.1510347179285714,0.5,0.0755173589642857,0.496176903546658,-0.014867073090804367,125,0,False,-0.12798759832378082,0.27902231625235219,0.93913125585596768,False,False,P1
2015-09-30,VDE,6,2016-03-31,2016-03-31,9,0.15748675125643241,-0.40126448690806399,0.19098852300854391,3.7275937203149381,-0.18055613735358841,0.5,-0.090278068676794207,0.62734110952757782,-0.01394772180281907,126,0,False,-0.40410758757459991,0.22355145022101147,0.36175664498730775,False,False,P1
2015-09-30,VMBS,6,2016-03-31,2016-03-31,9,0.15295580985304502,0.033051093141811393,0.10959183020604911,232.99518105153672,0.071321461673930248,0.5,0.035660730836965124,0.5,0.053156553894716262,64,1,False,,,,True,True,P1
2015-09-30,VWO,6,2016-03-31,2016-03-31,9,0.12617592949877454,-0.14519719713659499,0.14769007547386254,11.513953993264458,-1.7554700939371332e-05,0.5,-8.7773504696856662e-06,0.50431563262653023,-0.021997978033951066,121,0,False,-0.19145806001730709,0.19144050531636769,0.74595498605071675,False,False,P1
2015-10-30,BND,6,2016-04-29,2016-04-29,9,-0.015915026060930426,0.034464418485298777,0.044554538125790993,232.99518105153672,0.036784541357433011,0.5,0.018392270678716505,0.7700599244806331,0.025397193189193406,97,1,False,-0.086286094165580196,0.1230706355230132,0.9766455787689915,False,False,P1
2015-10-30,DBC,6,2016-04-29,2016-04-29,9,0.052759598646480277,-0.10541472970901751,0.013142573844448354,24.420530945486497,-0.042942210198700384,0.5,-0.021471105099350192,0.47306055689648968,0.036094602517499498,111,1,False,-0.3784876698093414,0.33554545961064103,0.48012392344746252,False,False,P1
2015-10-30,GLD,6,2016-04-29,2016-04-29,9,-0.11931990248512259,0.05157534478567187,0.188245110116875,1048.1131341546852,0.1223731383428617,0.5,0.061186569171430852,0.48197910938370542,-0.012633177457116453,126,0,False,-0.17105645125110897,0.2934295895939707,0.92845026416482279,False,False,P1
2015-10-30,VDE,6,2016-04-29,2016-04-29,9,-0.0055527179300820517,-0.24827426985427831,-0.12224945774097358,3.7275937203149381,-0.19951690237156286,0.5,-0.09975845118578143,0.6131129524011566,-0.010699112196608374,127,0,False,-0.48750684831658453,0.2879899459450217,0.35434885333409505,False,False,P1
2015-10-30,VMBS,6,2016-04-29,2016-04-29,9,-0.0064417503071541038,0.034110630017295133,0.049541244604433855,232.99518105153672,0.041825937310864494,0.5,0.020912968655432247,0.5,0.055901840974295368,65,1,False,,,,True,True,P1
2015-10-30,VWO,6,2016-04-29,2016-04-29,9,0.0027943924472966231,-0.060705420244581497,0.068829692117488406,11.513953993264458,0.0052445170144033038,0.5,0.0026222585072016519,0.4908721191004573,-0.018249179089335814,122,1,False,-0.22308399177051333,0.22832850878491665,0.74771615553045878,False,False,P1
2015-11-30,BND,6,2016-05-31,2016-05-31,9,0.068327331400474201,0.025162055802191885,0.10194637644188673,232.99518105153672,0.044318344430980108,0.75,0.033238758323235085,0.75051822469488538,0.026548606199256034,98,1,False,-0.081474750004256455,0.14795226665072664,0.98445918339250238,False,False,P1
2015-11-30,DBC,6,2016-05-31,2016-05-31,9,0.062397927746934201,-0.12213036475880189,0.071572171617349994,24.420530945486497,-0.017450824740521485,0.75,-0.013088118555391114,0.45958611602791455,0.038736033303566744,112,1,False,-0.36589850927609979,0.33972227216531758,0.58649929082838526,False,False,P1
2015-11-30,GLD,6,2016-05-31,2016-05-31,9,-0.043113432352661185,0.050502001778321912,0.22231575468618242,1048.1131341546852,0.14090607446114803,0.75,0.10567955584586103,0.47382516735253666,-0.010558274724737596,127,0,False,-0.12132899064757183,0.33268810233929391,0.94274307411358582,False,False,P1
2015-11-30,VDE,6,2016-05-31,2016-05-31,9,0.087127097917405916,-0.34389003618969055,-0.091427818596724331,3.7275937203149381,-0.24345361536295995,0.75,-0.18259021152221996,0.60217246848136363,-0.0084671187422366411,128,0,False,-0.5703386086530231,0.20515818560858315,0.32388248212360976,False,False,P1
2015-11-30,VMBS,6,2016-05-31,2016-05-31,9,0.074341481315624014,0.028554682336164441,0.10071812451977413,232.99518105153672,0.06463640342796928,0.75,0.04847730257097696,0.5,0.057110029581720387,66,1,False,,,,True,True,P1
2015-11-30,VWO,6,2016-05-31,2016-05-31,9,0.10052886897366986,-0.1271502438313209,0.07005927320663459,11.513953993264458,-0.025941718748938424,0.75,-0.019456289061703817,0.48679695279156532,-0.015525157517098691,123,1,False,-0.26370888816686894,0.22479631004346132,0.75619176203596572,False,False,P1
2015-12-31,BND,6,2016-06-30,2016-06-30,9,-0.022414284328777567,0.04224408187474938,0.1395890703494079,232.99518105153672,0.06839407301474075,0.75,0.051295554761055559,0.73136787471294529,0.027389480076521651,99,1,False,-0.077283374392472889,0.17987448391458399,0.99542504489862949,False,False,P1
2015-12-31,DBC,6,2016-06-30,2016-06-30,9,-0.098961433257259035,-0.077961547351161162,0.090903133346606185,24.420530945486497,0.015464206036873171,0.75,0.011598154527654878,0.44674189414868232,0.041650573681811263,113,1,False,-0.36591610840793787,0.38911241746324765,0.69856373516041714,False,False,P1
2015-12-31,GLD,6,2016-06-30,2016-06-30,9,-0.21742571699020719,0.057324909001120875,0.24543113967283448,1048.1131341546852,0.15789836243325825,0.75,0.11842377182494368,0.46533693714983865,-0.0087453551688656365,128,0,False,-0.10224604962533931,0.3390935932752267,0.95403368691327262,False,False,P1
2015-12-31,VDE,6,2016-06-30,2016-06-30,9,-0.10704557158169736,-0.28731536585434453,0.1532136521539495,3.7275937203149381,-0.10734758783792606,0.75,-0.080510690878444535,0.59147349967980967,-0.0058259478543264956,129,0,False,-0.46825908800924765,0.30723770625235858,0.48248635703229353,False,False,P1
2015-12-31,VMBS,6,2016-06-30,2016-06-30,9,-0.0033007501656627802,0.044831567548193896,0.1050122167888916,232.99518105153672,0.074921892168542753,0.75,0.056191419126407065,0.5,0.057872005410554449,67,1,False,,,,True,True,P1
2015-12-31,VWO,6,2016-06-30,2016-06-30,9,-0.0074197667340689666,-0.08838436157096824,0.13389196637265069,11.513953993264458,0.027320431740452625,0.75,0.02049032380533947,0.47945517013953121,-0.012858988178174151,124,1,False,-0.263260947408893,0.30424159501957199,0.75368447162915309,False,False,P1
2016-01-29,BND,6,2016-07-29,2016-07-29,9,0.021576543086043287,0.03989076459019375,0.20576484252190966,232.99518105153672,0.088893839469102634,0.5,0.044446919734551317,0.70457665543689363,0.027239667265034982,100,1,False,-0.07673861517967695,0.1656324546487796,0.99674266653641053,False,False,P1
2016-01-29,DBC,6,2016-07-29,2016-07-29,9,-0.047482500850779319,-0.16334298399103708,0.23035618047953937,24.420530945486497,0.062314316072441714,0.5,0.031157158036220857,0.42682809508389619,0.043146006341871733,114,1,False,-0.32900032910333538,0.39131464517577713,0.78741856066653504,False,False,P1
2016-01-29,GLD,6,2016-07-29,2016-07-29,9,-0.13610473454028016,0.049368964281808522,0.27904518782541354,1048.1131341546852,0.17375405136287661,0.5,0.086877025681438305,0.45843289670141657,-0.0086361131995417971,129,0,False,-0.1275003906938707,0.30125444205674734,0.96163525671655359,False,False,P1
2016-01-29,VDE,6,2016-07-29,2016-07-29,9,-0.11216247522633682,-0.45756744664150312,0.25626115880496886,3.7275937203149381,-0.1635940965517538,0.5,-0.081797048275876902,0.58817376069444505,-0.0043807482193659103,130,0,False,-0.40571405578471503,0.2421199592329612,0.45851016083579366,False,False,P1
2016-01-29,VMBS,6,2016-07-29,2016-07-29,9,0.050783822628887032,0.03760080544389216,0.16191273985405816,232.99518105153672,0.099756772648975159,0.5,0.049878386324487579,0.5,0.057141292256466081,68,1,False,,,,True,True,P1
2016-01-29,VWO,6,2016-07-29,2016-07-29,9,-0.141423472073962,-0.13449272057691269,0.22406586990675023,11.513953993264458,0.055887815503321517,0.5,0.027943907751660758,0.46903925569478561,-0.01111610659440683,125,1,False,-0.23333237114263669,0.28922018664595822,0.75501746314395701,False,False,P1
2016-02-29,BND,6,2016-08-31,2016-08-31,9,-0.030818070202628833,0.058939659677490007,0.16724757040548213,232.99518105153672,0.095484301877620748,0.5,0.047742150938810374,0.66258566013788123,0.027738304865092725,101,1,False,-0.073407214797161419,0.16889151667478217,0.9968100179115218,False,False,P1
2016-02-29,DBC,6,2016-08-31,2016-08-31,9,-0.1770475250262884,-0.10296787517417512,0.11930728463304741,24.420530945486497,0.029431446181793504,0.5,0.014715723090896752,0.40434495032734424,0.045180577331587063,115,1,False,-0.34540840531773398,0.37483985149952748,0.77036049557643849,False,False,P1
2016-02-29,GLD,6,2016-08-31,2016-08-31,9,-0.072289902188917621,0.060852531214183256,0.23408898474045639,1048.1131341546852,0.15448898223507046,0.5,0.07724449111753523,0.4594876013974375,-0.0084038790095839443,130,0,False,-0.13192075535890255,0.28640973759397303,0.9576205472410606,False,False,P1
2016-02-29,VDE,6,2016-08-31,2016-08-31,9,-0.23144868907792415,-0.32377848524560926,0.075817027673790727,3.7275937203149381,-0.15749286423365871,0.5,-0.078746432116829357,0.58386514453806937,-0.00266159769687153,131,0,False,-0.40264070764930643,0.24514784341564771,0.49522890787654544,False,False,P1
2016-02-29,VMBS,6,2016-08-31,2016-08-31,9,-0.012617713427836463,0.060083235478617783,0.12531755078471579,232.99518105153672,0.092700393131666781,0.5,0.04635019656583339,0.5,0.057474058913693116,69,1,False,,,,True,True,P1
2016-02-29,VWO,6,2016-08-31,2016-08-31,9,-0.23296132359214106,-0.088280366138725475,0.17055782526502769,11.513953993264458,0.053897486015226419,0.5,0.026948743007613209,0.4507075969628711,-0.009440465287080849,126,1,False,-0.22090702049905281,0.27480450651427923,0.75984293753130039,False,False,P1
2016-03-31,BND,6,2016-09-30,2016-09-30,10,-0.12976347312084746,0.069470985338892705,0.11720883851684091,109.85411419875572,0.086760152032533511,0.5,0.043380076016266755,0.6378310807318146,0.028879179540853891,102,1,False,-0.07482145968809685,0.16158161172063035,0.99591662187335817,False,False,P1
2016-03-31,DBC,6,2016-09-30,2016-09-30,10,-0.21943218778882057,-0.15266673052521748,0.14377301623520969,7.9060432109076855,0.028904541009986993,0.5,0.014452270504993496,0.38749350072160066,0.047257091456723341,116,1,False,-0.34258314771534643,0.37148768872533339,0.77749960669120566,False,False,P1
2016-03-31,GLD,6,2016-09-30,2016-09-30,10,-0.17511856494588796,0.066314672121580959,0.1854794983281155,494.17133613238281,0.13019241247463798,0.5,0.065096206237318988,0.46395473910778712,-0.0075162993982373829,131,0,False,-0.13853393234291156,0.26872634481754953,0.94922170227582803,False,False,P1
2016-03-31,VDE,6,2016-09-30,2016-09-30,10,-0.25192968884617306,-0.16964827831908949,-0.053064778992128962,16.768329368110066,-0.11713838326726492,0.5,-0.058569191633632459,0.54959410761415184,-0.0014483526290434683,132,0,False,-0.37272089096371208,0.25558250769644719,0.63963729086912202,False,False,P1
2016-03-31,VMBS,6,2016-09-30,2016-09-30,10,-0.11817592135030086,0.066032663193315383,0.11564211792241678,75.431200633546069,0.10990403355606931,0.5,0.054952016778034657,0.11566513677041991,0.058838083927112428,70,1,False,,,,True,True,P1
2016-03-31,VOO,6,2016-09-30,2016-09-30,10,-0.17176720151991987,-0.051445133998300349,0.1044244043349529,35.564803062231285,0.026489635168326274,0.5,0.013244817584163137,0.5,0.0072558617821697497,61,1,False,,,,True,True,P1
2016-03-31,VWO,6,2016-09-30,2016-09-30,10,-0.22880435975733215,0.025658488948170209,0.12695714358120569,75.431200633546069,0.082861564606081919,0.5,0.04143078230304096,0.43530271092804163,-0.0083726196588457674,127,1,False,-0.20639977238034476,0.2892613369864267,0.75745974122726123,False,False,P1
2016-04-29,BND,6,2016-10-31,2016-10-31,10,-0.048420684589805529,0.10386788138692243,0.17532649368498793,109.85411419875572,0.12982347093096322,0.5,0.06491173546548161,0.63677450891747245,0.028444284340836568,103,1,False,-0.053278388436825683,0.18310185936778889,0.99096271163954031,False,False,P1
2016-04-29,DBC,6,2016-10-31,2016-10-31,10,-0.074749846415377186,0.095271766946739153,0.1816049108927302,7.9060432109076855,0.14864770063011962,0.5,0.074323850315059808,0.3817445856394181,0.047304121432704169,117,1,False,-0.2785270624421966,0.42717476307231617,0.84008718215766565,False,False,P1
2016-04-29,GLD,6,2016-10-31,2016-10-31,10,-0.01822852450638679,0.094121941377156612,0.27626443347801349,494.17133613238281,0.1904405178957507,0.5,0.09522025894787535,0.47119106910396263,-0.0083632963913198508,132,0,False,-0.10837529006478359,0.29881580796053431,0.93561565957832915,False,False,P1
2016-04-29,VDE,6,2016-10-31,2016-10-31,10,-0.053971537874465736,0.045247961953943247,0.06119911081964554,16.768329368110066,0.052567302301643248,0.5,0.026283651150821624,0.54114023953234869,-0.0014792125185249631,133,0,False,-0.28786229495725313,0.34042959725889632,0.66278642565787371,False,False,P1
2016-04-29,VMBS,6,2016-10-31,2016-10-31,10,-0.047537274211049696,0.11080717884883978,0.15405328157323325,75.431200633546069,0.1420691256657246,0.5,0.071034562832862302,0.2771152809741827,0.05791864964212276,71,1,False,,,,True,True,P1
2016-04-29,VOO,6,2016-10-31,2016-10-31,10,-0.076040277704247594,0.035536204484960872,0.17659255447563069,35.564803062231285,0.10606437948029578,0.5,0.053032189740147888,0.5,0.0072644708840580918,62,1,False,,,,True,True,P1
2016-04-29,VWO,6,2016-10-31,2016-10-31,10,-0.12708527199333475,0.09409457788242867,0.1639981908539295,75.431200633546069,0.13351941423357441,0.5,0.066759707116787206,0.43601146385353562,-0.0082853773767665312,128,1,False,-0.17751136431438697,0.31103077854796135,0.74750897259846383,False,False,P1
2016-05-31,BND,6,2016-11-30,2016-11-30,10,0.016309171659666166,0.096466911782492754,0.11149371906585757,109.85411419875572,0.10198281948918859,0.5,0.050991409744594297,0.63292883160868552,0.028827775177948468,104,1,False,-0.06550196013143883,0.16748477962062744,0.98429777011569075,False,False,P1
2016-05-31,DBC,6,2016-11-30,2016-11-30,10,-0.0081741515952040711,0.079001280542968622,0.086511181635609447,7.9060432109076855,0.083711527205017788,0.5,0.041855763602508894,0.3727951135515094,0.047432035045536627,118,1,False,-0.3109844227333084,0.39469594993832624,0.81470007500474717,False,False,P1
2016-05-31,GLD,6,2016-11-30,2016-11-30,10,0.032048595801907664,0.09460451564881138,0.20332219781959482,494.17133613238281,0.15117869347215954,0.5,0.075589346736079768,0.47962303193259415,-0.0086245756090742969,133,0,False,-0.12545847966510215,0.27663717313726172,0.86545416610206394,False,False,P1
2016-05-31,VDE,6,2016-11-30,2016-11-30,10,-0.083520980922394683,0.0028115151198241269,-0.01339909471263563,16.768329368110066,-0.0048827748287479326,0.5,-0.0024413874143739663,0.52535468880601965,-0.00081797139586876259,134,0,False,-0.31313312882352107,0.30825035399477319,0.64290388704693702,False,False,P1
2016-05-31,VMBS,6,2016-11-30,2016-11-30,10,0.015898369381300625,0.1021592545625586,0.11550274440700868,75.431200633546069,0.11188769185560585,0.5,0.055943845927802924,0.27092256924873648,0.058146744526476946,72,1,False,,,,True,True,P1
2016-05-31,VOO,6,2016-11-30,2016-11-30,10,-0.059717656215456216,0.016906718117479007,0.14873827560897604,35.564803062231285,0.082822496863227527,0.5,0.041411248431613763,0.5,0.0084865841288250601,63,1,False,,,,True,True,P1
2016-05-31,VWO,6,2016-11-30,2016-11-30,10,-0.080601831120427514,0.082043538898943835,0.13774468591713893,75.431200633546069,0.11409720462668176,0.5,0.057048602313340878,0.42454208856296255,-0.0074418560872282664,129,1,False,-0.18540560102908463,0.29950280565576637,0.75422656684729994,False,False,P1
2016-06-30,BND,6,2016-12-30,2016-12-30,10,0.14135779460259301,0.11215199149212413,0.19010865525038584,109.85411419875572,0.1398272691847868,0.5,0.069913634592393401,0.64499150735231803,0.028339755563598693,105,1,False,-0.043274431083201406,0.18310170026798822,0.9732907836288951,False,False,P1
2016-06-30,DBC,6,2016-12-30,2016-12-30,10,0.065284339060155183,0.18226651243637046,0.24564342976945461,7.9060432109076855,0.22129421482572509,0.5,0.11064710741286254,0.38419689641513582,0.046201837832908092,119,1,False,-0.22692612204921175,0.44822033687493684,0.86510804208320335,False,False,P1
2016-06-30,GLD,6,2016-12-30,2016-12-30,10,0.25072920900137008,0.10416918884052676,0.28672821557585026,494.17133613238281,0.19750712460679457,0.5,0.098753562303397283,0.48872462000145112,-0.010182793082067826,134,0,False,-0.11557057851995052,0.3130777031267451,0.82819364114349259,False,False,P1
2016-06-30,VDE,6,2016-12-30,2016-12-30,10,-0.020924685541663157,0.096797930794368159,0.11735846288033173,16.768329368110066,0.10647831530483166,0.5,0.053239157652415832,0.52917636226582998,-0.0016048425083563819,135,0,False,-0.23659869923025645,0.3430770145350881,0.67948211206757669,False,False,P1
2016-06-30,VMBS,6,2016-12-30,2016-12-30,10,0.13546322864480709,0.12294817203347405,0.18058589145223305,75.431200633546069,0.15416316108117156,0.5,0.077081580540585781,0.45842775594729451,0.057304998023844901,73,1,False,-0.040213498475494117,0.19437665955666567,,False,True,P1
2016-06-30,VOO,6,2016-12-30,2016-12-30,10,0.0082187236419339893,0.078347975479833659,0.19833642794735906,35.564803062231285,0.13834220171359635,0.5,0.069171100856798173,0.5,0.0086066683027796083,64,1,False,,,,True,True,P1
2016-06-30,VWO,6,2016-12-30,2016-12-30,10,0.033870377269062057,0.10680790215126779,0.24050957786506158,75.431200633546069,0.18310220358670387,0.5,0.091551101793351936,0.4293691456885389,-0.0074416861691270391,130,1,False,-0.14226069434661798,0.32536289793332185,0.72492261977723715,False,False,P1
2016-07-29,BND,6,2017-01-31,2017-01-31,10,0.20252146456333453,0.12282005679474178,0.12135435862559113,109.85411419875572,0.12233381539884429,0.5,0.061166907699422145,0.66825270977908369,0.028275951672301,106,1,False,-0.051998884921457551,0.17433270032030185,0.96702309337318781,False,False,P1
2016-07-29,DBC,6,2017-01-31,2017-01-31,10,0.065929940108925944,0.23113621096704245,0.16820041279304082,7.9060432109076855,0.19313040000362405,0.5,0.096565200001812027,0.39611775704596786,0.045421135010544025,120,1,False,-0.23361215211585767,0.4267425521194817,0.83879204276283281,False,False,P1
2016-07-29,GLD,6,2017-01-31,2017-01-31,10,0.28896725551578339,0.11555083137842539,0.22432355827886494,494.17133613238281,0.17004083405302786,0.5,0.085020417026513931,0.49904719475795123,-0.011115548203980512,135,0,False,-0.14189490423356621,0.3119357382865941,0.75477995860176383,False,False,P1
2016-07-29,VDE,6,2017-01-31,2017-01-31,10,0.051247636942578056,0.14909438525559729,0.059992030373973083,16.768329368110066,0.1071532338161945,0.5,0.053576616908097251,0.52929244692664768,-0.0024177662783415339,136,0,False,-0.22795654390329848,0.33510977771949296,0.69523320589500215,False,False,P1
2016-07-29,VMBS,6,2017-01-31,2017-01-31,10,0.18797102666325971,0.13372314696500975,0.13967731291464669,75.431200633546069,0.13595799633847347,0.5,0.067978998169236735,0.62465786268520085,0.057216874032021144,74,1,False,-0.049316080846843163,0.18527407718531663,,False,True,P1
2016-07-29,VOO,6,2017-01-31,2017-01-31,10,0.10245451530670868,0.076730840486791338,0.16634844837658694,35.564803062231285,0.12153964443168913,0.5,0.060769822215844566,0.5,0.0075071464403895808,65,1,False,,,,True,True,P1
2016-07-29,VWO,6,2017-01-31,2017-01-31,10,0.12538700595675345,0.12576643591354117,0.22222929018677004,75.431200633546069,0.17853047374446837,0.5,0.089265236872234185,0.45301185385335718,-0.0084644478935914265,131,1,False,-0.14452041834339679,0.32305089208786519,0.71223277348598601,False,False,P1
2016-08-31,BND,6,2017-02-28,2017-02-28,10,0.2511209151249264,0.13634853292038099,0.19269141736146747,109.85411419875572,0.15451443994087433,0.40000000000000002,0.061805775976349731,0.67758294235915317,0.027723671094030632,107,1,False,-0.044977705681595481,0.16858925763429494,0.94294295470052636,False,False,P1
2016-08-31,DBC,6,2017-02-28,2017-02-28,10,0.17711131747883524,0.21180400913087463,0.22293943758783277,7.9060432109076855,0.21836415480788579,0.40000000000000002,0.087345661923154322,0.41087622246704436,0.043582551043297481,121,1,False,-0.24281488543695626,0.41750620928326487,0.84644283986204716,False,False,P1
2016-08-31,GLD,6,2017-02-28,2017-02-28,10,0.28330523344017355,0.11773494206123669,0.30029519469632188,494.17133613238281,0.20783090919172365,0.40000000000000002,0.083132363676689469,0.50648640199585293,-0.011565359630340347,136,0,False,-0.14058657652240716,0.30685130387578607,0.70636873103921227,False,False,P1
2016-08-31,VDE,6,2017-02-28,2017-02-28,10,0.2044499742949053,0.067657274704954418,0.12685935282024685,16.768329368110066,0.094895834100009999,0.40000000000000002,0.037958333640004005,0.53990535024783859,-0.0040895248389224269,137,0,False,-0.24356437520140917,0.31948104248141718,0.69623286781109051,False,False,P1
2016-08-31,VMBS,6,2017-02-28,2017-02-28,10,0.24213264577167037,0.14964981993941201,0.17935634270886341,75.431200633546069,0.15950002868838839,0.40000000000000002,0.063800011475355356,0.66841596287042393,0.056285746199223038,75,1,False,-0.053495067540724542,0.18109509049143524,,False,True,P1
2016-08-31,VOO,6,2017-02-28,2017-02-28,10,0.1308497765108998,0.065907041729387647,0.19354778240669121,35.564803062231285,0.12972741206803942,0.40000000000000002,0.051890964827215773,0.5,0.0055527654202778814,66,1,False,,,,True,True,P1
2016-08-31,VWO,6,2017-02-28,2017-02-28,10,0.16939650300649789,0.099077529514623786,0.23274699788787007,75.431200633546069,0.16991965338368711,0.40000000000000002,0.067967861353474851,0.47002015694975063,-0.010165181800398621,132,1,False,-0.17995722641721218,0.31589294912416188,0.7016693682099755,False,False,P1
2016-09-30,BND,6,2017-03-31,2017-03-31,11,0.29042009484893472,0.056434558975317128,0.22170807023064251,10000,0.11055581095831495,0.40000000000000002,0.044222324383325982,0.67253523222249589,0.026265456795744723,108,1,False,-0.073981185254366283,0.16242583402101823,0.85340504105112347,False,False,P1
2016-09-30,DBC,6,2017-03-31,2017-03-31,11,0.25276890301703614,0.12786233848318868,0.26778576740999444,10000,0.20768638100575962,0.40000000000000002,0.083074552402303853,0.42951624946007388,0.041426692528280122,122,1,False,-0.24444412143939023,0.41059322624399797,0.83886731142667481,False,False,P1
2016-09-30,GLD,6,2017-03-31,2017-03-31,11,0.32117135402019859,0.089821988891262708,0.31935083568308936,10000,0.2019929967040279,0.40000000000000002,0.080797198681611171,0.51129886556481596,-0.012759178647242152,137,0,False,-0.16183182475825023,0.32342622212147254,0.65812405135875551,False,False,P1
2016-09-30,VDE,6,2017-03-31,2017-03-31,11,0.26450016194127635,0.062054936002420222,0.18249901977846197,10000,0.11681881082466739,0.40000000000000002,0.04672752432986696,0.54531702093332246,-0.0058854680563662724,138,0,False,-0.22980424315037681,0.3232592918101107,0.72377416036463782,False,False,P1
2016-09-30,VMBS,6,2017-03-31,2017-03-31,11,0.28135170818712341,0.05773848943643551,0.22919279482613414,10000,0.1175092248260043,0.40000000000000002,0.047003689930401722,0.65138970844904787,0.053990197941992467,76,1,False,-0.1261242481979338,0.22013162805873723,,False,True,P1
2016-09-30,VOO,6,2017-03-31,2017-03-31,11,0.1654192488476689,0.0073472839405039989,0.16331996572365542,10000,0.032227172879391024,0.40000000000000002,0.012890869151756411,0.84048559879557949,0.0029061987495286614,67,1,False,,,,True,True,P1
2016-09-30,VWO,6,2017-03-31,2017-03-31,11,0.20363942740866037,0.086542034823186259,0.23163455413923506,10000,0.16243543442039152,0.40000000000000002,0.064974173768156604,0.47693099578834985,-0.011809085394059778,133,1,False,-0.20635900231016741,0.33630734984648064,0.68605015788153423,False,False,P1
2016-09-30,VXUS,6,2017-03-31,2017-03-31,11,0.20144351459253951,0.065242421134729528,0.14068307694404103,10000,0.10296274903938528,0.40000000000000002,0.041185099615754117,0.5,0.0565970814101096,62,1,False,,,,True,True,P1
2016-10-31,BND,6,2017-04-28,2017-04-28,11,0.29133375615608192,0.056259343766340238,0.19254750633644258,10000,0.10080287756332068,0.40000000000000002,0.040321151025328274,0.67316652483249484,0.025580262838079126,109,1,False,-0.076176145716677163,0.1568184477673337,0.76499293098552235,False,False,P1
2016-10-31,DBC,6,2017-04-28,2017-04-28,11,0.30892200883662702,0.12756770090412795,0.27053151494845101,10000,0.20821610280685976,0.40000000000000002,0.083286441122743915,0.43588241233037905,0.040482167821421118,123,1,False,-0.23967973322511138,0.40625261547059921,0.79291262082502323,False,False,P1
2016-10-31,GLD,6,2017-04-28,2017-04-28,11,0.29183758696992113,0.089477331308850855,0.25142798206812539,10000,0.16744282250711637,0.40000000000000002,0.066977129002846553,0.51858488476125753,-0.012798811588250443,138,0,False,-0.16575555756418819,0.2997098155698813,0.61224280707531109,False,False,P1
2016-10-31,VDE,6,2017-04-28,2017-04-28,11,0.29393083434972489,0.061722015488338479,0.19611411442428209,10000,0.12278540643971748,0.40000000000000002,0.049114162575886994,0.54563258231063028,-0.0062314110046979227,139,0,False,-0.22131864445613933,0.31954696960791329,0.71306259867992616,False,False,P1
2016-10-31,VMBS,6,2017-04-28,2017-04-28,11,0.29178007806840078,0.057589368344044024,0.19764753253687417,10000,0.10744065079704898,0.40000000000000002,0.042976260318819598,0.64406728632848276,0.05267165934260231,77,1,False,-0.13015167780951592,0.21610419844715512,,False,True,P1
2016-10-31,VOO,6,2017-04-28,2017-04-28,11,0.15276458618571076,0.0071371409471045564,0.17216733724136773,10000,0.033753700174405862,0.40000000000000002,0.013501480069762345,0.8387170358820778,0.001745221154620187,68,1,False,,,,True,True,P1
2016-10-31,VWO,6,2017-04-28,2017-04-28,11,0.20095095858220202,0.086157864920376456,0.2404030569248643,10000,0.16613078564982564,0.40000000000000002,0.066452314259930256,0.48152081961088067,-0.012669355443308099,134,1,False,-0.20486315159229768,0.33776778011215819,0.65893358190435425,False,False,P1
2016-10-31,VXUS,6,2017-04-28,2017-04-28,11,0.1765937075592332,0.06500654855721176,0.14816243480563279,10000,0.10658449168142228,0.40000000000000002,0.042633796672568919,0.5,0.054726661436085282,63,1,False,,,,True,True,P1
2016-11-30,BND,6,2017-05-31,2017-05-31,11,0.26337951653740377,0.055972220678395836,0.16686786188350067,10000,0.0924626027718152,0.40000000000000002,0.03698504110872608,0.67094845480960508,0.025495980191002642,110,1,False,-0.076934560076171471,0.15090464229362363,0.77485754548987806,False,False,P1
2016-11-30,DBC,6,2017-05-31,2017-05-31,11,0.29655694768510088,0.12714860380642171,0.24686132450870582,10000,0.19455603891654291,0.40000000000000002,0.077822415566617176,0.43692337193005504,0.040089778148706394,124,1,False,-0.22036939417693258,0.37601422531016693,0.76747579066282035,False,False,P1
2016-11-30,GLD,6,2017-05-31,2017-05-31,11,0.21680979868382222,0.089354243903031025,0.25092514271252581,10000,0.16645188910100694,0.40000000000000002,0.066580755640402778,0.5228246808920689,-0.01247616836961621,139,0,False,-0.16033332843859463,0.29349483971940016,0.63508068673544704,False,False,P1
2016-11-30,VDE,6,2017-05-31,2017-05-31,11,0.36827799555910057,0.061345448702019051,0.16013014222607053,10000,0.10634625998101874,0.40000000000000002,0.042538503992407495,0.54445562694342775,-0.0067834793612528976,140,0,False,-0.22788294593497754,0.31295995391979253,0.69092237887934171,False,False,P1
2016-11-30,VMBS,6,2017-05-31,2017-05-31,11,0.2684418521768861,0.057263512418125877,0.16722704793926155,10000,0.097214039911449654,0.40000000000000002,0.038885615964579866,0.63669295185907293,0.052200206907201001,78,1,False,-0.085748010088712495,0.16351924201787224,,False,True,P1
2016-11-30,VOO,6,2017-05-31,2017-05-31,11,0.18485457047058129,0.0068676112487574296,0.15699428373482291,10000,0.029238801065000968,0.40000000000000002,0.011695520426000389,0.85098457558685991,0.0008544548159234275,69,0,False,,,,True,True,P1
2016-11-30,VWO,6,2017-05-31,2017-05-31,11,0.13652780607261339,0.086165722532856467,0.23215314924261404,10000,0.16135330624416622,0.40000000000000002,0.06454132249766649,0.48497219653859175,-0.013172558966842314,135,1,False,-0.19635208462214671,0.32543472961747966,0.64024580512832052,False,False,P1
2016-11-30,VXUS,6,2017-05-31,2017-05-31,11,0.12030962266376988,0.064791026594322954,0.16775531516443132,10000,0.11627317087937714,0.40000000000000002,0.046509268351750857,0.5,0.053753090601107695,64,1,False,,,,True,True,P1
2016-12-30,BND,6,2017-06-30,2017-06-30,11,0.24084529330100835,0.054568461579148866,0.13290161124696137,10000,0.080282918117532437,0.40000000000000002,0.032113167247012978,0.67172957237860476,0.02653978032083679,111,1,False,-0.081791754409644327,0.1460180889036703,0.77826732206638527,False,False,P1
2016-12-30,DBC,6,2017-06-30,2017-06-30,11,0.35197526209463059,0.12595154149142845,0.15939662164706603,10000,0.1446370034331349,0.40000000000000002,0.057854801373253967,0.44130909973146609,0.040291334635997982,125,1,False,-0.24023863845572954,0.35594824120223745,0.76375736963122642,False,False,P1
2016-12-30,GLD,6,2017-06-30,2017-06-30,11,0.18749616079977338,0.087548425450290859,0.19725883586939685,10000,0.14040708777081812,0.40000000000000002,0.056162835108327251,0.51819829933548422,-0.010596129959823454,140,0,False,-0.16755322548148274,0.27987889569813723,0.66104333220366329,False,False,P1
2016-12-30,VDE,6,2017-06-30,2017-06-30,11,0.40782717344904118,0.060311436632983599,0.075646496006474523,10000,0.067290253026457872,0.40000000000000002,0.026916101210583149,0.54491102880643183,-0.0068837716036671565,141,0,False,-0.23859677075549932,0.29242897317666561,0.63050444210207846,False,False,P1
2016-12-30,VMBS,6,2017-06-30,2017-06-30,11,0.24860387729100553,0.055865570716547262,0.13408521386565281,10000,0.083305690477873728,0.40000000000000002,0.03332227619114949,0.64919144786918836,0.053254169207677025,79,1,False,-0.09070517096120484,0.15734972334350383,,False,True,P1
2016-12-30,VOO,6,2017-06-30,2017-06-30,11,0.17278713510642518,0.0059850262137104262,0.14943295483125782,10000,0.026481623565203928,0.40000000000000002,0.010592649426081572,0.85711472065839056,0.00095965865629500701,70,1,False,-0.17441936967800142,0.19560466853016456,,False,True,P1
2016-12-30,VWO,6,2017-06-30,2017-06-30,11,0.11396251680974845,0.085490035599017786,0.19865409588299099,10000,0.14292687381184294,0.40000000000000002,0.057170749524737177,0.49244629373766274,-0.012826655023931256,136,1,False,-0.20188216100572126,0.31622366005519559,0.6656211605493374,False,False,P1
2016-12-30,VXUS,6,2017-06-30,2017-06-30,11,0.11580130720262827,0.06394692952160845,0.069146570863890269,10000,0.06654675019274936,0.40000000000000002,0.026618700077099745,0.5,0.053445114337998055,65,1,False,,,,True,True,P1
2017-01-31,BND,6,2017-07-31,2017-07-31,11,0.23726445473260283,0.05356367890298995,0.12155424061946273,10000,0.076124898632222188,0.40000000000000002,0.030449959452888878,0.66817129966781696,0.028111045358716232,112,1,False,-0.087772952505082644,0.14867287141086039,0.78530034792312431,False,False,P1
2017-01-31,DBC,6,2017-07-31,2017-07-31,11,0.31568795550279227,0.12515156827590176,0.22953653867926255,10000,0.18372961142068378,0.40000000000000002,0.073491844568273512,0.438826845297491,0.040494815631814875,126,1,False,-0.21857190212152378,0.3655555912580708,0.79380798537984343,False,False,P1
2017-01-31,GLD,6,2017-07-31,2017-07-31,11,0.20145259178289243,0.086355751703063005,0.23905872283922253,10000,0.16061848284902319,0.40000000000000002,0.064247393139609282,0.51367854473674324,-0.0084715669422659613,141,0,False,-0.1555745758461084,0.28406936212532696,0.67787417717678344,False,False,P1
2017-01-31,VDE,6,2017-07-31,2017-07-31,11,0.37405062295085989,0.059615067410755174,0.18962784867669655,10000,0.11938669728070296,0.40000000000000002,0.04775467891228119,0.54026343188763237,-0.006474395487144304,142,0,False,-0.21431694031012943,0.30982629813469181,0.68990931514882647,False,False,P1
2017-01-31,VMBS,6,2017-07-31,2017-07-31,11,0.24415265992485202,0.054804492031792142,0.11858715731096441,10000,0.077843398154627097,0.40000000000000002,0.031137359261850839,0.6387904766601511,0.054938129925871812,80,1,False,-0.087692694409354066,0.14996741293305574,,False,True,P1
2017-01-31,VOO,6,2017-07-31,2017-07-31,11,0.17649694615046374,0.0054753947413875856,0.1602625291568022,10000,0.027558115545903331,0.40000000000000002,0.011023246218361333,0.85733490778858545,0.0023891636795402701,71,1,False,-0.17398877288572165,0.19603526532244434,,False,True,P1
2017-01-31,VWO,6,2017-07-31,2017-07-31,11,0.12616308519092878,0.085304112232179499,0.25093044708812501,10000,0.16850017296525235,0.40000000000000002,0.067400069186100947,0.49768820999732249,-0.011817796184656186,137,1,False,-0.18060500811999486,0.31540514649219675,0.66918510454883484,False,False,P1
2017-01-31,VXUS,6,2017-07-31,2017-07-31,11,0.1311628960226543,0.063483451154883283,0.13872670672597306,10000,0.10110507894042817,0.40000000000000002,0.040442031576171267,0.5,0.054493785678414258,66,1,False,,,,True,True,P1
2017-02-28,BND,6,2017-08-31,2017-08-31,11,0.21665296901714703,0.053139535691270813,0.097219352981813792,10000,0.068259356837108584,0.5,0.034129678418554292,0.65698993155578211,0.030084584029213667,113,1,False,-0.10046061766473724,0.16871997450184584,0.78591335485240765,False,False,P1
2017-02-28,DBC,6,2017-08-31,2017-08-31,11,0.2973984031578002,0.12487065766360493,0.20044287581263576,10000,0.16721611976896336,0.5,0.083608059884481681,0.43966892672315327,0.041570536118799288,127,1,False,-0.20774854846053914,0.37496466822950247,0.79674525601534874,False,False,P1
2017-02-28,GLD,6,2017-08-31,2017-08-31,11,0.21403979432148446,0.085713878268267665,0.17789577380345087,10000,0.13109661997401914,0.5,0.06554830998700957,0.50768270231077905,-0.0064168007423896275,142,0,False,-0.14874414055290452,0.27984076052692369,0.69371808479947161,False,False,P1
2017-02-28,VDE,6,2017-08-31,2017-08-31,11,0.35215884489195337,0.05934262755017445,0.18318472081849635,10000,0.11668926291932889,0.5,0.058344631459664446,0.53693745110634872,-0.0049993998942628372,143,0,False,-0.20218985873738277,0.31887912165671167,0.69824476547074643,False,False,P1
2017-02-28,VMBS,6,2017-08-31,2017-08-31,11,0.22408610333822954,0.054380872000620917,0.092159928513102438,10000,0.068910298378729584,0.5,0.034455149189364792,0.61541055496427177,0.057249173331375504,81,1,False,-0.13910651361963569,0.20801681199836528,,False,True,P1
2017-02-28,VOO,6,2017-08-31,2017-08-31,11,0.19685978041847862,0.0052979804141096692,0.14690533942119671,10000,0.028729083778647149,0.5,0.014364541889323575,0.83453470547837261,0.0041733388577535968,72,1,False,-0.17064747721475942,0.19937656099340656,,False,True,P1
2017-02-28,VWO,6,2017-08-31,2017-08-31,11,0.1025842724113466,0.085115782800502873,0.24208148370314195,10000,0.16401747902570724,0.5,0.082008739512853618,0.49733160957154182,-0.010504649089068115,138,1,False,-0.1622908800585163,0.32630835908422351,0.68372020102909858,False,False,P1
2017-02-28,VXUS,6,2017-08-31,2017-08-31,11,0.11544441808513617,0.063196565544217403,0.1463311068274594,10000,0.1047638361858384,0.5,0.0523819180929192,0.5,0.056390569059191334,67,1,False,,,,True,True,P1
2017-03-31,BND,6,2017-09-29,2017-09-29,12,0.21220216865643216,0.054765574551343676,0.027746867901227868,10000,0.044765848651957742,0.5,0.022382924325978871,0.62989620380873901,0.032368228860965603,114,1,False,-0.15226495876568999,0.19703080741764775,0.76497905144121825,False,False,P1
2017-03-31,DBC,6,2017-09-29,2017-09-29,12,0.22334282777208925,0.13645145401471467,-0.0431875195643069,10000,0.034847882843159574,0.5,0.017423941421579787,0.43440129306427705,0.043220523360191762,128,1,False,-0.2582438246121469,0.29309170745530644,0.71461534066828747,False,False,P1
2017-03-31,GLD,6,2017-09-29,2017-09-29,12,0.21174431299868335,0.091139559662188979,0.042686490388357728,109.85411419875572,0.066844402856748197,0.5,0.033422201428374099,0.49858373949156137,-0.0041259744853085912,143,0,False,-0.19927959688841917,0.26612399974516737,0.69773359816376701,False,False,P1
2017-03-31,VDE,6,2017-09-29,2017-09-29,12,0.25017925401698016,0.069295754290747025,-0.0406445132255299,10000,0.017689731395913129,0.5,0.0088448656979565644,0.53059944221807998,-0.0031278751592938212,144,0,False,-0.24098478653068969,0.25867451792660284,0.59921683765552158,False,False,P1
2017-03-31,VMBS,6,2017-09-29,2017-09-29,12,0.21996558938625288,0.057612214374179245,0.028429904959420289,10000,0.043934653129199579,0.5,0.021967326564599789,0.53130641408173696,0.059982131073518768,82,1,False,-0.16067418342097725,0.20460883655017684,,False,True,P1
2017-03-31,VOO,6,2017-09-29,2017-09-29,12,0.15893064693335668,0.0091032610613444864,0.059436639643956915,10000,0.022233089441462201,0.5,0.011116544720731101,0.73914271702290635,0.0063821869398072309,73,1,False,-0.14605235489063431,0.1682854443320965,,False,True,P1
2017-03-31,VWO,6,2017-09-29,2017-09-29,12,0.1193094092786644,0.082119727786623756,0.004246251995148392,10000,0.042608129375663599,0.5,0.021304064687831799,0.49261801904461283,-0.0089640442221779817,139,1,False,-0.22299044178380156,0.26559857115946517,0.72050270914729975,False,False,P1
2017-03-31,VXUS,6,2017-09-29,2017-09-29,12,0.11648041446295632,0.060994289795994069,0.0083008895909722734,10000,0.017046962046831531,0.5,0.0085234810234157653,0.16598041541881248,0.058523700611152335,68,1,False,,,,True,True,P1
2017-04-28,BND,6,2017-10-31,2017-10-31,12,0.21757296341207155,0.054253029496226048,0.032699834025011178,10000,0.045795171966432999,0.5,0.022897585983216499,0.60758220092752158,0.034620103011357921,115,1,False,-0.2106393786567855,0.25643455062321852,0.77270980900988673,False,False,P1
2017-04-28,DBC,6,2017-10-31,2017-10-31,12,0.15476647342206284,0.1357992430218343,0.15601034267062094,10000,0.14736363801655458,0.5,0.073681819008277291,0.42781960429280524,0.045280224797993596,129,1,False,-0.19567166788839141,0.34303530590494602,0.80168706524589928,False,False,P1
2017-04-28,GLD,6,2017-10-31,2017-10-31,12,0.23004139850861316,0.052624080595994827,0.045596004946841462,109.85411419875572,0.049055836788893935,0.5,0.024527918394446967,0.49228722267229152,-0.0020706719752028252,144,0,False,-0.20236791726357997,0.25142375405247391,0.70208133685958596,False,False,P1
2017-04-28,VDE,6,2017-10-31,2017-10-31,12,0.22995767161836222,0.068680949067015759,0.13325253768104442,10000,0.09943585584431873,0.5,0.049717927922159365,0.52370837643258428,-0.0010791944040592092,145,0,False,-0.19596524523379033,0.29540110107810907,0.70064293558491508,False,False,P1
2017-04-28,VMBS,6,2017-10-31,2017-10-31,12,0.22191111271758923,0.057127147164444191,0.042569257555485684,10000,0.049495982781395199,0.5,0.0247479913906976,0.47580558803296602,0.062774877422854689,83,1,False,-0.22405582635888358,0.27355180914027877,,False,True,P1
2017-04-28,VOO,6,2017-10-31,2017-10-31,12,0.13777051980841959,0.0087873618569757894,0.10259295569708762,10000,0.040740899346732203,0.5,0.020370449673366101,0.65936426409474003,0.0083603274701572784,74,1,False,-0.13621838494856769,0.17695928429529989,,False,True,P1
2017-04-28,VWO,6,2017-10-31,2017-10-31,12,0.10223128336234599,0.081581624849718329,0.086410754040329579,10000,0.084050718575476357,0.5,0.042025359287738179,0.48870828915523529,-0.0074646513450038416,140,1,False,-0.20044057088608333,0.28449128946155966,0.71761746681508076,False,False,P1
2017-04-28,VXUS,6,2017-10-31,2017-10-31,12,0.1178497007355539,0.060607470483639583,0.10105801054084802,10000,0.096418195458490952,0.5,0.048209097729245476,0.11470341498024664,0.060234860132139009,69,1,False,,,,True,True,P1
2017-05-31,BND,6,2017-11-30,2017-11-30,12,0.21241475983989244,0.054250158974328694,0.024345180417987198,10000,0.041995465365925279,0.5,0.020997732682962639,0.59021225896165219,0.036592166921065213,116,1,False,-0.20583271565876968,0.24782818102469498,0.77351450930501453,False,False,P1
2017-05-31,DBC,6,2017-11-30,2017-11-30,12,0.12018661337581338,0.13597632693520309,-0.05344330238099225,10000,0.026600738398312673,0.5,0.013300369199156337,0.42257521603364884,0.04721312266635596,130,1,False,-0.24864796387801813,0.2752487022763308,0.70910051062072121,False,False,P1
2017-05-31,GLD,6,2017-11-30,2017-11-30,12,0.21100143915030145,0.056863908426553894,0.014671554061310849,109.85411419875572,0.035291895480667294,0.5,0.017645947740333647,0.48872222774899104,-0.00056115148789920722,145,0,False,-0.20744556948843101,0.24273746496909832,0.70515236023116312,False,False,P1
2017-05-31,VDE,6,2017-11-30,2017-11-30,12,0.18829238069737975,0.069118153709587016,-0.096597610313149451,10000,-0.010667792091966461,0.5,-0.0053338960459832305,0.51853738072494582,0.0014506493628117503,146,0,False,-0.27087288253053488,0.26020509043856843,0.57019282676909633,False,False,P1
2017-05-31,VMBS,6,2017-11-30,2017-11-30,12,0.21880767536343515,0.057108140783294362,0.028790592241457757,10000,0.041308919552109045,0.5,0.020654459776054523,0.44206959836783166,0.06522329378897411,84,1,False,-0.21465727844685781,0.25596619799896686,,False,True,P1
2017-05-31,VOO,6,2017-11-30,2017-11-30,12,0.13790775834341784,0.0091865656888963036,0.030821293045525,10000,0.018408312545551149,0.5,0.0092041562727755745,0.57375257359878962,0.010713584043496266,75,1,False,-0.16527189033397222,0.18368020287952336,,False,True,P1
2017-05-31,VWO,6,2017-11-30,2017-11-30,12,0.096732879094743707,0.082035557263035755,-0.042628835766623289,10000,0.018601466320772451,0.5,0.0093007331603862254,0.4911611134450265,-0.0064434282427512386,141,1,False,-0.22455328415045636,0.24315475047122884,0.72880907750684398,False,False,P1
2017-05-31,VXUS,6,2017-11-30,2017-11-30,12,0.12504189691321099,0.060966703861939385,-0.012914520596185516,10000,-0.00045034142434086219,0.5,-0.00022517071217043109,0.16870563885834378,0.061093071025448024,70,1,False,,,,True,True,P1
2017-06-30,BND,6,2017-12-29,2017-12-29,12,0.26541404067553809,0.053875414692762365,0.022708956634917166,10000,0.040719332013538154,0.75,0.030539499010153615,0.57787687472197136,0.038337920137987806,117,1,False,-0.19628147165955578,0.25736046967986304,0.77734997325756461,False,False,P1
2017-06-30,DBC,6,2017-12-29,2017-12-29,12,0.12790619376377843,0.13565882674452845,-0.042598529436466886,10000,0.032721231055094772,0.75,0.024540923291321078,0.42253381349987607,0.04953955121160996,131,1,False,-0.26752268290379244,0.31660452948643458,0.71678233799738889,False,False,P1
2017-06-30,GLD,6,2017-12-29,2017-12-29,12,0.22968338360140472,0.041433120546903651,0.014671554061310849,109.85411419875572,0.027658792496005485,0.75,0.020744094372004113,0.48529440313915728,0.00072691229489306778,146,0,False,-0.20274759809488244,0.24423578683889066,0.70819295417516603,False,False,P1
2017-06-30,VDE,6,2017-12-29,2017-12-29,12,0.13889896455914652,0.068855838335827035,-0.092424958279955727,10000,-0.0089983743946529214,0.75,-0.0067487807959896911,0.51727537088032194,0.0042151155130582081,147,0,False,-0.29695865099128937,0.28346108939931003,0.57640317415723896,False,False,P1
2017-06-30,VMBS,6,2017-12-29,2017-12-29,12,0.26847079979612887,0.05673503934932362,0.024784156185125011,10000,0.038336734165614221,0.75,0.028752550624210664,0.42416911954643727,0.067380712418409774,85,1,False,-0.20649895510081473,0.26400405634923607,,False,True,P1
2017-06-30,VOO,6,2017-12-29,2017-12-29,12,0.16180870246282075,0.0090616145224794963,0.02569847957846156,10000,0.017314083256725156,0.75,0.012985562442543867,0.50396491727999282,0.012846130768008487,76,1,False,-0.16135878450798724,0.18732990939307498,,False,True,P1
2017-06-30,VWO,6,2017-12-29,2017-12-29,12,0.13451302526164866,0.081950655799693406,-0.049312356341510134,10000,0.015549382711236136,0.75,0.011662037033427101,0.4941356898238215,-0.0055954990522406756,142,1,False,-0.21413350890859079,0.237457582975445,0.73105944391338207,False,False,P1
2017-06-30,VXUS,6,2017-12-29,2017-12-29,12,0.16777223761729099,0.06080044441862964,-0.027247978886145174,10000,-0.0087293936631618156,0.75,-0.0065470452473713617,0.21032273523947481,0.061863609563154787,71,1,False,-0.16680546022415677,0.15371136972941402,,False,True,P1
2017-07-31,BND,6,2018-01-31,2018-01-31,12,0.16288825919893635,0.053715106255277027,0.022708956634917166,10000,0.040303644771193109,0.75,0.030227733578394832,0.56745801564224452,0.040023738227772679,118,1,False,-0.18039371166069032,0.24084917881748,0.78206856442081818,False,False,P1
2017-07-31,DBC,6,2018-01-31,2018-01-31,12,0.007314371355031879,0.13550371436375389,-0.042598529436466886,10000,0.031937828234076517,0.75,0.023953371175557389,0.41850319277365,0.051555827001694671,132,1,False,-0.2674022564191727,0.31530899877028751,0.71693854060916473,False,False,P1
2017-07-31,GLD,6,2018-01-31,2018-01-31,12,0.10001212848231944,0.032577122466181822,0.027858662677200153,109.85411419875572,0.030134906302702911,0.75,0.022601179727027184,0.48241242424448216,0.0020923931077366023,147,0,False,-0.19724162096597009,0.24244398042002446,0.71390510638587323,False,False,P1
2017-07-31,VDE,6,2018-01-31,2018-01-31,12,-0.029724288276939292,0.068661226563084835,-0.11775971850653685,10000,-0.022470779614755947,0.75,-0.01685308471106696,0.51114931777753736,0.006714004076827141,148,0,False,-0.33971439708972151,0.30600822766758762,0.55882241630340523,False,False,P1
2017-07-31,VMBS,6,2018-01-31,2018-01-31,12,0.16458442422617037,0.056586042973488605,0.020436627120206476,10000,0.035383169054749974,0.75,0.026537376791062481,0.41346565585475298,0.069436200180112595,86,1,False,-0.20866098261229798,0.26173573619442297,,False,True,P1
2017-07-31,VOO,6,2018-01-31,2018-01-31,12,-0.011722837686895859,0.0087696683605666265,0.013236843323909809,10000,0.011270291291730314,0.75,0.0084527184687977347,0.44022274666129263,0.014971466032715701,77,1,False,-0.15841831784739169,0.17532375478498713,,False,True,P1
2017-07-31,VWO,6,2018-01-31,2018-01-31,12,-0.045564399655248833,0.081935388592417488,-0.036936651290440443,10000,0.02232237350106905,0.75,0.016741780125801787,0.49851104473268992,-0.0046741103512394893,143,1,False,-0.19885036680243798,0.23233392705404157,0.73232680149498874,False,False,P1
2017-07-31,VXUS,6,2018-01-31,2018-01-31,12,0.003151649708091453,0.060627360399496184,-0.029974856783301727,10000,-0.014640444048095556,0.75,-0.010980333036071667,0.16924986178061899,0.06282609965287006,72,1,False,-0.17123874801285704,0.14927808194071374,,False,True,P1
2017-08-31,BND,6,2018-02-28,2018-02-28,12,0.23745767878164148,0.053706363142542637,0.022708956634917166,10000,0.040081595306141624,0.75,0.030061196479606218,0.56045458728783415,0.041508017478103558,119,1,False,-0.18052968087151453,0.24065207383072698,0.78685242600242766,False,False,P1
2017-08-31,DBC,6,2018-02-28,2018-02-28,12,0.076854121263358888,0.13565714309454713,-0.042598529436466886,10000,0.031545115493266045,0.75,0.023658836619949532,0.41593989059076353,0.053404267423921029,133,1,False,-0.25196389141906095,0.29928156465896005,0.71779518660560704,False,False,P1
2017-08-31,GLD,6,2018-02-28,2018-02-28,12,0.18911272228710962,0.046525915820539332,0.027858662677200153,109.85411419875572,0.036800559051059438,0.75,0.027600419288294577,0.47901511300016392,0.0035244701429646298,148,0,False,-0.18671500670710903,0.24191584528369817,0.72093680135957983,False,False,P1
2017-08-31,VDE,6,2018-02-28,2018-02-28,12,0.096770135999149742,0.068930193579507124,-0.10791694148135694,10000,-0.018509898317108763,0.75,-0.013882423737831572,0.50556116237606941,0.0090324258272642278,149,0,False,-0.33674134956657897,0.30897650209091587,0.56616226468547848,False,False,P1
2017-08-31,VMBS,6,2018-02-28,2018-02-28,12,0.23506312288051057,0.056538388645683689,0.024784156185125011,10000,0.037823145005518581,0.75,0.028367358754138934,0.41062207491832931,0.071213785273884042,87,1,False,-0.20172129768532457,0.25845601519360245,,False,True,P1
2017-08-31,VOO,6,2018-02-28,2018-02-28,12,0.081475896136507409,0.0090045468655410073,0.02569847957846156,10000,0.019126313784398673,0.75,0.014344735338299004,0.39368589217903388,0.017303367499199841,78,1,False,-0.16836023490543339,0.19704970558203139,,False,True,P1
2017-08-31,VWO,6,2018-02-28,2018-02-28,12,0.098068656236901974,0.082205023651876125,-0.036936651290440443,10000,0.023201655522423953,0.75,0.017401241641817965,0.50476297938551606,-0.0039292604709437497,144,1,False,-0.19302172692135663,0.22782421020499258,0.73399853948086269,False,False,P1
2017-08-31,VXUS,6,2018-02-28,2018-02-28,12,0.12185359994022704,0.060765821393417664,-0.028154180739028933,10000,-0.012248345561438242,0.75,-0.0091862591710786812,0.17887803414465625,0.06354689853550384,73,1,False,-0.16944467414786407,0.15107215580570671,,False,True,P1
2017-09-29,BND,6,2018-03-30,2018-03-30,13,0.29610518425709298,0.045111279510704171,0.056741939320387527,494.17133613238281,0.050215692630840303,0.75,0.037661769473130227,0.56112437267863802,0.042930468737922965,120,1,False,-0.17111342398523272,0.2464369629314932,0.80663543450794006,False,False,P1
2017-09-29,DBC,6,2018-03-30,2018-03-30,13,0.18157909901928759,0.13018479737613545,0.032573714464114167,10000,0.074139868109454193,0.75,0.055604901082090645,0.4258343663987868,0.054672465635474524,134,1,False,-0.21374160743461595,0.32495140959879726,0.76535674883603055,False,False,P1
2017-09-29,GLD,6,2018-03-30,2018-03-30,13,0.24954909579336393,0.010763511575797802,0.13486777374953782,51.794746792312019,0.075165275020746214,0.75,0.05637395626555966,0.48106727104352764,0.0049219187527345543,149,0,False,-0.15272494564195815,0.26547285817307748,0.73938179095695777,False,False,P1
2017-09-29,VDE,6,2018-03-30,2018-03-30,13,0.28447903362983173,0.062463316926703309,-0.051110693552101426,10000,0.0068253787074213585,0.75,0.0051190340305660191,0.51011734124097741,0.010640071348529,150,0,False,-0.3093173315718652,0.31955539963299723,0.61007757332933565,False,False,P1
2017-09-29,VMBS,6,2018-03-30,2018-03-30,13,0.29540019717779198,0.056944030722480221,0.039647386948184003,1048.1131341546852,0.04699056767554189,0.75,0.035242925756656419,0.42454367582399216,0.07290414668425188,88,1,False,-0.19481770856558828,0.2653035600789011,,False,True,P1
2017-09-29,VOO,6,2018-03-30,2018-03-30,13,0.22529535641170217,0.010051731406666656,-0.02573994365141798,10000,-0.011926767964613507,0.75,-0.0089450759734601305,0.38593264116272052,0.019096117871784106,79,1,False,-0.18354046270797553,0.16565031076105524,,False,True,P1
2017-09-29,VWO,6,2018-03-30,2018-03-30,13,0.19867155776997336,0.070254947609737398,-0.015028284326197607,10000,0.028353337009008054,0.75,0.021265002756756041,0.50867703240648821,-0.0030793386106016227,145,1,False,-0.18734931545259789,0.22987932096611,0.73832215304147952,False,False,P1
2017-09-29,VXUS,6,2018-03-30,2018-03-30,13,0.23830934151146166,0.054060213679150156,-0.038894505585037736,10000,-0.012974729771296524,0.75,-0.009731047328472393,0.27884303259605636,0.064262216318307253,74,1,False,-0.14744788737086825,0.12798579271392349,,False,True,P1
2017-10-31,BND,6,2018-04-30,2018-04-30,13,0.29152474529044847,0.054358025485977277,0.048482232095311988,494.17133613238281,0.051779397828504846,0.75,0.038834548371378633,0.56114391946302467,0.04437379514018866,121,1,False,-0.1682100626012491,0.24587915934400634,0.81374191099612825,False,False,P1
2017-10-31,DBC,6,2018-04-30,2018-04-30,13,0.17531386638977131,0.13069401529696448,0.020335819931595986,10000,0.067245534831295806,0.75,0.050434151123471854,0.42506779622839463,0.055413902730189993,135,1,False,-0.21147766242514635,0.31234596467209008,0.76168022461751861,False,False,P1
2017-10-31,GLD,6,2018-04-30,2018-04-30,13,0.23456658337895653,0.065578973448471495,0.11720474507702018,51.794746792312019,0.092342666859612385,0.75,0.069257000144709285,0.48158269471093457,0.0064227152844404146,150,0,False,-0.13690865492226853,0.27542265521168707,0.75017620651817185,False,False,P1
2017-10-31,VDE,6,2018-04-30,2018-04-30,13,0.15371733430467827,0.062776934946351171,-0.046420170188528911,10000,0.0089750983773165816,0.75,0.0067313237829874362,0.50729612746987518,0.012092505787402069,151,0,False,-0.30405464517837166,0.31751729274434648,0.61655297859960412,False,False,P1
2017-10-31,VMBS,6,2018-04-30,2018-04-30,13,0.28771240850934809,0.061532340188253057,0.031485015543850317,1048.1131341546852,0.044500746642425579,0.75,0.033375559981819181,0.43317437584247137,0.07457838225766017,89,1,False,-0.19665985443492859,0.26341097439856698,0.71705199061006863,False,False,P1
2017-10-31,VOO,6,2018-04-30,2018-04-30,13,0.22828364450659899,0.010306702201792603,-0.035101858728465302,10000,-0.018625446665273191,0.75,-0.013969084998954894,0.36284814417479333,0.020579547895992045,80,1,False,-0.18846187625561781,0.16052370625770804,,False,True,P1
2017-10-31,VWO,6,2018-04-30,2018-04-30,13,0.23777318495935829,0.07060537027154265,-0.014808548770361821,10000,0.028617295073494309,0.75,0.021462971305120732,0.50841647744264262,-0.0023580329806499279,146,1,False,-0.17842256831868658,0.22134851092892804,0.74153607090644746,False,False,P1
2017-10-31,VXUS,6,2018-04-30,2018-04-30,13,0.23234630328233896,0.054272469958599523,-0.038856355867166542,10000,-0.014819163199815145,0.75,-0.011114372399861358,0.25810690142622844,0.064976716110537208,75,1,False,-0.14836159629779078,0.12613285149806808,,False,True,P1
2017-11-30,BND,6,2018-05-31,2018-05-31,13,0.24721775351044406,0.049602916878523071,0.045288129245075873,494.17133613238281,0.047713053946174089,0.75,0.035784790459630567,0.56200325649883287,0.045751180096743602,122,1,False,-0.17125530844058709,0.24282488935984822,0.8126906955375458,False,False,P1
2017-11-30,DBC,6,2018-05-31,2018-05-31,13,0.13106659782038155,0.13047143064952343,0.026267649965405516,10000,0.071402850447897001,0.75,0.053552137835922747,0.43314359792101775,0.055890172661407819,136,1,False,-0.20295513856967887,0.31005941424152439,0.76966495485312503,False,False,P1
2017-11-30,GLD,6,2018-05-31,2018-05-31,13,0.219897656397541,0.050428960484807168,0.11720474507702018,51.794746792312019,0.08492759880935262,0.75,0.063695699107014461,0.48336603552886637,0.0077775412703070439,151,0,False,-0.14075246470222197,0.26814386291625086,0.75163680396753074,False,False,P1
2017-11-30,VDE,6,2018-05-31,2018-05-31,13,0.10798294180132739,0.062780240319651279,-0.056452786315958792,10000,0.0048349484471720801,0.75,0.0036262113353790603,0.5140164306189533,0.013251715490757187,152,0,False,-0.29174696808406803,0.29899939075482612,0.61666686838112483,False,False,P1
2017-11-30,VMBS,6,2018-05-31,2018-05-31,13,0.24176445849825112,0.058744126993300602,0.031485015543850317,1048.1131341546852,0.043573230153888247,0.75,0.032679922615416183,0.44345592967894404,0.07618092995883545,90,1,False,-0.18464091207193273,0.25000075730276511,0.75846262953302779,False,False,P1
2017-11-30,VOO,6,2018-05-31,2018-05-31,13,0.17171208868597154,0.010349059494691506,-0.035101858728465302,10000,-0.018463568470096864,0.75,-0.013847676352572648,0.36607159786469151,0.022028044321268907,81,1,False,-0.18825155152843009,0.16055619882328481,,False,True,P1
2017-11-30,VWO,6,2018-05-31,2018-05-31,13,0.22995222756721601,0.070601913951361062,-0.020272749469806443,10000,0.026492609976638756,0.75,0.019869457482479067,0.51461383939004623,-0.0016839451434023508,147,1,False,-0.17481574166111025,0.21455465662606837,0.7457719172161964,False,False,P1
2017-11-30,VXUS,6,2018-05-31,2018-05-31,13,0.21871616255147441,0.054283920611648134,-0.058865034506084157,10000,-0.018585366277284833,0.75,-0.013939024707963625,0.35598798227423351,0.065767047436888174,76,1,False,-0.15082099160464135,0.1229429421887141,,False,True,P1
2017-12-29,BND,6,2018-06-29,2018-06-29,13,0.089890709538335889,0.042801209580784233,0.040906618768443877,494.17133613238281,0.041971905270905288,0.75,0.03147892895317897,0.56227787843301158,0.047537057012018359,123,1,False,-0.1954185921444079,0.25837645005076582,0.80884257410569482,False,False,P1
2017-12-29,DBC,6,2018-06-29,2018-06-29,13,0.007372771666467548,0.13031663441226679,0.0091304429829340665,10000,0.062609876184778576,0.75,0.046957407138583929,0.44129972706527348,0.056415837049016357,137,1,False,-0.2001034782044574,0.29401829248162525,0.76531102553146557,False,False,P1
2017-12-29,GLD,6,2018-06-29,2018-06-29,13,0.11222851288901015,0.037687419969544417,0.12618862638607251,51.794746792312019,0.083303128635897658,0.75,0.06247734647692324,0.48457528983656595,0.0092374481277484738,152,0,False,-0.14750608205843713,0.27246077501228361,0.75494657328185466,False,False,P1
2017-12-29,VDE,6,2018-06-29,2018-06-29,13,-0.0035755977246934023,0.062748723021742489,-0.070746099768738233,10000,-0.0012730333119786957,0.75,-0.00095477498398402179,0.52041768365651964,0.014072939340877378,153,0,False,-0.28984062035167246,0.28793107038370447,0.61386109104033004,False,False,P1
2017-12-29,VMBS,6,2018-06-29,2018-06-29,13,0.080939796520873464,0.054735421043535314,0.017597966283073981,1048.1131341546852,0.034457568896047341,0.75,0.025843176672035506,0.45397840863674543,0.078294005451552962,91,1,False,-0.20899304439515859,0.2606793977392296,0.79256748185330839,False,False,P1
2017-12-29,VOO,6,2018-06-29,2018-06-29,13,0.045294046513665975,0.010229228090303374,-0.067941966170040002,10000,-0.038858365163947424,0.75,-0.02914377387296057,0.37205010466172228,0.023732686493726857,82,1,False,-0.19605847695115269,0.13777092920523154,,False,True,P1
2017-12-29,VWO,6,2018-06-29,2018-06-29,13,0.14491858253300738,0.070884176103014354,-0.024680764979796245,10000,0.025104304166382648,0.75,0.018828228124786985,0.52095536900962736,-0.0007636953433682209,148,1,False,-0.17199430021497933,0.20965075646455331,0.75000849660882252,False,False,P1
2017-12-29,VXUS,6,2018-06-29,2018-06-29,13,0.10669401247108634,0.05408071862007563,-0.067203751453221841,10000,-0.013216463089136651,0.75,-0.0099123473168524871,0.44512944098661877,0.067091790166503795,77,1,False,-0.17157684908242557,0.15175215444872062,,False,True,P1
2018-01-31,BND,6,2018-07-31,2018-07-31,13,0.12305268790425294,0.059116444369083886,0.040906618768443877,494.17133613238281,0.051171619852991672,0.75,0.038378714889743752,0.56370672128716137,0.048467308642558021,124,1,False,-0.1724019140677972,0.24915934384728472,0.82641310297933734,False,False,P1
2018-01-31,DBC,6,2018-07-31,2018-07-31,13,0.11431849289676843,0.13123509106698525,0.037768212901554639,10000,0.078721556567206932,0.75,0.059041167425405203,0.43815889082298648,0.056060029326596178,138,1,False,-0.18364892764713031,0.30173126249794069,0.78331207948559356,False,False,P1
2018-01-31,GLD,6,2018-07-31,2018-07-31,13,0.20989122655804737,0.11181820241391484,0.12827762058191228,51.794746792312019,0.1202977270227206,0.75,0.090223295267040454,0.4848223356222422,0.0098307466921574351,153,0,False,-0.11778501496197288,0.29823160549605376,0.7726618254386296,False,False,P1
2018-01-31,VDE,6,2018-07-31,2018-07-31,13,0.1063670868113562,0.063530251935766419,-0.037264131997594631,10000,0.015133341962114469,0.75,0.011350006471585853,0.51984517306391831,0.013788541758943505,154,0,False,-0.27042097059188042,0.29312098353505212,0.6294510073639169,False,False,P1
2018-01-31,VMBS,6,2018-07-31,2018-07-31,13,0.11689592140817806,0.063676959195265767,0.028463551870810996,1048.1131341546852,0.044743274205922376,0.75,0.033557455654441778,0.46231602029053137,0.079231944786059674,92,1,False,-0.19662379560713605,0.26373870691601958,0.81225776476258871,False,False,P1
2018-01-31,VOO,6,2018-07-31,2018-07-31,13,0.12345962317666437,0.010745774890351759,-0.026718548158311286,10000,-0.012678730602293364,0.75,-0.0095090479517200219,0.37475166808115995,0.023305511503598872,83,1,False,-0.17633898613896568,0.15732089023552562,,False,True,P1
2018-01-31,VWO,6,2018-07-31,2018-07-31,13,0.24916309693458483,0.071182250328156157,-0.023752144754471363,10000,0.02513491724710433,0.75,0.018851187935328247,0.51495627015926237,-0.001064371211233193,149,1,False,-0.16072887625939702,0.19843125213005353,0.73800065914962099,False,False,P1
2018-01-31,VXUS,6,2018-07-31,2018-07-31,13,0.19663751998622603,0.054776302527187189,-0.024739966364353244,10000,0.0096595447413167362,0.75,0.0072446585559875522,0.43260972358487598,0.066272044776011341,78,1,False,-0.13149679852888058,0.14598611564085567,,False,True,P1
2018-02-28,BND,6,2018-08-31,2018-08-31,13,0.15956932974148086,0.053750621192449388,0.048482232095311988,494.17133613238281,0.051454649338868369,0.75,0.038590987004151277,0.56419850332836208,0.049979231603670689,125,1,False,-0.17018803466793322,0.24737000867623579,0.8309469749817725,False,False,P1
2018-02-28,DBC,6,2018-08-31,2018-08-31,13,0.13931892045000205,0.1306083848985452,0.0061926116947511973,10000,0.061116502545205967,0.75,0.045837376908904479,0.44145440273468389,0.056209627110313895,139,1,False,-0.19171862501445558,0.28339337883226456,0.77157558053217778,False,False,P1
2018-02-28,GLD,6,2018-08-31,2018-08-31,13,0.27028799377059476,0.063896052999023123,0.11171306654904269,51.794746792312019,0.088490723370473284,0.75,0.06636804252785497,0.48565022059099094,0.010994915364851931,154,1,False,-0.13979106897772342,0.27252715403343336,0.76481051293501523,False,False,P1
2018-02-28,VDE,6,2018-08-31,2018-08-31,13,0.061950775727321883,0.063008725686694619,-0.048659931916044778,10000,0.010160623403476138,0.75,0.0076204675526071039,0.52674185024033071,0.01432390688307387,155,0,False,-0.26905608945415699,0.28429702455937117,0.62803184771699527,False,False,P1
2018-02-28,VMBS,6,2018-08-31,2018-08-31,13,0.15611587047575859,0.061492244850485947,0.031485015543850317,1048.1131341546852,0.045585841824998606,0.75,0.034189381368748953,0.46991430421835417,0.080907548851591404,93,1,False,-0.19596582759910919,0.26434459033660712,0.82910509232484042,False,False,P1
2018-02-28,VOO,6,2018-08-31,2018-08-31,13,0.10415112569295437,0.010504800319576856,-0.034774642476269546,10000,-0.017810321135351581,0.75,-0.013357740851513686,0.37465835031154898,0.023998016082562072,84,1,False,-0.17628094081002593,0.14956545910699853,,False,True,P1
2018-02-28,VWO,6,2018-08-31,2018-08-31,13,0.29880633437380189,0.070625890466585059,-0.027085190369987074,10000,0.023790459529869752,0.75,0.017842844647402316,0.52067431313086709,-0.00040348436157895998,150,1,False,-0.15395195249067484,0.18963764178547948,0.74206520369581697,False,False,P1
2018-02-28,VXUS,6,2018-08-31,2018-08-31,13,0.22594440598958165,0.054642273103455478,-0.036004476341755701,10000,0.0085583286264475297,0.75,0.0064187464698356473,0.49160951982219653,0.066975608765431793,79,1,False,-0.13192424843184886,0.14476174137152015,,False,True,P1
2018-03-30,BND,6,2018-09-28,2018-09-28,14,0.16733934294045572,0.11780681121331339,0.22312643840377291,35.564803062231285,0.16409497269430151,0.75,0.12307122952072613,0.56049824030158379,0.051932612180285151,126,1,False,-0.11000396487947167,0.35614642392092394,0.94041104762361849,False,False,P1
2018-03-30,DBC,6,2018-09-28,2018-09-28,14,0.10762422730364873,0.093781845716376877,0.1770392342106607,75.431200633546069,0.13986965766825904,0.75,0.10490224325119428,0.44644177789642753,0.057105123338235142,140,1,False,-0.13044001594557053,0.34024450244795912,0.83589697351288283,False,False,P1
2018-03-30,GLD,6,2018-09-28,2018-09-28,14,0.26951345487655398,0.10846279023478046,0.1384175581016118,16.768329368110066,0.12399522191772558,0.75,0.092996416438294177,0.48147047067775606,0.012533974593422979,155,1,False,-0.11144619471708186,0.29743902759367025,0.78282099875710887,False,False,P1
2018-03-30,VDE,6,2018-09-28,2018-09-28,14,0.013578552259959853,0.45069016848219146,0.26728073404413105,0.0001,0.36459824962679405,0.75,0.27344868722009552,0.53060256077245738,0.016055670516065906,156,0,False,-0.021845557212659905,0.56874293165285095,0.94045570819616031,False,False,P1
2018-03-30,VMBS,6,2018-09-28,2018-09-28,14,0.1641858185233831,0.12164600833365705,0.18265185574065024,35.564803062231285,0.15368682531880054,0.75,0.11526511898910041,0.47479105123502285,0.08318938553591268,94,1,False,-0.12517997566903083,0.35571021364723165,0.71527208813167642,False,False,P1
2018-03-30,VOO,6,2018-09-28,2018-09-28,14,0.05278476061557269,0.046187232598501035,0.069790448928484308,75.431200633546069,0.060439843101333206,0.75,0.045329882325999903,0.39615812084359814,0.026366220086434307,85,1,False,-0.12930330274246113,0.21996306739446095,,False,True,P1
2018-03-30,VWO,6,2018-09-28,2018-09-28,14,0.27764543820154797,0.052121262290269046,0.095712666378640662,109.85411419875572,0.072851806039415323,0.75,0.054638854529561492,0.52443505359176246,0.0009148934008816514,151,1,False,-0.14000380182752314,0.24928151088664613,0.74694662594847105,False,False,P1
2018-03-30,VXUS,6,2018-09-28,2018-09-28,14,0.19593575139417518,0.056315724851177112,0.031056439134864756,159.98587196060572,0.044583847925971185,0.75,0.033437885944478385,0.535542015836595,0.069117280424757149,80,1,False,-0.12898373947659575,0.19585951136555252,,False,True,P1
2018-04-30,BND,6,2018-10-31,2018-10-31,14,0.11355598234571596,0.11837382542141792,0.23231973147317633,35.564803062231285,0.16867144003904705,0.75,0.1265035800292853,0.55858339838219295,0.053819164409499042,127,1,False,-0.12628935292308618,0.37929651298165679,0.9456062702345579,False,False,P1
2018-04-30,DBC,6,2018-10-31,2018-10-31,14,0.11806774626185745,0.098575988260074812,0.17368477229925369,75.431200633546069,0.13974150484345058,0.75,0.10480612863258792,0.45192140826161387,0.057943483218033269,141,1,False,-0.12949079044536987,0.33910304771054572,0.83849463410434733,False,False,P1
2018-04-30,GLD,6,2018-10-31,2018-10-31,14,0.1864853344901799,0.089063811548517322,0.15446096468716541,16.768329368110066,0.12307943956104714,0.75,0.092309579670785347,0.47986072206517155,0.013957260547176401,156,1,False,-0.11011600072567457,0.29473516006724526,0.78744727912582368,False,False,P1
2018-04-30,VDE,6,2018-10-31,2018-10-31,14,0.20047745046031795,0.50216678521010794,0.31274074329747675,0.0001,0.41398516474896663,0.75,0.31048887356172494,0.53447995021817896,0.016932496400069809,157,0,False,0.01521312951647541,0.60576461760697442,0.9559889509554057,False,False,P1
2018-04-30,VMBS,6,2018-10-31,2018-10-31,14,0.11298327553762388,0.12304293078751158,0.1944368024679039,35.564803062231285,0.1601137002460683,0.75,0.12008527518455123,0.48075698115223742,0.08534225946194883,95,1,False,-0.13447543576196255,0.37464598613106503,0.69689640621345028,False,False,P1
2018-04-30,VOO,6,2018-10-31,2018-10-31,14,0.11264172582748966,0.066452517105530448,0.08007270716944502,75.431200633546069,0.07440821103729478,0.75,0.055806158277971085,0.4158896539305858,0.028714097114575756,86,1,False,-0.1341287021542199,0.24574101871016207,0.76757115953822275,False,False,P1
2018-04-30,VWO,6,2018-10-31,2018-10-31,14,0.28897255944465194,0.060934011910251704,0.10717858980380697,109.85411419875572,0.082762593053211514,0.75,0.062071944789908635,0.52797534030466542,0.0024731716348189948,152,1,False,-0.152006794601104,0.27615068418092126,0.74999599133846417,False,False,P1
2018-04-30,VXUS,6,2018-10-31,2018-10-31,14,0.25094237401319786,0.067769210292990462,0.04634350987545096,159.98587196060572,0.058436524506282859,0.75,0.043827393379712143,0.56441630355908079,0.071132453546455698,81,1,False,-0.19996040467089771,0.28761519143032199,,False,True,P1
2018-05-31,BND,6,2018-11-30,2018-11-30,14,0.061629717620884428,0.14014688544525905,0.21801926490613391,35.564803062231285,0.17463996155917449,0.75,0.13097997116938087,0.55705634844193153,0.055330090886850161,128,1,False,-0.12009149683113823,0.38205143916989998,0.95103544947699203,False,False,P1
2018-05-31,DBC,6,2018-11-30,2018-11-30,14,0.21468999516709164,0.1511686446045582,0.15736722600273917,75.431200633546069,0.15453539788518392,0.75,0.11590154841388794,0.45685100116395516,0.058458434729317423,142,1,False,-0.11598139541911592,0.34778449224689179,0.85093471075839411,False,False,P1
2018-05-31,GLD,6,2018-11-30,2018-11-30,14,0.12544310061378061,0.13456966466510017,0.16778392105959902,16.768329368110066,0.15191577650092503,0.75,0.11393683237569377,0.4777510105962266,0.015268982813739229,157,1,False,-0.087110994025488164,0.3149846587768757,0.80334885463832406,False,False,P1
2018-05-31,VDE,6,2018-11-30,2018-11-30,14,0.17871243598696407,0.56674581759853659,0.23081395474028282,0.0001,0.41180454165971186,0.75,0.30885340624478391,0.53877171810819824,0.017508765041849918,158,1,False,0.020003351494848609,0.59770346099471916,0.9556142837431626,False,False,P1
2018-05-31,VMBS,6,2018-11-30,2018-11-30,14,0.056757566974074747,0.14139360782260441,0.18427148121802375,35.564803062231285,0.16345759495126122,0.75,0.12259319621344592,0.4854225412444565,0.086971657368576996,96,1,False,-0.1266204756678351,0.37180686809472696,0.68169107675061025,False,False,P1
2018-05-31,VOO,6,2018-11-30,2018-11-30,14,0.040248190456021682,0.08998802558302102,0.080541839846640567,75.431200633546069,0.084609817330041401,0.75,0.063457362997531047,0.4306476282520762,0.030357752190109038,87,1,False,-0.1216329055257607,0.24854763152082279,0.75413553015356449,False,False,P1
2018-05-31,VWO,6,2018-11-30,2018-11-30,14,0.16883374189971279,0.099876704011885004,0.099725397299565116,109.85411419875572,0.099805838448175213,0.75,0.074854378836131413,0.53164296135145639,0.0039599628500634173,153,1,False,-0.1358807294487431,0.28558948712100596,0.75263616174611747,False,False,P1
2018-05-31,VXUS,6,2018-11-30,2018-11-30,14,0.16016058040758863,0.090254988588895718,0.065701697435737505,159.98587196060572,0.080218862563901219,0.75,0.060164146922925918,0.59125129244828045,0.072932254875785196,82,1,False,-0.17393177212621375,0.29426006597206561,,False,True,P1
2018-06-29,BND,6,2018-12-31,2018-12-31,14,-0.0061577745180163568,0.17580687057604974,0.2234221157954033,35.564803062231285,0.19691131212099477,0.75,0.14768348409074608,0.5567713355728563,0.055598002659342304,129,1,False,-0.098763329547197715,0.3941302977286899,0.96267634522908152,False,False,P1
2018-06-29,DBC,6,2018-12-31,2018-12-31,14,0.18069339171161791,0.19857606391912144,0.16871225870716688,75.431200633546069,0.18220046211712923,0.75,0.13665034658784692,0.45165722566938588,0.05810119233027651,143,1,False,-0.090730447100079714,0.36403114027577355,0.86992069326088051,False,False,P1
2018-06-29,GLD,6,2018-12-31,2018-12-31,14,-0.011858756174617291,0.19241878809265889,0.17254640362599327,16.768329368110066,0.18200049748019731,0.75,0.13650037311014798,0.47574028522156225,0.015882650725608027,158,1,False,-0.063861089779251118,0.33686183599954711,0.8195391266713844,False,False,P1
2018-06-29,VDE,6,2018-12-31,2018-12-31,14,0.26825864717666115,0.60991283707532251,0.24197431815134049,0.0001,0.44014837036792104,0.75,0.33011127777594079,0.53860643021592514,0.017376158986714425,159,0,False,0.048393040618024741,0.61182951493385684,0.96286468271841197,False,False,P1
2018-06-29,VMBS,6,2018-12-31,2018-12-31,14,-0.0079102686423926372,0.17384978582594038,0.19779635040441862,35.564803062231285,0.1860502463189212,0.75,0.1395376847391909,0.49051311919932478,0.086909473236126439,97,1,False,-0.10966134949452941,0.38873671897291118,0.61816639413441032,False,False,P1
2018-06-29,VOO,6,2018-12-31,2018-12-31,14,0.086600255911649771,0.12558182695288544,0.088875150467074365,75.431200633546069,0.10529472789875394,0.75,0.078971045924065453,0.44731855356140826,0.03052748280742219,88,1,False,-0.10611566580744405,0.26405775765557493,0.71399715998306523,False,False,P1
2018-06-29,VWO,6,2018-12-31,2018-12-31,14,0.087422222140168926,0.12245457668352214,0.15588395397758514,109.85411419875572,0.13797743447464964,0.75,0.10348307585598723,0.53565220032129335,0.0048752785622903257,154,1,False,-0.10625522755215785,0.31322137926413229,0.7539324088138617,False,False,P1
2018-06-29,VXUS,6,2018-12-31,2018-12-31,14,0.12408896131823799,0.11825957543984569,0.12065380054973743,159.98587196060572,0.11916823163247811,0.75,0.089376173724358576,0.62048005056904609,0.073339023039584006,83,1,False,-0.14462969958792474,0.32338204703664186,,False,True,P1
2018-07-31,BND,6,2019-01-31,2019-01-31,14,0.070443078878112075,0.18607420570688898,0.22611288105889499,35.564803062231285,0.20378955225980988,0.75,0.15284216419485741,0.5575441395806976,0.056116884853533923,130,1,False,-0.093600428372368871,0.39928475676208369,0.96698501328390052,False,False,P1
2018-07-31,DBC,6,2019-01-31,2019-01-31,14,0.17771920196286828,0.22043896624533849,0.16454464489365503,75.431200633546069,0.18994984969081943,0.75,0.14246238726811458,0.45452210855762049,0.058491590250877148,144,1,False,-0.078074955445312233,0.3629997299815414,0.87688862967931214,False,False,P1
2018-07-31,GLD,6,2019-01-31,2019-01-31,14,0.030004115077329363,0.19025196654776,0.14633375691562633,16.768329368110066,0.1672093062056072,0.75,0.12540697965420539,0.47532787572257545,0.017102830447824631,159,1,False,-0.06965626593337701,0.32047022524178781,0.8191435739464844,False,False,P1
2018-07-31,VDE,6,2019-01-31,2019-01-31,14,0.27198321267042613,0.67461099351339615,0.17625508066224563,0.0001,0.44643673097927677,0.75,0.33482754823445759,0.54214597108177442,0.01793235228561843,160,1,False,0.055281278392640409,0.61437381807627478,0.96489239428031948,False,False,P1
2018-07-31,VMBS,6,2019-01-31,2019-01-31,14,0.069903927946587618,0.18503806293396394,0.22230126308472475,35.564803062231285,0.2038460606313876,0.75,0.15288454547354069,0.49526617087824998,0.087215457401147375,98,1,False,-0.096300860605554123,0.40206995155263547,0.55755630102546827,False,False,P1
2018-07-31,VOO,6,2019-01-31,2019-01-31,14,0.1365405024512546,0.14578991711115857,0.1276520306094307,75.431200633546069,0.13593324548050836,0.75,0.10194993411038128,0.45657000170823592,0.031571664159885583,89,1,False,-0.080983005388326451,0.28488287360908904,0.64157149783406242,False,False,P1
2018-07-31,VWO,6,2019-01-31,2019-01-31,14,0.13621053171259423,0.13604967161074549,0.12915768292655991,109.85411419875572,0.1328736683926432,0.75,0.099655251294482397,0.53917463251354569,0.0064513290034019042,155,1,False,-0.12571803286712735,0.32502853545609217,0.75589102750792525,False,False,P1
2018-07-31,VXUS,6,2019-01-31,2019-01-31,14,0.16843964329945516,0.13142640553182966,0.13020917320602304,159.98587196060572,0.13097549537292461,0.75,0.098231621529693447,0.629561136896164,0.074806862288948797,84,1,False,-0.13569479966183426,0.33215804272122118,,False,True,P1
2018-08-31,BND,6,2019-02-28,2019-02-28,14,0.087778964105356794,0.15767676132276265,0.18350638539315475,35.564803062231285,0.16911962612876261,0.75,0.12683971959657195,0.55698678483220165,0.05690659817328924,131,1,False,-0.10878970398882751,0.36246914318197143,0.95471382322539167,False,False,P1
2018-08-31,DBC,6,2019-02-28,2019-02-28,14,0.17346358517349114,0.19621024211986476,0.11863309269869619,75.431200633546069,0.15434462233447108,0.75,0.1157584667508533,0.46033567748018139,0.059049020114319388,145,1,False,-0.099806713543806602,0.3313236470455132,0.85797435502726582,False,False,P1
2018-08-31,GLD,6,2019-02-28,2019-02-28,14,0.0054500197449185439,0.13368106649872152,0.097420169719128036,16.768329368110066,0.11460861088622767,0.75,0.085956458164670763,0.47402140304408463,0.01868523771859195,160,1,False,-0.11645243091792942,0.28836534724727092,0.80151684281164959,False,False,P1
2018-08-31,VDE,6,2019-02-28,2019-02-28,14,0.23727432163249718,0.6418596437082994,0.1508478657186792,0.0001,0.41898478186813359,0.75,0.3142385864011002,0.54609059938908977,0.018205758642399199,161,1,False,0.037751159197024153,0.59072601360517618,0.95903099947471171,False,False,P1
2018-08-31,VMBS,6,2019-02-28,2019-02-28,14,0.087678875222807706,0.15806526468423318,0.16719691924618438,35.564803062231285,0.16263847793689251,0.75,0.12197885845266938,0.49919116829993943,0.0879114211695778,99,1,False,-0.11864794757701512,0.36260566448235387,0.65935743457529006,False,False,P1
2018-08-31,VOO,6,2019-02-28,2019-02-28,14,0.13947370073039078,0.13319640979271857,0.052297373938197909,75.431200633546069,0.090010083936655438,0.75,0.067507562952491579,0.46617007978037767,0.032378102621364126,90,1,False,-0.11540713900581814,0.25042226491080133,0.74352582299348213,False,False,P1
2018-08-31,VWO,6,2019-02-28,2019-02-28,14,0.097650211017021649,0.13192670434921969,0.114784770390779,109.85411419875572,0.12408399516549344,0.75,0.093062996374120077,0.54248399260315139,0.0083253995506480556,156,1,False,-0.15119312126933251,0.33731911401757264,0.75815407362903064,False,False,P1
2018-08-31,VXUS,6,2019-02-28,2019-02-28,14,0.14107144324955778,0.12465141424771695,0.045589837224755389,159.98587196060572,0.095973537208131079,0.75,0.071980152906098313,0.63727162903344237,0.076584951038368002,85,1,False,-0.14973376123692972,0.29369406704912632,,False,True,P1
2018-09-28,BND,6,2019-03-29,2019-03-29,15,0.0069007273279921844,0.40588260453517416,0.18315538802629969,0.0001,0.30721546116674131,0.75,0.230411595875056,0.55700455061134613,0.057743209876070803,132,1,False,-0.0026815283757431752,0.4635047201258552,0.99038051473271527,False,False,P1
2018-09-28,DBC,6,2019-03-29,2019-03-29,15,0.15742857149205491,0.13276577828010502,0.066841831041477701,494.17133613238281,0.097360933414549641,0.75,0.073020700060912228,0.46294409924516244,0.059381727012876438,146,1,False,-0.13578770845113475,0.28182910857295917,0.82140584025908958,False,False,P1
2018-09-28,GLD,6,2019-03-29,2019-03-29,15,-0.028480833028893038,0.12366616808418583,0.051216398404888619,2222.9964825261909,0.085505142510275245,0.75,0.064128856882706434,0.47327609538536269,0.020243176955597929,161,1,False,-0.13691517365732825,0.26517288742274109,0.79228028149241925,False,False,P1
2018-09-28,VDE,6,2019-03-29,2019-03-29,15,0.19023625505064479,0.20366819503656419,0.09003745632562303,75.431200633546069,0.1511925570437769,0.75,0.11339441778283268,0.53819152644710788,0.018177195640038456,162,1,False,-0.1572175642765343,0.38400639984219964,0.81828023920343818,False,False,P1
2018-09-28,VMBS,6,2019-03-29,2019-03-29,15,0.011458843873307645,0.41006631516578979,0.19876308860195993,0.0001,0.30360689290295795,0.75,0.22770516967721846,0.4961770154007899,0.088674165143115852,100,1,False,-0.012892328066731656,0.46830266742116855,0.4129294019964268,False,False,P1
2018-09-28,VOO,6,2019-03-29,2019-03-29,15,0.0709689661010936,0.15137807159773595,0.083588530834412866,75.431200633546069,0.11532127132345173,0.75,0.086490953492588799,0.46810673345360065,0.03260235161031147,91,1,False,-0.088535334248906958,0.26151724123408454,0.70154492514894962,False,False,P1
2018-09-28,VWO,6,2019-03-29,2019-03-29,15,0.0078393146512552025,0.083697220818903947,0.076679737981420804,10000,0.080468311866141382,0.75,0.060351233899606033,0.53987647315420684,0.010040813809570982,157,1,False,-0.18208384568700445,0.30278631348621654,0.76371955380518475,False,False,P1
2018-09-28,VXUS,6,2019-03-29,2019-03-29,15,0.07910748093020803,0.1267458972807568,0.053779768111591547,159.98587196060572,0.10000834891982892,0.75,0.075006261689871692,0.63356219296025229,0.077972751042505298,86,1,False,-0.14659248115719409,0.2966050045369375,,False,True,P1
2018-10-31,BND,6,2019-04-30,2019-04-30,15,0.11144099352613779,0.48637587639406227,0.22383606941471346,0.0001,0.37218710360695184,0.75,0.27914032770521391,0.56506110787194852,0.058162854781857606,133,1,False,0.046049768859677681,0.51223088655075011,0.99565751157687543,False,False,P1
2018-10-31,DBC,6,2019-04-30,2019-04-30,15,0.23314237630964629,0.13418926922790925,0.077350622942744363,494.17133613238281,0.10376144056320276,0.75,0.077821080422402072,0.46466303029021505,0.05978095163361781,147,1,False,-0.1192505320322797,0.27489269287708384,0.82916985765197371,False,False,P1
2018-10-31,GLD,6,2019-04-30,2019-04-30,15,0.12358815502192022,0.12209890019214609,0.14122475034615195,2222.9964825261909,0.13221224774376425,0.75,0.09915918580782318,0.47122101918696058,0.021269363113218809,162,1,False,-0.10119992749944243,0.29951829911508876,0.81781668846379296,False,False,P1
2018-10-31,VDE,6,2019-04-30,2019-04-30,15,0.17086802671497792,0.2105250300139051,0.12361474260341011,75.431200633546069,0.16974338055533034,0.75,0.12730753541649775,0.53076153958673833,0.019295602111328518,163,1,False,-0.13833105062686674,0.39294612145986224,0.83873066979675259,False,False,P1
2018-10-31,VMBS,6,2019-04-30,2019-04-30,15,0.11882882456885246,0.48833812316644737,0.21731347586095984,0.0001,0.35420150150063284,0.75,0.26565112612547465,0.50507592944260393,0.088914849404447632,101,1,False,0.030631829004353406,0.50067042324659594,0.47238730029307119,False,False,P1
2018-10-31,VOO,6,2019-04-30,2019-04-30,15,0.045208399644704578,0.16678549552303279,0.097211445949009517,75.431200633546069,0.12964780790009922,0.75,0.097235855925074416,0.46621351135496375,0.033472344808324277,92,1,False,-0.077718614981924616,0.27219032683207345,0.69131922256672096,False,False,P1
2018-10-31,VWO,6,2019-04-30,2019-04-30,15,-0.0089685739999016967,0.083325002874396453,0.072607096279028199,10000,0.078365203787482476,0.75,0.058773902840611861,0.53724180717740511,0.011806204604729722,158,1,False,-0.17488246625309478,0.29243027193431853,0.76670649166943095,False,False,P1
2018-10-31,VXUS,6,2019-04-30,2019-04-30,15,0.054325468695009871,0.13762749049598197,0.033528404937975355,159.98587196060572,0.098838321328964626,0.75,0.074128740996723466,0.62738222954510925,0.079960907628375322,87,1,False,-0.1354683754140143,0.28372585740746126,,False,True,P1
2018-11-30,BND,6,2019-05-31,2019-05-31,15,0.1754069707101642,0.56057142962644135,0.23667391305323218,0.0001,0.42119180979638254,0.75,0.31589385734728692,0.56967987496577366,0.058188726892596611,134,1,False,0.088876563471388365,0.54291115122318545,0.99768965917188557,False,False,P1
2018-11-30,DBC,6,2019-05-31,2019-05-31,15,0.24118292695474253,0.11483300630446458,0.13414916071063973,494.17133613238281,0.12517529024681848,0.75,0.093881467685113851,0.4645785219521954,0.060827634360195337,148,1,False,-0.096723038443721959,0.28448597381394969,0.8482784278000115,False,False,P1
2018-11-30,GLD,6,2019-05-31,2019-05-31,15,0.17595054294298751,0.11517180970967973,0.18308663784667936,2222.9964825261909,0.15100569457095067,0.75,0.113254270928213,0.47237023424419433,0.021908465797271338,163,1,False,-0.085547590417563046,0.31205613227398904,0.83053013848610102,False,False,P1
2018-11-30,VDE,6,2019-05-31,2019-05-31,15,0.35242735296964456,0.1038743840915427,0.11952042435052219,75.431200633546069,0.11141126561271406,0.75,0.083558449209535535,0.51828824441086085,0.020267655976423854,164,1,False,-0.17858721734251337,0.34570411576158444,0.78210057435316205,False,False,P1
2018-11-30,VMBS,6,2019-05-31,2019-05-31,15,0.19414783420238724,0.57657594953205116,0.22691393730396589,0.0001,0.40528599699875356,0.75,0.3039644977490652,0.51012707545260949,0.088599581929640042,102,1,False,0.068965542411713626,0.5389634530864168,0.55724957893921501,False,False,P1
2018-11-30,VOO,6,2019-05-31,2019-05-31,15,0.23479142256051722,0.12121604774220382,0.1016764012899125,75.431200633546069,0.11076505730316681,0.75,0.083073792977375105,0.46513922528974527,0.033545203363675863,93,1,False,-0.084107762535278074,0.25025534849002828,0.75357962484081242,False,False,P1
2018-11-30,VWO,6,2019-05-31,2019-05-31,15,0.21042184023507104,0.081417570805013259,0.095600315915459325,10000,0.087983718495795268,0.75,0.065987788871846448,0.53703266612710754,0.012793799178912003,159,1,False,-0.16461663097639079,0.29659220872008368,0.76928353094888546,False,False,P1
2018-11-30,VXUS,6,2019-05-31,2019-05-31,15,0.22465414110855431,0.10244228029873234,0.037868337364523573,159.98587196060572,0.078421194233664199,0.75,0.058815895675248149,0.62800651511179906,0.080872267546320931,88,1,False,-0.15066302379371571,0.268294815144212,,False,True,P1
2018-12-31,BND,6,2019-06-28,2019-06-28,15,0.32902598290896945,0.54105027420979535,0.24682012587499988,0.0001,0.41483299627692255,0.75,0.3111247472076919,0.57102533969682112,0.057712086141406889,135,1,False,0.098055368740549514,0.52419412567483425,0.98609383779893189,False,False,P1
2018-12-31,DBC,6,2019-06-28,2019-06-28,15,0.3045280222337341,0.13089344546461487,0.18818575258789452,494.17133613238281,0.16158115301919562,0.75,0.12118586476439672,0.46436600138046463,0.061632102530339107,149,1,False,-0.055494253583907749,0.29786598311270118,0.87649766853443856,False,False,P1
2018-12-31,GLD,6,2019-06-28,2019-06-28,15,0.29282848464277755,0.11911119904730724,0.24950266092256887,2222.9964825261909,0.18794852510588134,0.75,0.140961393829411,0.47207182841138046,0.021702568102320803,164,1,False,-0.05405851102714862,0.3359812986859706,0.82011364327003888,False,False,P1
2018-12-31,VDE,6,2019-06-28,2019-06-28,15,0.26713656008256104,0.14179606980000098,0.17454525547347752,75.431200633546069,0.15794382977344634,0.75,0.11845787233008476,0.50692636652265166,0.021770631680667722,165,1,False,-0.14210073842501825,0.37901648308518776,0.83313571340475623,False,False,P1
2018-12-31,VMBS,6,2019-06-28,2019-06-28,15,0.35198882255299524,0.5558923599984239,0.2574895923587755,0.0001,0.41040245657359725,0.75,0.30780184243019793,0.51243782162060769,0.087662593089134877,103,1,False,0.077540932387830608,0.53806275247256519,0.11713155329811996,False,False,P1
2018-12-31,VOO,6,2019-06-28,2019-06-28,15,0.19869752766704729,0.14390986764784366,0.11591170426988676,75.431200633546069,0.12877029541512139,0.75,0.096577721561341034,0.45926552294348999,0.034109618816313886,94,1,False,-0.07054283910914963,0.26369828223183167,0.75385614652584954,False,False,P1
2018-12-31,VWO,6,2019-06-28,2019-06-28,15,0.26906380010332853,0.08185340038893911,0.09789232207511403,10000,0.089259123865174886,0.75,0.066944342898881168,0.53826550056545996,0.013260226822419879,160,1,False,-0.16049897767430743,0.29438766347206979,0.77260855294728448,False,False,P1
2018-12-31,VXUS,6,2019-06-28,2019-06-28,15,0.25673917584643879,0.12302802028129267,0.12005529056603426,159.98587196060572,0.12192014153380112,0.75,0.091440106150350836,0.62731938197911918,0.08135784837521888,89,1,False,-0.11793136155336403,0.30081157385406571,,False,True,P1
2019-01-31,BND,6,2019-07-31,2019-07-31,15,0.24426609976040581,0.44747787476282103,0.22521018015621974,0.0001,0.35245296296215867,0.75,0.264339722221619,0.5724753794344698,0.057805696382117959,136,1,False,0.054905070812942602,0.4737743736302954,0.9797604953419139,False,False,P1
2019-01-31,DBC,6,2019-07-31,2019-07-31,15,0.30559543076867934,0.10546281063287176,0.14058209361316401,494.17133613238281,0.124316246018684,0.75,0.093237184514013,0.46316001393330963,0.062406016526555967,150,1,False,-0.070120851360917086,0.25659522038894311,0.85333596055223881,False,False,P1
2019-01-31,GLD,6,2019-07-31,2019-07-31,15,0.21463785115357892,0.11391689193178806,0.19484336233556018,2222.9964825261909,0.15673515330427668,0.75,0.11755136497820751,0.47089918590477947,0.021752880508229943,165,1,False,-0.0753370111828012,0.31043974113921624,0.8137647450634361,False,False,P1
2019-01-31,VDE,6,2019-07-31,2019-07-31,15,0.3155952956637087,0.055548461810913746,0.12102172211763544,75.431200633546069,0.088536308530122843,0.75,0.066402231397592132,0.49616306619417805,0.023277936385425302,166,1,False,-0.18367483972054974,0.31647930251573397,0.75792101038638249,False,False,P1
2019-01-31,VMBS,6,2019-07-31,2019-07-31,15,0.26107390994624913,0.46610689740950328,0.22031630591890267,0.0001,0.34720225713198533,0.75,0.26040169284898901,0.51623599765792894,0.087491836693533456,104,1,False,0.030160916344623423,0.49064246935335459,0.39039812925028922,False,False,P1
2019-01-31,VOO,6,2019-07-31,2019-07-31,15,0.15487844146846164,0.093481961528169219,0.11112587438362606,75.431200633546069,0.10302152354382646,0.75,0.077266142657869852,0.45932843276842222,0.035187838644050104,95,1,False,-0.085719877497036218,0.24025216281277592,0.81867906031832582,False,False,P1
2019-01-31,VWO,6,2019-07-31,2019-07-31,15,0.25370654984833929,0.081026033212165643,0.072556195756238423,10000,0.077117550369348337,0.75,0.057838162777011252,0.53854098580343623,0.014023893312420961,161,1,False,-0.16702994320225081,0.2827062687562733,0.77554452921555528,False,False,P1
2019-01-31,VXUS,6,2019-07-31,2019-07-31,15,0.2400954780715574,0.085019889182288519,0.088363232868959904,159.98587196060572,0.086271251355408848,0.75,0.064703438516556633,0.62571536449901555,0.082325423874377052,90,1,False,-0.12854205752308345,0.25794893455619672,,False,True,P1
2019-02-28,BND,6,2019-08-30,2019-08-30,15,-0.027470843334324702,0.43137050447281,0.21895029386342907,0.0001,0.34075820199881651,0.75,0.2555686514991124,0.57342899616731724,0.058024479358200001,137,1,False,0.046778971732007624,0.46435833126621717,0.97960122623496015,False,False,P1
2019-02-28,DBC,6,2019-08-30,2019-08-30,15,0.12992305366019374,0.12616326276845904,0.11897589156504307,494.17133613238281,0.12231575189264608,0.75,0.091736813919484558,0.46468454641881773,0.06314149711362177,151,1,False,-0.063677019148721634,0.24715064698769074,0.8544131323944083,False,False,P1
2019-02-28,GLD,6,2019-08-30,2019-08-30,15,-0.093804782044841994,0.11985676770880804,0.14101493737399681,2222.9964825261909,0.13107188724248442,0.75,0.098303915431863315,0.46993904902235195,0.021654670503631679,166,1,False,-0.086816325605431843,0.28342415646915847,0.80758573415885149,False,False,P1
2019-02-28,VDE,6,2019-08-30,2019-08-30,15,0.18543193563656513,0.16557806041865455,0.11469175648527177,75.431200633546069,0.13939098552072043,0.75,0.10454323914054033,0.4853806845115608,0.024559351865946693,167,1,False,-0.14119940963761729,0.35028588791869797,0.81862126696431203,False,False,P1
2019-02-28,VMBS,6,2019-08-30,2019-08-30,15,0.0081704235414779003,0.44429208772931239,0.20819997684229671,0.0001,0.33025323431078063,0.75,0.24768992573308546,0.51697304501163011,0.087493618012859875,105,1,False,0.030029218781154388,0.46535063268501653,0.49904597635091624,False,False,P1
2019-02-28,VOO,6,2019-08-30,2019-08-30,15,-0.0063472895216216685,0.14241879120735756,0.11503471498921677,75.431200633546069,0.12799256942593887,0.75,0.095994427069454158,0.47318939421217682,0.036274149707449486,96,1,False,-0.066965208602966508,0.25895406274187482,0.81054479792224132,False,False,P1
2019-02-28,VWO,6,2019-08-30,2019-08-30,15,0.077520657586741426,0.082610116171980386,0.041352458414615274,10000,0.063538606571537204,0.75,0.047653954928652903,0.53774618732352475,0.014540105150103681,162,1,False,-0.17561032248653158,0.27091823234383738,0.77770080931926922,False,False,P1
2019-02-28,VXUS,6,2019-08-30,2019-08-30,15,0.059112961532257979,0.12184155604724045,0.052718461699442574,159.98587196060572,0.096790563389547668,0.75,0.072592922542160751,0.63758866853316953,0.082970984526851574,91,1,False,-0.10549475496389564,0.25068060004821713,,False,True,P1
2019-03-29,BND,6,2019-09-30,2019-09-30,16,0.018281690369724268,0.26558725541126593,0.14898756924239551,0.56898660290182934,0.21378287975533822,0.75,0.16033715981650365,0.55570741776354493,0.057654017386966606,138,1,False,-0.066642950868516015,0.38731727050152331,0.94733932593562609,False,False,P1
2019-03-29,DBC,6,2019-09-30,2019-09-30,16,0.11697400554772952,0.15263485694667103,0.090455741491623776,232.99518105153672,0.11953843297405005,0.75,0.08965382473053754,0.46772443238520767,0.063761806813479871,152,1,False,-0.061031889868225914,0.24033953932930099,0.85454966168077395,False,False,P1
2019-03-29,GLD,6,2019-09-30,2019-09-30,16,-0.083814825556432826,0.3265821908985943,0.22266214920465019,0.39069399370546132,0.27128104585052348,0.75,0.20346078438789261,0.46784908717667045,0.021354457907628542,167,1,False,0.024298534322874071,0.38262303445291113,0.84357773520570589,False,False,P1
2019-03-29,VDE,6,2019-09-30,2019-09-30,16,0.17974445283655982,0.24334431918705007,0.17906033038776675,51.794746792312019,0.2104555395904166,0.75,0.15784165469281244,0.48838302957018559,0.025545523908712748,168,1,False,-0.087062800049107852,0.40274610943473277,0.8861800708872315,False,False,P1
2019-03-29,VMBS,6,2019-09-30,2019-09-30,16,0.040982179567136789,0.27297734943860674,0.14327681744862619,0.56898660290182934,0.20736001905754919,0.75,0.1555200142931619,0.49408588095747719,0.086776308822864107,106,1,False,-0.062884675360758979,0.37392470394708277,0.79210126960717353,False,False,P1
2019-03-29,VOO,6,2019-09-30,2019-09-30,16,0.016855806284562069,0.31026928171014401,0.081788584621745736,2.559547922699533,0.18749794260101968,0.75,0.14062345695076475,0.46266209498816174,0.036631828226971586,97,1,False,-0.014399401708871884,0.29564631561040139,0.79171503335372218,False,False,P1
2019-03-29,VWO,6,2019-09-30,2019-09-30,16,0.10949653098534307,0.18307896961940207,0.16077308923577088,109.85411419875572,0.17275648451585845,0.75,0.12956736338689384,0.53723032106284418,0.014498996005938965,163,1,False,-0.087993820490439634,0.34712854726422732,0.78546397483368502,False,False,P1
2019-03-29,VXUS,6,2019-09-30,2019-09-30,16,0.063524381821334019,0.41458782521712012,0.088005477681183733,7.9060432109076855,0.29431394635469743,0.75,0.22073545976602307,0.63171959608383921,0.082928989922540233,92,1,False,0.042798518045622402,0.39867240148642374,,False,True,P1
2019-04-30,BND,6,2019-10-31,2019-10-31,16,-0.13940685418586107,0.24218723773046752,0.1356156651431098,0.56898660290182934,0.19282821519375037,0.75,0.14462116139531278,0.53684625891902749,0.058040974049838337,139,1,False,-0.079186549036623033,0.36842887182724859,0.93924543884613731,False,False,P1
2019-04-30,DBC,6,2019-10-31,2019-10-31,16,-0.061908712629002327,0.15256537258994696,0.074858331385791801,232.99518105153672,0.11142110995816937,0.75,0.083565832468627033,0.47052079201315,0.064868869359206438,153,1,False,-0.092789366450208993,0.25992103138746303,0.85024999837703619,False,False,P1
2019-04-30,GLD,6,2019-10-31,2019-10-31,16,-0.25693219454380833,0.28576083768068095,0.15353642659502589,0.39069399370546132,0.21546819356099925,0.75,0.16160114517074944,0.46838376104283758,0.021962991819023128,168,1,False,-0.0082157841781549945,0.33141807451965388,0.83034835483157265,False,False,P1
2019-04-30,VDE,6,2019-10-31,2019-10-31,16,0.025221071744130241,0.23025439450040308,0.15449519672734963,51.794746792312019,0.1915167772780785,0.75,0.14363758295855888,0.48867440045539878,0.026405420375022009,169,1,False,-0.099592068268752915,0.38686723418587066,0.87591461091704548,False,False,P1
2019-04-30,VMBS,6,2019-10-31,2019-10-31,16,-0.12106827579743529,0.24454173020924294,0.12887546074083125,0.56898660290182934,0.1829662925163964,0.75,0.1372247193872973,0.46764568464220507,0.087075865044789244,107,1,False,-0.078234594158042514,0.35268403293263711,0.83621681778908785,False,False,P1
2019-04-30,VOO,6,2019-10-31,2019-10-31,16,-0.12622519844516877,0.28977361877503616,0.082796922582924315,2.559547922699533,0.17651418598602625,0.75,0.1323856394895197,0.45279137761535898,0.036719344261846414,98,1,False,-0.017479599189529682,0.28225087816856909,0.8294964910115924,False,False,P1
2019-04-30,VWO,6,2019-10-31,2019-10-31,16,-0.071652543067576069,0.19844305241668647,0.14970462664343587,109.85411419875572,0.17585399801898663,0.75,0.13189049851423998,0.53652474327356037,0.014355901066878963,164,1,False,-0.082244101233823086,0.34602509826230304,0.77533882249971831,False,False,P1
2019-04-30,VXUS,6,2019-10-31,2019-10-31,16,-0.1062953475278321,0.39121235254913905,0.070302663686895112,7.9060432109076855,0.26865399022702124,0.75,0.20149049267026592,0.61809080069649092,0.082621425178158181,93,1,False,0.035809937916539969,0.36717104742399187,,False,True,P1
2019-05-31,BND,6,2019-11-29,2019-11-29,16,-0.11516627744109653,0.26742375681206615,0.15415515308196781,0.56898660290182934,0.21251416224467629,0.75,0.15938562168350723,0.51522670220045275,0.058879302597412093,140,1,False,-0.053447678236436758,0.37221892160345121,0.94859808755900721,False,False,P1
2019-05-31,DBC,6,2019-11-29,2019-11-29,16,-0.088126651253856214,0.15686070456899959,0.13624728994373406,232.99518105153672,0.14593542603258999,0.75,0.10945156952444249,0.46999181188454542,0.066013765837099531,154,1,False,-0.04733413981307541,0.26623727886196036,0.87911615686509437,False,False,P1
2019-05-31,GLD,6,2019-11-29,2019-11-29,16,-0.19404375263779727,0.23733610486157505,0.18635515423431445,0.39069399370546132,0.2101502608063508,0.75,0.1576126956047631,0.46674505436374919,0.022874160760585044,169,1,False,-0.0054511842644436315,0.32067657547396983,0.83347986457163814,False,False,P1
2019-05-31,VDE,6,2019-11-29,2019-11-29,16,-0.067095441658188815,0.22875041262809309,0.10886842521028242,51.794746792312019,0.16741097813656952,0.75,0.12555823360242713,0.48833485486235384,0.028323196449108027,170,1,False,-0.13500240016722248,0.38611886737207674,0.85932293823479833,False,False,P1
2019-05-31,VMBS,6,2019-11-29,2019-11-29,16,-0.10259146354117032,0.27080261548971507,0.15081357941551091,0.56898660290182934,0.20312897884512907,0.75,0.15234673413384681,0.43600149764737706,0.08806727216661886,108,1,False,-0.061133448670047663,0.36582691693774128,0.85639688550559967,False,False,P1
2019-05-31,VOO,6,2019-11-29,2019-11-29,16,-0.22898277272603507,0.32915323749448705,0.069838113185466066,2.559547922699533,0.18847205889333957,0.75,0.14135404417000469,0.45748949670401656,0.038720072325469354,99,1,False,-0.013517633946375951,0.29622572228638533,0.84460234294356973,False,False,P1
2019-05-31,VWO,6,2019-11-29,2019-11-29,16,-0.13128150602383803,0.20998395093471212,0.1540970677223969,109.85411419875572,0.18402932126736085,0.75,0.13802199095052065,0.5355863813562628,0.015544179486080128,165,1,False,-0.072780455471142314,0.3488244373721836,0.77902976128991563,False,False,P1
2019-05-31,VXUS,6,2019-11-29,2019-11-29,16,-0.16443671462238652,0.42103176191195074,0.077435886917648244,7.9060432109076855,0.29141065492426582,0.75,0.21855799119319935,0.62275127141781228,0.084132411517843245,94,1,False,0.040889024202853425,0.39622695818354525,,False,True,P1
2019-06-28,BND,6,2019-12-31,2019-12-31,16,-0.12186736057929959,0.2001791646459746,0.13783922880816613,0.56898660290182934,0.16943549267441052,0.75,0.1270766195058079,0.50683824809267164,0.060795236500330939,141,1,False,-0.085736675601719908,0.33988991461333573,0.92884147579716358,False,False,P1
2019-06-28,DBC,6,2019-12-31,2019-12-31,16,-0.13338767270661978,0.12434068650252796,0.047806647149430427,232.99518105153672,0.083620756356232118,0.75,0.062715567267174088,0.4679500717526443,0.067552567491271365,155,1,False,-0.12783179181359994,0.25326292634794811,0.82959160344006799,False,False,P1
2019-06-28,GLD,6,2019-12-31,2019-12-31,16,-0.1635741076401348,0.094192508371971989,0.15848932771623767,0.39069399370546132,0.12872924640919955,0.75,0.096546934806899659,0.46285464211990296,0.024462127371656765,170,1,False,-0.063671469665823238,0.25676533927962253,0.80609509098974341,False,False,P1
2019-06-28,VDE,6,2019-12-31,2019-12-31,16,-0.067294858914601741,0.14003500740439917,0.12641889395639369,51.794746792312019,0.13305451456131226,0.75,0.099790885920984201,0.48733587820470065,0.029719765827081433,171,1,False,-0.15029197305994837,0.34987374490191681,0.82887271434345511,False,False,P1
2019-06-28,VMBS,6,2019-12-31,2019-12-31,16,-0.11691297847045179,0.21063442426320544,0.13738609376808442,0.56898660290182934,0.16872164871148815,0.75,0.1265412365336161,0.42779889632420975,0.090488570794016801,109,1,False,-0.086927324216756058,0.34000979728398828,0.8617879171206797,False,False,P1
2019-06-28,VOO,6,2019-12-31,2019-12-31,16,-0.20783475991880762,0.25370681682093404,0.049204006307781198,2.559547922699533,0.14378410533126701,0.75,0.10783807899845026,0.46248801562266439,0.040319846878885131,100,1,False,-0.0469646785761519,0.26264083657305243,0.87126711498015397,False,False,P1
2019-06-28,VWO,6,2019-12-31,2019-12-31,16,-0.17032587729844029,0.16075699701242674,0.13505466430412411,109.85411419875572,0.14879083240347279,0.75,0.1115931243026046,0.53443274022017018,0.017071406116304515,166,1,False,-0.098152730277045408,0.3213389788822546,0.78069865501584035,False,False,P1
2019-06-28,VXUS,6,2019-12-31,2019-12-31,16,-0.17279245494659567,0.31323525973644761,0.071197282912575613,7.9060432109076855,0.22072609623677716,0.75,0.16554457217758287,0.61779070907129496,0.085949324826565296,95,1,False,-0.012004763236845822,0.34309390759201153,,False,True,P1
2019-07-31,BND,6,2020-01-31,2020-01-31,16,-0.02555045740022277,0.26572707797873074,0.16587233953518746,0.56898660290182934,0.21533994731677872,0.75,0.16150496048758403,0.49539569731645411,0.062087284833148369,142,1,False,-0.047938085113807039,0.3709480060889751,0.95133675526365946,False,False,P1
2019-07-31,DBC,6,2020-01-31,2020-01-31,16,0.064725733050436163,0.14284295846241288,0.070208157802614315,232.99518105153672,0.10412727812197355,0.75,0.078095458591480163,0.46698166734465285,0.069078483281511158,156,1,False,-0.13725035982413752,0.29344127700709788,0.85054274314231237,False,False,P1
2019-07-31,GLD,6,2020-01-31,2020-01-31,16,-0.09721322002355981,0.16748455377955182,0.16600239852557797,0.39069399370546132,0.16668485823555318,0.75,0.1250136436766649,0.46045089280994245,0.025574266107223562,171,1,False,-0.029964209287023841,0.27999149664035361,0.82598828286959891,False,False,P1
2019-07-31,VDE,6,2020-01-31,2020-01-31,16,0.13582369416035645,0.18412545188986507,0.15852393630959746,51.794746792312019,0.17095066893030156,0.75,0.12821300169772618,0.48539050673554657,0.031381832861015313,172,1,False,-0.11983746710207846,0.37626347049753084,0.87009817248570087,False,False,P1
2019-07-31,VMBS,6,2020-01-31,2020-01-31,16,-0.0050420499902714688,0.2675713064082984,0.15381722733877898,0.56898660290182934,0.20100737620522152,0.75,0.15075553215391613,0.41484357530249844,0.092039346604491645,110,1,False,-0.059191854534321159,0.36070291884215344,0.87665327197668008,False,False,P1
2019-07-31,VOO,6,2020-01-31,2020-01-31,16,-0.056028107645134329,0.32188656254074155,0.077770841894532067,2.559547922699533,0.19018530695233743,0.75,0.14263898021425309,0.46049662332367652,0.041454090389673015,101,1,False,-0.0092871279693156894,0.29456508839782186,0.87740211712064975,False,False,P1
2019-07-31,VWO,6,2020-01-31,2020-01-31,16,0.0097061030200265019,0.19763702934062277,0.13265931730047004,109.85411419875572,0.16737596832005447,0.75,0.12553197624004087,0.53428552544496155,0.018488383024879571,167,1,False,-0.078029238652389615,0.32909319113247137,0.78435514558377362,False,False,P1
2019-07-31,VXUS,6,2020-01-31,2020-01-31,16,-0.01905190087196873,0.39758299222818855,0.071400917779755713,7.9060432109076855,0.27090280281126466,0.75,0.2031771021084485,0.61162737213215213,0.087555013922867311,96,1,False,0.028598877973704445,0.37775532624319252,,False,True,P1
2019-08-30,BND,6,2020-02-28,2020-02-28,16,-0.035913455195797472,0.36147005667871818,0.1926926114780288,0.56898660290182934,0.27421994498368063,0.75,0.20566495873776047,0.48304637748669282,0.061461004216592618,143,1,False,-0.021365310522455244,0.43269522799797622,0.91443822444294243,False,False,P1
2019-08-30,DBC,6,2020-02-28,2020-02-28,16,0.064790841295215174,0.1651282709551373,0.19107765825150888,232.99518105153672,0.17895153653301474,0.75,0.13421365239976105,0.4672989608579205,0.069466028315770298,157,1,False,-0.078606047338693225,0.34703335213821529,0.90759688684612461,False,False,P1
2019-08-30,GLD,6,2020-02-28,2020-02-28,16,-0.035223662202799377,0.36626513269835198,0.21646060459927,0.39069399370546132,0.28561899669439433,0.75,0.21421424752079576,0.46165755449916968,0.024880201873781323,172,1,False,0.037001503812891884,0.39142699122869962,0.85061560442592465,False,False,P1
2019-08-30,VDE,6,2020-02-28,2020-02-28,16,0.17545201631062968,0.22578528396064368,0.22384446236484723,51.794746792312019,0.2247898100975553,0.75,0.16859235757316648,0.48708636319565535,0.032272295882839301,173,1,False,-0.077171355487856447,0.41435607063418944,0.91409628127522369,False,False,P1
2019-08-30,VMBS,6,2020-02-28,2020-02-28,16,-0.026682653962748826,0.35782084897432448,0.17817205417585719,0.56898660290182934,0.249989826332562,0.75,0.18749236974942152,0.39976762570141966,0.09128377072104106,111,1,False,-0.027972988436921142,0.40295772793576418,0.89691334451759763,False,False,P1
2019-08-30,VOO,6,2020-02-28,2020-02-28,16,-0.024394308598687187,0.38646673284897881,0.092105497869538672,2.559547922699533,0.22697066274827105,0.75,0.17022799706120328,0.45816211121736911,0.040985449410150518,102,1,False,0.020600832162352728,0.31985516196005381,0.71137375908569678,False,False,P1
2019-08-30,VWO,6,2020-02-28,2020-02-28,16,-0.031218244157671493,0.19735839050104975,0.15236185882260447,109.85411419875572,0.17645546894687483,0.75,0.13234160171015613,0.53545482786203147,0.018839765611557324,168,1,False,-0.066304557313026535,0.3309877607333388,0.78701874321165433,False,False,P1
2019-08-30,VXUS,6,2020-02-28,2020-02-28,16,-0.013408877347270587,0.46381840721782747,0.11373024023919144,7.9060432109076855,0.32441216327929334,0.75,0.24330912245947001,0.60179675553832324,0.087261796887912579,97,1,False,0.068739529700395346,0.41787871521854469,,False,True,P1
2019-09-30,BND,6,2020-03-31,2020-03-31,17,-0.047936727733948081,0.10762761827366858,0.056252511365164154,10000,0.080742426404700085,0.75,0.060556819803525064,0.47668835187342373,0.061161147870433807,144,1,False,-0.16646473995214897,0.28757837955919907,0.82488314895273107,False,False,P1
2019-09-30,DBC,6,2020-03-31,2020-03-31,17,0.22160980517894757,0.15734853324903211,0.20776593002534272,1526.4179671752302,0.18422071111597355,0.75,0.13816553333698017,0.46700584351535246,0.069766711715972568,158,1,False,-0.058419965167381405,0.33475103184134175,0.91274612593743454,False,False,P1
2019-09-30,GLD,6,2020-03-31,2020-03-31,17,-0.094062174908311813,0.11941594495827969,0.012752630747360853,10000,0.061747497096291223,0.75,0.046310622822218414,0.45934130878444901,0.024251906917537314,173,1,False,-0.14656851482826211,0.23918976047269891,0.75202477130607859,False,False,P1
2019-09-30,VDE,6,2020-03-31,2020-03-31,17,0.50015536695415796,0.12842511840768528,0.15447483334954129,10000,0.14183879461726712,0.75,0.10637909596295034,0.48507397338045005,0.033119837014757236,174,1,False,-0.13852859765136799,0.35128678957726867,0.84865915242397005,False,False,P1
2019-09-30,VMBS,6,2020-03-31,2020-03-31,17,-0.048120632180372103,0.10806192074797834,0.06709035540323971,10000,0.083154524088090556,0.75,0.062365893066067921,0.39208091147324742,0.090834649371452594,112,1,False,-0.15309519169965874,0.27782697783179461,0.84542314402903496,False,False,P1
2019-09-30,VOO,6,2020-03-31,2020-03-31,17,0.11896782937892614,0.16523161960767535,0.095858188960971452,51.794746792312019,0.12568030542234296,0.75,0.094260229066757212,0.4298780697936902,0.040751181030290441,103,1,False,-0.055345205429969735,0.24386566356348416,0.83701351463429052,False,False,P1
2019-09-30,VWO,6,2020-03-31,2020-03-31,17,0.15358242989952386,0.11744988369390671,0.17123697434438498,1048.1131341546852,0.14249283074168612,0.75,0.10686962305626459,0.53440599324260507,0.019376196175899248,169,1,False,-0.089415286520866485,0.30315453263339565,0.79022340550891423,False,False,P1
2019-09-30,VXUS,6,2020-03-31,2020-03-31,17,0.16923606210687092,0.34280385629511101,0.071636295149283866,24.420530945486497,0.2202536568942158,0.75,0.16519024267066185,0.54806467675169024,0.087019578366825043,98,1,False,-0.0028366575836394625,0.33321714292496318,,False,True,P1
2019-10-31,BND,6,2020-04-30,2020-04-30,17,0.17922638361895982,0.10721227687120399,0.096808779988442811,10000,0.10171526881383625,0.75,0.076286451610377184,0.47161919503465954,0.059777920270045568,145,1,False,-0.17023664552179535,0.32280954874254975,0.81741622294941818,False,False,P1
2019-10-31,DBC,6,2020-04-30,2020-04-30,17,0.53899332478398365,0.15886429105260519,0.19675650010142443,1526.4179671752302,0.17916241507291841,0.75,0.13437181130468881,0.46431932764432599,0.068938564393048199,159,1,False,-0.056167200711762039,0.32491082332113963,0.8976431647840174,False,False,P1
2019-10-31,GLD,6,2020-04-30,2020-04-30,17,0.088769029633306795,0.11933206213506309,0.12833137358096747,10000,0.12422237028116564,0.75,0.093166777710874227,0.45659085414494194,0.022635906334426133,174,1,False,-0.10785471006193889,0.29418826548368737,0.75222241408500479,False,False,P1
2019-10-31,VDE,6,2020-04-30,2020-04-30,17,0.63609646198944092,0.1282469316112225,0.1685408972336189,10000,0.14908676152710992,0.75,0.11181507114533244,0.48280518946231243,0.033074701213210801,175,1,False,-0.1314289748261655,0.35505911711683041,0.85909714463686482,False,False,P1
2019-10-31,VMBS,6,2020-04-30,2020-04-30,17,0.20199681286740567,0.10763695776239637,0.10208212085603632,10000,0.10423961151135311,0.75,0.078179708633514838,0.38839855997329936,0.088959402246064204,113,1,False,-0.15213885654040296,0.30849827380743267,0.83508763794905516,False,False,P1
2019-10-31,VOO,6,2020-04-30,2020-04-30,17,0.2876563822510575,0.1501650129577651,0.099205117112566604,51.794746792312019,0.12010636426916048,0.75,0.090079773201870356,0.41015090023115125,0.039145638919949481,104,1,False,-0.064737947385091643,0.24489749378883235,0.78256667121457568,False,False,P1
2019-10-31,VWO,6,2020-04-30,2020-04-30,17,0.38633298499327573,0.11133144142758042,0.13476424950944449,1048.1131341546852,0.12230085209133712,0.75,0.09172563906850284,0.53187809905520755,0.018840733003878812,170,1,False,-0.11801649884810153,0.30146777698510718,0.77293380756684504,False,False,P1
2019-10-31,VXUS,6,2020-04-30,2020-04-30,17,0.39843882330248848,0.31643847175842804,0.095620323176658417,24.420530945486497,0.20605228129884945,0.75,0.15453921097413709,0.50010363202233687,0.085066902347687101,99,1,False,-0.023915508366071925,0.3329939303143461,0.91451702984486982,False,False,P1
2019-11-29,BND,6,2020-05-29,2020-05-29,17,0.042071263941570791,0.1076852004808936,0.083221984245106975,10000,0.094635164798776095,0.5,0.047317582399388047,0.46654456403704897,0.058579672340517197,146,1,False,-0.22746065261078463,0.32209581740956073,0.79625395853819103,False,False,P1
2019-11-29,DBC,6,2020-05-29,2020-05-29,17,0.31689500155472816,0.15630052220907206,0.21773486277564494,1526.4179671752302,0.18921912747476174,0.5,0.094609563737380872,0.46416605172122427,0.06795690679525504,160,1,False,-0.11819525040482219,0.30741437787958392,0.88616811648468818,False,False,P1
2019-11-29,GLD,6,2020-05-29,2020-05-29,17,-0.083256126440417688,0.11941459914676121,0.12991659990994675,10000,0.12512621432155976,0.5,0.062563107160779882,0.45614028187653172,0.021397736854584855,175,1,False,-0.14352263714122898,0.26864885146278872,0.73596677553880407,False,False,P1
2019-11-29,VDE,6,2020-05-29,2020-05-29,17,0.41500990540671978,0.12839381576627279,0.18043867881324857,10000,0.1554947975781793,0.5,0.07774739878908965,0.47927652749426747,0.032505552674168763,176,1,False,-0.14860696361801146,0.30410176119619076,0.84393638063167331,False,False,P1
2019-11-29,VMBS,6,2020-05-29,2020-05-29,17,0.062061661190504713,0.10811429253278844,0.10718515083848647,10000,0.10754272918230391,0.5,0.053771364591151956,0.38484802265393647,0.087279131493544604,114,1,False,-0.18695639220050655,0.29449912138281048,0.81948089101394794,False,False,P1
2019-11-29,VOO,6,2020-05-29,2020-05-29,17,0.12040981033073361,0.15726061446857992,0.1127520872677145,51.794746792312019,0.13013152869939798,0.5,0.06506576434969899,0.39047442197425863,0.036592034999511532,105,1,False,-0.10198441765675798,0.23211594635615596,0.71734784824944164,False,False,P1
2019-11-29,VWO,6,2020-05-29,2020-05-29,17,0.19740784369020947,0.11630350554389818,0.17021649819884827,1048.1131341546852,0.1416952044770613,0.5,0.070847602238530649,0.52902449515883554,0.01796282517330737,171,1,False,-0.15240789016268119,0.29410309463974249,0.7541535321005246,False,False,P1
2019-11-29,VXUS,6,2020-05-29,2020-05-29,17,0.20746876169157713,0.32172887931956451,0.095620323176658417,24.420530945486497,0.1992129054516458,0.5,0.0996064527258229,0.45815418948372016,0.082571866177986356,100,1,False,-0.10976501497789197,0.30897792042953776,0.90724091278147301,False,False,P1
2019-12-31,BND,6,2020-06-30,2020-06-30,17,0.054220729163718451,0.10764911342804893,0.069480837930316966,10000,0.087203150530061196,0.5,0.043601575265030598,0.46432049571632655,0.057352141504327971,147,1,False,-0.23117368164138458,0.3183768321714458,0.78059862918084377,False,False,P1
2019-12-31,DBC,6,2020-06-30,2020-06-30,17,0.36578051133903511,0.1588526135352292,0.10945644035157091,1526.4179671752302,0.13226686982186955,0.5,0.066133434910934777,0.46178535704553358,0.066706319344932846,161,1,False,-0.14184056630260344,0.27410743612447297,0.84142762292809703,False,False,P1
2019-12-31,GLD,6,2020-06-30,2020-06-30,17,-0.054939039574981585,0.11972838827054311,0.11100099018724964,10000,0.11500406377097454,0.5,0.057502031885487269,0.45867892647040237,0.020346760465410299,176,1,False,-0.16591182881766309,0.28091589258863764,0.7238286610964827,False,False,P1
2019-12-31,VDE,6,2020-06-30,2020-06-30,17,0.5029492426277139,0.12857220496877994,0.12164588760752684,10000,0.12496436438934826,0.5,0.062482182194674128,0.47911128074862253,0.031941708540898867,177,1,False,-0.15623748454270445,0.28120184893205269,0.79632588205200505,False,False,P1
2019-12-31,VMBS,6,2020-06-30,2020-06-30,17,0.081912343227559248,0.10804963159042558,0.077400920302985274,10000,0.08918471430923422,0.5,0.04459235715461711,0.3844792655630479,0.085503547928640289,115,1,False,-0.20978370979557409,0.29896842410480834,0.8020934630550044,False,False,P1
2019-12-31,VOO,6,2020-06-30,2020-06-30,17,0.17706274622498952,0.14388302804354933,0.097754933241476286,51.794746792312019,0.11519565066456339,0.5,0.057597825332281694,0.37809316638638407,0.034286121839904746,106,1,False,-0.12749635566197048,0.24269200632653387,0.72270317456772537,False,False,P1
2019-12-31,VWO,6,2020-06-30,2020-06-30,17,0.22313791767695967,0.11506773699294549,0.15130943074731218,1048.1131341546852,0.13219552533029794,0.5,0.066097762665148968,0.5274009969446104,0.016868123414750701,172,1,False,-0.17633834527436854,0.30853387060466647,0.7428504925392968,False,False,P1
2019-12-31,VXUS,6,2020-06-30,2020-06-30,17,0.23398806248320736,0.29271664403309117,0.09121926667967839,24.420530945486497,0.17879568370661347,0.5,0.089397841853306736,0.43462807395915626,0.080043506562891498,101,1,False,-0.14484638782124337,0.32364207152785684,0.86435478948161137,False,False,P1
2020-01-31,BND,6,2020-07-31,2020-07-31,17,0.063700481399795006,0.10922981852343894,0.057712335819740043,10000,0.081417658950991983,0.5,0.040708829475495992,0.46014133236269195,0.056791988809026944,148,1,False,-0.21836218859446571,0.29977984754545767,0.76705613577308907,False,False,P1
2020-01-31,DBC,6,2020-07-31,2020-07-31,17,0.23496562621931594,0.1609968731102028,0.10306754427110325,1526.4179671752302,0.12966153138048869,0.5,0.064830765690244346,0.45907638915083981,0.066694093503608776,162,1,False,-0.13546914595898626,0.26513067733947493,0.84182031090033405,False,False,P1
2020-01-31,GLD,6,2020-07-31,2020-07-31,17,-0.11926369455935748,0.12116501782428227,0.085115385478584576,10000,0.10167105711659279,0.5,0.050835528558296393,0.45924661531212674,0.019682579784681652,177,1,False,-0.17157071649357039,0.27324177361016316,0.7117863134318172,False,False,P1
2020-01-31,VDE,6,2020-07-31,2020-07-31,17,0.43570062452964176,0.13025175489211521,0.10889062645103796,10000,0.11910896244565934,0.5,0.059554481222829671,0.47836124495050586,0.032525315201682337,178,1,False,-0.15181522415189902,0.27092418659755835,0.79333931419983594,False,False,P1
2020-01-31,VMBS,6,2020-07-31,2020-07-31,17,0.094455960222751711,0.10954269118564781,0.068727356899419861,10000,0.084247294601622405,0.5,0.042123647300811203,0.38024771752119013,0.084722982429339316,116,1,False,-0.20715106668519107,0.29139836128681346,0.79040372763775768,False,False,P1
2020-01-31,VOO,6,2020-07-31,2020-07-31,17,0.09792008554529863,0.21885261165586037,0.09289559685065292,51.794746792312019,0.13839855567722997,0.5,0.069199277838614986,0.36125783781830173,0.033442063620418405,107,1,False,-0.13380602276781825,0.2722045784450482,0.61875797237431696,False,False,P1
2020-01-31,VWO,6,2020-07-31,2020-07-31,17,0.092387413861986456,0.13557047319006849,0.15246735038089651,1048.1131341546852,0.14360104744012561,0.5,0.071800523720062806,0.52473027060785526,0.016826724452931482,173,1,False,-0.16184669100077431,0.3054477384408999,0.74498185276307904,False,False,P1
2020-01-31,VXUS,6,2020-07-31,2020-07-31,17,0.16307784015064619,0.38101663755839144,0.068267690875606621,24.420530945486497,0.1946610222608624,0.5,0.097330511130431202,0.40413671325152084,0.079071982960588941,102,1,False,-0.1368683173322586,0.33152933959312103,0.76625837925030116,False,False,P1
2020-02-28,BND,6,2020-08-31,2020-08-31,17,0.25520425967367455,0.10747323696174385,0.10426060565298548,10000,0.10571625300431126,0.5,0.052858126502155628,0.45310127787068027,0.056169804621075112,149,1,False,-0.20012710723049845,0.30584336023480974,0.75676043103502899,False,False,P1
2020-02-28,DBC,6,2020-08-31,2020-08-31,17,0.28819412030490699,0.15755558957051669,0.21832144825549951,1526.4179671752302,0.19034248332373838,0.5,0.095171241661869188,0.46043889672994309,0.066682417109692263,163,1,False,-0.10142365858009295,0.29176614190383132,0.88449215879597576,False,False,P1
2020-02-28,GLD,6,2020-08-31,2020-08-31,17,0.041097903400893809,0.11940140419374522,0.14778455606190069,10000,0.1348453147962673,0.5,0.067422657398133648,0.45587753346557058,0.019374117751044119,178,1,False,-0.17282336558024591,0.30766868037651324,0.6931880039640782,False,False,P1
2020-02-28,VDE,6,2020-08-31,2020-08-31,17,0.46226735035290656,0.12824260663245068,0.17085499766586296,10000,0.15047062167436798,0.5,0.075235310837183988,0.47836733628750439,0.033323788392235112,179,1,False,-0.13357771898776621,0.28404834066213419,0.82975512235389026,False,False,P1
2020-02-28,VMBS,6,2020-08-31,2020-08-31,17,0.26345340782656379,0.1079107026241987,0.10391338271710299,10000,0.10540571422111927,0.5,0.052702857110559637,0.37333301779705469,0.083770797502911221,117,1,False,-0.19656204653718384,0.30196776075830312,0.77930453968392444,False,False,P1
2020-02-28,VOO,6,2020-08-31,2020-08-31,17,0.087007197418536464,0.15623494574044194,0.095858188960971452,51.794746792312019,0.11651402849363432,0.5,0.05825701424681716,0.34211575173057873,0.03290654165542669,108,1,False,-0.14464499557992444,0.26115902407355879,0.68351565928555813,False,False,P1
2020-02-28,VWO,6,2020-08-31,2020-08-31,17,0.16292194064488297,0.11403911503107782,0.1846603548680254,1048.1131341546852,0.14774284063599985,0.5,0.073871420317999925,0.52275369729081211,0.016550603943675146,174,1,False,-0.15672836700547968,0.3044712076414795,0.72781991696299864,False,False,P1
2020-02-28,VXUS,6,2020-08-31,2020-08-31,17,0.19863342036002907,0.32177222356109353,0.084089434920709999,24.420530945486497,0.17348168453075388,0.5,0.086740842265376941,0.37609895996842779,0.07817411053041555,103,1,False,-0.16226372557086893,0.33574541010162284,0.86523720079065547,False,False,P1
2020-03-31,BND,6,2020-09-30,2020-09-30,18,0.22550997037105169,0.1263361033377865,0.2726785162642959,10000,0.20664733269239802,0.5,0.10332366634619901,0.45121016014036597,0.055475761072041628,150,1,False,-0.14779511548001767,0.35444244817241566,0.74873038586176643,False,False,P1
2020-03-31,DBC,6,2020-09-30,2020-09-30,18,0.12845268262334852,0.18179531902223489,0.29581058073926353,10000,0.24352149075591412,0.5,0.12176074537795706,0.45861483099625994,0.0676270963052365,164,1,False,-0.068783315034785492,0.31230480579069964,0.91504234349826141,False,False,P1
2020-03-31,GLD,6,2020-09-30,2020-09-30,18,0.1133969655481859,0.13312486154103936,0.22602598484550396,10000,0.18390733418324354,0.5,0.091953667091621769,0.45337073615595669,0.018740395445684593,179,1,False,-0.14040344695698087,0.32431078114022438,0.67812916573559689,False,False,P1
2020-03-31,VDE,6,2020-09-30,2020-09-30,18,0.14654225698777124,0.16836710360277754,0.2615080800191581,10000,0.21698220232165208,0.5,0.10849110116082604,0.4780482169142834,0.035917297162023569,180,1,False,-0.13475053404040771,0.35173273636205982,0.88944039577669265,False,False,P1
2020-03-31,VMBS,6,2020-09-30,2020-09-30,18,0.25393119031417832,0.12862495854401421,0.25973179447370232,10000,0.21083479704191083,0.5,0.10541739852095541,0.37295536182426575,0.082653073522544418,118,1,False,-0.1385826943142873,0.34941749135619815,0.74487740244624379,False,False,P1
2020-03-31,VOO,6,2020-09-30,2020-09-30,18,-0.046721794812728312,0.1512571681199526,0.10808176488278137,51.794746792312019,0.12280867199316203,0.5,0.061404335996581016,0.34109483655503542,0.033696094753807415,109,1,False,-0.13378235787719273,0.25659102987035476,0.67270813073774305,False,False,P1
2020-03-31,VWO,6,2020-09-30,2020-09-30,18,-0.036214354809998683,0.1239998860439505,0.24807321496613849,10000,0.18330081171163368,0.5,0.091650405855816838,0.5220493704583884,0.01733364294913714,175,1,False,-0.13578011860001588,0.31908093031164958,0.71971801411293101,False,False,P1
2020-03-31,VXUS,6,2020-09-30,2020-09-30,18,0.0047539902993622984,0.27947978406501306,0.20830430902359282,35.564803062231285,0.23479779278621191,0.5,0.11739889639310595,0.3722277055011059,0.079049706218650678,104,1,False,-0.12668065944554485,0.36147845223175679,0.54018878650251523,False,False,P1
2020-04-30,BND,6,2020-10-30,2020-10-30,18,0.10041293341079194,0.1250042226309438,0.1629129171562404,10000,0.14577551168008371,0.5,0.072887755840041854,0.45207057881460011,0.05629530161870995,151,1,False,-0.17621137112348911,0.32198688280357279,0.75121425848603285,False,False,P1
2020-04-30,DBC,6,2020-10-30,2020-10-30,18,-0.070698854435351954,0.17892324994333986,-0.092770192655941885,10000,0.031751525400230234,0.5,0.015875762700115117,0.45831697984639286,0.070483861326319827,165,1,False,-0.1969208806010774,0.22867240600130764,0.75717946932289448,False,False,P1
2020-04-30,GLD,6,2020-10-30,2020-10-30,18,0.028169812559237339,0.13055136531466713,-0.037045429599511084,10000,0.038993686067870445,0.5,0.019496843033935223,0.45370268391062674,0.019129443413393604,180,1,False,-0.20555949690338624,0.24455318297125669,0.70267695324362667,False,False,P1
2020-04-30,VDE,6,2020-10-30,2020-10-30,18,0.241590578203698,0.16524299052776234,-0.11829666708304951,10000,0.017091366872551035,0.5,0.0085456834362755175,0.4774924082804492,0.039233204150020344,181,1,False,-0.24270066365561396,0.25979203052816502,0.65943988827807676,False,False,P1
2020-04-30,VMBS,6,2020-10-30,2020-10-30,18,0.1044867755618879,0.12744558603152242,0.12663217075522584,10000,0.12693708217869115,0.5,0.063468541089345576,0.37485332812235572,0.083655962088467609,119,1,False,-0.17669802398243056,0.30363510616112172,0.76210109206342225,False,False,P1
2020-04-30,VOO,6,2020-10-30,2020-10-30,18,-0.051948697887240325,0.062639087986829545,-0.023704147935523254,51.794746792312019,0.0064979016058202624,0.5,0.0032489508029101312,0.34979056805913294,0.036004824640146052,110,1,False,-0.23171987222956048,0.23821777383538073,0.93943817876787206,False,False,P1
2020-04-30,VWO,6,2020-10-30,2020-10-30,18,-0.15438619745283666,0.12167272740814317,-0.078337773393898816,10000,0.025831588055473375,0.5,0.012915794027736687,0.52081946213650343,0.019430230119842459,176,1,False,-0.23499329583586856,0.26082488389134195,0.7752384510135808,False,False,P1
2020-04-30,VXUS,6,2020-10-30,2020-10-30,18,-0.06147807539018979,0.14610589195238644,-0.031543073014592631,35.564803062231285,0.038906956644112665,0.5,0.019453478322056333,0.39656875947349524,0.082091507333734839,105,1,False,-0.22499097302097701,0.26389792966508968,0.9992862101496448,False,False,P1
2020-05-29,BND,6,2020-11-30,2020-11-30,18,0.12511593531995846,0.12650060587124051,0.14524935918231513,10000,0.13679088001857959,0.5,0.068395440009289793,0.4511488856562661,0.056201722423465612,152,1,False,-0.17803965721355955,0.31483053723213916,0.75435120105735487,False,False,P1
2020-05-29,DBC,6,2020-11-30,2020-11-30,18,-0.049117850216836789,0.17859666165987886,-0.091688226386069646,10000,0.031680478294980517,0.5,0.015840239147490259,0.45643952043696001,0.071968265785527105,166,1,False,-0.20851555630335813,0.24019603459833863,0.7572105861425662,False,False,P1
2020-05-29,GLD,6,2020-11-30,2020-11-30,18,0.11107976115919871,0.13211682523313559,-0.048992014750593282,10000,0.033321855669670476,0.5,0.016660927834835238,0.45449946246499606,0.01856377728160459,181,1,False,-0.20675024901439318,0.24007210468406368,0.69737366394368294,False,False,P1
2020-05-29,VDE,6,2020-11-30,2020-11-30,18,0.088577038482994697,0.16585684106428367,-0.086992516223780098,10000,0.033445540747541899,0.5,0.01672277037377095,0.47632336606697601,0.041297911299782435,182,1,False,-0.25389986255011671,0.28734540329765862,0.68745589350262615,False,False,P1
2020-05-29,VMBS,6,2020-11-30,2020-11-30,18,0.14073189406765407,0.1288135616838065,0.12901635020903468,10000,0.12894020096595957,0.5,0.064470100482979784,0.3755106113100859,0.083476009580984611,120,1,False,-0.17568767408095604,0.30462787504691557,0.76657179003188203,False,False,P1
2020-05-29,VOO,6,2020-11-30,2020-11-30,18,-0.064746564623193725,0.13148571426695663,-0.015815902137386505,51.794746792312019,0.035434051112948076,0.5,0.017717025556474038,0.34792526043742378,0.036765229916637832,111,1,False,-0.18490265613911044,0.22033670725205851,0.90732995059943211,False,False,P1
2020-05-29,VWO,6,2020-11-30,2020-11-30,18,-0.18232123172851389,0.12194330715384279,-0.086792581270749611,10000,0.021511188154577938,0.5,0.010755594077288969,0.51885552715796257,0.020435753360353005,177,1,False,-0.23351248659634088,0.25502367475091881,0.77752072978021558,False,False,P1
2020-05-29,VXUS,6,2020-11-30,2020-11-30,18,-0.11086790829743198,0.16841566511203376,-0.047629566894952638,35.564803062231285,0.038454646883050989,0.5,0.019227323441525494,0.39845458739501305,0.08327431162012959,106,1,False,-0.2243008809554673,0.2627555278385183,0.9995509358983844,False,False,P1
2020-06-30,BND,6,2020-12-31,2020-12-31,18,0.25865439009357827,0.1271035089339726,0.11598213047666568,10000,0.12098114312495416,0.5,0.060490571562477079,0.44949577675814645,0.056188774755101256,153,1,False,-0.18153851130103701,0.30251965442599116,0.75703846809322595,False,False,P1
2020-06-30,DBC,6,2020-12-31,2020-12-31,18,0.05251707015419349,0.17919328148856506,-0.065170606984602295,10000,0.046987382932909154,0.5,0.023493691466454577,0.45897939592587178,0.073727620549320569,167,1,False,-0.21365834802534578,0.26064573095825494,0.77558230423994201,False,False,P1
2020-06-30,GLD,6,2020-12-31,2020-12-31,18,0.20146014240777821,0.13337995596911131,-0.058228226788315178,10000,0.028892132995338989,0.5,0.014446066497669495,0.45467974556153185,0.018159915650524452,182,1,False,-0.20795883883498298,0.23685097183032197,0.69232538555094592,False,False,P1
2020-06-30,VDE,6,2020-12-31,2020-12-31,18,0.17868006535515613,0.16668686046246772,-0.12707676867357756,10000,0.013056696287720767,0.5,0.0065283481438603835,0.47702796079088783,0.04382059617042687,183,1,False,-0.28901921695878646,0.30207591324650723,0.65571939776879984,False,False,P1
2020-06-30,VMBS,6,2020-12-31,2020-12-31,18,0.26827208352221565,0.12924344216964415,0.10376827885249047,10000,0.11330666784438514,0.5,0.056653333922192572,0.37441914986554764,0.083463086718559606,121,1,False,-0.18289292267061064,0.29619959051499578,0.77417045585650768,False,False,P1
2020-06-30,VOO,6,2020-12-31,2020-12-31,18,0.015291643822863854,0.16193811864939028,-0.015711336432612057,51.794746792312019,0.047033252769410332,0.5,0.023516626384705166,0.35319325450820954,0.038017886312248117,112,1,False,-0.17420221903102984,0.22123547180044018,0.8936247309370926,False,False,P1
2020-06-30,VWO,6,2020-12-31,2020-12-31,18,-0.014485524201414579,0.12291641995514381,0.0069564801244778075,10000,0.066963209481634756,0.5,0.033481604740817378,0.51747810015065188,0.021574529564378886,178,1,False,-0.20019439011925352,0.26715759960088825,0.76690845324084111,False,False,P1
2020-06-30,VXUS,6,2020-12-31,2020-12-31,18,0.021488584433862146,0.2051030141357475,0.019260304057998466,35.564803062231285,0.095013228728481752,0.5,0.047506614364240876,0.40761848898345993,0.084682851347821914,107,1,False,-0.1960199018148821,0.29103313054336383,0.99703694052918312,False,False,P1
2020-07-31,BND,6,2021-01-29,2021-01-29,18,0.022148526282360859,0.12664988052601714,0.049214049754407393,10000,0.083885696878992347,0.5,0.041942848439496173,0.44774682184073111,0.056237552070975881,154,1,False,-0.19365861913448537,0.27754431601347773,0.75907808406735211,False,False,P1
2020-07-31,DBC,6,2021-01-29,2021-01-29,18,-0.16277668610836749,0.18023825788391734,-0.043962800130937695,10000,0.05948018276168579,0.5,0.029740091380842895,0.46138490071607779,0.074687370583070525,168,1,False,-0.20557451075631289,0.26505469351799871,0.79042200724695733,False,False,P1
2020-07-31,GLD,6,2021-01-29,2021-01-29,18,0.080239358890345058,0.13352145419107028,-0.0035748050823603576,10000,0.058703178774255453,0.5,0.029351589387127727,0.45426464723888593,0.017408966960852965,183,1,False,-0.1847252783741751,0.24342845714843056,0.67972964352130905,False,False,P1
2020-07-31,VDE,6,2021-01-29,2021-01-29,18,-0.14519139330556574,0.16709991376746708,-0.11303660623044577,10000,0.020876688177402934,0.5,0.010438344088701467,0.47802869261332442,0.045950378933248694,184,1,False,-0.31657503862327319,0.33745172680067614,0.67074932986449853,False,False,P1
2020-07-31,VMBS,6,2021-01-29,2021-01-29,18,0.0077008797063464751,0.12872608576637987,0.053565963220222501,10000,0.081780416785032894,0.5,0.040890208392516447,0.37539126612630697,0.083553192239085777,122,1,False,-0.19423841121286728,0.27601882799790017,0.78544570469681618,False,False,P1
2020-07-31,VOO,6,2021-01-29,2021-01-29,18,-0.13196520603752826,0.13708399097450696,-0.036264656475810404,51.794746792312019,0.023586431534568693,0.5,0.011793215767284346,0.34526423419330532,0.038547994270062724,113,1,False,-0.18592260334277944,0.20950903487734812,0.92638074474423016,False,False,P1
2020-07-31,VWO,6,2021-01-29,2021-01-29,18,-0.20936571516520264,0.12337924264830535,0.020058372953291669,10000,0.07357865770484566,0.5,0.03678932885242283,0.51800071863058372,0.021970132269952113,179,1,False,-0.19381530128398763,0.26739395898883328,0.76736625667881464,False,False,P1
2020-07-31,VXUS,6,2021-01-29,2021-01-29,18,-0.18565831043157432,0.22262955239750543,0.055278209964610137,35.564803062231285,0.12215451310567421,0.5,0.061077256552837106,0.39961617378647685,0.085408730873773986,108,1,False,-0.17342277019341401,0.29557728329908822,0.99360597953252927,False,False,P1
2020-08-31,BND,6,2021-02-26,2021-02-26,18,-0.024621363001621988,0.12727871180978254,0.096720596128440792,10000,0.11042980320018793,0.5,0.055214901600093964,0.44862737004813863,0.057521208249057813,155,1,False,-0.17795017616022291,0.28837997936041082,0.76272501766902834,False,False,P1
2020-08-31,DBC,6,2021-02-26,2021-02-26,18,-0.27349975862141529,0.18056863316805513,0.12755416539812123,10000,0.15191314150041199,0.5,0.075956570750205996,0.45947789588308308,0.075950724131720437,169,1,False,-0.15825314434269838,0.3101662858431104,0.87445608189381119,False,False,P1
2020-08-31,GLD,6,2021-02-26,2021-02-26,18,0.083644422180986999,0.13439459557087063,0.14449203904093466,10000,0.13989542576385622,0.5,0.069947712881928109,0.45522545292836658,0.017537711180635789,184,1,False,-0.13992673141610984,0.27982215717996606,0.66585750227134255,False,False,P1
2020-08-31,VDE,6,2021-02-26,2021-02-26,18,-0.43044789387408866,0.16766590703945794,0.16432167224932429,10000,0.16591766729459406,0.5,0.082958833647297031,0.4772377376069305,0.048200740940922519,185,1,False,-0.30495700442407281,0.47087467171866693,0.86353725638165946,False,False,P1
2020-08-31,VMBS,6,2021-02-26,2021-02-26,18,-0.034613582499270268,0.12925249179118373,0.11252840733316234,10000,0.11885066570843698,0.5,0.059425332854218492,0.37803315279493832,0.085015795617845752,123,1,False,-0.17568883117063441,0.29453949687907138,0.78209006626098831,False,False,P1
2020-08-31,VOO,6,2021-02-26,2021-02-26,18,-0.13309763324174428,0.15663033573841553,0.036912023734831628,51.794746792312019,0.077782791316253083,0.5,0.038891395658126542,0.34139111132971822,0.038973074999435302,114,1,False,-0.15616174591270301,0.23394453722895611,0.84454798357468808,False,False,P1
2020-08-31,VWO,6,2021-02-26,2021-02-26,18,-0.21991844628792923,0.12427329489667484,0.14478863994632696,10000,0.13418181575466354,0.5,0.067090907877331768,0.51701904920401365,0.022753197872035065,180,1,False,-0.16034666977608492,0.29452848553074845,0.75640600448334394,False,False,P1
2020-08-31,VXUS,6,2021-02-26,2021-02-26,18,-0.19775300192412948,0.25485920176417243,0.15464884301322696,35.564803062231285,0.19482389850673179,0.5,0.097411949253365895,0.40090721153241821,0.086447489492913934,109,1,False,-0.12680299358972197,0.32162689209645373,0.90337170768347852,False,False,P1
2020-09-30,BND,6,2021-03-31,2021-03-31,19,0.1055618189926808,-0.016997437190069159,-0.046676303143108985,24.420530945486497,-0.033422728526458223,0.5,-0.016711364263229112,0.44656607289583039,0.058598059288301363,156,1,False,-0.2439521400525422,0.21052941152608398,0.7580901976940001,False,False,P1
2020-09-30,DBC,6,2021-03-31,2021-03-31,19,-0.21736799501881454,0.14162555728266937,0.051252552007726319,1526.4179671752302,0.093173689701317161,0.5,0.046586844850658581,0.46386791681933759,0.076259559181671197,170,1,False,-0.18043948158118081,0.27361317128249796,0.82673386544343086,False,False,P1
2020-09-30,GLD,6,2021-03-31,2021-03-31,19,0.15020901869973335,0.10420808435994212,-0.1124174619997749,10000,-0.013247581034765659,0.5,-0.0066237905173828293,0.45779402582709677,0.018055869312352271,185,1,False,-0.2145887626142001,0.20134118157943445,0.69896198479337968,False,False,P1
2020-09-30,VDE,6,2021-03-31,2021-03-31,19,-0.68252971800391182,0.1514053673948571,0.099078514401684539,10000,0.12418838533435278,0.5,0.06209419266717639,0.47986587184871415,0.048729458769131387,186,1,False,-0.32496413520139322,0.44915252053574595,0.8229534418895178,False,False,P1
2020-09-30,VMBS,6,2021-03-31,2021-03-31,19,0.085720733361016155,-0.022782328139950597,0.0084438692812816209,24.420530945486497,-0.0031684174446897219,0.5,-0.0015842087223448609,0.37187642700534462,0.086378016542816183,124,1,False,-0.23192455472373724,0.22875613727904753,0.80789590956739066,False,False,P1
2020-09-30,VOO,6,2021-03-31,2021-03-31,19,-0.13690116552498499,-0.0678445126450202,-0.077220234124316112,24.420530945486497,-0.074008991289314083,0.5,-0.037004495644657041,0.34250621054532404,0.038227902218459966,115,1,False,-0.22404385915199251,0.15003486786267842,0.98369002073711664,False,False,P1
2020-09-30,VWO,6,2021-03-31,2021-03-31,19,-0.16271405133132366,0.10853874412365488,-0.056989183530784533,10000,0.029247939580244471,0.5,0.014623969790122236,0.52098231599358846,0.022427410288156424,181,1,False,-0.21023582069369093,0.23948376027393539,0.77792520364758511,False,False,P1
2020-09-30,VXUS,6,2021-03-31,2021-03-31,19,-0.16191597515400735,0.10533417695505434,-0.063105345446289721,10000,0.0041094323354732816,0.5,0.0020547161677366408,0.39904398221700649,0.085704821318427091,110,1,False,-0.22211404202738214,0.22622347436285542,0.99996776744058913,False,False,P1
2020-10-30,BND,6,2021-04-30,2021-04-30,19,0.16313388852257882,0.027405416912716973,-0.01157241670510425,24.420530945486497,0.0059103752817880398,0.5,0.0029551876408940199,0.4485316489959798,0.058864396066151618,157,1,False,-0.22095804465709265,0.22686841993888071,0.76199615965101364,False,False,P1
2020-10-30,DBC,6,2021-04-30,2021-04-30,19,-0.26742218495245296,0.14419810340990269,0.033801401245436964,1526.4179671752302,0.084161458639711403,0.5,0.042080729319855702,0.45617356684486399,0.075400153254086263,171,1,False,-0.18226891337972806,0.26643037201943948,0.81110357168719216,False,False,P1
2020-10-30,GLD,6,2021-04-30,2021-04-30,19,0.20820647992262142,0.10440036646726768,-0.064899698830855154,10000,0.01247306369733555,0.5,0.006236531848667775,0.45701555041897907,0.018110245351314024,186,1,False,-0.1981518147348908,0.21062487843222633,0.69740320180651649,False,False,P1
2020-10-30,VDE,6,2021-04-30,2021-04-30,19,-0.64303801106065062,0.15170387668996477,0.17574264174376045,10000,0.16401754375073901,0.5,0.082008771875369507,0.48775791796218088,0.049760801653808216,187,1,False,-0.29918052614841872,0.46319806989915779,0.86560950282984461,False,False,P1
2020-10-30,VMBS,6,2021-04-30,2021-04-30,19,0.14972407170613933,0.019456243405514287,0.0043353872493684924,24.420530945486497,0.009963018395312509,0.5,0.0049815091976562545,0.37217675294508329,0.08652288661496875,125,1,False,-0.21364158632203939,0.22360460471735188,0.80984597887293575,False,False,P1
2020-10-30,VOO,6,2021-04-30,2021-04-30,19,-0.14059504603832607,-0.0090446588477918199,-0.038984583642962152,24.420530945486497,-0.028875999253209279,0.5,-0.01443799962660464,0.33762891720367694,0.037450517734790141,116,1,False,-0.20144777116456419,0.17257177191135492,0.93671445446307178,False,False,P1
2020-10-30,VWO,6,2021-04-30,2021-04-30,19,-0.069773865559754844,0.10889867914198555,-0.011801628923938929,10000,0.050239475640205498,0.5,0.025119737820102749,0.51400949639878812,0.021455906948920196,182,1,False,-0.19240799765554376,0.24264747329574923,0.76229424857508143,False,False,P1
2020-10-30,VXUS,6,2021-04-30,2021-04-30,19,-0.13139178553145703,0.10580009031989475,-0.019159912499520849,10000,0.029208206074798768,0.5,0.014604103037399384,0.3870688018806962,0.084378849276007126,111,1,False,-0.20547451309930209,0.23468271917410088,0.98867683208739943,False,False,P1
2020-11-30,BND,6,2021-05-31,2021-05-31,19,0.19752633744304904,0.050431667788242332,0.027980578773899104,24.420530945486497,0.038071175349097777,0.5,0.019035587674548889,0.44944797861485197,0.059283709605732676,158,1,False,-0.19420211987570432,0.23227329522480208,0.76638979670839846,False,False,P1
2020-11-30,DBC,6,2021-05-31,2021-05-31,19,-0.15289100693799496,0.14715103714975236,0.080995589181474648,1526.4179671752302,0.11077341627028389,0.5,0.055386708135141946,0.45011904541993331,0.074676211373441367,172,1,False,-0.16733799490135798,0.2781114111716419,0.83395355927830772,False,False,P1
2020-11-30,GLD,6,2021-05-31,2021-05-31,19,0.11067056240701656,0.10402792629543868,-0.025078155057380067,10000,0.034413827456441753,0.5,0.017206913728220877,0.46079922719707694,0.018607408537452439,187,1,False,-0.18672078879279774,0.22113461624923947,0.69635501534419564,False,False,P1
2020-11-30,VDE,6,2021-05-31,2021-05-31,19,-0.23438642942550403,0.15165200004292639,0.20510303357472229,10000,0.17888649353801894,0.5,0.089443246769009471,0.49047770088689141,0.049967270998644321,188,1,False,-0.28696046026383748,0.46584695380185648,0.88026054705656143,False,False,P1
2020-11-30,VMBS,6,2021-05-31,2021-05-31,19,0.17897742611675094,0.048420926710746534,0.040057739005144005,24.420530945486497,0.043171744430232716,0.5,0.021585872215116358,0.37234670973636397,0.086953116832847205,126,1,False,-0.19388190382762743,0.23705364825786013,0.80779490997819281,False,False,P1
2020-11-30,VOO,6,2021-05-31,2021-05-31,19,0.0094761014537960708,0.019959984820385038,-0.029208893212588197,24.420530945486497,-0.013000498224957918,0.5,-0.0065002491124789589,0.32964744440092236,0.036577038398397113,117,1,False,-0.19160892926381981,0.1786084310388619,0.89804918217621355,False,False,P1
2020-11-30,VWO,6,2021-05-31,2021-05-31,19,0.060695321711785155,0.10872000426207523,0.090916216279651005,10000,0.099940866404983286,0.5,0.049970433202491643,0.50689494472981544,0.020342370671994327,183,1,False,-0.16414668535275337,0.26408755175773668,0.74306736457683209,False,False,P1
2020-11-30,VXUS,6,2021-05-31,2021-05-31,19,0.028000136321554736,0.10574476444534357,0.063769818912238568,10000,0.079458247826801845,0.5,0.039729123913400922,0.37375698086826697,0.082635574654815705,112,1,False,-0.17014378536147595,0.24960203318827778,0.93307195056364978,False,False,P1
2020-12-31,BND,6,2021-06-30,2021-06-30,19,0.047687206780919755,0.078639975515563343,-0.055440941418793771,24.420530945486497,0.0049743421165178749,0.5,0.0024871710582589374,0.45058823370733336,0.060537613256599621,159,1,False,-0.20702954817304109,0.21200389028955896,0.76566596261619624,False,False,P1
2020-12-31,DBC,6,2021-06-30,2021-06-30,19,-0.26572793372868553,0.14453197363968745,-0.057380011553180989,1526.4179671752302,0.033527000234401028,0.5,0.016763500117200514,0.45023088501035091,0.07454812385194283,173,1,False,-0.19847278517687386,0.23199978541127489,0.74161178536637451,False,False,P1
2020-12-31,GLD,6,2021-06-30,2021-06-30,19,0.0920989332818547,0.10437787248670574,-0.072012758486860867,10000,0.010190464217931527,0.5,0.0050952321089657634,0.46602941579766294,0.019580029462294601,188,1,False,-0.19592378641743777,0.20611425063536928,0.703546601363635,False,False,P1
2020-12-31,VDE,6,2021-06-30,2021-06-30,19,-0.50394680666862435,0.15213342589884066,0.061816168899419092,10000,0.10682794698596461,0.5,0.053413973492982304,0.49837406030647946,0.050648291074604695,189,1,False,-0.27366529644410004,0.38049324343006469,0.80878810471725682,False,False,P1
2020-12-31,VMBS,6,2021-06-30,2021-06-30,19,0.036659863658544345,0.075893872783344057,-0.0073095812260239234,24.420530945486497,0.023985254479711633,0.5,0.011992627239855816,0.37612423760931885,0.088380825231976101,127,1,False,-0.20347193889007958,0.2274571933697912,0.81572318005982958,False,False,P1
2020-12-31,VOO,6,2021-06-30,2021-06-30,19,-0.12278927724638167,0.040606411369613848,-0.061064681543043009,24.420530945486497,-0.028178866573979333,0.5,-0.014089433286989667,0.3234529503613684,0.03639665369860446,118,1,False,-0.19706866808055395,0.16888980150657462,0.91633417011841467,False,False,P1
2020-12-31,VWO,6,2021-06-30,2021-06-30,19,-0.069800938002764212,0.10934243234293042,0.069249699063605827,10000,0.089417501852051551,0.5,0.044708750926025775,0.50302888176611416,0.020153088634638851,184,1,False,-0.16606596360671427,0.25548346545876582,0.73871504388084874,False,False,P1
2020-12-31,VXUS,6,2021-06-30,2021-06-30,19,-0.089182621674964269,0.10629611133266408,0.02058794621254962,10000,0.051630241164441273,0.5,0.025815120582220637,0.36218597036102557,0.082094450847550626,113,1,False,-0.18399783372219125,0.23562807488663251,0.95512001998654505,False,False,P1
2021-01-29,BND,6,2021-07-30,2021-07-30,19,0.091342016599453846,0.076237484626288557,0.068949274158176366,24.420530945486497,0.072209848722424586,0.5,0.036104924361212293,0.44737656500372563,0.060297681463010636,160,1,False,-0.17269833549550254,0.24490818421792712,0.77421724966696204,False,False,P1
2021-01-29,DBC,6,2021-07-30,2021-07-30,19,-0.1900835754419683,0.15398920348054654,0.10245167400794412,1526.4179671752302,0.12530267295348077,0.5,0.062651336476740385,0.4433856100472246,0.073184188162515748,174,1,False,-0.15013520047509293,0.27543787342857373,0.84445388129176624,False,False,P1
2021-01-29,GLD,6,2021-07-30,2021-07-30,19,0.10981933254709464,0.10438772829400061,0.079608856003638331,10000,0.091178782198754915,0.5,0.045589391099377458,0.46692706833218978,0.019900978295247253,189,1,False,-0.15475454765000299,0.2459333298487579,0.69143329658646302,False,False,P1
2021-01-29,VDE,6,2021-07-30,2021-07-30,19,-0.20336229789190474,0.15278075761390061,0.20370336522551671,10000,0.17870020447141699,0.5,0.089350102235708495,0.49100315020780988,0.049617555893656427,190,1,False,-0.23643370855440909,0.41513391302582608,0.87844644983936582,False,False,P1
2021-01-29,VMBS,6,2021-07-30,2021-07-30,19,0.098503912859212117,0.083249447513448982,0.12357266243301798,24.420530945486497,0.10853203459616693,0.5,0.054266017298083467,0.37300170303513608,0.087750513157557108,128,1,False,-0.16013407300141277,0.2686661075975797,0.80314652459838254,False,False,P1
2021-01-29,VOO,6,2021-07-30,2021-07-30,19,-0.099590711535425092,0.055950291799806179,0.013384469973421886,24.420530945486497,0.026831212151973344,0.5,0.013415606075986672,0.31590467660644428,0.034981848154603347,119,1,False,-0.16955449671258876,0.19638570886456208,0.82822771485722879,False,False,P1
2021-01-29,VWO,6,2021-07-30,2021-07-30,19,0.09823150688248683,0.10882162479955472,0.13430120659800959,10000,0.12157101660457373,0.5,0.060785508302286864,0.49962319217530665,0.018912446451937012,185,1,False,-0.16665849837193641,0.28822951497651017,0.72579978450854798,False,False,P1
2021-01-29,VXUS,6,2021-07-30,2021-07-30,19,0.0057640217030747731,0.10573087447192123,0.098659459125377935,10000,0.10118326539644457,0.5,0.050591632698222283,0.35690256439261975,0.079745742415277612,114,1,False,-0.17363387365477337,0.27481713905121796,0.89145484999883318,False,False,P1
2021-02-26,BND,6,2021-08-31,2021-08-31,19,0.12033906975496333,0.07472556185588522,0.026318596369922467,24.420530945486497,0.047939815763029532,0.5,0.023969907881514766,0.44665512857600775,0.059770233981863853,161,1,False,-0.18366402219864672,0.23160383796167625,0.76406991082890863,False,False,P1
2021-02-26,DBC,6,2021-08-31,2021-08-31,19,-0.011040507216180773,0.15559859337495244,0.072603613192079045,1526.4179671752302,0.10939020838435669,0.5,0.054695104192178344,0.44323879722871257,0.071203137038036143,175,1,False,-0.1723159601412472,0.28170616852560387,0.8161162237495786,False,False,P1
2021-02-26,GLD,6,2021-08-31,2021-08-31,19,0.084809329284850632,0.10479243170595581,-0.017676803657932016,10000,0.039550362117400539,0.5,0.01977518105870027,0.46727788905757289,0.020236470105172197,190,1,False,-0.1789659153710555,0.21851627748845603,0.70341094803567905,False,False,P1
2021-02-26,VDE,6,2021-08-31,2021-08-31,19,0.078147629498099835,0.15302329422169883,0.15040311618302823,10000,0.15169012663936277,0.5,0.075845063319681383,0.49119198670465614,0.047104124219479751,191,1,False,-0.31211483815710084,0.4638049647964636,0.83725043486183137,False,False,P1
2021-02-26,VMBS,6,2021-08-31,2021-08-31,19,0.13623508129809125,0.064034236007276257,0.085769069951250582,24.420530945486497,0.077633140191065902,0.5,0.038816570095532951,0.37432675037484059,0.086801954276496424,129,1,False,-0.17445000389478821,0.25208314408585414,0.79515437427052571,False,False,P1
2021-02-26,VOO,6,2021-08-31,2021-08-31,19,-0.055375340967862563,0.1203327102175997,-0.086655967149711646,24.420530945486497,-0.021716379062098765,0.5,-0.010858189531049382,0.3137349777465096,0.033581185809633776,120,1,False,-0.18591905574841391,0.16420267668631514,0.8704037265441581,False,False,P1
2021-02-26,VWO,6,2021-08-31,2021-08-31,19,0.15001545102103897,0.10986206376780017,-0.0052444915395227333,10000,0.052341244273447517,0.5,0.026170622136723758,0.50028198358661802,0.017628409394195795,186,1,False,-0.22172162782469024,0.27406287209813773,0.73471921648264671,False,False,P1
2021-02-26,VXUS,6,2021-08-31,2021-08-31,19,0.061752778271980002,0.10655891741122774,-0.029277767781087375,10000,0.019357674612446026,0.5,0.0096788373062230131,0.35804350146410174,0.07733270985580451,115,1,False,-0.23463435174280378,0.25399202635524981,0.9561798600203214,False,False,P1
2021-03-31,BND,6,2021-09-30,2021-09-30,20,-0.060557710466585424,0.0072963830494985754,-0.039194939984981497,5.4286754393238592,-0.018338232090797862,0.5,-0.0091691160453989309,0.44861506476628665,0.060052898086868894,162,1,False,-0.21609233417543666,0.19775410208463878,0.76475057173565042,False,False,P1
2021-03-31,DBC,6,2021-09-30,2021-09-30,20,-0.22459726942292979,0.16419700545921237,-0.007150729219847103,3237.4575428176399,0.068494553526654844,0.5,0.034247276763327422,0.44147232461630326,0.069563528333167687,176,1,False,-0.20833495755246678,0.27682951107912163,0.76369285212954174,False,False,P1
2021-03-31,GLD,6,2021-09-30,2021-09-30,20,-0.043295379601361872,0.086423386153125378,-0.039076284329187833,10000,0.020285470679222883,0.5,0.010142735339611441,0.47300327387534152,0.0209169546527877,191,1,False,-0.18309199872316861,0.20337746940239149,0.70929617880454587,False,False,P1
2021-03-31,VDE,6,2021-09-30,2021-09-30,20,-0.086948349826425742,0.18649766268162965,0.12725970248342242,10000,0.15630152706480305,0.5,0.078150763532401524,0.49025699879280343,0.043303947957899581,192,1,False,-0.66647314713868666,0.82277467420348982,0.82976650142425679,False,False,P1
2021-03-31,VMBS,6,2021-09-30,2021-09-30,20,-0.040535513669490153,0.0219203324073457,-0.003974324036588036,5.4286754393238592,0.0057078753781017524,0.5,0.0028539376890508762,0.37390723586749913,0.086793637192531206,130,1,False,-0.20908533182706554,0.21479320720516729,0.81718518399403217,False,False,P1
2021-03-31,VOO,6,2021-09-30,2021-09-30,20,-0.16543128449700617,0.33809993149707573,-0.1652490595860944,0.82864277285468424,-0.0068074301302788933,0.5,-0.0034037150651394467,0.31477490223008242,0.032172240757281555,121,1,False,-0.17564802130567431,0.1688405911753954,0.79628074349751354,False,False,P1
2021-03-31,VWO,6,2021-09-30,2021-09-30,20,-0.021705938677005876,0.11901397263119086,-0.062578615980737801,10000,0.027326712373976048,0.5,0.013663356186988024,0.49509359958982407,0.016664011208497826,187,1,False,-0.23058038163185085,0.2579070940058269,0.73198576440048657,False,False,P1
2021-03-31,VXUS,6,2021-09-30,2021-09-30,20,-0.077123051600132109,0.12333626436515832,-0.11276911447946429,10000,-0.029965383285407408,0.5,-0.014982691642703704,0.35070667004392464,0.07527022119192682,116,1,False,-0.25851503045080626,0.22854964716539883,0.95308974614685937,False,False,P1
2021-04-30,BND,6,2021-10-29,2021-10-29,20,-0.066941809671645758,0.024194604844920545,0.043693895603541553,5.4286754393238592,0.034899495315432072,0.5,0.017449747657716036,0.45101129046046523,0.060685296801198406,163,1,False,-0.18577063027410193,0.220670125589534,0.77043221175207877,False,False,P1
2021-04-30,DBC,6,2021-10-29,2021-10-29,20,-0.24825267373576076,0.16226284090183904,0.19838467508018978,3237.4575428176399,0.18251604978555402,0.5,0.091258024892777012,0.43930840323015702,0.06765965424680824,177,1,False,-0.17796140878881594,0.36047745857436997,0.86558100853248965,False,False,P1
2021-04-30,GLD,6,2021-10-29,2021-10-29,20,-0.062157300899912449,0.08693728130842493,-0.044840042158035755,10000,0.018083156723302751,0.5,0.0090415783616513753,0.47749641005080368,0.021892420930234757,192,1,False,-0.19273268287804105,0.21081583960134379,0.71241685767276575,False,False,P1
2021-04-30,VDE,6,2021-10-29,2021-10-29,20,-0.27136714236974047,0.18589610000796403,0.22514561994150234,10000,0.20586642592507862,0.5,0.10293321296253931,0.49119566427995548,0.039747772004435598,193,1,False,-0.62228233831602453,0.82814876424110317,0.85621794498894188,False,False,P1
2021-04-30,VMBS,6,2021-10-29,2021-10-29,20,-0.050811847371261099,0.036118254957709761,0.049379306424096762,5.4286754393238592,0.04438403229361116,0.5,0.02219201614680558,0.37668763620646539,0.087274022188818287,131,1,False,-0.18876858268629992,0.23315261497991108,0.81464144292877205,False,False,P1
2021-04-30,VOO,6,2021-10-29,2021-10-29,20,-0.16404556163776507,0.32712009445313073,-0.044318532654999118,0.82864277285468424,0.072964996599208742,0.5,0.036482498299604371,0.31575479956764252,0.030756115455678214,122,1,False,-0.13050368871430143,0.20346868531351017,0.6993221078523908,False,False,P1
2021-04-30,VWO,6,2021-10-29,2021-10-29,20,-0.026217110005611444,0.11899286775464488,0.026488874050141595,10000,0.071943218573293222,0.5,0.035971609286646611,0.49137710387242245,0.016204235268241163,188,1,False,-0.20647836368689332,0.27842158226018654,0.71642078043278734,False,False,P1
2021-04-30,VXUS,6,2021-10-29,2021-10-29,20,-0.07960531638529289,0.12314726700213408,0.002972041315591051,10000,0.044587061526701936,0.5,0.022293530763350968,0.34628618314108017,0.073503879254120108,117,1,False,-0.22123737478223351,0.26582443630893543,0.8754796658039764,False,False,P1
2021-05-31,BND,6,2021-11-30,2021-11-30,20,-0.052798441731804258,0.096332460928679503,0.032354053030376681,5.4286754393238592,0.061313622587126054,0.5,0.030656811293563027,0.45264598648316157,0.061519693390477984,164,1,False,-0.16836145861568802,0.22967508120281405,0.77380956276517388,False,False,P1
2021-05-31,DBC,6,2021-11-30,2021-11-30,20,-0.12018316221473324,0.16227952896531186,0.14091797431651054,3237.4575428176399,0.15027999434420988,0.5,0.075139997172104941,0.43826491946009477,0.066420605588466644,178,1,False,-0.1897341441036916,0.34001413844790151,0.83072606855408015,False,False,P1
2021-05-31,GLD,6,2021-11-30,2021-11-30,20,0.021335849391515116,0.087810303615139085,0.0006607019292910743,10000,0.04256211414404041,0.5,0.021281057072020205,0.48079866579073066,0.022352411300580771,193,1,False,-0.17973367720633934,0.22229579135037977,0.71055675877592306,False,False,P1
2021-05-31,VDE,6,2021-11-30,2021-11-30,20,-0.13861578497514959,0.18546586025040049,0.18360352386148057,10000,0.18452091412284052,0.5,0.092260457061420262,0.49260180213307764,0.038334709110466839,194,1,False,-0.43545282082699299,0.61997373494983354,0.82283773922396575,False,False,P1
2021-05-31,VMBS,6,2021-11-30,2021-11-30,20,-0.039536034677402521,0.10645325953141083,0.06244067993358688,5.4286754393238592,0.079120460422062125,0.5,0.039560230211031062,0.37897757052394909,0.087968744945848068,132,1,False,-0.16994742055006906,0.24906788097213117,0.80988163513321365,False,False,P1
2021-05-31,VOO,6,2021-11-30,2021-11-30,20,-0.14376864012799218,0.28065057840986757,-0.070181483519642651,0.82864277285468424,0.041464967143398944,0.5,0.020732483571699472,0.31823331667296073,0.030583107211760472,123,1,False,-0.14226742315293578,0.1837323902963347,0.7299219781067825,False,False,P1
2021-05-31,VWO,6,2021-11-30,2021-11-30,20,0.033367482582662311,0.11893079271809927,0.071864274627241723,10000,0.094966682191668136,0.5,0.047483341095834068,0.49084590280992035,0.016439637842016526,189,1,False,-0.1862303210708102,0.28119700326247832,0.7149314668062533,False,False,P1
2021-05-31,VXUS,6,2021-11-30,2021-11-30,20,0.0037559612924865649,0.12311223891492579,0.066024939278764017,10000,0.085709420929021549,0.5,0.042854710464510774,0.34481367617165182,0.073118254314013628,118,1,False,-0.19170732769306173,0.27741674862208326,0.83659739076201045,False,False,P1
2021-06-30,BND,6,2021-12-31,2021-12-31,20,0.074882733318036854,0.15934822601197954,0.062851495464672655,5.4286754393238592,0.10685472227919607,0.5,0.053427361139598034,0.45600743740173799,0.06143586013829884,165,1,False,-0.1419902378003732,0.24884496007956927,0.77662223737117886,False,False,P1
2021-06-30,DBC,6,2021-12-31,2021-12-31,20,-0.016357335815575524,0.16513342672949546,0.16382545804576271,3237.4575428176399,0.16439219024423166,0.5,0.082196095122115828,0.43329187121786777,0.064565027156527247,179,1,False,-0.2098402751750072,0.37423246541923888,0.84135387809641549,False,False,P1
2021-06-30,GLD,6,2021-12-31,2021-12-31,20,0.051670734347884606,0.08793840131495223,0.020103396371464324,10000,0.052980124012577158,0.5,0.026490062006288579,0.4846572601933446,0.022711929455123424,194,1,False,-0.17224636762642109,0.22522649163899827,0.71106434451121137,False,False,P1
2021-06-30,VDE,6,2021-12-31,2021-12-31,20,0.056919402779478157,0.1865587762772957,0.29336853797073686,10000,0.24094935963739533,0.5,0.12047467981869767,0.49077141922469447,0.035553778260317657,195,1,False,-0.6241492308523906,0.86509859048978588,0.85511794522821261,False,False,P1
2021-06-30,VMBS,6,2021-12-31,2021-12-31,20,0.080167673131738226,0.16822411968313475,0.079110237145581228,5.4286754393238592,0.11295461820132391,0.5,0.056477309100661954,0.37978797570042261,0.087582963883537521,133,1,False,-0.15085297252352026,0.26380759072484417,0.803322088338419,False,False,P1
2021-06-30,VOO,6,2021-12-31,2021-12-31,20,-0.042899831016160794,0.36877217086656222,-0.039896282250721907,0.82864277285468424,0.088585039599940046,0.5,0.044292519799970023,0.31439011470207362,0.029346233143549651,124,1,False,-0.11869350035493605,0.20727853995487611,0.68089738293273772,False,False,P1
2021-06-30,VWO,6,2021-12-31,2021-12-31,20,0.15411733934054395,0.11939216202698386,0.14007570532559599,10000,0.12994688692488615,0.5,0.064973443462443076,0.48970421820276316,0.015985740074412419,190,1,False,-0.16247644740031508,0.29242333432520123,0.70213963212429775,False,False,P1
2021-06-30,VXUS,6,2021-12-31,2021-12-31,20,0.10103614573586928,0.12360749457620206,0.12440576549558546,10000,0.1241322836001843,0.5,0.062066141800092151,0.34259283253410394,0.071754381406543222,119,1,False,-0.16216789661859832,0.28630018021878262,0.76514622520616793,False,False,P1
2021-07-30,BND,6,2022-01-31,2022-01-31,20,0.1939474005271028,0.24678519603782151,0.18905188372863072,5.4286754393238592,0.21540077215469774,0.5,0.10770038607734887,0.45638968859010792,0.061616017707341937,166,1,False,-0.082488871118183163,0.29788964327288092,0.77884669521814931,False,False,P1
2021-07-30,DBC,6,2022-01-31,2022-01-31,20,0.016234400305348728,0.16575893746811257,0.22808809825596205,3237.4575428176399,0.20109786590338619,0.5,0.10054893295169309,0.43302736650735341,0.063150312697646718,180,1,False,-0.19076378464801802,0.39186165055140421,0.85981640493680667,False,False,P1
2021-07-30,GLD,6,2022-01-31,2022-01-31,20,0.17789238507957428,0.088540220502940872,0.16414133071803605,10000,0.12745313936126729,0.5,0.063726569680633643,0.48528640984750049,0.023158634086364305,195,1,False,-0.13113767710081781,0.25859081646208509,0.69988367844450783,False,False,P1
2021-07-30,VDE,6,2022-01-31,2022-01-31,20,-0.1805630605226618,0.18676214949904296,0.27085992954639715,10000,0.22947921669045646,0.5,0.11473960834522823,0.4920547585517695,0.034334818688112438,196,1,False,-0.6104716882692377,0.83995090495969416,0.8312657383140315,False,False,P1
2021-07-30,VMBS,6,2022-01-31,2022-01-31,20,0.18522419688757563,0.24705380617914169,0.16649190079106949,5.4286754393238592,0.19715255028747447,0.5,0.098576275143737235,0.38058495946329146,0.087664463502758957,134,1,False,-0.10194256926982551,0.29909511955729995,0.77702398456802202,False,False,P1
2021-07-30,VOO,6,2022-01-31,2022-01-31,20,0.14728959450624335,0.41382412915357358,0.016227126760287328,0.82864277285468424,0.14145774662196114,0.5,0.070728873310980572,0.31496872236929224,0.028314737586117852,125,1,False,-0.084256990957244898,0.22571473757920604,0.64685261451067133,False,False,P1
2021-07-30,VWO,6,2022-01-31,2022-01-31,20,0.20225086807725978,0.1196925667533076,0.16727531922664535,10000,0.14393596823527305,0.5,0.071967984117636524,0.49050022914185415,0.016416346183355215,191,1,False,-0.1528989678140015,0.29683493604927458,0.7032975789798237,False,False,P1
2021-07-30,VXUS,6,2022-01-31,2022-01-31,20,0.20941146038178471,0.12387582566531762,0.14552714062298278,10000,0.13807877632904261,0.5,0.069039388164521306,0.34401440783176218,0.071204461742347652,120,1,False,-0.15515681939684323,0.29323559572588587,0.75032108046800894,False,False,P1
2021-08-31,BND,6,2022-02-28,2022-02-28,20,0.16776747104488987,0.1941882800425338,0.18419163769875363,5.4286754393238592,0.18877716702091557,0.5,0.094388583510457785,0.45870695024064995,0.061967652749543266,167,1,False,-0.095047330837943478,0.28382449785885905,0.78044438639844493,False,False,P1
2021-08-31,DBC,6,2022-02-28,2022-02-28,20,-0.10372763803258778,0.1645511595481273,0.21810232761222478,3237.4575428176399,0.19501789529159805,0.5,0.097508947645799024,0.43107243324732125,0.062740418664973638,181,1,False,-0.18643239081675522,0.3814502861083533,0.84690901652761708,False,False,P1
2021-08-31,GLD,6,2022-02-28,2022-02-28,20,0.081298197063481181,0.088975066430821342,0.13968678615715999,10000,0.11497118071269916,0.5,0.057485590356349578,0.48737462617786259,0.023473178449621886,196,1,False,-0.13538571655663556,0.25035689726933474,0.70449323404978026,False,False,P1
2021-08-31,VDE,6,2022-02-28,2022-02-28,20,-0.29265733759991064,0.1860843281627543,0.23712210414686855,10000,0.21201035800553344,0.5,0.10600517900276672,0.4920227352608636,0.034557218742985465,197,1,False,-0.45415036787174656,0.66616072587728004,0.82274632577221363,False,False,P1
2021-08-31,VMBS,6,2022-02-28,2022-02-28,20,0.15609253699567527,0.1850226088096206,0.1535071820717579,5.4286754393238592,0.16548984412864573,0.5,0.082744922064322865,0.38021576406236129,0.088024245856798453,135,1,False,-0.11529794837170633,0.28078779250035207,0.79086125929437479,False,False,P1
2021-08-31,VOO,6,2022-02-28,2022-02-28,20,0.1398015444496935,0.31965247387220763,-0.0058021494177172579,0.82864277285468424,0.094583064845691053,0.5,0.047291532422845527,0.30844611530985105,0.027650530613467211,126,1,False,-0.10464229719036869,0.19922536203605976,0.66147683828495285,False,False,P1
2021-08-31,VWO,6,2022-02-28,2022-02-28,20,0.16063163879465336,0.11925890855350496,0.11185007942483693,10000,0.11551052773148025,0.5,0.057755263865740127,0.49406569419713559,0.017112174854384807,192,1,False,-0.1655049870847069,0.28101551481618714,0.71002222343530608,False,False,P1
2021-08-31,VXUS,6,2022-02-28,2022-02-28,20,0.17356305478748291,0.12341103551568935,0.077967776059898866,10000,0.09378216602400874,0.5,0.04689108301200437,0.34800298555817522,0.071126348655815685,121,1,False,-0.17318525758306355,0.26696742360707226,0.81125225048543848,False,False,P1
2021-09-30,BND,6,2022-03-31,2022-03-31,21,0.36955292915676419,0.19945076621617847,0.20926258882392304,7.9060432109076855,0.20477962419821646,0.5,0.10238981209910823,0.4568941780671959,0.061238335111352023,168,1,False,-0.085224712080023066,0.29000433627823952,0.78085269087693687,False,False,P1
2021-09-30,DBC,6,2022-03-31,2022-03-31,21,-0.067594157321755333,0.20893465892485946,0.24047843947914044,75.431200633546069,0.22699906952637403,0.5,0.11349953476318701,0.42732258834894288,0.061161640158996153,182,1,False,-0.15572166165421392,0.38272073118058797,0.8666048579142609,False,False,P1
2021-09-30,GLD,6,2022-03-31,2022-03-31,21,0.17901948647572485,0.083530510339427988,0.11978644201058811,10000,0.10222703418685376,0.5,0.051113517093426881,0.48431820710049578,0.023134251759007754,197,1,False,-0.14120210946000308,0.24342914364685683,0.70154065245235042,False,False,P1
2021-09-30,VDE,6,2022-03-31,2022-03-31,21,-0.27189938836579852,0.18075889961748126,0.33207704325255283,339.32217718953228,0.25780792487163451,0.5,0.12890396243581725,0.49081436367624515,0.033943554255261174,198,1,False,-0.39619757855665871,0.65400550342829322,0.84042810969876325,False,False,P1
2021-09-30,VMBS,6,2022-03-31,2022-03-31,21,0.36119496559785347,0.19608253896387812,0.18725169642169895,7.9060432109076855,0.19060278555794141,0.5,0.095301392778970706,0.37947558460435599,0.087078953507340476,136,1,False,-0.10211102451650644,0.29271381007444786,0.7781747694471971,False,False,P1
2021-09-30,VOO,6,2022-03-31,2022-03-31,21,0.2692353190250858,0.24172967122130617,0.037597757254611314,3.7275937203149381,0.095713826053149417,0.5,0.047856913026574709,0.28469859351840515,0.026130201360628838,127,1,False,-0.11509017920335288,0.21080400525650231,0.65503380740856187,False,False,P1
2021-09-30,VWO,6,2022-03-31,2022-03-31,21,0.36960454563888423,0.12327137593743455,0.065300922959830698,75.431200633546069,0.093768552804991426,0.5,0.046884276402495713,0.4910713714132755,0.016911044732460502,193,1,False,-0.16723525878646717,0.26100381159145858,0.70860415930920639,False,False,P1
2021-09-30,VXUS,6,2022-03-31,2022-03-31,21,0.35568065435294616,0.19685761463198811,0.077626069308161613,16.768329368110066,0.11823756551442348,0.5,0.059118782757211739,0.34061033173698457,0.069911189637324303,122,1,False,-0.15070398236054894,0.26894154787497243,0.75865709922262092,False,False,P1
2021-10-29,BND,6,2022-04-29,2022-04-29,21,0.24726646313054612,0.21866257114377527,0.20797224857296279,7.9060432109076855,0.2128692589968561,0.5,0.10643462949842805,0.4580788270377798,0.060479872716186357,169,1,False,-0.07724481602088254,0.29011407501773867,0.7776756522698236,False,False,P1
2021-10-29,DBC,6,2022-04-29,2022-04-29,21,-0.1390002428379411,0.20205332174404689,0.24034988290435924,75.431200633546069,0.22387799206876532,0.5,0.11193899603438266,0.43011409736350276,0.059470851558478352,183,1,False,-0.182943756508611,0.40682174857737635,0.84565497814503987,False,False,P1
2021-10-29,GLD,6,2022-04-29,2022-04-29,21,0.08889495886021459,0.083710130856899961,0.12684910058178131,10000,0.10609306620197338,0.5,0.053046533100986691,0.48114348840919191,0.022703486341538459,198,1,False,-0.12975360234985267,0.23584666855182607,0.69574258141320311,False,False,P1
2021-10-29,VDE,6,2022-04-29,2022-04-29,21,-0.17101420775826059,0.17332420592018874,0.35448084088359655,339.32217718953228,0.2653805485699971,0.5,0.13269027428499855,0.49184117563012264,0.032409329649105381,199,1,False,-0.31076611676641597,0.57614666533641312,0.82661118171789838,False,False,P1
2021-10-29,VMBS,6,2022-04-29,2022-04-29,21,0.23611921612710807,0.21255015664238883,0.19882144860799883,7.9060432109076855,0.20405740299341643,0.5,0.10202870149670822,0.38138726326626604,0.086072451311146297,137,1,False,-0.089928363104194206,0.29398576609761062,0.77161474767971461,False,False,P1
2021-10-29,VOO,6,2022-04-29,2022-04-29,21,0.24715047056351536,0.24075801630862914,0.037597757254611314,3.7275937203149381,0.092829974798916748,0.5,0.046414987399458374,0.27186526440498321,0.024644453212203887,128,1,False,-0.12855106686794329,0.22138104166686004,0.64418447285435498,False,False,P1
2021-10-29,VWO,6,2022-04-29,2022-04-29,21,0.28211493293654444,0.12013764381375377,0.055017566850120034,75.431200633546069,0.086818135851249298,0.5,0.043409067925624649,0.48833739890830091,0.016688734656491056,194,1,False,-0.16736667782089784,0.25418481367214713,0.70363266652688428,False,False,P1
2021-10-29,VXUS,6,2022-04-29,2022-04-29,21,0.2778257098054433,0.1890078590916896,0.084957543077515518,16.768329368110066,0.11996710275951615,0.5,0.059983551379758075,0.3364675959007325,0.068695608287546936,123,1,False,-0.13352337343694859,0.25349047619646475,0.74055340283931936,False,False,P1
2021-11-30,BND,6,2022-05-31,2022-05-31,21,0.37785400790999668,0.28193742521566489,0.22825016341996568,7.9060432109076855,0.25272232671712408,0.5,0.12636116335856204,0.45582811413039548,0.059813529690021704,170,1,False,-0.048240713223475645,0.3009630399405997,0.77580020393516103,False,False,P1
2021-11-30,DBC,6,2022-05-31,2022-05-31,21,-0.15432091188845543,0.22554808204709631,0.22485443790767784,75.431200633546069,0.22515310887224244,0.5,0.11257655443612122,0.43058240903612299,0.058494471048841333,184,1,False,-0.18014723447100542,0.40530034334324783,0.83241402057577285,False,False,P1
2021-11-30,GLD,6,2022-05-31,2022-05-31,21,0.25754690221298748,0.083951246933736373,0.12004416888415298,10000,0.10271737214687116,0.5,0.051358686073435578,0.48006079311297883,0.022696613794050909,199,1,False,-0.12774482260089598,0.23046219474776714,0.69864435272525283,False,False,P1
2021-11-30,VDE,6,2022-05-31,2022-05-31,21,-0.31732852918035936,0.18314205179376603,0.34511594824257003,339.32217718953228,0.26543886105877257,0.5,0.13271943052938628,0.49191313495987565,0.031554204075984103,200,1,False,-0.26333443994678868,0.5287733010055613,0.81092575590224569,False,False,P1
2021-11-30,VMBS,6,2022-05-31,2022-05-31,21,0.36276211585067952,0.27685133580902382,0.22417604882559439,7.9060432109076855,0.24422676534025484,0.5,0.12211338267012742,0.38064750403672237,0.085162244890939431,138,1,False,-0.059821614477725243,0.30404837981798005,0.76317283750310771,False,False,P1
2021-11-30,VOO,6,2022-05-31,2022-05-31,21,0.38275914392891164,0.2865551333265659,0.037597757254611314,3.7275937203149381,0.10228349422971748,0.5,0.051141747114858742,0.25982655342740463,0.023338925356853533,129,1,False,-0.12108871471963478,0.22337220894935228,0.63560071928235462,False,False,P1
2021-11-30,VWO,6,2022-05-31,2022-05-31,21,0.40473594879714203,0.15093213339438502,0.060925094609897978,75.431200633546069,0.10475565637832779,0.5,0.052377828189163894,0.48696815671691818,0.016774266697138086,195,1,False,-0.15624421995299925,0.26099987633132704,0.70414452308740449,False,False,P1
2021-11-30,VXUS,6,2022-05-31,2022-05-31,21,0.37124594416806034,0.24175656034038689,0.097918586869035956,16.768329368110066,0.14610313996097515,0.5,0.073051569980487577,0.33499187960637106,0.068171901456941617,124,1,False,-0.10577926792983473,0.2518824078908099,0.71769507808760735,False,False,P1
2021-12-31,BND,6,2022-06-30,2022-06-30,21,0.24066851720955063,0.21728050979404223,0.21076797841614564,7.9060432109076855,0.21371820528839766,0.5,0.10685910264419883,0.45300770177707256,0.059901653687846355,171,1,False,-0.062364611723127975,0.27608281701152565,0.77494196221482736,False,False,P1
2021-12-31,DBC,6,2022-06-30,2022-06-30,21,-0.2009736594648921,0.1486999704098835,0.17557941918559203,75.431200633546069,0.16398786912933533,0.5,0.081993934564667664,0.43124210444122557,0.058089866687412048,185,1,False,-0.20932010256858288,0.37330797169791818,0.77662013294173993,False,False,P1
2021-12-31,GLD,6,2022-06-30,2022-06-30,21,0.13712776225238299,0.083695269046171722,0.098300479828721504,10000,0.091290287391560559,0.5,0.04564514369578028,0.47997886107447935,0.022841484396820072,200,1,False,-0.12683488187951775,0.21812516927107833,0.70289626324030707,False,False,P1
2021-12-31,VDE,6,2022-06-30,2022-06-30,21,-0.17426025034944725,0.14993118552446208,0.2827710822532708,339.32217718953228,0.21712011715936019,0.5,0.1085600585796801,0.49421120243669242,0.031680399094409444,201,1,False,-0.27952862175292009,0.49664873891228029,0.78607343686968278,False,False,P1
2021-12-31,VMBS,6,2022-06-30,2022-06-30,21,0.22884416193716572,0.20913323674913575,0.22395756519074914,7.9060432109076855,0.21837328976514983,0.5,0.10918664488257492,0.37669668798781192,0.085126312720009922,139,1,False,-0.065651407700953832,0.28402469746610365,0.76718830705107088,False,False,P1
2021-12-31,VOO,6,2022-06-30,2022-06-30,21,0.30466523709830351,0.16010314641460729,0.0096633711637770549,3.7275937203149381,0.046492770721571541,0.5,0.023246385360785771,0.24481158321586385,0.022829396461676497,130,1,False,-0.14898030408410429,0.19547307480567583,0.62559919304328981,False,False,P1
2021-12-31,VWO,6,2022-06-30,2022-06-30,21,0.27026079624900867,0.074176993092578844,0.033764020322932159,75.431200633546069,0.053419571004453117,0.5,0.026709785502226559,0.4863673551945138,0.017474996659604447,196,1,False,-0.17787889367105569,0.2312984646755088,0.71170496886143719,False,False,P1
2021-12-31,VXUS,6,2022-06-30,2022-06-30,21,0.29595459652258849,0.11506377221464187,0.071441465238191046,16.768329368110066,0.086075363454983983,0.5,0.043037681727491992,0.3354682324502678,0.06843481541117305,125,1,False,-0.13573386655601438,0.22180923001099839,0.78164034332460941,False,False,P1
2022-01-31,BND,6,2022-07-29,2022-07-29,21,0.12362534706739425,0.29056726595953375,0.091032200609700228,7.9060432109076855,0.18105089153939979,0.5,0.090525445769699897,0.45114221288310852,0.060680989425283889,172,1,False,-0.071812644870641762,0.25286353641004156,0.77630993924537017,False,False,P1
2022-01-31,DBC,6,2022-07-29,2022-07-29,21,-0.10862788299161164,0.14060584025429435,0.13931567714421195,75.431200633546069,0.1398751266838531,0.5,0.069937563341926551,0.43362698504486885,0.057864837298261175,186,1,False,-0.21401595919303659,0.35389108587688967,0.76283275460331412,False,False,P1
2022-01-31,GLD,6,2022-07-29,2022-07-29,21,0.07808103371751407,0.08386807162908709,0.095177815538639451,10000,0.089769681312626637,0.5,0.044884840656313318,0.47818361487787814,0.023612881912654666,201,1,False,-0.1180856179529077,0.20785529926553434,0.70621667219671125,False,False,P1
2022-01-31,VDE,6,2022-07-29,2022-07-29,21,-0.17279877443972547,0.14751974621152442,0.23759231521296537,339.32217718953228,0.19291273405690232,0.5,0.096456367028451159,0.49603982268284447,0.030629688898285327,202,1,False,-0.28489541485396996,0.47780814891087231,0.75311077169881158,False,False,P1
2022-01-31,VMBS,6,2022-07-29,2022-07-29,21,0.10581291439706675,0.2764106983513564,0.1293031396948455,7.9060432109076855,0.1844679797609737,0.5,0.092233989880486852,0.37499663898940416,0.085841297606921108,140,1,False,-0.070476905168201612,0.25494488492917533,0.77368736770318036,False,False,P1
2022-01-31,VOO,6,2022-07-29,2022-07-29,21,0.1208982298563378,0.22168480730205281,0.061436789194414254,3.7275937203149381,0.10046585638722644,0.5,0.050232928193613219,0.24355413348448626,0.023779474309344947,131,1,False,-0.11664407336231622,0.21710992974954266,0.63291451748679917,False,False,P1
2022-01-31,VWO,6,2022-07-29,2022-07-29,21,0.19279751118898303,0.095102917010765675,0.053170990696114487,75.431200633546069,0.073507738503643907,0.5,0.036753869251821954,0.48499436097748932,0.018412945245480872,197,1,False,-0.16185765194840238,0.23536539045204627,0.71219265353899841,False,False,P1
2022-01-31,VXUS,6,2022-07-29,2022-07-29,21,0.16599438138675138,0.14188218493445212,0.090552532394230847,16.768329368110066,0.1077822557687713,0.5,0.053891127884385652,0.33566803050224153,0.06955367767284458,126,1,False,-0.12070088973205764,0.22848314550082896,0.76606758496798077,False,False,P1
2022-02-28,BND,6,2022-08-31,2022-08-31,21,0.23350403302496225,0.2706831920432321,0.050194199608056413,7.9060432109076855,0.14959440451559816,0.5,0.074797202257799081,0.4508170852872197,0.06129998642886543,173,1,False,-0.080908009960646413,0.23050241447624459,0.77570652378365634,False,False,P1
2022-02-28,DBC,6,2022-08-31,2022-08-31,21,0.034460976414263378,0.16612666170210777,0.059597442083421936,75.431200633546069,0.10605765053713306,0.5,0.053028825268566532,0.43612643197812129,0.057000706414138985,187,1,False,-0.22001836447982961,0.32607601501696271,0.72694538377386719,False,False,P1
2022-02-28,GLD,6,2022-08-31,2022-08-31,21,0.2528732447920875,0.084044043640585653,0.055295144179139326,10000,0.069078940775801428,0.5,0.034539470387900714,0.47945475669935955,0.023898452779737962,202,1,False,-0.12562142748366256,0.19470036825946396,0.71173600722822328,False,False,P1
2022-02-28,VDE,6,2022-08-31,2022-08-31,21,-0.077702613546104082,0.15436229822056408,0.076577008124720097,339.32217718953228,0.11524793335339563,0.5,0.057623966676697815,0.49714959192190128,0.029037141969722784,203,1,False,-0.45612798825175854,0.57137592160515416,0.68968260392299019,False,False,P1
2022-02-28,VMBS,6,2022-08-31,2022-08-31,21,0.22340924638991755,0.25763342158889807,0.078202936323089875,7.9060432109076855,0.14528288066389367,0.5,0.072641440331946833,0.37384920539802152,0.086339533347266892,141,1,False,-0.083709604228020956,0.22899248489191462,0.77777011617098946,False,False,P1
2022-02-28,VOO,6,2022-08-31,2022-08-31,21,0.23651338128946287,0.22703806986012015,0.064650204625101931,3.7275937203149381,0.10462312107059367,0.5,0.052311560535296835,0.24615704127670096,0.024658429386165769,132,1,False,-0.11241060321721541,0.21703372428780909,0.63995029535301162,False,False,P1
2022-02-28,VWO,6,2022-08-31,2022-08-31,21,0.29667533217521846,0.11533506576993047,0.02387496481400123,75.431200633546069,0.068256461951097885,0.5,0.034128230975548943,0.48525528261205653,0.019131221475527194,198,1,False,-0.16214097636426017,0.23039743831535803,0.71467359230975602,False,False,P1
2022-02-28,VXUS,6,2022-08-31,2022-08-31,21,0.30411472968168052,0.17715892905778075,0.086645673065419523,16.768329368110066,0.11737425627107989,0.5,0.058687128135539945,0.33949262866263119,0.070372649146188182,127,1,False,-0.10941272727946119,0.22678698355054108,0.76093134886101155,False,False,P1
2022-03-31,BND,6,2022-09-30,2022-09-30,22,0.080429977086604043,0.14702312899053199,-0.0092409137978745788,232.99518105153672,0.061246688457364522,0.5,0.030623344228682261,0.45108011412890864,0.063071555065232668,174,1,False,-0.148924479349648,0.21017116780701253,0.76326875245699721,False,False,P1
2022-03-31,DBC,6,2022-09-30,2022-09-30,22,0.11742465654158951,0.17459569868727143,-0.0016866735259840539,11.513953993264458,0.075517326710232646,0.5,0.037758663355116323,0.43795644037975673,0.05633796777724593,188,1,False,-0.2271198193676994,0.30263714607793202,0.70080273234948531,False,False,P1
2022-03-31,GLD,6,2022-09-30,2022-09-30,22,0.14969890921863782,0.13070724464862032,0.010190882894225142,339.32217718953228,0.067876233441164918,0.5,0.033938116720582459,0.47865160968349613,0.024662595802870908,203,1,False,-0.12251717480818088,0.19039340824934581,0.71438042776016597,False,False,P1
2022-03-31,VDE,6,2022-09-30,2022-09-30,22,0.058413502200869494,0.17723707815952428,-0.15308362685491783,24.420530945486497,0.012141784681995393,0.5,0.0060708923409976967,0.50019695716527768,0.027561962899450627,204,1,False,-0.43726780852859048,0.44940959321058593,0.61648666958831233,False,False,P1
2022-03-31,VMBS,6,2022-09-30,2022-09-30,22,0.077848987353601684,0.1490147761880577,-0.0063448864259707978,232.99518105153672,0.052146303578359691,0.5,0.026073151789179846,0.37648890979922167,0.088275134982834402,142,1,False,-0.16582777055032313,0.21797407412868283,0.7790371424309892,False,False,P1
2022-03-31,VOO,6,2022-09-30,2022-09-30,22,0.20224326847377183,0.098628416659732265,0.0031054988169702397,35.564803062231285,0.027848761255420736,0.5,0.013924380627710368,0.25902959203130482,0.026497353368413287,133,1,False,-0.16104616867507149,0.18889492993049223,0.63639366032780231,False,False,P1
2022-03-31,VWO,6,2022-09-30,2022-09-30,22,0.18956913382150131,0.11330245601849229,0.057005060169750016,51.794746792312019,0.084432690718612452,0.5,0.042216345359306226,0.48719181651943483,0.020892393958760143,199,1,False,-0.16855985509565574,0.25299254581426817,0.71624902336427143,False,False,P1
2022-03-31,VXUS,6,2022-09-30,2022-09-30,22,0.22002496042003639,0.12823117817590524,0.026472440677202159,24.420530945486497,0.062061780903133856,0.5,0.031030890451566928,0.34974235235952378,0.072601617936865953,128,1,False,-0.16242934259908895,0.22449112350222281,0.81364703277092265,False,False,P1
2022-04-29,BND,6,2022-10-31,2022-10-31,22,0.27274110875503144,0.15703074309538698,0.097646319452153754,232.99518105153672,0.1244671708483191,0.5,0.062233585424159549,0.45164791961774903,0.064124097397034466,175,1,False,-0.1123495946521739,0.23681676550049299,0.77799026380626868,False,False,P1
2022-04-29,DBC,6,2022-10-31,2022-10-31,22,0.29114759156461911,0.34070631154359698,0.094563506445326392,11.513953993264458,0.20289607130663606,0.5,0.10144803565331803,0.44012078605368432,0.055304432271345468,189,1,False,-0.1590175570952517,0.36191362840188779,0.74531168481581511,False,False,P1
2022-04-29,GLD,6,2022-10-31,2022-10-31,22,0.34439410207479515,0.13255368214742114,0.13240560917546232,339.32217718953228,0.13247660555024862,0.5,0.066238302775124311,0.4794688311250529,0.024977460327661807,204,1,False,-0.087469078799288599,0.21994568434953721,0.71003806460320651,False,False,P1
2022-04-29,VDE,6,2022-10-31,2022-10-31,22,-0.0028211863608795795,0.39709910503556978,0.024134320740813005,24.420530945486497,0.21200051798859124,0.5,0.10600025899429562,0.50371028354062031,0.026593298652339843,205,1,False,-0.29666232819629318,0.50866284618488444,0.7150086446183338,False,False,P1
2022-04-29,VMBS,6,2022-10-31,2022-10-31,22,0.27455430811768866,0.16153204566097085,0.099798411075749882,232.99518105153672,0.12310688460811893,0.5,0.061553442304059465,0.37756522338228082,0.089309009676150991,143,1,False,-0.12029083194642637,0.24339771655454528,0.78365604593202409,False,False,P1
2022-04-29,VOO,6,2022-10-31,2022-10-31,22,0.25859022462107406,0.15834808589919483,0.10024158918523396,35.564803062231285,0.11600448563564948,0.5,0.058002242817824741,0.27127597328765257,0.028144018422108081,134,1,False,-0.13705451922284467,0.25305900485849414,0.65458964756915372,False,False,P1
2022-04-29,VWO,6,2022-10-31,2022-10-31,22,0.37403251950121486,0.18277098169247402,0.13680466116481124,51.794746792312019,0.15929244600066741,0.5,0.079646223000333707,0.48922307849989666,0.022198506653649076,200,1,False,-0.15097155671840984,0.31026400271907728,0.71585942808860947,False,False,P1
2022-04-29,VXUS,6,2022-10-31,2022-10-31,22,0.34102481281661656,0.2160446437865535,0.14263322511215232,24.420530945486497,0.16888395301831344,0.5,0.084441976509156719,0.35758371626885388,0.074192502369955712,129,1,False,-0.1356069107771708,0.30449086379548423,0.71717216798267747,False,False,P1
2022-05-31,BND,6,2022-11-30,2022-11-30,22,0.14253194053198359,0.15462304999848775,-0.003802458963449276,232.99518105153672,0.068166931259766431,0.5,0.034083465629883215,0.45427905325844287,0.065906653706767196,176,1,False,-0.1561009862037647,0.22426791746353111,0.76788572455838733,False,False,P1
2022-05-31,DBC,6,2022-11-30,2022-11-30,22,0.24139022119554365,0.25968760307142391,0.027588952833037805,11.513953993264458,0.13000657520834072,0.5,0.065003287604170359,0.44126763456017881,0.054201140986293889,190,1,False,-0.21890268733114798,0.34890926253948867,0.70737657296165068,False,False,P1
2022-05-31,GLD,6,2022-11-30,2022-11-30,22,0.15089637063745565,0.1357340899915519,0.039102153557100991,339.32217718953228,0.085365054108488936,0.5,0.042682527054244468,0.47875373565311741,0.026111945410029255,205,1,False,-0.12440924776452617,0.2097743018730151,0.7175897487833871,False,False,P1
2022-05-31,VDE,6,2022-11-30,2022-11-30,22,0.026834844076990549,0.35687297719163596,-0.14604084349954405,24.420530945486497,0.1087871100303183,0.5,0.054393555015159148,0.5067030235511113,0.024923775216258777,206,1,False,-0.6708049886009777,0.77959209863129608,0.65684629745168288,False,False,P1
2022-05-31,VMBS,6,2022-11-30,2022-11-30,22,0.14458317422101219,0.15936586924251861,0.00092029898720057395,232.99518105153672,0.061380806013367324,0.5,0.030690403006683662,0.38158534144401218,0.091207989580140758,144,1,False,-0.16735124658937314,0.22873205260274046,0.78052756640065601,False,False,P1
2022-05-31,VOO,6,2022-11-30,2022-11-30,22,0.1185537787843659,0.12760256813065135,0.0088984159876090811,35.564803062231285,0.043099359688488187,0.5,0.021549679844244093,0.28811918608934489,0.030770797129565885,135,1,False,-0.17900242916288622,0.22210178885137438,0.64695530914976396,False,False,P1
2022-05-31,VWO,6,2022-11-30,2022-11-30,22,0.17540293384026806,0.12912755524302816,0.12453792816477015,51.794746792312019,0.12679588921847215,0.5,0.063397944609236076,0.49197048370191987,0.024101678007596807,201,1,False,-0.18452230658489138,0.31131819580336351,0.71971454740685614,False,False,P1
2022-05-31,VXUS,6,2022-11-30,2022-11-30,22,0.15054919529523936,0.15613005003754915,0.035115666107898451,24.420530945486497,0.079673380180626197,0.5,0.039836690090313098,0.36820180069363062,0.076477528845325743,130,1,False,-0.20446805861747544,0.28414143879810161,0.80611043229928281,False,False,P1
2022-06-30,BND,6,2022-12-30,2022-12-30,22,0.14548155724252676,0.17759255413270586,0.064864101264988192,232.99518105153672,0.11611469923133413,0.5,0.058057349615667067,0.45463764171842641,0.066894008867799878,177,1,False,-0.13137668226448429,0.2474913814958184,0.78188165109558705,False,False,P1
2022-06-30,DBC,6,2022-12-30,2022-12-30,22,0.22497266429397245,0.41639175714482324,-0.0023093676590451541,11.513953993264458,0.18318141175435507,0.5,0.091590705877177533,0.44301476261925354,0.052865147266654172,191,1,False,-0.19098136799981452,0.37416277975416962,0.70892650696439419,False,False,P1
2022-06-30,GLD,6,2022-12-30,2022-12-30,22,0.12283868775932105,0.14977461061605329,0.067502364492008859,339.32217718953228,0.1068655226939631,0.5,0.05343276134698155,0.47845002484319166,0.026650857142273689,206,1,False,-0.10671868613907642,0.21358420883303952,0.71817400230715844,False,False,P1
2022-06-30,VDE,6,2022-12-30,2022-12-30,22,-0.12704454027565792,0.55759180349507942,-0.17502780067935081,24.420530945486497,0.19794120729871564,0.5,0.098970603649357822,0.50908958189612663,0.023961533546859225,207,1,False,-0.4609699611703173,0.65891116846903297,0.68156304554663716,False,False,P1
2022-06-30,VMBS,6,2022-12-30,2022-12-30,22,0.14478157914132239,0.18438775804710708,0.055677895648489684,232.99518105153672,0.1047154786192698,0.5,0.052357739309634901,0.38099320484788968,0.092157204561913342,145,1,False,-0.14504713350258241,0.24976261212185219,0.7866804829681473,False,False,P1
2022-06-30,VOO,6,2022-12-30,2022-12-30,22,0.13147869994412997,0.22305882703259519,0.06617263476100832,35.564803062231285,0.11321375638764751,0.5,0.056606878193823755,0.29984233121807147,0.03278472683521836,136,1,False,-0.18681428762809685,0.30002804401574434,0.66469199794453071,False,False,P1
2022-06-30,VWO,6,2022-12-30,2022-12-30,22,0.16890755144078828,0.22629606183074302,0.15734617806584747,51.794746792312019,0.19135264227885734,0.5,0.095676321139428672,0.49320553358675223,0.02532028750384142,202,1,False,-0.14856815179717897,0.33992079407603631,0.71919385085785004,False,False,P1
2022-06-30,VXUS,6,2022-12-30,2022-12-30,22,0.11676419360476409,0.2828893212298399,0.10405719218261991,24.420530945486497,0.17080877203965764,0.5,0.085404386019828818,0.37326391075628362,0.078152926308510964,131,1,False,-0.16792827244841624,0.33873704448807385,0.72372103233092111,False,False,P1
2022-07-29,BND,6,2023-01-31,2023-01-31,22,0.19956313726860675,0.17156171650571533,0.020633290868452055,232.99518105153672,0.088500343577368829,0.5,0.044250171788684414,0.44966382192328935,0.06721272425094367,178,1,False,-0.13941673971466328,0.22791708329203209,0.77686957544073365,False,False,P1
2022-07-29,DBC,6,2023-01-31,2023-01-31,22,0.22146587965620346,0.4092106543067181,0.066232855885530004,11.513953993264458,0.2184076226978805,0.5,0.10920381134894025,0.44368693108664375,0.052024037734059038,192,1,False,-0.16385482596805878,0.38226244866593928,0.70472284340414038,False,False,P1
2022-07-29,GLD,6,2023-01-31,2023-01-31,22,0.083686291880335384,0.1417497139159338,0.077518212059096189,339.32217718953228,0.10826797590883945,0.5,0.054133987954419725,0.47873337787243225,0.026899312101574365,207,1,False,-0.10365968601267278,0.21192766192151224,0.72062264762410511,False,False,P1
2022-07-29,VDE,6,2023-01-31,2023-01-31,22,-0.0013021456999602332,0.66973731876103426,-0.31239538177436377,24.420530945486497,0.18910983466497208,0.5,0.094554917332486041,0.51062877365344439,0.023015570527692951,208,1,False,-0.41918386097737975,0.60829369564235181,0.66870570944480356,False,False,P1
2022-07-29,VMBS,6,2023-01-31,2023-01-31,22,0.2038393833772163,0.18108593624213859,0.024314641822957395,232.99518105153672,0.083088346786610479,0.5,0.041544173393305239,0.37490093566811833,0.092250736821058235,146,1,False,-0.15033664887367146,0.23342499566028194,0.78579379372696523,False,False,P1
2022-07-29,VOO,6,2023-01-31,2023-01-31,22,0.18252519931427924,0.21164356486918975,0.025319398078072423,35.564803062231285,0.08111820391457894,0.5,0.04055910195728947,0.29947165092685452,0.03342789109084697,137,1,False,-0.19435842595917352,0.27547662987375249,0.66441258512626766,False,False,P1
2022-07-29,VWO,6,2023-01-31,2023-01-31,22,0.10707975139504677,0.19566414654982639,0.038224539211341321,51.794746792312019,0.11606628405022333,0.5,0.058033142025111666,0.49442288477973173,0.026145298457955417,203,1,False,-0.18557365926029867,0.30163994331052202,0.72382439317482627,False,False,P1
2022-07-29,VXUS,6,2023-01-31,2023-01-31,22,0.10038593213249425,0.25556900623114331,-0.002954254484398274,24.420530945486497,0.094398029425533422,0.5,0.047199014712766711,0.37657069480123262,0.07881839187728551,132,1,False,-0.20144156193703347,0.29583959136256688,0.80065876235233635,False,False,P1
2022-08-31,BND,6,2023-02-28,2023-02-28,22,0.16515431248733936,0.14890045750799427,0.0051933596850262317,232.99518105153672,0.070702782734285874,0.5,0.035351391367142937,0.45585377508604569,0.068141725975938178,179,1,False,-0.1441848319498997,0.21488761468418557,0.77377113535399689,False,False,P1
2022-08-31,DBC,6,2023-02-28,2023-02-28,22,0.2407093895147564,0.33540691518028354,0.02247087915917997,11.513953993264458,0.16056254401971601,0.5,0.080281272009858004,0.44127760617260292,0.051933037416339888,193,1,False,-0.18698124919494291,0.34754379321465895,0.69935872070659177,False,False,P1
2022-08-31,GLD,6,2023-02-28,2023-02-28,22,0.094139601282954066,0.12684799842986158,0.071829346007748165,339.32217718953228,0.098216462012314543,0.5,0.049108231006157271,0.47960309536699425,0.027985725239509526,208,1,False,-0.12997509695784312,0.22819155897015767,0.72368339513458457,False,False,P1
2022-08-31,VDE,6,2023-02-28,2023-02-28,22,0.10147948184372102,0.50980297685701437,-0.25102220871534686,24.420530945486497,0.13633569418825223,0.5,0.068167847094126113,0.50912865432049759,0.022533665340736989,209,1,False,-0.38428006594181857,0.52061576013007083,0.64630787012472035,False,False,P1
2022-08-31,VMBS,6,2023-02-28,2023-02-28,22,0.16863907369219044,0.15636814297806148,0.0022007276725840084,232.99518105153672,0.061005161193942607,0.5,0.030502580596971304,0.38143231113293052,0.093142971580030057,147,1,False,-0.15130645980782054,0.21231162100176315,0.78482872262044368,False,False,P1
2022-08-31,VOO,6,2023-02-28,2023-02-28,22,0.14823766989845233,0.1665301072014993,0.03839519002494509,35.564803062231285,0.077975884836248802,0.5,0.038987942418124401,0.3088985866105986,0.03489952507779346,138,1,False,-0.18364093836797785,0.26161682320422663,0.66870702267099857,False,False,P1
2022-08-31,VWO,6,2023-02-28,2023-02-28,22,0.16219633168022052,0.16464511249400338,0.017628856052392408,51.794746792312019,0.09069855301473119,0.5,0.045349276507365595,0.49701780422737923,0.027471426074216508,204,1,False,-0.21786322730647784,0.30856178032120901,0.72676724187783237,False,False,P1
2022-08-31,VXUS,6,2023-02-28,2023-02-28,22,0.082382651046722266,0.21530288822839233,0.033992340023846587,24.420530945486497,0.10349994048461569,0.5,0.051749970242307847,0.38336214384148248,0.080512349304386222,133,1,False,-0.1951635269951294,0.29866346747974509,0.79617458688518972,False,False,P1
2022-09-30,BND,6,2023-03-31,2023-03-31,23,0.1836432495137712,0.12274973381117657,0.19103477670910612,10000,0.15982658924636906,0.5,0.079913294623184528,0.45702815929084378,0.068209994037664104,180,1,False,-0.094652904223197554,0.25447949346956661,0.80028524021494196,False,False,P1
2022-09-30,DBC,6,2023-03-31,2023-03-31,23,0.23422103897102187,0.32654135409836649,0.026903487651859896,2.559547922699533,0.1596591759870683,0.5,0.079829587993534151,0.44305377657903222,0.052270623081933955,194,1,False,-0.18470450905214045,0.34436368503920878,0.70103162130500751,False,False,P1
2022-09-30,GLD,6,2023-03-31,2023-03-31,23,0.048469926127491458,0.097860468696428934,0.088350968651722595,10000,0.092939661732539064,0.5,0.046469830866269532,0.48253778424143912,0.028568084971467077,209,1,False,-0.12594559627686625,0.21888525800940528,0.72628115338239296,False,False,P1
2022-09-30,VDE,6,2023-03-31,2023-03-31,23,0.084561576633281232,0.11995988177081846,-0.18610635553527891,10000,-0.029779614703651765,0.5,-0.014889807351825882,0.51076114179586718,0.022704521706737618,210,1,False,-0.41778072181825293,0.38800110711460117,0.59774451168008613,False,False,P1
2022-09-30,VMBS,6,2023-03-31,2023-03-31,23,0.18564353771525988,0.12840526003930666,0.21909261983221104,10000,0.18436179975371475,0.5,0.092180899876857375,0.38297310846636584,0.093039633848770412,148,1,False,-0.082594094000838753,0.26695589375455353,0.80426749865309854,False,False,P1
2022-09-30,VOO,6,2023-03-31,2023-03-31,23,0.077429070420003798,0.27225970875984329,0.0055428492047873146,35.564803062231285,0.089875392683741714,0.5,0.044937696341870857,0.31618752417691232,0.036103436900786108,139,1,False,-0.17767405465262043,0.26754944733636216,0.6752833324773746,False,False,P1
2022-09-30,VWO,6,2023-03-31,2023-03-31,23,0.10730222998163241,0.090890761396596048,0.15380374207947412,10000,0.12243656995502132,0.5,0.061218284977510661,0.49858028953616945,0.028262146599813021,205,1,False,-0.19783790447736535,0.32027447443238666,0.72768877010580602,False,False,P1
2022-09-30,VXUS,6,2023-03-31,2023-03-31,23,0.0094248185322627354,0.2391593514082154,0.13819537253527422,109.85411419875572,0.17758919502674753,0.5,0.088794597513373763,0.39017700105746361,0.081553488193308973,134,1,False,-0.15811624404864519,0.33570543907539274,0.72596211885642592,False,False,P1
2022-10-31,BND,6,2023-04-28,2023-04-28,23,-0.01140740586786948,0.12341414778641609,0.10608255150075754,10000,0.11405185206031451,0.5,0.057025926030157256,0.45981341984935176,0.069340000196323595,181,1,False,-0.13315645076085886,0.24720830282117334,0.79016881204239231,False,False,P1
2022-10-31,DBC,6,2023-04-28,2023-04-28,23,0.11640266045263392,0.30077668313590911,-0.10092952070179309,2.559547922699533,0.078628922619788974,0.5,0.039314461309894487,0.44698947042930776,0.053495633176716947,195,1,False,-0.21969177628815587,0.29832069890794483,0.69165069734893858,False,False,P1
2022-10-31,GLD,6,2023-04-28,2023-04-28,23,-0.1533772219467453,0.098866380062225201,0.075504274790093959,10000,0.086781515936129205,0.5,0.043390757968064603,0.48271510699371417,0.030072018386244834,210,1,False,-0.14947488042598736,0.23625639636211657,0.72930867111896813,False,False,P1
2022-10-31,VDE,6,2023-04-28,2023-04-28,23,0.096831150543607691,0.12273330313970583,-0.21910967327568945,10000,-0.046841748728421694,0.5,-0.023420874364210847,0.50393875677566646,0.022583546786985879,211,1,False,-0.42221120196383977,0.37536945323541804,0.59360952728067151,False,False,P1
2022-10-31,VMBS,6,2023-04-28,2023-04-28,23,-0.00820163954098585,0.12906395550395403,0.16701992646912625,10000,0.15230914880145843,0.5,0.076154574400729216,0.38757479504782483,0.09425785313916582,149,1,False,-0.12188630043149894,0.27419544923295736,0.80296119735083527,False,False,P1
2022-10-31,VOO,6,2023-04-28,2023-04-28,23,-0.025270616844599969,0.29378382119451629,-0.004080298555714579,35.564803062231285,0.091589596640891294,0.5,0.045794798320445647,0.3211863693983294,0.037692628241645307,140,1,False,-0.15717235217706593,0.24876194881795721,0.68103084998351815,False,False,P1
2022-10-31,VWO,6,2023-04-28,2023-04-28,23,-0.09677011974255656,0.091871384173415976,-4.6970221711004068e-05,10000,0.045897862044676552,0.5,0.022948931022338276,0.49984393833777457,0.029940643555645071,206,1,False,-0.26078710183150167,0.30668496387617816,0.73149338700669331,False,False,P1
2022-10-31,VXUS,6,2023-04-28,2023-04-28,23,-0.14228314554823052,0.25470263591226272,-0.0079350414173998841,109.85411419875572,0.095966684465766658,0.5,0.047983342232883329,0.39560860779601392,0.083475498005333479,135,1,False,-0.20861340796420832,0.30458009242997497,0.80886577268019932,False,False,P1
2022-11-30,BND,6,2023-05-31,2023-05-31,23,-0.032907576371519531,0.12330768298330573,0.15569659242866987,10000,0.1406282245738574,0.5,0.070314112286928701,0.46523233146305348,0.069742153714651395,182,1,False,-0.11729096752917346,0.25791919210303088,0.79928102352660391,False,False,P1
2022-11-30,DBC,6,2023-05-31,2023-05-31,23,0.050453542518885897,0.47855412965063565,0.20968205527843306,2.559547922699533,0.33122455193823813,0.5,0.16561227596911907,0.45204581748996525,0.054454279033955867,196,1,False,-0.090544628100935526,0.42176918003917363,0.73989338472895549,False,False,P1
2022-11-30,GLD,6,2023-05-31,2023-05-31,23,-0.13041611151209287,0.098597122409146032,0.074825495462955957,10000,0.086355428179796551,0.5,0.043177714089898275,0.48502917965774806,0.030644645648098916,211,1,False,-0.14553456900907596,0.23188999718887249,0.73154882609983141,False,False,P1
2022-11-30,VDE,6,2023-05-31,2023-05-31,23,0.11440339654069742,0.1238268001652032,0.34000646614006308,10000,0.23168131122202229,0.5,0.11584065561101115,0.50108854794251645,0.022603600076089674,212,1,False,-0.27826136508762778,0.50994267630965007,0.66765951213570263,False,False,P1
2022-11-30,VMBS,6,2023-05-31,2023-05-31,23,-0.026417905701970112,0.12899764274240755,0.20351771382901629,10000,0.17411216044713698,0.5,0.087056080223568491,0.39459910535650961,0.094593355279711466,150,1,False,-0.11034418004628009,0.28445634049341706,0.80698114973862012,False,False,P1
2022-11-30,VOO,6,2023-05-31,2023-05-31,23,-0.074648083269012955,0.34796404607610354,0.13053795278296837,35.564803062231285,0.20161342599921858,0.5,0.10080671299960929,0.32689486408802759,0.03826611157882772,141,1,False,-0.099798968966936949,0.30141239496615552,0.70777242454551326,False,False,P1
2022-11-30,VWO,6,2023-05-31,2023-05-31,23,-0.066829922379939899,0.092681318022437884,0.059332669487679263,10000,0.076005944801056644,0.5,0.038002972400528322,0.49996854583174993,0.030643359933831653,207,1,False,-0.24303837384899049,0.31904431865004712,0.73330250007791198,False,False,P1
2022-11-30,VXUS,6,2023-05-31,2023-05-31,23,-0.088435047709528258,0.2947965726049418,0.11821421270708944,109.85411419875572,0.18914450761981344,0.5,0.09457225380990672,0.40168392218653692,0.083968686955994562,136,1,False,-0.1587696953634348,0.34791420298324827,0.72217352199113882,False,False,P1
2022-12-30,BND,6,2023-06-30,2023-06-30,23,-0.0021730065174077051,0.12281340082509232,0.10744674041066722,10000,0.11462674527936,0.5,0.057313372639679998,0.4672456262489354,0.070156030236661643,183,1,False,-0.12634294978121624,0.24096969506057625,0.79424416578230861,False,False,P1
2022-12-30,DBC,6,2023-06-30,2023-06-30,23,0.10111544334527001,0.48198303849585566,0.08000472507072573,2.559547922699533,0.26225981316523883,0.5,0.13112990658261942,0.45339532508999109,0.05531985459365138,197,1,False,-0.12022371837733165,0.38248353154257048,0.73506331448908035,False,False,P1
2022-12-30,GLD,6,2023-06-30,2023-06-30,23,-0.028864497472010253,0.097982391556659998,0.069466135702797596,10000,0.083317102671021409,0.5,0.041658551335510705,0.485721794586429,0.031079523205227323,212,1,False,-0.14104902175974521,0.22436612443076659,0.73398815273924611,False,False,P1
2022-12-30,VDE,6,2023-06-30,2023-06-30,23,0.073944163420745723,0.1229444852539453,0.17217452652726412,10000,0.14806063420477752,0.5,0.074030317102388762,0.48982068060047734,0.021901026647208232,213,1,False,-0.31305966310278882,0.46112029730756637,0.63914023764089611,False,False,P1
2022-12-30,VMBS,6,2023-06-30,2023-06-30,23,-0.0013588306307765752,0.12849255185350075,0.080395665226090096,10000,0.099519584373762085,0.5,0.049759792186881042,0.3976124129575816,0.09492572762316584,151,1,False,-0.14207569869701595,0.24159528307077802,0.80244432730918314,False,False,P1
2022-12-30,VOO,6,2023-06-30,2023-06-30,23,-0.14654472618684777,0.30922272324441835,0.040712806179552898,35.564803062231285,0.12850910873733357,0.5,0.064254554368666783,0.32697601458262426,0.038922538257456611,142,1,False,-0.13628139002473949,0.26479049876207306,0.69922661376339035,False,False,P1
2022-12-30,VWO,6,2023-06-30,2023-06-30,23,-0.028006323982755266,0.091821150298614332,-0.0047680623861646645,10000,0.043403954288091212,0.5,0.021701977144045606,0.4987308140865202,0.031308091623768942,208,1,False,-0.24947978382803565,0.29288373811612683,0.73344432087145595,False,False,P1
2022-12-30,VXUS,6,2023-06-30,2023-06-30,23,-0.076445328426301584,0.25889846062806909,0.016646240237283963,109.85411419875572,0.11234189387539954,0.5,0.056170946937699771,0.39502487731070424,0.084208070216204564,137,1,False,-0.19716493031595253,0.30950682419135206,0.80134137641944347,False,False,P1
2023-01-31,BND,6,2023-07-31,2023-07-31,23,-0.063103389260131926,0.12236306264375277,0.088537232994585824,10000,0.10454559022469484,0.5,0.05227279511234742,0.47325837669448728,0.070859329731400481,184,1,False,-0.12725285451520305,0.23179844473989789,0.79330603219260054,False,False,P1
2023-01-31,DBC,6,2023-07-31,2023-07-31,23,-0.065314417377166922,0.39665907320461291,0.08943237931338803,2.559547922699533,0.22860638613237905,0.5,0.11430319306618952,0.45300102362936684,0.056158975932351141,198,1,False,-0.12832128884602925,0.35692767497840827,0.73551875895520324,False,False,P1
2023-01-31,GLD,6,2023-07-31,2023-07-31,23,-0.087715485442403152,0.097528602963634067,0.037091341979905053,10000,0.066375133026618766,0.5,0.033187566513309383,0.4845320679671028,0.031326503339852242,213,1,False,-0.14396190630698236,0.21033703933360109,0.73676784766866465,False,False,P1
2023-01-31,VDE,6,2023-07-31,2023-07-31,23,-0.039043478068140125,0.12126677422979322,0.19590541123589367,10000,0.15979948667916638,0.5,0.07989974333958319,0.48374308541802902,0.021792600608202768,214,1,False,-0.30154747201805132,0.46134695869721765,0.63418701292810542,False,False,P1
2023-01-31,VMBS,6,2023-07-31,2023-07-31,23,-0.057468836327228656,0.1280065137739502,0.090563673572579384,10000,0.10576656257868274,0.5,0.052883281289341368,0.40602926819495805,0.095642264832074081,152,1,False,-0.12885246139629589,0.23461902397497861,0.80566162790984208,False,False,P1
2023-01-31,VOO,6,2023-07-31,2023-07-31,23,-0.20810088205889832,0.27999662329271974,0.023718858775246616,35.564803062231285,0.10942290196962491,0.5,0.054711450984812456,0.33441856867974579,0.039926752670441379,143,1,False,-0.1442214900285724,0.25364439199819733,0.69888619631287907,False,False,P1
2023-01-31,VWO,6,2023-07-31,2023-07-31,23,-0.082169200431775113,0.091077694093310624,-0.016831738256454048,10000,0.036929341214831157,0.5,0.018464670607415579,0.49820556276332267,0.031670635450425769,209,1,False,-0.24477286519696673,0.28170220641179788,0.73448322091351725,False,False,P1
2023-01-31,VXUS,6,2023-07-31,2023-07-31,23,-0.11722522250886214,0.23122021658646461,0.0032350224835803651,109.85411419875572,0.093026017667633687,0.5,0.046513008833816843,0.39384572992723732,0.084325301099655942,138,1,False,-0.20214553118353215,0.29517154885116581,0.81990954882419331,False,False,P1
2023-02-28,BND,6,2023-08-31,2023-08-31,23,-0.066938611207320475,0.12198814355611082,0.12639955136473741,10000,0.12428699721910842,0.5,0.062143498609554211,0.47888434651129858,0.07136903234089205,185,1,False,-0.10703627998793583,0.23132327720704424,0.80058496061789131,False,False,P1
2023-02-28,DBC,6,2023-08-31,2023-08-31,23,-0.094989998359070071,0.42226958464129088,0.08000472507072573,2.559547922699533,0.23617458087764295,0.5,0.11808729043882148,0.45628363952659745,0.057086364945328053,199,1,False,-0.11919576389564689,0.35537034477328983,0.74227919342991955,False,False,P1
2023-02-28,GLD,6,2023-08-31,2023-08-31,23,-0.11879065105706132,0.097168796716014985,0.024302578456391138,10000,0.059592384714615601,0.5,0.029796192357307801,0.48430956211403958,0.031620022489119076,214,1,False,-0.13724876764628965,0.19684115236090524,0.73894496192719494,False,False,P1
2023-02-28,VDE,6,2023-08-31,2023-08-31,23,-0.12286387036358204,0.12124733315027511,0.17795311033617578,10000,0.15056430207107369,0.5,0.075282151035536843,0.48299855189908331,0.02216323726511216,215,1,False,-0.29920545814923172,0.44976976022030535,0.63587341708988676,False,False,P1
2023-02-28,VMBS,6,2023-08-31,2023-08-31,23,-0.060262628101555915,0.12765188683987189,0.11327933202997983,10000,0.11923104443824582,0.5,0.059615522219122911,0.41410260646003166,0.096119368157957186,153,1,False,-0.10616163609692464,0.22539268053517048,0.80912438150056165,False,False,P1
2023-02-28,VOO,6,2023-08-31,2023-08-31,23,-0.18240041958353426,0.27530135128268352,0.0060424484211815364,35.564803062231285,0.097496647016447252,0.5,0.048748323508223626,0.33965153101105361,0.040678911817858134,144,1,False,-0.14899605151176354,0.24649269852821082,0.69990043174240646,False,False,P1
2023-02-28,VWO,6,2023-08-31,2023-08-31,23,-0.089494544806962395,0.091345201945146615,-0.0061315190307122576,10000,0.042803738341417007,0.5,0.021401869170708503,0.5020199375012685,0.032292186384853365,210,1,False,-0.2387948316246887,0.28159856996610572,0.73661914422805619,False,False,P1
2023-02-28,VXUS,6,2023-08-31,2023-08-31,23,-0.09848655717070498,0.23647479184659462,0.0043241809523951232,109.85411419875572,0.095033349675632775,0.5,0.047516674837816388,0.3907341375232371,0.084311325199994555,139,1,False,-0.19940011740430652,0.29443346707993928,0.8210695412214809,False,False,P1
