date,benchmark,horizon,available,target_end,fold,y_true,ridge,gbt,ridge_alpha,z,alpha,y_hat,ridge_weight,naive,n_mature_labels,base_prediction,shrinkage_warmup,lower,upper,probability,interval_warmup,calibration_warmup,candidate
2011-03-31,GLD,6,2011-09-30,2011-09-30,0,-0.28401701071603003,-0.10708677576730578,0.10277708441798895,10000,-0.0021548456746584149,1,-0.0021548456746584149,0.5,-0.08862737846908135,71,0,True,,,,True,True,M1
2011-03-31,VDE,6,2011-09-30,2011-09-30,0,0.099415418834995273,0.040901623781540219,0.13943036544984613,75.431200633546069,0.090165994615693176,1,0.090165994615693176,0.5,-0.059909679005032385,72,0,True,,,,True,True,M1
2011-03-31,VWO,6,2011-09-30,2011-09-30,0,0.10124383219870758,-0.094098444527664166,0.089667855602303406,4714.8663634573895,-0.0022152944626803797,1,-0.0022152944626803797,0.5,-0.094106099527342946,67,0,True,,,,True,True,M1
2011-04-29,GLD,6,2011-10-31,2011-10-31,0,-0.22579102504943327,-0.10719067398563391,0.079819641589315635,10000,-0.013685516198159137,1,-0.013685516198159137,0.5,-0.087959807040398574,72,0,True,,,,True,True,M1
2011-04-29,VDE,6,2011-10-31,2011-10-31,0,-0.017906208921042222,0.037274356334513661,0.13008376233628183,75.431200633546069,0.083679059335397737,1,0.083679059335397737,0.5,-0.062748359131225201,73,0,True,,,,True,True,M1
2011-04-29,VWO,6,2011-10-31,2011-10-31,0,0.033072410923070894,-0.094223810357984911,0.089798297509147126,4714.8663634573895,-0.0022127564244188921,1,-0.0022127564244188921,0.5,-0.092573075258765736,68,0,True,,,,True,True,M1
2011-05-31,GLD,6,2011-11-30,2011-11-30,0,-0.27687317792830035,-0.1073220447831134,0.034528836689757744,10000,-0.036396604046677827,1,-0.036396604046677827,0.5,-0.086858114955066387,73,0,True,,,,True,True,M1
2011-05-31,VDE,6,2011-11-30,2011-11-30,0,-0.023523657548478738,0.041168638466606691,0.13840351427564021,75.431200633546069,0.089786076371123458,1,0.089786076371123458,0.5,-0.063352363754367411,74,0,True,,,,True,True,M1
2011-05-31,VWO,6,2011-11-30,2011-11-30,0,0.048390600145445495,-0.094830311146315058,0.096550504980202248,4714.8663634573895,0.00086009691694359514,1,0.00086009691694359514,0.5,-0.090657515881009121,69,0,True,,,,True,True,M1
2011-06-30,GLD,6,2011-12-30,2011-12-30,0,-0.090246847333861346,-0.10722506283884492,0.034945030793728821,10000,-0.03614001602255805,1,-0.03614001602255805,0.5,-0.085665748859487204,74,0,True,,,,True,True,M1
2011-06-30,VDE,6,2011-12-30,2011-12-30,0,-0.034335473599712785,0.030271996842449356,0.13916911420583924,75.431200633546069,0.0847205555241443,1,0.0847205555241443,0.5,-0.062373273911676096,75,0,True,,,,True,True,M1
2011-06-30,VWO,6,2011-12-30,2011-12-30,0,0.11034683099729881,-0.094746781613764375,0.059695796431186429,4714.8663634573895,-0.017525492591288973,1,-0.017525492591288973,0.5,-0.088119395257021602,70,0,True,,,,True,True,M1
2011-07-29,GLD,6,2012-01-31,2012-01-31,0,-0.0090676162106111402,-0.10667460094643534,0.023627161718544339,10000,-0.041523719613945499,1,-0.041523719613945499,0.5,-0.087376621152653836,75,0,True,,,,True,True,M1
2011-07-29,VDE,6,2012-01-31,2012-01-31,0,0.11529533139232195,0.034959457208403114,0.026014881721949126,75.431200633546069,0.030487169465176121,1,0.030487169465176121,0.5,-0.06260854359753168,76,0,True,,,,True,True,M1
2011-07-29,VWO,6,2012-01-31,2012-01-31,0,0.15534467397140495,-0.093541302108807969,0.033545391471761547,4714.8663634573895,-0.029997955318523211,1,-0.029997955318523211,0.5,-0.087571082406287401,71,0,True,,,,True,True,M1
2011-08-31,GLD,6,2012-02-29,2012-02-29,0,0.22737844487220649,-0.10625515523559549,0.019308745241757259,10000,-0.043473204996919118,1,-0.043473204996919118,0.5,-0.091476613022922648,76,0,True,,,,True,True,M1
2011-08-31,VDE,6,2012-02-29,2012-02-29,0,0.024229365829836258,0.030400184630534649,0.037733923316715462,75.431200633546069,0.034067053973625055,1,0.034067053973625055,0.5,-0.061172759211664311,77,0,True,,,,True,True,M1
2011-08-31,VWO,6,2012-02-29,2012-02-29,0,0.10266186127514487,-0.093740158460444714,0.025764236006468693,4714.8663634573895,-0.033987961226988009,1,-0.033987961226988009,0.5,-0.086511726361531122,72,0,True,,,,True,True,M1
2011-09-30,DBC,6,2012-03-30,2012-03-30,1,0.2122481903060931,0.0035983325614641418,0.022679824324848441,51.794746792312019,0.013139078443156291,1,0.013139078443156291,0.5,-0.046954632560350075,62,0,True,,,,True,True,M1
2011-09-30,GLD,6,2012-03-30,2012-03-30,1,0.30500834406360688,-0.078632283318115698,0.051343206669003431,232.99518105153672,-0.056142076787289143,1,-0.056142076787289143,0.82696578768000506,-0.093977137668287691,77,0,True,,,,True,True,M1
2011-09-30,VDE,6,2012-03-30,2012-03-30,1,0.092356368390046573,-0.0066671445690431319,-0.12681970875304507,75.431200633546069,-0.088534037899328774,1,-0.088534037899328774,0.31864214562317233,-0.059113936416194314,78,0,True,,,,True,True,M1
2011-09-30,VWO,6,2012-03-30,2012-03-30,1,0.088841029688532913,-0.091929273719551549,-0.14598269519282331,3237.4575428176399,-0.14579353771271467,1,-0.14579353771271467,0.003499454335229836,-0.083939732408651144,73,0,True,,,,True,True,M1
2011-10-31,DBC,6,2012-04-30,2012-04-30,1,0.12104495917566793,-0.0094562028926716071,0.0284715513249836,51.794746792312019,0.0095076742161559966,1,0.0095076742161559966,0.5,-0.046130351155516003,63,0,True,,,,True,True,M1
2011-10-31,GLD,6,2012-04-30,2012-04-30,1,0.17495273296235625,-0.07615299279013113,0.060562356805295078,232.99518105153672,-0.055085109639693597,1,-0.055085109639693597,0.84589965053095717,-0.095667059301379309,78,0,True,,,,True,True,M1
2011-10-31,VDE,6,2012-04-30,2012-04-30,1,0.14132043265264094,-0.010965690390625712,-0.14401139727665574,75.431200633546069,-0.046592842492716287,1,-0.046592842492716287,0.73221870185853044,-0.058592319612458213,79,0,True,,,,True,True,M1
2011-10-31,VWO,6,2012-04-30,2012-04-30,1,0.11580262722532919,-0.093087997180853241,0.015124717483499353,3237.4575428176399,0.010483079982786522,1,0.010483079982786522,0.042893642536461364,-0.082358487228492733,74,0,True,,,,True,True,M1
2011-11-30,DBC,6,2012-05-31,2012-05-31,1,0.27541495190717158,0.024618790615230771,0.0071320222809891963,51.794746792312019,0.015875406448109985,1,0.015875406448109985,0.5,-0.046518863008323197,64,0,True,,,,True,True,M1
2011-11-30,GLD,6,2012-05-31,2012-05-31,1,0.31887367991302329,-0.074939798658515355,0.072511764429278786,232.99518105153672,-0.048881162855835013,1,-0.048881162855835013,0.82327324812986369,-0.097960807638428946,79,0,True,,,,True,True,M1
2011-11-30,VDE,6,2012-05-31,2012-05-31,1,0.22273860392432687,-0.0014859751804678911,-0.065530794875474349,75.431200633546069,-0.014696353260668463,1,-0.014696353260668463,0.79373229336719353,-0.058153961336658476,80,0,True,,,,True,True,M1
2011-11-30,VWO,6,2012-05-31,2012-05-31,1,0.21418601098807111,-0.092398526411477028,0.070342954646145373,3237.4575428176399,0.060770403557829693,1,0.060770403557829693,0.058820597097345433,-0.080615166063506882,75,0,True,,,,True,True,M1
2011-12-30,DBC,6,2012-06-29,2012-06-29,1,0.12913998782389102,0.0039918187208661943,0.013945699614511448,51.794746792312019,0.0089687591676888209,1,0.0089687591676888209,0.5,-0.045815839561753259,65,0,True,,,,True,True,M1
2011-12-30,GLD,6,2012-06-29,2012-06-29,1,0.067474942796318826,-0.083477768365129323,0.042814280078967593,232.99518105153672,-0.064003590113796319,1,-0.064003590113796319,0.84580044039785107,-0.097864383134621827,80,0,True,-0.34586575515516793,0.21785857492757532,,False,True,M1
2011-12-30,VDE,6,2012-06-29,2012-06-29,1,0.12344613042352826,-0.016068874242924913,-0.16123525875365699,75.431200633546069,-0.041806679867701216,1,-0.041806679867701216,0.82270133880152185,-0.057859905932498651,81,0,True,-0.1608627089915583,0.077249349256155869,,False,True,M1
2011-12-30,VWO,6,2012-06-29,2012-06-29,1,0.043514565370284419,-0.092880940732258319,0.025644255767570574,3237.4575428176399,0.018721051190834517,1,0.018721051190834517,0.058411247407179387,-0.078102508207443647,76,0,True,-0.10915127239775325,0.1465933747794223,,False,True,M1
2012-01-31,DBC,6,2012-07-31,2012-07-31,1,-0.0045013063407751686,0.016847473242264238,0.019947880181475808,51.794746792312019,0.018397676711870023,1,0.018397676711870023,0.5,-0.043190964140973363,66,0,True,,,,True,True,M1
2012-01-31,GLD,6,2012-07-31,2012-07-31,1,0.035829187182332634,-0.091375275671235295,0.010406547011601814,232.99518105153672,-0.071085053121284575,1,-0.071085053121284575,0.80064984085442059,-0.096768126752843922,81,0,True,-0.35294721816265617,0.21077711192008705,,False,True,M1
2012-01-31,VDE,6,2012-07-31,2012-07-31,1,-0.010698659940103217,-0.012007644583772667,-0.15655520677893248,75.431200633546069,-0.043491912633115304,1,-0.043491912633115304,0.78218748506575042,-0.05574825669683011,82,0,True,-0.1625479417569724,0.075564116490741781,,False,True,M1
2012-01-31,VWO,6,2012-07-31,2012-07-31,1,0.020729199067342829,-0.093705910549895341,-0.033980301080550696,3237.4575428176399,-0.039343304216682369,1,-0.039343304216682369,0.089794029458742333,-0.075070726620705353,77,0,True,-0.22468593350661051,0.14599932507324578,,False,True,M1
2012-02-29,DBC,6,2012-08-31,2012-08-31,1,-0.058674233038552015,0.010455122965776088,0.015974831375873296,51.794746792312019,0.013214977170824692,1,0.013214977170824692,0.5,-0.03963103024804672,67,0,True,,,,True,True,M1
2012-02-29,GLD,6,2012-08-31,2012-08-31,1,-0.042147642746985903,-0.097077048254142387,-0.045806998830343545,232.99518105153672,-0.081298656172077058,1,-0.081298656172077058,0.69224932959122076,-0.092815119781806718,82,0,True,-0.36316082121344867,0.20056350886929458,,False,True,M1
2012-02-29,VDE,6,2012-08-31,2012-08-31,1,-0.018401669947444299,-0.015257128708973756,-0.12589604021207051,75.431200633546069,-0.039246681295534901,1,-0.039246681295534901,0.7831725542067568,-0.054784670883255816,83,0,True,-0.15830271041939198,0.079809347828322191,,False,True,M1
2012-02-29,VWO,6,2012-08-31,2012-08-31,1,0.010238367842802854,-0.092899639961172828,0.032826548860296824,3237.4575428176399,0.020633377296472685,1,0.020633377296472685,0.09698195481880359,-0.072792103698963675,78,0,True,-0.16470925199345546,0.20597600658640083,,False,True,M1
2012-03-30,DBC,6,2012-09-28,2012-09-28,2,-0.10109649122807041,-0.014593555764293421,-0.061771449209515446,109.85411419875572,-0.040437955153401373,1,-0.040437955153401373,0.45219259484072288,-0.035926924063427013,68,0,True,,,,True,True,M1
2012-03-30,GLD,6,2012-09-28,2012-09-28,2,-0.16552715986858357,-0.093882120086826643,-0.12455814962460805,10000,-0.10583299569223759,1,-0.10583299569223759,0.61041647874631477,-0.088022066000536678,83,0,True,-0.46698341654313363,0.25531742515865846,,False,True,M1
2012-03-30,VDE,6,2012-09-28,2012-09-28,2,-0.1223766775752847,-0.0062273227564392103,-0.14360013913331063,51.794746792312019,-0.034308521399440572,1,-0.034308521399440572,0.7955840217618978,-0.05303299184428794,84,0,True,-0.21519892768881593,0.14658188488993479,,False,True,M1
2012-03-30,VWO,6,2012-09-28,2012-09-28,2,-0.076818068648375593,0.043432847793160714,-0.0064562943444021973,51.794746792312019,0.0023533203439347946,1,0.0023533203439347946,0.17658380783629452,-0.070746114668742199,79,0,True,-0.23228124705731279,0.23698788774518237,,False,True,M1
2012-04-30,DBC,6,2012-10-31,2012-10-31,2,0.075186001087504839,-0.0048332584850908286,-0.077642749851166967,109.85411419875572,-0.047863153096954207,1,-0.047863153096954207,0.40900707030742772,-0.033651969233874909,69,0,True,,,,True,True,M1
2012-04-30,GLD,6,2012-10-31,2012-10-31,2,0.021549981018549769,-0.09384891488333208,-0.13798273051990984,10000,-0.11337539336729285,1,-0.11337539336729285,0.55756196915416101,-0.084891413631930812,84,0,True,-0.4745258142181889,0.24777502748360319,,False,True,M1
2012-04-30,VDE,6,2012-10-31,2012-10-31,2,0.040863996094121502,0.013435667354523659,-0.1516457196142931,51.794746792312019,-0.02102749414083575,1,-0.02102749414083575,0.79123532865719515,-0.050746480967853481,85,0,True,-0.20894076928619296,0.16688578100452148,,False,True,M1
2012-04-30,VWO,6,2012-10-31,2012-10-31,2,0.06423822246614741,0.052453736245090102,-0.073655580648506122,51.794746792312019,-0.051179209997698975,1,-0.051179209997698975,0.17822926334436817,-0.06841425539506632,80,0,True,-0.28581377739894653,0.1834553574035486,,False,True,M1
2012-05-31,DBC,6,2012-11-30,2012-11-30,2,-0.051746630125066639,-0.0024976377598796909,-0.084690236985924927,109.85411419875572,-0.046439112728419635,1,-0.046439112728419635,0.46538404452093601,-0.029236727503288533,70,0,True,,,,True,True,M1
2012-05-31,GLD,6,2012-11-30,2012-11-30,2,-0.060620583753068003,-0.093833309127008047,-0.16823964737430594,10000,-0.13023451869873803,1,-0.13023451869873803,0.51077810803232326,-0.080141236060813692,85,0,True,-0.49798936146759631,0.23752032407012025,,False,True,M1
2012-05-31,VDE,6,2012-11-30,2012-11-30,2,-0.057956479063156818,0.019098341363078225,-0.1516457196142931,51.794746792312019,-0.02247605275328932,1,-0.02247605275328932,0.75651045267174832,-0.047566421841200218,86,0,True,-0.25991100993828464,0.21495890443170601,,False,True,M1
2012-05-31,VWO,6,2012-11-30,2012-11-30,2,-0.10512854512816872,0.051710760070463588,-0.079637196330856877,51.794746792312019,-0.0561786373922969,1,-0.0561786373922969,0.1785985833451775,-0.064925363217496729,81,0,True,-0.2908132047935445,0.17845593000895069,,False,True,M1
2012-06-29,DBC,6,2012-12-31,2012-12-31,2,-0.027661078234145098,-0.01221736209627175,-0.049417265151148325,109.85411419875572,-0.032148621172419733,1,-0.032148621172419733,0.46421206940389659,-0.027006069540933892,71,0,True,-0.29168816663148134,0.22739092428664187,,False,True,M1
2012-06-29,GLD,6,2012-12-31,2012-12-31,2,0.010874759764625042,-0.093741416885869011,-0.27872707691679099,10000,-0.19001981170569329,1,-0.19001981170569329,0.47953590130321189,-0.078424768864800529,86,0,True,-0.55183067474838554,0.17179105133699898,,False,True,M1
2012-06-29,VDE,6,2012-12-31,2012-12-31,2,-0.0042991290954275119,8.3562715229551499e-05,-0.14934893643923039,51.794746792312019,-0.035049609854844864,1,-0.035049609854844864,0.76488934623411986,-0.045600760320915978,87,0,True,-0.2724845670398402,0.20238534733015046,,False,True,M1
2012-06-29,VWO,6,2012-12-31,2012-12-31,2,-0.078547651734469426,0.025113569306499328,-0.068752851791746797,51.794746792312019,-0.053363564387033831,1,-0.053363564387033831,0.1639488032531424,-0.063602925063987195,82,0,True,-0.28799813178828143,0.18127100301421376,,False,True,M1
2012-07-31,DBC,6,2013-01-31,2013-01-31,2,0.18826481687196672,-0.0084041020872510294,-0.0029417992116389587,109.85411419875572,-0.0054955585293594315,0.050000000000000003,-0.0002747779264679716,0.46752429806161466,-0.026693503385376127,72,0,False,-0.25981432338552957,0.25926476753259364,,False,True,M1
2012-07-31,GLD,6,2013-01-31,2013-01-31,2,0.1900409394910052,-0.093852984230594363,-0.20985668168902286,10000,-0.15691023659028605,0.050000000000000003,-0.0078455118295143022,0.45642032330659899,-0.077111505002189801,87,0,False,-0.36959633467295239,0.35390531101392375,,False,True,M1
2012-07-31,VDE,6,2013-01-31,2013-01-31,2,0.10885906189877703,0.01064364683640015,-0.1300698580517346,51.794746792312019,-0.018528199014904521,0.050000000000000003,-0.00092640995074522604,0.79268623950134798,-0.045204145543861284,88,0,False,-0.23836136713574055,0.2365085472342501,,False,True,M1
2012-07-31,VWO,6,2013-01-31,2013-01-31,2,0.081467235293686491,0.060830571817936288,0.021920042138192066,51.794746792312019,0.028346508480149975,0.050000000000000003,0.0014173254240074989,0.16516008378326841,-0.062586875375657922,83,0,False,-0.23321724197724009,0.23605189282525507,,False,True,M1
2012-08-31,DBC,6,2013-02-28,2013-02-28,2,0.37976193880378017,0.0055157359091317429,0.017047039987177853,109.85411419875572,0.0115812095304116,0.050000000000000003,0.00057906047652058,0.47399933431400704,-0.027131595572405933,73,0,False,-0.25896048498254104,0.26011860593558217,,False,True,M1
2012-08-31,GLD,6,2013-02-28,2013-02-28,2,0.40693380548149616,-0.093613629967046641,-0.18481145584985798,10000,-0.144209437290958,0.050000000000000003,-0.0072104718645479007,0.44520818523758782,-0.076714188385653401,88,0,False,-0.36891126120860745,0.35449031747951171,,False,True,M1
2012-08-31,VDE,6,2013-02-28,2013-02-28,2,0.24332157842173729,0.023516074750063995,-0.11485002613914029,51.794746792312019,-0.0028260660790330964,0.050000000000000003,-0.00014130330395165482,0.80961998162981852,-0.044902994132665588,89,0,False,-0.23757626048894698,0.23729365388104368,,False,True,M1
2012-08-31,VWO,6,2013-02-28,2013-02-28,2,0.22436459453226609,0.071024277651385817,0.021920042138192066,51.794746792312019,0.0297042552413311,0.050000000000000003,0.0014852127620665551,0.15852427029532926,-0.061719908194485772,84,0,False,-0.18796507803713813,0.19093550356127126,,False,True,M1
2012-09-28,DBC,6,2013-03-29,2013-03-29,3,0.33615249051031937,-0.0081913883466592681,0.030200275095426825,159.98587196060572,0.012991743226435967,0.050000000000000003,0.00064958716132179845,0.44823616186753584,-0.028131121189374369,74,0,False,-0.25888995829773981,0.2601891326203834,,False,True,M1
2012-09-28,GLD,6,2013-03-29,2013-03-29,3,0.38972789344916159,-0.096701424710602543,-0.014517409464232738,10000,-0.050656189489899223,0.050000000000000003,-0.0025328094744949611,0.43973003652024406,-0.077712086941641376,89,0,False,-0.29659316771733185,0.29152754876834192,,False,True,M1
2012-09-28,VDE,6,2013-03-29,2013-03-29,3,0.20880842163514335,0.01640225129901645,-0.064340877247790626,51.794746792312019,-0.0017448174149188689,0.050000000000000003,-8.7240870745943446e-05,0.77524937365517854,-0.04576381283758358,90,0,False,-0.23752219805574126,0.23734771631424939,,False,True,M1
2012-09-28,VWO,6,2013-03-29,2013-03-29,3,0.24821654988322761,0.055447055919783619,0.021587558974942609,75.431200633546069,0.027121011461071855,0.050000000000000003,0.0013560505730535928,0.16342394262807702,-0.061897533611590352,85,0,False,-0.1877782662638991,0.1904903674100063,,False,True,M1
2012-10-31,DBC,6,2013-04-30,2013-04-30,3,0.2325866241015071,0.0027671227325113679,0.063603022408586618,159.98587196060572,0.033665198687371854,0.050000000000000003,0.0016832599343685928,0.49210784882973174,-0.026753559559015982,75,0,False,-0.25785628552469303,0.26122280539343018,,False,True,M1
2012-10-31,GLD,6,2013-04-30,2013-04-30,3,0.33043618952149034,-0.096442222671098185,-0.11886690964506907,10000,-0.10871874434466768,0.050000000000000003,-0.0054359372172333841,0.4525443459781946,-0.076609175075417035,90,0,False,-0.29862499594567993,0.28775312151121313,,False,True,M1
2012-10-31,VDE,6,2013-04-30,2013-04-30,3,0.10411570921812041,0.026913331646917345,-0.032002248918418442,51.794746792312019,0.015005087762515633,0.050000000000000003,0.00075025438812578163,0.79787615143339219,-0.044811858893279127,91,0,False,-0.23668470279686954,0.23818521157312111,,False,True,M1
2012-10-31,VWO,6,2013-04-30,2013-04-30,3,0.13826999901114378,0.07082646076456979,0.069428957238246242,75.431200633546069,0.069708198300689084,0.050000000000000003,0.0034854099150344545,0.19981420954082385,-0.060430838773477123,86,0,False,-0.18537807209713078,0.1923488919271997,,False,True,M1
2012-11-30,DBC,6,2013-05-31,2013-05-31,3,0.29426522999731686,0.0033942832447559565,0.086099537053765829,159.98587196060572,0.046043206470011526,0.050000000000000003,0.0023021603235005763,0.48432631228308476,-0.027082415750674545,76,0,False,-0.20352144416122783,0.208125764808229,,False,True,M1
2012-11-30,GLD,6,2013-05-31,2013-05-31,3,0.4080458624655634,-0.096395746575343499,-0.080067686928375154,10000,-0.087729123806132361,0.050000000000000003,-0.0043864561903066181,0.46921906481274506,-0.076433476269676934,91,0,False,-0.29682038867294813,0.28804747629233485,,False,True,M1
2012-11-30,VDE,6,2013-05-31,2013-05-31,3,0.077908839046333389,0.034723324679927899,-0.015696190121862085,51.794746792312019,0.024104716923364501,0.050000000000000003,0.0012052358461682251,0.78939488413747261,-0.044954735199473454,92,0,False,-0.23622972133882711,0.23864019303116354,,False,True,M1
2012-11-30,VWO,6,2013-05-31,2013-05-31,3,0.21433677585018152,0.081157865968077517,0.091906295607197402,75.431200633546069,0.089906041047348145,0.050000000000000003,0.0044953020523674078,0.18609737673391377,-0.060944605513186222,87,0,False,-0.15317724162583224,0.16216784573056703,,False,True,M1
2012-12-31,DBC,6,2013-06-28,2013-06-28,3,0.32493265191947918,0.0046710371813341797,0.099955384200066083,159.98587196060572,0.053486088274296725,0.050000000000000003,0.0026743044137148364,0.48769076327546201,-0.027089930847862476,77,0,False,-0.20247785080883443,0.20782645963626409,,False,True,M1
2012-12-31,GLD,6,2013-06-28,2013-06-28,3,0.49251781655632898,-0.096565274759174022,-0.090523732876059165,10000,-0.093585843902003904,0.050000000000000003,-0.0046792921951001954,0.50684263805285334,-0.075484473704086702,92,0,False,-0.27759541365902191,0.26823682926882148,,False,True,M1
2012-12-31,VDE,6,2013-06-28,2013-06-28,3,0.11218359969344638,0.048226642898094273,-0.067489777702040094,51.794746792312019,0.026025409977556341,0.050000000000000003,0.0013012704988778171,0.80814103300640672,-0.044517578144591237,93,0,False,-0.23613368668611751,0.23873622768387315,,False,True,M1
2012-12-31,VWO,6,2013-06-28,2013-06-28,3,0.3372885676530778,0.086972885979905531,0.14502600275802541,75.431200633546069,0.134791569425185,0.050000000000000003,0.0067395784712592499,0.17629429565266236,-0.061144640129337173,88,0,False,-0.150666906691443,0.1641460636339615,,False,True,M1
2013-01-31,DBC,6,2013-07-31,2013-07-31,3,0.22603268228646956,-0.0010446388285944366,0.077423677785144362,159.98587196060572,0.039177525854730319,0.050000000000000003,0.001958876292736516,0.48740884959570585,-0.024328972543762102,78,0,False,-0.18850244888106218,0.19242020146653524,,False,True,M1
2013-01-31,GLD,6,2013-07-31,2013-07-31,3,0.34729894118004645,-0.096604708687929725,-0.089124620391899612,10000,-0.093056403696559084,0.050000000000000003,-0.0046528201848279544,0.52563327450909658,-0.072629361734247,93,0,False,-0.27744750214317337,0.26814186177351751,,False,True,M1
2013-01-31,VDE,6,2013-07-31,2013-07-31,3,0.067482958701918783,0.033578487172108436,-0.060359678174821588,51.794746792312019,0.015965792421828044,0.050000000000000003,0.00079828962109140225,0.81250757149414576,-0.042885911761151141,94,0,False,-0.23663666756390392,0.23823324680608673,,False,True,M1
2013-01-31,VWO,6,2013-07-31,2013-07-31,3,0.23663801286909691,0.075068003711727338,0.015045979647433157,75.431200633546069,0.02636209181179518,0.050000000000000003,0.001318104590589759,0.1885326651470545,-0.059542259506606562,89,0,False,-0.15585362305843831,0.15848983223961782,,False,True,M1
2013-02-28,DBC,6,2013-08-30,2013-08-30,3,0.048216547066272764,0.0067857556915358747,0.060698623752614471,159.98587196060572,0.034459234162492663,0.050000000000000003,0.0017229617081246332,0.48669993887906043,-0.01921389771657802,79,0,False,-0.26778686148995334,0.27123278490620262,,False,True,M1
2013-02-28,GLD,6,2013-08-30,2013-08-30,3,0.13411673778283828,-0.09679356232957867,-0.189223752815601,10000,-0.13980877551051787,0.050000000000000003,-0.0069904387755258942,0.53461944679813089,-0.067527625912802924,94,0,False,-0.30206731311848506,0.28808643556743324,,False,True,M1
2013-02-28,VDE,6,2013-08-30,2013-08-30,3,-0.035373124236404374,0.056494954221441372,-0.062391870033212622,51.794746792312019,0.033002386017512687,0.050000000000000003,0.0016501193008756345,0.80239552741683207,-0.039873201338173368,95,0,False,-0.24181276242481331,0.24511300102656458,,False,True,M1
2013-02-28,VWO,6,2013-08-30,2013-08-30,3,0.13806252523931739,0.087657248318291317,-0.011516811721031507,75.431200633546069,0.010170602131738085,0.050000000000000003,0.00050853010658690422,0.21868030656575385,-0.056387738906174649,90,0,False,-0.18900484945892693,0.19002190967210075,,False,True,M1
2013-03-29,BND,6,2013-09-30,2013-09-30,4,0.10127215270764489,-0.0060002696955152573,-0.16077259582848433,10000,-0.083386432761999793,0.050000000000000003,-0.0041693216380999897,0.5,0.0066418126404495081,66,1,False,,,,True,True,M1
2013-03-29,DBC,6,2013-09-30,2013-09-30,4,0.13385180077136882,0.085208235468082691,0.073198516927595478,51.794746792312019,0.078950312423314961,0.050000000000000003,0.0039475156211657486,0.47892841754192572,-0.014771817863741802,80,0,False,-0.33491538580308272,0.34281041704541421,,False,True,M1
2013-03-29,GLD,6,2013-09-30,2013-09-30,4,0.24620446046169997,-0.073083227198161446,-0.2424554830933203,3237.4575428176399,-0.15432334336981515,0.050000000000000003,-0.0077161671684907581,0.52034578660898734,-0.062714409919519085,95,0,False,-0.37805057416416993,0.36261823982718838,,False,True,M1
2013-03-29,VDE,6,2013-09-30,2013-09-30,4,0.019964211771014373,0.0843977687467551,-0.050962848066888611,51.794746792312019,0.056145410759631829,0.050000000000000003,0.0028072705379815917,0.79128081230584668,-0.037282767765534658,96,0,False,-0.24065561118770734,0.24627015226367055,,False,True,M1
2013-03-29,VWO,6,2013-09-30,2013-09-30,4,0.11607772792845594,0.12131746937086969,-0.040077532534516944,75.431200633546069,-0.00032678717123931937,0.050000000000000003,-1.633935856196597e-05,0.24629477303504357,-0.053040439029368031,91,0,False,-0.23529437686027932,0.2352616981431554,,False,True,M1
2013-04-30,BND,6,2013-10-31,2013-10-31,4,0.069064409114923064,-0.0062429877964317107,-0.16292483285881956,10000,-0.084583910327625633,0.050000000000000003,-0.0042291955163812822,0.5,0.0090580605694564748,67,1,False,,,,True,True,M1
2013-04-30,DBC,6,2013-10-31,2013-10-31,4,0.05997390733944219,0.071698272890320686,0.073198516927595478,51.794746792312019,0.072498593857623569,0.050000000000000003,0.0036249296928811785,0.46653947796608708,-0.011718009938244902,81,0,False,-0.33499797186884939,0.34224783125461178,,False,True,M1
2013-04-30,GLD,6,2013-10-31,2013-10-31,4,0.12418066101221636,-0.074292645200707108,-0.25710384612345027,3237.4575428176399,-0.16188332800789673,0.050000000000000003,-0.0080941664003948369,0.52086807391957446,-0.058619091175341899,96,0,False,-0.378299595184733,0.36211126238394331,0.88556175187602104,False,False,M1
2013-04-30,VDE,6,2013-10-31,2013-10-31,4,-0.080635695327173851,0.076180757082821626,-0.050962848066888611,51.794746792312019,0.049468787170888304,0.050000000000000003,0.0024734393585444155,0.78990709064384113,-0.035825051507971203,97,0,False,-0.24098944236714454,0.24593632108423336,0.52849264999870438,False,False,M1
2013-04-30,VWO,6,2013-10-31,2013-10-31,4,0.043811268332934583,0.12261273827739248,-0.03328395301629257,75.431200633546069,0.0061371693190178066,0.050000000000000003,0.00030685846595089036,0.25286695957547378,-0.05096097774631899,92,0,False,-0.23493900553074304,0.2355527224626448,0.88580398527371385,False,False,M1
2013-05-31,BND,6,2013-11-29,2013-11-29,4,0.1004965959212375,-0.0063201610112467738,-0.18469081515201388,10000,-0.095505488081630327,0.050000000000000003,-0.0047752744040815169,0.5,0.012254851549905056,68,1,False,,,,True,True,M1
2013-05-31,DBC,6,2013-11-29,2013-11-29,4,0.10925822934672236,0.057162936375727003,0.058563779028970038,51.794746792312019,0.057929712785472161,0.050000000000000003,0.0028964856392736083,0.45263202261151619,-0.0079865070122014659,82,0,False,-0.29487189519123352,0.30066486646978069,,False,True,M1
2013-05-31,GLD,6,2013-11-29,2013-11-29,4,0.19443946439510806,-0.074840209087944309,-0.28224705399303868,3237.4575428176399,-0.17500104885103787,0.050000000000000003,-0.0087500524425518939,0.51708035571861022,-0.053808112271827413,97,0,False,-0.40293186162641925,0.38543175674131547,0.92246368427396452,False,False,M1
2013-05-31,VDE,6,2013-11-29,2013-11-29,4,0.0079571611051172386,0.065969844681474363,-0.050962848066888611,51.794746792312019,0.04151221327418779,0.050000000000000003,0.0020756106637093894,0.79084009071852168,-0.03466450160435585,98,0,False,-0.24138727106197955,0.24553849238939834,0.56874736886738309,False,False,M1
2013-05-31,VWO,6,2013-11-29,2013-11-29,4,0.075438547674787415,0.11195014164590204,-0.03328395301629257,75.431200633546069,0.0047968334554454525,0.050000000000000003,0.00023984167277227265,0.26220280134848184,-0.048108313729152315,93,0,False,-0.2237590815860985,0.22423876493164305,0.88789810259120816,False,False,M1
2013-06-28,BND,6,2013-12-31,2013-12-31,4,0.060708907927270905,-0.0061480931880496976,-0.16999502554235854,10000,-0.088071559365204125,0.050000000000000003,-0.0044035779682602061,0.5,0.01587129979897179,69,1,False,,,,True,True,M1
2013-06-28,DBC,6,2013-12-31,2013-12-31,4,0.036258505339504365,0.049019158672683215,0.067159868863159819,51.794746792312019,0.059185752427231543,0.050000000000000003,0.0029592876213615773,0.43957024571807973,-0.0039754328082053127,83,0,False,-0.33527361416377738,0.34119218940650048,,False,True,M1
2013-06-28,GLD,6,2013-12-31,2013-12-31,4,0.081616765466351215,-0.074917024323594067,-0.28577360364007814,3237.4575428176399,-0.17724571205543441,0.050000000000000003,-0.0088622856027717207,0.5147000484236699,-0.048233357896029901,98,0,False,-0.42678169164906066,0.40905712044351716,0.93818334063564413,False,False,M1
2013-06-28,VDE,6,2013-12-31,2013-12-31,4,-0.078978943951848901,0.054454992313177061,-0.029889061621400179,51.794746792312019,0.037231401073783726,0.050000000000000003,0.0018615700536891865,0.79579365188264395,-0.033181187449832596,99,0,False,-0.23584738370133768,0.23957052380871607,0.59927019427451356,False,False,M1
2013-06-28,VWO,6,2013-12-31,2013-12-31,4,0.0022070385248151858,0.089392478147110974,-0.03328395301629257,75.431200633546069,-0.00010368163210319062,0.050000000000000003,-5.1840816051595312e-06,0.27046981290149902,-0.044008346905937107,94,0,False,-0.25066970565867219,0.25065933749546188,0.88309957237412984,False,False,M1
2013-07-31,BND,6,2014-01-31,2014-01-31,4,-0.08765649048181412,-0.0061704217945403907,-0.15777980081099197,10000,-0.081975111302766177,0.050000000000000003,-0.0040987555651383093,0.5,0.018026480975858624,70,1,False,,,,True,True,M1
2013-07-31,DBC,6,2014-01-31,2014-01-31,4,-0.032587484581307335,0.03192857430246656,0.079824625470882413,51.794746792312019,0.059237554576704293,0.050000000000000003,0.0029618777288352147,0.42982814641207584,-0.0012372409618401359,84,0,False,-0.33511043591300127,0.3410341913706717,,False,True,M1
2013-07-31,GLD,6,2014-01-31,2014-01-31,4,-0.002632240260478369,-0.075799004261530231,-0.25256521434360596,3237.4575428176399,-0.1618888074091723,0.050000000000000003,-0.0080944403704586148,0.51297364407106394,-0.044238082147786711,99,0,False,-0.42584971038630204,0.40966082964538486,0.92936418353639672,False,False,M1
2013-07-31,VDE,6,2014-01-31,2014-01-31,4,-0.084067451355699485,0.039318857827077447,-0.021878559036040301,51.794746792312019,0.027138880606850994,0.050000000000000003,0.0013569440303425498,0.80097236379323333,-0.032174545988315081,100,0,False,-0.23634009683033511,0.23905398489102023,0.62932088417250287,False,False,M1
2013-07-31,VWO,6,2014-01-31,2014-01-31,4,-0.023342215149227408,0.064693716173815349,-0.03328395301629257,75.431200633546069,-0.0045795370610229704,0.050000000000000003,-0.00022897685305114853,0.29296896111678145,-0.041054174697778854,95,0,False,-0.25072810615764457,0.25027015245154233,0.88126704447455206,False,False,M1
2013-08-30,BND,6,2014-02-28,2014-02-28,4,-0.014542823539740901,-0.0064705323431143002,-0.17044698529090677,10000,-0.088458758817010527,0.050000000000000003,-0.0044229379408505269,0.5,0.018334550071582276,71,1,False,,,,True,True,M1
2013-08-30,DBC,6,2014-02-28,2014-02-28,4,0.036134457427679401,0.0085162239617032585,0.10613535847134405,51.794746792312019,0.064600082879278167,0.050000000000000003,0.0032300041439639084,0.4254829322212838,-0.00065543169092116061,85,0,False,-0.32049996067771519,0.326959968965643,,False,True,M1
2013-08-30,GLD,6,2014-02-28,2014-02-28,4,0.068252704639162887,-0.077073895549903279,-0.30174667462349697,3237.4575428176399,-0.18494952861352149,0.050000000000000003,-0.0092474764306760739,0.51985445896726756,-0.042454533948480463,100,0,False,-0.42182245831072729,0.40332750544937512,0.96285048383851835,False,False,M1
2013-08-30,VDE,6,2014-02-28,2014-02-28,4,-0.077872074844086203,0.02436341015174515,0.03563628243944475,51.794746792312019,0.026754632724597154,0.050000000000000003,0.0013377316362298578,0.7878781457090408,-0.032206215079880328,101,0,False,-0.23634838907129438,0.23902385234375409,0.59692454844903398,False,False,M1
2013-08-30,VWO,6,2014-02-28,2014-02-28,4,-0.02889770901575206,0.061370529394870768,0.018472341229983667,75.431200633546069,0.031936834467166719,0.050000000000000003,0.001596841723358336,0.31387090721477073,-0.039188375740100763,96,0,False,-0.23468478247445437,0.23787846592117104,0.93147684436078904,False,False,M1
2013-09-30,BND,6,2014-03-31,2014-03-31,5,-0.10519925241864547,0.015043693913289859,-0.044325085105861868,10000,0.006522581708247422,0.050000000000000003,0.00032612908541237111,0.8564714931682591,0.019486461219305366,72,1,False,,,,True,True,M1
2013-09-30,DBC,6,2014-03-31,2014-03-31,5,-0.097298604510697051,0.054401179477370089,0.15328402938472477,35.564803062231285,0.11087248678269795,0.050000000000000003,0.0055436243391348977,0.42890696052715943,0.00090860589584965319,86,1,False,-0.31810888693960132,0.32919613561787114,,False,True,M1
2013-09-30,GLD,6,2014-03-31,2014-03-31,5,-0.052667806524847371,-0.031370639910411106,-0.12730450470841068,10000,-0.076319563173473715,0.050000000000000003,-0.003815978158673686,0.53145926771835961,-0.039596524102835109,101,0,False,-0.41638525350975764,0.40875329719241027,0.68545711943216614,False,False,M1
2013-09-30,VDE,6,2014-03-31,2014-03-31,5,-0.17338934754132185,0.01625450064641654,0.092887163247241444,159.98587196060572,0.032858724592281799,0.050000000000000003,0.0016429362296140901,0.78332706469621582,-0.031694740306832336,102,0,False,-0.20953586985060374,0.21282174230983192,0.6158418035002835,False,False,M1
2013-09-30,VWO,6,2014-03-31,2014-03-31,5,-0.089152415617970493,0.036823210844895218,0.099754449018271463,232.99518105153672,0.078315526263703625,0.050000000000000003,0.0039157763131851811,0.34067219042319458,-0.037587694258981626,97,0,False,-0.23232737924785535,0.24015893187422571,0.96759409677436903,False,False,M1
2013-10-31,BND,6,2014-04-30,2014-04-30,5,-0.078578135240947811,0.014803150485603014,-0.025449871449834117,10000,0.0099659978508700869,0.050000000000000003,0.00049829989254350439,0.87983131695077799,0.02016561119047821,73,1,False,,,,True,True,M1
2013-10-31,DBC,6,2014-04-30,2014-04-30,5,-0.091755182193545837,0.026780191737311925,0.15328402938472477,35.564803062231285,0.098955494390564294,0.050000000000000003,0.0049477747195282151,0.42946155630142291,0.0015875174066955443,87,1,False,-0.31863502837055946,0.32853057780961592,0.99461270604610519,False,False,M1
2013-10-31,GLD,6,2014-04-30,2014-04-30,5,-0.02574377322114163,-0.031495682942703801,-0.17940260230760735,10000,-0.099035477487223189,0.050000000000000003,-0.0049517738743611595,0.54336284715733374,-0.037990865425236567,102,0,False,-0.39953997092096538,0.38963642317224312,0.79595879597394215,False,False,M1
2013-10-31,VDE,6,2014-04-30,2014-04-30,5,-0.15766994572410709,0.010017378191920282,0.076983193021700758,159.98587196060572,0.026079621634011733,0.050000000000000003,0.0013039810817005867,0.76014264169084089,-0.032169895209942456,103,0,False,-0.2097870117841199,0.2123949739475211,0.59262569359189188,False,False,M1
2013-10-31,VWO,6,2014-04-30,2014-04-30,5,-0.032705847771132501,0.037434968798287595,0.11212606029684467,232.99518105153672,0.086421319306185448,0.050000000000000003,0.0043210659653092724,0.34414734709233408,-0.036757092599880442,98,0,False,-0.23039257922946826,0.23903471116008679,0.97355296146058135,False,False,M1
2013-11-29,BND,6,2014-05-30,2014-05-30,5,-0.098584988173251342,0.014864814073437139,-0.056644616209957983,10000,0.0061969510219593259,0.050000000000000003,0.00030984755109796634,0.87878713314975831,0.021251165038191171,74,1,False,,,,True,True,M1
2013-11-29,DBC,6,2014-05-30,2014-05-30,5,-0.088079322631185453,0.00098711984753157775,0.12696396904113005,35.564803062231285,0.072738618843668307,0.050000000000000003,0.0036369309421834155,0.43043900958444675,0.002811048224195849,88,1,False,-0.29265403556476827,0.29992789744913512,0.98448583408708168,False,False,M1
2013-11-29,GLD,6,2014-05-30,2014-05-30,5,-0.065458208439405308,-0.031653244367503545,-0.097079871681709382,10000,-0.06074626296534244,0.050000000000000003,-0.0030373131482671224,0.55533366471540502,-0.035734260281349725,103,0,False,-0.39753930670883625,0.39146468041230204,0.6025393019664711,False,False,M1
2013-11-29,VDE,6,2014-05-30,2014-05-30,5,-0.18088455934804515,-0.0021017986880721116,0.063970281119068093,159.98587196060572,0.014013054722015273,0.050000000000000003,0.00070065273610076364,0.75610191994673825,-0.031784058129989953,104,0,False,-0.2103090315978704,0.21171033707007192,0.62628932049458297,False,False,M1
2013-11-29,VWO,6,2014-05-30,2014-05-30,5,-0.093575359287833559,0.044670209662638835,0.10731135741542118,232.99518105153672,0.084892862007989525,0.050000000000000003,0.0042446431003994763,0.3578876858372359,-0.035623803304176728,99,0,False,-0.23046607328721028,0.23895535948800925,0.97491352092479366,False,False,M1
2013-12-31,BND,6,2014-06-30,2014-06-30,5,-0.068016739484255573,0.014910564007976128,-0.039202499228765071,10000,0.0089222028109434848,0.050000000000000003,0.00044611014054717426,0.88933612627261649,0.021777268276712235,75,1,False,-0.10499536420519771,0.10588758448629206,,False,True,M1
2013-12-31,DBC,6,2014-06-30,2014-06-30,5,-0.063666622880501511,0.013864396379329035,0.11419609933868953,35.564803062231285,0.070658581847937454,0.050000000000000003,0.0035329290923968729,0.43393579702705748,0.0031868623490869559,89,1,False,-0.29256131483123049,0.29962717301602426,0.98401082580181443,False,False,M1
2013-12-31,GLD,6,2014-06-30,2014-06-30,5,-0.11069214052644127,-0.031575498507198242,-0.084880778512936406,10000,-0.054641400903420768,0.050000000000000003,-0.0027320700451710384,0.56728672293364668,-0.03460588503377568,104,0,False,-0.39715401751156482,0.39168987742122269,0.56485206351479045,False,False,M1
2013-12-31,VDE,6,2014-06-30,2014-06-30,5,-0.16699636159794318,-0.001678305917605382,0.069035648534233607,159.98587196060572,0.016764783899086359,0.050000000000000003,0.00083823919495431805,0.73918740707320019,-0.032233533233055271,105,0,False,-0.18932314888188848,0.19099962727179712,0.60038314057118869,False,False,M1
2013-12-31,VWO,6,2014-06-30,2014-06-30,5,-0.10453980420936515,0.045847612902294388,0.11643195039926248,232.99518105153672,0.091510230017177702,0.050000000000000003,0.0045755115008588856,0.35307720190977609,-0.035245494885886804,100,0,False,-0.23013248528009508,0.23928350828181286,0.97904951846343158,False,False,M1
2014-01-31,BND,6,2014-07-31,2014-07-31,5,0.016830375365321393,0.014955130280989742,0.031304201263430205,10000,0.01726180500083838,0.050000000000000003,0.00086309025004191898,0.85891096060894867,0.020337350398310573,76,1,False,-0.10457838409570297,0.1063045645957868,,False,True,M1
2014-01-31,DBC,6,2014-07-31,2014-07-31,5,0.0083215268054304126,0.05609834395869534,0.18979211854972214,35.564803062231285,0.13049662672627957,0.050000000000000003,0.0065248313363139784,0.44351722437958857,0.0027893696054159083,90,1,False,-0.25865358789922671,0.27170325057185468,0.98734704723670164,False,False,M1
2014-01-31,GLD,6,2014-07-31,2014-07-31,5,-0.0065949318848497196,-0.031093143643250661,-0.01308604720993338,10000,-0.023480024962832021,0.050000000000000003,-0.0011740012481416011,0.57721564336532261,-0.034301374131172846,105,0,False,-0.37230896265904101,0.36996096016275781,0.42845727544268958,False,False,M1
2014-01-31,VDE,6,2014-07-31,2014-07-31,5,-0.16901435004788756,0.017257441384791426,0.10606246601645612,159.98587196060572,0.041628654816232825,0.050000000000000003,0.0020814327408116414,0.72556492684366081,-0.032722532460627389,106,0,False,-0.18800243420046275,0.19216529968208601,0.53889636809492936,False,False,M1
2014-01-31,VWO,6,2014-07-31,2014-07-31,5,-0.16574585754803861,0.053949279213909754,0.088553577839799377,232.99518105153672,0.076640274837978806,0.050000000000000003,0.0038320137418989403,0.34427234404073431,-0.035127640631068394,101,0,False,-0.22066877294292792,0.22833280042672577,0.95620865823642287,False,False,M1
2014-02-28,BND,6,2014-08-29,2014-08-29,5,-0.0048417650304533044,0.014935414414042326,-0.021722434788226098,10000,0.010715077267788036,0.050000000000000003,0.00053575386338940189,0.88487221050619813,0.019884361126387827,77,1,False,-0.10490572048235548,0.10597722820913429,,False,True,M1
2014-02-28,DBC,6,2014-08-29,2014-08-29,5,0.063738692597258062,0.032758374585576844,0.22542810243001901,35.564803062231285,0.13851136541993583,0.050000000000000003,0.0069255682709967918,0.45111776500903178,0.0031557991419242982,91,1,False,-0.25801789789052398,0.27186903443251753,0.99127723808466539,False,False,M1
2014-02-28,GLD,6,2014-08-29,2014-08-29,5,0.051103953018957093,-0.031027177564505681,-0.15338350121940644,10000,-0.081363748301944538,0.050000000000000003,-0.0040681874150972274,0.5886067083920371,-0.033333882822018733,106,0,False,-0.37509047820459529,0.36695410337440082,0.67028250747963924,False,False,M1
2014-02-28,VDE,6,2014-08-29,2014-08-29,5,-0.11380507765063852,0.012967228433957693,0.11828409958545692,159.98587196060572,0.042392529144568938,0.050000000000000003,0.0021196264572284468,0.72060221321726614,-0.033144490800659718,107,0,False,-0.17970716234627784,0.18394641526073471,0.51436699175895351,False,False,M1
2014-02-28,VWO,6,2014-08-29,2014-08-29,5,-0.16014501164003891,0.049202130732032084,0.13839923870425372,232.99518105153672,0.10794365534605989,0.050000000000000003,0.0053971827673029949,0.34144137686256065,-0.035066562870133919,102,0,False,-0.21904955708703627,0.22984392262164227,0.93841026902137503,False,False,M1
2014-03-31,BND,6,2014-09-30,2014-09-30,6,0.040370512285731408,0.035171685369503845,0.15287273439451335,10000,0.054007944633893842,0.050000000000000003,0.0027003972316946923,0.83996523887915708,0.01828072505529766,78,1,False,-0.10282498427236314,0.10822577873575254,,False,True,M1
2014-03-31,DBC,6,2014-09-30,2014-09-30,6,0.16309529810930201,0.08668702591917081,0.23159445586862729,16.768329368110066,0.16365395146990538,0.050000000000000003,0.0081826975734952696,0.46885452610966516,0.0020639034500479795,92,1,False,-0.22844790285202793,0.24481329799901846,0.93906953593681119,False,False,M1
2014-03-31,GLD,6,2014-09-30,2014-09-30,6,0.12193004446544264,0.01210868208473085,0.18539563593800321,10000,0.082923788841228932,0.050000000000000003,0.0041461894420614471,0.59134196093919722,-0.03351457369774611,107,0,False,-0.35806946075044144,0.36636183963456437,0.087934407105260959,False,False,M1
2014-03-31,VDE,6,2014-09-30,2014-09-30,6,0.024637783700070193,0.031518076800618078,0.12058186615418162,75.431200633546069,0.056707627871207471,0.050000000000000003,0.0028353813935603736,0.71717404734945156,-0.034443054288999179,108,0,False,-0.17896120152239328,0.18463196430951404,0.46364644226254903,False,False,M1
2014-03-31,VWO,6,2014-09-30,2014-09-30,6,-0.015073778779815639,0.12182367678501979,0.24417609259437062,51.794746792312019,0.20058150652074566,0.050000000000000003,0.010029075326037284,0.35630343532859954,-0.035591668236617774,103,0,False,-0.20191528685441967,0.22197343750649423,0.89178847851180809,False,False,M1
2014-04-30,BND,6,2014-10-31,2014-10-31,6,0.089099354532733654,0.035575924104582581,0.13515679176944637,10000,0.054760164973705561,0.050000000000000003,0.0027380082486852782,0.80735013342435502,0.017054663532560375,79,1,False,-0.10278737325537256,0.10826338975274312,,False,True,M1
2014-04-30,DBC,6,2014-10-31,2014-10-31,6,0.27008514313313869,0.11812992296859778,0.22571693023091285,16.768329368110066,0.17316406149110558,0.050000000000000003,0.0086582030745552801,0.48846854352658597,0.0010550960775362178,93,1,False,-0.2277521190333377,0.24506852518244826,0.82150498117416026,False,False,M1
2014-04-30,GLD,6,2014-10-31,2014-10-31,6,0.21194008122776431,0.012621821301066958,0.19121857260952305,10000,0.084172040751831143,0.050000000000000003,0.0042086020375915571,0.59937558255363144,-0.033442621841481251,108,0,False,-0.35797375973798612,0.36639096381316921,0.088361449758880883,False,False,M1
2014-04-30,VDE,6,2014-10-31,2014-10-31,6,0.17044231700314461,0.051848042017550576,0.15333111889297291,75.431200633546069,0.0808317665317628,0.050000000000000003,0.0040415883265881398,0.71439844546897402,-0.03557357622877081,109,0,False,-0.17190602708785396,0.17998920374103022,0.39373449510927816,False,False,M1
2014-04-30,VWO,6,2014-10-31,2014-10-31,6,0.035356267948500442,0.12617192861919402,0.24125313413964453,51.794746792312019,0.19868350280934891,0.050000000000000003,0.0099341751404674467,0.36990950118897359,-0.035563919962911181,104,0,False,-0.20194447177803188,0.2218128220589668,0.73546977919725365,False,False,M1
2014-05-30,BND,6,2014-11-28,2014-11-28,6,0.069000587370568134,0.035419647530358589,0.073986170744698154,10000,0.044508526049784947,0.050000000000000003,0.0022254263024892476,0.76433243751547242,0.015609167886237724,80,1,False,-0.10322537106084596,0.10767622366582445,,False,True,M1
2014-05-30,DBC,6,2014-11-28,2014-11-28,6,0.30381460035126473,0.10609910784686497,0.24932788541171028,16.768329368110066,0.17683227728827977,0.050000000000000003,0.0088416138644139882,0.50615252993141602,0.00010685758063492351,94,1,False,-0.21674987172340915,0.23443309945223711,0.71724881126215112,False,False,M1
2014-05-30,GLD,6,2014-11-28,2014-11-28,6,0.15737982311287058,0.012291669511187802,0.1687290150344635,10000,0.075046320839639177,0.050000000000000003,0.003752316041981959,0.5988512134456131,-0.033736342819443856,109,0,False,-0.34987192886580548,0.35737656094976938,0.082917379566500443,False,False,M1
2014-05-30,VDE,6,2014-11-28,2014-11-28,6,0.25228965636406442,0.05114460591652599,0.16804384243793083,75.431200633546069,0.084894510775988294,0.050000000000000003,0.0042447255387994152,0.71129063059977704,-0.036894585166218755,110,0,False,-0.17810752449215997,0.18659697556975882,0.36999843058543841,False,False,M1
2014-05-30,VWO,6,2014-11-28,2014-11-28,6,0.069435017344225081,0.13030312563132429,0.22309138144563501,51.794746792312019,0.18753283257202313,0.050000000000000003,0.009376641628601157,0.38322251627158677,-0.036116409861243773,105,0,False,-0.18042032302639721,0.19917360628359954,0.57954664887039098,False,False,M1
2014-06-30,BND,6,2014-12-31,2014-12-31,6,0.052622394938154349,0.035440530791874043,-0.049402033036023481,10000,0.012850978640552117,0.050000000000000003,0.00064254893202760587,0.73374741247630548,0.01457674927672546,81,1,False,-0.10480731612954858,0.10609241399360378,,False,True,M1
2014-06-30,DBC,6,2014-12-31,2014-12-31,6,0.36658689790723964,0.10206155059085814,0.24908352542004902,16.768329368110066,0.17275261040183956,0.050000000000000003,0.0086376305200919785,0.51918031373806661,-0.00056444221369282848,95,0,False,-0.21689965222508509,0.23417491326526904,0.61462139706972296,False,False,M1
2014-06-30,GLD,6,2014-12-31,2014-12-31,6,0.16267914588328747,0.012550058556498668,0.1456149961467807,10000,0.066434860060657366,0.050000000000000003,0.0033217430030328685,0.59504883495249161,-0.034435940980416559,110,0,False,-0.33586089674695713,0.34250438275302292,0.078086298991578457,False,False,M1
2014-06-30,VDE,6,2014-12-31,2014-12-31,6,0.26760164753706051,0.046841722998832935,0.16167751694555854,75.431200633546069,0.08020813085518054,0.050000000000000003,0.0040104065427590272,0.70944244203312701,-0.038066673242180236,111,0,False,-0.1783192835485882,0.18634009663410625,0.36283568857474957,False,False,M1
2014-06-30,VWO,6,2014-12-31,2014-12-31,6,0.12891974344561663,0.14629007716948284,0.21202710682778822,51.794746792312019,0.18593682894123487,0.050000000000000003,0.0092968414470617437,0.3968886033057476,-0.03676191358150907,106,0,False,-0.15069197636605627,0.16928565926017977,0.43756319727343412,False,False,M1
2014-07-31,BND,6,2015-01-30,2015-01-30,6,0.030804202815141624,0.035330934372366042,-0.14814593861706013,10000,-0.01295263787057283,0.050000000000000003,-0.00064763189352864156,0.73684109906472262,0.014604232521708336,82,1,False,-0.10595033931347053,0.10465507552641326,,False,True,M1
2014-07-31,DBC,6,2015-01-30,2015-01-30,6,0.39545099286159224,0.10746406307952858,0.18301082140982022,16.768329368110066,0.14254002654070244,0.050000000000000003,0.0071270013270351221,0.53570524749955251,-0.00047188003641029469,96,1,False,-0.1980080711881628,0.21226207384223303,0.70018543132735322,False,False,M1
2014-07-31,GLD,6,2015-01-30,2015-01-30,6,0.091367572179354872,0.012505082461820142,0.090825263397395953,10000,0.044318849759155919,0.050000000000000003,0.002215942487957796,0.59379859804582202,-0.034185121078654693,111,0,False,-0.33687211117599608,0.3413039961519117,0.094348101735284684,False,False,M1
2014-07-31,VDE,6,2015-01-30,2015-01-30,6,0.31767123077915393,0.046489869673643873,0.10833509262826645,75.431200633546069,0.064533765187908834,0.050000000000000003,0.0032266882593954419,0.70824107906435663,-0.039235848927945481,112,0,False,-0.1777629760006614,0.18421635251945231,0.37112148565500241,False,False,M1
2014-07-31,VWO,6,2015-01-30,2015-01-30,6,0.17026103937254422,0.15282622355123338,0.20065927090892949,51.794746792312019,0.18121863415691619,0.050000000000000003,0.0090609317078458092,0.40642689157217965,-0.037967371001757011,107,0,False,-0.20264310037173766,0.22076496378742927,0.35160414683639551,False,False,M1
2014-08-29,BND,6,2015-02-27,2015-02-27,6,0.072215346301668148,0.035689598281207068,-0.12295627408853545,10000,-0.0067461982405296744,0.050000000000000003,-0.00033730991202648373,0.73251244493247691,0.014369943394573859,83,1,False,-0.10563744757408315,0.10496282775003017,,False,True,M1
2014-08-29,DBC,6,2015-02-27,2015-02-27,6,0.3673848721342694,0.12457634005508136,0.21656031546185678,16.768329368110066,0.16586822935897055,0.050000000000000003,0.0082934114679485277,0.55109692616255757,0.00019008462991618324,97,1,False,-0.19664079569217408,0.21322761862807116,0.76952562248810652,False,False,M1
2014-08-29,GLD,6,2015-02-27,2015-02-27,6,0.15548072017168668,0.012775382295894125,0.080208118352294119,10000,0.039791053390958002,0.050000000000000003,0.0019895526695479001,0.59936860529478941,-0.03342361148849745,112,0,False,-0.29187482608234633,0.29585393142144217,0.10807140287209559,False,False,M1
2014-08-29,VDE,6,2015-02-27,2015-02-27,6,0.29377923051332178,0.054354397627262532,0.16655025360853881,75.431200633546069,0.086808013998484646,0.050000000000000003,0.0043404006999242326,0.71074139871406539,-0.039895753606907371,113,0,False,-0.17664650639428037,0.18532730779412881,0.30089407548379321,False,False,M1
2014-08-29,VWO,6,2015-02-27,2015-02-27,6,0.15919059987898121,0.14313103041105082,0.22568098408466794,51.794746792312019,0.19090869797505469,0.050000000000000003,0.0095454348987527356,0.42122720319256118,-0.039098645452111475,108,0,False,-0.17988033514248977,0.19897120493999523,0.24095925706576801,False,False,M1
2014-09-30,BND,6,2015-03-31,2015-03-31,7,0.058515058989930591,0.06167761671095584,0.040610369495059681,494.17133613238281,0.056591282960035696,0.050000000000000003,0.002829564148001785,0.75856676010891999,0.014679473976611448,84,1,False,-0.1024683991035366,0.10812752739954017,,False,True,M1
2014-09-30,DBC,6,2015-03-31,2015-03-31,7,0.35836409104025613,0.10371528693077076,0.13485720742604937,11.513953993264458,0.11775318211733996,0.050000000000000003,0.0058876591058669983,0.5492283403428041,0.00185238272664461,98,1,False,-0.18537955299953598,0.19715487121126998,0.76583585837590085,False,False,M1
2014-09-30,GLD,6,2015-03-31,2015-03-31,7,0.1068243996789584,0.064184626396645059,0.029834713888807294,232.99518105153672,0.050296288720501278,0.050000000000000003,0.0025148144360250639,0.59568055164697065,-0.032048800373860813,113,0,False,-0.29102518016153084,0.296054809033581,0.25211969830653869,False,False,M1
2014-09-30,VDE,6,2015-03-31,2015-03-31,7,0.2620592540534421,0.017774241226142632,0.10635691973873668,494.17133613238281,0.042863390178091279,0.050000000000000003,0.0021431695089045642,0.71677138947224694,-0.039329669946319847,114,0,False,-0.17383908007583238,0.17812541909364149,0.43051401152420177,False,False,M1
2014-09-30,VWO,6,2015-03-31,2015-03-31,7,0.14156164725645226,0.13582709011927621,0.12402210827958736,11.513953993264458,0.12918375373312754,0.050000000000000003,0.0064591876866563775,0.43724298127986078,-0.038878233831264722,109,0,False,-0.18285622719914515,0.19577460257245791,0.35243480724192289,False,False,M1
2014-10-31,BND,6,2015-04-30,2015-04-30,7,0.013894980162948878,0.057571148238664924,0.0062079607575877662,494.17133613238281,0.044599988325818574,0.050000000000000003,0.0022299994162909287,0.74746193628218482,0.015555001983154062,85,1,False,-0.098031343722551872,0.10249134255513373,,False,True,M1
2014-10-31,DBC,6,2015-04-30,2015-04-30,7,0.23748111241028669,0.045201091399124607,0.1161605908802705,11.513953993264458,0.078180055538959708,0.050000000000000003,0.0039090027769479859,0.53524243574184593,0.0045618045489324291,99,1,False,-0.22165876906721751,0.22947677462111346,0.73837794675136492,False,False,M1
2014-10-31,GLD,6,2015-04-30,2015-04-30,7,0.04047098201509236,0.045703605934754962,0.032168102007147661,232.99518105153672,0.040075792202992178,0.050000000000000003,0.002003789610149609,0.58421838138702986,-0.029908547026478133,114,0,False,-0.27145561385240269,0.27546319307270195,0.41574461101541238,False,False,M1
2014-10-31,VDE,6,2015-04-30,2015-04-30,7,0.1058023353500861,0.011300343472598132,0.073112086487709421,494.17133613238281,0.029544043636797492,0.050000000000000003,0.0014772021818398747,0.70485057896297676,-0.037505565711976677,115,0,False,-0.17448004830253383,0.1774344526662136,0.48268350894601031,False,False,M1
2014-10-31,VWO,6,2015-04-30,2015-04-30,7,-0.01010479432175182,0.084526712467699036,0.098569620771694039,11.513953993264458,0.092238636229812376,0.050000000000000003,0.0046119318114906192,0.4508314378212232,-0.038203374724175954,110,0,False,-0.16786997384686625,0.17709383746984747,0.5647229738536137,False,False,M1
2014-11-28,BND,6,2015-05-29,2015-05-29,7,0.021818504408631201,0.060373039833929845,0.025468709717808107,494.17133613238281,0.051128007654074853,0.050000000000000003,0.0025564003827037427,0.73513222717358895,0.016176462278356552,86,1,False,-0.097613842261839501,0.10272664302724699,,False,True,M1
2014-11-28,DBC,6,2015-05-29,2015-05-29,7,0.16292433306334331,0.081543125157557489,0.12355801652285953,11.513953993264458,0.10181214388799317,0.050000000000000003,0.0050906071943996592,0.51757536264452109,0.0075543325069557521,100,1,False,-0.25479210091912047,0.26497331530791973,0.78364489034599738,False,False,M1
2014-11-28,GLD,6,2015-05-29,2015-05-29,7,0.012460882927663341,0.05614327484813364,0.042436985283210459,232.99518105153672,0.050329338675357924,0.050000000000000003,0.0025164669337678965,0.57581983473816234,-0.028279952503527276,115,0,False,-0.25574544844999586,0.26077838231753164,0.49129072053977263,False,False,M1
2014-11-28,VDE,6,2015-05-29,2015-05-29,7,0.037788978226456327,0.016700190418546004,0.07915947366205478,494.17133613238281,0.036126833497591354,0.050000000000000003,0.0018063416748795677,0.68897108531798101,-0.035007331038907352,116,0,False,-0.1805901605453191,0.18420284389507821,0.49776387815534506,False,False,M1
2014-11-28,VWO,6,2015-05-29,2015-05-29,7,0.020017814051038529,0.11531293406572675,0.1033217126270011,11.513953993264458,0.10885136837729498,0.050000000000000003,0.0054425684188647494,0.46114199279448342,-0.037233659480316483,111,0,False,-0.1609274571438814,0.17181259398161092,0.58861670853817383,False,False,M1
2014-12-31,BND,6,2015-06-30,2015-06-30,7,0.080502162255515763,0.059864030292883556,0.047176101291391839,494.17133613238281,0.056714721396949504,0.050000000000000003,0.0028357360698474752,0.75178700199506243,0.016595381044561125,87,1,False,-0.086658982574276122,0.092330454713971083,,False,True,M1
2014-12-31,DBC,6,2015-06-30,2015-06-30,7,0.13423580277786407,0.064637999954536035,0.099969335001456688,11.513953993264458,0.082287783934111527,0.050000000000000003,0.0041143891967055767,0.50044955968586369,0.011109110382206088,101,1,False,-0.28829131530255692,0.2965200936959681,0.76592311690667403,False,False,M1
2014-12-31,GLD,6,2015-06-30,2015-06-30,7,0.095994576432066769,0.059638609213968331,0.039831398954177616,232.99518105153672,0.051072738636217335,0.050000000000000003,0.0025536369318108669,0.56753775693793718,-0.026633753379503012,116,0,False,-0.25559974625811355,0.2607070201217353,0.55354436231971693,False,False,M1
2014-12-31,VDE,6,2015-06-30,2015-06-30,7,0.11678950370315144,0.016216064701207674,0.065409498358416626,494.17133613238281,0.03229254718102826,0.050000000000000003,0.0016146273590514132,0.67319861037053907,-0.032420929512617033,117,0,False,-0.23627242416649596,0.23950167888459878,0.51959818815336889,False,False,M1
2014-12-31,VWO,6,2015-06-30,2015-06-30,7,0.034552967687867531,0.10182108913088653,0.048471652537860649,11.513953993264458,0.073441025005713423,0.050000000000000003,0.0036720512502856715,0.46803441727661838,-0.035750146954192076,112,0,False,-0.16267727853357539,0.17002138103414671,0.66678493926724203,False,False,M1
2015-01-30,BND,6,2015-07-31,2015-07-31,7,0.22461693392553495,0.0683614849706351,0.091336962260523333,494.17133613238281,0.073292759498606821,0.10000000000000001,0.0073292759498606828,0.78536791789992388,0.016756844928317725,88,1,False,-0.081981126673082008,0.096639678572803381,,False,True,M1
2015-01-30,DBC,6,2015-07-31,2015-07-31,7,0.30239382758863897,0.126158419969433,0.16756547426228985,11.513953993264458,0.14717446189569044,0.10000000000000001,0.014717446189569045,0.49245261984543226,0.01487716805357262,102,1,False,-0.30905456484113619,0.33848945722027429,0.86458904526116809,False,False,M1
2015-01-30,GLD,6,2015-07-31,2015-07-31,7,0.35643706720819746,0.097839966234240128,0.12049342687667211,232.99518105153672,0.10774424011034284,0.10000000000000001,0.010774424011034284,0.56279201520534539,-0.025625195041393115,117,0,False,-0.23330909112020407,0.25485793914227262,0.56483479988428176,False,False,M1
2015-01-30,VDE,6,2015-07-31,2015-07-31,7,0.28532453737498897,0.023393048427680731,0.085008938270148354,494.17133613238281,0.044308392015548093,0.10000000000000001,0.0044308392015548091,0.6605527625854094,-0.029454046798279992,118,0,False,-0.24437244821732168,0.25323412662043132,0.53205804424265246,False,False,M1
2015-01-30,VWO,6,2015-07-31,2015-07-31,7,0.23631108608304485,0.17385447966190296,0.11275857123191521,11.513953993264458,0.14144085165480771,0.10000000000000001,0.014144085165480772,0.46946319581712553,-0.033927039110592638,113,0,False,-0.14800916349150525,0.17629733382246679,0.63228430625237997,False,False,M1
2015-02-27,BND,6,2015-08-31,2015-08-31,7,0.13389313709191508,0.06616815864106057,0.14821452444453209,494.17133613238281,0.082129520178117379,0.20000000000000001,0.016425904035623478,0.80545925001371044,0.017379974157231772,89,1,False,-0.067910611816433597,0.10076241988768056,,False,True,M1
2015-02-27,DBC,6,2015-08-31,2015-08-31,7,0.28443169110578548,0.041683990847201417,0.23188739140273509,11.513953993264458,0.13993611129593542,0.20000000000000001,0.027987222259187084,0.48343657283852109,0.018299572947559968,103,1,False,-0.33222042827718595,0.38819487279556014,0.86577225795179291,False,False,M1
2015-02-27,GLD,6,2015-08-31,2015-08-31,7,0.19180150042123434,0.07626047010741166,0.22068435336962325,232.99518105153672,0.14006135289352362,0.20000000000000001,0.028012270578704725,0.55823869747168464,-0.024090399149756844,118,0,False,-0.20500806667465157,0.261032607832061,0.59978270946228651,False,False,M1
2015-02-27,VDE,6,2015-08-31,2015-08-31,7,0.29641556894879606,0.012903567119051747,0.14740726458317149,494.17133613238281,0.060510444540390888,0.20000000000000001,0.012102088908078179,0.64605525112765938,-0.026737800770451403,119,0,False,-0.30234245361168033,0.32654663142783669,0.55373021277792944,False,False,M1
2015-02-27,VWO,6,2015-08-31,2015-08-31,7,0.29038411755581606,0.10158723432438077,0.20522436301564578,11.513953993264458,0.1560336201987837,0.20000000000000001,0.031206724039756741,0.47464401453461036,-0.032233024733491107,114,0,False,-0.12406233582726015,0.18647578390677363,0.6571645152894432,False,False,M1
2015-03-31,BND,6,2015-09-30,2015-09-30,8,0.14266612343861773,0.013201967493291097,0.11997924731687204,11.513953993264458,0.033792683012979247,0.25,0.0084481707532448116,0.80716201467476567,0.017837030655372871,90,1,False,-0.075847356628529039,0.092743698135018676,,False,True,M1
2015-03-31,DBC,6,2015-09-30,2015-09-30,8,0.25282583875028697,-0.082111561299477331,0.17858058351225448,2.559547922699533,0.053136975315689623,0.25,0.013284243828922406,0.4811944306459961,0.021569424083066661,104,1,False,-0.34475763382410418,0.37132612148194899,0.73354219215514982,False,False,M1
2015-03-31,GLD,6,2015-09-30,2015-09-30,8,0.18029355463754893,-0.019613237641339161,0.23011672981819709,3.7275937203149381,0.090326920951013162,0.25,0.022581730237753291,0.55976385329019074,-0.022990274789851675,119,0,False,-0.19494518184049958,0.24010864231600615,0.65400714163030915,False,False,M1
2015-03-31,VDE,6,2015-09-30,2015-09-30,8,0.32020516687159351,-0.011548391261627601,0.14103163644848613,10000,0.044313736666059061,0.25,0.011078434166514765,0.63388309226277695,-0.024331158646918961,120,0,False,-0.27894192384935612,0.30109879218238567,0.5636345877950929,False,False,M1
2015-03-31,VWO,6,2015-09-30,2015-09-30,8,0.30008663919744016,0.069038705575158954,0.19189309956115486,0.26826957952797248,0.13343227070885724,0.25,0.033358067677214311,0.47585460279883457,-0.030721766716187253,115,0,False,-0.12186788864476134,0.18858402399918994,0.68608181153121572,False,False,M1
2015-04-30,BND,6,2015-10-30,2015-10-30,8,0.24080313908503836,-0.0016620458689973333,0.13744983666528909,11.513953993264458,0.026841182986497431,0.25,0.0067102957466243576,0.79510572112005118,0.017793711419192389,91,1,False,-0.073710529321822316,0.087131120815071017,0.68503244326883395,False,False,M1
2015-04-30,DBC,6,2015-10-30,2015-10-30,8,0.3889881691073056,-0.15610928247120071,0.19433441766590112,2.559547922699533,0.02783860570061434,0.25,0.0069596514251535849,0.47510002862128692,0.023625725876659232,105,1,False,-0.35107978911561299,0.36499909196592017,0.68324594450717446,False,False,M1
2015-04-30,GLD,6,2015-10-30,2015-10-30,8,0.26660377675387292,-0.078261496346039419,0.25247620911281543,3.7275937203149381,0.067299601807675413,0.25,0.016824900451918853,0.55988961720657748,-0.022461430983143807,120,0,False,-0.20057879791662997,0.23422859882046765,0.68350839493258997,False,False,M1
2015-04-30,VDE,6,2015-10-30,2015-10-30,8,0.39862569818593929,-0.012009872324171618,0.14525388520485055,10000,0.046585826574795736,0.25,0.011646456643698934,0.62740494173837968,-0.023255675225456109,121,0,False,-0.2783606848221159,0.30165359810951381,0.57492225497914962,False,False,M1
2015-04-30,VWO,6,2015-10-30,2015-10-30,8,0.43535549320910982,0.0086188341038554595,0.22769280394388416,0.26826957952797248,0.12304772476143251,0.25,0.030761931190358128,0.47767007307561515,-0.03054403419554557,116,0,False,-0.11982584440237358,0.18134970678308984,0.66533737552038286,False,False,M1
2015-05-29,BND,6,2015-11-30,2015-11-30,8,0.13823566817533073,0.0011247576586918412,0.077951050456744914,11.513953993264458,0.017721682232073682,0.25,0.0044304205580184206,0.78396817067551594,0.017837459169077592,92,1,False,-0.075926385942097052,0.084787227058133879,0.69910264415049506,False,False,M1
2015-05-29,DBC,6,2015-11-30,2015-11-30,8,0.33193485055703198,-0.14096932612105639,0.14104486153863796,2.559547922699533,0.008078099765480358,0.25,0.0020195249413700895,0.47148961857765886,0.024939863680307196,106,1,False,-0.35101822344971223,0.35505727333245241,0.63627019781186589,False,False,M1
2015-05-29,GLD,6,2015-11-30,2015-11-30,8,0.2508794695549984,-0.068522459252486775,0.15703308421732862,3.7275937203149381,0.030973739783822805,0.25,0.0077434349459557014,0.55888382300112038,-0.022172816818591682,121,0,False,-0.20134885347211526,0.21683572336402665,0.70264163179016448,False,False,M1
2015-05-29,VDE,6,2015-11-30,2015-11-30,8,0.27499604996297344,-0.011896723536108059,0.14021399875208132,10000,0.044627693939939525,0.25,0.011156923484984881,0.62839951960154206,-0.022755309213555189,122,0,False,-0.25358309923460975,0.2758969462045795,0.58512284626829414,False,False,M1
2015-05-29,VWO,6,2015-11-30,2015-11-30,8,0.31680547429583028,-0.0015323115099461528,0.16886306706547055,0.26826957952797248,0.087598685494991696,0.25,0.021899671373747924,0.47691658218600896,-0.030111881646429469,117,0,False,-0.11887863571831533,0.1626779784658112,0.69436746560267315,False,False,M1
2015-06-30,BND,6,2015-12-31,2015-12-31,8,0.10979512004855208,-0.01687752739648743,0.041539195062338524,11.513953993264458,-0.0042026361122323823,0.29999999999999999,-0.0012607908336697146,0.78302631933537981,0.018511273180759725,93,1,False,-0.079375856230008965,0.076854274562669536,0.68740448800639697,False,False,M1
2015-06-30,DBC,6,2015-12-31,2015-12-31,8,0.36807909604519762,-0.14905136983932055,0.12119494151264915,2.559547922699533,-0.0054219228178954814,0.29999999999999999,-0.0016265768453686445,0.46852393173144335,0.025961321055050716,107,1,False,-0.35465029232503364,0.35139713863429634,0.6022211053651001,False,False,M1
2015-06-30,GLD,6,2015-12-31,2015-12-31,8,0.22149542842687286,-0.09057004981828673,0.098515371963119769,3.7275937203149381,-0.0073110390098012398,0.29999999999999999,-0.002193311702940372,0.55967514563477216,-0.021204231628012517,122,0,False,-0.20686390322076756,0.20247727981488681,0.70997105765741009,False,False,M1
2015-06-30,VDE,6,2015-12-31,2015-12-31,8,0.33224392579817208,-0.011852997441818001,0.13797891225183742,10000,0.044659202162134967,0.29999999999999999,0.01339776064864049,0.622829344433391,-0.021620798539435621,123,0,False,-0.25131728855518698,0.278112809852468,0.59506896220399386,False,False,M1
2015-06-30,VWO,6,2015-12-31,2015-12-31,8,0.3150798405095443,-0.0082110693947758558,0.15069101539729049,0.26826957952797248,0.075672088197404563,0.29999999999999999,0.022701626459221368,0.47210788516747937,-0.029563874448681193,118,0,False,-0.11420372309068909,0.15960697600913182,0.70695907500987498,False,False,M1
2015-07-31,BND,6,2016-01-29,2016-01-29,8,0.01240819892785483,-0.019603359333081119,0.027225084169345024,11.513953993264458,-0.0083011706221260192,0.40000000000000002,-0.0033204682488504078,0.75864692768681197,0.020703886592938182,94,1,False,-0.087609580043971236,0.080968643546270425,0.69155295105612757,False,False,M1
2015-07-31,DBC,6,2016-01-29,2016-01-29,8,0.21212989692870465,-0.14610534988798524,0.088954068575097522,2.559547922699533,-0.020515456152242727,0.40000000000000002,-0.0082061824608970907,0.46571001257085548,0.02852088130073209,108,1,False,-0.34577902832030832,0.32936666339851411,0.55477975987295469,False,False,M1
2015-07-31,GLD,6,2016-01-29,2016-01-29,8,0.0053468588739096212,-0.056563582661470158,0.028945413758427151,3.7275937203149381,-0.018671737388547261,0.40000000000000002,-0.0074686949554189051,0.55686715013175214,-0.018133977165929509,123,0,False,-0.24039384620926549,0.22545645629842767,0.71844735615072619,False,False,M1
2015-07-31,VDE,6,2016-01-29,2016-01-29,8,0.18205000469054933,-0.012156211726196516,0.082459878441023496,10000,0.024411491936274784,0.40000000000000002,0.0097645967745099149,0.61351495715112236,-0.019145432927222518,124,0,False,-0.30467994574524859,0.32420913929426842,0.59568365433137838,False,False,M1
2015-07-31,VWO,6,2016-01-29,2016-01-29,8,0.20500120979274106,-0.03215972393879532,0.099429699738765615,0.26826957952797248,0.036504286355672093,0.40000000000000002,0.014601714542268837,0.4781950678443756,-0.027329631082868368,119,0,False,-0.14063579719816463,0.16983922628270229,0.72821448588679227,False,False,M1
2015-08-31,BND,6,2016-02-29,2016-02-29,8,0.077602064870867071,-0.064664721637032296,0.10656708875884836,11.513953993264458,-0.020455886462784831,0.5,-0.010227943231392415,0.7418187948136592,0.021895352387664255,95,1,False,-0.099722661875516011,0.079266775412731194,0.67669048619122896,False,False,M1
2015-08-31,DBC,6,2016-02-29,2016-02-29,8,0.27712167015913447,-0.24550558427781585,0.12289804372515432,2.559547922699533,-0.042929285377477699,0.5,-0.02146464268873885,0.4501240392271465,0.030868686895273865,109,1,False,-0.35898820420266397,0.31605891882518633,0.48004384317316307,False,False,M1
2015-08-31,GLD,6,2016-02-29,2016-02-29,8,0.021554331494978651,-0.1261303805811545,0.21387498579754421,3.7275937203149381,0.026259306502671033,0.5,0.013129653251335516,0.55180211210521435,-0.016440949120871733,124,0,False,-0.2042061196105816,0.23046542611325266,0.75089708395415578,False,False,M1
2015-08-31,VDE,6,2016-02-29,2016-02-29,8,0.22082797022739786,-0.012631789014931488,0.041061502148527065,10000,0.008872257326646012,0.5,0.004436128663323006,0.59950217474818768,-0.016620944912214369,125,0,False,-0.28552365349812359,0.29439591082476957,0.59354583764850088,False,False,M1
2015-08-31,VWO,6,2016-02-29,2016-02-29,8,0.20001469812866679,-0.1634149933388763,0.082947444859332572,0.26826957952797248,-0.032707234064633085,0.5,-0.016353617032316543,0.46944931934354633,-0.024682016510879326,120,0,False,-0.18888738044725234,0.15618014638261923,0.74619550372797194,False,False,M1
2015-09-30,BND,6,2016-03-31,2016-03-31,9,0.14410752179273167,0.038542355726853383,0.123636858985874,232.99518105153672,0.063262596845343272,0.5,0.031631298422671636,0.70949661644720419,0.023153381252778354,96,1,False,-0.073674492706732556,0.13693708955207584,0.82623744470963201,False,False,M1
2015-09-30,DBC,6,2016-03-31,2016-03-31,9,0.28605621584739516,0.0057483576657868241,0.0815612171651902,159.98587196060572,0.048949860599207279,0.5,0.024474930299603639,0.4301560023103938,0.03288647918486489,110,1,False,-0.29963149476568157,0.34858135536488882,0.75558406964346492,False,False,M1
2015-09-30,GLD,6,2016-03-31,2016-03-31,9,0.10786905007681558,0.054327390274640341,0.27261966106096724,1526.4179671752302,0.15404400863758147,0.5,0.077022004318790735,0.54319675175055704,-0.014867073090804367,125,0,False,-0.13204846354314775,0.28609247218072925,0.8257371875474645,False,False,M1
2015-09-30,VDE,6,2016-03-31,2016-03-31,9,0.15748675125643241,-0.13124427861468813,0.065951065196209885,75.431200633546069,-0.049301349397771373,0.5,-0.024650674698885686,0.58445809300904916,-0.01394772180281907,126,0,False,-0.33909521721864422,0.2897938678208728,0.55632600642989261,False,False,M1
2015-09-30,VMBS,6,2016-03-31,2016-03-31,9,0.15295580985304502,0.042268883338485809,0.10626465237389809,232.99518105153672,0.074266767856191948,0.5,0.037133383928095974,0.5,0.053156553894716262,64,1,False,,,,True,True,M1
2015-09-30,VWO,6,2016-03-31,2016-03-31,9,0.12617592949877454,-0.12060376926042536,0.078770588422916205,11.513953993264458,-0.012879971149679269,0.5,-0.0064399855748396347,0.4596908079732121,-0.021997978033951066,121,0,False,-0.21829379033098034,0.20541381918130108,0.74312094402434137,False,False,M1
2015-10-30,BND,6,2016-04-29,2016-04-29,9,-0.015915026060930426,0.0498301771221724,0.058340271268422041,232.99518105153672,0.052695728114140278,0.5,0.026347864057070139,0.66327622906137773,0.025397193189193406,97,1,False,-0.081014725378100574,0.13371045349224087,0.82303182045211887,False,False,M1
2015-10-30,DBC,6,2016-04-29,2016-04-29,9,0.052759598646480277,0.046485472075272712,0.02946934090359267,159.98587196060572,0.036395122061433,0.5,0.0181975610307165,0.40701268037748256,0.036094602517499498,111,1,False,-0.33985554210908325,0.37625066417051628,0.73302986909128609,False,False,M1
2015-10-30,GLD,6,2016-04-29,2016-04-29,9,-0.11931990248512259,0.059206641628727498,0.24350380850924588,1526.4179671752302,0.14670979999033421,0.5,0.073354899995167103,0.52520616652595731,-0.012633177457116453,126,0,False,-0.16954027251574161,0.31625007250607579,0.8364402221598769,False,False,M1
2015-10-30,VDE,6,2016-04-29,2016-04-29,9,-0.0055527179300820517,-0.044423128708531601,-0.10152317903662819,75.431200633546069,-0.069014634475703926,0.5,-0.034507317237851963,0.56932602290418899,-0.010699112196608374,127,0,False,-0.42148655878009228,0.3524719243043884,0.53986608439464956,False,False,M1
2015-10-30,VMBS,6,2016-04-29,2016-04-29,9,-0.0064417503071541038,0.05117936995245928,0.039423951336065848,232.99518105153672,0.045301660644262567,0.5,0.022650830322131284,0.5,0.055901840974295368,65,1,False,,,,True,True,M1
2015-10-30,VWO,6,2016-04-29,2016-04-29,9,0.0027943924472966231,-0.016708115438902452,0.040980760805448123,11.513953993264458,0.015376273777643973,0.5,0.0076881368888219864,0.44383750724060222,-0.018249179089335814,122,1,False,-0.22702867141769673,0.24240494519534073,0.7426124827434174,False,False,M1
2015-11-30,BND,6,2016-05-31,2016-05-31,9,0.068327331400474201,0.030698571072775977,0.11019289488362445,232.99518105153672,0.059333561340774041,0.5,0.02966678067038702,0.63978572437281001,0.026548606199256034,98,1,False,-0.10418432306559869,0.16351788440637274,0.84213350271816356,False,False,M1
2015-11-30,DBC,6,2016-05-31,2016-05-31,9,0.062397927746934201,0.025553109363146552,0.070030796448469851,159.98587196060572,0.052639873312908238,0.5,0.026319936656454119,0.39100331593681836,0.038736033303566744,112,1,False,-0.32676458810601933,0.37940446141892753,0.77859182959592454,False,False,M1
2015-11-30,GLD,6,2016-05-31,2016-05-31,9,-0.043113432352661185,0.05494859064768623,0.24991676325382739,1526.4179671752302,0.14986396440507993,0.5,0.074931982202539965,0.51317503524468056,-0.010558274724737596,127,0,False,-0.17582142382370505,0.32568538822878501,0.84849229373902613,False,False,M1
2015-11-30,VDE,6,2016-05-31,2016-05-31,9,0.087127097917405916,-0.09798461893034445,-0.064216262251286266,75.431200633546069,-0.083017902260255669,0.5,-0.041508951130127834,0.55678279484146342,-0.0084671187422366411,128,0,False,-0.42848819267236815,0.34547029041211252,0.5259679326799116,False,False,M1
2015-11-30,VMBS,6,2016-05-31,2016-05-31,9,0.074341481315624014,0.034297270584409907,0.090977629690908002,232.99518105153672,0.062637450137658951,0.5,0.031318725068829475,0.5,0.057110029581720387,66,1,False,,,,True,True,M1
2015-11-30,VWO,6,2016-05-31,2016-05-31,9,0.10052886897366986,-0.11227694077365595,0.036973526016873794,11.513953993264458,-0.027579661882199975,0.5,-0.013789830941099987,0.43251581912754056,-0.015525157517098691,123,1,False,-0.27355947371238803,0.24597981183018808,0.74825009839755308,False,False,M1
2015-12-31,BND,6,2016-06-30,2016-06-30,9,-0.022414284328777567,0.048114151203937389,0.15376844061740061,232.99518105153672,0.088070739320207828,0.5,0.044035369660103914,0.62181764376923743,0.027389480076521651,99,1,False,-0.089814096357357737,0.17788483567756555,0.88361562583780373,False,False,M1
2015-12-31,DBC,6,2016-06-30,2016-06-30,9,-0.098961433257259035,0.04398083712374716,0.062900379376931562,159.98587196060572,0.055742830153352588,0.5,0.027871415076676294,0.37831513721608512,0.041650573681811263,113,1,False,-0.34245233642932654,0.39819516658267912,0.79135305637171427,False,False,M1
2015-12-31,GLD,6,2016-06-30,2016-06-30,9,-0.21742571699020719,0.060219775999240409,0.28030562115642743,1526.4179671752302,0.16950354774385751,0.5,0.084751773871928754,0.50344933965850558,-0.0087453551688656365,128,0,False,-0.16598289119807993,0.33548643894193741,0.86536833350021192,False,False,M1
2015-12-31,VDE,6,2016-06-30,2016-06-30,9,-0.10704557158169736,-0.07200675975972938,0.1055168692533224,75.431200633546069,0.0088181328526665877,0.5,0.0044090664263332939,0.54470910119546057,-0.0058259478543264956,129,0,False,-0.38257017511590702,0.39138830796857366,0.61764561841490384,False,False,M1
2015-12-31,VMBS,6,2016-06-30,2016-06-30,9,-0.0033007501656627802,0.051617160715053317,0.11905616342206307,232.99518105153672,0.085336662068558194,0.5,0.042668331034279097,0.5,0.057872005410554449,67,1,False,,,,True,True,M1
2015-12-31,VWO,6,2016-06-30,2016-06-30,9,-0.0074197667340689666,-0.071173753765159525,0.12908027995342317,11.513953993264458,0.044364896289980679,0.5,0.02218244814499034,0.42303958672060088,-0.012858988178174151,124,1,False,-0.2740942465563127,0.31845914284629334,0.75019399117141927,False,False,M1
2016-01-29,BND,6,2016-07-29,2016-07-29,9,0.021576543086043287,0.03340536285545645,0.19440909076708629,232.99518105153672,0.09506457085072606,0.5,0.04753228542536303,0.61703242033555572,0.027239667265034982,100,1,False,-0.072188466880724514,0.16725303773145056,0.89584716707976098,False,False,M1
2016-01-29,DBC,6,2016-07-29,2016-07-29,9,-0.047482500850779319,-0.0052257269999537725,0.18091076050875624,159.98587196060572,0.11262876173912639,0.5,0.056314380869563196,0.36683833290039208,0.043146006341871733,114,1,False,-0.30368041700733173,0.41630917874645812,0.87645533881520621,False,False,M1
2016-01-29,GLD,6,2016-07-29,2016-07-29,9,-0.13610473454028016,0.05148267684444234,0.30916162315153994,1526.4179671752302,0.17992795258283389,0.5,0.089963976291416947,0.50152980063294528,-0.0086361131995417971,129,0,False,-0.1548014345819248,0.3347293871647587,0.87634076178036513,False,False,M1
2016-01-29,VDE,6,2016-07-29,2016-07-29,9,-0.11216247522633682,-0.15534242718042357,0.13495505284616771,75.431200633546069,-0.021114920094028863,0.5,-0.010557460047014432,0.53762083269169458,-0.0043807482193659103,130,0,False,-0.33068915493980461,0.30957423484577579,0.595266982198702,False,False,M1
2016-01-29,VMBS,6,2016-07-29,2016-07-29,9,0.050783822628887032,0.031951229022621735,0.12091647313627976,232.99518105153672,0.076433851079450749,0.5,0.038216925539725374,0.5,0.057141292256466081,68,1,False,,,,True,True,M1
2016-01-29,VWO,6,2016-07-29,2016-07-29,9,-0.141423472073962,-0.14754141792699416,0.14829359802833736,11.513953993264458,0.025415085969132407,0.5,0.012707542984566203,0.41536162195809345,-0.01111610659440683,125,1,False,-0.28354328583410987,0.30895837180324232,0.75588344007544317,False,False,M1
2016-02-29,BND,6,2016-08-31,2016-08-31,9,-0.030818070202628833,0.061170997357134965,0.19101279594300596,232.99518105153672,0.1144167242936196,0.5,0.057208362146809799,0.58991844293291651,0.027738304865092725,101,1,False,-0.062437272850951214,0.17685399714457081,0.91530096612666567,False,False,M1
2016-02-29,DBC,6,2016-08-31,2016-08-31,9,-0.1770475250262884,0.031508350126583623,0.12101414600345407,159.98587196060572,0.089707295867116441,0.5,0.04485364793355822,0.34977455738626378,0.045180577331587063,115,1,False,-0.31512233041811638,0.40482962628523284,0.84637810952552761,False,False,M1
2016-02-29,GLD,6,2016-08-31,2016-08-31,9,-0.072289902188917621,0.061605166833079344,0.26300059402527887,1526.4179671752302,0.16156038040077755,0.5,0.080780190200388777,0.50368677699763731,-0.0084038790095839443,130,0,False,-0.16038587349945377,0.32194625390023135,0.8764601738584995,False,False,M1
2016-02-29,VDE,6,2016-08-31,2016-08-31,9,-0.23144868907792415,-0.091353893221721272,0.028796520940870981,75.431200633546069,-0.035265382211196926,0.5,-0.017632691105598463,0.53318087664164704,-0.00266159769687153,131,0,False,-0.33774057989203204,0.30247519768083514,0.59286625925089809,False,False,M1
2016-02-29,VMBS,6,2016-08-31,2016-08-31,9,-0.012617713427836463,0.063255046503443393,0.12675601066140021,232.99518105153672,0.095005528582421811,0.5,0.047502764291210905,0.5,0.057474058913693116,69,1,False,,,,True,True,M1
2016-02-29,VWO,6,2016-08-31,2016-08-31,9,-0.23296132359214106,-0.08690683725899305,0.12320655219428513,11.513953993264458,0.038960599679254519,0.5,0.01948029983962726,0.40095470704766267,-0.009440465287080849,126,1,False,-0.27303833581468234,0.31199893549393681,0.76094576978518347,False,False,M1
2016-03-31,BND,6,2016-09-30,2016-09-30,10,-0.12976347312084746,0.077719816841813116,0.078309891493377276,159.98587196060572,0.077973205874469556,0.5,0.038986602937234778,0.57058139680334063,0.028879179540853891,102,1,False,-0.074294621995120685,0.15226782786959026,0.89026978297296366,False,False,M1
2016-03-31,DBC,6,2016-09-30,2016-09-30,10,-0.21943218778882057,-0.075321169088012188,0.17221383114171784,16.768329368110066,0.085650895920396,0.5,0.042825447960198,0.34969978039867211,0.047257091456723341,116,1,False,-0.31524036976155917,0.40089126568195516,0.84563928304823321,False,False,M1
2016-03-31,GLD,6,2016-09-30,2016-09-30,10,-0.17511856494588796,0.06981352702129999,0.19233684487964484,719.68567300115137,0.12996913778553665,0.5,0.064984568892768324,0.50902724627661922,-0.0075162993982373829,131,0,False,-0.16790020042189227,0.29786933820742889,0.87041099856624438,False,False,M1
2016-03-31,VDE,6,2016-09-30,2016-09-30,10,-0.25192968884617306,-0.13248383758967791,-0.032768111325475427,24.420530945486497,-0.084623304419986611,0.5,-0.042311652209993306,0.5200302403365934,-0.0014483526290434683,132,0,False,-0.35691625373447089,0.27229294931448422,0.59327828271061878,False,False,M1
2016-03-31,VMBS,6,2016-09-30,2016-09-30,10,-0.11817592135030086,0.079813374779747884,0.11822190374063256,109.85411419875572,0.11241986439775586,0.5,0.056209932198877932,0.15106122259421884,0.058838083927112428,70,1,False,,,,True,True,M1
2016-03-31,VOO,6,2016-09-30,2016-09-30,10,-0.17176720151991987,-0.050828755701101791,0.12280917624716169,16.768329368110066,0.035990210273029948,0.5,0.017995105136514974,0.5,0.0072558617821697497,61,1,False,,,,True,True,M1
2016-03-31,VWO,6,2016-09-30,2016-09-30,10,-0.22880435975733215,0.0036132160179868228,0.12472675839708998,11.513953993264458,0.077568306584846078,0.5,0.038784153292423039,0.38937389565100028,-0.0083726196588457674,127,1,False,-0.22980984677544616,0.30737815336029223,0.76007648366927705,False,False,M1
2016-04-29,BND,6,2016-10-31,2016-10-31,10,-0.048420684589805529,0.088506299169828093,0.16667263548468914,159.98587196060572,0.12209411343648885,0.5,0.061047056718244425,0.57030333196932759,0.028444284340836568,103,1,False,-0.052209011915289288,0.17430312535177814,0.882582619805235,False,False,M1
2016-04-29,DBC,6,2016-10-31,2016-10-31,10,-0.074749846415377186,0.060298956707017771,0.19682162723491259,16.768329368110066,0.14890530461368531,0.5,0.074452652306842657,0.3509770387287936,0.047304121432704169,117,1,False,-0.27868051988187748,0.42758582449556282,0.90934067478343106,False,False,M1
2016-04-29,GLD,6,2016-10-31,2016-10-31,10,-0.01822852450638679,0.08355032747906084,0.28743429535365378,719.68567300115137,0.18192828638965031,0.5,0.090964143194825153,0.5174806536475649,-0.0083632963913198508,132,0,False,-0.13453862621276996,0.31646691260242027,0.82778033168459098,False,False,M1
2016-04-29,VDE,6,2016-10-31,2016-10-31,10,-0.053971537874465736,0.0075995296141333976,0.075434668663207818,24.420530945486497,0.03992884264555769,0.5,0.019964421322778845,0.5234134773714243,-0.0014792125185249631,133,0,False,-0.29463732200518583,0.33456616465074357,0.66165976134913673,False,False,M1
2016-04-29,VMBS,6,2016-10-31,2016-10-31,10,-0.047537274211049696,0.094431847441212483,0.17173409431961492,109.85411419875572,0.15378472363540455,0.5,0.076892361817702273,0.23219726992470208,0.05791864964212276,71,1,False,,,,True,True,M1
2016-04-29,VOO,6,2016-10-31,2016-10-31,10,-0.076040277704247594,0.0035006827187591127,0.1574890696812985,16.768329368110066,0.080494876200028806,0.5,0.040247438100014403,0.5,0.0072644708840580918,62,1,False,,,,True,True,M1
2016-04-29,VWO,6,2016-10-31,2016-10-31,10,-0.12708527199333475,0.095022027329129968,0.14915529227392599,11.513953993264458,0.12798513036921866,0.5,0.063992565184609329,0.39107491348057832,-0.0082853773767665312,128,1,False,-0.20456812365919502,0.33255325402841368,0.75434649504549989,False,False,M1
2016-05-31,BND,6,2016-11-30,2016-11-30,10,0.016309171659666166,0.086970941477259325,0.10437788964182408,159.98587196060572,0.094455276351533349,0.5,0.047227638175766674,0.57003750436220346,0.028827775177948468,104,1,False,-0.064086511340607527,0.15854178769214086,0.86955356741612166,False,False,M1
2016-05-31,DBC,6,2016-11-30,2016-11-30,10,-0.0081741515952040711,0.085439809883270421,0.091389855534841954,16.768329368110066,0.089309408179731653,0.5,0.044654704089865827,0.34965233494650777,0.047432035045536627,118,1,False,-0.30846559083896552,0.39777499901869717,0.8572916726999612,False,False,M1
2016-05-31,GLD,6,2016-11-30,2016-11-30,10,0.032048595801907664,0.085323861164049622,0.19182288759953176,719.68567300115137,0.13578559551649422,0.5,0.067892797758247109,0.52617656666547397,-0.0086245756090742969,133,0,False,-0.15757814657429922,0.29336374209079341,0.74994392238760998,False,False,M1
2016-05-31,VDE,6,2016-11-30,2016-11-30,10,-0.083520980922394683,0.0013170596083325048,0.020000814008908342,24.420530945486497,0.010268887561093185,0.5,0.0051344437805465925,0.52087638486166443,-0.00081797139586876259,134,0,False,-0.30427217365162051,0.31454106121271375,0.64214700728654339,False,False,M1
2016-05-31,VMBS,6,2016-11-30,2016-11-30,10,0.015898369381300625,0.093354386867931266,0.12453488990133287,109.85411419875572,0.1178162329839005,0.5,0.058908116491950248,0.21547621955409463,0.058146744526476946,72,1,False,,,,True,True,M1
2016-05-31,VOO,6,2016-11-30,2016-11-30,10,-0.059717656215456216,0.0040795027144830652,0.16799007690300763,16.768329368110066,0.086034789808745349,0.5,0.043017394904372674,0.5,0.0084865841288250601,63,1,False,,,,True,True,M1
2016-05-31,VWO,6,2016-11-30,2016-11-30,10,-0.080601831120427514,0.091138223562215903,0.11307418554501712,11.513953993264458,0.10466810971731352,0.5,0.052334054858656762,0.38320981018723177,-0.0074418560872282664,129,1,False,-0.20750572269285572,0.31217383241016927,0.75979683750619931,False,False,M1
2016-06-30,BND,6,2016-12-30,2016-12-30,10,0.14135779460259301,0.084085528260664247,0.16399360920960301,159.98587196060572,0.11715113518589293,0.5,0.058575567592946465,0.58620446727587394,0.028339755563598693,105,1,False,-0.048088452312498059,0.16523958749839099,0.81661787489409943,False,False,M1
2016-06-30,DBC,6,2016-12-30,2016-12-30,10,0.065284339060155183,0.13580018689870924,0.20573833124974925,16.768329368110066,0.18101720131516882,0.5,0.090508600657584412,0.35347134477142839,0.046201837832908092,119,1,False,-0.24727920077021592,0.42829640208538478,0.92159375060981097,False,False,M1
2016-06-30,GLD,6,2016-12-30,2016-12-30,10,0.25072920900137008,0.089062822335370051,0.27350269170068159,719.68567300115137,0.17481289247407389,0.5,0.087406446237036944,0.53507844896125656,-0.010182793082067826,134,0,False,-0.15733303291857056,0.33214592539264443,0.68739763637340057,False,False,M1
2016-06-30,VDE,6,2016-12-30,2016-12-30,10,-0.020924685541663157,0.065367115307934057,0.14240994358090389,24.420530945486497,0.10148380961248681,0.5,0.050741904806243403,0.53121276679267304,-0.0016048425083563819,135,0,False,-0.24005471141347701,0.34153852102596383,0.69402987671525096,False,False,M1
2016-06-30,VMBS,6,2016-12-30,2016-12-30,10,0.13546322864480709,0.08995291140478634,0.17201278630591038,109.85411419875572,0.13622173618780065,0.5,0.068110868093900323,0.43615774653855149,0.057304998023844901,73,1,False,-0.047711557831048718,0.18393329401884936,,False,True,M1
2016-06-30,VOO,6,2016-12-30,2016-12-30,10,0.0082187236419339893,0.03617425449596183,0.18318265643199058,16.768329368110066,0.1096784554639762,0.5,0.054839227731988099,0.5,0.0086066683027796083,64,1,False,,,,True,True,M1
2016-06-30,VWO,6,2016-12-30,2016-12-30,10,0.033870377269062057,0.11916310501387652,0.22281978038469444,11.513953993264458,0.18244481716186273,0.5,0.091222408580931363,0.38950663889610243,-0.0074416861691270391,130,1,False,-0.15691225219881702,0.33935706936067978,0.72955484384607749,False,False,M1
2016-07-29,BND,6,2017-01-31,2017-01-31,10,0.20252146456333453,0.10784039687410775,0.12284980593181626,159.98587196060572,0.11367046237559354,0.5,0.056835231187796771,0.6115726156126321,0.028275951672301,106,1,False,-0.04979625619189388,0.16346671856748743,0.83209462975187931,False,False,M1
2016-07-29,DBC,6,2017-01-31,2017-01-31,10,0.065929940108925944,0.20298377209083027,0.16075124495938301,16.768329368110066,0.17622971970394594,0.5,0.088114859851972968,0.36650600368731767,0.045421135010544025,120,1,False,-0.24264387372343771,0.41887359342738367,0.88566123139750719,False,False,M1
2016-07-29,GLD,6,2017-01-31,2017-01-31,10,0.28896725551578339,0.10177119601785099,0.21568347786179742,719.68567300115137,0.15357158613758276,0.5,0.07678579306879138,0.54526071042369717,-0.011115548203980512,135,0,False,-0.16436691489607355,0.31793850103365628,0.63274523440604158,False,False,M1
2016-07-29,VDE,6,2017-01-31,2017-01-31,10,0.051247636942578056,0.12537429514950799,0.092938662875720598,24.420530945486497,0.11054067821670828,0.5,0.05527033910835414,0.54267526504216235,-0.0024177662783415339,136,0,False,-0.22947749260801456,0.34001817082472285,0.70821046547723476,False,False,M1
2016-07-29,VMBS,6,2017-01-31,2017-01-31,10,0.18797102666325971,0.11836142902572262,0.13048152383827583,109.85411419875572,0.12401543248386084,0.5,0.062007716241930418,0.5335017138412006,0.057216874032021144,74,1,False,-0.053814709683018623,0.17783014216687945,,False,True,M1
2016-07-29,VOO,6,2017-01-31,2017-01-31,10,0.10245451530670868,0.069362075766161546,0.18017523670655769,16.768329368110066,0.12476865623635962,0.5,0.062384328118179809,0.5,0.0075071464403895808,65,1,False,,,,True,True,M1
2016-07-29,VWO,6,2017-01-31,2017-01-31,10,0.12538700595675345,0.16235594370083334,0.20381274380950448,11.513953993264458,0.18681741276693767,0.5,0.093408706383468834,0.40995279418615943,-0.0084644478935914265,131,1,False,-0.15470435843916813,0.34152177120610583,0.72386329315382758,False,False,M1
2016-08-31,BND,6,2017-02-28,2017-02-28,10,0.2511209151249264,0.10829981495569546,0.17182557445620561,159.98587196060572,0.13199560958875978,0.5,0.065997804794379888,0.62698919588873225,0.027723671094030632,107,1,False,-0.039462315586545657,0.17145792517530545,0.75268682437581946,False,False,M1
2016-08-31,DBC,6,2017-02-28,2017-02-28,10,0.17711131747883524,0.18585753036088143,0.206427953460909,16.768329368110066,0.19870531436439526,0.5,0.099352657182197629,0.37542441684164524,0.043582551043297481,121,1,False,-0.23139045772729175,0.43009577209168703,0.87532840236375165,False,False,M1
2016-08-31,GLD,6,2017-02-28,2017-02-28,10,0.28330523344017355,0.097706640879224427,0.28953594575823582,719.68567300115137,0.18347811167251776,0.5,0.091739055836258881,0.55287607987012088,-0.011565359630340347,136,0,False,-0.14108244844034368,0.32456056011286144,0.56954397414198477,False,False,M1
2016-08-31,VDE,6,2017-02-28,2017-02-28,10,0.2044499742949053,0.052088428555111532,0.14006278081198295,24.420530945486497,0.09180152081901273,0.5,0.045900760409506365,0.54858329450445786,-0.0040895248389224269,137,0,False,-0.23883983211226811,0.33064135293128083,0.70097688431215632,False,False,M1
2016-08-31,VMBS,6,2017-02-28,2017-02-28,10,0.24213264577167037,0.11954075342522621,0.16121319120036678,109.85411419875572,0.13609034890466926,0.5,0.068045174452334628,0.60286471435286237,0.056285746199223038,75,1,False,-0.047777251472614413,0.18386760037728367,,False,True,M1
2016-08-31,VOO,6,2017-02-28,2017-02-28,10,0.1308497765108998,0.042534953506598278,0.19408870966492689,16.768329368110066,0.11831183158576258,0.5,0.059155915792881292,0.5,0.0055527654202778814,66,1,False,,,,True,True,M1
2016-08-31,VWO,6,2017-02-28,2017-02-28,10,0.16939650300649789,0.09727387759247344,0.20381274380950448,11.513953993264458,0.15841717556870993,0.5,0.079208587784354967,0.42609396788885401,-0.010165181800398621,132,1,False,-0.18922995990454411,0.34764713547325404,0.71893754231781715,False,False,M1
2016-09-30,BND,6,2017-03-31,2017-03-31,11,0.29042009484893472,0.055903454716665302,0.19276913737557613,10000,0.10806044602400615,0.40000000000000002,0.043224178409602465,0.61891841479851706,0.026265456795744723,108,1,False,-0.07006139788254917,0.1565097547017541,0.69208081792188125,False,False,M1
2016-09-30,DBC,6,2017-03-31,2017-03-31,11,0.25276890301703614,0.12725152232110842,0.27563679507050942,10000,0.2173495708817966,0.40000000000000002,0.086939828352718643,0.39281003504404804,0.041426692528280122,122,1,False,-0.23657147920739258,0.41045113591282983,0.86317376873021867,False,False,M1
2016-09-30,GLD,6,2017-03-31,2017-03-31,11,0.32117135402019859,0.089179548938743608,0.31337642538397764,10000,0.18859289196267626,0.40000000000000002,0.075437156785070514,0.55658016025831225,-0.012759178647242152,137,0,False,-0.16922346444201741,0.32009777801215844,0.52484470262217908,False,False,M1
2016-09-30,VDE,6,2017-03-31,2017-03-31,11,0.26450016194127635,0.061569663471822904,0.18857586028112708,10000,0.11830881431766412,0.40000000000000002,0.047323525727065649,0.5532568309951581,-0.0058854680563662724,138,0,False,-0.23390654443331449,0.32855359588744582,0.75434426047289393,False,False,M1
2016-09-30,VMBS,6,2017-03-31,2017-03-31,11,0.28135170818712341,0.057197824300159281,0.20992528904154448,10000,0.11866275240653633,0.40000000000000002,0.047465100962614533,0.59755157194250463,0.053990197941992467,76,1,False,-0.12692075258656427,0.22185095451179332,,False,True,M1
2016-09-30,VOO,6,2017-03-31,2017-03-31,11,0.1654192488476689,0.006976550416288892,0.15622394463412501,10000,0.028503960633409882,0.40000000000000002,0.011401584253363954,0.85576022730621115,0.0029061987495286614,67,1,False,,,,True,True,M1
2016-09-30,VWO,6,2017-03-31,2017-03-31,11,0.20363942740866037,0.086331737143014411,0.21266985438481323,10000,0.15756484580523278,0.40000000000000002,0.06302593832209312,0.43617088636927243,-0.011809085394059778,133,1,False,-0.20377312020874988,0.32982499685293615,0.70062025945142359,False,False,M1
2016-09-30,VXUS,6,2017-03-31,2017-03-31,11,0.20144351459253951,0.064850232852743425,0.17033017406552178,10000,0.1175902034591326,0.40000000000000002,0.04703608138365304,0.5,0.0565970814101096,62,1,False,,,,True,True,M1
2016-10-31,BND,6,2017-04-28,2017-04-28,11,0.29133375615608192,0.055770068926800143,0.15763369242048142,10000,0.094064138905768868,0.40000000000000002,0.037625655562307549,0.62406530746136146,0.025580262838079126,109,1,False,-0.073691891830831802,0.14894320295544691,0.63251066792844635,False,False,M1
2016-10-31,DBC,6,2017-04-28,2017-04-28,11,0.30892200883662702,0.12707604674389522,0.27714314694438519,10000,0.21672128305682303,0.40000000000000002,0.086688513222729219,0.40263231452355935,0.040482167821421118,123,1,False,-0.21612494867119594,0.38950197511665441,0.80805380254674775,False,False,M1
2016-10-31,GLD,6,2017-04-28,2017-04-28,11,0.29183758696992113,0.088881120279383441,0.25187772754622173,10000,0.1599676171981432,0.40000000000000002,0.063987046879257284,0.56387744437903808,-0.012798811588250443,138,0,False,-0.17713294492028947,0.30510703867880407,0.50852542985171634,False,False,M1
2016-10-31,VDE,6,2017-04-28,2017-04-28,11,0.29393083434972489,0.061355750193159773,0.19813243021778534,10000,0.1220224052522994,0.40000000000000002,0.048808962100919763,0.55645468914571483,-0.0062314110046979227,139,0,False,-0.21695568053623196,0.3145736047380715,0.74063490200174054,False,False,M1
2016-10-31,VMBS,6,2017-04-28,2017-04-28,11,0.29178007806840078,0.057093315724539094,0.16788608648111231,10000,0.098889534555589173,0.40000000000000002,0.039555813822235671,0.62275319458449097,0.05267165934260231,77,1,False,-0.13483003972694313,0.21394166737141446,,False,True,M1
2016-10-31,VOO,6,2017-04-28,2017-04-28,11,0.15276458618571076,0.0068220990822568557,0.14109979051215343,10000,0.023735595910044559,0.40000000000000002,0.0094942383640178249,0.87404090249333888,0.001745221154620187,68,1,False,,,,True,True,M1
2016-10-31,VWO,6,2017-04-28,2017-04-28,11,0.20095095858220202,0.085994825568677991,0.22612045486269688,10000,0.16428358593213482,0.40000000000000002,0.065713434372853929,0.44129592310920296,-0.012669355443308099,134,1,False,-0.20108448727072104,0.33251135601642889,0.66936128533115302,False,False,M1
2016-10-31,VXUS,6,2017-04-28,2017-04-28,11,0.1765937075592332,0.064725183062967859,0.16422454888337412,10000,0.114474865973171,0.40000000000000002,0.0457899463892684,0.5,0.054726661436085282,63,1,False,,,,True,True,M1
2016-11-30,BND,6,2017-05-31,2017-05-31,11,0.26337951653740377,0.055773264442218182,0.14129478184012603,10000,0.087955009041697244,0.40000000000000002,0.035182003616678899,0.6237000280321694,0.025495980191002642,110,1,False,-0.074611516065560157,0.14497552329891794,0.66047613695995833,False,False,M1
2016-11-30,DBC,6,2017-05-31,2017-05-31,11,0.29655694768510088,0.1269277064685824,0.18346078799696897,10000,0.16062262372098102,0.40000000000000002,0.064249049488392412,0.40397876178959691,0.040089778148706394,124,1,False,-0.23142124559444513,0.35991934457122998,0.76112902226885204,False,False,M1
2016-11-30,GLD,6,2017-05-31,2017-05-31,11,0.21680979868382222,0.089023815347934035,0.24451643223092395,10000,0.15626113621165397,0.40000000000000002,0.06250445448466159,0.56758512261507044,-0.01247616836961621,139,0,False,-0.17769352126966864,0.30270243023899185,0.53763341412290966,False,False,M1
2016-11-30,VDE,6,2017-05-31,2017-05-31,11,0.36827799555910057,0.061188954684202948,0.16128504355267884,10000,0.10554207895372102,0.40000000000000002,0.042216831581488409,0.55689453233485364,-0.0067834793612528976,140,0,False,-0.22351724730710515,0.307950910470082,0.71441469924589063,False,False,M1
2016-11-30,VMBS,6,2017-05-31,2017-05-31,11,0.2684418521768861,0.057065990404579596,0.12577847667570441,10000,0.082694049847886281,0.40000000000000002,0.033077619939154514,0.62702471073184829,0.052200206907201001,78,1,False,-0.096902706925200421,0.16305794680350943,,False,True,M1
2016-11-30,VOO,6,2017-05-31,2017-05-31,11,0.18485457047058129,0.006769321842161561,0.13607808162728688,10000,0.020856439039384226,0.40000000000000002,0.0083425756157536907,0.89105829163753891,0.0008544548159234275,69,0,False,,,,True,True,M1
2016-11-30,VWO,6,2017-05-31,2017-05-31,11,0.13652780607261339,0.086033299544607714,0.21680304939334202,10000,0.15876330762070701,0.40000000000000002,0.063505323048282811,0.44383155767883253,-0.013172558966842314,135,1,False,-0.19639123027769712,0.32340187637426276,0.64889988551349653,False,False,M1
2016-11-30,VXUS,6,2017-05-31,2017-05-31,11,0.12030962266376988,0.064703499383177251,0.15154713217101984,10000,0.10812531577709855,0.40000000000000002,0.043250126310839423,0.5,0.053753090601107695,64,1,False,,,,True,True,M1
2016-12-30,BND,6,2017-06-30,2017-06-30,11,0.24084529330100835,0.05502587051545995,0.13136071270110655,10000,0.084225651238757152,0.40000000000000002,0.033690260495502861,0.61747768270374837,0.02653978032083679,111,1,False,-0.076095114727381466,0.14347563571838717,0.68555491135790703,False,False,M1
2016-12-30,DBC,6,2017-06-30,2017-06-30,11,0.35197526209463059,0.12639717803536177,0.12616903723923603,10000,0.1262623035945615,0.40000000000000002,0.050504921437824604,0.40881051047989064,0.040291334635997982,125,1,False,-0.24515335108301317,0.34616319395866235,0.75879748651385737,False,False,M1
2016-12-30,GLD,6,2017-06-30,2017-06-30,11,0.18749616079977338,0.087964750815577392,0.2105570620539359,10000,0.14171168991028524,0.40000000000000002,0.056684675964114098,0.56157985315892534,-0.010596129959823454,140,0,False,-0.17602675962265935,0.28939611155088751,0.57637263657966187,False,False,M1
2016-12-30,VDE,6,2017-06-30,2017-06-30,11,0.40782717344904118,0.060663826010458013,0.073254923768957189,10000,0.066200246807702159,0.40000000000000002,0.026480098723080867,0.56029085760159514,-0.0068837716036671565,141,0,False,-0.23714212795668149,0.29010232540284325,0.62953591302454226,False,False,M1
2016-12-30,VMBS,6,2017-06-30,2017-06-30,11,0.24860387729100553,0.056336529525936256,0.10714246408099541,10000,0.07579535374521254,0.40000000000000002,0.030318141498085018,0.61699702230280862,0.053254169207677025,79,1,False,-0.099107116282709629,0.15974339927887965,,False,True,M1
2016-12-30,VOO,6,2017-06-30,2017-06-30,11,0.17278713510642518,0.0063341596827972439,0.13614199288944698,10000,0.017981736896827947,0.40000000000000002,0.0071926947587311789,0.91027061367330464,0.00095965865629500701,70,1,False,-0.18256961189770365,0.19695500141516603,,False,True,M1
2016-12-30,VWO,6,2017-06-30,2017-06-30,11,0.11396251680974845,0.085545699721871843,0.18990691723053379,10000,0.14287332576574374,0.40000000000000002,0.057149330306297499,0.45068074700150262,-0.012826655023931256,136,1,False,-0.19602901797844013,0.31032767859103511,0.67401317969675167,False,False,M1
2016-12-30,VXUS,6,2017-06-30,2017-06-30,11,0.11580130720262827,0.064279239917712824,0.092304918570956351,10000,0.078292079244334595,0.40000000000000002,0.031316831697733839,0.5,0.053445114337998055,65,1,False,,,,True,True,M1
2017-01-31,BND,6,2017-07-31,2017-07-31,11,0.23726445473260283,0.054606139629973377,0.10025695282792677,10000,0.072291385037344988,0.40000000000000002,0.028916554014937996,0.61259736314698376,0.028111045358716232,112,1,False,-0.084411792960088411,0.1422449009899644,0.70492325330047245,False,False,M1
2017-01-31,DBC,6,2017-07-31,2017-07-31,11,0.31568795550279227,0.12612597205417378,0.18012370671538677,10000,0.15810852589392785,0.40000000000000002,0.063243410357571139,0.4077056372750506,0.040494815631814875,126,1,False,-0.2293318457866928,0.35581866650183508,0.7872437022152039,False,False,M1
2017-01-31,GLD,6,2017-07-31,2017-07-31,11,0.20145259178289243,0.087524788566481715,0.22964858524219067,10000,0.15056151148589314,0.40000000000000002,0.060224604594357259,0.55646609228118571,-0.0084715669422659613,141,0,False,-0.16694325041989905,0.28739245960861359,0.59242773825520834,False,False,M1
2017-01-31,VDE,6,2017-07-31,2017-07-31,11,0.37405062295085989,0.060331594032840635,0.18910408662809677,10000,0.11722696849405433,0.40000000000000002,0.04689078739762173,0.55817136630226516,-0.006474395487144304,142,0,False,-0.21353416496303698,0.30731573975828042,0.70438152378093211,False,False,M1
2017-01-31,VMBS,6,2017-07-31,2017-07-31,11,0.24415265992485202,0.055864978199738652,0.084411846719596201,10000,0.067174363844662771,0.40000000000000002,0.026869745537865111,0.60383095480132387,0.054938129925871812,80,1,False,-0.097838740380446376,0.1515782314561766,,False,True,M1
2017-01-31,VOO,6,2017-07-31,2017-07-31,11,0.17649694615046374,0.0061639517650562805,0.13936270807768805,10000,0.018718207926782613,0.40000000000000002,0.0074872831707130452,0.9057479475839838,0.0023891636795402701,71,1,False,-0.1822750234857218,0.19724958982714788,,False,True,M1
2017-01-31,VWO,6,2017-07-31,2017-07-31,11,0.12616308519092878,0.085552296560161639,0.2204536221418949,10000,0.15929224243583384,0.40000000000000002,0.063716896974333539,0.45337864133147426,-0.011817796184656186,137,1,False,-0.18383050992003669,0.31126430386870374,0.68603740440913263,False,False,M1
2017-01-31,VXUS,6,2017-07-31,2017-07-31,11,0.1311628960226543,0.064072715812869732,0.1465257778748589,10000,0.10529924684386432,0.40000000000000002,0.04211969873754573,0.5,0.054493785678414258,66,1,False,,,,True,True,M1
2017-02-28,BND,6,2017-08-31,2017-08-31,11,0.21665296901714703,0.054064402836394604,0.069775043327717459,10000,0.060336398050934444,0.5,0.030168199025467222,0.60078042534268861,0.030084584029213667,113,1,False,-0.10541502517063964,0.16575142322157407,0.71872132109778242,False,False,M1
2017-02-28,DBC,6,2017-08-31,2017-08-31,11,0.2973984031578002,0.12581053942578427,0.18374296224098549,10000,0.16004991700735144,0.5,0.080024958503675719,0.40897728909444314,0.041570536118799288,127,1,False,-0.20858020535492258,0.36863012236227399,0.79988939884245924,False,False,M1
2017-02-28,GLD,6,2017-08-31,2017-08-31,11,0.21403979432148446,0.086712088713553653,0.18890165513558288,10000,0.13279707367028101,0.5,0.066398536835140506,0.54902455729773292,-0.0064168007423896275,142,0,False,-0.15797534637551808,0.29077242004579912,0.62335631054014473,False,False,M1
2017-02-28,VDE,6,2017-08-31,2017-08-31,11,0.35215884489195337,0.0600703105422499,0.16860689240693677,10000,0.10860566779421976,0.5,0.054302833897109881,0.55282028954551787,-0.0049993998942628372,143,0,False,-0.1955407565825904,0.30414642437681016,0.71118463059202708,False,False,M1
2017-02-28,VMBS,6,2017-08-31,2017-08-31,11,0.22408610333822954,0.055325726431619232,0.060187674723686864,10000,0.057388184643407628,0.5,0.028694092321703814,0.57579593860483036,0.057249173331375504,81,1,False,-0.1454182441834522,0.20280642882685981,,False,True,M1
2017-02-28,VOO,6,2017-08-31,2017-08-31,11,0.19685978041847862,0.0059514445856178244,0.13230681764454294,10000,0.022333045720151427,0.5,0.011166522860075714,0.87035295185354622,0.0041733388577535968,72,1,False,-0.17859578379635913,0.20092882951651056,,False,True,M1
2017-02-28,VWO,6,2017-08-31,2017-08-31,11,0.1025842724113466,0.085346605491094601,0.20380466887257295,10000,0.150318768588175,0.5,0.0751593842940875,0.45151759836013666,-0.010504649089068115,138,1,False,-0.16173424094328337,0.31205300953145837,0.70036020484546802,False,False,M1
2017-02-28,VXUS,6,2017-08-31,2017-08-31,11,0.11544441808513617,0.063822465624956637,0.13848796198655966,10000,0.10115521380575815,0.5,0.050577606902879074,0.5,0.056390569059191334,67,1,False,,,,True,True,M1
2017-03-31,BND,6,2017-09-29,2017-09-29,12,0.21220216865643216,0.05564032843960557,0.067520310876170442,10000,0.060643562644828237,0.5,0.030321781322414119,0.57885171700057203,0.032368228860965603,114,1,False,-0.13995136769124619,0.20059493033607442,0.72911021863790904,False,False,M1
2017-03-31,DBC,6,2017-09-29,2017-09-29,12,0.22334282777208925,0.13730922162829351,0.010441645001263463,10000,0.061737280384878634,0.5,0.030868640192439317,0.40432423119751049,0.043220523360191762,128,1,False,-0.23722280603364024,0.2989600864185189,0.73383030358304757,False,False,M1
2017-03-31,GLD,6,2017-09-29,2017-09-29,12,0.21174431299868335,0.13087249420583952,-0.016256162300580468,159.98587196060572,0.063172381389706808,0.5,0.031586190694853404,0.53985773795753644,-0.0041259744853085912,143,0,False,-0.20952547828585452,0.27269785967556132,0.66575035565625718,False,False,M1
2017-03-31,VDE,6,2017-09-29,2017-09-29,12,0.25017925401698016,0.069898727902008392,-0.033483821845867422,10000,0.022898648296069576,0.5,0.011449324148034788,0.54537705134415571,-0.0031278751592938212,144,0,False,-0.23276583429549499,0.25566448259156455,0.5981215486168312,False,False,M1
2017-03-31,VMBS,6,2017-09-29,2017-09-29,12,0.21996558938625288,0.058486900267597813,0.037772225337994014,10000,0.048250162237339717,0.5,0.024125081118669858,0.50582193227524186,0.059982131073518768,82,1,False,-0.15483775348245737,0.20308791571979712,,False,True,M1
2017-03-31,VOO,6,2017-09-29,2017-09-29,12,0.15893064693335668,0.0096003254745193386,0.054724789223504079,10000,0.019474171600388751,0.5,0.0097370858001943755,0.78118640521037619,0.0063821869398072309,73,1,False,-0.14938695623155768,0.1688611278319464,,False,True,M1
2017-03-31,VWO,6,2017-09-29,2017-09-29,12,0.1193094092786644,0.082422233193423677,-0.017146644747207361,10000,0.027236986712966631,0.5,0.013618493356483316,0.44575807599878936,-0.0089640442221779817,139,1,False,-0.22325164356806862,0.25048863028103524,0.71809694363612242,False,False,M1
2017-03-31,VXUS,6,2017-09-29,2017-09-29,12,0.11648041446295632,0.061592063165832128,0.013315060664382278,10000,0.015696321650726031,0.5,0.0078481608253630156,0.049324955215938299,0.058523700611152335,68,1,False,,,,True,True,M1
2017-04-28,BND,6,2017-10-31,2017-10-31,12,0.21757296341207155,0.05508033516122144,0.064395256411174134,10000,0.059154410049974564,0.5,0.029577205024987282,0.56262916460256562,0.034620103011357921,115,1,False,-0.20511123254528665,0.2642656425952612,0.73741093254531065,False,False,M1
2017-04-28,DBC,6,2017-10-31,2017-10-31,12,0.15476647342206284,0.1366705253150611,0.222566895993316,10000,0.18840946955586166,0.5,0.094204734777930829,0.39765855259937616,0.045280224797993596,129,1,False,-0.1675401838830608,0.35594965343892249,0.83872716410351256,False,False,M1
2017-04-28,GLD,6,2017-10-31,2017-10-31,12,0.23004139850861316,0.096803492732455657,-0.0085878374876791896,159.98587196060572,0.04760676451974992,0.5,0.02380338225987496,0.53319947561201975,-0.0020706719752028252,144,0,False,-0.21639311158952287,0.26399987610927278,0.67933056863849439,False,False,M1
2017-04-28,VDE,6,2017-10-31,2017-10-31,12,0.22995767161836222,0.069310592332202312,0.20682800838236609,10000,0.13290799957815175,0.5,0.066453999789075874,0.53753197905674499,-0.0010791944040592092,145,0,False,-0.19716640420330642,0.33007440378145814,0.77567509398646695,False,False,M1
2017-04-28,VMBS,6,2017-10-31,2017-10-31,12,0.22191111271758923,0.057947721663146913,0.030409328357364394,10000,0.043248277163695163,0.5,0.021624138581847582,0.4662199665669981,0.062774877422854689,83,1,False,-0.23060012566431753,0.2738484028280127,,False,True,M1
2017-04-28,VOO,6,2017-10-31,2017-10-31,12,0.13777051980841959,0.0092439222386700784,0.095652693381904796,10000,0.035306121495750777,0.5,0.017653060747875388,0.69838479459592206,0.0083603274701572784,74,1,False,-0.14083268410419578,0.17613880559994657,,False,True,M1
2017-04-28,VWO,6,2017-10-31,2017-10-31,12,0.10223128336234599,0.081983924119130511,0.11355848956178455,10000,0.099628761730343574,0.5,0.049814380865171787,0.4411692650763554,-0.0074646513450038416,140,1,False,-0.18492097195920221,0.28454973368954578,0.72140910364835553,False,False,M1
2017-04-28,VXUS,6,2017-10-31,2017-10-31,12,0.1178497007355539,0.061191306283120035,0.13778799473684186,10000,0.13551175478833202,0.5,0.067755877394166011,0.029717210945550375,0.060234860132139009,69,1,False,,,,True,True,M1
2017-05-31,BND,6,2017-11-30,2017-11-30,12,0.21241475983989244,0.055095049994222801,0.058295410816118151,10000,0.056535407119216473,0.75,0.042401555339412353,0.54993914588023052,0.036592166921065213,116,1,False,-0.18618897960915848,0.27099209028798321,0.74411013187864816,False,False,M1
2017-05-31,DBC,6,2017-11-30,2017-11-30,12,0.12018661337581338,0.13685498197223459,0.0030251273934192202,10000,0.056058888258398963,0.75,0.042044166193799221,0.39627750498486114,0.04721312266635596,130,1,False,-0.21942197271918626,0.30351030510678467,0.7334664315528745,False,False,M1
2017-05-31,GLD,6,2017-11-30,2017-11-30,12,0.21100143915030145,0.090876597288094413,-0.016493888939999271,159.98587196060572,0.040322437271130301,0.75,0.030241827953347726,0.52916148754725001,-0.00056115148789920722,145,0,False,-0.20242174279738204,0.26290539870407748,0.68841121669907734,False,False,M1
2017-05-31,VDE,6,2017-11-30,2017-11-30,12,0.18829238069737975,0.069754381324523551,-0.033456665332851659,10000,0.021400811655817278,0.75,0.016050608741862957,0.53150780624070881,0.0014506493628117503,146,0,False,-0.26870855388778353,0.30080977137150949,0.60316037975799008,False,False,M1
2017-05-31,VMBS,6,2017-11-30,2017-11-30,12,0.21880767536343515,0.057953066927040484,0.037772225337994014,10000,0.046825266592659759,0.75,0.035118949944494819,0.44859582365382883,0.06522329378897411,84,1,False,-0.20136928442713234,0.27160718431612196,,False,True,M1
2017-05-31,VOO,6,2017-11-30,2017-11-30,12,0.13790775834341784,0.0096773554798117271,0.011564380963001933,10000,0.010396960388717371,0.75,0.0077977202915380283,0.61865649652537824,0.010713584043496266,75,1,False,-0.17018653143013482,0.18578197201321087,,False,True,M1
2017-05-31,VWO,6,2017-11-30,2017-11-30,12,0.096732879094743707,0.082358557620791709,-0.031767863228116672,10000,0.01881838176078543,0.75,0.014113786320589072,0.443247449737104,-0.0064434282427512386,141,1,False,-0.2106396105502123,0.23886718319139044,0.72085810849720133,False,False,M1
2017-05-31,VXUS,6,2017-11-30,2017-11-30,12,0.12504189691321099,0.061584897406972927,0.012073650542695359,10000,0.014893154322365027,0.75,0.01116986574177377,0.056946733484588223,0.061093071025448024,70,1,False,,,,True,True,M1
2017-06-30,BND,6,2017-12-29,2017-12-29,12,0.26541404067553809,0.054872067913574102,0.058295410816118151,10000,0.056448883238519411,0.75,0.04233666242888956,0.53939311081764418,0.038337920137987806,117,1,False,-0.18624532856255419,0.27091865342033328,0.75106724579174833,False,False,M1
2017-06-30,DBC,6,2017-12-29,2017-12-29,12,0.12790619376377843,0.13658167399121757,0.0086442193576007683,10000,0.05964389584675811,0.75,0.044732921885068583,0.39862975729201888,0.04953955121160996,131,1,False,-0.24784153714139531,0.33730738091153245,0.74028320255941082,False,False,M1
2017-06-30,GLD,6,2017-12-29,2017-12-29,12,0.22968338360140472,0.079434527191710069,-0.016256162300580468,159.98587196060572,0.034086976109397468,0.75,0.025565232082048101,0.52610278677147482,0.00072691229489306778,146,0,False,-0.20287900440456338,0.25400946856865958,0.69576204549310228,False,False,M1
2017-06-30,VDE,6,2017-12-29,2017-12-29,12,0.13889896455914652,0.069482956073706886,-0.058540727288221989,10000,0.0092918637223076399,0.75,0.0069688977917307295,0.52984408219816448,0.0042151155130582081,147,0,False,-0.31218648159329004,0.32612427717675146,0.58313448918762012,False,False,M1
2017-06-30,VMBS,6,2017-12-29,2017-12-29,12,0.26847079979612887,0.057729561765062908,0.037772225337994014,10000,0.046537096650994113,0.75,0.034902822488245583,0.43918041593526325,0.067380712418409774,85,1,False,-0.20151516175001311,0.27132080672650427,,False,True,M1
2017-06-30,VOO,6,2017-12-29,2017-12-29,12,0.16180870246282075,0.0096087949012729316,0.0040334432466027741,10000,0.0071076532311170415,0.75,0.0053307399233377814,0.5513930196562894,0.012846130768008487,76,1,False,-0.17250628611165056,0.1831677659583261,,False,True,M1
2017-06-30,VWO,6,2017-12-29,2017-12-29,12,0.13451302526164866,0.082284579382142967,-0.042381791056391657,10000,0.01324383260155499,0.75,0.0099328744511662428,0.44619590240956158,-0.0055954990522406756,142,1,False,-0.2123562488982782,0.2322219978006107,0.72168576028134446,False,False,M1
2017-06-30,VXUS,6,2017-12-29,2017-12-29,12,0.16777223761729099,0.061428508124086539,0.0050905884108127537,10000,0.0090839656418194113,0.75,0.0068129742313645589,0.070882582305675318,0.061863609563154787,71,1,False,-0.14759445897752191,0.16122040744025104,,False,True,M1
2017-07-31,BND,6,2018-01-31,2018-01-31,12,0.16288825919893635,0.054885410241602241,0.069321273271849282,10000,0.061628717532313429,0.75,0.046221538149235075,0.53287813298158004,0.040023738227772679,118,1,False,-0.17199461811963496,0.26443769441810511,0.76014621067369026,False,False,M1
2017-07-31,DBC,6,2018-01-31,2018-01-31,12,0.007314371355031879,0.1365229204280313,0.046742394190028798,10000,0.082441159656742785,0.75,0.061830869742557089,0.39762259102913716,0.051555827001694671,132,1,False,-0.22676879836184283,0.35043053784695699,0.76721457413789251,False,False,M1
2017-07-31,GLD,6,2018-01-31,2018-01-31,12,0.10001212848231944,0.081804811541992928,0.11127171638152852,159.98587196060572,0.095869310449694628,0.75,0.071901982837270978,0.52270185877033692,0.0020923931077366023,147,0,False,-0.15466865172934635,0.29847261740388831,0.69561952593807441,False,False,M1
2017-07-31,VDE,6,2018-01-31,2018-01-31,12,-0.029724288276939292,0.069332072102803288,-0.033608953464188032,10000,0.020228701050959936,0.75,0.015171525788219953,0.52299512481650801,0.006714004076827141,148,0,False,-0.37180771575402038,0.40215076733046029,0.60823108445235485,False,False,M1
2017-07-31,VMBS,6,2018-01-31,2018-01-31,12,0.16458442422617037,0.057758557015615691,0.053332105330991988,10000,0.05526788949304931,0.75,0.041450917119786983,0.43732187765241304,0.069436200180112595,86,1,False,-0.19490508170667598,0.27780691594624995,,False,True,M1
2017-07-31,VOO,6,2018-01-31,2018-01-31,12,-0.011722837686895859,0.0094172407435366076,0.011104020307351499,10000,0.01027285517261442,0.75,0.0077046413794608151,0.49275267057260252,0.014971466032715701,77,1,False,-0.16266908194121296,0.17807836470013458,,False,True,M1
2017-07-31,VWO,6,2018-01-31,2018-01-31,12,-0.045564399655248833,0.082231332375055616,0.046817511345128036,10000,0.062737288794981055,0.75,0.047052966596235792,0.44953571760583255,-0.0046741103512394893,143,1,False,-0.17037707975961447,0.26448301295208604,0.7321644481867029,False,False,M1
2017-07-31,VXUS,6,2018-01-31,2018-01-31,12,0.003151649708091453,0.061334086328571617,-0.010580166497691303,10000,-0.0057372038900285029,0.75,-0.0043029029175213774,0.067343571230071397,0.06282609965287006,72,1,False,-0.15871033612640786,0.15010453029136508,,False,True,M1
2017-08-31,BND,6,2018-02-28,2018-02-28,12,0.23745767878164148,0.054760291464676605,0.076473676320730058,10000,0.064963911634119409,0.75,0.048722933725589557,0.53007694391792881,0.041508017478103558,119,1,False,-0.16947387882883888,0.26691974628001802,0.76808286473052412,False,False,M1
2017-08-31,DBC,6,2018-02-28,2018-02-28,12,0.076854121263358888,0.13660657627530359,0.0033365717131145886,10000,0.056146156437448275,0.75,0.042109617328086206,0.39626009541922591,0.053404267423921029,133,1,False,-0.22592500606867127,0.3101442407248437,0.74105121530362517,False,False,M1
2017-08-31,GLD,6,2018-02-28,2018-02-28,12,0.18911272228710962,0.082151536869024905,0.03827898717122296,159.98587196060572,0.061035934715282111,0.75,0.04577695103646158,0.51870583544405446,0.0035244701429646298,148,0,False,-0.17860594721473444,0.27015984928765763,0.70538795723338277,False,False,M1
2017-08-31,VDE,6,2018-02-28,2018-02-28,12,0.096770135999149742,0.06956551148721829,-0.081173713881099008,10000,-0.0031780812748592982,0.75,-0.0023835609561444738,0.51742094611183398,0.0090324258272642278,149,0,False,-0.38380886022121974,0.37904173830893084,0.5577152372278914,False,False,M1
2017-08-31,VMBS,6,2018-02-28,2018-02-28,12,0.23506312288051057,0.057590739344902282,0.055016838794965051,10000,0.056152164266587812,0.75,0.042114123199940859,0.44109142897943032,0.071213785273884042,87,1,False,-0.19193666458159275,0.2761649109814745,,False,True,M1
2017-08-31,VOO,6,2018-02-28,2018-02-28,12,0.081475896136507409,0.0095803628482844863,-0.006084732352309519,10000,0.00091522501406726328,0.75,0.00068641876055044744,0.44685061129480719,0.017303367499199841,78,1,False,-0.18534592622268845,0.18671876374378935,,False,True,M1
2017-08-31,VWO,6,2018-02-28,2018-02-28,12,0.098068656236901974,0.082533372748160222,-0.038580623716837147,10000,0.016458343433879773,0.75,0.012343757575409829,0.45443936090923637,-0.0039292604709437497,144,1,False,-0.19876682426524273,0.22345433941606241,0.7242295674109126,False,False,M1
2017-08-31,VXUS,6,2018-02-28,2018-02-28,12,0.12185359994022704,0.061411717047911658,-0.02067629344895093,10000,-0.014387048709171816,0.75,-0.010790286531878862,0.076615874860549729,0.06354689853550384,73,1,False,-0.16519771974076533,0.14361714667700762,,False,True,M1
2017-09-29,BND,6,2018-03-30,2018-03-30,13,0.29610518425709298,0.069871957556439518,0.053602347379816791,10000,0.062190776129126199,0.75,0.046643082096844646,0.52788165518863139,0.042930468737922965,120,1,False,-0.16261703874918845,0.25590320294287772,0.77225734269700419,False,False,M1
2017-09-29,DBC,6,2018-03-30,2018-03-30,13,0.18157909901928759,0.13107093431527972,0.0037949854558604534,10000,0.055182628644339288,0.75,0.041386971483254466,0.40374983371947426,0.054672465635474524,134,1,False,-0.22035583053050176,0.3031297734970107,0.74399825163818878,False,False,M1
2017-09-29,GLD,6,2018-03-30,2018-03-30,13,0.24954909579336393,0.059457624580804391,0.1339735632499415,51.794746792312019,0.0949279776848721,0.75,0.071195983263654075,0.52398971632684066,0.0049219187527345543,149,0,False,-0.14445342588227034,0.28684539240957851,0.70909870037192502,False,False,M1
2017-09-29,VDE,6,2018-03-30,2018-03-30,13,0.28447903362983173,0.063129770155893092,-0.070088818434623321,10000,-0.00057896021525727522,0.75,-0.00043422016144295642,0.52177296693199104,0.010640071348529,150,0,False,-0.38185844785748929,0.38099000753460338,0.56961355883367037,False,False,M1
2017-09-29,VMBS,6,2018-03-30,2018-03-30,13,0.29540019717779198,0.071024317761653452,0.031317208474254961,10000,0.049185790782513172,0.75,0.036889343086884879,0.45000964887486816,0.07290414668425188,88,1,False,-0.19715280361270007,0.27093148978646986,,False,True,M1
2017-09-29,VOO,6,2018-03-30,2018-03-30,13,0.22529535641170217,0.010601209182466043,-0.030978784653572025,10000,-0.01283865772949443,0.75,-0.0096289932971208234,0.43627055346879939,0.019096117871784106,79,1,False,-0.18755349010634462,0.16829550351210296,,False,True,M1
2017-09-29,VWO,6,2018-03-30,2018-03-30,13,0.19867155776997336,0.070670452518958551,-0.013561684917889763,10000,0.025206193485968212,0.75,0.018904645114476159,0.46025044102583251,-0.0030793386106016227,145,1,False,-0.17602873383467399,0.21383802406362629,0.73107434170010988,False,False,M1
2017-09-29,VXUS,6,2018-03-30,2018-03-30,13,0.23830934151146166,0.054676858661729819,-0.039147025928121089,10000,-0.023164607633476091,0.75,-0.017373455725107068,0.170344879286461,0.064262216318307253,74,1,False,-0.15154917004348925,0.11680225859327512,,False,True,M1
2017-10-31,BND,6,2018-04-30,2018-04-30,13,0.29152474529044847,0.070162962487829966,0.038883635123638807,10000,0.055337900031313711,0.75,0.04150342502348528,0.52604279868600656,0.04437379514018866,121,1,False,-0.16579475193147933,0.24880160197844989,0.7734969024514442,False,False,M1
2017-10-31,DBC,6,2018-04-30,2018-04-30,13,0.17531386638977131,0.1314173061034446,-0.01765356552269147,10000,0.042942974300959225,0.75,0.032207230725719418,0.40649483807691456,0.055413902730189993,135,1,False,-0.22925829570516604,0.29367275715660485,0.73042751429624397,False,False,M1
2017-10-31,GLD,6,2018-04-30,2018-04-30,13,0.23456658337895653,0.10552309473862258,0.11216293042908919,51.794746792312019,0.1086601246676648,0.75,0.0814950935007486,0.52754404246082276,0.0064227152844404146,150,0,False,-0.13063402254919459,0.29362420955069179,0.71371226346878225,False,False,M1
2017-10-31,VDE,6,2018-04-30,2018-04-30,13,0.15371733430467827,0.063343030884143101,-0.085286844513715182,10000,-0.0086884782878380324,0.75,-0.0065163587158785247,0.51536318671354353,0.012092505787402069,151,0,False,-0.33514071424675806,0.32210799681500102,0.54966615176351763,False,False,M1
2017-10-31,VMBS,6,2018-04-30,2018-04-30,13,0.28771240850934809,0.071284844031335462,0.022907678808002697,10000,0.045121478801870181,0.75,0.033841109101402637,0.45917944739667294,0.07457838225766017,89,1,False,-0.20019326062442852,0.26787547882723378,0.82920075428589812,False,False,M1
2017-10-31,VOO,6,2018-04-30,2018-04-30,13,0.22828364450659899,0.01069997047193289,-0.040257373530524998,10000,-0.019234769560956787,0.75,-0.01442607717071759,0.41255297702631843,0.020579547895992045,80,1,False,-0.19224968098319881,0.16339752664176363,,False,True,M1
2017-10-31,VWO,6,2018-04-30,2018-04-30,13,0.23777318495935829,0.070976037091197153,-0.020023453799981761,10000,0.021821439332345122,0.75,0.016366079499258841,0.45983656306788345,-0.0023580329806499279,146,1,False,-0.17418008427607218,0.20691224327458985,0.73291039504088562,False,False,M1
2017-10-31,VXUS,6,2018-04-30,2018-04-30,13,0.23234630328233896,0.054775955482793681,-0.062617519191719581,10000,-0.043334444839987198,0.75,-0.0325008336299904,0.16426018912206919,0.064976716110537208,75,1,False,-0.16625505380482042,0.10125338654483962,,False,True,M1
2017-11-30,BND,6,2018-05-31,2018-05-31,13,0.24721775351044406,0.069984714310319163,0.039624017479204299,10000,0.055561244516193299,0.75,0.041670933387144976,0.52492955368059557,0.045751180096743602,122,1,False,-0.16562443681979103,0.24896630359408098,0.77863970346086919,False,False,M1
2017-11-30,DBC,6,2018-05-31,2018-05-31,13,0.13106659782038155,0.13128436610134833,0.0001274104611229082,10000,0.054140677766310201,0.75,0.040605508324732649,0.41182159986505201,0.055890172661407819,136,1,False,-0.21942640094289989,0.30063741759236517,0.74839220469097378,False,False,M1
2017-11-30,GLD,6,2018-05-31,2018-05-31,13,0.219897656397541,0.090409178203056453,0.10660333007450341,51.794746792312019,0.098002626220667716,0.75,0.073501969665500794,0.53109936982869699,0.0077775412703070439,151,0,False,-0.13562919901622442,0.28263313834722603,0.7186242661313168,False,False,M1
2017-11-30,VDE,6,2018-05-31,2018-05-31,13,0.10798294180132739,0.063392524721956389,-0.076088029416048517,10000,-0.0035952318390093498,0.75,-0.0026964238792570126,0.51973408067559956,0.013251715490757187,152,0,False,-0.32880153471989421,0.3234086869613802,0.56795643956879149,False,False,M1
2017-11-30,VMBS,6,2018-05-31,2018-05-31,13,0.24176445849825112,0.071101839180546467,0.020363984837840559,10000,0.043990056969133468,0.75,0.032992542726850101,0.46564980796609906,0.07618092995883545,90,1,False,-0.18752188898486874,0.25350697443856895,0.85059792907571785,False,False,M1
2017-11-30,VOO,6,2018-05-31,2018-05-31,13,0.17171208868597154,0.010831094183223665,-0.040257373530524998,10000,-0.01887697008876248,0.75,-0.014157727566571861,0.41849764533080197,0.022028044321268907,81,1,False,-0.19189389078187616,0.16357843564873245,,False,True,M1
2017-11-30,VWO,6,2018-05-31,2018-05-31,13,0.22995222756721601,0.071033471388814023,-0.033326648068108457,10000,0.015332872901636069,0.75,0.011499654676227052,0.46626547787567535,-0.0016839451434023508,147,1,False,-0.17498919756475775,0.19798850691721184,0.73627899888580906,False,False,M1
2017-11-30,VXUS,6,2018-05-31,2018-05-31,13,0.21871616255147441,0.054844530965476194,-0.082667197083611643,10000,-0.048589439725422102,0.75,-0.036442079794066579,0.24781709779710373,0.065767047436888174,76,1,False,-0.16986847119057824,0.096984311602445084,,False,True,M1
2017-12-29,BND,6,2018-06-29,2018-06-29,13,0.089890709538335889,0.069975990241596078,0.034276541001748505,10000,0.052969539814918032,0.75,0.039727154861188524,0.52362149028070937,0.047537057012018359,123,1,False,-0.1837440798988505,0.26319838962122755,0.78173923655143829,False,False,M1
2017-12-29,DBC,6,2018-06-29,2018-06-29,13,0.007372771666467548,0.13147964702923715,0.0042968181365599977,10000,0.057401561912425438,0.75,0.04305117143431908,0.41754648986993143,0.056415837049016357,137,1,False,-0.21423338963566219,0.30033573250430035,0.75607854290116738,False,False,M1
2017-12-29,GLD,6,2018-06-29,2018-06-29,13,0.11222851288901015,0.10216269881617417,0.12968588070579537,51.794746792312019,0.11498616022488742,0.75,0.086239620168665571,0.53408506835654457,0.0092374481277484738,152,0,False,-0.12048966678449188,0.292968907121823,0.7228445167953127,False,False,M1
2017-12-29,VDE,6,2018-06-29,2018-06-29,13,-0.0035755977246934023,0.063614523968870657,-0.094769838080183036,10000,-0.01159548914614468,0.75,-0.0086966168596085101,0.5251424310960584,0.014072939340877378,153,0,False,-0.32792251878956535,0.31052928507034838,0.5556033897944237,False,False,M1
2017-12-29,VMBS,6,2018-06-29,2018-06-29,13,0.080939796520873464,0.071065539057375088,0.014533680927849261,10000,0.041205296717302303,0.75,0.030903972537976727,0.47179796794124507,0.078294005451552962,91,1,False,-0.20311696423318876,0.2649249093091422,0.87036050987981273,False,False,M1
2017-12-29,VOO,6,2018-06-29,2018-06-29,13,0.045294046513665975,0.010996197305221311,-0.070929762772196814,10000,-0.035968285905497853,0.75,-0.026976214429123388,0.42674479290399742,0.023732686493726857,82,1,False,-0.19739256463545102,0.14344013577720421,,False,True,M1
2017-12-29,VWO,6,2018-06-29,2018-06-29,13,0.14491858253300738,0.071358392435675294,-0.024299379162380796,10000,0.020974430367244563,0.75,0.015730822775433424,0.47328940213933851,-0.0007636953433682209,148,1,False,-0.15758080698818613,0.18904245253905297,0.74225254003237828,False,False,M1
2017-12-29,VXUS,6,2018-06-29,2018-06-29,13,0.10669401247108634,0.054896041988504694,-0.099277653037198904,10000,-0.04775163362160581,0.75,-0.035813725216204358,0.3342075923328085,0.067091790166503795,77,1,False,-0.19087634144279481,0.1192488910103861,,False,True,M1
2018-01-31,BND,6,2018-07-31,2018-07-31,13,0.12305268790425294,0.070545052058013605,0.036604566338942192,10000,0.054316092563882395,0.75,0.040737069422911797,0.52184068229135472,0.048467308642558021,124,1,False,-0.17709678857832609,0.25857092742414967,0.78724950294228524,False,False,M1
2018-01-31,DBC,6,2018-07-31,2018-07-31,13,0.11431849289676843,0.13189073492200659,0.022779806576313212,10000,0.067953449181980027,0.75,0.050965086886485017,0.4140157479234739,0.056060029326596178,138,1,False,-0.20260619732954663,0.30453637110251663,0.77147411633494345,False,False,M1
2018-01-31,GLD,6,2018-07-31,2018-07-31,13,0.20989122655804737,0.14522337912782554,0.11245423169803345,51.794746792312019,0.1299464214590382,0.75,0.097459816094278645,0.53380057563236194,0.0098307466921574351,153,0,False,-0.10605532589150871,0.30097495808006602,0.72928197406716633,False,False,M1
2018-01-31,VDE,6,2018-07-31,2018-07-31,13,0.1063670868113562,0.063999794773824337,-0.059660272832975945,10000,0.0047486984347576613,0.75,0.003561523826068246,0.52085505462065307,0.013788541758943505,154,0,False,-0.31116883834497422,0.31829188599711067,0.58519632205607408,False,False,M1
2018-01-31,VMBS,6,2018-07-31,2018-07-31,13,0.11689592140817806,0.07164574315205384,0.01728550832820764,10000,0.043029560331165069,0.75,0.032272170248373803,0.47358242815508023,0.079231944786059674,92,1,False,-0.20133736748341716,0.26588170798016475,0.8795577373959701,False,False,M1
2018-01-31,VOO,6,2018-07-31,2018-07-31,13,0.12345962317666437,0.011198546448348881,-0.018478029019753942,10000,-0.0057752051749997927,0.75,-0.004331403881249845,0.42804210541096571,0.023305511503598872,83,1,False,-0.17466500778013175,0.16600220001763208,,False,True,M1
2018-01-31,VWO,6,2018-07-31,2018-07-31,13,0.24916309693458483,0.071487326868375237,-0.034209542047529413,10000,0.015651933091792972,0.75,0.01173894981884473,0.47174032353781037,-0.001064371211233193,149,1,False,-0.15479906096212467,0.17827696059981415,0.73140172439910223,False,False,M1
2018-01-31,VXUS,6,2018-07-31,2018-07-31,13,0.19663751998622603,0.055229136320395646,-0.045679291933900759,10000,-0.014112005475583755,0.75,-0.010584004106687816,0.31283101921640472,0.066272044776011341,78,1,False,-0.14567934201100199,0.12451133379762637,,False,True,M1
2018-02-28,BND,6,2018-08-31,2018-08-31,13,0.15956932974148086,0.070337746933076442,0.039624017479204299,10000,0.05557099467545628,0.75,0.041678246006592208,0.51921331208579469,0.049979231603670689,125,1,False,-0.16766296107307363,0.25101945308625806,0.79258819079615039,False,False,M1
2018-02-28,DBC,6,2018-08-31,2018-08-31,13,0.13931892045000205,0.13137414898639296,-0.0035133549785407651,10000,0.052490162599346739,0.75,0.039367621949510052,0.41518684779315479,0.056209627110313895,139,1,False,-0.20393733345381274,0.28267257735283285,0.75718532856592047,False,False,M1
2018-02-28,GLD,6,2018-08-31,2018-08-31,13,0.27028799377059476,0.11137158859528568,0.091224616430677488,51.794746792312019,0.10200417772259872,0.75,0.076503133291949035,0.53504621954347575,0.010994915364851931,154,1,False,-0.12521526472049194,0.27822153130439004,0.73356953181150919,False,False,M1
2018-02-28,VDE,6,2018-08-31,2018-08-31,13,0.061950775727321883,0.063568264320879878,-0.040615098339033082,10000,0.014312427844332842,0.75,0.010734320883249632,0.52721974776977132,0.01432390688307387,155,0,False,-0.29880147411526603,0.32027011588176524,0.61433528309342,False,False,M1
2018-02-28,VMBS,6,2018-08-31,2018-08-31,13,0.15611587047575859,0.071494372767736514,0.022907678808002697,10000,0.046010425899242577,0.75,0.034507819424431929,0.4754953508544183,0.080907548851591404,93,1,False,-0.19909998662302955,0.26811562547189338,0.88482895668226469,False,False,M1
2018-02-28,VOO,6,2018-08-31,2018-08-31,13,0.10415112569295437,0.011007439282878465,-0.031158427402700379,10000,-0.012819418164454102,0.75,-0.0096145636233405767,0.43492546649155922,0.023998016082562072,84,1,False,-0.17596794233371382,0.15673881508703269,,False,True,M1
2018-02-28,VWO,6,2018-08-31,2018-08-31,13,0.29880633437380189,0.070994058474566829,-0.045361952608215676,10000,0.010287645665213226,0.75,0.0077157342489099197,0.47827007608430744,-0.00040348436157895998,150,1,False,-0.15459772899082527,0.17002919748864512,0.7353745014519395,False,False,M1
2018-02-28,VXUS,6,2018-08-31,2018-08-31,13,0.22594440598958165,0.055171662069198359,-0.042488338374814243,10000,-0.0048957803696286269,0.75,-0.0036718352772214702,0.38493301079531544,0.066975608765431793,79,1,False,-0.13994297953879084,0.13259930898434788,,False,True,M1
2018-03-30,BND,6,2018-09-28,2018-09-28,14,0.16733934294045572,0.22461073607374138,0.21149425087906051,11.513953993264458,0.21831272077504771,0.75,0.16373454058128578,0.51983971275721852,0.051932612180285151,126,1,False,-0.064891723642543753,0.39236080480511532,0.88965115132676931,False,False,M1
2018-03-30,DBC,6,2018-09-28,2018-09-28,14,0.10762422730364873,0.17609472980341986,0.22262443864496259,35.564803062231285,0.20299265562648425,0.75,0.15224449171986318,0.42191931794231813,0.057105123338235142,140,1,False,-0.083126640876990177,0.38761562431671653,0.89252027513050403,False,False,M1
2018-03-30,GLD,6,2018-09-28,2018-09-28,14,0.26951345487655398,0.19301090663885129,0.18736635012709238,16.768329368110066,0.19036957763412768,0.75,0.14277718322559577,0.53205730171695298,0.012533974593422979,155,1,False,-0.056213514732191661,0.34176788118338319,0.74368169042696475,False,False,M1
2018-03-30,VDE,6,2018-09-28,2018-09-28,14,0.013578552259959853,0.53484852194347465,0.27230648892269987,0.82864277285468424,0.41203078875257637,0.75,0.30902309156443231,0.53219782837142948,0.016055670516065906,156,0,False,0.010168409025643976,0.60787777410322064,0.98479816184113811,False,False,M1
2018-03-30,VMBS,6,2018-09-28,2018-09-28,14,0.1641858185233831,0.2458564392204402,0.2007634965332393,7.9060432109076855,0.2225491626145272,0.75,0.16691187196089541,0.4831280635732712,0.08318938553591268,94,1,False,-0.069801162837510894,0.40362490675930174,0.27445230053254804,False,False,M1
2018-03-30,VOO,6,2018-09-28,2018-09-28,14,0.05278476061557269,0.12237303382652541,0.091523316155474765,16.768329368110066,0.10544684963097181,0.75,0.079085137223228852,0.45133422691134994,0.026366220086434307,85,1,False,-0.098876530690058001,0.25704680513651568,,False,True,M1
2018-03-30,VWO,6,2018-09-28,2018-09-28,14,0.27764543820154797,0.075995077650022155,0.044276881863431171,109.85411419875572,0.059595532656753401,0.75,0.044696649492565049,0.48296097597702153,0.0009148934008816514,151,1,False,-0.14173416614330295,0.23112746512843305,0.74634392693541241,False,False,M1
2018-03-30,VXUS,6,2018-09-28,2018-09-28,14,0.19593575139417518,0.094669543546733959,0.013154302444779937,75.431200633546069,0.050347219294081653,0.75,0.037760414470561242,0.45626948220374164,0.069117280424757149,80,1,False,-0.11765499261171597,0.19317582155283847,,False,True,M1
2018-04-30,BND,6,2018-10-31,2018-10-31,14,0.11355598234571596,0.21865087304298422,0.22762015173458214,11.513953993264458,0.22294130738843301,0.75,0.16720598054132477,0.52165224284223732,0.053819164409499042,127,1,False,-0.082881175088617226,0.41729313617126673,0.89633937187023749,False,False,M1
2018-04-30,DBC,6,2018-10-31,2018-10-31,14,0.11806774626185745,0.17268368867078795,0.21671670454728176,35.564803062231285,0.19780222443530932,0.75,0.148351668326482,0.42955222883267385,0.057943483218033269,141,1,False,-0.084349160451881816,0.38105249710484579,0.89001008537045989,False,False,M1
2018-04-30,GLD,6,2018-10-31,2018-10-31,14,0.1864853344901799,0.14634016611007095,0.18255077685118515,16.768329368110066,0.16330317536358241,0.75,0.12247738152268681,0.53154589479896996,0.013957260547176401,156,1,False,-0.07215178927268906,0.31710655231806267,0.74926548570461071,False,False,M1
2018-04-30,VDE,6,2018-10-31,2018-10-31,14,0.20047745046031795,0.54729561846107255,0.30449359891782879,0.82864277285468424,0.43511059313492245,0.75,0.32633294485119185,0.53795678661490864,0.016932496400069809,157,0,False,0.027490745706702902,0.62517514399568075,0.98629021132847794,False,False,M1
2018-04-30,VMBS,6,2018-10-31,2018-10-31,14,0.11298327553762388,0.24259392977708719,0.21274815639740985,7.9060432109076855,0.22740015151632845,0.75,0.17055011363724634,0.49092362032392378,0.08534225946194883,95,1,False,-0.083499630181582268,0.42459985745607498,0.23526665447023362,False,False,M1
2018-04-30,VOO,6,2018-10-31,2018-10-31,14,0.11264172582748966,0.15036837125128022,0.091523316155474765,16.768329368110066,0.11898295006692941,0.75,0.089237212550197065,0.46664301472311781,0.028714097114575756,86,1,False,-0.10504129841147666,0.28351572351187082,0.63772877634421343,False,False,M1
2018-04-30,VWO,6,2018-10-31,2018-10-31,14,0.28897255944465194,0.07846575471761004,0.055089363467356191,109.85411419875572,0.066494364319279062,0.75,0.049870773239459293,0.4878854366282489,0.0024731716348189948,152,1,False,-0.16737933022386936,0.26712087670278795,0.75033394798073405,False,False,M1
2018-04-30,VXUS,6,2018-10-31,2018-10-31,14,0.25094237401319786,0.10794633188262165,0.04193525670957636,75.431200633546069,0.075695514528541383,0.75,0.056771635896406034,0.51143323647530214,0.071132453546455698,81,1,False,-0.19956575703128843,0.31310902882410052,,False,True,M1
2018-05-31,BND,6,2018-11-30,2018-11-30,14,0.061629717620884428,0.224805490884014,0.215696808845972,11.513953993264458,0.22046448021840195,0.75,0.16534836016380147,0.52342055113110453,0.055330090886850161,128,1,False,-0.084133363684401774,0.41483008401200472,0.8997325551534926,False,False,M1
2018-05-31,DBC,6,2018-11-30,2018-11-30,14,0.21468999516709164,0.22618576876235785,0.1805982766719372,35.564803062231285,0.20047014940377986,0.75,0.1503526120528349,0.43590625017115925,0.058458434729317423,142,1,False,-0.08100020300376598,0.38170542710943578,0.89295300450041393,False,False,M1
2018-05-31,GLD,6,2018-11-30,2018-11-30,14,0.12544310061378061,0.17280055691533935,0.17619039965528535,16.768329368110066,0.17439133161903747,0.75,0.13079349871427809,0.53072315569321427,0.015268982813739229,157,1,False,-0.06119696742257022,0.32278396485112637,0.75664616584710254,False,False,M1
2018-05-31,VDE,6,2018-11-30,2018-11-30,14,0.17871243598696407,0.61157805820146627,0.22986551859069662,0.82864277285468424,0.43727117316282071,0.75,0.32795337987211554,0.54335562248915004,0.017508765041849918,158,1,False,0.037683223522278986,0.61822353622195214,0.98541972117008025,False,False,M1
2018-05-31,VMBS,6,2018-11-30,2018-11-30,14,0.056757566974074747,0.24422649442224911,0.21581868382066902,7.9060432109076855,0.22996672882727062,0.75,0.17247504662045296,0.49803362902647069,0.086971657368576996,96,1,False,-0.079871220230288503,0.42482131347119445,0.20749554873335879,False,False,M1
2018-05-31,VOO,6,2018-11-30,2018-11-30,14,0.040248190456021682,0.17510994437916375,0.075657914714842095,16.768329368110066,0.12327302511471507,0.75,0.092454768836036302,0.47877464703925354,0.030357752190109038,87,1,False,-0.093971117474205876,0.27888065514627847,0.61535722933489101,False,False,M1
2018-05-31,VWO,6,2018-11-30,2018-11-30,14,0.16883374189971279,0.11417061726309616,0.086096207698213439,109.85411419875572,0.09994423276776912,0.75,0.074958174575826847,0.49326148917046769,0.0039599628500634173,153,1,False,-0.14951759042821866,0.29943393957987235,0.75605745575123928,False,False,M1
2018-05-31,VXUS,6,2018-11-30,2018-11-30,14,0.16016058040758863,0.13372425530784987,0.049520673534491022,75.431200633546069,0.096324952498183763,0.75,0.07224371437363783,0.55584665138913525,0.072932254875785196,82,1,False,-0.18298446862404019,0.32747189737131588,,False,True,M1
2018-06-29,BND,6,2018-12-31,2018-12-31,14,-0.0061577745180163568,0.22792014242985653,0.22450483186878267,11.513953993264458,0.22630172031724721,0.75,0.1697262902379354,0.52612739495630612,0.055598002659342304,129,1,False,-0.077586842704202852,0.41703942318007364,0.90636596077831633,False,False,M1
2018-06-29,DBC,6,2018-12-31,2018-12-31,14,0.18069339171161791,0.25951614358264097,0.18056421006110468,35.564803062231285,0.2145777603996937,0.75,0.16093332029977028,0.43081339267404922,0.05810119233027651,143,1,False,-0.065387050882582926,0.38725369148212352,0.90241015841385375,False,False,M1
2018-06-29,GLD,6,2018-12-31,2018-12-31,14,-0.011858756174617291,0.15965445351608334,0.16111420290826114,16.768329368110066,0.16033915095700907,0.75,0.1202543632177568,0.53094863776291923,0.015882650725608027,158,1,False,-0.060145821689403425,0.30065454812491704,0.7618151124817083,False,False,M1
2018-06-29,VDE,6,2018-12-31,2018-12-31,14,0.26825864717666115,0.61525970512532013,0.24899132079404304,0.82864277285468424,0.44826232484330497,0.75,0.33619674363247876,0.5440573431230914,0.017376158986714425,159,0,False,0.05078678027780037,0.62160670698715714,0.98870270331796872,False,False,M1
2018-06-29,VMBS,6,2018-12-31,2018-12-31,14,-0.0079102686423926372,0.24631494655492042,0.2072323947740124,7.9060432109076855,0.22698405829916618,0.75,0.17023804372437462,0.50538316013445561,0.086909473236126439,97,1,False,-0.082103865890489069,0.42257995333923831,0.20045129033386158,False,False,M1
2018-06-29,VOO,6,2018-12-31,2018-12-31,14,0.086600255911649771,0.21107661168995703,0.089232221521162891,16.768329368110066,0.14949628801086837,0.75,0.11212221600815128,0.49459861390598409,0.03052748280742219,88,1,False,-0.074278394390377311,0.29852282640667988,0.52077891580953439,False,False,M1
2018-06-29,VWO,6,2018-12-31,2018-12-31,14,0.087422222140168926,0.13487677595691594,0.10453370440752376,109.85411419875572,0.11964406901354853,0.75,0.0897330517601614,0.49798401527769692,0.0048752785622903257,154,1,False,-0.13253820001388594,0.31200430353420872,0.75932467391727965,False,False,M1
2018-06-29,VXUS,6,2018-12-31,2018-12-31,14,0.12408896131823799,0.15666284935022495,0.088903408677657045,75.431200633546069,0.12945138858233729,0.75,0.097088541436752968,0.59841078235310641,0.073339023039584006,83,1,False,-0.15813527027016647,0.35231235314367237,,False,True,M1
2018-07-31,BND,6,2019-01-31,2019-01-31,14,0.070443078878112075,0.25592531584739436,0.22817619188656096,11.513953993264458,0.24284209677149685,0.75,0.18213157257862264,0.5285177617007355,0.056116884853533923,130,1,False,-0.065179573643129068,0.42944271880037432,0.91677195400869527,False,False,M1
2018-07-31,DBC,6,2019-01-31,2019-01-31,14,0.17771920196286828,0.29965033751426928,0.15281841750612529,35.564803062231285,0.2166131564888937,0.75,0.16245986736667029,0.4344745950283157,0.058491590250877148,144,1,False,-0.05955783431602546,0.38447756904936603,0.90534629360375241,False,False,M1
2018-07-31,GLD,6,2019-01-31,2019-01-31,14,0.030004115077329363,0.16550799473164476,0.1133372229853844,16.768329368110066,0.14108681022994107,0.75,0.1058151076724558,0.53189911354044317,0.017102830447824631,159,1,False,-0.073277406451471933,0.28490762179638351,0.76569326672753391,False,False,M1
2018-07-31,VDE,6,2019-01-31,2019-01-31,14,0.27198321267042613,0.67825682306765067,0.16603141762226889,0.82864277285468424,0.44709173714226169,0.75,0.33531880285669624,0.54870437220037904,0.01793235228561843,160,1,False,0.050933060918320894,0.61970454479507153,0.98806051648631665,False,False,M1
2018-07-31,VMBS,6,2019-01-31,2019-01-31,14,0.069903927946587618,0.27873807963377484,0.2293095527547255,7.9060432109076855,0.25462689115033582,0.75,0.19097016836275188,0.51220094941452277,0.087215457401147375,98,1,False,-0.061367684515260146,0.44330802124076391,0.11218609039540574,False,False,M1
2018-07-31,VOO,6,2019-01-31,2019-01-31,14,0.1365405024512546,0.25522630098595217,0.12561382003220214,16.768329368110066,0.19043472880214463,0.75,0.14282604660160847,0.50011317037494796,0.031571664159885583,89,1,False,-0.042897916816644954,0.32855001001986189,0.37236434142629654,False,False,M1
2018-07-31,VWO,6,2019-01-31,2019-01-31,14,0.13621053171259423,0.144316457690498,0.079907863691173822,109.85411419875572,0.11230838281027331,0.75,0.084231287107704972,0.50304652077080669,0.0064513290034019042,155,1,False,-0.15421607892068451,0.32267865313609445,0.76060886604805023,False,False,M1
2018-07-31,VXUS,6,2019-01-31,2019-01-31,14,0.16843964329945516,0.1828317414702485,0.11602378253396252,75.431200633546069,0.15712522323197234,0.75,0.11784391742397926,0.61521772783401141,0.074806862288948797,84,1,False,-0.13737603726168263,0.37306387210964115,,False,True,M1
2018-08-31,BND,6,2019-02-28,2019-02-28,14,0.087778964105356794,0.23510899814833003,0.18954789984704312,11.513953993264458,0.21371518556274269,0.75,0.16028638917205701,0.53043685549206709,0.05690659817328924,131,1,False,-0.074679992373084925,0.39525277071719894,0.90880389473533174,False,False,M1
2018-08-31,DBC,6,2019-02-28,2019-02-28,14,0.17346358517349114,0.27367783649843325,0.092297688152059909,35.564803062231285,0.17227622829510489,0.75,0.12920717122132866,0.44094428674914099,0.059049020114319388,145,1,False,-0.091690736629386649,0.35010507907204397,0.88022376552262904,False,False,M1
2018-08-31,GLD,6,2019-02-28,2019-02-28,14,0.0054500197449185439,0.13795512101080712,0.094691163361238534,16.768329368110066,0.11771692688751148,0.75,0.088287695165633617,0.53221583916982573,0.01868523771859195,160,1,False,-0.10479677157595413,0.28137216190722136,0.76710361434730912,False,False,M1
2018-08-31,VDE,6,2019-02-28,2019-02-28,14,0.23727432163249718,0.65711602537289504,0.1425512245259902,0.82864277285468424,0.42688685392507808,0.75,0.32016514044380856,0.55257497001565092,0.018205758642399199,161,1,False,0.038823613692515802,0.60150666719510126,0.98565360084333586,False,False,M1
2018-08-31,VMBS,6,2019-02-28,2019-02-28,14,0.087678875222807706,0.25528515123986695,0.18298166232822446,7.9060432109076855,0.22042654830048261,0.75,0.16531991122536197,0.51788491172282369,0.0879114211695778,99,1,False,-0.071730324213213015,0.40237014666393695,0.1955496173599941,False,False,M1
2018-08-31,VOO,6,2019-02-28,2019-02-28,14,0.13947370073039078,0.23598014929674682,0.033033615119342177,16.768329368110066,0.13598948915311765,0.75,0.10199211686483824,0.50730540657460621,0.032378102621364126,90,1,False,-0.0837305671425881,0.28771480087226459,0.54546233365526586,False,False,M1
2018-08-31,VWO,6,2019-02-28,2019-02-28,14,0.097650211017021649,0.1382467963915221,0.093718444366664266,109.85411419875572,0.11635415854044269,0.75,0.087265618905332021,0.50834385609290222,0.0083253995506480556,156,1,False,-0.18172182789889557,0.35625306570955961,0.76212354572742658,False,False,M1
2018-08-31,VXUS,6,2019-02-28,2019-02-28,14,0.14107144324955778,0.18121382205345904,0.019629105523176531,75.431200633546069,0.12080940896219507,0.75,0.090607056721646304,0.62617496017982854,0.076584951038368002,85,1,False,-0.14326618472494651,0.32448029816823909,,False,True,M1
2018-09-28,BND,6,2019-03-29,2019-03-29,15,0.0069007273279921844,0.28492961650410065,0.1931587822011801,0.0001,0.2417229723254872,0.75,0.18129222924411539,0.529189807341237,0.057743209876070803,132,1,False,-0.047388507481338132,0.40997296596956889,0.92768943364631506,False,False,M1
2018-09-28,DBC,6,2019-03-29,2019-03-29,15,0.15742857149205491,0.13992778806728318,0.10470841837867757,719.68567300115137,0.12032792688261192,0.75,0.09024594516195894,0.44349199437795905,0.059381727012876438,146,1,False,-0.12821504895202429,0.30870693927594217,0.84519923997747226,False,False,M1
2018-09-28,GLD,6,2019-03-29,2019-03-29,15,-0.028480833028893038,0.11996181392825833,0.015695792670491784,1048.1131341546852,0.071189675283877596,0.75,0.053392256462908197,0.53223362648694339,0.020243176955597929,161,1,False,-0.13859128580034763,0.24537579872616405,0.76414842776323844,False,False,M1
2018-09-28,VDE,6,2019-03-29,2019-03-29,15,0.19023625505064479,0.18694198763328346,0.087976102560951105,75.431200633546069,0.14148473097133571,0.75,0.10611354822850178,0.54067751095517524,0.018177195640038456,162,1,False,-0.18955795311741735,0.4017850495744209,0.84607666494039169,False,False,M1
2018-09-28,VMBS,6,2019-03-29,2019-03-29,15,0.011458843873307645,0.29868760353083174,0.19896673287195327,0.0001,0.25003646875131785,0.75,0.18752735156348838,0.51212685511002087,0.088674165143115852,100,1,False,-0.04946849667505937,0.42452319980203612,0.49399301360385106,False,False,M1
2018-09-28,VOO,6,2019-03-29,2019-03-29,15,0.0709689661010936,0.14757863588798525,0.075506599334643709,75.431200633546069,0.11168699206428782,0.75,0.083765244048215864,0.50200319652222536,0.03260235161031147,91,1,False,-0.094583003347326833,0.26211349144375856,0.68954275497062656,False,False,M1
2018-09-28,VWO,6,2019-03-29,2019-03-29,15,0.0078393146512552025,0.084026514375417263,0.060301430090819515,10000,0.072392119834440286,0.75,0.054294089875830218,0.50961630309022787,0.010040813809570982,157,1,False,-0.21249518339942119,0.32108336315108166,0.76473992569311999,False,False,M1
2018-09-28,VXUS,6,2019-03-29,2019-03-29,15,0.07910748093020803,0.12792152129779949,0.066180737365823583,159.98587196060572,0.10545084004560971,0.75,0.079088130034207282,0.63604800876925571,0.077972751042505298,86,1,False,-0.15456105877134391,0.31273731883975847,,False,True,M1
2018-10-31,BND,6,2019-04-30,2019-04-30,15,0.11144099352613779,0.3407694057693782,0.21592686502275063,0.0001,0.28201651312958315,0.75,0.21151238484718737,0.52938403617532748,0.058162854781857606,133,1,False,-0.01716055794593177,0.44018532764030649,0.94720837066481001,False,False,M1
2018-10-31,DBC,6,2019-04-30,2019-04-30,15,0.23314237630964629,0.14053359169718163,0.085902974093059303,719.68567300115137,0.11025828203196943,0.75,0.082693711523977073,0.44581791323318876,0.05978095163361781,147,1,False,-0.12326452513565513,0.28865194818360929,0.83928741872296786,False,False,M1
2018-10-31,GLD,6,2019-04-30,2019-04-30,15,0.12358815502192022,0.11664105585602004,0.12818266060374339,1048.1131341546852,0.12205443689777232,0.75,0.091540827673329245,0.5309680793894701,0.021269363113218809,162,1,False,-0.093365489237923427,0.27644714458458192,0.77964869615820254,False,False,M1
2018-10-31,VDE,6,2019-04-30,2019-04-30,15,0.17086802671497792,0.19900849351377414,0.11216653223580435,75.431200633546069,0.15824453728504159,0.75,0.11868340296378119,0.53059608939217251,0.019295602111328518,163,1,False,-0.1713839313312405,0.40875073725880284,0.86663874769952942,False,False,M1
2018-10-31,VMBS,6,2019-04-30,2019-04-30,15,0.11882882456885246,0.35673906267361094,0.22023843914267766,0.0001,0.28961545031123281,0.75,0.21721158773342461,0.50825417037624876,0.088914849404447632,101,1,False,-0.016859722617737105,0.45128289808458633,0.62955393935246984,False,False,M1
2018-10-31,VOO,6,2019-04-30,2019-04-30,15,0.045208399644704578,0.16359459360716852,0.084090708763071106,75.431200633546069,0.12378123641155568,0.75,0.092835927308666757,0.49922752487272087,0.033472344808324277,92,1,False,-0.085441694989156117,0.27111354960648965,0.72006417801696398,False,False,M1
2018-10-31,VWO,6,2019-04-30,2019-04-30,15,-0.0089685739999016967,0.083749627412748093,0.083055542230425022,10000,0.083409848112754273,0.75,0.062557386084565708,0.51046455298672755,0.011806204604729722,158,1,False,-0.19723463819927459,0.32234941036840603,0.76757174868362676,False,False,M1
2018-10-31,VXUS,6,2019-04-30,2019-04-30,15,0.054325468695009871,0.13741798435413269,0.060254268417796776,159.98587196060572,0.10960135817554077,0.75,0.082201018631655576,0.63951157819379667,0.079960907628375322,87,1,False,-0.12949944889603615,0.2939014861593473,,False,True,M1
2018-11-30,BND,6,2019-05-31,2019-05-31,15,0.1754069707101642,0.39864758055982391,0.22760393205904475,0.0001,0.31791862948015825,0.75,0.23843897211011869,0.528021345502941,0.058188726892596611,134,1,False,0.014873961989748608,0.46200398223048877,0.96128131680717921,False,False,M1
2018-11-30,DBC,6,2019-05-31,2019-05-31,15,0.24118292695474253,0.12828894255464798,0.12147176696198927,719.68567300115137,0.12451851583514127,0.75,0.09338888687635595,0.44692245809730446,0.060827634360195337,148,1,False,-0.10162459271294698,0.28840236646565887,0.85478751443559808,False,False,M1
2018-11-30,GLD,6,2019-05-31,2019-05-31,15,0.17595054294298751,0.10463215622984351,0.16341718912115594,1048.1131341546852,0.13220352575722141,0.75,0.099152644317916067,0.5309797720390057,0.021908465797271338,163,1,False,-0.079926621569198442,0.27823191020503057,0.78737761560185604,False,False,M1
2018-11-30,VDE,6,2019-05-31,2019-05-31,15,0.35242735296964456,0.10937195934431596,0.09213546792239978,75.431200633546069,0.10102154045016894,0.75,0.075766155337626706,0.5155383604618361,0.020267655976423854,164,1,False,-0.20966727960561615,0.36119959028086956,0.79509650771293816,False,False,M1
2018-11-30,VMBS,6,2019-05-31,2019-05-31,15,0.19414783420238724,0.43112738871576428,0.22505686963736021,0.0001,0.32905836134488664,0.75,0.24679377100866498,0.50468884230818456,0.088599581929640042,102,1,False,0.012728057721947295,0.48085948429538267,0.72335811688379492,False,False,M1
2018-11-30,VOO,6,2019-05-31,2019-05-31,15,0.23479142256051722,0.12236699988891221,0.068781228469337055,75.431200633546069,0.094674037528674121,0.75,0.071005528146505598,0.48320306628782228,0.033545203363675863,93,1,False,-0.099671319694373289,0.24168237598738448,0.8001986451875549,False,False,M1
2018-11-30,VWO,6,2019-05-31,2019-05-31,15,0.21042184023507104,0.082196898616463829,0.09132381303111145,10000,0.086654117712088585,0.75,0.064990588284066439,0.51164009071111194,0.012793799178912003,159,1,False,-0.18807041630487803,0.31805159287301094,0.77075280524413659,False,False,M1
2018-11-30,VXUS,6,2019-05-31,2019-05-31,15,0.22465414110855431,0.10418128715624587,0.048962058127508978,159.98587196060572,0.084969078940293846,0.75,0.063726809205220392,0.65207395043574923,0.080872267546320931,88,1,False,-0.14776037530176758,0.27521399371220834,,False,True,M1
2018-12-31,BND,6,2019-06-28,2019-06-28,15,0.32902598290896945,0.4072284406779314,0.2374884367601689,0.0001,0.32691527275001991,0.75,0.24518645456251492,0.52684596397898908,0.057712086141406889,135,1,False,0.027265545932202845,0.46310736319282697,0.88616408455321205,False,False,M1
2018-12-31,DBC,6,2019-06-28,2019-06-28,15,0.3045280222337341,0.14082283117714034,0.15809974585365738,719.68567300115137,0.1504347810381991,0.75,0.11282608577864933,0.44365356656397564,0.061632102530339107,149,1,False,-0.062142588451837205,0.28779476000913584,0.87893240261381278,False,False,M1
2018-12-31,GLD,6,2019-06-28,2019-06-28,15,0.29282848464277755,0.11246247567354502,0.20675922801442759,1048.1131341546852,0.15671837961625146,0.75,0.11753878471218859,0.53067414471792818,0.021702568102320803,164,1,False,-0.052208397138733015,0.28728596656311023,0.77181489635570344,False,False,M1
2018-12-31,VDE,6,2019-06-28,2019-06-28,15,0.26713656008256104,0.1634655063186258,0.12895831744164099,75.431200633546069,0.14631661006395566,0.75,0.10973745754796674,0.50303409774106789,0.021770631680667722,165,1,False,-0.17465099421157074,0.39412590930750424,0.85660485313880386,False,False,M1
2018-12-31,VMBS,6,2019-06-28,2019-06-28,15,0.35198882255299524,0.43693136972330204,0.24326617811180218,0.0001,0.34014142818562365,0.75,0.25510607113921774,0.50022024746789329,0.087662593089134877,103,1,False,0.021491236490654209,0.48872090578778127,0.39790550593405094,False,False,M1
2018-12-31,VOO,6,2019-06-28,2019-06-28,15,0.19869752766704729,0.14886802570349536,0.11037697564523578,75.431200633546069,0.12824885563632593,0.75,0.096186641727244448,0.46431261199784096,0.034109618816313886,94,1,False,-0.074430663797165592,0.26680394725165446,0.80368022871463496,False,False,M1
2018-12-31,VWO,6,2019-06-28,2019-06-28,15,0.26906380010332853,0.082813536975959015,0.067556976530779092,10000,0.07534196737587491,0.75,0.056506475531906186,0.51027168758442965,0.013260226822419879,160,1,False,-0.19092482056343082,0.30393777162724323,0.77344998568952039,False,False,M1
2018-12-31,VXUS,6,2019-06-28,2019-06-28,15,0.25673917584643879,0.12500165278717815,0.095813113842016517,159.98587196060572,0.11480203907955137,0.75,0.086101529309663527,0.65056100523601268,0.08135784837521888,89,1,False,-0.12519176154213932,0.29739482016146634,,False,True,M1
2019-01-31,BND,6,2019-07-31,2019-07-31,15,0.24426609976040581,0.31406138764147196,0.23058856993638346,0.0001,0.27435059182566257,0.75,0.20576294386924693,0.52426673847157568,0.057805696382117959,136,1,False,-0.0036852346647882894,0.41521112240328217,0.88628482926149987,False,False,M1
2019-01-31,DBC,6,2019-07-31,2019-07-31,15,0.30559543076867934,0.12288930199848538,0.12418290216624381,719.68567300115137,0.12361399013965831,0.75,0.092710492604743733,0.43978969759358849,0.062406016526555967,150,1,False,-0.068398436385196437,0.2538194215946839,0.85911263548433925,False,False,M1
2019-01-31,GLD,6,2019-07-31,2019-07-31,15,0.21463785115357892,0.10266965814071102,0.14788916060612528,1048.1131341546852,0.12397996817922549,0.75,0.092984976134419112,0.52873630012153583,0.021752880508229943,165,1,False,-0.070531711145568748,0.25650166341440694,0.77164741286160554,False,False,M1
2019-01-31,VDE,6,2019-07-31,2019-07-31,15,0.3155952956637087,0.066239820977169656,0.080612859421035438,75.431200633546069,0.07354242075711459,0.75,0.055156815567835943,0.49192372869067291,0.023277936385425302,166,1,False,-0.2261979767899511,0.33651160792562296,0.75220070510451698,False,False,M1
2019-01-31,VMBS,6,2019-07-31,2019-07-31,15,0.26107390994624913,0.3474144856198686,0.22042966957496282,0.0001,0.28329561726390556,0.75,0.21247171294792916,0.49506665164370056,0.087491836693533456,104,1,False,-0.02114178291947208,0.44608520881533043,0.63310141911953777,False,False,M1
2019-01-31,VOO,6,2019-07-31,2019-07-31,15,0.15487844146846164,0.096345771496263083,0.10958751012514154,75.431200633546069,0.10364960351398209,0.75,0.077737202635486558,0.44842348709478896,0.035187838644050104,95,1,False,-0.088681601795807335,0.24415600706678045,0.84766560475064512,False,False,M1
2019-01-31,VWO,6,2019-07-31,2019-07-31,15,0.25370654984833929,0.081855644447930184,0.077903429281728512,10000,0.079928376856628472,0.75,0.059946282642471357,0.51235762471051305,0.014023893312420961,161,1,False,-0.18002726908013489,0.29991983436507758,0.77665386370062861,False,False,M1
2019-01-31,VXUS,6,2019-07-31,2019-07-31,15,0.2400954780715574,0.089560684211038272,0.079553669254857531,159.98587196060572,0.086115883578202337,0.75,0.064586912683651757,0.65576141857284931,0.082325423874377052,90,1,False,-0.13242095281925353,0.26159477818655708,,False,True,M1
2019-02-28,BND,6,2019-08-30,2019-08-30,15,-0.027470843334324702,0.27893643765971887,0.21873891898518605,0.0001,0.25008534537339533,0.75,0.1875640090300465,0.5207262205887343,0.058024479358200001,137,1,False,-0.019753687581662543,0.39488170564175551,0.88884923876664279,False,False,M1
2019-02-28,DBC,6,2019-08-30,2019-08-30,15,0.12992305366019374,0.13432651648259727,0.11171921167466842,719.68567300115137,0.12165377857211128,0.75,0.091240333929083456,0.43944056940208992,0.06314149711362177,151,1,False,-0.064889402162197019,0.24737007002036393,0.85980857425353141,False,False,M1
2019-02-28,GLD,6,2019-08-30,2019-08-30,15,-0.093804782044841994,0.11146734525471287,0.13092672425593072,1048.1131341546852,0.12066941027906954,0.75,0.090502057709302156,0.5271141476929575,0.021654670503631679,166,1,False,-0.067922850698692375,0.2489269661172967,0.77532399633380022,False,False,M1
2019-02-28,VDE,6,2019-08-30,2019-08-30,15,0.18543193563656513,0.15600477343060887,0.08828295384246751,75.431200633546069,0.1208122466809739,0.75,0.090609185010730425,0.48033695840332263,0.024559351865946693,167,1,False,-0.17569337960104478,0.3569117496225056,0.8271553848525719,False,False,M1
2019-02-28,VMBS,6,2019-08-30,2019-08-30,15,0.0081704235414779003,0.30764860804899513,0.21091170171919618,0.0001,0.25810710203394643,0.75,0.19358032652545981,0.48787378163459144,0.087493618012859875,105,1,False,-0.027252449519954508,0.41441310257087416,0.7138944522133317,False,False,M1
2019-02-28,VOO,6,2019-08-30,2019-08-30,15,-0.0063472895216216685,0.13943329114232528,0.1156010760854131,75.431200633546069,0.12636059879302142,0.75,0.094770449094766063,0.45146968848318125,0.036274149707449486,96,1,False,-0.071620876533741162,0.26116177472327329,0.85652249456469143,False,False,M1
2019-02-28,VWO,6,2019-08-30,2019-08-30,15,0.077520657586741426,0.083073080037399105,0.025342469965310619,10000,0.054827094996224769,0.75,0.041120321247168579,0.51072775766783962,0.014540105150103681,162,1,False,-0.19650887064617126,0.27874951314050844,0.77697207068621832,False,False,M1
2019-02-28,VXUS,6,2019-08-30,2019-08-30,15,0.059112961532257979,0.12081013404992398,0.051019065101507291,159.98587196060572,0.097483240684986344,0.75,0.073112430513739751,0.66576105343537884,0.082970984526851574,91,1,False,-0.096149701554903017,0.24237456258238252,,False,True,M1
2019-03-29,BND,6,2019-09-30,2019-09-30,16,0.018281690369724268,0.27116662290294691,0.16026677193771291,1.2067926406393288,0.21726719441252151,0.75,0.16295039580939114,0.51398105568850272,0.057654017386966606,138,1,False,-0.044364872984314851,0.37026566460309712,0.8854579782265396,False,False,M1
2019-03-29,DBC,6,2019-09-30,2019-09-30,16,0.11697400554772952,0.14586956546982,0.094663714872139912,232.99518105153672,0.11725268481482336,0.75,0.087939513611117515,0.44114041030512363,0.063761806813479871,152,1,False,-0.063681381173327362,0.23956040839556239,0.85807659908933598,False,False,M1
2019-03-29,GLD,6,2019-09-30,2019-09-30,16,-0.083814825556432826,0.15109936250227926,0.22644382079946179,5.4286754393238592,0.18699668875240197,0.75,0.14024751656430148,0.52355717910224753,0.021354457907628542,167,1,False,-0.015555181569204213,0.29605021469780718,0.77526267767725099,False,False,M1
2019-03-29,VDE,6,2019-09-30,2019-09-30,16,0.17974445283655982,0.21079170269868958,0.21323919630854635,51.794746792312019,0.21205468412819453,0.75,0.15904101309614591,0.48396946802289098,0.025545523908712748,168,1,False,-0.10458836412641512,0.4226703903187069,0.92463072875921881,False,False,M1
2019-03-29,VMBS,6,2019-09-30,2019-09-30,16,0.040982179567136789,0.29666261759240581,0.16724745866620683,0.82864277285468424,0.22921116518247137,0.75,0.17190837388685354,0.47879790150086132,0.086776308822864107,106,1,False,-0.048855563232817673,0.39267231100652478,0.77759598701507382,False,False,M1
2019-03-29,VOO,6,2019-09-30,2019-09-30,16,0.016855806284562069,0.30299080978430504,0.084627503625337996,5.4286754393238592,0.18102290424643752,0.75,0.13576717818482814,0.44144505007139023,0.036631828226971586,97,1,False,-0.023063423789031867,0.29459778015868815,0.86359520950298507,False,False,M1
2019-03-29,VWO,6,2019-09-30,2019-09-30,16,0.10949653098534307,0.18141367179985637,0.16276430004834863,109.85411419875572,0.17226865983044939,0.75,0.12920149487283705,0.50963431416033356,0.014498996005938965,163,1,False,-0.10639589545014039,0.36479888519581449,0.79173679239389105,False,False,M1
2019-03-29,VXUS,6,2019-09-30,2019-09-30,16,0.063524381821334019,0.32990045718547478,0.086999757305400216,16.768329368110066,0.24670775520034557,0.75,0.18503081640025917,0.65750324298693552,0.082928989922540233,92,1,False,0.016100799078925004,0.35396083372159337,,False,True,M1
2019-04-30,BND,6,2019-10-31,2019-10-31,16,-0.13940685418586107,0.24526051834380536,0.14559506877310402,1.2067926406393288,0.19598073298188393,0.75,0.14698554973641295,0.50554795494136606,0.058040974049838337,139,1,False,-0.058797772251916486,0.35276887172474236,0.88356175821710592,False,False,M1
2019-04-30,DBC,6,2019-10-31,2019-10-31,16,-0.061908712629002327,0.15093094559770848,0.067293488755767808,232.99518105153672,0.10443469019704778,0.75,0.078326017647785837,0.44407377799004549,0.064868869359206438,153,1,False,-0.067474138902433298,0.22412617419800496,0.84764601291130837,False,False,M1
2019-04-30,GLD,6,2019-10-31,2019-10-31,16,-0.25693219454380833,0.16563057245515742,0.16352654857670845,5.4286754393238592,0.16462794600537667,0.75,0.1234709595040325,0.52347192441566615,0.021962991819023128,168,1,False,-0.030458627156629531,0.27740054616469456,0.77670018961617004,False,False,M1
2019-04-30,VDE,6,2019-10-31,2019-10-31,16,0.025221071744130241,0.21182449765675698,0.15129101691185684,51.794746792312019,0.18065671088069266,0.75,0.13549253316051948,0.48511490843535932,0.026405420375022009,169,1,False,-0.12502276167474044,0.39600782799577938,0.90491797724841538,False,False,M1
2019-04-30,VMBS,6,2019-10-31,2019-10-31,16,-0.12106827579743529,0.26002865998288344,0.1418645139405954,0.82864277285468424,0.19701435509856619,0.75,0.14776076632392465,0.46672229271841909,0.087075865044789244,107,1,False,-0.069706878322050025,0.36522841096989933,0.82005828245559187,False,False,M1
2019-04-30,VOO,6,2019-10-31,2019-10-31,16,-0.12622519844516877,0.27880272248909022,0.086407598779572117,5.4286754393238592,0.1694025514875053,0.75,0.12705191361562898,0.43137763113601868,0.036719344261846414,98,1,False,-0.027657709775757294,0.28176153700701523,0.87769234240882921,False,False,M1
2019-04-30,VWO,6,2019-10-31,2019-10-31,16,-0.071652543067576069,0.19856670990937939,0.16747087270259312,109.85411419875572,0.18331505417798377,0.75,0.13748629063348783,0.50952741262527801,0.014355901066878963,164,1,False,-0.09724511841345948,0.37221769968043517,0.78052204856845819,False,False,M1
2019-04-30,VXUS,6,2019-10-31,2019-10-31,16,-0.1062953475278321,0.32839002758375097,0.071081324310118321,16.768329368110066,0.23609112781384206,0.75,0.17706834586038156,0.64129118605150925,0.082621425178158181,93,1,False,0.018143490273837354,0.33599320144692579,,False,True,M1
2019-05-31,BND,6,2019-11-29,2019-11-29,16,-0.11516627744109653,0.26015896661341698,0.15124369708744148,1.2067926406393288,0.20510294473453369,0.75,0.15382720855090026,0.49450593917180002,0.058879302597412093,140,1,False,-0.037587722385437394,0.34524213948723792,0.89286539060292591,False,False,M1
2019-05-31,DBC,6,2019-11-29,2019-11-29,16,-0.088126651253856214,0.15917486387624682,0.12818724781635002,232.99518105153672,0.14197404107737896,0.75,0.10648053080803421,0.44491300119312421,0.066013765837099531,154,1,False,-0.049607235091678192,0.26256829670774662,0.88477594343539245,False,False,M1
2019-05-31,GLD,6,2019-11-29,2019-11-29,16,-0.19404375263779727,0.17544820810665535,0.18551402968325567,5.4286754393238592,0.18026466785845463,0.75,0.13519850089384097,0.52150356380288476,0.022874160760585044,169,1,False,-0.018067033477152189,0.28846403526483411,0.78490112797001532,False,False,M1
2019-05-31,VDE,6,2019-11-29,2019-11-29,16,-0.067095441658188815,0.22516743486730323,0.10617721180097386,51.794746792312019,0.16400476832167257,0.75,0.12300357624125444,0.48598578127266456,0.028323196449108027,170,1,False,-0.15833138410860345,0.4043385365911123,0.89416166762133775,False,False,M1
2019-05-31,VMBS,6,2019-11-29,2019-11-29,16,-0.10259146354117032,0.27106234884000302,0.13241463184991326,0.82864277285468424,0.19464226725049105,0.75,0.14598170043786829,0.44881831992246712,0.08806727216661886,108,1,False,-0.0645360612033965,0.35649946207913308,0.83976376264006303,False,False,M1
2019-05-31,VOO,6,2019-11-29,2019-11-29,16,-0.22898277272603507,0.30002748861549983,0.075130099685651042,5.4286754393238592,0.17440008761193268,0.75,0.1308000657089495,0.44140124702491096,0.038720072325469354,99,1,False,-0.03342426408292451,0.29502439550082349,0.88639646303380693,False,False,M1
2019-05-31,VWO,6,2019-11-29,2019-11-29,16,-0.13128150602383803,0.20804678947847163,0.17319369026979223,109.85411419875572,0.19093518900921366,0.75,0.14320139175691024,0.50903647429446652,0.015544179486080128,165,1,False,-0.090001170088542637,0.37640395360236312,0.78486957461298446,False,False,M1
2019-05-31,VXUS,6,2019-11-29,2019-11-29,16,-0.16443671462238652,0.36748304217272315,0.091184739225728617,16.768329368110066,0.26895552694618685,0.75,0.20171664520964014,0.64340166343534155,0.084132411517843245,94,1,False,0.033377054105743653,0.37005623631353662,,False,True,M1
2019-06-28,BND,6,2019-12-31,2019-12-31,16,-0.12186736057929959,0.20532732532280804,0.12780813816445449,1.2067926406393288,0.16621184169195161,0.75,0.12465888126896371,0.49540900692169748,0.060795236500330939,141,1,False,-0.063463560547086434,0.31278132308501383,0.87923842387288498,False,False,M1
2019-06-28,DBC,6,2019-12-31,2019-12-31,16,-0.13338767270661978,0.13377853887865002,0.064950615420585431,232.99518105153672,0.09557265038449253,0.75,0.071679487788369398,0.44490714560877997,0.067552567491271365,155,1,False,-0.12313200266380205,0.26649097824054085,0.84232692162943745,False,False,M1
2019-06-28,GLD,6,2019-12-31,2019-12-31,16,-0.1635741076401348,0.11843548178942212,0.17665800423059738,5.4286754393238592,0.14648188310326973,0.75,0.10986141232745231,0.51828948424238885,0.024462127371656765,170,1,False,-0.051141193057898715,0.27086401771280333,0.78309195999080605,False,False,M1
2019-06-28,VDE,6,2019-12-31,2019-12-31,16,-0.067294858914601741,0.14364491440340241,0.13903477720656351,51.794746792312019,0.14128133927107919,0.75,0.10596100445330939,0.48730915558350724,0.029719765827081433,171,1,False,-0.17128553899826601,0.38320754790488476,0.87407427480547584,False,False,M1
2019-06-28,VMBS,6,2019-12-31,2019-12-31,16,-0.11691297847045179,0.21538434175058901,0.10719620251416792,0.82864277285468424,0.15607790651273692,0.75,0.1170584298845527,0.45182128414048167,0.090488570794016801,109,1,False,-0.093415685609965521,0.32753254537907095,0.8514510564903216,False,False,M1
2019-06-28,VOO,6,2019-12-31,2019-12-31,16,-0.20783475991880762,0.22111902604592798,0.058688435407025452,5.4286754393238592,0.13141159271228636,0.75,0.098558694534214772,0.44771835784880487,0.040319846878885131,100,1,False,-0.065652740099486809,0.26277012916791637,0.89204946420359787,False,False,M1
2019-06-28,VWO,6,2019-12-31,2019-12-31,16,-0.17032587729844029,0.16234832168634405,0.18480758588287519,109.85411419875572,0.17336390103327703,0.75,0.13002292577495778,0.50953071077749901,0.017071406116304515,166,1,False,-0.092265331457948518,0.35231118300786407,0.7863896573703425,False,False,M1
2019-06-28,VXUS,6,2019-12-31,2019-12-31,16,-0.17279245494659567,0.29217623462808595,0.079499253373733883,16.768329368110066,0.21586940238913499,0.75,0.16190205179185124,0.64120784586606749,0.085949324826565296,95,1,False,-0.034599183820676616,0.3584032874043791,,False,True,M1
2019-07-31,BND,6,2020-01-31,2020-01-31,16,-0.02555045740022277,0.25739575894158151,0.17450856177590668,1.2067926406393288,0.2152807755003672,0.75,0.16146058162527541,0.49190001735690314,0.062087284833148369,142,1,False,-0.0253008482134503,0.34822201146400111,0.90604973295224123,False,False,M1
2019-07-31,DBC,6,2020-01-31,2020-01-31,16,0.064725733050436163,0.14582607228082492,0.092023542768420397,232.99518105153672,0.1160022792319183,0.75,0.087001709423938728,0.44568046671429196,0.069078483281511158,156,1,False,-0.13382675895405469,0.30783017780193211,0.86570909741406044,False,False,M1
2019-07-31,GLD,6,2020-01-31,2020-01-31,16,-0.09721322002355981,0.15586356659267087,0.17349688704130226,5.4286754393238592,0.16438504613371052,0.75,0.12328878460028289,0.51673993755946046,0.025574266107223562,171,1,False,-0.032486724738099187,0.27906429393866494,0.79153421545207092,False,False,M1
2019-07-31,VDE,6,2020-01-31,2020-01-31,16,0.13582369416035645,0.18518639187258512,0.16986641313485498,51.794746792312019,0.17732765170025097,0.75,0.13299573877518822,0.4870266919509752,0.031381832861015313,172,1,False,-0.13273295608339414,0.39872443363377058,0.91461293428414303,False,False,M1
2019-07-31,VMBS,6,2020-01-31,2020-01-31,16,-0.0050420499902714688,0.26349748995568234,0.15631253775210754,0.82864277285468424,0.20436758644090292,0.75,0.15327568983067719,0.44833764162645828,0.092039346604491645,110,1,False,-0.048873832468989686,0.35542521213034406,0.86259418865662929,False,False,M1
2019-07-31,VOO,6,2020-01-31,2020-01-31,16,-0.056028107645134329,0.28116945018153983,0.083059540010729585,5.4286754393238592,0.17155035747592542,0.75,0.12866276810694408,0.44667537019677162,0.041454090389673015,101,1,False,-0.029694376914560588,0.28701991312844877,0.90422488209542518,False,False,M1
2019-07-31,VWO,6,2020-01-31,2020-01-31,16,0.0097061030200265019,0.18857621541311942,0.17823871032725666,109.85411419875572,0.18350626022665303,0.75,0.13762969516998977,0.50955717609272166,0.018488383024879571,167,1,False,-0.083913391582498081,0.35917278192247759,0.7904747791789678,False,False,M1
2019-07-31,VXUS,6,2020-01-31,2020-01-31,16,-0.01905190087196873,0.35401615992656094,0.089611307635776544,16.768329368110066,0.25774260479651151,0.75,0.19330695359738365,0.63588582321412646,0.087555013922867311,96,1,False,-0.0031139200325326633,0.38972782722729993,,False,True,M1
2019-08-30,BND,6,2020-02-28,2020-02-28,16,-0.035913455195797472,0.32570439548578967,0.19917150289296798,1.2067926406393288,0.26098413800776937,0.75,0.19573810350582704,0.48851040901840609,0.061461004216592618,143,1,False,-0.011582605398589463,0.40305881241024355,0.87490546033616323,False,False,M1
2019-08-30,DBC,6,2020-02-28,2020-02-28,16,0.064790841295215174,0.16226339279546051,0.18898968059363166,232.99518105153672,0.17706180675970476,0.75,0.13279635506977858,0.44629744033300173,0.069466028315770298,157,1,False,-0.085531716332444135,0.35112442647200126,0.91733341730854534,False,False,M1
2019-08-30,GLD,6,2020-02-28,2020-02-28,16,-0.035223662202799377,0.21276297700287997,0.21654177501124799,5.4286754393238592,0.21458765878295147,0.75,0.16094074408721359,0.51712640473747873,0.024880201873781323,172,1,False,-0.015529646115953227,0.33741113429038039,0.78548820125645891,False,False,M1
2019-08-30,VDE,6,2020-02-28,2020-02-28,16,0.17545201631062968,0.23191540305617048,0.24260144974737799,51.794746792312019,0.23737171392931919,0.75,0.17802878544698938,0.48939855581595154,0.032272295882839301,173,1,False,-0.085601187654138183,0.44165875854811698,0.95676317866648619,False,False,M1
2019-08-30,VMBS,6,2020-02-28,2020-02-28,16,-0.026682653962748826,0.3378941432079739,0.18403389288613037,0.82864277285468424,0.25209937930865517,0.75,0.18907453448149136,0.44238512728366164,0.09128377072104106,111,1,False,-0.0078246561356532518,0.38597372509863598,0.87693856412929772,False,False,M1
2019-08-30,VOO,6,2020-02-28,2020-02-28,16,-0.024394308598687187,0.34528734749687123,0.10423538187764494,5.4286754393238592,0.21161141920356738,0.75,0.15870856440267553,0.44544767370010663,0.040985449410150518,102,1,False,0.0040074837124877971,0.31340964509286329,0.8140260301400376,False,False,M1
2019-08-30,VWO,6,2020-02-28,2020-02-28,16,-0.031218244157671493,0.18922101834667998,0.18775738230262912,109.85411419875572,0.18850597675663297,0.75,0.14137948256747473,0.51146216099732578,0.018839765611557324,168,1,False,-0.077627065180222443,0.36038603031517191,0.79271547881269111,False,False,M1
2019-08-30,VXUS,6,2020-02-28,2020-02-28,16,-0.013408877347270587,0.37866025931901903,0.12711786604367498,16.768329368110066,0.28465012148363966,0.75,0.21348759111272975,0.62626523262632028,0.087261796887912579,97,1,False,0.034246591179046798,0.39272859104641267,,False,True,M1
2019-09-30,BND,6,2020-03-31,2020-03-31,17,-0.047936727733948081,0.11418798377823509,0.096003013533723036,159.98587196060572,0.10477170272448988,0.75,0.078578777043367409,0.48219431062380264,0.061161147870433807,144,1,False,-0.1272103764977984,0.28436793058453325,0.82383332891425665,False,False,M1
2019-09-30,DBC,6,2020-03-31,2020-03-31,17,0.22160980517894757,0.15382111330820331,0.21142271499131862,1526.4179671752302,0.18572429787054909,0.75,0.13929322340291181,0.44614066918042755,0.069766711715972568,158,1,False,-0.064508752364760891,0.34309519917058451,0.92468418502289029,False,False,M1
2019-09-30,GLD,6,2020-03-31,2020-03-31,17,-0.094062174908311813,0.29999310845589272,0.042452872960344244,1.2067926406393288,0.17616048702766776,0.75,0.13212036527075083,0.51917174731959348,0.024251906917537314,173,1,False,-0.054730984657539727,0.31897171519904138,0.75698520667372626,False,False,M1
2019-09-30,VDE,6,2020-03-31,2020-03-31,17,0.50015536695415796,0.21784800551812672,0.16631113608669643,51.794746792312019,0.1915387129560441,0.75,0.14365403471703309,0.48950541908473744,0.033119837014757236,174,1,False,-0.11730448841363206,0.40461255784769823,0.93204605489661341,False,False,M1
2019-09-30,VMBS,6,2020-03-31,2020-03-31,17,-0.048120632180372103,0.11161323263878498,0.068010227936853115,339.32217718953228,0.086918998385813462,0.75,0.065189248789360096,0.43365751003216008,0.090834649371452594,112,1,False,-0.13168532130802729,0.26206381888674746,0.85220995061408744,False,False,M1
2019-09-30,VOO,6,2020-03-31,2020-03-31,17,0.11896782937892614,0.1407316505837751,0.087729855322538852,51.794746792312019,0.11004471765576235,0.75,0.082533538241821761,0.42102087718420816,0.040751181030290441,103,1,False,-0.072149071743071849,0.23721614822671538,0.85842160248961386,False,False,M1
2019-09-30,VWO,6,2020-03-31,2020-03-31,17,0.15358242989952386,0.17357708806177927,0.24819952854543212,159.98587196060572,0.21009462026036876,0.75,0.15757096519527658,0.51063605047078031,0.019376196175899248,169,1,False,-0.059205606634470775,0.37434753702502394,0.80325325830483885,False,False,M1
2019-09-30,VXUS,6,2020-03-31,2020-03-31,17,0.16923606210687092,0.27294196553176286,0.077593934848210852,35.564803062231285,0.1918333592542259,0.75,0.14387501944066944,0.58479946793563364,0.087019578366825043,98,1,False,-0.027862511997973988,0.31561255087931284,,False,True,M1
2019-10-31,BND,6,2020-04-30,2020-04-30,17,0.17922638361895982,0.11992348780404223,0.11466328531342151,159.98587196060572,0.11717338316607988,0.75,0.087880037374559905,0.47718654503016078,0.059777920270045568,145,1,False,-0.13003353630608458,0.30579361105520442,0.8093735488782059,False,False,M1
2019-10-31,DBC,6,2020-04-30,2020-04-30,17,0.53899332478398365,0.15516050494622058,0.21220937500136075,1526.4179671752302,0.18690762754777099,0.75,0.14018072066082823,0.44351005425934892,0.068938564393048199,159,1,False,-0.054601266669530191,0.33496270799118666,0.91487180841501903,False,False,M1
2019-10-31,GLD,6,2020-04-30,2020-04-30,17,0.088769029633306795,0.29165837704127978,0.14598480765281666,1.2067926406393288,0.22153403538061225,0.75,0.1661505265354592,0.51862000804230213,0.022635906334426133,174,1,False,-0.035446579230984127,0.36774763230190255,0.73954392747590136,False,False,M1
2019-10-31,VDE,6,2020-04-30,2020-04-30,17,0.63609646198944092,0.23117661006401435,0.13986423331637335,51.794746792312019,0.18438564884451578,0.75,0.13828923663338683,0.48757262831068077,0.033074701213210801,175,1,False,-0.12171746754760682,0.39829594081438047,0.92931392532216528,False,False,M1
2019-10-31,VMBS,6,2020-04-30,2020-04-30,17,0.20199681286740567,0.1148878603433262,0.1070482217707769,339.32217718953228,0.11040251805488811,0.75,0.082801888541166088,0.42786363849175146,0.088959402246064204,113,1,False,-0.12771091331069567,0.29331469039302788,0.84007140806897551,False,False,M1
2019-10-31,VOO,6,2020-04-30,2020-04-30,17,0.2876563822510575,0.14487907280171897,0.087729855322538852,51.794746792312019,0.11086616300901328,0.75,0.083149622256759953,0.40484032340255854,0.039145638919949481,104,1,False,-0.081064611983650114,0.24736385649717002,0.81422529511520192,False,False,M1
2019-10-31,VWO,6,2020-04-30,2020-04-30,17,0.38633298499327573,0.16809116969457025,0.22275394527772269,159.98587196060572,0.1949215789951925,0.75,0.14619118424639438,0.50916489303020995,0.018840733003878812,170,1,False,-0.067143893506571017,0.35952626199935978,0.76910528341216888,False,False,M1
2019-10-31,VXUS,6,2020-04-30,2020-04-30,17,0.39843882330248848,0.26105367482257169,0.09746522199942613,35.564803062231285,0.18612471787471316,0.75,0.13959353840603486,0.54196671186282452,0.085066902347687101,99,1,False,-0.071127160245299165,0.35031423705736886,0.93428906515070553,False,False,M1
2019-11-29,BND,6,2020-05-29,2020-05-29,17,0.042071263941570791,0.12468811537594536,0.11466328531342151,159.98587196060572,0.11939500574238894,0.75,0.089546254306791709,0.47200006378723369,0.058579672340517197,146,1,False,-0.15780074118060161,0.336893249794185,0.79204847389808342,False,False,M1
2019-11-29,DBC,6,2020-05-29,2020-05-29,17,0.31689500155472816,0.15238816464118515,0.21599393481894469,1526.4179671752302,0.18779601055099432,0.75,0.14084700791324573,0.44332336813382517,0.06795690679525504,160,1,False,-0.052384048676231476,0.33407806450272293,0.8987203347760957,False,False,M1
2019-11-29,GLD,6,2020-05-29,2020-05-29,17,-0.083256126440417688,0.23172861642045006,0.15088154156317565,1.2067926406393288,0.19280117447359368,0.75,0.14460088085519526,0.51850525185261198,0.021397736854584855,175,1,False,-0.064323515515277901,0.3535252772256684,0.7181335570900953,False,False,M1
2019-11-29,VDE,6,2020-05-29,2020-05-29,17,0.41500990540671978,0.20379282225076936,0.20302507271398962,51.794746792312019,0.20339651831883174,0.75,0.1525473887391238,0.48381091364786155,0.032505552674168763,176,1,False,-0.093135474549607994,0.39823025202785556,0.91527181488132303,False,False,M1
2019-11-29,VMBS,6,2020-05-29,2020-05-29,17,0.062061661190504713,0.1190443846342661,0.11176490845341822,339.32217718953228,0.11482910575797568,0.75,0.086121829318481766,0.4209365108741317,0.087279131493544604,114,1,False,-0.14749571264309885,0.31973937128006236,0.82434489081089801,False,False,M1
2019-11-29,VOO,6,2020-05-29,2020-05-29,17,0.12040981033073361,0.14868297002846753,0.10127726605989576,51.794746792312019,0.11976800201374289,0.75,0.089826001510307174,0.39005297687606988,0.036592034999511532,105,1,False,-0.080722601341254169,0.26037460436186854,0.76748057035555939,False,False,M1
2019-11-29,VWO,6,2020-05-29,2020-05-29,17,0.19740784369020947,0.17380461619630225,0.24096452392653966,159.98587196060572,0.2068765529779733,0.75,0.15515741473347999,0.50756429096788269,0.01796282517330737,171,1,False,-0.067131914209284133,0.37744674367624409,0.73367075722012465,False,False,M1
2019-11-29,VXUS,6,2020-05-29,2020-05-29,17,0.20746876169157713,0.2643826741486891,0.09746522199942613,35.564803062231285,0.18142426178648141,0.75,0.13606819633986106,0.50299737209010598,0.082571866177986356,100,1,False,-0.11915362841671356,0.39129002109643568,0.96095270853340731,False,False,M1
2019-12-31,BND,6,2020-06-30,2020-06-30,17,0.054220729163718451,0.13014830152901982,0.10475449315829191,159.98587196060572,0.11665735188866264,0.5,0.058328675944331318,0.46873074556597172,0.057352141504327971,147,1,False,-0.18825043495059535,0.30490778683925795,0.77764155469556395,False,False,M1
2019-12-31,DBC,6,2020-06-30,2020-06-30,17,0.36578051133903511,0.15519539882825306,0.10356194727498988,1526.4179671752302,0.12636725389887168,0.5,0.063183626949435842,0.4416769737029233,0.066706319344932846,161,1,False,-0.15113381328583664,0.27750106718470829,0.84277680817692191,False,False,M1
2019-12-31,GLD,6,2020-06-30,2020-06-30,17,-0.054939039574981585,0.29142768549807763,0.14891986756051531,1.2067926406393288,0.22300388602189325,0.5,0.11150194301094662,0.51985932795516354,0.020346760465410299,176,1,False,-0.11497658855031284,0.33798047457220609,0.69732030155740798,False,False,M1
2019-12-31,VDE,6,2020-06-30,2020-06-30,17,0.5029492426277139,0.20971530557136128,0.14133998414292509,51.794746792312019,0.1744255211328129,0.5,0.08721276056640645,0.48388126444884316,0.031941708540898867,177,1,False,-0.15658191926390574,0.33100744039671864,0.86652572808355488,False,False,M1
2019-12-31,VMBS,6,2020-06-30,2020-06-30,17,0.081912343227559248,0.12112654375492449,0.095532886773626396,339.32217718953228,0.10619138047595313,0.5,0.053095690237976563,0.4164505959470795,0.085503547928640289,115,1,False,-0.18105739079738364,0.28724877127333676,0.80880304165902861,False,False,M1
2019-12-31,VOO,6,2020-06-30,2020-06-30,17,0.17706274622498952,0.14419153859385037,0.090227107941212553,51.794746792312019,0.11084317047642099,0.5,0.055421585238210495,0.38203057617547043,0.034286121839904746,106,1,False,-0.1310321045749166,0.2418752750513376,0.75367728035047954,False,False,M1
2019-12-31,VWO,6,2020-06-30,2020-06-30,17,0.22313791767695967,0.1761461448196211,0.19830904754316567,159.98587196060572,0.18704532384266989,0.5,0.093522661921334946,0.50822420875988694,0.016868123414750701,172,1,False,-0.14411957827603394,0.33116490211870386,0.71255152965030089,False,False,M1
2019-12-31,VXUS,6,2020-06-30,2020-06-30,17,0.23398806248320736,0.25005557749567481,0.096490347241284274,35.564803062231285,0.16991744040995846,0.5,0.084958720204979229,0.47814920764965846,0.080043506562891498,101,1,False,-0.18152223051404576,0.35143967092400424,0.9103813064841948,False,False,M1
2020-01-31,BND,6,2020-07-31,2020-07-31,17,0.063700481399795006,0.15955977500317611,0.090764492331573063,159.98587196060572,0.12276893119390894,0.5,0.061384465596954471,0.46521269510745827,0.056791988809026944,148,1,False,-0.17383868669690045,0.29660761789080936,0.76235771628364335,False,False,M1
2020-01-31,DBC,6,2020-07-31,2020-07-31,17,0.23496562621931594,0.15646913436791365,0.10946339477284739,1526.4179671752302,0.1301384618391129,0.5,0.065069230919556451,0.43984133096026395,0.066694093503608776,162,1,False,-0.14254899386740472,0.27268745570651759,0.84841666291393658,False,False,M1
2020-01-31,GLD,6,2020-07-31,2020-07-31,17,-0.11926369455935748,0.46286158391171933,0.10128021922498903,1.2067926406393288,0.28932628729567689,0.5,0.14466314364783844,0.52006570701896837,0.019682579784681652,177,1,False,-0.079875959354708814,0.3692022466503857,0.66331971208664442,False,False,M1
2020-01-31,VDE,6,2020-07-31,2020-07-31,17,0.43570062452964176,0.28412250804848571,0.1444742912224207,51.794746792312019,0.21198366930081611,0.5,0.10599183465040805,0.48342456218026642,0.032525315201682337,178,1,False,-0.13372217431746419,0.34570584361828027,0.90297576335160401,False,False,M1
2020-01-31,VMBS,6,2020-07-31,2020-07-31,17,0.094455960222751711,0.13754119934837894,0.076587816844339546,339.32217718953228,0.10167788415865404,0.5,0.050838942079327022,0.41162715313874149,0.084722982429339316,116,1,False,-0.18331027357985541,0.28498815773850944,0.79814300405005323,False,False,M1
2020-01-31,VOO,6,2020-07-31,2020-07-31,17,0.09792008554529863,0.20653394821710513,0.066433989821043704,51.794746792312019,0.11818810186119606,0.5,0.059094050930598031,0.36940847543897132,0.033442063620418405,107,1,False,-0.12662935079509716,0.24481745265629321,0.71327175360333361,False,False,M1
2020-01-31,VWO,6,2020-07-31,2020-07-31,17,0.092387413861986456,0.23549563075102262,0.19347563631824155,159.98587196060572,0.21481028954405859,0.5,0.1074051447720293,0.50772622685483371,0.016826724452931482,173,1,False,-0.1282064401769854,0.34301672972104397,0.71291019055687677,False,False,M1
2020-01-31,VXUS,6,2020-07-31,2020-07-31,17,0.16307784015064619,0.31847632067760934,0.041262595105088742,35.564803062231285,0.16612944872810106,0.5,0.083064724364050532,0.45043532157409893,0.079071982960588941,102,1,False,-0.17366542597831941,0.3397948747064205,0.92520903162842116,False,False,M1
2020-02-28,BND,6,2020-08-31,2020-08-31,17,0.25520425967367455,0.11794687993802346,0.11466328531342151,159.98587196060572,0.11617338899844332,0.5,0.058086694499221658,0.45989345752594474,0.056169804621075112,149,1,False,-0.1738152523702787,0.28998864136872204,0.7491581540358494,False,False,M1
2020-02-28,DBC,6,2020-08-31,2020-08-31,17,0.28819412030490699,0.1534237912419337,0.23546364575313172,1526.4179671752302,0.19925294918374492,0.5,0.09962647459187246,0.44137933672766577,0.066682417109692263,163,1,False,-0.10146865348174844,0.30072160266549336,0.90221580600490248,False,False,M1
2020-02-28,GLD,6,2020-08-31,2020-08-31,17,0.041097903400893809,0.37728967712551148,0.15354832275637059,1.2067926406393288,0.2698691390322267,0.5,0.13493456951611335,0.51988965832370715,0.019374117751044119,178,1,False,-0.088845739729121714,0.35871487876134844,0.63808708064279951,False,False,M1
2020-02-28,VDE,6,2020-08-31,2020-08-31,17,0.46226735035290656,0.2083375868151825,0.18123539866797067,51.794746792312019,0.19434849632186191,0.5,0.097174248160930954,0.48383907537887444,0.033323788392235112,179,1,False,-0.14054001685785752,0.33488851317971946,0.89256967888106298,False,False,M1
2020-02-28,VMBS,6,2020-08-31,2020-08-31,17,0.26345340782656379,0.11277005242163167,0.10491950627114817,339.32217718953228,0.1080985545910893,0.5,0.054049277295544651,0.40494613482978442,0.083770797502911221,117,1,False,-0.17984969676049484,0.28794825135158414,0.78884950583274838,False,False,M1
2020-02-28,VOO,6,2020-08-31,2020-08-31,17,0.087007197418536464,0.1403712115398203,0.087729855322538852,51.794746792312019,0.10639863511301408,0.5,0.053199317556507038,0.35464093503629207,0.03290654165542669,108,1,False,-0.13168248806344271,0.23808112317645677,0.72608822591254063,False,False,M1
2020-02-28,VWO,6,2020-08-31,2020-08-31,17,0.16292194064488297,0.16564082825830201,0.20989298074301777,159.98587196060572,0.18743298487638163,0.5,0.093716492438190815,0.50754583914067442,0.016550603943675146,174,1,False,-0.14101886038618316,0.32845184526256482,0.69637435649619639,False,False,M1
2020-02-28,VXUS,6,2020-08-31,2020-08-31,17,0.19863342036002907,0.25563485545696901,0.080609372677564517,35.564803062231285,0.15541363942352462,0.5,0.077706819711762312,0.42739071795757061,0.07817411053041555,103,1,False,-0.17899423748877985,0.33440787691230445,0.95639037365973523,False,False,M1
2020-03-31,BND,6,2020-09-30,2020-09-30,18,0.22550997037105169,0.12625382210050054,0.25909166450139731,10000,0.19803914087199745,0.5,0.099019570435998724,0.45960189149374286,0.055475761072041628,150,1,False,-0.12957144137115773,0.3276105822431552,0.71406803781387718,False,False,M1
2020-03-31,DBC,6,2020-09-30,2020-09-30,18,0.12845268262334852,0.18124978372711587,0.28606291132995465,10000,0.24001296779740147,0.5,0.12000648389870074,0.43935282331281178,0.0676270963052365,164,1,False,-0.073215351231425266,0.31322831902882675,0.9272171408630443,False,False,M1
2020-03-31,GLD,6,2020-09-30,2020-09-30,18,0.1133969655481859,0.13262528899849832,0.22588173135069603,10000,0.17809247049381852,0.5,0.089046235246909258,0.51244996754641148,0.018740395445684593,179,1,False,-0.14304375411211862,0.3211362246059371,0.6504864262630069,False,False,M1
2020-03-31,VDE,6,2020-09-30,2020-09-30,18,0.14654225698777124,0.16806349588862116,0.25767203149283013,10000,0.2141400703221161,0.5,0.10707003516105805,0.48580150180101034,0.035917297162023569,180,1,False,-0.15293734180992641,0.36707741213204254,0.91165016152938383,False,False,M1
2020-03-31,VMBS,6,2020-09-30,2020-09-30,18,0.25393119031417832,0.12859173116911918,0.29316444688463517,10000,0.22670128253003102,0.5,0.11335064126501551,0.40385287479544191,0.082653073522544418,118,1,False,-0.12026935725374543,0.34697063978377646,0.71893773814591733,False,False,M1
2020-03-31,VOO,6,2020-09-30,2020-09-30,18,-0.046721794812728312,0.11274199732132308,0.12155702220631037,75.431200633546069,0.11841807410328581,0.5,0.059209037051642904,0.35609066837354553,0.033696094753807415,109,1,False,-0.12566832833882147,0.24408640244210728,0.70206427124508863,False,False,M1
2020-03-31,VWO,6,2020-09-30,2020-09-30,18,-0.036214354809998683,0.12392889769141019,0.2412141769248273,10000,0.18136674229716809,0.5,0.090683371148584047,0.51027234635774643,0.01733364294913714,175,1,False,-0.14252728609511958,0.32389402839228765,0.71174465432653078,False,False,M1
2020-03-31,VXUS,6,2020-09-30,2020-09-30,18,0.0047539902993622984,0.22012962009491538,0.21191579177850847,51.794746792312019,0.21542810766603515,0.5,0.10771405383301758,0.42761009266664812,0.079049706218650678,104,1,False,-0.14751507430860822,0.36294318197464337,0.56759512025588787,False,False,M1
2020-04-30,BND,6,2020-10-30,2020-10-30,18,0.10041293341079194,0.12468218621945071,0.14931760606037073,10000,0.13798266971955966,0.5,0.068991334859779832,0.46010729323895938,0.05629530161870995,151,1,False,-0.15472606022112823,0.29270872994068792,0.736388823038018,False,False,M1
2020-04-30,DBC,6,2020-10-30,2020-10-30,18,-0.070698854435351954,0.1789052791778471,-0.10749516714902274,10000,0.018188785983898295,0.5,0.0090943929919491476,0.43883993459101495,0.070483861326319827,165,1,False,-0.20918598066283164,0.22737476664672993,0.72230976509281597,False,False,M1
2020-04-30,GLD,6,2020-10-30,2020-10-30,18,0.028169812559237339,0.13010124981729598,-0.04481445157583748,10000,0.044103133886851914,0.5,0.022051566943425957,0.5083453615341359,0.019129443413393604,180,1,False,-0.20449985783147157,0.24860299171832351,0.70311536577127731,False,False,M1
2020-04-30,VDE,6,2020-10-30,2020-10-30,18,0.241590578203698,0.16522076619121104,-0.12600579628256836,10000,0.016413169293285367,0.5,0.0082065846466426833,0.48903150992168321,0.039233204150020344,181,1,False,-0.2731474687781566,0.289560638071442,0.63907046323286576,False,False,M1
2020-04-30,VMBS,6,2020-10-30,2020-10-30,18,0.1044867755618879,0.12717689050815073,0.18830319051587599,10000,0.16351885935775234,0.5,0.081759429678876172,0.40546100704592536,0.083655962088467609,119,1,False,-0.15185952841566722,0.31537838777341953,0.75060225824686488,False,False,M1
2020-04-30,VOO,6,2020-10-30,2020-10-30,18,-0.051948697887240325,0.031405283551722105,-0.033478613122777987,75.431200633546069,-0.0098056555066436558,0.5,-0.0049028277533218279,0.36485104670721785,0.036004824640146052,110,1,False,-0.19139190384284796,0.18158624833620432,0.93047862327705155,False,False,M1
2020-04-30,VWO,6,2020-10-30,2020-10-30,18,-0.15438619745283666,0.12145584852820063,-0.075744927652796487,10000,0.024460057837294671,0.5,0.012230028918647336,0.50813687162224885,0.019430230119842459,176,1,False,-0.22868700627784469,0.25314706411513938,0.77704316591757483,False,False,M1
2020-04-30,VXUS,6,2020-10-30,2020-10-30,18,-0.06147807539018979,0.11112068879850803,-0.0406750264089379,51.794746792312019,0.027083515188918578,0.5,0.013541757594459289,0.4463798039704665,0.082091507333734839,105,1,False,-0.25276721272386099,0.2798507279127796,0.99999206674507457,False,False,M1
2020-05-29,BND,6,2020-11-30,2020-11-30,18,0.12511593531995846,0.12613114416351598,0.14100805316653375,10000,0.13416585604247777,0.5,0.067082928021238886,0.45992061406492873,0.056201722423465612,152,1,False,-0.15099098826283924,0.28515684430531701,0.7411485209063341,False,False,M1
2020-05-29,DBC,6,2020-11-30,2020-11-30,18,-0.049117850216836789,0.17816751046192017,-0.10116652455475136,10000,0.020930011470981454,0.5,0.010465005735490727,0.43709867298643262,0.071968265785527105,166,1,False,-0.19712911319794588,0.21805912466892732,0.72583830165599661,False,False,M1
2020-05-29,GLD,6,2020-11-30,2020-11-30,18,0.11107976115919871,0.13129324161659583,-0.04620289293751495,10000,0.043614641594399511,0.5,0.021807320797199756,0.5060252988469055,0.01856377728160459,181,1,False,-0.2191504888350988,0.26276513042949828,0.69782786623538473,False,False,M1
2020-05-29,VDE,6,2020-11-30,2020-11-30,18,0.088577038482994697,0.16559901848664546,-0.11430979750606897,10000,0.022620812916019618,0.5,0.011310406458009809,0.48919720494138585,0.041297911299782435,182,1,False,-0.26595543410849609,0.28857624702451568,0.65262790775578017,False,False,M1
2020-05-29,VMBS,6,2020-11-30,2020-11-30,18,0.14073189406765407,0.12854639140355809,0.18697017426396606,10000,0.16327100122710189,0.5,0.081635500613550946,0.40564256329461934,0.083476009580984611,120,1,False,-0.1393471013290688,0.30261810255617072,0.75504171727134062,False,False,M1
2020-05-29,VOO,6,2020-11-30,2020-11-30,18,-0.064746564623193725,0.088053031445295485,-0.012019462215618677,75.431200633546069,0.0244708010899609,0.5,0.01223540054498045,0.36463829340780951,0.036765229916637832,111,1,False,-0.17423991421483495,0.19871071530479587,0.89763599408635619,False,False,M1
2020-05-29,VWO,6,2020-11-30,2020-11-30,18,-0.18232123172851389,0.12172080931634301,-0.074695779642462323,10000,0.025249341633861038,0.5,0.012624670816930519,0.50884256674106565,0.020435753360353005,177,1,False,-0.22660587909342358,0.25185522072728461,0.77618965985978994,False,False,M1
2020-05-29,VXUS,6,2020-11-30,2020-11-30,18,-0.11086790829743198,0.1242431079002175,-0.038456433352466318,51.794746792312019,0.035127585104115615,0.5,0.017563792552057807,0.4522693665269823,0.08327431162012959,106,1,False,-0.24189706691012669,0.27702465201424231,0.99999320120380242,False,False,M1
2020-06-30,BND,6,2020-12-31,2020-12-31,18,0.25865439009357827,0.12668781194548112,0.1197748763478618,10000,0.12294746332386645,0.75,0.092210597492899837,0.45893483762487908,0.056188774755101256,153,1,False,-0.12315393374141814,0.30757512872721782,0.74765692993359112,False,False,M1
2020-06-30,DBC,6,2020-12-31,2020-12-31,18,0.05251707015419349,0.17876679142508589,-0.085842152352888737,10000,0.030598127837806188,0.75,0.022948595878354641,0.44004665348120825,0.073727620549320569,167,1,False,-0.19980018664189703,0.24569737839860628,0.7409593575969784,False,False,M1
2020-06-30,GLD,6,2020-12-31,2020-12-31,18,0.20146014240777821,0.13249560902125665,-0.064820668632429912,10000,0.034256377278132875,0.75,0.025692282958599655,0.50212302344591531,0.018159915650524452,182,1,False,-0.21448131126552195,0.26586587718272126,0.69727612318766097,False,False,M1
2020-06-30,VDE,6,2020-12-31,2020-12-31,18,0.17868006535515613,0.16642879250495105,-0.11710581725300986,10000,0.022240866908452638,0.75,0.016680650181339476,0.49146269755362737,0.04382059617042687,183,1,False,-0.27901413618534132,0.31237543654802025,0.65262520157546866,False,False,M1
2020-06-30,VMBS,6,2020-12-31,2020-12-31,18,0.26827208352221565,0.12893723652772579,0.14567825230102355,10000,0.13890886813959136,0.75,0.10418165110469352,0.4043592248583559,0.083463086718559606,121,1,False,-0.11329411355266525,0.32165741576205231,0.77013937159190449,False,False,M1
2020-06-30,VOO,6,2020-12-31,2020-12-31,18,0.015291643822863854,0.11398542635804684,-0.013191111531277,75.431200633546069,0.033906539689997781,0.75,0.025429904767498335,0.37033286172848801,0.038017886312248117,112,1,False,-0.16029405865075508,0.21115386818575177,0.88925303560767222,False,False,M1
2020-06-30,VWO,6,2020-12-31,2020-12-31,18,-0.014485524201414579,0.12266262978313439,0.039313187357758642,10000,0.081656014267520116,0.75,0.061242010700640087,0.50801571885344965,0.021574529564378886,178,1,False,-0.17437566722464531,0.29685968862592549,0.7632778078993655,False,False,M1
2020-06-30,VXUS,6,2020-12-31,2020-12-31,18,0.021488584433862146,0.15275305738644041,0.038544845479623516,51.794746792312019,0.091576555455847516,0.75,0.068682416591885634,0.46434235411629471,0.084682851347821914,107,1,False,-0.19076305350615558,0.32812788668992682,0.99981324875907818,False,False,M1
2020-07-31,BND,6,2021-01-29,2021-01-29,18,0.022148526282360859,0.12616277120914152,0.040945749675865499,10000,0.07979297388864115,0.75,0.059844730416480862,0.45586226218439668,0.056237552070975881,154,1,False,-0.14955052417355966,0.26923998500652135,0.76187024533975356,False,False,M1
2020-07-31,DBC,6,2021-01-29,2021-01-29,18,-0.16277668610836749,0.17989588492261535,-0.071807068779662933,10000,0.039490243387939827,0.75,0.029617682540954871,0.44217721933946202,0.074687370583070525,168,1,False,-0.19237890979480743,0.25161427487671717,0.75475218822981216,False,False,M1
2020-07-31,GLD,6,2021-01-29,2021-01-29,18,0.080239358890345058,0.13259054902314463,-0.02565065577693617,10000,0.052299868494987509,0.75,0.039224901371240628,0.49260573041266353,0.017408966960852965,183,1,False,-0.2161919820461658,0.29464178478864705,0.68455023688340644,False,False,M1
2020-07-31,VDE,6,2021-01-29,2021-01-29,18,-0.14519139330556574,0.16688134062943896,-0.10781558539996283,10000,0.028355379559950471,0.75,0.021266534669962853,0.49571346475620354,0.045950378933248694,184,1,False,-0.30486650501820428,0.34739957435813001,0.66635320717403224,False,False,M1
2020-07-31,VMBS,6,2021-01-29,2021-01-29,18,0.0077008797063464751,0.12836255715670902,0.061306119702377822,10000,0.088340474599549967,0.75,0.066255355949662476,0.40315823392174549,0.083553192239085777,122,1,False,-0.15121677002334966,0.28372748192267461,0.79695874856132265,False,False,M1
2020-07-31,VOO,6,2021-01-29,2021-01-29,18,-0.13196520603752826,0.089649338520405117,-0.023735923737958905,75.431200633546069,0.017723195658686873,0.75,0.013292396744015155,0.36564822068476088,0.038547994270062724,113,1,False,-0.17159042446033815,0.19817521794836848,0.91082957325882474,False,False,M1
2020-07-31,VWO,6,2021-01-29,2021-01-29,18,-0.20936571516520264,0.12310122051322124,0.037430384155279633,10000,0.080817063421812219,0.75,0.060612797566359164,0.5064346411334022,0.021970132269952113,179,1,False,-0.17412425071373094,0.2953498458464493,0.76599645011001605,False,False,M1
2020-07-31,VXUS,6,2021-01-29,2021-01-29,18,-0.18565831043157432,0.16381687012932783,0.091306763026137841,51.794746792312019,0.12481917231903257,0.75,0.093614379239274431,0.46217569704045286,0.085408730873773986,108,1,False,-0.16245408722410956,0.3496828457026584,0.99860652840846953,False,False,M1
2020-08-31,BND,6,2021-02-26,2021-02-26,18,-0.024621363001621988,0.12659254876821369,0.097759438677631566,10000,0.11092471112967096,0.75,0.083193533347253226,0.45660257983545199,0.057521208249057813,155,1,False,-0.12416031077694549,0.29054737747145193,0.75719678149020875,False,False,M1
2020-08-31,DBC,6,2021-02-26,2021-02-26,18,-0.27349975862141529,0.18062931365224619,0.11141513987095476,10000,0.14184426039465634,0.75,0.10638319529599224,0.43963712721405862,0.075950724131720437,169,1,False,-0.11441320573191682,0.32717959632390131,0.87383274716458958,False,False,M1
2020-08-31,GLD,6,2021-02-26,2021-02-26,18,0.083644422180986999,0.13344753652730862,0.10413549502380533,10000,0.11840752177724836,0.75,0.08880564133293628,0.48689978661968242,0.017537711180635789,184,1,False,-0.16162517730772169,0.33923645997359425,0.65448735043229822,False,False,M1
2020-08-31,VDE,6,2021-02-26,2021-02-26,18,-0.43044789387408866,0.16764754816619229,0.16677287445953903,10000,0.16720721216264753,0.75,0.12540540912198564,0.49657112109883678,0.048200740940922519,185,1,False,-0.25609811468220467,0.50690893292617589,0.88746962698580945,False,False,M1
2020-08-31,VMBS,6,2021-02-26,2021-02-26,18,-0.034613582499270268,0.12872347624209107,0.12476421135995487,10000,0.12636960951773213,0.75,0.094777207138299097,0.40547884659615907,0.085015795617845752,123,1,False,-0.12129077733131544,0.31084519160791363,0.78434215423222542,False,False,M1
2020-08-31,VOO,6,2021-02-26,2021-02-26,18,-0.13309763324174428,0.10405440976632996,0.060560636525279259,75.431200633546069,0.076308153001821338,0.75,0.057231114751366004,0.36206370022822287,0.038973074999435302,114,1,False,-0.12764770758939825,0.24210993709213025,0.83169490441485827,False,False,M1
2020-08-31,VWO,6,2021-02-26,2021-02-26,18,-0.21991844628792923,0.12394674893732184,0.16265268593167725,10000,0.1429896333529935,0.75,0.10724222501474512,0.50801127954998926,0.022753197872035065,180,1,False,-0.12597191774764982,0.34045636777714006,0.76016667770455704,False,False,M1
2020-08-31,VXUS,6,2021-02-26,2021-02-26,18,-0.19775300192412948,0.19995633773606608,0.16699648188243021,51.794746792312019,0.18243055389142229,0.75,0.13682291541856673,0.46826879575960006,0.086447489492913934,109,1,False,-0.11923636844417879,0.39288219928131224,0.9429575890405445,False,False,M1
2020-09-30,BND,6,2021-03-31,2021-03-31,19,0.1055618189926808,0.1117837308563522,-0.011407181364780842,10000,0.044493543379088708,0.75,0.033370157534316533,0.45377312121469904,0.058598059288301363,156,1,False,-0.17246046482701899,0.23920077989565203,0.77432275701960562,False,False,M1
2020-09-30,DBC,6,2021-03-31,2021-03-31,19,-0.21736799501881454,0.13790419429551479,0.081673222275501542,1048.1131341546852,0.10662869659104694,0.75,0.079971522443285203,0.44380300427073283,0.076259559181671197,170,1,False,-0.13430790317391297,0.29425094806048335,0.84100720111382798,False,False,M1
2020-09-30,GLD,6,2021-03-31,2021-03-31,19,0.15020901869973335,0.10296188648077001,-0.12119212420648023,10000,-0.011502378538177144,0.75,-0.0086267839036328585,0.48934991317798532,0.018055869312352271,185,1,False,-0.25502890979199822,0.23777534198473252,0.71959754124509712,False,False,M1
2020-09-30,VDE,6,2021-03-31,2021-03-31,19,-0.68252971800391182,0.1514429252665746,0.08988703107320517,10000,0.12061504460909642,0.75,0.090461283456822306,0.49918880943169136,0.048729458769131387,186,1,False,-0.27522829479144639,0.456150861705091,0.83513020921520342,False,False,M1
2020-09-30,VMBS,6,2021-03-31,2021-03-31,19,0.085720733361016155,0.11531387515429237,-0.015525986728032445,10000,0.036971486589135023,0.75,0.027728614941851269,0.40123455162603899,0.086378016542816183,124,1,False,-0.18306163731568884,0.23851886719939139,0.82265915583536431,False,False,M1
2020-09-30,VOO,6,2021-03-31,2021-03-31,19,-0.13690116552498499,0.073497637135531438,-0.073431945308867763,10000,-0.019611666594660272,0.75,-0.014708749945995204,0.36629981395730193,0.038227902218459966,115,1,False,-0.19813570514138151,0.16871820524939113,0.94165406203721191,False,False,M1
2020-09-30,VWO,6,2021-03-31,2021-03-31,19,-0.16271405133132366,0.10839362036209112,-0.054730086633475991,10000,0.028794282692763722,0.75,0.021595712019572791,0.51203084373572683,0.022427410288156424,181,1,False,-0.20294650759372856,0.24613793163287417,0.77429009576321151,False,False,M1
2020-09-30,VXUS,6,2021-03-31,2021-03-31,19,-0.16191597515400735,0.1055121645891262,-0.064133592009885138,10000,0.015382909140694649,0.75,0.011537181855520986,0.46872083773089313,0.085704821318427091,110,1,False,-0.24369425419574475,0.26676861790678674,0.99999964261654628,False,False,M1
2020-10-30,BND,6,2021-04-30,2021-04-30,19,0.16313388852257882,0.11168334957172292,-0.015254198711337572,10000,0.042514077212224145,0.75,0.031885557909168111,0.45509210399072092,0.058864396066151618,157,1,False,-0.16680024074413988,0.2305713565624761,0.77680150293662475,False,False,M1
2020-10-30,DBC,6,2021-04-30,2021-04-30,19,-0.26742218495245296,0.13629268225173216,0.096088170273268173,1048.1131341546852,0.11365385327519992,0.75,0.085240389956399931,0.43690825077894241,0.075400153254086263,171,1,False,-0.12230741152969726,0.29278819144249713,0.8454139136365062,False,False,M1
2020-10-30,GLD,6,2021-04-30,2021-04-30,19,0.20820647992262142,0.102676327061612,-0.077913050850523441,10000,0.010332735744456643,0.75,0.0077495518083424818,0.48865435838599253,0.018110245351314024,186,1,False,-0.23321056038735646,0.2487096640040414,0.71293144815794041,False,False,M1
2020-10-30,VDE,6,2021-04-30,2021-04-30,19,-0.64303801106065062,0.15126336971111692,0.12507929715602709,10000,0.13836916696807128,0.75,0.10377687522605346,0.5075554913806104,0.049760801653808216,187,1,False,-0.25311499200901921,0.4606687424611261,0.85943617035477238,False,False,M1
2020-10-30,VMBS,6,2021-04-30,2021-04-30,19,0.14972407170613933,0.11523926017450438,-0.0035627286846091483,10000,0.044615204428925373,0.75,0.033461403321694033,0.40553136842404552,0.08652288661496875,125,1,False,-0.17545727659033264,0.24238008323372071,0.82261560742085549,False,False,M1
2020-10-30,VOO,6,2021-04-30,2021-04-30,19,-0.14059504603832607,0.073504516995544181,-0.043124399590473934,10000,-0.00085850078215131897,0.75,-0.00064387558661348925,0.36239639401219986,0.037450517734790141,116,1,False,-0.17860586363367881,0.17731811246045182,0.88276505921099058,False,False,M1
2020-10-30,VWO,6,2021-04-30,2021-04-30,19,-0.069773865559754844,0.10834223970703312,0.0063339541586073184,10000,0.057848244782867472,0.75,0.043386183587150601,0.50500104327118678,0.021455906948920196,182,1,False,-0.17815908468339697,0.26493145185769817,0.75863865505718775,False,False,M1
2020-10-30,VXUS,6,2021-04-30,2021-04-30,19,-0.13139178553145703,0.10555798672398317,-0.013689418341835664,10000,0.040722547095943952,0.75,0.030541910321957966,0.45629475465522146,0.084378849276007126,111,1,False,-0.20313783111646266,0.2642216517603786,0.98999350142381748,False,False,M1
2020-11-30,BND,6,2021-05-31,2021-05-31,19,0.19752633744304904,0.11143375247912325,0.01098111560393791,10000,0.056770209555651395,0.75,0.042577657166738545,0.4558276952809856,0.059283709605732676,158,1,False,-0.14779511021129982,0.23295042454477694,0.77643587707563966,False,False,M1
2020-11-30,DBC,6,2021-05-31,2021-05-31,19,-0.15289100693799496,0.14032980849941784,0.11993819186805678,1048.1131341546852,0.12873619532269079,0.75,0.096552146492018098,0.43145198410131125,0.074676211373441367,172,1,False,-0.099555678836887762,0.29265997182092396,0.85993191407437475,False,False,M1
2020-11-30,GLD,6,2021-05-31,2021-05-31,19,0.11067056240701656,0.10215779773031802,-0.033064096269266381,10000,0.033493510911288805,0.75,0.025120133183466606,0.4922102864552374,0.018607408537452439,187,1,False,-0.21505365147412925,0.26529391784106243,0.70526969577839527,False,False,M1
2020-11-30,VDE,6,2021-05-31,2021-05-31,19,-0.23438642942550403,0.15117927202822787,0.17332296485391291,10000,0.16200582642809824,0.75,0.12150436982107368,0.51107728574917743,0.049967270998644321,188,1,False,-0.20965266559101883,0.45266140523316623,0.88664599681339828,False,False,M1
2020-11-30,VMBS,6,2021-05-31,2021-05-31,19,0.17897742611675094,0.11508173695824968,0.042202237040218353,10000,0.071929808324586106,0.75,0.053947356243439576,0.40790031926402898,0.086953116832847205,126,1,False,-0.14842363864492017,0.25631835113179935,0.81573622404234147,False,False,M1
2020-11-30,VOO,6,2021-05-31,2021-05-31,19,0.0094761014537960708,0.073410295251753077,-0.034674871970069521,10000,0.0039177411822916008,0.75,0.0029383058867187006,0.35705744039011117,0.036577038398397113,117,1,False,-0.16783661165187361,0.17371322342531101,0.84691835466611698,False,False,M1
2020-11-30,VWO,6,2021-05-31,2021-05-31,19,0.060695321711785155,0.10805481138182618,0.10785252267961488,10000,0.10795329729814512,0.75,0.080964972973608842,0.49817225296633277,0.020342370671994327,183,1,False,-0.1380465655385632,0.29997651148578086,0.74416200941928912,False,False,M1
2020-11-30,VXUS,6,2021-05-31,2021-05-31,19,0.028000136321554736,0.10538527413683614,0.057739280610114456,10000,0.078891137737990072,0.75,0.059168353303492557,0.44393779124393429,0.082635574654815705,112,1,False,-0.17442108813111429,0.29275779473809943,0.93441074755049069,False,False,M1
2020-12-31,BND,6,2021-06-30,2021-06-30,19,0.047687206780919755,0.11221817964327203,-0.05394666023900517,10000,0.021941768199250054,0.75,0.016456326149437539,0.45670569352710172,0.060537613256599621,159,1,False,-0.17169058860175374,0.20460324090062881,0.78438131124866228,False,False,M1
2020-12-31,DBC,6,2021-06-30,2021-06-30,19,-0.26572793372868553,0.14095515442705484,0.035946250289448617,1048.1131341546852,0.081361757592674708,0.75,0.061021318194506027,0.43249196509766924,0.07454812385194283,173,1,False,-0.13217728260552747,0.25421991899453955,0.80151064967694263,False,False,M1
2020-12-31,GLD,6,2021-06-30,2021-06-30,19,0.0920989332818547,0.10303620840853735,-0.068180525638555867,10000,0.016962016866411699,0.75,0.012721512649808774,0.49727932832516875,0.019580029462294601,188,1,False,-0.21929344073086016,0.24473646603047772,0.71569454263140542,False,False,M1
2020-12-31,VDE,6,2021-06-30,2021-06-30,19,-0.50394680666862435,0.15208054936750565,0.04680185849887987,10000,0.10143903302491729,0.75,0.076079274768687963,0.51897657612609904,0.050648291074604695,189,1,False,-0.25006036575004031,0.40221891528741627,0.81317673495412146,False,False,M1
2020-12-31,VMBS,6,2021-06-30,2021-06-30,19,0.036659863658544345,0.11580075754121941,-0.021648388986572349,10000,0.034478603711455377,0.75,0.025858952783591533,0.40834733511189197,0.088380825231976101,127,1,False,-0.17647611071248165,0.22819401627966474,0.83215112741582054,False,False,M1
2020-12-31,VOO,6,2021-06-30,2021-06-30,19,-0.12278927724638167,0.074184028688904044,-0.061540489913713387,10000,-0.013596927205123838,0.75,-0.010197695403842879,0.35324172229309325,0.03639665369860446,118,1,False,-0.18093866573938058,0.16054327493169482,0.86968362417573775,False,False,M1
2020-12-31,VWO,6,2021-06-30,2021-06-30,19,-0.069800938002764212,0.10903655832027077,0.096020232999699209,10000,0.10246767712064354,0.75,0.076850757840482661,0.49533520115347141,0.020153088634638851,184,1,False,-0.13992696508889463,0.29362848076985998,0.73810733860042765,False,False,M1
2020-12-31,VXUS,6,2021-06-30,2021-06-30,19,-0.089182621674964269,0.10626680467960588,0.029775233886656198,10000,0.063072705782310709,0.75,0.047304529336733028,0.435309035367902,0.082094450847550626,113,1,False,-0.18006494308966781,0.27467400176313383,0.95001088926248989,False,False,M1
2021-01-29,BND,6,2021-07-30,2021-07-30,19,0.091342016599453846,0.11169901078525717,0.12073273527216467,10000,0.11664030413858015,0.75,0.087480228103935104,0.45301704070294141,0.060297681463010636,160,1,False,-0.099741031908867961,0.27470148811673817,0.77128867171407045,False,False,M1
2021-01-29,DBC,6,2021-07-30,2021-07-30,19,-0.1900835754419683,0.14596470493527045,0.09851158133869159,1048.1131341546852,0.11867889167605995,0.75,0.089009168757044968,0.42499436936586255,0.073184188162515748,174,1,False,-0.10341280083080188,0.28143113834489181,0.8459044574616239,False,False,M1
2021-01-29,GLD,6,2021-07-30,2021-07-30,19,0.10981933254709464,0.10217944255960491,0.1057238844714618,10000,0.10395647572776973,0.75,0.077967356795827295,0.49864232159644312,0.019900978295247253,189,1,False,-0.14988455686048946,0.30581927045214408,0.67740680756506977,False,False,M1
2021-01-29,VDE,6,2021-07-30,2021-07-30,19,-0.20336229789190474,0.15194587535356036,0.172768989570662,10000,0.16212586519728239,0.75,0.12159439889796179,0.51112068360258123,0.049617555893656427,190,1,False,-0.19782641217593017,0.44101520997185378,0.88503540622192201,False,False,M1
2021-01-29,VMBS,6,2021-07-30,2021-07-30,19,0.098503912859212117,0.11535153699981752,0.097732982819895994,10000,0.10487519988511662,0.75,0.078656399913837466,0.40538042976080524,0.087750513157557108,128,1,False,-0.11831456577785368,0.27562736560552858,0.81133063974922814,False,False,M1
2021-01-29,VOO,6,2021-07-30,2021-07-30,19,-0.099590711535425092,0.07355272047646029,-0.0038898946248015773,10000,0.023111217270073099,0.75,0.017333412952554826,0.34865960891905257,0.034981848154603347,119,1,False,-0.14909872351243611,0.18376554941754578,0.80356854331040006,False,False,M1
2021-01-29,VWO,6,2021-07-30,2021-07-30,19,0.09823150688248683,0.10797375883391143,0.14661135057633748,10000,0.12758023021181639,0.75,0.095685172658862283,0.49255451766741271,0.018912446451937012,185,1,False,-0.13753214716924242,0.32890249248696701,0.72822626468688267,False,False,M1
2021-01-29,VXUS,6,2021-07-30,2021-07-30,19,0.0057640217030747731,0.10524658484976916,0.085503378154160245,10000,0.094049195643802402,0.75,0.070536896732851795,0.43284850436899025,0.079745742415277612,114,1,False,-0.18554962233263839,0.32662341579834198,0.89958242451547066,False,False,M1
2021-02-26,BND,6,2021-08-31,2021-08-31,19,0.12033906975496333,0.11166605364873604,0.089406408049899785,10000,0.099474229329533245,0.5,0.049737114664766623,0.45229027726118987,0.059770233981863853,161,1,False,-0.13686460400109504,0.2363388333306283,0.76555017442393458,False,False,M1
2021-02-26,DBC,6,2021-08-31,2021-08-31,19,-0.011040507216180773,0.14747620185376056,0.089210425175616129,1048.1131341546852,0.11396175663538469,0.5,0.056980878317692343,0.42480050676219355,0.071203137038036143,175,1,False,-0.15727554794046766,0.27123730457585232,0.82773420896738725,False,False,M1
2021-02-26,GLD,6,2021-08-31,2021-08-31,19,0.084809329284850632,0.10260620164969494,-0.0010869662152342514,10000,0.050542459591832324,0.5,0.025271229795916162,0.49790576245408097,0.020236470105172197,190,1,False,-0.20127709983744496,0.25181955942927731,0.70568561885262071,False,False,M1
2021-02-26,VDE,6,2021-08-31,2021-08-31,19,0.078147629498099835,0.15212765974023551,0.10738714653750718,10000,0.13023781270422194,0.5,0.06511890635211097,0.51073768562228505,0.047104124219479751,191,1,False,-0.31642578826213985,0.44666360096636182,0.82699995305332563,False,False,M1
2021-02-26,VMBS,6,2021-08-31,2021-08-31,19,0.13623508129809125,0.11525181764741438,0.060061206075437489,10000,0.082519039840982134,0.5,0.041259519920491067,0.40691402261879711,0.086801954276496424,129,1,False,-0.15425209036298329,0.23677113020396542,0.80543164312632365,False,False,M1
2021-02-26,VOO,6,2021-08-31,2021-08-31,19,-0.055375340967862563,0.074039516505459382,-0.097837604866611028,10000,-0.037633725356139958,0.5,-0.018816862678069979,0.35027279389992189,0.033581185809633776,120,1,False,-0.20224321772124515,0.16460949236510519,0.84516098831773201,False,False,M1
2021-02-26,VWO,6,2021-08-31,2021-08-31,19,0.15001545102103897,0.10902116122770372,-0.0017154943509483955,10000,0.052988174725739849,0.5,0.026494087362869925,0.49399784372063027,0.017628409394195795,186,1,False,-0.2210028559260824,0.27399103065182223,0.73346385023847405,False,False,M1
2021-02-26,VXUS,6,2021-08-31,2021-08-31,19,0.061752778271980002,0.10608650843031507,-0.023423536072064457,10000,0.032809258867505055,0.5,0.016404629433752527,0.43419639886338185,0.07733270985580451,115,1,False,-0.26320897721354325,0.29601823608104832,0.95367536736920255,False,False,M1
2021-03-31,BND,6,2021-09-30,2021-09-30,20,-0.060557710466585424,-0.027622046492809971,-0.02782385356621931,11.513953993264458,-0.027731511037257191,0.5,-0.013865755518628595,0.45757825730327256,0.060052898086868894,162,1,False,-0.19653009786279635,0.16879858682553917,0.79275024835877228,False,False,M1
2021-03-31,DBC,6,2021-09-30,2021-09-30,20,-0.22459726942292979,0.15849944175642772,0.044499489921575763,10000,0.092902097146135093,0.5,0.046451048573067547,0.42458445328712624,0.069563528333167687,176,1,False,-0.1794397958337734,0.27234189297990852,0.79206282266331929,False,False,M1
2021-03-31,GLD,6,2021-09-30,2021-09-30,20,-0.043295379601361872,0.085507441360585426,-0.028446914705761231,10000,0.028932340302985436,0.5,0.014466170151492718,0.50352840373508179,0.0209169546527877,191,1,False,-0.21162827601091314,0.24056061631389855,0.71815997114901808,False,False,M1
2021-03-31,VDE,6,2021-09-30,2021-09-30,20,-0.086948349826425742,0.18451197386453849,0.13181231717051442,10000,0.1586204226445514,0.5,0.079310211322275698,0.50869601731346581,0.043303947957899581,192,1,False,-0.69368079013845851,0.85230121278300985,0.84513451577069865,False,False,M1
2021-03-31,VMBS,6,2021-09-30,2021-09-30,20,-0.040535513669490153,-0.0078834055581042395,0.011044971120166057,11.513953993264458,0.0032525423654539806,0.5,0.0016262711827269903,0.411679717028125,0.086793637192531206,130,1,False,-0.19200356772261737,0.19525611008807134,0.84012159878235348,False,False,M1
2021-03-31,VOO,6,2021-09-30,2021-09-30,20,-0.16543128449700617,0.10624428748000239,-0.093758460426380627,2.559547922699533,-0.025125175539175808,0.5,-0.012562587769587904,0.34316170955476361,0.032172240757281555,121,1,False,-0.19051259240184135,0.16538741686266553,0.79137289494121266,False,False,M1
2021-03-31,VWO,6,2021-09-30,2021-09-30,20,-0.021705938677005876,0.11809252401090838,-0.056691790216082949,10000,0.028742828733728562,0.5,0.014371414366864281,0.48880026407208421,0.016664011208497826,187,1,False,-0.22486602590898341,0.25360885464271199,0.72896567725770001,False,False,M1
2021-03-31,VXUS,6,2021-09-30,2021-09-30,20,-0.077123051600132109,0.12249746028731341,-0.13173088993688067,10000,-0.023968984763906492,0.5,-0.011984492381953246,0.42387839545803269,0.07527022119192682,116,1,False,-0.27830362447372337,0.25433463970981685,0.9557730641303237,False,False,M1
2021-04-30,BND,6,2021-10-29,2021-10-29,20,-0.066941809671645758,0.018252955233005116,0.055135591585214652,11.513953993264458,0.038032351487600174,0.5,0.019016175743800087,0.46372064985506017,0.060685296801198406,163,1,False,-0.15836696965666824,0.19639932114426839,0.78332335585127089,False,False,M1
2021-04-30,DBC,6,2021-10-29,2021-10-29,20,-0.24825267373576076,0.15868923163275075,0.20974894066937877,10000,0.18804107782563662,0.5,0.094020538912818308,0.4251466225193305,0.06765965424680824,177,1,False,-0.15933307980089761,0.34737415762653423,0.88268681218324141,False,False,M1
2021-04-30,GLD,6,2021-10-29,2021-10-29,20,-0.062157300899912449,0.086374187458886337,-0.060390589005114327,10000,0.014160982706453972,0.5,0.0070804913532269862,0.50796637659073973,0.021892420930234757,192,1,False,-0.21669842856749821,0.23085941127395221,0.72762861940584644,False,False,M1
2021-04-30,VDE,6,2021-10-29,2021-10-29,20,-0.27136714236974047,0.18493593889486784,0.19339690487780065,10000,0.18910122464122961,0.5,0.094550612320614805,0.50770565030471781,0.039747772004435598,193,1,False,-0.65248993013138279,0.84159115477261237,0.85867298039940332,False,False,M1
2021-04-30,VMBS,6,2021-10-29,2021-10-29,20,-0.050811847371261099,0.032525996607259453,0.061342866433978495,11.513953993264458,0.049259492182524948,0.5,0.024629746091262474,0.4193159883121596,0.087274022188818287,131,1,False,-0.16296892690140621,0.21222841908393117,0.8290888059483309,False,False,M1
2021-04-30,VOO,6,2021-10-29,2021-10-29,20,-0.16404556163776507,0.17242463529064883,-0.024477549464257169,2.559547922699533,0.042229472075116563,0.5,0.021114736037558281,0.33878253622430499,0.030756115455678214,122,1,False,-0.14963653969890672,0.19186601177402329,0.71737818202279235,False,False,M1
2021-04-30,VWO,6,2021-10-29,2021-10-29,20,-0.026217110005611444,0.11868900164175483,-0.019892887103941964,10000,0.047405663234478791,0.5,0.023702831617239396,0.48562298398109027,0.016204235268241163,188,1,False,-0.21395271399359755,0.26135837722807637,0.71931577463188257,False,False,M1
2021-04-30,VXUS,6,2021-10-29,2021-10-29,20,-0.07960531638529289,0.12295732270804213,0.038343701193802988,10000,0.073672848765162016,0.5,0.036836424382581008,0.41753498951009538,0.073503879254120108,117,1,False,-0.22272908275577769,0.29640193152093969,0.84650009327329412,False,False,M1
2021-05-31,BND,6,2021-11-30,2021-11-30,20,-0.052798441731804258,0.12250046184128183,0.047419078025063309,11.513953993264458,0.082604081518099351,0.5,0.041302040759049675,0.46862486683996946,0.061519693390477984,164,1,False,-0.13347463866412607,0.2160787201822254,0.77644367754763421,False,False,M1
2021-05-31,DBC,6,2021-11-30,2021-11-30,20,-0.12018316221473324,0.15876404249145748,0.16487585469322713,10000,0.1622732683814638,0.5,0.081136634190731902,0.42582890734269563,0.066420605588466644,178,1,False,-0.16081344793543906,0.32308671631690283,0.84959512400840975,False,False,M1
2021-05-31,GLD,6,2021-11-30,2021-11-30,20,0.021335849391515116,0.087234201914274112,-0.0057846381800314064,10000,0.04177328874442103,0.5,0.020886644372210515,0.51127198400062468,0.022352411300580771,193,1,False,-0.20040523486422318,0.24217852360864423,0.71741023621329292,False,False,M1
2021-05-31,VDE,6,2021-11-30,2021-11-30,20,-0.13861578497514959,0.1845915923999,0.17219453993361344,10000,0.17849344638163767,0.5,0.089246723190818833,0.5080971033359688,0.038334709110466839,194,1,False,-0.46987088037432467,0.64836432675596234,0.83052001399928477,False,False,M1
2021-05-31,VMBS,6,2021-11-30,2021-11-30,20,-0.039536034677402521,0.13176868707936057,0.070463921005773075,11.513953993264458,0.096475495359273841,0.5,0.048237747679636921,0.42429938191555339,0.087968744945848068,132,1,False,-0.13597006303669687,0.23244555839597072,0.81331624194986685,False,False,M1
2021-05-31,VOO,6,2021-11-30,2021-11-30,20,-0.14376864012799218,0.24052083381269396,-0.043497278535468351,2.559547922699533,0.05268828823620373,0.5,0.026344144118101865,0.3386599748038725,0.030583107211760472,123,1,False,-0.14008912284097447,0.19277741107717822,0.71739165250347692,False,False,M1
2021-05-31,VWO,6,2021-11-30,2021-11-30,20,0.033367482582662311,0.11865459777681658,0.069005945803704755,10000,0.093118306902562634,0.5,0.046559153451281317,0.4856599351764152,0.016439637842016526,189,1,False,-0.18906649893178104,0.28218480583434369,0.71639776588080584,False,False,M1
2021-05-31,VXUS,6,2021-11-30,2021-11-30,20,0.0037559612924865649,0.12295448769461764,0.081597654918015405,10000,0.098756259347396194,0.5,0.049378129673698097,0.41489164612935053,0.073118254314013628,118,1,False,-0.21017325545991739,0.30892951480731357,0.81760616538285169,False,False,M1
2021-06-30,BND,6,2021-12-31,2021-12-31,20,0.074882733318036854,0.14205171204909406,0.071194780293049126,11.513953993264458,0.10453247198976817,0.5,0.052266235994884086,0.47049301840359381,0.06143586013829884,165,1,False,-0.11891140930762875,0.22344388129739692,0.77360947018591275,False,False,M1
2021-06-30,DBC,6,2021-12-31,2021-12-31,20,-0.016357335815575524,0.15885941637373724,0.19291192701314128,10000,0.17846475081729574,0.5,0.089232375408647868,0.42426170419070131,0.064565027156527247,179,1,False,-0.17248176464295611,0.35094651546025185,0.85883446826509802,False,False,M1
2021-06-30,GLD,6,2021-12-31,2021-12-31,20,0.051670734347884606,0.087169900811093173,0.02340196822430898,10000,0.056235569860713298,0.5,0.028117784930356649,0.51489205160791163,0.022711929455123424,194,1,False,-0.18400767783165692,0.24024324769237024,0.71296849858875133,False,False,M1
2021-06-30,VDE,6,2021-12-31,2021-12-31,20,0.056919402779478157,0.1846422885302853,0.29455475518242918,10000,0.23900851493002837,0.5,0.11950425746501418,0.50536797093450891,0.035553778260317657,195,1,False,-0.65348674399572004,0.89249525892574832,0.87018426982145969,False,False,M1
2021-06-30,VMBS,6,2021-12-31,2021-12-31,20,0.080167673131738226,0.15241821488476723,0.09404699233776323,11.513953993264458,0.11878027616439027,0.5,0.059390138082195135,0.42372393017313142,0.087582963883537521,133,1,False,-0.1204895533633762,0.23926982952776649,0.80628350604650445,False,False,M1
2021-06-30,VOO,6,2021-12-31,2021-12-31,20,-0.042899831016160794,0.24570104217918506,0.015539972630612169,2.559547922699533,0.092121556848222361,0.5,0.04606077842411118,0.33273039775064356,0.029346233143549651,124,1,False,-0.12035802600718271,0.21247958285540508,0.68104774824170367,False,False,M1
2021-06-30,VWO,6,2021-12-31,2021-12-31,20,0.15411733934054395,0.11856932747948852,0.12201365040242057,10000,0.12034175920699612,0.5,0.060170879603498061,0.48540489171126344,0.015985740074412419,190,1,False,-0.17304934804745967,0.29339110725445577,0.70627964612381577,False,False,M1
2021-06-30,VXUS,6,2021-12-31,2021-12-31,20,0.10103614573586928,0.12285965699378854,0.11764131082590053,10000,0.11978913109667694,0.5,0.059894565548338469,0.41159022450319249,0.071754381406543222,119,1,False,-0.19621395118090709,0.316003082277584,0.76462439909394198,False,False,M1
2021-07-30,BND,6,2022-01-31,2022-01-31,20,0.1939474005271028,0.222105974809716,0.20208207909149065,11.513953993264458,0.21151244722960305,0.5,0.10575622361480153,0.47095571565172994,0.061616017707341937,166,1,False,-0.063339550753831686,0.27485199798343474,0.74987946996163768,False,False,M1
2021-07-30,DBC,6,2022-01-31,2022-01-31,20,0.016234400305348728,0.15921693305711473,0.23244895145295741,10000,0.20137912820908596,0.5,0.10068956410454298,0.42426555930671001,0.063150312697646718,180,1,False,-0.19466039191818807,0.39603952012727406,0.86821896294335899,False,False,M1
2021-07-30,GLD,6,2022-01-31,2022-01-31,20,0.17789238507957428,0.087634613589102309,0.16137489155889295,10000,0.1234133407222498,0.5,0.061706670361124899,0.5148007558663521,0.023158634086364305,195,1,False,-0.14720101848581463,0.27061435920806443,0.68256416748769522,False,False,M1
2021-07-30,VDE,6,2022-01-31,2022-01-31,20,-0.1805630605226618,0.18505796994075729,0.27192920621475614,10000,0.22799303951411506,0.5,0.11399651975705753,0.50576195971314253,0.034334818688112438,196,1,False,-0.63303833388405018,0.86103137339816516,0.84497077382862118,False,False,M1
2021-07-30,VMBS,6,2022-01-31,2022-01-31,20,0.18522419688757563,0.22958127297073305,0.18736713973931476,11.513953993264458,0.20521982107846815,0.5,0.10260991053923407,0.42290768452557859,0.087664463502758957,134,1,False,-0.074130534046459223,0.27935035512492734,0.76130049246632836,False,False,M1
2021-07-30,VOO,6,2022-01-31,2022-01-31,20,0.14728959450624335,0.34105244334892493,0.045533576817961802,2.559547922699533,0.14328772483709626,0.5,0.071643862418548129,0.33078818001250093,0.028314737586117852,125,1,False,-0.092601831809111537,0.23588955664620781,0.6553499480142404,False,False,M1
2021-07-30,VWO,6,2022-01-31,2022-01-31,20,0.20225086807725978,0.11885444410435542,0.14613628711181936,10000,0.13285957481644614,0.5,0.06642978740822307,0.48665012447072925,0.016416346183355215,191,1,False,-0.15814193166261231,0.29100150647905848,0.70819266876717413,False,False,M1
2021-07-30,VXUS,6,2022-01-31,2022-01-31,20,0.20941146038178471,0.12312059532644447,0.13573218859335687,10000,0.13054450959913735,0.5,0.065272254799568677,0.41134207902421283,0.071204461742347652,120,1,False,-0.18996516564273119,0.32050967524186852,0.75233185556178062,False,False,M1
2021-08-31,BND,6,2022-02-28,2022-02-28,20,0.16776747104488987,0.18969443872602787,0.18956330064318686,11.513953993264458,0.18962519590342003,0.5,0.094812597951710015,0.47198539808010026,0.061967652749543266,167,1,False,-0.063488823419207835,0.25311401932262789,0.75800860898564582,False,False,M1
2021-08-31,DBC,6,2022-02-28,2022-02-28,20,-0.10372763803258778,0.15888442389778734,0.22427922061345251,10000,0.1966081537725802,0.5,0.098304076886290101,0.42313866286923979,0.062740418664973638,181,1,False,-0.19416064558969859,0.39076879936227882,0.85581453015331677,False,False,M1
2021-08-31,GLD,6,2022-02-28,2022-02-28,20,0.081298197063481181,0.087959163122747819,0.12706631327869503,10000,0.10687019073439458,0.5,0.053435095367197288,0.51643043442860381,0.023473178449621886,196,1,False,-0.15128368449215077,0.25815387522654532,0.69321488079255156,False,False,M1
2021-08-31,VDE,6,2022-02-28,2022-02-28,20,-0.29265733759991064,0.18441314232882902,0.23084503589157321,10000,0.20741051659123488,0.5,0.10370525829561744,0.5047073789629295,0.034557218742985465,197,1,False,-0.47910063655585117,0.686511153147086,0.83296549228071481,False,False,M1
2021-08-31,VMBS,6,2022-02-28,2022-02-28,20,0.15609253699567527,0.18918525446883694,0.17851528996877228,11.513953993264458,0.18306462053813047,0.5,0.091532310269065234,0.42636791990550871,0.088024245856798453,135,1,False,-0.083414427993780862,0.26647904853191134,0.77631254393561544,False,False,M1
2021-08-31,VOO,6,2022-02-28,2022-02-28,20,0.1398015444496935,0.26865150493283679,0.015431443913709885,2.559547922699533,0.098306822252671816,0.5,0.049153411126335908,0.32728598992282038,0.027650530613467211,126,1,False,-0.1092733332463547,0.20758015549902653,0.66595875744432187,False,False,M1
2021-08-31,VWO,6,2022-02-28,2022-02-28,20,0.16063163879465336,0.11846367058654367,0.05979285573454006,10000,0.088553436556780121,0.5,0.044276718278390061,0.49020251201194781,0.017112174854384807,192,1,False,-0.17801494928838524,0.26656838584516535,0.7155265982353235,False,False,M1
2021-08-31,VXUS,6,2022-02-28,2022-02-28,20,0.17356305478748291,0.12273515924115509,0.091924183390481154,10000,0.10470343863632049,0.5,0.052351719318160246,0.41476308013658075,0.071126348655815685,121,1,False,-0.20288423486308854,0.30758767349940902,0.79439671699782644,False,False,M1
2021-09-30,BND,6,2022-03-31,2022-03-31,21,0.36955292915676419,0.14507177444816988,0.18490063018060521,11.513953993264458,0.16609912808537003,0.5,0.083049564042685015,0.472057299901886,0.061238335111352023,168,1,False,-0.065405854488753773,0.2315049825741238,0.76420849575652383,False,False,M1
2021-09-30,DBC,6,2022-03-31,2022-03-31,21,-0.067594157321755333,0.16370801145371774,0.24146962821734652,109.85411419875572,0.20870732333833947,0.5,0.10435366166916973,0.42131717732405577,0.061161640158996153,182,1,False,-0.17630652932289739,0.38501385266123689,0.85958085369078308,False,False,M1
2021-09-30,GLD,6,2022-03-31,2022-03-31,21,0.17901948647572485,0.10308824716223586,0.089135648346325966,35.564803062231285,0.096301599160516421,0.5,0.048150799580258211,0.51359255065939813,0.023134251759007754,197,1,False,-0.15530733059508262,0.25160892975559901,0.69273183333913613,False,False,M1
2021-09-30,VDE,6,2022-03-31,2022-03-31,21,-0.27189938836579852,0.15842578668261609,0.32654887499484125,719.68567300115137,0.24190861832792837,0.5,0.12095430916396419,0.50344219533801093,0.033943554255261174,198,1,False,-0.43549831891742974,0.67740693724535817,0.84309573885647726,False,False,M1
2021-09-30,VMBS,6,2022-03-31,2022-03-31,21,0.36119496559785347,0.15226767919386888,0.21279897248428553,11.513953993264458,0.18690664488066269,0.5,0.093453322440331346,0.42775110519110843,0.087078953507340476,136,1,False,-0.080736578599696782,0.26764322348035946,0.77257281042462167,False,False,M1
2021-09-30,VOO,6,2022-03-31,2022-03-31,21,0.2692353190250858,0.12302275678342746,0.041180361754572292,5.4286754393238592,0.067288509990013623,0.5,0.033644254995006811,0.31900518339225509,0.026130201360628838,127,1,False,-0.12105906640369202,0.18834757639370564,0.6559348737756977,False,False,M1
2021-09-30,VWO,6,2022-03-31,2022-03-31,21,0.36960454563888423,0.10333550551369861,0.081316385294649032,75.431200633546069,0.092039428232963572,0.5,0.046019714116481786,0.48698780113102025,0.016911044732460502,193,1,False,-0.17299446413888353,0.2650338923718471,0.70975408151620722,False,False,M1
2021-09-30,VXUS,6,2022-03-31,2022-03-31,21,0.35568065435294616,0.12923142222175144,0.021538535807143492,35.564803062231285,0.065355256899438691,0.5,0.032677628449719345,0.40686736655571437,0.069911189637324303,122,1,False,-0.20111821299360455,0.26647346989304321,0.81156142172778245,False,False,M1
2021-10-29,BND,6,2022-04-29,2022-04-29,21,0.24726646313054612,0.1657306060174748,0.19557143035816488,11.513953993264458,0.18142948794717909,0.5,0.090714743973589543,0.47391259200913638,0.060479872716186357,169,1,False,-0.054265449609711261,0.23569493755689036,0.75889102469974867,False,False,M1
2021-10-29,DBC,6,2022-04-29,2022-04-29,21,-0.1390002428379411,0.1606318752079417,0.23764747010853812,109.85411419875572,0.20494208687710078,0.5,0.10247104343855039,0.42465923003840933,0.059470851558478352,183,1,False,-0.19915468256070984,0.40409676943781064,0.8372798485114662,False,False,M1
2021-10-29,GLD,6,2022-04-29,2022-04-29,21,0.08889495886021459,0.13669360086086862,0.09786568772482146,35.564803062231285,0.11766692316949832,0.5,0.058833461584749162,0.50997423877240822,0.022703486341538459,198,1,False,-0.14175619443259091,0.25942311760208925,0.67742608206975241,False,False,M1
2021-10-29,VDE,6,2022-04-29,2022-04-29,21,-0.17101420775826059,0.15580856474313809,0.33181539491024276,719.68567300115137,0.24318515721865644,0.5,0.12159257860932822,0.50356135388290824,0.032409329649105381,199,1,False,-0.29750745850504251,0.54069261572369898,0.82480722566864706,False,False,M1
2021-10-29,VMBS,6,2022-04-29,2022-04-29,21,0.23611921612710807,0.16834935188822103,0.22044626454381,11.513953993264458,0.19803980692177417,0.5,0.099019903460887085,0.4300918515107453,0.086072451311146297,137,1,False,-0.068598895627863379,0.26663870254963756,0.76585972883881281,False,False,M1
2021-10-29,VOO,6,2022-04-29,2022-04-29,21,0.24715047056351536,0.11340350066502665,0.038561042322442368,5.4286754393238592,0.061974021529339611,0.5,0.030987010764669806,0.31283017321166201,0.024644453212203887,128,1,False,-0.13543369312303791,0.19740771465237753,0.644161228544743,False,False,M1
2021-10-29,VWO,6,2022-04-29,2022-04-29,21,0.28211493293654444,0.10897196626345229,0.069751109760494936,75.431200633546069,0.088684953989334805,0.5,0.044342476994667403,0.48274938175845805,0.016688734656491056,194,1,False,-0.17243585608041542,0.26112081006975024,0.70443521479429427,False,False,M1
2021-10-29,VXUS,6,2022-04-29,2022-04-29,21,0.2778257098054433,0.13157171415376179,0.012494927252007126,35.564803062231285,0.060537293662648047,0.5,0.030268646831324023,0.40345702685342599,0.068695608287546936,123,1,False,-0.1971134953441768,0.25765078900682487,0.79878182415765653,False,False,M1
2021-11-30,BND,6,2022-05-31,2022-05-31,21,0.37785400790999668,0.23101041845284642,0.20495170972558982,11.513953993264458,0.21722527439823747,0.5,0.10861263719911873,0.47099665609331975,0.059813529690021704,170,1,False,-0.025326010036152563,0.24255128443439003,0.74928393669331961,False,False,M1
2021-11-30,DBC,6,2022-05-31,2022-05-31,21,-0.15432091188845543,0.17828091497260429,0.23262142371504091,109.85411419875572,0.20947210737640076,0.5,0.10473605368820038,0.4260047775475086,0.058494471048841333,184,1,False,-0.19426930593532976,0.40374141331173052,0.82510117961996954,False,False,M1
2021-11-30,GLD,6,2022-05-31,2022-05-31,21,0.25754690221298748,0.17677443871410931,0.093237401551263047,35.564803062231285,0.13575865714852611,0.5,0.067879328574263056,0.50901081773312762,0.022696613794050909,199,1,False,-0.13080125378823093,0.26655991093675702,0.67112133246942129,False,False,M1
2021-11-30,VDE,6,2022-05-31,2022-05-31,21,-0.31732852918035936,0.16008843638491554,0.33188172466629257,719.68567300115137,0.2454291712936631,0.5,0.12271458564683155,0.50323591938603829,0.031554204075984103,200,1,False,-0.26566744811585108,0.51109661940951412,0.80911005516666068,False,False,M1
2021-11-30,VMBS,6,2022-05-31,2022-05-31,21,0.36276211585067952,0.23483214681175091,0.24808381203616986,11.513953993264458,0.24241387743426418,0.5,0.12120693871713209,0.42786581956942882,0.085162244890939431,138,1,False,-0.03920235639243011,0.28161623382669432,0.75143822095831203,False,False,M1
2021-11-30,VOO,6,2022-05-31,2022-05-31,21,0.38275914392891164,0.19090221356042858,0.048482892797179863,5.4286754393238592,0.091548303504680031,0.5,0.045774151752340016,0.30238460959303481,0.023338925356853533,129,1,False,-0.1320978655771694,0.22364616908184942,0.64249075593399452,False,False,M1
2021-11-30,VWO,6,2022-05-31,2022-05-31,21,0.40473594879714203,0.13605541050254713,0.082701111520966805,75.431200633546069,0.108379453003491,0.5,0.0541897265017455,0.48127970890198007,0.016774266697138086,195,1,False,-0.15622582957341669,0.26460528257690769,0.70629669180153831,False,False,M1
2021-11-30,VXUS,6,2022-05-31,2022-05-31,21,0.37124594416806034,0.17180487401869138,0.038246425998998565,35.564803062231285,0.091948952601568129,0.5,0.045974476300784065,0.40209007665805824,0.068171901456941617,124,1,False,-0.16918988262290385,0.26113883522447201,0.77137485887238899,False,False,M1
2021-12-31,BND,6,2022-06-30,2022-06-30,21,0.24066851720955063,0.2148053727445384,0.21389601611858591,11.513953993264458,0.21432192937505207,0.5,0.10716096468752603,0.46836768360273973,0.059901653687846355,171,1,False,-0.024931148537172182,0.23925307791222425,0.75254750397392278,False,False,M1
2021-12-31,DBC,6,2022-06-30,2022-06-30,21,-0.2009736594648921,0.16273073011575967,0.17163925838643257,109.85411419875572,0.16782896004852466,0.5,0.083914480024262328,0.42771355965176533,0.058089866687412048,185,1,False,-0.21143955806029796,0.37926851810882262,0.77877503587733043,False,False,M1
2021-12-31,GLD,6,2022-06-30,2022-06-30,21,0.13712776225238299,0.1751247714988759,0.049962762698223577,35.564803062231285,0.11364791160610831,0.5,0.056823955803054153,0.50882172248703006,0.022841484396820072,200,1,False,-0.13772850009861323,0.25137641170472153,0.68398229918961717,False,False,M1
2021-12-31,VDE,6,2022-06-30,2022-06-30,21,-0.17426025034944725,0.15597858243177756,0.27330580259052073,719.68567300115137,0.21398153207428539,0.5,0.10699076603714269,0.50563092209949145,0.031680399094409444,201,1,False,-0.27467425358973668,0.48865578566402207,0.79287662403898684,False,False,M1
2021-12-31,VMBS,6,2022-06-30,2022-06-30,21,0.22884416193716572,0.21662179072555388,0.25491104233509815,11.513953993264458,0.23863471107837678,0.5,0.11931735553918839,0.42508878007592643,0.085126312720009922,139,1,False,-0.027851292939494912,0.2664860040178717,0.7548790530085645,False,False,M1
2021-12-31,VOO,6,2022-06-30,2022-06-30,21,0.30466523709830351,0.14833433948669217,0.0061195593560258816,5.4286754393238592,0.047923767018327665,0.5,0.023961883509163832,0.29395121677150765,0.022829396461676497,130,1,False,-0.1538888834691787,0.20181265048750638,0.62073795562090928,False,False,M1
2021-12-31,VWO,6,2022-06-30,2022-06-30,21,0.27026079624900867,0.11191652614118798,0.0444834223896921,75.431200633546069,0.076933079714916738,0.5,0.038466539857458369,0.48121257246007754,0.017474996659604447,196,1,False,-0.1708252880582205,0.24775836777313726,0.70963627854880651,False,False,M1
2021-12-31,VXUS,6,2022-06-30,2022-06-30,21,0.29595459652258849,0.14862733013490451,0.014893795367014167,35.564803062231285,0.068655046641581327,0.5,0.034327523320790664,0.40200276892311182,0.06843481541117305,125,1,False,-0.18078846483644323,0.24944351147802457,0.79930397287975685,False,False,M1
2022-01-31,BND,6,2022-07-29,2022-07-29,21,0.12362534706739425,0.26529886252084406,0.082624037601019704,11.513953993264458,0.16803572650549406,0.5,0.08401786325274703,0.46756135631694939,0.060680989425283889,172,1,False,-0.044090870023848053,0.21212659652934213,0.76064949907530754,False,False,M1
2022-01-31,DBC,6,2022-07-29,2022-07-29,21,-0.10862788299161164,0.16896913957371867,0.10882427462193636,109.85411419875572,0.13471052577713699,0.5,0.067355262888568496,0.43039835862884468,0.057864837298261175,186,1,False,-0.22511367515718636,0.35982420093432332,0.75725894558311735,False,False,M1
2022-01-31,GLD,6,2022-07-29,2022-07-29,21,0.07808103371751407,0.21659612121682914,0.061166468450712497,35.564803062231285,0.13997193729563506,0.5,0.069985968647817531,0.50701695231543376,0.023612881912654666,201,1,False,-0.12305293285593294,0.263024870151568,0.67535902132059011,False,False,M1
2022-01-31,VDE,6,2022-07-29,2022-07-29,21,-0.17279877443972547,0.16058537165782799,0.19996171307750221,719.68567300115137,0.1799817336551868,0.5,0.089990866827593399,0.50741076245170202,0.030629688898285327,202,1,False,-0.27516161034426556,0.45514334399945233,0.74866926719019444,False,False,M1
2022-01-31,VMBS,6,2022-07-29,2022-07-29,21,0.10581291439706675,0.26306934806240528,0.10863657143344338,11.513953993264458,0.17396686668096403,0.5,0.086983433340482016,0.42303387061726111,0.085841297606921108,140,1,False,-0.047614135312967695,0.22158100199393171,0.76977281699236255,False,False,M1
2022-01-31,VOO,6,2022-07-29,2022-07-29,21,0.1208982298563378,0.18511374433910827,0.040972437713852235,5.4286754393238592,0.083131590550427098,0.5,0.041565795275213549,0.29248488045263671,0.023779474309344947,131,1,False,-0.12992528048660773,0.2130568710370348,0.63603634875569925,False,False,M1
2022-01-31,VWO,6,2022-07-29,2022-07-29,21,0.19279751118898303,0.13935624601782315,0.06979580234057868,75.431200633546069,0.10321650215494269,0.5,0.051608251077471343,0.4804555297179196,0.018412945245480872,197,1,False,-0.14242708352717831,0.24564358568212102,0.71218085518696772,False,False,M1
2022-01-31,VXUS,6,2022-07-29,2022-07-29,21,0.16599438138675138,0.16749017865777233,0.02921620454642793,35.564803062231285,0.084829833160005932,0.5,0.042414916580002966,0.40219881558329573,0.06955367767284458,126,1,False,-0.16585148826744073,0.25068132142744665,0.78729234341260013,False,False,M1
2022-02-28,BND,6,2022-08-31,2022-08-31,21,0.23350403302496225,0.25643482181946714,0.07454852298254909,11.513953993264458,0.15960152127633828,0.5,0.079800760638169141,0.46761630115992936,0.06129998642886543,173,1,False,-0.041125375873248146,0.20072689714958641,0.76518231149571914,False,False,M1
2022-02-28,DBC,6,2022-08-31,2022-08-31,21,0.034460976414263378,0.17622091625254738,0.068945277044305031,109.85411419875572,0.11542134068551584,0.5,0.057710670342757918,0.4332396803620247,0.057000706414138985,187,1,False,-0.23071588150439262,0.34613722218990844,0.73126837094251862,False,False,M1
2022-02-28,GLD,6,2022-08-31,2022-08-31,21,0.2528732447920875,0.21631904316462947,0.031622251887558211,35.564803062231285,0.12543934868647066,0.5,0.062719674343235332,0.50795195818087369,0.023898452779737962,202,1,False,-0.12406455848662409,0.24950390717309476,0.68525898551862985,False,False,M1
2022-02-28,VDE,6,2022-08-31,2022-08-31,21,-0.077702613546104082,0.15962139801476363,0.078805069318879456,719.68567300115137,0.11987891560063579,0.5,0.059939457800317897,0.50823697320276995,0.029037141969722784,203,1,False,-0.4397105001792293,0.5595894157798651,0.69187979675001787,False,False,M1
2022-02-28,VMBS,6,2022-08-31,2022-08-31,21,0.22340924638991755,0.25380746179959529,0.068246954078877056,11.513953993264458,0.14668279581936883,0.5,0.073341397909684414,0.42269684807363911,0.086339533347266892,141,1,False,-0.056646493548720062,0.20332928936808889,0.77635661686332103,False,False,M1
2022-02-28,VOO,6,2022-08-31,2022-08-31,21,0.23651338128946287,0.19604213704680262,0.074226519476990369,5.4286754393238592,0.11017048463527998,0.5,0.05508524231763999,0.29506861168840032,0.024658429386165769,132,1,False,-0.11417513004082512,0.22434561467610509,0.65194462799783892,False,False,M1
2022-02-28,VWO,6,2022-08-31,2022-08-31,21,0.29667533217521846,0.14913521839167085,0.064787395457067506,75.431200633546069,0.10547125085477409,0.5,0.052735625427387044,0.48233438614354812,0.019131221475527194,198,1,False,-0.13898088556672933,0.24445213642150343,0.71460374963807471,False,False,M1
2022-02-28,VXUS,6,2022-08-31,2022-08-31,21,0.30411472968168052,0.18741225350105117,0.073482375696475311,35.564803062231285,0.11960718690776635,0.5,0.059803593453883176,0.40485263479707251,0.070372649146188182,127,1,False,-0.13719481495773511,0.25680200186550145,0.75453625828731707,False,False,M1
2022-03-31,BND,6,2022-09-30,2022-09-30,22,0.080429977086604043,0.14550805038173406,-0.0092337781190950357,339.32217718953228,0.062953782671143807,0.5,0.031476891335571903,0.4665032169362795,0.063071555065232668,174,1,False,-0.1059878971569603,0.16894167982810412,0.76621447583238778,False,False,M1
2022-03-31,DBC,6,2022-09-30,2022-09-30,22,0.11742465654158951,0.38468598954477917,0.1052431434551122,7.9060432109076855,0.22714593434645672,0.5,0.11357296717322836,0.43623514646078526,0.05633796777724593,188,1,False,-0.15900445662995377,0.38615039097641046,0.78056960837486722,False,False,M1
2022-03-31,GLD,6,2022-09-30,2022-09-30,22,0.14969890921863782,0.1282791902806589,0.010650241731122632,339.32217718953228,0.070435821266882359,0.5,0.03521791063344118,0.50825566557353552,0.024662595802870908,203,1,False,-0.14515333765614127,0.21558915892302363,0.71159492704193184,False,False,M1
2022-03-31,VDE,6,2022-09-30,2022-09-30,22,0.058413502200869494,0.51830385720987304,-0.063900069460113881,11.513953993264458,0.23392356466703143,0.5,0.11696178233351572,0.51154521720696311,0.027561962899450627,204,1,False,-0.3020058313535684,0.53592939602059986,0.74782893658823502,False,False,M1
2022-03-31,VMBS,6,2022-09-30,2022-09-30,22,0.077848987353601684,0.15716856623123582,0.034282046530426775,232.99518105153672,0.086017085114602571,0.5,0.043008542557301285,0.42099848470063878,0.088275134982834402,142,1,False,-0.11736522476379686,0.20338230987839945,0.78302521418176518,False,False,M1
2022-03-31,VOO,6,2022-09-30,2022-09-30,22,0.20224326847377183,0.16384310293359797,0.058008432509184617,35.564803062231285,0.090101427625112085,0.5,0.045050713812556042,0.30323706765684261,0.026497353368413287,133,1,False,-0.13836027912551271,0.2284617067506248,0.65007514326659832,False,False,M1
2022-03-31,VWO,6,2022-09-30,2022-09-30,22,0.18956913382150131,0.16769567406284425,0.062593347106467481,75.431200633546069,0.11338834609883477,0.5,0.056694173049417387,0.48329090766420418,0.020892393958760143,199,1,False,-0.16008442906629144,0.27347277516512625,0.71715395970441698,False,False,M1
2022-03-31,VXUS,6,2022-09-30,2022-09-30,22,0.22002496042003639,0.21195661282657441,0.042141011278342452,35.564803062231285,0.11249943256117764,0.5,0.056249716280588821,0.41432248062821014,0.072601617936865953,128,1,False,-0.17113720301342511,0.28363663557460278,0.76583548542472035,False,False,M1
2022-04-29,BND,6,2022-10-31,2022-10-31,22,0.27274110875503144,0.14595062665319131,0.12412340466850612,339.32217718953228,0.13428280344829308,0.5,0.067141401724146538,0.46544625728895717,0.064124097397034466,175,1,False,-0.099923313345832904,0.23420611679412598,0.77149853713428074,False,False,M1
2022-04-29,DBC,6,2022-10-31,2022-10-31,22,0.29114759156461911,0.55233966216055985,0.20639835607104454,7.9060432109076855,0.35838571933224489,0.5,0.17919285966612244,0.43934436445086528,0.055304432271345468,189,1,False,-0.08479409062328544,0.4431798099555303,0.80659473772310264,False,False,M1
2022-04-29,GLD,6,2022-10-31,2022-10-31,22,0.34439410207479515,0.12575586026657426,0.12501598719272777,339.32217718953228,0.12539133389534074,0.5,0.06269566694767037,0.50731228893299185,0.024977460327661807,204,1,False,-0.1163061209696139,0.24169745486495464,0.69156351726862819,False,False,M1
2022-04-29,VDE,6,2022-10-31,2022-10-31,22,-0.0028211863608795795,0.77480775661481371,0.10564378365522398,11.513953993264458,0.45021962135002552,0.5,0.22510981067501276,0.51493483154929232,0.026593298652339843,205,1,False,-0.17216093613453623,0.62238055748456178,0.8206470733380965,False,False,M1
2022-04-29,VMBS,6,2022-10-31,2022-10-31,22,0.27455430811768866,0.15899670966071727,0.14827907409781346,232.99518105153672,0.15276604355958742,0.5,0.076383021779793711,0.41865292353328243,0.089309009676150991,143,1,False,-0.070669204983399028,0.22343524854298646,0.7833292910426608,False,False,M1
2022-04-29,VOO,6,2022-10-31,2022-10-31,22,0.25859022462107406,0.19554515344852699,0.094011927971004619,35.564803062231285,0.12553624179804027,0.5,0.062768120899020133,0.31048273783062841,0.028144018422108081,134,1,False,-0.12367412041291907,0.24921036221095932,0.66765634561317544,False,False,M1
2022-04-29,VWO,6,2022-10-31,2022-10-31,22,0.37403251950121486,0.18386523032437097,0.13581800803175639,75.431200633546069,0.15910400101280597,0.5,0.079552000506402987,0.48464805809656364,0.022198506653649076,200,1,False,-0.1551896514069164,0.3142936524197224,0.72055457941993517,False,False,M1
2022-04-29,VXUS,6,2022-10-31,2022-10-31,22,0.34102481281661656,0.24640033901838365,0.098496040949915625,35.564803062231285,0.16109074867055942,0.5,0.08054537433527971,0.42321087715562788,0.074192502369955712,129,1,False,-0.17468901307508788,0.33577976174564728,0.70992396829436333,False,False,M1
2022-05-31,BND,6,2022-11-30,2022-11-30,22,0.14253194053198359,0.15219612045795711,-0.005961886032852211,339.32217718953228,0.067893514396448737,0.5,0.033946757198224368,0.46697225178791529,0.065906653706767196,176,1,False,-0.1486748239635716,0.21656833836002035,0.76937806504755901,False,False,M1
2022-05-31,DBC,6,2022-11-30,2022-11-30,22,0.24139022119554365,0.50357420528299313,0.15117295216246812,7.9060432109076855,0.30687666837054905,0.5,0.15343833418527453,0.44183644305835817,0.054201140986293889,190,1,False,-0.10802123174907646,0.41489790011962552,0.75942855618913574,False,False,M1
2022-05-31,GLD,6,2022-11-30,2022-11-30,22,0.15089637063745565,0.13459433395242698,0.050466017097058183,339.32217718953228,0.093309470594604746,0.5,0.046654735297302373,0.50926317200903848,0.026111945410029255,205,1,False,-0.14637287631424775,0.23968234690885251,0.70779789668256021,False,False,M1
2022-05-31,VDE,6,2022-11-30,2022-11-30,22,0.026834844076990549,0.7549977037391713,-0.030165717100132935,11.513953993264458,0.37656404699123647,0.5,0.18828202349561823,0.51801924707163971,0.024923775216258777,206,1,False,-0.55873577841258992,0.9352998254038265,0.76759785897198707,False,False,M1
2022-05-31,VMBS,6,2022-11-30,2022-11-30,22,0.14458317422101219,0.16786059202462328,0.017920050925410297,232.99518105153672,0.080743608153982419,0.5,0.040371804076991209,0.41898979934321356,0.091207989580140758,144,1,False,-0.13455249879730821,0.21529610695129062,0.78511428658504934,False,False,M1
2022-05-31,VOO,6,2022-11-30,2022-11-30,22,0.1185537787843659,0.20124903945575429,0.086913276330428973,35.564803062231285,0.12379443706399321,0.5,0.061897218531996603,0.32256889467854588,0.030770797129565885,135,1,False,-0.1439610428889152,0.26775547995290844,0.67361789753089651,False,False,M1
2022-05-31,VWO,6,2022-11-30,2022-11-30,22,0.17540293384026806,0.1872233841455116,0.10943010232754838,75.431200633546069,0.14727432295029935,0.5,0.073637161475149676,0.48647157875800495,0.024101678007596807,201,1,False,-0.17387230575613996,0.32114662870643929,0.72327246629227493,False,False,M1
2022-05-31,VXUS,6,2022-11-30,2022-11-30,22,0.15054919529523936,0.25160123097832893,0.047611368770883997,35.564803062231285,0.13593746462093906,0.5,0.067968732310469529,0.43299257568120197,0.076477528845325743,130,1,False,-0.21169357676203299,0.34763104138297202,0.74521961140315374,False,False,M1
2022-06-30,BND,6,2022-12-30,2022-12-30,22,0.14548155724252676,0.16242742562416246,0.044905526212450426,339.32217718953228,0.099797767927925718,0.5,0.049898883963962859,0.46708096099751112,0.066894008867799878,177,1,False,-0.1273994078151178,0.22719717574304352,0.77441972992398578,False,False,M1
2022-06-30,DBC,6,2022-12-30,2022-12-30,22,0.22497266429397245,0.58366148020060282,0.10779512809733388,7.9060432109076855,0.31866588869733237,0.5,0.15933294434866618,0.44313021853294837,0.052865147266654172,191,1,False,-0.12906940845177212,0.44773529714910448,0.74190458139315985,False,False,M1
2022-06-30,GLD,6,2022-12-30,2022-12-30,22,0.12283868775932105,0.14593849390989477,0.079802866559493507,339.32217718953228,0.1135588486514568,0.5,0.056779424325728398,0.51040541149049068,0.026650857142273689,206,1,False,-0.13351614908609744,0.2470749977375542,0.70274293430646251,False,False,M1
2022-06-30,VDE,6,2022-12-30,2022-12-30,22,-0.12704454027565792,0.86763980056806267,-0.13724027028930494,11.513953993264458,0.38534114449890289,0.5,0.19267057224945144,0.5200435653404285,0.023961533546859225,207,1,False,-0.38992149080092903,0.77526263529983197,0.75036583380732824,False,False,M1
2022-06-30,VMBS,6,2022-12-30,2022-12-30,22,0.14478157914132239,0.18171670816430319,0.08587201371944074,232.99518105153672,0.12611262429982106,0.5,0.063056312149910532,0.41985224965717782,0.092157204561913342,145,1,False,-0.11112931121871569,0.23724193551853676,0.78902335098335175,False,False,M1
2022-06-30,VOO,6,2022-12-30,2022-12-30,22,0.13147869994412997,0.247558692033503,0.10776403283603828,35.564803062231285,0.15439077060069856,0.5,0.077195385300349278,0.33353733277319569,0.03278472683521836,136,1,False,-0.16626914997578737,0.32065992057648596,0.68787561132713493,False,False,M1
2022-06-30,VWO,6,2022-12-30,2022-12-30,22,0.16890755144078828,0.21303570250949144,0.14515934895147883,75.431200633546069,0.17832169850275539,0.5,0.089160849251377697,0.48856999253699362,0.02532028750384142,202,1,False,-0.15007693885542039,0.32839863735817582,0.72639366645822978,False,False,M1
2022-06-30,VXUS,6,2022-12-30,2022-12-30,22,0.11676419360476409,0.29282012540380775,0.085667089912965538,35.564803062231285,0.17721077318223885,0.5,0.088605386591119425,0.44191330845026533,0.078152926308510964,131,1,False,-0.17781954515417298,0.35503031833641185,0.69372484181723348,False,False,M1
2022-07-29,BND,6,2023-01-31,2023-01-31,22,0.19956313726860675,0.16208326782979451,0.0099095455195147408,339.32217718953228,0.080400693956180866,0.5,0.040200346978090433,0.46322812747483305,0.06721272425094367,178,1,False,-0.1309176615431594,0.21131835549934028,0.77400567172538404,False,False,M1
2022-07-29,DBC,6,2023-01-31,2023-01-31,22,0.22146587965620346,0.57698424805733795,0.16994909385176329,7.9060432109076855,0.3499988353851396,0.5,0.1749994176925698,0.44234445028411845,0.052024037734059038,192,1,False,-0.1103794523727297,0.46037828775786926,0.73461447875539343,False,False,M1
2022-07-29,GLD,6,2023-01-31,2023-01-31,22,0.083686291880335384,0.14397024673459938,0.092582604570922836,339.32217718953228,0.11866103220708731,0.5,0.059330516103543653,0.50748441722819626,0.026899312101574365,207,1,False,-0.12264760871992589,0.24130864092701318,0.70410447420357203,False,False,M1
2022-07-29,VDE,6,2023-01-31,2023-01-31,22,-0.0013021456999602332,0.98294849226510117,-0.013299332589142281,11.513953993264458,0.5052784170329222,0.5,0.2526392085164611,0.5205308726249267,0.023015570527692951,208,1,False,-0.24694041615684537,0.75221883318976757,0.7696312363212332,False,False,M1
2022-07-29,VMBS,6,2023-01-31,2023-01-31,22,0.2038393833772163,0.18231694945475416,0.051056683953073813,232.99518105153672,0.10523163463381298,0.5,0.052615817316906489,0.41272924806056899,0.092250736821058235,146,1,False,-0.10772611341452895,0.21295774804834192,0.7896764200377262,False,False,M1
2022-07-29,VOO,6,2023-01-31,2023-01-31,22,0.18252519931427924,0.25181291110408938,0.070666944724771183,35.564803062231285,0.13144160315769937,0.5,0.065720801578849686,0.33550103073046933,0.03342789109084697,137,1,False,-0.17047183915381275,0.30191344231151213,0.68578090322033558,False,False,M1
2022-07-29,VWO,6,2023-01-31,2023-01-31,22,0.10707975139504677,0.20640479137332568,0.056679138038775417,75.431200633546069,0.13013870280503131,0.5,0.065069351402515657,0.49062777907614963,0.026145298457955417,203,1,False,-0.17288576060607652,0.30302446341110784,0.72737168828281606,False,False,M1
2022-07-29,VXUS,6,2023-01-31,2023-01-31,22,0.10038593213249425,0.29569481605130771,0.053311163681651348,35.564803062231285,0.16232134452842162,0.5,0.081160672264210809,0.44974229813370487,0.07881839187728551,132,1,False,-0.1808627164711909,0.34318406099961252,0.71692003052068964,False,False,M1
2022-08-31,BND,6,2023-02-28,2023-02-28,22,0.16515431248733936,0.14382700421682654,0.0083413487151571108,339.32217718953228,0.071883568297501546,0.5,0.035941784148750773,0.4689959195094382,0.068141725975938178,179,1,False,-0.13313576965365684,0.20501933795115837,0.77453574525057156,False,False,M1
2022-08-31,DBC,6,2023-02-28,2023-02-28,22,0.2407093895147564,0.52417860756072554,0.16253923577857882,7.9060432109076855,0.32164786957050356,0.5,0.16082393478525178,0.43996491036869884,0.051933037416339888,193,1,False,-0.11175665486846284,0.43340452443896638,0.73327364506829351,False,False,M1
2022-08-31,GLD,6,2023-02-28,2023-02-28,22,0.094139601282954066,0.12478368906112275,0.065504689170836267,339.32217718953228,0.095843122690785459,0.5,0.04792156134539273,0.51179057636092973,0.027985725239509526,208,1,False,-0.14658437362154614,0.24242749631233157,0.71512167914202018,False,False,M1
2022-08-31,VDE,6,2023-02-28,2023-02-28,22,0.10147948184372102,0.85283068558110287,-0.1199152518422056,11.513953993264458,0.38477032375196613,0.5,0.19238516187598306,0.51882568323135381,0.022533665340736989,209,1,False,-0.24984598744093803,0.63461631119290418,0.72612692974197046,False,False,M1
2022-08-31,VMBS,6,2023-02-28,2023-02-28,22,0.16863907369219044,0.15741866553855066,0.03205790239993634,232.99518105153672,0.084679717532452348,0.5,0.042339858766226174,0.41976304080353138,0.093142971580030057,147,1,False,-0.11068948916964846,0.19536920670210081,0.79012544284550379,False,False,M1
2022-08-31,VOO,6,2023-02-28,2023-02-28,22,0.14823766989845233,0.20502297813555753,0.086383841636900827,35.564803062231285,0.12708252274642953,0.5,0.063541261373214766,0.3430459990745931,0.03489952507779346,138,1,False,-0.1714479077835081,0.29853043052993766,0.69140237943379224,False,False,M1
2022-08-31,VWO,6,2023-02-28,2023-02-28,22,0.16219633168022052,0.17952557218249726,0.068020423195876645,75.431200633546069,0.1230067323612874,0.5,0.061503366180643698,0.49312798256525797,0.027471426074216508,204,1,False,-0.19841770395703809,0.32142443631832551,0.72958702959132959,False,False,M1
2022-08-31,VXUS,6,2023-02-28,2023-02-28,22,0.082382651046722266,0.2540288182642817,0.049448090573484996,35.564803062231285,0.14290097239528518,0.5,0.07145048619764259,0.45680198167563885,0.080512349304386222,133,1,False,-0.18777413346772165,0.33067510586300686,0.74653646988902689,False,False,M1
2022-09-30,BND,6,2023-03-31,2023-03-31,23,0.1836432495137712,0.12758388428155285,0.18797112734798241,3237.4575428176399,0.15957843672478111,0.5,0.079789218362390557,0.47017696423013849,0.068209994037664104,180,1,False,-0.087268172589340276,0.24684660931412139,0.78907167538958278,False,False,M1
2022-09-30,DBC,6,2023-03-31,2023-03-31,23,0.23422103897102187,0.61191496385860489,0.094971256929536466,0.82864277285468424,0.31941491876450634,0.5,0.15970745938225317,0.43417428015187454,0.052270623081933955,194,1,False,-0.10428062562798168,0.42369554439248802,0.74616227314456152,False,False,M1
2022-09-30,GLD,6,2023-03-31,2023-03-31,23,0.048469926127491458,0.097927282641239913,0.10612903758332722,10000,0.10190918120410668,0.5,0.050954590602053339,0.51450651830211847,0.028568084971467077,209,1,False,-0.14206241020855662,0.24397159141266331,0.71523036067786749,False,False,M1
2022-09-30,VDE,6,2023-03-31,2023-03-31,23,0.084561576633281232,1.0199857513603026,-0.09476996404763538,2.559547922699533,0.47622106915707985,0.5,0.23811053457853992,0.51221180148492407,0.022704521706737618,210,1,False,-0.15927173953623947,0.63549280869331937,0.76437905954515617,False,False,M1
2022-09-30,VMBS,6,2023-03-31,2023-03-31,23,0.18564353771525988,0.13334568839455971,0.20644626323572063,3237.4575428176399,0.17585502629650077,0.5,0.087927513148250383,0.41848148261065105,0.093039633848770412,148,1,False,-0.056135715438900266,0.23199074173540102,0.80086976675307042,False,False,M1
2022-09-30,VOO,6,2023-03-31,2023-03-31,23,0.077429070420003798,0.33878305366878003,0.068520789021707856,5.4286754393238592,0.16299564902126273,0.5,0.081497824510631367,0.34956733646455196,0.036103436900786108,139,1,False,-0.15349045670844905,0.31648610572971181,0.71244490484631184,False,False,M1
2022-09-30,VWO,6,2023-03-31,2023-03-31,23,0.10730222998163241,0.090323480455169802,0.20306920615093907,10000,0.14713221365425022,0.5,0.073566106827125111,0.49613404101569308,0.028262146599813021,205,1,False,-0.17392384257195048,0.3210560562262007,0.73379327267416239,False,False,M1
2022-09-30,VXUS,6,2023-03-31,2023-03-31,23,0.0094248185322627354,0.23251828499036559,0.13832419795351392,109.85411419875572,0.18224508515292698,0.5,0.091122542576463489,0.4662807250547461,0.081553488193308973,134,1,False,-0.16809641537593192,0.35034150052885893,0.69798628021060849,False,False,M1
2022-10-31,BND,6,2023-04-28,2023-04-28,23,-0.01140740586786948,0.13013607037054256,0.098496238886968568,3237.4575428176399,0.11341035487818929,0.5,0.056705177439094645,0.47137153682261151,0.069340000196323595,181,1,False,-0.1259121923941344,0.23932254727232369,0.78482239547423516,False,False,M1
2022-10-31,DBC,6,2023-04-28,2023-04-28,23,0.11640266045263392,0.7497387561539709,-0.0015704842415108838,0.82864277285468424,0.32185318370055155,0.5,0.16092659185027577,0.43048008802848664,0.053495633176716947,195,1,False,-0.10053290545993745,0.42238608916048903,0.76594003036405578,False,False,M1
2022-10-31,GLD,6,2023-04-28,2023-04-28,23,-0.1533772219467453,0.098818780590749722,0.089588082061752686,10000,0.094336132730975492,0.5,0.047168066365487746,0.51437609562346931,0.030072018386244834,210,1,False,-0.15627093441650863,0.2506070671474841,0.72045835566976846,False,False,M1
2022-10-31,VDE,6,2023-04-28,2023-04-28,23,0.096831150543607691,1.3144961028347837,-0.11420550064228666,2.559547922699533,0.59945163840051552,0.5,0.29972581920025776,0.49951448035471868,0.022583546786985879,211,1,False,-0.093337364799102929,0.69278900319961845,0.72829260288879205,False,False,M1
2022-10-31,VMBS,6,2023-04-28,2023-04-28,23,-0.00820163954098585,0.13602891767230249,0.14516894863614133,3237.4575428176399,0.14133032049296523,0.5,0.070665160246482617,0.41997977450656887,0.09425785313916582,149,1,False,-0.10351928529755211,0.24484960579051734,0.80076741323731904,False,False,M1
2022-10-31,VOO,6,2023-04-28,2023-04-28,23,-0.025270616844599969,0.43464217184088794,0.055062516869370977,5.4286754393238592,0.19023788045790221,0.5,0.095118940228951107,0.3561185691015884,0.037692628241645307,140,1,False,-0.12307272388448669,0.31331060434238889,0.73427824211117831,False,False,M1
2022-10-31,VWO,6,2023-04-28,2023-04-28,23,-0.09677011974255656,0.091740495834831917,0.037736642042704688,10000,0.064604915743724886,0.5,0.032302457871862443,0.49752511745628603,0.029940643555645071,206,1,False,-0.2588746237853346,0.32347953952905945,0.72982700374866705,False,False,M1
2022-10-31,VXUS,6,2023-04-28,2023-04-28,23,-0.14228314554823052,0.29078924848861643,-0.0038908920579753263,109.85411419875572,0.13597438868021397,0.5,0.067987194340106985,0.47463422705974739,0.083475498005333479,135,1,False,-0.19834492594442288,0.33431931462463682,0.764017704070588,False,False,M1
2022-11-30,BND,6,2023-05-31,2023-05-31,23,-0.032907576371519531,0.1292671515632085,0.15452157472222428,3237.4575428176399,0.14247424534641104,0.5,0.071237122673205519,0.4770383904616074,0.069742153714651395,182,1,False,-0.10351743506882193,0.24599168041523295,0.7907951066663933,False,False,M1
2022-11-30,DBC,6,2023-05-31,2023-05-31,23,0.050453542518885897,0.7712783811206102,0.24311007190293715,0.82864277285468424,0.46862271235225195,0.5,0.23431135617612597,0.42697116906416799,0.054454279033955867,196,1,False,-0.025637856327793085,0.49426056868004503,0.82564204603981506,False,False,M1
2022-11-30,GLD,6,2023-05-31,2023-05-31,23,-0.13041611151209287,0.098592261521092572,0.10058259719958289,10000,0.09955501539385872,0.5,0.04977750769692936,0.51628567825483906,0.030644645648098916,211,1,False,-0.15080260891756808,0.25035762431142683,0.72105146655974506,False,False,M1
2022-11-30,VDE,6,2023-05-31,2023-05-31,23,0.11440339654069742,1.2302395698756745,0.40937179919101041,2.559547922699533,0.80927428032669557,0.5,0.40463714016334779,0.4871704011501598,0.022603600076089674,212,1,False,0.017266268221939329,0.79200801210475624,0.79367301439712246,False,False,M1
2022-11-30,VMBS,6,2023-05-31,2023-05-31,23,-0.026417905701970112,0.13513746173676552,0.17289382591776239,3237.4575428176399,0.15682443852473155,0.5,0.078412219262365773,0.4256073841219784,0.094593355279711466,150,1,False,-0.089010559455760863,0.24583499798049241,0.80406914199688029,False,False,M1
2022-11-30,VOO,6,2023-05-31,2023-05-31,23,-0.074648083269012955,0.4374543815795352,0.15068651402484617,5.4286754393238592,0.25234045402661515,0.5,0.12617022701330757,0.35448162609216577,0.03826611157882772,141,1,False,-0.079735336957535791,0.33207579098415096,0.77352161369711436,False,False,M1
2022-11-30,VWO,6,2023-05-31,2023-05-31,23,-0.066829922379939899,0.092013887922405016,0.13707094107531453,10000,0.11458554186553824,0.5,0.057292770932769119,0.49904282762274532,0.030643359933831653,207,1,False,-0.21305276576576343,0.3276383076313017,0.73746175777527401,False,False,M1
2022-11-30,VXUS,6,2023-05-31,2023-05-31,23,-0.088435047709528258,0.29401185899069782,0.13983777120831486,109.85411419875572,0.21307061696131954,0.5,0.10653530848065977,0.47500099923647987,0.083968686955994562,136,1,False,-0.15546510544119968,0.36853572240251925,0.66866060763695867,False,False,M1
2022-12-30,BND,6,2023-06-30,2023-06-30,23,-0.0021730065174077051,0.1281182758715857,0.1328251681328308,3237.4575428176399,0.13056380164027059,0.5,0.065281900820135297,0.4804372751803771,0.070156030236661643,183,1,False,-0.10582587803425555,0.23638967967452615,0.79107986460163826,False,False,M1
2022-12-30,DBC,6,2023-06-30,2023-06-30,23,0.10111544334527001,0.83741777325789213,0.145551090168928,0.82864277285468424,0.4375997888371525,0.5,0.21879989441857625,0.4221170144576411,0.05531985459365138,197,1,False,-0.038247458288804631,0.47584724712595716,0.83241269289720321,False,False,M1
2022-12-30,GLD,6,2023-06-30,2023-06-30,23,-0.028864497472010253,0.098011044841795236,0.039924479821255847,10000,0.069939070667268496,0.5,0.034969535333634248,0.5167217382435938,0.031079523205227323,212,1,False,-0.16170135478888065,0.23164042545614916,0.73267604377116158,False,False,M1
2022-12-30,VDE,6,2023-06-30,2023-06-30,23,0.073944163420745723,1.3142218545737068,0.2774837059541303,2.559547922699533,0.76437555268518809,0.5,0.38218777634259404,0.46963820843224247,0.021901026647208232,213,1,False,0.015022061943476661,0.74935349074171143,0.72161799553459116,False,False,M1
2022-12-30,VMBS,6,2023-06-30,2023-06-30,23,-0.0013588306307765752,0.1339919419378961,0.072555138295175584,3237.4575428176399,0.098790095785569007,0.5,0.049395047892784504,0.42702347672512658,0.09492572762316584,151,1,False,-0.11089385525382339,0.20968395103939241,0.80275933569736713,False,False,M1
2022-12-30,VOO,6,2023-06-30,2023-06-30,23,-0.14654472618684777,0.44295641303994637,0.10926702503870646,5.4286754393238592,0.22642306029575129,0.5,0.11321153014787565,0.35109308078028989,0.038922538257456611,142,1,False,-0.08375329150473669,0.31017635180048797,0.77506376037252944,False,False,M1
2022-12-30,VWO,6,2023-06-30,2023-06-30,23,-0.028006323982755266,0.0913962350043208,0.025094868632442924,10000,0.058144545303975184,0.5,0.029072272651987592,0.49847655455786322,0.031308091623768942,208,1,False,-0.23872712272263286,0.29687166802660803,0.73168603977884539,False,False,M1
2022-12-30,VXUS,6,2023-06-30,2023-06-30,23,-0.076445328426301584,0.27588667344185513,0.057327983461353808,109.85411419875572,0.15957509266441791,0.5,0.079787546332208956,0.46782449699065304,0.084208070216204564,137,1,False,-0.18220753415079249,0.34178262681521043,0.74686522866506722,False,False,M1
2023-01-31,BND,6,2023-07-31,2023-07-31,23,-0.063103389260131926,0.12649144677991378,0.099493549463054817,3237.4575428176399,0.11262943083079564,0.5,0.056314715415397822,0.48655201601711595,0.070859329731400481,184,1,False,-0.11275952634914049,0.22538895717993612,0.7903459061059166,False,False,M1
2023-01-31,DBC,6,2023-07-31,2023-07-31,23,-0.065314417377166922,0.63696288553302682,0.14998340217959269,0.82864277285468424,0.35247021258316891,0.5,0.17623510629158445,0.41580152208715887,0.056158975932351141,198,1,False,-0.073941211526876383,0.42641142411004529,0.81609701354275377,False,False,M1
2023-01-31,GLD,6,2023-07-31,2023-07-31,23,-0.087715485442403152,0.097435577877039575,0.039588156864568805,10000,0.069409003725059384,0.5,0.034704501862529692,0.51550866639433746,0.031326503339852242,213,1,False,-0.1597924854647734,0.22920148918983277,0.73494488817467485,False,False,M1
2023-01-31,VDE,6,2023-07-31,2023-07-31,23,-0.039043478068140125,0.94444823124792499,0.29113234555579026,2.559547922699533,0.58707964027130055,0.5,0.29353982013565028,0.45299265056440247,0.021792600608202768,214,1,False,-0.071625514391949807,0.6587051546632503,0.6294235779414793,False,False,M1
2023-01-31,VMBS,6,2023-07-31,2023-07-31,23,-0.057468836327228656,0.13230715992222578,0.068701151695262974,3237.4575428176399,0.096304602028833314,0.5,0.048152301014416657,0.4339755174554274,0.095642264832074081,152,1,False,-0.10233327671162733,0.19863787874046063,0.80533008699235897,False,False,M1
2023-01-31,VOO,6,2023-07-31,2023-07-31,23,-0.20810088205889832,0.33462357507768425,0.13035041592992808,5.4286754393238592,0.20274173636869866,0.5,0.10137086818434933,0.35438488708351562,0.039926752670441379,143,1,False,-0.089742644912895728,0.29248438128159437,0.77224496677869292,False,False,M1
2023-01-31,VWO,6,2023-07-31,2023-07-31,23,-0.082169200431775113,0.090589918811629838,0.0099001342073157615,10000,0.050013028586913234,0.5,0.025006514293456617,0.49712481668283992,0.031670635450425769,209,1,False,-0.23494253244930591,0.28495556103621916,0.73173727110977582,False,False,M1
2023-01-31,VXUS,6,2023-07-31,2023-07-31,23,-0.11722522250886214,0.23669996115155092,0.020399284295508552,109.85411419875572,0.12005188148041884,0.5,0.060025940740209421,0.46071329333487698,0.084325301099655942,138,1,False,-0.20059897256484785,0.32065085404526672,0.79402011716628429,False,False,M1
2023-02-28,BND,6,2023-08-31,2023-08-31,23,-0.066938611207320475,0.12552216126782695,0.14928159095578875,3237.4575428176399,0.13759431488086396,0.5,0.06879715744043198,0.49190053079625845,0.07136903234089205,185,1,False,-0.092491168566005658,0.23008548344686963,0.79546308562844914,False,False,M1
2023-02-28,DBC,6,2023-08-31,2023-08-31,23,-0.094989998359070071,0.71751705858030723,0.16504260972880322,0.82864277285468424,0.39254797028649052,0.5,0.19627398514324526,0.41179345222323022,0.057086364945328053,199,1,False,-0.047190267921626644,0.43973823820811719,0.84181090783490531,False,False,M1
2023-02-28,GLD,6,2023-08-31,2023-08-31,23,-0.11879065105706132,0.097151772730779948,0.0076778708685524347,10000,0.05379640090571703,0.5,0.026898200452858515,0.51544114068232105,0.031620022489119076,214,1,False,-0.16501341823572374,0.21880981914144076,0.74142118915059385,False,False,M1
2023-02-28,VDE,6,2023-08-31,2023-08-31,23,-0.12286387036358204,1.0851097451610974,0.26673828164832092,2.559547922699533,0.63059523635234227,0.5,0.31529761817617113,0.44461099992685754,0.02216323726511216,215,1,False,-0.040655119199882406,0.67125035555222468,0.65866726716102741,False,False,M1
2023-02-28,VMBS,6,2023-08-31,2023-08-31,23,-0.060262628101555915,0.13137595690016113,0.095290360068523219,3237.4575428176399,0.11118496087112663,0.5,0.055592480435563314,0.44046938940103281,0.096119368157957186,153,1,False,-0.088489333879827853,0.19967429475095447,0.80877987845795785,False,False,M1
2023-02-28,VOO,6,2023-08-31,2023-08-31,23,-0.18240041958353426,0.3693431266556777,0.11054599094199502,5.4286754393238592,0.20253463791020787,0.5,0.10126731895510394,0.3554469284002566,0.040678911817858134,144,1,False,-0.088582132522357887,0.29111677043256579,0.78086798007822422,False,False,M1
2023-02-28,VWO,6,2023-08-31,2023-08-31,23,-0.089494544806962395,0.090924437317753445,0.012179372187660019,10000,0.051493654235800101,0.5,0.025746827117900051,0.49926026454089034,0.032292186384853365,210,1,False,-0.22742694523607376,0.27892059947187386,0.73341970116401745,False,False,M1
2023-02-28,VXUS,6,2023-08-31,2023-08-31,23,-0.09848655717070498,0.24453544677301001,0.061527013494011421,109.85411419875572,0.14464491345380359,0.5,0.072322456726901796,0.4541752446625118,0.084311325199994555,139,1,False,-0.18674979394523006,0.33139470739903365,0.77284011418038367,False,False,M1
