feature,weighted_importance
combined_ratio_ttm,1.244748671173397
credit_spread_hy,0.6526925890874479
real_yield_change_6m,0.5070053536538918
mom_12m,0.37792851343611267
yield_slope,0.3488451210818615
real_rate_10y,0.3095047575609034
vix,0.2231514171109209
nfci,0.1757394846579719
vol_63d,0.1400949569814778
book_value_per_share_growth_yoy,0.134674048602005
investment_income_growth_yoy,0.11917552367358535
npw_growth_yoy,0.048875023458116
