variant,n_benchmarks,n_features,mean_balanced_accuracy,mean_brier_score,mean_delta_balanced_accuracy,mean_delta_brier_score,positive_benchmark_count,degraded_benchmark_count
ta_minimal_plus_vwo_pct_b,8,12,0.6246745960395145,0.23479633088315494,0.05844348098603743,-0.06561134783862628,8,0
ta_minimal_replacement,8,12,0.6121997315437027,0.24874006672961607,0.04596861649022566,-0.051667611992165144,8,0
ta_natr_replaces_vol63,8,12,0.5994535627940043,0.25406873890577264,0.033222447740527274,-0.046338939816008604,8,0
ta_obv_replaces_mom12,8,12,0.5919121453678291,0.28463943575580347,0.025681030314352107,-0.01576824296597773,7,1
lean_baseline,8,12,0.566231115053477,0.30040767872178126,0.0,0.0,0,8
