variant,benchmark,version,n,r2,ic,ic_p,hit_rate,mae,std_yhat,std_ytrue,sigma_ratio
A_equal_weighted,COMPOSITE,v47,162,-1.7721875024280114,0.2006192833080003,0.1225234250420935,0.5987654320987654,0.17634738365422784,0.20811650875928644,0.1350587176708867,1.5409335461515943
B_inv_vol_weighted,COMPOSITE,v47,90,-1.8845234411537044,0.061200971313330854,0.7367930867846335,0.7555555555555555,0.1707653939415182,0.1699252551928085,0.12601306013688707,1.3484733646514093
C_equity_only,COMPOSITE,v47,162,-2.248201580777643,0.13599252569644674,0.34774258083840226,0.6172839506172839,0.211674416282934,0.23867718777822614,0.15715350228605054,1.51875194829439
