{
  "artifact_classification": "research",
  "metrics": [
    {
      "actual_positive_rate": 0.6666666666666666,
      "expected_value_mae": 1.5141092811713923,
      "expected_value_rmse": 3.404641389906672,
      "feature_set": "x6_reference",
      "mean_actual_excess": 1.5743416666666665,
      "mean_expected_value_prediction": 0.1795085119382757,
      "model_name": "historical_rate__historical_positive_mean",
      "n_features": 10,
      "n_obs": 18,
      "stage1_balanced_accuracy": 0.5,
      "stage1_brier": 0.26538445777208336,
      "stage1_model_name": "historical_rate",
      "stage2_model_name": "historical_positive_mean",
      "stage2_positive_mae": 2.0628715403462277
    },
    {
      "actual_positive_rate": 0.6666666666666666,
      "expected_value_mae": 1.5041511096250149,
      "expected_value_rmse": 3.3771325754466983,
      "feature_set": "x6_reference",
      "mean_actual_excess": 1.5743416666666665,
      "mean_expected_value_prediction": 0.1909855280705402,
      "model_name": "historical_rate__ridge_positive_excess",
      "n_features": 10,
      "n_obs": 18,
      "stage1_balanced_accuracy": 0.5,
      "stage1_brier": 0.26538445777208336,
      "stage1_model_name": "historical_rate",
      "stage2_model_name": "ridge_positive_excess",
      "stage2_positive_mae": 2.0306528318691583
    },
    {
      "actual_positive_rate": 0.6666666666666666,
      "expected_value_mae": 1.5254251798460245,
      "expected_value_rmse": 3.419619781413949,
      "feature_set": "x6_reference",
      "mean_actual_excess": 1.5743416666666665,
      "mean_expected_value_prediction": 0.18467285975133607,
      "model_name": "logistic_l2_balanced__historical_positive_mean",
      "n_features": 10,
      "n_obs": 18,
      "stage1_balanced_accuracy": 0.375,
      "stage1_brier": 0.36656291565974986,
      "stage1_model_name": "logistic_l2_balanced",
      "stage2_model_name": "historical_positive_mean",
      "stage2_positive_mae": 2.0628715403462277
    },
    {
      "actual_positive_rate": 0.6666666666666666,
      "expected_value_mae": 1.5169234508274099,
      "expected_value_rmse": 3.3945942826812687,
      "feature_set": "x6_reference",
      "mean_actual_excess": 1.5743416666666665,
      "mean_expected_value_prediction": 0.20038074269989659,
      "model_name": "logistic_l2_balanced__ridge_positive_excess",
      "n_features": 10,
      "n_obs": 18,
      "stage1_balanced_accuracy": 0.375,
      "stage1_brier": 0.36656291565974986,
      "stage1_model_name": "logistic_l2_balanced",
      "stage2_model_name": "ridge_positive_excess",
      "stage2_positive_mae": 2.0306528318691583
    },
    {
      "actual_positive_rate": 0.6666666666666666,
      "expected_value_mae": 1.5141092811713923,
      "expected_value_rmse": 3.404641389906672,
      "feature_set": "x9_capital_generation",
      "mean_actual_excess": 1.5743416666666665,
      "mean_expected_value_prediction": 0.1795085119382757,
      "model_name": "historical_rate__historical_positive_mean",
      "n_features": 12,
      "n_obs": 18,
      "stage1_balanced_accuracy": 0.5,
      "stage1_brier": 0.26538445777208336,
      "stage1_model_name": "historical_rate",
      "stage2_model_name": "historical_positive_mean",
      "stage2_positive_mae": 2.0628715403462277
    },
    {
      "actual_positive_rate": 0.6666666666666666,
      "expected_value_mae": 1.4971213256206595,
      "expected_value_rmse": 3.374288166081141,
      "feature_set": "x9_capital_generation",
      "mean_actual_excess": 1.5743416666666665,
      "mean_expected_value_prediction": 0.19196047776016326,
      "model_name": "historical_rate__ridge_positive_excess",
      "n_features": 12,
      "n_obs": 18,
      "stage1_balanced_accuracy": 0.5,
      "stage1_brier": 0.26538445777208336,
      "stage1_model_name": "historical_rate",
      "stage2_model_name": "ridge_positive_excess",
      "stage2_positive_mae": 2.026318222514439
    },
    {
      "actual_positive_rate": 0.6666666666666666,
      "expected_value_mae": 1.4595860018887865,
      "expected_value_rmse": 3.3144191425505385,
      "feature_set": "x9_capital_generation",
      "mean_actual_excess": 1.5743416666666665,
      "mean_expected_value_prediction": 0.2067017520736747,
      "model_name": "logistic_l2_balanced__historical_positive_mean",
      "n_features": 12,
      "n_obs": 18,
      "stage1_balanced_accuracy": 0.5833333333333333,
      "stage1_brier": 0.28813275636234104,
      "stage1_model_name": "logistic_l2_balanced",
      "stage2_model_name": "historical_positive_mean",
      "stage2_positive_mae": 2.0628715403462277
    },
    {
      "actual_positive_rate": 0.6666666666666666,
      "expected_value_mae": 1.439460080011204,
      "expected_value_rmse": 3.2691643902369427,
      "feature_set": "x9_capital_generation",
      "mean_actual_excess": 1.5743416666666665,
      "mean_expected_value_prediction": 0.23355739337775905,
      "model_name": "logistic_l2_balanced__ridge_positive_excess",
      "n_features": 12,
      "n_obs": 18,
      "stage1_balanced_accuracy": 0.5833333333333333,
      "stage1_brier": 0.28813275636234104,
      "stage1_model_name": "logistic_l2_balanced",
      "stage2_model_name": "ridge_positive_excess",
      "stage2_positive_mae": 2.026318222514439
    }
  ],
  "prediction_timestamp": "November business month-end",
  "production_changes": false,
  "ranked_rows": [
    {
      "actual_positive_rate": 0.6666666666666666,
      "expected_value_mae": 1.439460080011204,
      "expected_value_rmse": 3.2691643902369427,
      "feature_set": "x9_capital_generation",
      "mean_actual_excess": 1.5743416666666665,
      "mean_expected_value_prediction": 0.23355739337775905,
      "model_name": "logistic_l2_balanced__ridge_positive_excess",
      "n_features": 12,
      "n_obs": 18,
      "rank": 1,
      "stage1_balanced_accuracy": 0.5833333333333333,
      "stage1_brier": 0.28813275636234104,
      "stage1_model_name": "logistic_l2_balanced",
      "stage2_model_name": "ridge_positive_excess",
      "stage2_positive_mae": 2.026318222514439
    },
    {
      "actual_positive_rate": 0.6666666666666666,
      "expected_value_mae": 1.4595860018887865,
      "expected_value_rmse": 3.3144191425505385,
      "feature_set": "x9_capital_generation",
      "mean_actual_excess": 1.5743416666666665,
      "mean_expected_value_prediction": 0.2067017520736747,
      "model_name": "logistic_l2_balanced__historical_positive_mean",
      "n_features": 12,
      "n_obs": 18,
      "rank": 2,
      "stage1_balanced_accuracy": 0.5833333333333333,
      "stage1_brier": 0.28813275636234104,
      "stage1_model_name": "logistic_l2_balanced",
      "stage2_model_name": "historical_positive_mean",
      "stage2_positive_mae": 2.0628715403462277
    },
    {
      "actual_positive_rate": 0.6666666666666666,
      "expected_value_mae": 1.4971213256206595,
      "expected_value_rmse": 3.374288166081141,
      "feature_set": "x9_capital_generation",
      "mean_actual_excess": 1.5743416666666665,
      "mean_expected_value_prediction": 0.19196047776016326,
      "model_name": "historical_rate__ridge_positive_excess",
      "n_features": 12,
      "n_obs": 18,
      "rank": 3,
      "stage1_balanced_accuracy": 0.5,
      "stage1_brier": 0.26538445777208336,
      "stage1_model_name": "historical_rate",
      "stage2_model_name": "ridge_positive_excess",
      "stage2_positive_mae": 2.026318222514439
    },
    {
      "actual_positive_rate": 0.6666666666666666,
      "expected_value_mae": 1.5041511096250149,
      "expected_value_rmse": 3.3771325754466983,
      "feature_set": "x6_reference",
      "mean_actual_excess": 1.5743416666666665,
      "mean_expected_value_prediction": 0.1909855280705402,
      "model_name": "historical_rate__ridge_positive_excess",
      "n_features": 10,
      "n_obs": 18,
      "rank": 4,
      "stage1_balanced_accuracy": 0.5,
      "stage1_brier": 0.26538445777208336,
      "stage1_model_name": "historical_rate",