item_type,item_name,horizon_months,n_benchmarks,mean_ic,median_ic,mean_hit_rate,mean_oos_r2,mean_mae,pass_rate,gate_status
model,bayesian_ridge,6,7,0.24770128169402386,0.27383083692608556,0.5623519391213888,-3.343540991051498,0.1863475934145777,0.0,FAIL
ensemble,ensemble,6,7,0.15962754792123682,0.21648009921254702,0.6234322471751313,-0.4064827841516137,0.1459457124160435,0.0,FAIL
model,gbt,6,7,0.13032305981267092,0.13418302725173237,0.6210354414718741,-0.36489161008933785,0.142856830097448,0.0,FAIL
model,elasticnet,6,7,0.10943382532981415,0.1169091323168689,0.6194239167958333,-0.6431622013528758,0.15333076056822795,0.0,FAIL
model,ridge,6,7,0.0973113239109824,0.12125470303838423,0.5713930882526708,-0.5504165988565258,0.15225067267798914,0.0,FAIL
baseline,historical_mean,6,7,-0.06724635838436217,-0.02335787910478299,0.6852959537826712,-0.10471069155894079,0.12853595427601047,0.0,FAIL
baseline,last_value,6,7,-0.1396971828035896,-0.2016378521623131,0.5629357491549143,-0.9659491226941272,0.17167366696107325,0.0,FAIL
baseline,zero,6,7,,,0.0,-0.27866843359720944,0.14140729711759858,0.0,FAIL
