table,key,column,old,new,row_status
pgr_edgar_monthly,2004-08-31,pif_total,,8990.0,changed
pgr_edgar_monthly,2004-08-31,gainshare_estimate,0.6799999999999997,,changed
pgr_edgar_monthly,2004-08-31,loss_lae_ratio,,68.3,changed
pgr_edgar_monthly,2004-08-31,expense_ratio,,20.9,changed
pgr_edgar_monthly,2004-08-31,npw_agency,,644.4,changed
pgr_edgar_monthly,2004-08-31,npw_direct,,316.1,changed
pgr_edgar_monthly,2004-08-31,npw_commercial,,123.0,changed
pgr_edgar_monthly,2004-08-31,npe_agency,,602.1,changed
pgr_edgar_monthly,2004-08-31,npe_direct,,284.7,changed
pgr_edgar_monthly,2004-08-31,npe_commercial,,118.1,changed
pgr_edgar_monthly,2004-08-31,net_unrealized_gains_fixed,,555.8,changed
pgr_edgar_monthly,2004-08-31,channel_mix_agency_pct,,0.6709005726184278,changed
pgr_edgar_monthly,2004-08-31,pif_special_lines,-2.0,2332.0,changed
pgr_edgar_monthly,2004-08-31,total_investments,-2.0,14552.7,changed
pgr_edgar_monthly,2004-08-31,common_shares_outstanding,,216.9,changed
pgr_edgar_monthly,2004-08-31,fte_return_common_stocks,,0.6,changed
pgr_edgar_monthly,2004-08-31,weighted_avg_credit_quality,nan,,changed
pgr_edgar_monthly,2004-09-30,gainshare_estimate,0.7900000000000006,,changed
pgr_edgar_monthly,2004-09-30,fixed_income_duration,,2.9,changed
pgr_edgar_monthly,2004-09-30,weighted_avg_credit_quality,nan,,changed
pgr_edgar_monthly,2004-10-31,gainshare_estimate,0.9,,changed
pgr_edgar_monthly,2004-10-31,fixed_income_duration,,2.9,changed
pgr_edgar_monthly,2004-10-31,total_net_realized_gains,,14.2,changed
pgr_edgar_monthly,2004-10-31,pif_special_lines,,2356.0,changed
pgr_edgar_monthly,2004-10-31,weighted_avg_credit_quality,nan,,changed
pgr_edgar_monthly,2004-11-30,gainshare_estimate,0.6400000000000006,,changed
pgr_edgar_monthly,2004-11-30,fixed_income_duration,,2.9,changed
pgr_edgar_monthly,2004-11-30,total_net_realized_gains,,-4.3,changed
pgr_edgar_monthly,2004-11-30,pif_special_lines,,2352.0,changed
pgr_edgar_monthly,2004-11-30,fte_return_fixed_income,0.6,-0.6,changed
pgr_edgar_monthly,2004-11-30,weighted_avg_credit_quality,nan,,changed
pgr_edgar_monthly,2004-12-31,gainshare_estimate,1.5400000000000005,,changed
pgr_edgar_monthly,2004-12-31,shareholders_equity,30.0,5155.4,changed
pgr_edgar_monthly,2004-12-31,fixed_income_duration,,2.9,changed
pgr_edgar_monthly,2004-12-31,total_net_realized_gains,10.6,-10.6,changed
pgr_edgar_monthly,2004-12-31,debt,19.9,1284.3,changed
pgr_edgar_monthly,2004-12-31,total_liabilities,17154.3,12028.9,changed
pgr_edgar_monthly,2004-12-31,weighted_avg_credit_quality,nan,,changed
pgr_edgar_monthly,2005-01-31,gainshare_estimate,1.1,,changed
pgr_edgar_monthly,2005-01-31,shareholders_equity,26.4,5238.6,changed
pgr_edgar_monthly,2005-01-31,fte_return_total_portfolio,0.1,-0.1,changed
pgr_edgar_monthly,2005-01-31,fixed_income_duration,,2.9,changed
pgr_edgar_monthly,2005-01-31,total_net_realized_gains,,1.5,changed
pgr_edgar_monthly,2005-01-31,debt,19.7,1284.4,changed
pgr_edgar_monthly,2005-01-31,total_liabilities,17538.7,12326.5,changed
pgr_edgar_monthly,2005-01-31,fte_return_common_stocks,2.4,-2.4,changed
pgr_edgar_monthly,2005-01-31,weighted_avg_credit_quality,nan,,changed
pgr_edgar_monthly,2005-02-28,gainshare_estimate,1.0799999999999996,,changed
pgr_edgar_monthly,2005-02-28,book_value_per_share,,26.58,changed
pgr_edgar_monthly,2005-02-28,roe_net_income_ttm,,26.9,changed
pgr_edgar_monthly,2005-02-28,shareholders_equity,,5312.9,changed
pgr_edgar_monthly,2005-02-28,total_assets,,17802.2,changed
pgr_edgar_monthly,2005-02-28,unearned_premiums,,4283.1,changed
pgr_edgar_monthly,2005-02-28,shares_repurchased,,0.4,changed
pgr_edgar_monthly,2005-02-28,avg_cost_per_share,,87.33,changed
pgr_edgar_monthly,2005-02-28,net_unrealized_gains_fixed,,574.4,changed
pgr_edgar_monthly,2005-02-28,fixed_income_duration,,2.7,changed
pgr_edgar_monthly,2005-02-28,total_net_realized_gains,,8.9,changed
pgr_edgar_monthly,2005-02-28,total_investments,,13585.4,changed
pgr_edgar_monthly,2005-02-28,loss_lae_reserves,,5326.1,changed
pgr_edgar_monthly,2005-02-28,debt,,1284.4,changed
pgr_edgar_monthly,2005-02-28,total_liabilities,,12489.3,changed
pgr_edgar_monthly,2005-02-28,common_shares_outstanding,,199.9,changed
pgr_edgar_monthly,2005-02-28,fte_return_fixed_income,0.2,-0.2,changed
pgr_edgar_monthly,2005-02-28,debt_to_total_capital,,19.5,changed
pgr_edgar_monthly,2005-02-28,weighted_avg_credit_quality,nan,,changed
pgr_edgar_monthly,2005-03-31,gainshare_estimate,1.1200000000000003,,changed
pgr_edgar_monthly,2005-03-31,book_value_per_share,,26.53,changed
pgr_edgar_monthly,2005-03-31,roe_net_income_ttm,,28.4,changed
pgr_edgar_monthly,2005-03-31,shareholders_equity,,5294.8,changed
pgr_edgar_monthly,2005-03-31,total_assets,,17723.2,changed
pgr_edgar_monthly,2005-03-31,unearned_premiums,,4364.3,changed
pgr_edgar_monthly,2005-03-31,shares_repurchased,,1.0,changed
pgr_edgar_monthly,2005-03-31,avg_cost_per_share,,89.56,changed
pgr_edgar_monthly,2005-03-31,fte_return_total_portfolio,0.4,-0.4,changed
pgr_edgar_monthly,2005-03-31,net_unrealized_gains_fixed,,462.4,changed
pgr_edgar_monthly,2005-03-31,fixed_income_duration,,2.9,changed
pgr_edgar_monthly,2005-03-31,avg_diluted_equivalent_shares,,201.4,changed
pgr_edgar_monthly,2005-03-31,total_net_realized_gains,,-0.2,changed
pgr_edgar_monthly,2005-03-31,total_investments,,13404.9,changed
pgr_edgar_monthly,2005-03-31,loss_lae_reserves,,5348.3,changed
pgr_edgar_monthly,2005-03-31,debt,,1284.5,changed
pgr_edgar_monthly,2005-03-31,total_liabilities,,12428.4,changed
pgr_edgar_monthly,2005-03-31,common_shares_outstanding,,199.6,changed
pgr_edgar_monthly,2005-03-31,fte_return_fixed_income,0.3,-0.3,changed
pgr_edgar_monthly,2005-03-31,fte_return_common_stocks,1.4,-1.4,changed
pgr_edgar_monthly,2005-03-31,debt_to_total_capital,,19.5,changed
pgr_edgar_monthly,2005-03-31,weighted_avg_credit_quality,nan,,changed
pgr_edgar_monthly,2005-04-30,gainshare_estimate,1.0700000000000003,,changed
pgr_edgar_monthly,2005-04-30,shareholders_equity,28.3,5405.2,changed
pgr_edgar_monthly,2005-04-30,total_net_realized_gains,,-6.3,changed
pgr_edgar_monthly,2005-04-30,debt,19.2,1284.5,changed
pgr_edgar_monthly,2005-04-30,total_liabilities,18726.3,13349.4,changed
pgr_edgar_monthly,2005-04-30,fte_return_common_stocks,1.7,-1.7,changed
pgr_edgar_monthly,2005-05-31,gainshare_estimate,1.0200000000000002,,changed
pgr_edgar_monthly,2005-05-31,shareholders_equity,29.5,5523.1,changed
pgr_edgar_monthly,2005-05-31,total_net_realized_gains,,3.2,changed
pgr_edgar_monthly,2005-05-31,debt,18.9,1284.6,changed
pgr_edgar_monthly,2005-05-31,total_liabilities,18566.8,13073.2,changed
pgr_edgar_monthly,2005-06-30,gainshare_estimate,0.8700000000000003,,changed
pgr_edgar_monthly,2005-06-30,total_net_realized_gains,0.7,-0.7,changed
pgr_edgar_monthly,2005-07-31,gainshare_estimate,0.9099999999999995,,changed
pgr_edgar_monthly,2005-07-31,shares_repurchased,,0.6,changed
pgr_edgar_monthly,2005-07-31,total_net_realized_gains,,2.8,changed
pgr_edgar_monthly,2005-07-31,fte_return_fixed_income,0.3,-0.3,changed
pgr_edgar_monthly,2005-08-31,pif_growth_yoy,,0.10378197997775307,changed
pgr_edgar_monthly,2005-08-31,gainshare_estimate,0.0,0.5189098998887653,changed
pgr_edgar_monthly,2005-08-31,shareholders_equity,28.5,5752.9,changed
pgr_edgar_monthly,2005-08-31,shares_repurchased,,0.2,changed
pgr_edgar_monthly,2005-08-31,total_net_realized_gains,,2.0,changed
pgr_edgar_monthly,2005-08-31,debt,18.3,1284.7,changed
pgr_edgar_monthly,2005-08-31,total_liabilities,20226.4,14502.0,changed
pgr_edgar_monthly,2005-08-31,fte_return_common_stocks,0.7,-0.7,changed
pgr_edgar_monthly,2005-09-30,shares_repurchased,,0.1,changed
pgr_edgar_monthly,2005-09-30,fte_return_total_portfolio,0.1,-0.1,changed
pgr_edgar_monthly,2005-09-30,total_net_realized_gains,8.9,-8.9,changed
pgr_edgar_monthly,2005-09-30,fte_return_fixed_income,0.3,-0.3,changed
pgr_edgar_monthly,2005-10-31,fte_return_total_portfolio,0.5,-0.5,changed
pgr_edgar_monthly,2005-10-31,total_net_realized_gains,,-6.6,changed
pgr_edgar_monthly,2005-10-31,fte_return_fixed_income,0.3,-0.3,changed
pgr_edgar_monthly,2005-10-31,fte_return_common_stocks,1.7,-1.7,changed
pgr_edgar_monthly,2005-11-30,total_net_realized_gains,,-28.9,changed
pgr_edgar_monthly,2005-12-31,shares_repurchased,,0.1,changed
pgr_edgar_monthly,2005-12-31,total_net_realized_gains,4.7,-4.7,changed
pgr_edgar_monthly,2006-01-31,loss_lae_ratio,,66.3,changed
pgr_edgar_monthly,2006-01-31,expense_ratio,,19.7,changed
pgr_edgar_monthly,2006-01-31,npw_agency,,731.7,changed
pgr_edgar_monthly,2006-01-31,npw_direct,,415.5,changed
pgr_edgar_monthly,2006-01-31,npw_commercial,,179.0,changed
pgr_edgar_monthly,2006-01-31,npe_agency,,758.3,changed
pgr_edgar_monthly,2006-01-31,npe_direct,,405.8,changed
pgr_edgar_monthly,2006-01-31,npe_commercial,,169.1,changed
pgr_edgar_monthly,2006-01-31,pif_agency_auto,,4501.0,changed
pgr_edgar_monthly,2006-01-31,channel_mix_agency_pct,,0.6378138075313807,changed
pgr_edgar_monthly,2006-01-31,total_net_realized_gains,,2.8,changed
pgr_edgar_monthly,2006-02-28,loss_lae_ratio,,66.2,changed
pgr_edgar_monthly,2006-02-28,expense_ratio,,20.1,changed
pgr_edgar_monthly,2006-02-28,npw_agency,,675.1,changed
pgr_edgar_monthly,2006-02-28,npw_direct,,378.1,changed
pgr_edgar_monthly,2006-02-28,npw_commercial,,154.4,changed
pgr_edgar_monthly,2006-02-28,npe_agency,,610.4,changed
pgr_edgar_monthly,2006-02-28,npe_direct,,328.7,changed
pgr_edgar_monthly,2006-02-28,npe_commercial,,137.0,changed
pgr_edgar_monthly,2006-02-28,pif_agency_auto,,4537.0,changed
pgr_edgar_monthly,2006-02-28,channel_mix_agency_pct,,0.6409988606152678,changed
pgr_edgar_monthly,2006-02-28,unearned_premium_growth_yoy,,0.04071817141789813,changed
pgr_edgar_monthly,2006-02-28,total_net_realized_gains,,-1.8,changed
pgr_edgar_monthly,2006-03-31,loss_lae_ratio,,62.9,changed
pgr_edgar_monthly,2006-03-31,expense_ratio,,20.4,changed
pgr_edgar_monthly,2006-03-31,npw_agency,,625.5,changed
pgr_edgar_monthly,2006-03-31,npw_direct,,347.8,changed
pgr_edgar_monthly,2006-03-31,npw_commercial,,162.9,changed
pgr_edgar_monthly,2006-03-31,npe_agency,,615.3,changed
pgr_edgar_monthly,2006-03-31,npe_direct,,332.5,changed
pgr_edgar_monthly,2006-03-31,npe_commercial,,136.7,changed
pgr_edgar_monthly,2006-03-31,pif_agency_auto,,4546.0,changed
pgr_edgar_monthly,2006-03-31,channel_mix_agency_pct,,0.6426589951710675,changed
pgr_edgar_monthly,2006-03-31,unearned_premium_growth_yoy,,0.03294915564924494,changed
pgr_edgar_monthly,2006-03-31,total_net_realized_gains,0.5,-0.5,changed
pgr_edgar_monthly,2006-03-31,fte_return_fixed_income,0.2,-0.2,changed
pgr_edgar_monthly,2006-04-30,loss_lae_ratio,,66.1,changed
pgr_edgar_monthly,2006-04-30,expense_ratio,,19.8,changed
pgr_edgar_monthly,2006-04-30,npw_agency,,829.2,changed
pgr_edgar_monthly,2006-04-30,npw_direct,,442.2,changed
pgr_edgar_monthly,2006-04-30,npw_commercial,,215.4,changed
pgr_edgar_monthly,2006-04-30,npe_agency,,771.5,changed
pgr_edgar_monthly,2006-04-30,npe_direct,,419.3,changed
pgr_edgar_monthly,2006-04-30,npe_commercial,,176.7,changed
pgr_edgar_monthly,2006-04-30,pif_agency_auto,,4563.0,changed
pgr_edgar_monthly,2006-04-30,channel_mix_agency_pct,,0.6521944313355357,changed
pgr_edgar_monthly,2006-04-30,total_net_realized_gains,,4.0,changed
pgr_edgar_monthly,2006-05-31,loss_lae_ratio,,67.0,changed
pgr_edgar_monthly,2006-05-31,expense_ratio,,19.7,changed
pgr_edgar_monthly,2006-05-31,npw_agency,,612.1,changed
pgr_edgar_monthly,2006-05-31,npw_direct,,327.5,changed
pgr_edgar_monthly,2006-05-31,npw_commercial,,158.4,changed
pgr_edgar_monthly,2006-05-31,npe_agency,,614.6,changed
pgr_edgar_monthly,2006-05-31,npe_direct,,336.3,changed
pgr_edgar_monthly,2006-05-31,npe_commercial,,145.2,changed
pgr_edgar_monthly,2006-05-31,pif_agency_auto,,4558.0,changed
pgr_edgar_monthly,2006-05-31,fte_return_total_portfolio,,-0.2,changed
pgr_edgar_monthly,2006-05-31,investment_book_yield,,4.6,changed
pgr_edgar_monthly,2006-05-31,channel_mix_agency_pct,,0.6514474244359302,changed
pgr_edgar_monthly,2006-05-31,total_net_realized_gains,,-6.7,changed
pgr_edgar_monthly,2006-05-31,fte_return_fixed_income,,0.3,changed
pgr_edgar_monthly,2006-05-31,fte_return_common_stocks,,-2.9,changed
pgr_edgar_monthly,2006-06-30,loss_lae_ratio,,67.8,changed
pgr_edgar_monthly,2006-06-30,expense_ratio,,19.6,changed
pgr_edgar_monthly,2006-06-30,npw_agency,,612.0,changed
pgr_edgar_monthly,2006-06-30,npw_direct,,323.3,changed
pgr_edgar_monthly,2006-06-30,npw_commercial,,152.5,changed
pgr_edgar_monthly,2006-06-30,npe_agency,,613.8,changed
pgr_edgar_monthly,2006-06-30,npe_direct,,336.6,changed
pgr_edgar_monthly,2006-06-30,npe_commercial,,144.7,changed
pgr_edgar_monthly,2006-06-30,pif_agency_auto,,4554.0,changed
pgr_edgar_monthly,2006-06-30,channel_mix_agency_pct,,0.6543355073238534,changed
pgr_edgar_monthly,2006-06-30,total_net_realized_gains,24.4,-24.4,changed
pgr_edgar_monthly,2006-07-31,loss_lae_ratio,,66.7,changed
pgr_edgar_monthly,2006-07-31,expense_ratio,,19.9,changed
pgr_edgar_monthly,2006-07-31,npw_agency,,791.8,changed
pgr_edgar_monthly,2006-07-31,npw_direct,,449.9,changed
pgr_edgar_monthly,2006-07-31,npw_commercial,,183.4,changed
pgr_edgar_monthly,2006-07-31,npe_agency,,763.0,changed
pgr_edgar_monthly,2006-07-31,npe_direct,,420.3,changed
pgr_edgar_monthly,2006-07-31,npe_commercial,,181.4,changed
pgr_edgar_monthly,2006-07-31,pif_agency_auto,,4512.0,changed
pgr_edgar_monthly,2006-07-31,channel_mix_agency_pct,,0.637674156398486,changed
pgr_edgar_monthly,2006-07-31,total_net_realized_gains,,-6.0,changed
pgr_edgar_monthly,2006-08-31,loss_lae_ratio,,67.3,changed
pgr_edgar_monthly,2006-08-31,expense_ratio,,21.2,changed
pgr_edgar_monthly,2006-08-31,npw_agency,,612.5,changed
pgr_edgar_monthly,2006-08-31,npw_direct,,343.1,changed
pgr_edgar_monthly,2006-08-31,npw_commercial,,141.6,changed
pgr_edgar_monthly,2006-08-31,npe_agency,,606.4,changed
pgr_edgar_monthly,2006-08-31,npe_direct,,335.3,changed
pgr_edgar_monthly,2006-08-31,npe_commercial,,146.6,changed
pgr_edgar_monthly,2006-08-31,pif_agency_auto,,4513.0,changed
pgr_edgar_monthly,2006-08-31,channel_mix_agency_pct,,0.6409585600669736,changed
pgr_edgar_monthly,2006-08-31,total_net_realized_gains,,2.4,changed
pgr_edgar_monthly,2006-09-30,loss_lae_ratio,,66.5,changed
pgr_edgar_monthly,2006-09-30,expense_ratio,,20.4,changed
pgr_edgar_monthly,2006-09-30,npw_agency,,585.9,changed
pgr_edgar_monthly,2006-09-30,npw_direct,,334.8,changed
pgr_edgar_monthly,2006-09-30,npw_commercial,,132.5,changed
pgr_edgar_monthly,2006-09-30,npe_agency,,603.6,changed
pgr_edgar_monthly,2006-09-30,npe_direct,,335.6,changed
pgr_edgar_monthly,2006-09-30,npe_commercial,,145.8,changed
pgr_edgar_monthly,2006-09-30,pif_agency_auto,,4483.0,changed
pgr_edgar_monthly,2006-09-30,channel_mix_agency_pct,,0.6363636363636364,changed
pgr_edgar_monthly,2006-10-31,loss_lae_ratio,,69.1,changed
pgr_edgar_monthly,2006-10-31,expense_ratio,,20.0,changed
pgr_edgar_monthly,2006-10-31,npw_agency,,729.1,changed
pgr_edgar_monthly,2006-10-31,npw_direct,,404.2,changed
pgr_edgar_monthly,2006-10-31,npw_commercial,,180.6,changed
pgr_edgar_monthly,2006-10-31,npe_agency,,752.1,changed
pgr_edgar_monthly,2006-10-31,npe_direct,,419.5,changed
pgr_edgar_monthly,2006-10-31,npe_commercial,,180.8,changed
pgr_edgar_monthly,2006-10-31,pif_agency_auto,,4470.0,changed
pgr_edgar_monthly,2006-10-31,channel_mix_agency_pct,,0.6433424512485661,changed
pgr_edgar_monthly,2006-10-31,total_net_realized_gains,,0.2,changed
pgr_edgar_monthly,2006-11-30,loss_lae_ratio,,66.6,changed
pgr_edgar_monthly,2006-11-30,expense_ratio,,20.4,changed
pgr_edgar_monthly,2006-11-30,npw_agency,,536.9,changed
pgr_edgar_monthly,2006-11-30,npw_direct,,298.4,changed
pgr_edgar_monthly,2006-11-30,npw_commercial,,122.3,changed
pgr_edgar_monthly,2006-11-30,npe_agency,,598.4,changed
pgr_edgar_monthly,2006-11-30,npe_direct,,332.8,changed
pgr_edgar_monthly,2006-11-30,npe_commercial,,143.9,changed
pgr_edgar_monthly,2006-11-30,pif_agency_auto,,4463.0,changed
pgr_edgar_monthly,2006-11-30,shares_repurchased,,6.3,changed
pgr_edgar_monthly,2006-11-30,channel_mix_agency_pct,,0.6427630791332456,changed
pgr_edgar_monthly,2006-11-30,total_net_realized_gains,,4.9,changed
pgr_edgar_monthly,2006-12-31,loss_lae_ratio,,65.7,changed
pgr_edgar_monthly,2006-12-31,expense_ratio,,20.9,changed
pgr_edgar_monthly,2006-12-31,npw_agency,,512.5,changed
pgr_edgar_monthly,2006-12-31,npw_direct,,289.7,changed
pgr_edgar_monthly,2006-12-31,npw_commercial,,115.0,changed
pgr_edgar_monthly,2006-12-31,npe_agency,,596.2,changed
pgr_edgar_monthly,2006-12-31,npe_direct,,334.7,changed
pgr_edgar_monthly,2006-12-31,npe_commercial,,144.0,changed
pgr_edgar_monthly,2006-12-31,pif_agency_auto,,4433.0,changed
pgr_edgar_monthly,2006-12-31,channel_mix_agency_pct,,0.6388681126901021,changed
pgr_edgar_monthly,2006-12-31,fte_return_fixed_income,0.1,-0.1,changed
pgr_edgar_monthly,2007-01-31,loss_lae_ratio,,67.0,changed
pgr_edgar_monthly,2007-01-31,expense_ratio,,20.8,changed
pgr_edgar_monthly,2007-01-31,npw_agency,,713.5,changed
pgr_edgar_monthly,2007-01-31,npw_direct,,420.8,changed
pgr_edgar_monthly,2007-01-31,npw_commercial,,177.3,changed
pgr_edgar_monthly,2007-01-31,npe_agency,,739.5,changed
pgr_edgar_monthly,2007-01-31,npe_direct,,416.6,changed
pgr_edgar_monthly,2007-01-31,npe_commercial,,177.0,changed
pgr_edgar_monthly,2007-01-31,pif_agency_auto,,4454.4,changed
pgr_edgar_monthly,2007-01-31,channel_mix_agency_pct,,0.6290223045049811,changed
pgr_edgar_monthly,2007-01-31,total_net_realized_gains,,0.2,changed
pgr_edgar_monthly,2007-02-28,total_net_realized_gains,,15.3,changed
pgr_edgar_monthly,2007-02-28,fte_return_common_stocks,1.6,-1.6,changed
pgr_edgar_monthly,2007-04-30,total_net_realized_gains,,7.9,changed
pgr_edgar_monthly,2007-05-31,total_net_realized_gains,,-4.5,changed
pgr_edgar_monthly,2007-05-31,fte_return_fixed_income,0.3,-0.3,changed
pgr_edgar_monthly,2007-06-30,fte_return_total_portfolio,0.2,-0.2,changed
pgr_edgar_monthly,2007-06-30,total_net_realized_gains,10.0,-10.0,changed
pgr_edgar_monthly,2007-06-30,fte_return_common_stocks,1.8,-1.8,changed
pgr_edgar_monthly,2007-07-31,fte_return_common_stocks,3.1,-3.1,changed
pgr_edgar_monthly,2007-08-31,book_value_per_share,,7.52,changed
pgr_edgar_monthly,2007-08-31,loss_lae_ratio,,74.3,changed
pgr_edgar_monthly,2007-08-31,expense_ratio,,21.4,changed
pgr_edgar_monthly,2007-08-31,npw_agency,,579.0,changed
pgr_edgar_monthly,2007-08-31,npw_direct,,339.3,changed
pgr_edgar_monthly,2007-08-31,npw_commercial,,132.2,changed
pgr_edgar_monthly,2007-08-31,npe_agency,,583.4,changed
pgr_edgar_monthly,2007-08-31,npe_direct,,335.0,changed
pgr_edgar_monthly,2007-08-31,npe_commercial,,142.9,changed
pgr_edgar_monthly,2007-08-31,roe_net_income_ttm,,21.0,changed
pgr_edgar_monthly,2007-08-31,shareholders_equity,,5306.4,changed
pgr_edgar_monthly,2007-08-31,total_assets,,22328.7,changed
pgr_edgar_monthly,2007-08-31,unearned_premiums,,4570.8,changed
pgr_edgar_monthly,2007-08-31,shares_repurchased,,9.5,changed
pgr_edgar_monthly,2007-08-31,avg_cost_per_share,,22.04,changed
pgr_edgar_monthly,2007-08-31,net_unrealized_gains_fixed,,930.4,changed
pgr_edgar_monthly,2007-08-31,fixed_income_duration,,3.2,changed
pgr_edgar_monthly,2007-08-31,channel_mix_agency_pct,,0.6305129042796472,changed
pgr_edgar_monthly,2007-08-31,unearned_premium_growth_yoy,,-0.026080286371771844,changed
pgr_edgar_monthly,2007-08-31,total_investments,,17438.6,changed
pgr_edgar_monthly,2007-08-31,loss_lae_reserves,,5903.7,changed
pgr_edgar_monthly,2007-08-31,debt,,2173.4,changed
pgr_edgar_monthly,2007-08-31,total_liabilities,,17022.3,changed
pgr_edgar_monthly,2007-08-31,common_shares_outstanding,,705.2,changed
pgr_edgar_monthly,2007-08-31,debt_to_total_capital,,29.1,changed
pgr_edgar_monthly,2007-08-31,weighted_avg_credit_quality,nan,AA,changed
pgr_edgar_monthly,2007-11-30,fte_return_total_portfolio,0.8,-0.8,changed
pgr_edgar_monthly,2007-11-30,fte_return_fixed_income,0.2,-0.2,changed
pgr_edgar_monthly,2007-11-30,fte_return_common_stocks,4.1,-4.1,changed
pgr_edgar_monthly,2007-12-31,fte_return_total_portfolio,0.2,-0.2,changed
pgr_edgar_monthly,2007-12-31,total_net_realized_gains,,-0.7,changed
pgr_edgar_monthly,2007-12-31,fte_return_fixed_income,0.1,-0.1,changed
pgr_edgar_monthly,2007-12-31,fte_return_common_stocks,0.6,-0.6,changed
pgr_edgar_monthly,2008-01-31,fte_return_common_stocks,6.1,-6.1,changed
pgr_edgar_monthly,2008-02-29,fte_return_total_portfolio,1.5,-1.5,changed
pgr_edgar_monthly,2008-02-29,fte_return_fixed_income,1.3,-1.3,changed
pgr_edgar_monthly,2008-02-29,fte_return_common_stocks,2.8,-2.8,changed
pgr_edgar_monthly,2008-03-31,fte_return_total_portfolio,1.0,-1.0,changed
pgr_edgar_monthly,2008-03-31,total_net_realized_gains,29.0,-29.0,changed
pgr_edgar_monthly,2008-03-31,fte_return_fixed_income,1.1,-1.1,changed
pgr_edgar_monthly,2008-03-31,fte_return_common_stocks,0.7,-0.7,changed
pgr_edgar_monthly,2008-05-31,total_net_realized_gains,7.9,-7.9,changed
pgr_edgar_monthly,2008-06-30,fte_return_total_portfolio,2.2,-2.2,changed
pgr_edgar_monthly,2008-06-30,total_net_realized_gains,53.3,-53.3,changed
pgr_edgar_monthly,2008-06-30,fte_return_fixed_income,1.0,-1.0,changed
pgr_edgar_monthly,2008-06-30,fte_return_common_stocks,8.3,-8.3,changed
pgr_edgar_monthly,2008-08-31,unearned_premium_growth_yoy,,-0.009626323619497668,changed
pgr_edgar_monthly,2008-09-30,shareholders_equity,0.1,4260.6,changed
pgr_edgar_monthly,2008-09-30,debt,33.8,2175.1,changed
pgr_edgar_monthly,2008-09-30,total_liabilities,18639.5,14379.0,changed
pgr_edgar_monthly,2008-10-31,shareholders_equity,1.6,4005.0,changed
pgr_edgar_monthly,2008-10-31,debt,35.2,2175.2,changed
pgr_edgar_monthly,2008-10-31,total_liabilities,18257.1,14253.7,changed
pgr_edgar_monthly,2008-11-30,shareholders_equity,2.6,3961.6,changed
pgr_edgar_monthly,2008-11-30,debt,35.4,2175.4,changed
pgr_edgar_monthly,2008-11-30,total_liabilities,18805.5,14846.5,changed
pgr_edgar_monthly,2008-12-31,shareholders_equity,-1.5,4215.3,changed
pgr_edgar_monthly,2008-12-31,debt,34.0,2175.5,changed
pgr_edgar_monthly,2008-12-31,total_liabilities,18252.0,14035.2,changed
pgr_edgar_monthly,2009-01-31,shareholders_equity,-2.1,4251.1,changed
pgr_edgar_monthly,2009-01-31,debt,33.9,2175.6,changed
pgr_edgar_monthly,2009-01-31,total_liabilities,18062.4,13809.2,changed
pgr_edgar_monthly,2009-02-28,pif_growth_yoy,,0.03757010042293141,changed
pgr_edgar_monthly,2009-02-28,gainshare_estimate,0.6799999999999997,0.5278505021146569,changed
pgr_edgar_monthly,2009-02-28,shareholders_equity,-0.3,4129.7,changed
pgr_edgar_monthly,2009-02-28,debt,34.5,2175.8,changed
pgr_edgar_monthly,2009-02-28,total_liabilities,18028.7,13898.7,changed
pgr_edgar_monthly,2009-04-30,pif_total,,11306.0,changed
pgr_edgar_monthly,2009-04-30,pif_growth_yoy,,0.03877251010657856,changed
pgr_edgar_monthly,2009-04-30,gainshare_estimate,0.6799999999999997,0.5338625505328927,changed
pgr_edgar_monthly,2009-04-30,pif_agency_auto,,4355.9,changed
pgr_edgar_monthly,2009-04-30,pif_direct_auto,,2998.9,changed
pgr_edgar_monthly,2009-04-30,pif_commercial_lines,,532.4,changed
pgr_edgar_monthly,2009-04-30,pif_total_personal_lines,,10773.6,changed
pgr_edgar_monthly,2009-04-30,roe_net_income_ttm,1.6,-1.6,changed
pgr_edgar_monthly,2009-04-30,net_unrealized_gains_fixed,134.5,-134.5,changed
pgr_edgar_monthly,2009-04-30,pif_special_lines,,3418.8,changed
pgr_edgar_monthly,2009-05-31,pif_total,,11329.8,changed
pgr_edgar_monthly,2009-05-31,pif_growth_yoy,,0.03484559246641039,changed
pgr_edgar_monthly,2009-05-31,gainshare_estimate,0.07000000000000028,0.2092279623320521,changed
pgr_edgar_monthly,2009-05-31,pif_agency_auto,,4343.2,changed
pgr_edgar_monthly,2009-05-31,pif_direct_auto,,3014.0,changed
pgr_edgar_monthly,2009-05-31,pif_commercial_lines,,531.4,changed
pgr_edgar_monthly,2009-05-31,pif_total_personal_lines,,10798.4,changed
pgr_edgar_monthly,2009-05-31,roe_net_income_ttm,2.1,-2.1,changed
pgr_edgar_monthly,2009-05-31,total_net_realized_gains,0.4,-0.4,changed
pgr_edgar_monthly,2009-05-31,pif_special_lines,,3441.2,changed
pgr_edgar_monthly,2009-06-30,roe_net_income_ttm,1.0,-1.0,changed
pgr_edgar_monthly,2009-06-30,net_unrealized_gains_fixed,71.4,-71.4,changed
pgr_edgar_monthly,2009-07-31,roe_net_income_ttm,0.2,-0.2,changed
pgr_edgar_monthly,2009-09-30,total_comprehensive_income,,12.4,changed
pgr_edgar_monthly,2009-10-31,fte_return_common_stocks,2.0,-2.0,changed
pgr_edgar_monthly,2010-01-31,total_net_realized_gains,8.1,-8.1,changed
pgr_edgar_monthly,2010-01-31,fte_return_common_stocks,3.6,-3.6,changed
pgr_edgar_monthly,2010-03-31,total_investments,,15564.3,changed
pgr_edgar_monthly,2010-04-30,pif_growth_yoy,,0.05458163806828242,changed
pgr_edgar_monthly,2010-04-30,gainshare_estimate,0.5299999999999997,0.537908190341412,changed
pgr_edgar_monthly,2010-04-30,total_investments,,15747.9,changed
pgr_edgar_monthly,2010-05-31,pif_growth_yoy,,0.06023054246323878,changed
pgr_edgar_monthly,2010-05-31,gainshare_estimate,0.04000000000000057,0.3211527123161942,changed
pgr_edgar_monthly,2010-05-31,fte_return_total_portfolio,1.1,-1.1,changed
pgr_edgar_monthly,2010-05-31,total_net_realized_gains,15.1,-15.1,changed
pgr_edgar_monthly,2010-05-31,total_investments,,15791.8,changed
pgr_edgar_monthly,2010-05-31,loss_lae_reserves,,6876.5,changed
pgr_edgar_monthly,2010-05-31,fte_return_fixed_income,0.5,-0.5,changed
pgr_edgar_monthly,2010-05-31,fte_return_common_stocks,7.8,-7.8,changed
pgr_edgar_monthly,2010-06-30,total_net_realized_gains,32.4,-32.4,changed
pgr_edgar_monthly,2010-06-30,total_investments,,15830.0,changed
pgr_edgar_monthly,2010-06-30,loss_lae_reserves,,6885.6,changed
pgr_edgar_monthly,2010-06-30,fte_return_common_stocks,5.7,-5.7,changed
pgr_edgar_monthly,2010-07-31,total_investments,,15848.8,changed
pgr_edgar_monthly,2010-07-31,loss_lae_reserves,,6927.0,changed
pgr_edgar_monthly,2010-08-31,pif_total,,12208.2,changed
pgr_edgar_monthly,2010-08-31,pif_growth_yoy,,0.07282393778285523,changed
pgr_edgar_monthly,2010-08-31,gainshare_estimate,0.2900000000000006,0.5091196889142764,changed
pgr_edgar_monthly,2010-08-31,pif_agency_auto,,4472.5,changed
pgr_edgar_monthly,2010-08-31,pif_direct_auto,,3551.0,changed
pgr_edgar_monthly,2010-08-31,pif_commercial_lines,,519.6,changed
pgr_edgar_monthly,2010-08-31,pif_total_personal_lines,,11688.6,changed
pgr_edgar_monthly,2010-08-31,total_net_realized_gains,13.8,-13.8,changed
pgr_edgar_monthly,2010-08-31,pif_special_lines,,3665.1,changed
pgr_edgar_monthly,2010-08-31,total_investments,,16045.6,changed
pgr_edgar_monthly,2010-08-31,loss_lae_reserves,,6933.7,changed
pgr_edgar_monthly,2010-08-31,fte_return_common_stocks,4.3,-4.3,changed
pgr_edgar_monthly,2010-09-30,total_investments,,16376.0,changed
pgr_edgar_monthly,2010-09-30,loss_lae_reserves,,6953.4,changed
pgr_edgar_monthly,2010-11-30,fte_return_total_portfolio,0.1,-0.1,changed
pgr_edgar_monthly,2010-11-30,fte_return_fixed_income,0.2,-0.2,changed
pgr_edgar_monthly,2010-12-31,fte_return_fixed_income,0.1,-0.1,changed
pgr_edgar_monthly,2011-05-31,total_net_realized_gains,0.4,-0.4,changed
pgr_edgar_monthly,2011-05-31,fte_return_common_stocks,1.1,-1.1,changed
pgr_edgar_monthly,2011-06-30,fte_return_total_portfolio,0.3,-0.3,changed
pgr_edgar_monthly,2011-06-30,fte_return_fixed_income,0.1,-0.1,changed
pgr_edgar_monthly,2011-06-30,fte_return_common_stocks,1.6,-1.6,changed
pgr_edgar_monthly,2011-07-31,total_net_realized_gains,16.5,-16.5,changed
pgr_edgar_monthly,2011-07-31,fte_return_common_stocks,2.0,-2.0,changed
pgr_edgar_monthly,2011-08-31,pif_growth_yoy,,0.0464523844629019,changed
pgr_edgar_monthly,2011-08-31,gainshare_estimate,0.0,0.23226192231450948,changed
pgr_edgar_monthly,2011-08-31,fte_return_total_portfolio,1.0,-1.0,changed
pgr_edgar_monthly,2011-08-31,total_net_realized_gains,35.7,-35.7,changed
pgr_edgar_monthly,2011-08-31,provision_for_income_taxes,3.1,-3.1,changed
pgr_edgar_monthly,2011-08-31,fte_return_fixed_income,0.4,-0.4,changed
pgr_edgar_monthly,2011-08-31,fte_return_common_stocks,5.7,-5.7,changed
pgr_edgar_monthly,2011-09-30,fte_return_total_portfolio,1.4,-1.4,changed
pgr_edgar_monthly,2011-09-30,total_net_realized_gains,0.4,-0.4,changed
pgr_edgar_monthly,2011-09-30,fte_return_fixed_income,0.7,-0.7,changed
pgr_edgar_monthly,2011-09-30,fte_return_common_stocks,7.3,-7.3,changed
pgr_edgar_monthly,2011-11-30,fte_return_common_stocks,0.1,-0.1,changed
pgr_edgar_monthly,2012-04-30,total_net_realized_gains,7.9,-7.9,changed
pgr_edgar_monthly,2012-04-30,fte_return_common_stocks,0.4,-0.4,changed
pgr_edgar_monthly,2012-05-31,fte_return_total_portfolio,0.8,-0.8,changed
pgr_edgar_monthly,2012-05-31,total_comprehensive_income,74.0,-74.0,changed
pgr_edgar_monthly,2012-05-31,comprehensive_eps_diluted,0.12,-0.12,changed
pgr_edgar_monthly,2012-05-31,fte_return_common_stocks,6.2,-6.2,changed
pgr_edgar_monthly,2012-10-31,fte_return_total_portfolio,,0.1,changed
pgr_edgar_monthly,2012-10-31,investment_book_yield,,2.4,changed
pgr_edgar_monthly,2012-10-31,fte_return_fixed_income,,0.3,changed
pgr_edgar_monthly,2012-10-31,fte_return_common_stocks,,-1.6,changed
pgr_edgar_monthly,2013-02-28,pif_growth_yoy,,0.019636558809998483,changed
pgr_edgar_monthly,2013-02-28,gainshare_estimate,0.4599999999999994,0.3281827940499921,changed
pgr_edgar_monthly,2013-05-31,fte_return_fixed_income,0.2,-0.2,changed
pgr_edgar_monthly,2013-06-30,fte_return_total_portfolio,0.7,-0.7,changed
pgr_edgar_monthly,2013-06-30,total_comprehensive_income,59.1,-59.1,changed
pgr_edgar_monthly,2013-06-30,comprehensive_eps_diluted,0.1,-0.1,changed
pgr_edgar_monthly,2013-06-30,fte_return_fixed_income,0.8,-0.8,changed
pgr_edgar_monthly,2013-06-30,fte_return_common_stocks,1.2,-1.2,changed
pgr_edgar_monthly,2013-08-31,fte_return_total_portfolio,0.6,-0.6,changed
pgr_edgar_monthly,2013-08-31,total_comprehensive_income,36.8,-36.8,changed
pgr_edgar_monthly,2013-08-31,comprehensive_eps_diluted,0.06,-0.06,changed
pgr_edgar_monthly,2013-08-31,fte_return_fixed_income,0.3,-0.3,changed
pgr_edgar_monthly,2013-08-31,fte_return_common_stocks,2.6,-2.6,changed
pgr_edgar_monthly,2013-09-30,fte_return_total_portfolio,,1.0,changed
pgr_edgar_monthly,2013-09-30,investment_book_yield,,2.8,changed
pgr_edgar_monthly,2013-09-30,fte_return_fixed_income,,0.6,changed
pgr_edgar_monthly,2013-09-30,fte_return_common_stocks,,3.7,changed
pgr_edgar_monthly,2013-10-31,fte_return_total_portfolio,,1.1,changed
pgr_edgar_monthly,2013-10-31,investment_book_yield,,2.4,changed
pgr_edgar_monthly,2013-10-31,fte_return_fixed_income,,0.6,changed
pgr_edgar_monthly,2013-10-31,fte_return_common_stocks,,4.1,changed
pgr_edgar_monthly,2013-11-30,fte_return_total_portfolio,,0.5,changed
pgr_edgar_monthly,2013-11-30,investment_book_yield,,2.8,changed
pgr_edgar_monthly,2013-11-30,fte_return_fixed_income,,0.1,changed
pgr_edgar_monthly,2013-11-30,fte_return_common_stocks,,2.8,changed
pgr_edgar_monthly,2013-12-31,fte_return_total_portfolio,,0.2,changed
pgr_edgar_monthly,2013-12-31,investment_book_yield,,2.9,changed
pgr_edgar_monthly,2013-12-31,fte_return_fixed_income,,-0.1,changed
pgr_edgar_monthly,2013-12-31,fte_return_common_stocks,,2.6,changed
pgr_edgar_monthly,2014-01-31,fte_return_total_portfolio,,0.1,changed
pgr_edgar_monthly,2014-01-31,investment_book_yield,,2.4,changed
pgr_edgar_monthly,2014-01-31,fte_return_fixed_income,,0.7,changed
pgr_edgar_monthly,2014-01-31,fte_return_common_stocks,,-3.4,changed
pgr_edgar_monthly,2014-02-28,fte_return_total_portfolio,,1.0,changed
pgr_edgar_monthly,2014-02-28,investment_book_yield,,2.6,changed
pgr_edgar_monthly,2014-02-28,fte_return_fixed_income,,0.5,changed
pgr_edgar_monthly,2014-02-28,fte_return_common_stocks,,4.8,changed
pgr_edgar_monthly,2014-03-31,fte_return_total_portfolio,,0.2,changed
pgr_edgar_monthly,2014-03-31,investment_book_yield,,2.7,changed
pgr_edgar_monthly,2014-03-31,fte_return_fixed_income,,0.1,changed
pgr_edgar_monthly,2014-03-31,fte_return_common_stocks,,0.9,changed
pgr_edgar_monthly,2014-04-30,fte_return_total_portfolio,,0.4,changed
pgr_edgar_monthly,2014-04-30,investment_book_yield,,2.2,changed
pgr_edgar_monthly,2014-04-30,fte_return_fixed_income,,0.4,changed
pgr_edgar_monthly,2014-04-30,fte_return_common_stocks,,0.3,changed
pgr_edgar_monthly,2014-05-31,fte_return_total_portfolio,,0.7,changed
pgr_edgar_monthly,2014-05-31,investment_book_yield,,2.4,changed
pgr_edgar_monthly,2014-05-31,fte_return_fixed_income,,0.5,changed
pgr_edgar_monthly,2014-05-31,fte_return_common_stocks,,2.5,changed
pgr_edgar_monthly,2014-06-30,fte_return_total_portfolio,,0.4,changed
pgr_edgar_monthly,2014-06-30,investment_book_yield,,2.5,changed
pgr_edgar_monthly,2014-06-30,fte_return_fixed_income,,0.2,changed
pgr_edgar_monthly,2014-06-30,fte_return_common_stocks,,2.1,changed
pgr_edgar_monthly,2014-07-31,fte_return_total_portfolio,,-0.2,changed
pgr_edgar_monthly,2014-07-31,investment_book_yield,,2.1,changed
pgr_edgar_monthly,2014-07-31,fte_return_fixed_income,,0.0,changed
pgr_edgar_monthly,2014-07-31,fte_return_common_stocks,,-1.7,changed
pgr_edgar_monthly,2014-08-31,fte_return_total_portfolio,,0.8,changed
pgr_edgar_monthly,2014-08-31,investment_book_yield,,2.4,changed
pgr_edgar_monthly,2014-08-31,fte_return_fixed_income,,0.4,changed
pgr_edgar_monthly,2014-08-31,fte_return_common_stocks,,4.0,changed
pgr_edgar_monthly,2014-09-30,fte_return_total_portfolio,,-0.3,changed
pgr_edgar_monthly,2014-09-30,investment_book_yield,,2.6,changed
pgr_edgar_monthly,2014-09-30,fte_return_fixed_income,,-0.1,changed
pgr_edgar_monthly,2014-09-30,fte_return_common_stocks,,-2.0,changed
pgr_edgar_monthly,2014-10-31,fte_return_total_portfolio,,0.7,changed
pgr_edgar_monthly,2014-10-31,investment_book_yield,,2.1,changed
pgr_edgar_monthly,2014-10-31,fte_return_fixed_income,,0.4,changed
pgr_edgar_monthly,2014-10-31,fte_return_common_stocks,,2.7,changed
pgr_edgar_monthly,2014-11-30,fte_return_total_portfolio,,0.5,changed
pgr_edgar_monthly,2014-11-30,investment_book_yield,,2.4,changed
pgr_edgar_monthly,2014-11-30,total_net_realized_gains,2.8,-2.8,changed
pgr_edgar_monthly,2014-11-30,fte_return_fixed_income,,0.2,changed
pgr_edgar_monthly,2014-11-30,fte_return_common_stocks,,2.2,changed
pgr_edgar_monthly,2014-12-31,fte_return_total_portfolio,,0.0,changed
pgr_edgar_monthly,2014-12-31,investment_book_yield,,2.6,changed
pgr_edgar_monthly,2014-12-31,fte_return_fixed_income,,-0.1,changed
pgr_edgar_monthly,2014-12-31,fte_return_common_stocks,,-0.1,changed
pgr_edgar_monthly,2015-01-31,fte_return_total_portfolio,,0.2,changed
pgr_edgar_monthly,2015-01-31,investment_book_yield,,2.2,changed
pgr_edgar_monthly,2015-01-31,total_net_realized_gains,7.2,-7.2,changed
pgr_edgar_monthly,2015-01-31,fte_return_fixed_income,,0.6,changed
pgr_edgar_monthly,2015-01-31,fte_return_common_stocks,,-2.8,changed
pgr_edgar_monthly,2015-02-28,fte_return_total_portfolio,,0.8,changed
pgr_edgar_monthly,2015-02-28,investment_book_yield,,2.3,changed
pgr_edgar_monthly,2015-02-28,fte_return_fixed_income,,0.0,changed
pgr_edgar_monthly,2015-02-28,fte_return_common_stocks,,5.9,changed
pgr_edgar_monthly,2015-03-31,fte_return_total_portfolio,,0.1,changed
pgr_edgar_monthly,2015-03-31,investment_book_yield,,2.5,changed
pgr_edgar_monthly,2015-03-31,fte_return_fixed_income,,0.3,changed
pgr_edgar_monthly,2015-03-31,fte_return_common_stocks,,-1.2,changed
pgr_edgar_monthly,2015-04-30,fte_return_total_portfolio,,0.2,changed
pgr_edgar_monthly,2015-04-30,investment_book_yield,,2.2,changed
pgr_edgar_monthly,2015-04-30,fte_return_fixed_income,,0.1,changed
pgr_edgar_monthly,2015-04-30,fte_return_common_stocks,,0.9,changed
pgr_edgar_monthly,2015-05-31,combined_ratio,,94.3,added
pgr_edgar_monthly,2015-05-31,pif_total,,14123.6,added
pgr_edgar_monthly,2015-05-31,pif_growth_yoy,,0.02027017265043707,added
pgr_edgar_monthly,2015-05-31,gainshare_estimate,,0.18635086325218547,added
pgr_edgar_monthly,2015-05-31,book_value_per_share,,12.6,added
pgr_edgar_monthly,2015-05-31,eps_basic,,0.14,added
pgr_edgar_monthly,2015-05-31,net_premiums_written,,1581.4,added
pgr_edgar_monthly,2015-05-31,net_premiums_earned,,1543.4,added
pgr_edgar_monthly,2015-05-31,net_income,,79.4,added
pgr_edgar_monthly,2015-05-31,eps_diluted,,0.13,added
pgr_edgar_monthly,2015-05-31,loss_lae_ratio,,73.8,added
pgr_edgar_monthly,2015-05-31,expense_ratio,,20.5,added
pgr_edgar_monthly,2015-05-31,npw_agency,,700.8,added
pgr_edgar_monthly,2015-05-31,npw_direct,,617.4,added
pgr_edgar_monthly,2015-05-31,npw_commercial,,166.8,added
pgr_edgar_monthly,2015-05-31,npw_property,,96.4,added
pgr_edgar_monthly,2015-05-31,npe_agency,,700.0,added
pgr_edgar_monthly,2015-05-31,npe_direct,,625.5,added
pgr_edgar_monthly,2015-05-31,npe_commercial,,150.7,added
pgr_edgar_monthly,2015-05-31,npe_property,,67.2,added
pgr_edgar_monthly,2015-05-31,pif_agency_auto,,4759.3,added
pgr_edgar_monthly,2015-05-31,pif_direct_auto,,4724.4,added
pgr_edgar_monthly,2015-05-31,pif_commercial_lines,,534.0,added
pgr_edgar_monthly,2015-05-31,pif_total_personal_lines,,13589.6,added
pgr_edgar_monthly,2015-05-31,investment_income,,38.7,added
pgr_edgar_monthly,2015-05-31,total_revenues,,1619.5,added
pgr_edgar_monthly,2015-05-31,total_expenses,,1497.7,added
pgr_edgar_monthly,2015-05-31,income_before_income_taxes,,121.8,added
pgr_edgar_monthly,2015-05-31,roe_net_income_ttm,,18.2,added
pgr_edgar_monthly,2015-05-31,shareholders_equity,,7385.8,added
pgr_edgar_monthly,2015-05-31,total_assets,,29326.8,added
pgr_edgar_monthly,2015-05-31,unearned_premiums,,6590.0,added
pgr_edgar_monthly,2015-05-31,shares_repurchased,,0.7,added
pgr_edgar_monthly,2015-05-31,avg_cost_per_share,,27.07,added
pgr_edgar_monthly,2015-05-31,fte_return_total_portfolio,,0.1,added
pgr_edgar_monthly,2015-05-31,investment_book_yield,,2.4,added
pgr_edgar_monthly,2015-05-31,net_unrealized_gains_fixed,,1578.2,added
pgr_edgar_monthly,2015-05-31,fixed_income_duration,,1.9,added
pgr_edgar_monthly,2015-05-31,channel_mix_agency_pct,,0.5316340464269459,added
pgr_edgar_monthly,2015-05-31,npw_growth_yoy,,0.1526239067055395,added
pgr_edgar_monthly,2015-05-31,underwriting_income,,87.97380000000008,added
pgr_edgar_monthly,2015-05-31,unearned_premium_growth_yoy,,0.17741647311059494,added
pgr_edgar_monthly,2015-05-31,filing_date,,2015-06-17,added
pgr_edgar_monthly,2015-05-31,filing_type,,monthly_results,added
pgr_edgar_monthly,2015-05-31,accession_number,,0000080661-15-000034,added
pgr_edgar_monthly,2015-05-31,avg_diluted_equivalent_shares,,589.3,added
pgr_edgar_monthly,2015-05-31,total_net_realized_gains,,7.3,added
pgr_edgar_monthly,2015-05-31,service_revenues,,7.3,added
pgr_edgar_monthly,2015-05-31,fees_and_other_revenues,,22.8,added
pgr_edgar_monthly,2015-05-31,losses_lae,,1138.7,added
pgr_edgar_monthly,2015-05-31,policy_acquisition_costs,,127.9,added
pgr_edgar_monthly,2015-05-31,other_underwriting_expenses,,211.1,added
pgr_edgar_monthly,2015-05-31,interest_expense,,11.6,added
pgr_edgar_monthly,2015-05-31,provision_for_income_taxes,,40.2,added
pgr_edgar_monthly,2015-05-31,total_comprehensive_income,,64.9,added
pgr_edgar_monthly,2015-05-31,comprehensive_eps_diluted,,0.11,added
pgr_edgar_monthly,2015-05-31,avg_shares_basic,,585.8,added
pgr_edgar_monthly,2015-05-31,avg_shares_diluted,,589.3,added
pgr_edgar_monthly,2015-05-31,pif_special_lines,,4105.9,added
pgr_edgar_monthly,2015-05-31,pif_property,,1048.1,added
pgr_edgar_monthly,2015-05-31,roe_comprehensive_trailing_12m,,18.1,added
pgr_edgar_monthly,2015-05-31,total_investments,,20642.5,added
pgr_edgar_monthly,2015-05-31,loss_lae_reserves,,9539.3,added
pgr_edgar_monthly,2015-05-31,debt,,2742.0,added
pgr_edgar_monthly,2015-05-31,total_liabilities,,21514.1,added
pgr_edgar_monthly,2015-05-31,common_shares_outstanding,,586.2,added
pgr_edgar_monthly,2015-05-31,fte_return_fixed_income,,0.0,added
pgr_edgar_monthly,2015-05-31,fte_return_common_stocks,,1.1,added
pgr_edgar_monthly,2015-05-31,debt_to_total_capital,,27.1,added
pgr_edgar_monthly,2015-05-31,weighted_avg_credit_quality,,A+,added
pgr_edgar_monthly,2015-06-30,fte_return_total_portfolio,,-0.4,changed
pgr_edgar_monthly,2015-06-30,investment_book_yield,,2.6,changed
pgr_edgar_monthly,2015-06-30,total_comprehensive_income,18.9,-18.9,changed
pgr_edgar_monthly,2015-06-30,comprehensive_eps_diluted,0.03,-0.03,changed
pgr_edgar_monthly,2015-06-30,fte_return_fixed_income,,-0.2,changed
pgr_edgar_monthly,2015-06-30,fte_return_common_stocks,,-2.0,changed
pgr_edgar_monthly,2015-07-31,fte_return_total_portfolio,,0.5,changed
pgr_edgar_monthly,2015-07-31,investment_book_yield,,2.2,changed
pgr_edgar_monthly,2015-07-31,fte_return_fixed_income,,0.3,changed
pgr_edgar_monthly,2015-07-31,fte_return_common_stocks,,1.4,changed
pgr_edgar_monthly,2015-08-31,fte_return_total_portfolio,,-0.8,changed
pgr_edgar_monthly,2015-08-31,investment_book_yield,,2.5,changed
pgr_edgar_monthly,2015-08-31,total_comprehensive_income,38.1,-38.1,changed
pgr_edgar_monthly,2015-08-31,comprehensive_eps_diluted,0.07,-0.07,changed
pgr_edgar_monthly,2015-08-31,fte_return_fixed_income,,-0.1,changed
pgr_edgar_monthly,2015-08-31,fte_return_common_stocks,,-5.6,changed
pgr_edgar_monthly,2015-09-30,fte_return_total_portfolio,,-0.1,changed
pgr_edgar_monthly,2015-09-30,investment_book_yield,,2.4,changed
pgr_edgar_monthly,2015-09-30,total_net_realized_gains,24.3,-24.3,changed
pgr_edgar_monthly,2015-09-30,fte_return_fixed_income,,0.3,changed
pgr_edgar_monthly,2015-09-30,fte_return_common_stocks,,-2.8,changed
pgr_edgar_monthly,2015-10-31,fte_return_total_portfolio,,1.2,changed
pgr_edgar_monthly,2015-10-31,investment_book_yield,,2.2,changed
pgr_edgar_monthly,2015-10-31,fte_return_fixed_income,,0.3,changed
pgr_edgar_monthly,2015-10-31,fte_return_common_stocks,,7.9,changed
pgr_edgar_monthly,2015-11-30,fte_return_total_portfolio,,0.1,changed
pgr_edgar_monthly,2015-11-30,investment_book_yield,,2.5,changed
pgr_edgar_monthly,2015-11-30,fte_return_fixed_income,,0.1,changed
pgr_edgar_monthly,2015-11-30,fte_return_common_stocks,,0.4,changed
pgr_edgar_monthly,2015-12-31,fte_return_total_portfolio,,-0.3,changed
pgr_edgar_monthly,2015-12-31,investment_book_yield,,2.5,changed
pgr_edgar_monthly,2015-12-31,fte_return_fixed_income,,-0.1,changed
pgr_edgar_monthly,2015-12-31,fte_return_common_stocks,,-1.8,changed
pgr_edgar_monthly,2016-01-31,fte_return_total_portfolio,,-0.2,changed
pgr_edgar_monthly,2016-01-31,investment_book_yield,,2.3,changed
pgr_edgar_monthly,2016-01-31,total_net_realized_gains,6.2,-6.2,changed
pgr_edgar_monthly,2016-01-31,fte_return_fixed_income,,0.5,changed
pgr_edgar_monthly,2016-01-31,fte_return_common_stocks,,-5.1,changed
pgr_edgar_monthly,2016-02-29,fte_return_total_portfolio,,0.0,changed
pgr_edgar_monthly,2016-02-29,investment_book_yield,,2.5,changed
pgr_edgar_monthly,2016-02-29,fte_return_fixed_income,,0.0,changed
pgr_edgar_monthly,2016-02-29,fte_return_common_stocks,,0.2,changed
pgr_edgar_monthly,2016-03-31,fte_return_total_portfolio,,1.4,changed
pgr_edgar_monthly,2016-03-31,investment_book_yield,,2.4,changed
pgr_edgar_monthly,2016-03-31,fte_return_fixed_income,,0.7,changed
pgr_edgar_monthly,2016-03-31,fte_return_common_stocks,,7.0,changed
pgr_edgar_monthly,2016-04-30,fte_return_total_portfolio,,0.5,changed
pgr_edgar_monthly,2016-04-30,investment_book_yield,,2.1,changed
pgr_edgar_monthly,2016-04-30,fte_return_fixed_income,,0.5,changed
pgr_edgar_monthly,2016-04-30,fte_return_common_stocks,,0.5,changed
pgr_edgar_monthly,2016-05-31,pif_growth_yoy,,0.0617264720043047,changed
pgr_edgar_monthly,2016-05-31,gainshare_estimate,0.020000000000000285,0.3186323600215236,changed
pgr_edgar_monthly,2016-05-31,fte_return_total_portfolio,,0.3,changed
pgr_edgar_monthly,2016-05-31,investment_book_yield,,2.3,changed
pgr_edgar_monthly,2016-05-31,npw_growth_yoy,-0.15242158336161338,0.10553939547236624,changed
pgr_edgar_monthly,2016-05-31,unearned_premium_growth_yoy,0.12803316668698939,0.12303490136570572,changed
pgr_edgar_monthly,2016-05-31,fte_return_fixed_income,,0.1,changed
pgr_edgar_monthly,2016-05-31,fte_return_common_stocks,,1.8,changed
pgr_edgar_monthly,2016-06-30,npw_commercial,,216.2,changed
pgr_edgar_monthly,2016-06-30,npw_property,,158.6,changed
pgr_edgar_monthly,2016-06-30,fte_return_total_portfolio,,0.6,changed
pgr_edgar_monthly,2016-06-30,investment_book_yield,,2.3,changed
pgr_edgar_monthly,2016-06-30,total_net_realized_gains,0.4,-0.4,changed
pgr_edgar_monthly,2016-06-30,fte_return_fixed_income,,0.7,changed
pgr_edgar_monthly,2016-06-30,fte_return_common_stocks,,0.0,changed
pgr_edgar_monthly,2016-07-31,fte_return_total_portfolio,,1.0,changed
pgr_edgar_monthly,2016-07-31,investment_book_yield,,2.3,changed
pgr_edgar_monthly,2016-07-31,fte_return_fixed_income,,0.6,changed
pgr_edgar_monthly,2016-07-31,fte_return_common_stocks,,3.8,changed
pgr_edgar_monthly,2016-08-31,fte_return_total_portfolio,,0.1,changed
pgr_edgar_monthly,2016-08-31,investment_book_yield,,2.3,changed
pgr_edgar_monthly,2016-08-31,total_net_realized_gains,29.3,-29.3,changed
pgr_edgar_monthly,2016-08-31,provision_for_income_taxes,16.5,-16.5,changed
pgr_edgar_monthly,2016-08-31,fte_return_fixed_income,,0.1,changed
pgr_edgar_monthly,2016-08-31,fte_return_common_stocks,,0.2,changed
pgr_edgar_monthly,2016-09-30,fte_return_total_portfolio,,0.1,changed
pgr_edgar_monthly,2016-09-30,investment_book_yield,,2.2,changed
pgr_edgar_monthly,2016-09-30,total_net_realized_gains,14.7,-14.7,changed
pgr_edgar_monthly,2016-09-30,fte_return_fixed_income,,0.1,changed
pgr_edgar_monthly,2016-09-30,fte_return_common_stocks,,0.2,changed
pgr_edgar_monthly,2016-10-31,fte_return_total_portfolio,,-0.3,changed
pgr_edgar_monthly,2016-10-31,investment_book_yield,,2.1,changed
pgr_edgar_monthly,2016-10-31,total_comprehensive_income,1.4,-1.4,changed
pgr_edgar_monthly,2016-10-31,fte_return_fixed_income,,0.0,changed
pgr_edgar_monthly,2016-10-31,fte_return_common_stocks,,-2.1,changed
pgr_edgar_monthly,2016-11-30,fte_return_total_portfolio,,-0.1,changed
pgr_edgar_monthly,2016-11-30,investment_book_yield,,2.3,changed
pgr_edgar_monthly,2016-11-30,fte_return_fixed_income,,-0.7,changed
pgr_edgar_monthly,2016-11-30,fte_return_common_stocks,,4.3,changed
pgr_edgar_monthly,2016-12-31,fte_return_total_portfolio,,0.5,changed
pgr_edgar_monthly,2016-12-31,investment_book_yield,,2.5,changed
pgr_edgar_monthly,2016-12-31,total_net_realized_gains,21.8,-21.8,changed
pgr_edgar_monthly,2016-12-31,fte_return_fixed_income,,0.3,changed
pgr_edgar_monthly,2016-12-31,fte_return_common_stocks,,1.8,changed
pgr_edgar_monthly,2017-01-31,fte_return_total_portfolio,,0.6,changed
pgr_edgar_monthly,2017-01-31,investment_book_yield,,2.2,changed
pgr_edgar_monthly,2017-01-31,fte_return_fixed_income,,0.4,changed
pgr_edgar_monthly,2017-01-31,fte_return_common_stocks,,2.0,changed
pgr_edgar_monthly,2017-02-28,pif_growth_yoy,,0.05952836637047154,changed
pgr_edgar_monthly,2017-02-28,gainshare_estimate,0.5599999999999994,0.5776418318523574,changed
pgr_edgar_monthly,2017-02-28,fte_return_total_portfolio,,0.9,changed
pgr_edgar_monthly,2017-02-28,investment_book_yield,,2.4,changed
pgr_edgar_monthly,2017-02-28,fte_return_fixed_income,,0.4,changed
pgr_edgar_monthly,2017-02-28,fte_return_common_stocks,,3.8,changed
pgr_edgar_monthly,2017-03-31,fte_return_total_portfolio,,0.2,changed
pgr_edgar_monthly,2017-03-31,investment_book_yield,,2.4,changed
pgr_edgar_monthly,2017-03-31,fte_return_fixed_income,,0.2,changed
pgr_edgar_monthly,2017-03-31,fte_return_common_stocks,,0.2,changed
pgr_edgar_monthly,2017-04-30,fte_return_total_portfolio,,0.6,changed
pgr_edgar_monthly,2017-04-30,investment_book_yield,,2.2,changed
pgr_edgar_monthly,2017-04-30,fte_return_fixed_income,,0.5,changed
pgr_edgar_monthly,2017-04-30,fte_return_common_stocks,,1.2,changed
pgr_edgar_monthly,2017-05-31,fte_return_total_portfolio,,0.6,changed
pgr_edgar_monthly,2017-05-31,investment_book_yield,,2.4,changed
pgr_edgar_monthly,2017-05-31,fte_return_fixed_income,,0.5,changed
pgr_edgar_monthly,2017-05-31,fte_return_common_stocks,,1.4,changed
pgr_edgar_monthly,2017-06-30,fte_return_total_portfolio,,0.2,changed
pgr_edgar_monthly,2017-06-30,investment_book_yield,,2.3,changed
pgr_edgar_monthly,2017-06-30,fte_return_fixed_income,,0.1,changed
pgr_edgar_monthly,2017-06-30,fte_return_common_stocks,,0.8,changed
pgr_edgar_monthly,2017-07-31,fte_return_total_portfolio,,0.6,changed
pgr_edgar_monthly,2017-07-31,investment_book_yield,,2.2,changed
pgr_edgar_monthly,2017-07-31,fte_return_fixed_income,,0.4,changed
pgr_edgar_monthly,2017-07-31,fte_return_common_stocks,,2.0,changed
pgr_edgar_monthly,2017-08-31,eps_basic,0.03,-0.03,changed
pgr_edgar_monthly,2017-08-31,net_income,16.8,-16.8,changed
pgr_edgar_monthly,2017-08-31,eps_diluted,0.03,-0.03,changed
pgr_edgar_monthly,2017-08-31,income_before_income_taxes,49.5,-49.5,changed
pgr_edgar_monthly,2017-08-31,fte_return_total_portfolio,,0.3,changed
pgr_edgar_monthly,2017-08-31,investment_book_yield,,2.5,changed
pgr_edgar_monthly,2017-08-31,total_net_realized_gains,11.7,-11.7,changed
pgr_edgar_monthly,2017-08-31,provision_for_income_taxes,29.8,-29.8,changed
pgr_edgar_monthly,2017-08-31,fte_return_fixed_income,,0.4,changed
pgr_edgar_monthly,2017-08-31,fte_return_common_stocks,,0.1,changed
pgr_edgar_monthly,2017-09-30,fte_return_total_portfolio,,0.1,changed
pgr_edgar_monthly,2017-09-30,investment_book_yield,,2.3,changed
pgr_edgar_monthly,2017-09-30,total_net_realized_gains,13.9,-13.9,changed
pgr_edgar_monthly,2017-09-30,provision_for_income_taxes,10.8,-10.8,changed
pgr_edgar_monthly,2017-09-30,fte_return_fixed_income,,-0.1,changed
pgr_edgar_monthly,2017-09-30,fte_return_common_stocks,,2.2,changed
pgr_edgar_monthly,2017-10-31,fte_return_total_portfolio,,0.4,changed
pgr_edgar_monthly,2017-10-31,investment_book_yield,,2.2,changed
pgr_edgar_monthly,2017-10-31,fte_return_fixed_income,,0.1,changed
pgr_edgar_monthly,2017-10-31,fte_return_common_stocks,,2.2,changed
pgr_edgar_monthly,2017-11-30,fte_return_total_portfolio,,0.2,changed
pgr_edgar_monthly,2017-11-30,investment_book_yield,,2.4,changed
pgr_edgar_monthly,2017-11-30,fte_return_fixed_income,,-0.1,changed
pgr_edgar_monthly,2017-11-30,fte_return_common_stocks,,2.9,changed
pgr_edgar_monthly,2017-12-31,fte_return_total_portfolio,,0.3,changed
pgr_edgar_monthly,2017-12-31,investment_book_yield,,2.5,changed
pgr_edgar_monthly,2017-12-31,total_net_realized_gains,12.6,-12.6,changed
pgr_edgar_monthly,2017-12-31,provision_for_income_taxes,33.8,-33.8,changed
pgr_edgar_monthly,2017-12-31,fte_return_fixed_income,,0.2,changed
pgr_edgar_monthly,2017-12-31,fte_return_common_stocks,,1.1,changed
pgr_edgar_monthly,2018-01-31,fte_return_total_portfolio,,0.3,changed
pgr_edgar_monthly,2018-01-31,investment_book_yield,,2.4,changed
pgr_edgar_monthly,2018-01-31,net_unrealized_gains_fixed,147.9,-147.9,changed
pgr_edgar_monthly,2018-01-31,fte_return_fixed_income,,-0.4,changed
pgr_edgar_monthly,2018-01-31,fte_return_common_stocks,,5.4,changed
pgr_edgar_monthly,2018-02-28,fte_return_total_portfolio,,-0.6,changed
pgr_edgar_monthly,2018-02-28,investment_book_yield,,2.5,changed
pgr_edgar_monthly,2018-02-28,net_unrealized_gains_fixed,227.4,-227.4,changed
pgr_edgar_monthly,2018-02-28,total_net_realized_gains,139.6,-139.6,changed
pgr_edgar_monthly,2018-02-28,fte_return_fixed_income,,-0.2,changed
pgr_edgar_monthly,2018-02-28,fte_return_common_stocks,,-3.3,changed
pgr_edgar_monthly,2018-03-31,fte_return_total_portfolio,,0.0,changed
pgr_edgar_monthly,2018-03-31,investment_book_yield,,2.8,changed
pgr_edgar_monthly,2018-03-31,net_unrealized_gains_fixed,204.1,-204.1,changed
pgr_edgar_monthly,2018-03-31,total_net_realized_gains,89.7,-89.7,changed
pgr_edgar_monthly,2018-03-31,fte_return_fixed_income,,0.3,changed
pgr_edgar_monthly,2018-03-31,fte_return_common_stocks,,-2.3,changed
pgr_edgar_monthly,2018-04-30,fte_return_total_portfolio,,-0.2,changed
pgr_edgar_monthly,2018-04-30,investment_book_yield,,2.5,changed
pgr_edgar_monthly,2018-04-30,net_unrealized_gains_fixed,316.2,-316.2,changed
pgr_edgar_monthly,2018-04-30,total_net_realized_gains,6.6,-6.6,changed
pgr_edgar_monthly,2018-04-30,fte_return_fixed_income,,-0.2,changed
pgr_edgar_monthly,2018-04-30,fte_return_common_stocks,,0.1,changed
pgr_edgar_monthly,2018-05-31,fte_return_total_portfolio,,0.6,changed
pgr_edgar_monthly,2018-05-31,investment_book_yield,,2.8,changed
pgr_edgar_monthly,2018-05-31,net_unrealized_gains_fixed,249.4,-249.4,changed
pgr_edgar_monthly,2018-05-31,fte_return_fixed_income,,0.5,changed
pgr_edgar_monthly,2018-05-31,fte_return_common_stocks,,2.2,changed
pgr_edgar_monthly,2018-06-30,fte_return_total_portfolio,,0.2,changed
pgr_edgar_monthly,2018-06-30,investment_book_yield,,2.8,changed
pgr_edgar_monthly,2018-06-30,net_unrealized_gains_fixed,267.3,-267.3,changed
pgr_edgar_monthly,2018-06-30,total_net_realized_gains,16.3,-16.3,changed
pgr_edgar_monthly,2018-06-30,fte_return_fixed_income,,0.1,changed
pgr_edgar_monthly,2018-06-30,fte_return_common_stocks,,0.7,changed
pgr_edgar_monthly,2018-07-31,fte_return_total_portfolio,,0.5,changed
pgr_edgar_monthly,2018-07-31,investment_book_yield,,2.8,changed
pgr_edgar_monthly,2018-07-31,net_unrealized_gains_fixed,290.3,-290.3,changed
pgr_edgar_monthly,2018-07-31,fte_return_fixed_income,,0.2,changed
pgr_edgar_monthly,2018-07-31,fte_return_common_stocks,,3.4,changed
pgr_edgar_monthly,2018-08-31,fte_return_total_portfolio,,0.8,changed
pgr_edgar_monthly,2018-08-31,investment_book_yield,,3.1,changed
pgr_edgar_monthly,2018-08-31,net_unrealized_gains_fixed,228.4,-228.4,changed
pgr_edgar_monthly,2018-08-31,fte_return_fixed_income,,0.5,changed
pgr_edgar_monthly,2018-08-31,fte_return_common_stocks,,3.2,changed
pgr_edgar_monthly,2018-09-30,npw_commercial,,371.6,changed
pgr_edgar_monthly,2018-09-30,npw_property,,124.6,changed
pgr_edgar_monthly,2018-09-30,fte_return_total_portfolio,,0.0,changed
pgr_edgar_monthly,2018-09-30,investment_book_yield,,2.9,changed
pgr_edgar_monthly,2018-09-30,net_unrealized_gains_fixed,316.7,-316.7,changed
pgr_edgar_monthly,2018-09-30,total_net_realized_gains,1.3,-1.3,changed
pgr_edgar_monthly,2018-09-30,fte_return_fixed_income,,-0.1,changed
pgr_edgar_monthly,2018-09-30,fte_return_common_stocks,,0.6,changed
pgr_edgar_monthly,2018-10-31,eps_basic,0.06,-0.06,changed
pgr_edgar_monthly,2018-10-31,net_income,31.7,-31.7,changed
pgr_edgar_monthly,2018-10-31,eps_diluted,0.06,-0.06,changed
pgr_edgar_monthly,2018-10-31,income_before_income_taxes,69.4,-69.4,changed
pgr_edgar_monthly,2018-10-31,fte_return_total_portfolio,,-0.7,changed
pgr_edgar_monthly,2018-10-31,investment_book_yield,,3.0,changed
pgr_edgar_monthly,2018-10-31,net_unrealized_gains_fixed,378.8,-378.8,changed
pgr_edgar_monthly,2018-10-31,total_net_realized_gains,259.9,-259.9,changed
pgr_edgar_monthly,2018-10-31,provision_for_income_taxes,32.3,-32.3,changed
pgr_edgar_monthly,2018-10-31,total_comprehensive_income,80.3,-80.3,changed
pgr_edgar_monthly,2018-10-31,comprehensive_eps_diluted,0.14,-0.14,changed
pgr_edgar_monthly,2018-10-31,fte_return_fixed_income,,-0.1,changed
pgr_edgar_monthly,2018-10-31,fte_return_common_stocks,,-6.8,changed
pgr_edgar_monthly,2018-11-30,fte_return_total_portfolio,,0.5,changed
pgr_edgar_monthly,2018-11-30,investment_book_yield,,3.0,changed
pgr_edgar_monthly,2018-11-30,net_unrealized_gains_fixed,315.8,-315.8,changed
pgr_edgar_monthly,2018-11-30,fte_return_fixed_income,,0.3,changed
pgr_edgar_monthly,2018-11-30,fte_return_common_stocks,,2.1,changed
pgr_edgar_monthly,2018-12-31,fte_return_total_portfolio,,-0.1,changed
pgr_edgar_monthly,2018-12-31,investment_book_yield,,3.2,changed
pgr_edgar_monthly,2018-12-31,net_unrealized_gains_fixed,134.2,-134.2,changed
pgr_edgar_monthly,2018-12-31,total_net_realized_gains,330.8,-330.8,changed
pgr_edgar_monthly,2018-12-31,provision_for_income_taxes,45.9,-45.9,changed
pgr_edgar_monthly,2018-12-31,fte_return_fixed_income,,0.7,changed
pgr_edgar_monthly,2018-12-31,fte_return_common_stocks,,-9.0,changed
pgr_edgar_monthly,2019-01-31,fte_return_total_portfolio,,1.5,changed
pgr_edgar_monthly,2019-01-31,investment_book_yield,,3.1,changed
pgr_edgar_monthly,2019-01-31,fte_return_fixed_income,,0.9,changed
pgr_edgar_monthly,2019-01-31,fte_return_common_stocks,,8.2,changed
pgr_edgar_monthly,2019-02-28,fte_return_total_portfolio,,0.6,changed
pgr_edgar_monthly,2019-02-28,investment_book_yield,,3.1,changed
pgr_edgar_monthly,2019-02-28,fte_return_fixed_income,,0.3,changed
pgr_edgar_monthly,2019-02-28,fte_return_common_stocks,,3.1,changed
pgr_edgar_monthly,2019-03-31,fte_return_total_portfolio,,1.1,changed
pgr_edgar_monthly,2019-03-31,investment_book_yield,,3.2,changed
pgr_edgar_monthly,2019-03-31,fte_return_fixed_income,,1.0,changed
pgr_edgar_monthly,2019-03-31,fte_return_common_stocks,,1.6,changed
pgr_edgar_monthly,2019-04-30,combined_ratio,,87.4,added
pgr_edgar_monthly,2019-04-30,pif_total,,19280.9,added
pgr_edgar_monthly,2019-04-30,pif_growth_yoy,,0.10133147501842132,added
pgr_edgar_monthly,2019-04-30,gainshare_estimate,,0.9366573750921063,added
pgr_edgar_monthly,2019-04-30,book_value_per_share,,20.74,added
pgr_edgar_monthly,2019-04-30,eps_basic,,0.83,added
pgr_edgar_monthly,2019-04-30,net_premiums_written,,3669.8,added
pgr_edgar_monthly,2019-04-30,net_premiums_earned,,3348.3,added
pgr_edgar_monthly,2019-04-30,net_income,,487.8,added
pgr_edgar_monthly,2019-04-30,eps_diluted,,0.83,added
pgr_edgar_monthly,2019-04-30,loss_lae_ratio,,66.7,added
pgr_edgar_monthly,2019-04-30,expense_ratio,,20.7,added
pgr_edgar_monthly,2019-04-30,npw_agency,,1533.3,added
pgr_edgar_monthly,2019-04-30,npw_direct,,1508.2,added
pgr_edgar_monthly,2019-04-30,npw_commercial,,486.6,added
pgr_edgar_monthly,2019-04-30,npw_property,,141.7,added
pgr_edgar_monthly,2019-04-30,npe_agency,,1390.0,added
pgr_edgar_monthly,2019-04-30,npe_direct,,1426.4,added
pgr_edgar_monthly,2019-04-30,npe_commercial,,406.7,added
pgr_edgar_monthly,2019-04-30,npe_property,,125.2,added
pgr_edgar_monthly,2019-04-30,pif_agency_auto,,6687.2,added
pgr_edgar_monthly,2019-04-30,pif_direct_auto,,7427.8,added
pgr_edgar_monthly,2019-04-30,pif_commercial_lines,,721.7,added
pgr_edgar_monthly,2019-04-30,pif_total_personal_lines,,18559.2,added
pgr_edgar_monthly,2019-04-30,investment_income,,80.9,added
pgr_edgar_monthly,2019-04-30,total_revenues,,3629.8,added
pgr_edgar_monthly,2019-04-30,total_expenses,,3011.4,added
pgr_edgar_monthly,2019-04-30,income_before_income_taxes,,618.4,added
pgr_edgar_monthly,2019-04-30,roe_net_income_ttm,,28.8,added
pgr_edgar_monthly,2019-04-30,shareholders_equity,,12603.8,added
pgr_edgar_monthly,2019-04-30,total_assets,,49602.8,added
pgr_edgar_monthly,2019-04-30,unearned_premiums,,11878.7,added
pgr_edgar_monthly,2019-04-30,shares_repurchased,,0.0,added
pgr_edgar_monthly,2019-04-30,avg_cost_per_share,,0.0,added
pgr_edgar_monthly,2019-04-30,fte_return_total_portfolio,,0.6,added
pgr_edgar_monthly,2019-04-30,investment_book_yield,,3.0,added
pgr_edgar_monthly,2019-04-30,net_unrealized_gains_fixed,,240.0,added
pgr_edgar_monthly,2019-04-30,fixed_income_duration,,2.8,added
pgr_edgar_monthly,2019-04-30,channel_mix_agency_pct,,0.5041262534933421,added
pgr_edgar_monthly,2019-04-30,npw_growth_yoy,,0.1372524714121912,added
pgr_edgar_monthly,2019-04-30,underwriting_income,,421.8857999999997,added
pgr_edgar_monthly,2019-04-30,unearned_premium_growth_yoy,,0.16752012423459117,added
pgr_edgar_monthly,2019-04-30,filing_date,,2019-05-15,added
pgr_edgar_monthly,2019-04-30,filing_type,,monthly_results,added
pgr_edgar_monthly,2019-04-30,accession_number,,0000080661-19-000027,added
pgr_edgar_monthly,2019-04-30,avg_diluted_equivalent_shares,,586.7,added
pgr_edgar_monthly,2019-04-30,total_net_realized_gains,,131.6,added
pgr_edgar_monthly,2019-04-30,service_revenues,,18.2,added
pgr_edgar_monthly,2019-04-30,fees_and_other_revenues,,50.8,added
pgr_edgar_monthly,2019-04-30,losses_lae,,2232.2,added
pgr_edgar_monthly,2019-04-30,policy_acquisition_costs,,280.8,added
pgr_edgar_monthly,2019-04-30,other_underwriting_expenses,,464.1,added
pgr_edgar_monthly,2019-04-30,interest_expense,,15.8,added
pgr_edgar_monthly,2019-04-30,provision_for_income_taxes,,130.5,added
pgr_edgar_monthly,2019-04-30,total_comprehensive_income,,482.5,added
pgr_edgar_monthly,2019-04-30,comprehensive_eps_diluted,,0.82,added
pgr_edgar_monthly,2019-04-30,avg_shares_basic,,583.5,added
pgr_edgar_monthly,2019-04-30,avg_shares_diluted,,586.7,added
pgr_edgar_monthly,2019-04-30,pif_special_lines,,4444.2,added
pgr_edgar_monthly,2019-04-30,pif_property,,2024.8,added
pgr_edgar_monthly,2019-04-30,roe_comprehensive_trailing_12m,,32.8,added
pgr_edgar_monthly,2019-04-30,total_investments,,35018.3,added
pgr_edgar_monthly,2019-04-30,loss_lae_reserves,,16001.8,added
pgr_edgar_monthly,2019-04-30,debt,,4405.6,added
pgr_edgar_monthly,2019-04-30,total_liabilities,,36777.8,added
pgr_edgar_monthly,2019-04-30,common_shares_outstanding,,584.0,added
pgr_edgar_monthly,2019-04-30,fte_return_fixed_income,,0.3,added
pgr_edgar_monthly,2019-04-30,fte_return_common_stocks,,3.7,added
pgr_edgar_monthly,2019-04-30,debt_to_total_capital,,25.9,added
pgr_edgar_monthly,2019-04-30,weighted_avg_credit_quality,,AA-,added
pgr_edgar_monthly,2019-05-31,fte_return_total_portfolio,,0.3,changed
pgr_edgar_monthly,2019-05-31,investment_book_yield,,3.2,changed
pgr_edgar_monthly,2019-05-31,total_net_realized_gains,204.3,-204.3,changed
pgr_edgar_monthly,2019-05-31,fte_return_fixed_income,,1.0,changed
pgr_edgar_monthly,2019-05-31,fte_return_common_stocks,,-6.4,changed
pgr_edgar_monthly,2019-06-30,fte_return_total_portfolio,,1.3,changed
pgr_edgar_monthly,2019-06-30,investment_book_yield,,3.3,changed
pgr_edgar_monthly,2019-06-30,fte_return_fixed_income,,0.8,changed
pgr_edgar_monthly,2019-06-30,fte_return_common_stocks,,7.1,changed
pgr_edgar_monthly,2019-07-31,fte_return_total_portfolio,,0.3,changed
pgr_edgar_monthly,2019-07-31,investment_book_yield,,3.1,changed
pgr_edgar_monthly,2019-07-31,fte_return_fixed_income,,0.2,changed
pgr_edgar_monthly,2019-07-31,fte_return_common_stocks,,1.5,changed
pgr_edgar_monthly,2019-08-31,fte_return_total_portfolio,,0.9,changed
pgr_edgar_monthly,2019-08-31,investment_book_yield,,3.1,changed
pgr_edgar_monthly,2019-08-31,total_net_realized_gains,33.7,-33.7,changed
pgr_edgar_monthly,2019-08-31,fte_return_fixed_income,,1.2,changed
pgr_edgar_monthly,2019-08-31,fte_return_common_stocks,,-1.9,changed
pgr_edgar_monthly,2019-09-30,fte_return_total_portfolio,,0.0,changed
pgr_edgar_monthly,2019-09-30,investment_book_yield,,2.9,changed
pgr_edgar_monthly,2019-09-30,fte_return_fixed_income,,-0.2,changed
pgr_edgar_monthly,2019-09-30,fte_return_common_stocks,,1.8,changed
pgr_edgar_monthly,2019-10-31,fte_return_total_portfolio,,0.5,changed
pgr_edgar_monthly,2019-10-31,investment_book_yield,,3.2,changed
pgr_edgar_monthly,2019-10-31,fte_return_fixed_income,,0.4,changed
pgr_edgar_monthly,2019-10-31,fte_return_common_stocks,,2.5,changed
pgr_edgar_monthly,2019-11-30,fte_return_total_portfolio,,0.3,changed
pgr_edgar_monthly,2019-11-30,investment_book_yield,,2.8,changed
pgr_edgar_monthly,2019-11-30,fte_return_fixed_income,,-0.1,changed
pgr_edgar_monthly,2019-11-30,fte_return_common_stocks,,3.8,changed
pgr_edgar_monthly,2019-12-31,fte_return_total_portfolio,,0.3,changed
pgr_edgar_monthly,2019-12-31,investment_book_yield,,2.8,changed
pgr_edgar_monthly,2019-12-31,fte_return_fixed_income,,0.1,changed
pgr_edgar_monthly,2019-12-31,fte_return_common_stocks,,2.7,changed
pgr_edgar_monthly,2020-01-31,fte_return_total_portfolio,,1.2,changed
pgr_edgar_monthly,2020-01-31,investment_book_yield,,2.8,changed
pgr_edgar_monthly,2020-01-31,fte_return_fixed_income,,1.3,changed
pgr_edgar_monthly,2020-01-31,fte_return_common_stocks,,-0.3,changed
pgr_edgar_monthly,2020-02-29,fte_return_total_portfolio,,0.3,changed
pgr_edgar_monthly,2020-02-29,investment_book_yield,,2.6,changed
pgr_edgar_monthly,2020-02-29,total_net_realized_gains,257.0,-257.0,changed
pgr_edgar_monthly,2020-02-29,fte_return_fixed_income,,1.1,changed
pgr_edgar_monthly,2020-02-29,fte_return_common_stocks,,-7.8,changed
pgr_edgar_monthly,2020-03-31,fte_return_total_portfolio,,-2.1,changed
pgr_edgar_monthly,2020-03-31,investment_book_yield,,2.6,changed
pgr_edgar_monthly,2020-03-31,total_net_realized_gains,329.1,-329.1,changed
pgr_edgar_monthly,2020-03-31,total_comprehensive_income,122.3,-122.3,changed
pgr_edgar_monthly,2020-03-31,comprehensive_eps_diluted,0.21,-0.21,changed
pgr_edgar_monthly,2020-03-31,fte_return_fixed_income,,-1.1,changed
pgr_edgar_monthly,2020-03-31,fte_return_common_stocks,,-13.4,changed
pgr_edgar_monthly,2020-04-30,pif_growth_yoy,,0.08340378301842755,changed
pgr_edgar_monthly,2020-04-30,gainshare_estimate,1.2599999999999993,1.0470189150921374,changed
pgr_edgar_monthly,2020-04-30,fte_return_total_portfolio,,2.3,changed
pgr_edgar_monthly,2020-04-30,investment_book_yield,,2.6,changed
pgr_edgar_monthly,2020-04-30,npw_growth_yoy,0.27181808967125054,0.025723472668810254,changed
pgr_edgar_monthly,2020-04-30,unearned_premium_growth_yoy,0.09665103933262098,0.071253588355628,changed
pgr_edgar_monthly,2020-04-30,fte_return_fixed_income,,1.6,changed
pgr_edgar_monthly,2020-04-30,fte_return_common_stocks,,13.0,changed
pgr_edgar_monthly,2020-05-31,fte_return_total_portfolio,,1.3,changed
pgr_edgar_monthly,2020-05-31,investment_book_yield,,2.6,changed
pgr_edgar_monthly,2020-05-31,fte_return_fixed_income,,1.0,changed
pgr_edgar_monthly,2020-05-31,fte_return_common_stocks,,5.3,changed
pgr_edgar_monthly,2020-06-30,fte_return_total_portfolio,,0.9,changed
pgr_edgar_monthly,2020-06-30,investment_book_yield,,2.3,changed
pgr_edgar_monthly,2020-06-30,fte_return_fixed_income,,0.8,changed
pgr_edgar_monthly,2020-06-30,fte_return_common_stocks,,2.2,changed
pgr_edgar_monthly,2020-07-31,fte_return_total_portfolio,,1.3,changed
pgr_edgar_monthly,2020-07-31,investment_book_yield,,2.2,changed
pgr_edgar_monthly,2020-07-31,fte_return_fixed_income,,0.9,changed
pgr_edgar_monthly,2020-07-31,fte_return_common_stocks,,5.8,changed
pgr_edgar_monthly,2020-08-31,fte_return_total_portfolio,,0.7,changed
pgr_edgar_monthly,2020-08-31,investment_book_yield,,2.4,changed
pgr_edgar_monthly,2020-08-31,fte_return_fixed_income,,0.1,changed
pgr_edgar_monthly,2020-08-31,fte_return_common_stocks,,7.7,changed
pgr_edgar_monthly,2020-09-30,fte_return_total_portfolio,,-0.3,changed
pgr_edgar_monthly,2020-09-30,investment_book_yield,,2.2,changed
pgr_edgar_monthly,2020-09-30,fte_return_fixed_income,,0.0,changed
pgr_edgar_monthly,2020-09-30,fte_return_common_stocks,,-3.8,changed
pgr_edgar_monthly,2020-10-31,fte_return_total_portfolio,,-0.3,changed
pgr_edgar_monthly,2020-10-31,investment_book_yield,,2.1,changed
pgr_edgar_monthly,2020-10-31,fte_return_fixed_income,,-0.1,changed
pgr_edgar_monthly,2020-10-31,fte_return_common_stocks,,-2.7,changed
pgr_edgar_monthly,2020-11-30,fte_return_total_portfolio,,1.4,changed
pgr_edgar_monthly,2020-11-30,investment_book_yield,,2.1,changed
pgr_edgar_monthly,2020-11-30,fte_return_fixed_income,,0.6,changed
pgr_edgar_monthly,2020-11-30,fte_return_common_stocks,,11.8,changed
pgr_edgar_monthly,2020-12-31,fte_return_total_portfolio,,1.0,changed
pgr_edgar_monthly,2020-12-31,investment_book_yield,,2.0,changed
pgr_edgar_monthly,2020-12-31,fte_return_fixed_income,,0.4,changed
pgr_edgar_monthly,2020-12-31,fte_return_common_stocks,,7.2,changed
pgr_edgar_monthly,2021-01-31,fte_return_total_portfolio,,0.1,changed
pgr_edgar_monthly,2021-01-31,investment_book_yield,,1.9,changed
pgr_edgar_monthly,2021-01-31,fte_return_fixed_income,,0.0,changed
pgr_edgar_monthly,2021-01-31,fte_return_common_stocks,,0.9,changed
pgr_edgar_monthly,2021-02-28,pif_growth_yoy,,0.10236224298883734,changed
pgr_edgar_monthly,2021-02-28,gainshare_estimate,0.4599999999999994,0.7418112149441864,changed
pgr_edgar_monthly,2021-02-28,fte_return_total_portfolio,,-0.2,changed
pgr_edgar_monthly,2021-02-28,investment_book_yield,,1.9,changed
pgr_edgar_monthly,2021-02-28,fte_return_fixed_income,,-0.5,changed
pgr_edgar_monthly,2021-02-28,fte_return_common_stocks,,2.9,changed
pgr_edgar_monthly,2021-03-31,fte_return_total_portfolio,,0.4,changed
pgr_edgar_monthly,2021-03-31,investment_book_yield,,2.4,changed
pgr_edgar_monthly,2021-03-31,fte_return_fixed_income,,-0.4,changed
pgr_edgar_monthly,2021-03-31,fte_return_common_stocks,,8.3,changed
pgr_edgar_monthly,2021-04-30,fte_return_total_portfolio,,0.8,changed
pgr_edgar_monthly,2021-04-30,investment_book_yield,,1.8,changed
pgr_edgar_monthly,2021-04-30,fte_return_fixed_income,,0.5,changed
pgr_edgar_monthly,2021-04-30,fte_return_common_stocks,,3.4,changed
pgr_edgar_monthly,2021-05-31,fte_return_total_portfolio,,0.6,changed
pgr_edgar_monthly,2021-05-31,investment_book_yield,,1.9,changed
pgr_edgar_monthly,2021-05-31,fte_return_fixed_income,,0.3,changed
pgr_edgar_monthly,2021-05-31,fte_return_common_stocks,,3.0,changed
pgr_edgar_monthly,2021-06-30,fte_return_total_portfolio,,0.3,changed
pgr_edgar_monthly,2021-06-30,investment_book_yield,,2.0,changed
pgr_edgar_monthly,2021-06-30,fte_return_fixed_income,,0.3,changed
pgr_edgar_monthly,2021-06-30,fte_return_common_stocks,,0.7,changed
pgr_edgar_monthly,2021-07-31,fte_return_total_portfolio,,0.7,changed
pgr_edgar_monthly,2021-07-31,investment_book_yield,,1.8,changed
pgr_edgar_monthly,2021-07-31,fte_return_fixed_income,,0.6,changed
pgr_edgar_monthly,2021-07-31,fte_return_common_stocks,,2.0,changed
pgr_edgar_monthly,2021-08-31,fte_return_total_portfolio,,0.2,changed
pgr_edgar_monthly,2021-08-31,investment_book_yield,,1.7,changed
pgr_edgar_monthly,2021-08-31,fte_return_fixed_income,,-0.1,changed
pgr_edgar_monthly,2021-08-31,fte_return_common_stocks,,3.0,changed
pgr_edgar_monthly,2021-09-30,fte_return_total_portfolio,,-0.7,changed
pgr_edgar_monthly,2021-09-30,investment_book_yield,,1.9,changed
pgr_edgar_monthly,2021-09-30,fte_return_fixed_income,,-0.4,changed
pgr_edgar_monthly,2021-09-30,fte_return_common_stocks,,-4.6,changed
pgr_edgar_monthly,2021-10-31,fte_return_total_portfolio,,0.2,changed
pgr_edgar_monthly,2021-10-31,investment_book_yield,,1.6,changed
pgr_edgar_monthly,2021-10-31,fte_return_fixed_income,,-0.4,changed
pgr_edgar_monthly,2021-10-31,fte_return_common_stocks,,6.8,changed
pgr_edgar_monthly,2021-11-30,fte_return_total_portfolio,,-0.2,changed
pgr_edgar_monthly,2021-11-30,investment_book_yield,,1.8,changed
pgr_edgar_monthly,2021-11-30,fte_return_fixed_income,,-0.1,changed
pgr_edgar_monthly,2021-11-30,fte_return_common_stocks,,-1.2,changed
pgr_edgar_monthly,2021-12-31,fte_return_total_portfolio,,0.4,changed
pgr_edgar_monthly,2021-12-31,investment_book_yield,,2.1,changed
pgr_edgar_monthly,2021-12-31,fte_return_fixed_income,,0.0,changed
pgr_edgar_monthly,2021-12-31,fte_return_common_stocks,,4.5,changed
pgr_edgar_monthly,2022-01-31,fte_return_total_portfolio,,-1.5,changed
pgr_edgar_monthly,2022-01-31,investment_book_yield,,1.8,changed
pgr_edgar_monthly,2022-01-31,fte_return_fixed_income,,-1.1,changed
pgr_edgar_monthly,2022-01-31,fte_return_common_stocks,,-5.5,changed
pgr_edgar_monthly,2022-02-28,fte_return_total_portfolio,,-0.9,changed
pgr_edgar_monthly,2022-02-28,investment_book_yield,,1.9,changed
pgr_edgar_monthly,2022-02-28,fte_return_fixed_income,,-0.7,changed
pgr_edgar_monthly,2022-02-28,fte_return_common_stocks,,-2.7,changed
pgr_edgar_monthly,2022-03-31,fte_return_total_portfolio,,-1.4,changed
pgr_edgar_monthly,2022-03-31,investment_book_yield,,2.3,changed
pgr_edgar_monthly,2022-03-31,fte_return_fixed_income,,-1.9,changed
pgr_edgar_monthly,2022-03-31,fte_return_common_stocks,,3.5,changed
pgr_edgar_monthly,2022-04-30,fte_return_total_portfolio,,-2.2,changed
pgr_edgar_monthly,2022-04-30,investment_book_yield,,2.1,changed
pgr_edgar_monthly,2022-04-30,fte_return_fixed_income,,-1.5,changed
pgr_edgar_monthly,2022-04-30,fte_return_common_stocks,,-8.8,changed
pgr_edgar_monthly,2022-05-31,fte_return_total_portfolio,,0.1,changed
pgr_edgar_monthly,2022-05-31,investment_book_yield,,2.2,changed
pgr_edgar_monthly,2022-05-31,fte_return_fixed_income,,0.2,changed
pgr_edgar_monthly,2022-05-31,fte_return_common_stocks,,0.1,changed
pgr_edgar_monthly,2022-06-30,fte_return_total_portfolio,,-1.6,changed
pgr_edgar_monthly,2022-06-30,investment_book_yield,,2.5,changed
pgr_edgar_monthly,2022-06-30,fte_return_fixed_income,,-1.1,changed
pgr_edgar_monthly,2022-06-30,fte_return_common_stocks,,-8.3,changed
pgr_edgar_monthly,2022-07-31,fte_return_total_portfolio,,1.8,changed
pgr_edgar_monthly,2022-07-31,investment_book_yield,,2.2,changed
pgr_edgar_monthly,2022-07-31,fte_return_fixed_income,,1.4,changed
pgr_edgar_monthly,2022-07-31,fte_return_common_stocks,,9.3,changed
pgr_edgar_monthly,2022-08-31,fte_return_total_portfolio,,-1.4,changed
pgr_edgar_monthly,2022-08-31,investment_book_yield,,2.3,changed
pgr_edgar_monthly,2022-08-31,fte_return_fixed_income,,-1.3,changed
pgr_edgar_monthly,2022-08-31,fte_return_common_stocks,,-3.9,changed
pgr_edgar_monthly,2022-09-30,fte_return_total_portfolio,,-2.3,changed
pgr_edgar_monthly,2022-09-30,investment_book_yield,,2.9,changed
pgr_edgar_monthly,2022-09-30,fte_return_fixed_income,,-1.9,changed
pgr_edgar_monthly,2022-09-30,fte_return_common_stocks,,-9.2,changed
pgr_edgar_monthly,2022-10-31,fte_return_total_portfolio,,0.0,changed
pgr_edgar_monthly,2022-10-31,investment_book_yield,,2.6,changed
pgr_edgar_monthly,2022-10-31,fte_return_fixed_income,,-0.4,changed
pgr_edgar_monthly,2022-10-31,fte_return_common_stocks,,7.8,changed
pgr_edgar_monthly,2022-11-30,fte_return_total_portfolio,,1.8,changed
pgr_edgar_monthly,2022-11-30,investment_book_yield,,2.6,changed
pgr_edgar_monthly,2022-11-30,fte_return_fixed_income,,1.6,changed
pgr_edgar_monthly,2022-11-30,fte_return_common_stocks,,5.6,changed
pgr_edgar_monthly,2022-12-31,fte_return_total_portfolio,,-0.4,changed
pgr_edgar_monthly,2022-12-31,investment_book_yield,,3.3,changed
pgr_edgar_monthly,2022-12-31,fte_return_fixed_income,,-0.1,changed
pgr_edgar_monthly,2022-12-31,fte_return_common_stocks,,-6.8,changed
pgr_edgar_monthly,2023-01-31,fte_return_total_portfolio,,2.1,changed
pgr_edgar_monthly,2023-01-31,investment_book_yield,,2.9,changed
pgr_edgar_monthly,2023-01-31,fte_return_fixed_income,,1.8,changed
pgr_edgar_monthly,2023-01-31,fte_return_common_stocks,,6.4,changed
pgr_edgar_monthly,2023-02-28,fte_return_total_portfolio,,-1.3,changed
pgr_edgar_monthly,2023-02-28,investment_book_yield,,2.8,changed
pgr_edgar_monthly,2023-02-28,fte_return_fixed_income,,-1.2,changed
pgr_edgar_monthly,2023-02-28,fte_return_common_stocks,,-2.4,changed
pgr_edgar_monthly,2023-03-31,fte_return_total_portfolio,,1.5,changed
pgr_edgar_monthly,2023-03-31,investment_book_yield,,3.3,changed
pgr_edgar_monthly,2023-03-31,fte_return_fixed_income,,1.4,changed
pgr_edgar_monthly,2023-03-31,fte_return_common_stocks,,3.3,changed
pgr_edgar_monthly,2023-06-30,fte_return_total_portfolio,,-0.2,changed
pgr_edgar_monthly,2023-06-30,investment_book_yield,,3.1,changed
pgr_edgar_monthly,2023-06-30,fte_return_fixed_income,,-0.5,changed
pgr_edgar_monthly,2023-06-30,fte_return_common_stocks,,6.8,changed
pgr_edgar_monthly,2024-04-30,pif_total,31346.5,28085.8,changed
pgr_edgar_monthly,2024-04-30,gainshare_estimate,0.7,0.6834219521458414,changed
pgr_edgar_monthly,2024-04-30,accession_number,000008066124000023,0000080661-24-000023,changed
pgr_edgar_monthly,2024-05-31,pif_total,31918.8,28613.6,changed
pgr_edgar_monthly,2024-05-31,gainshare_estimate,0.0,0.38886880009642577,changed
pgr_edgar_monthly,2024-05-31,accession_number,000008066124000026,0000080661-24-000026,changed
pgr_edgar_monthly,2024-06-30,pif_total,32310.1,28971.0,changed
pgr_edgar_monthly,2024-06-30,gainshare_estimate,0.9799999999999998,0.9351649281082602,changed
pgr_edgar_monthly,2024-06-30,accession_number,000008066124000028,0000080661-24-000028,changed
pgr_edgar_monthly,2024-07-31,pif_total,32898.4,29519.7,changed
pgr_edgar_monthly,2024-07-31,gainshare_estimate,0.8,0.9378857518056468,changed
pgr_edgar_monthly,2024-07-31,accession_number,000008066124000033,0000080661-24-000033,changed
pgr_edgar_monthly,2024-08-31,pif_total,33411.6,29981.9,changed
pgr_edgar_monthly,2024-08-31,gainshare_estimate,1.05,1.1675471531220238,changed
pgr_edgar_monthly,2024-08-31,accession_number,000008066124000039,0000080661-24-000039,changed
pgr_edgar_monthly,2024-10-31,pif_total,34364.3,30879.0,changed
pgr_edgar_monthly,2024-10-31,gainshare_estimate,0.19000000000000056,0.9099257104118416,changed
pgr_edgar_monthly,2024-10-31,accession_number,000008066124000047,0000080661-24-000047,changed
pgr_edgar_monthly,2024-11-30,pif_total,34739.2,31224.1,changed
pgr_edgar_monthly,2024-11-30,gainshare_estimate,1.0400000000000005,1.4086952651450855,changed
pgr_edgar_monthly,2024-11-30,accession_number,000008066124000049,0000080661-24-000049,changed
pgr_edgar_monthly,2024-12-31,pif_total,34952.0,31435.0,changed
pgr_edgar_monthly,2024-12-31,pif_growth_yoy,0.31433083894257885,0.18207799044861428,changed
pgr_edgar_monthly,2024-12-31,gainshare_estimate,1.1900000000000006,1.5053899522430716,changed
pgr_edgar_monthly,2024-12-31,pif_total_personal_lines,33811.0,30294.0,changed
pgr_edgar_monthly,2024-12-31,accession_number,000008066125000002,0000080661-25-000002,changed
pgr_edgar_monthly,2025-01-31,pif_total,35327.0,31792.0,changed
pgr_edgar_monthly,2025-01-31,pif_growth_yoy,0.31701679497455587,0.1852293697690457,changed
pgr_edgar_monthly,2025-01-31,gainshare_estimate,1.1900000000000006,1.5211468488452287,changed
pgr_edgar_monthly,2025-01-31,pif_total_personal_lines,34181.0,30646.0,changed
pgr_edgar_monthly,2025-01-31,accession_number,000008066125000004,0000080661-25-000004,changed
pgr_edgar_monthly,2025-02-28,pif_total,35620.0,32064.0,changed
pgr_edgar_monthly,2025-02-28,pif_growth_yoy,,0.18230960405312735,changed
pgr_edgar_monthly,2025-02-28,gainshare_estimate,1.3400000000000005,1.581548020265637,changed
pgr_edgar_monthly,2025-02-28,pif_total_personal_lines,34469.0,30913.0,changed
pgr_edgar_monthly,2025-02-28,accession_number,000008066125000015,0000080661-25-000015,changed
pgr_edgar_monthly,2025-03-31,pif_total,36292.0,32716.0,changed
pgr_edgar_monthly,2025-03-31,pif_growth_yoy,0.31374706785207496,0.18429816686455647,changed
pgr_edgar_monthly,2025-03-31,gainshare_estimate,0.5099999999999995,1.176490834322782,changed
pgr_edgar_monthly,2025-03-31,pif_total_personal_lines,35130.0,31554.0,changed
pgr_edgar_monthly,2025-03-31,accession_number,000008066125000020,0000080661-25-000020,changed
pgr_edgar_monthly,2025-04-30,pif_total,36653.0,33063.0,changed
pgr_edgar_monthly,2025-04-30,pif_growth_yoy,0.16928524715677987,0.17721410819702488,changed
pgr_edgar_monthly,2025-04-30,gainshare_estimate,1.1099999999999994,1.441070540985124,changed
pgr_edgar_monthly,2025-04-30,pif_total_personal_lines,35479.0,31889.0,changed
pgr_edgar_monthly,2025-04-30,accession_number,000008066125000030,0000080661-25-000030,changed
pgr_edgar_monthly,2025-05-31,pif_total,37002.0,33401.0,changed
pgr_edgar_monthly,2025-05-31,pif_growth_yoy,0.15925410729726683,0.16731204741801098,changed
pgr_edgar_monthly,2025-05-31,gainshare_estimate,0.9099999999999995,1.2915602370900547,changed
pgr_edgar_monthly,2025-05-31,pif_total_personal_lines,35818.0,32217.0,changed
pgr_edgar_monthly,2025-05-31,accession_number,000008066125000032,0000080661-25-000032,changed
pgr_edgar_monthly,2025-06-30,pif_total,37315.0,33707.0,changed
pgr_edgar_monthly,2025-06-30,pif_growth_yoy,0.1549020275393763,0.16347381864623234,changed
pgr_edgar_monthly,2025-06-30,gainshare_estimate,0.9400000000000006,1.2873690932311619,changed
pgr_edgar_monthly,2025-06-30,pif_total_personal_lines,36126.0,32518.0,changed
pgr_edgar_monthly,2025-06-30,accession_number,000008066125000038,0000080661-25-000038,changed
pgr_edgar_monthly,2025-07-31,pif_total,37633.0,34011.0,changed
pgr_edgar_monthly,2025-07-31,pif_growth_yoy,0.14391581353500468,0.15214585514080414,changed
pgr_edgar_monthly,2025-07-31,gainshare_estimate,1.0700000000000003,1.2957292757040209,changed
pgr_edgar_monthly,2025-07-31,pif_total_personal_lines,36439.0,32817.0,changed
pgr_edgar_monthly,2025-07-31,accession_number,000008066125000056,0000080661-25-000056,changed
pgr_edgar_monthly,2025-08-31,pif_total,37890.0,34251.0,changed
pgr_edgar_monthly,2025-08-31,pif_growth_yoy,0.13403728046546715,0.14238924150904375,changed
pgr_edgar_monthly,2025-08-31,gainshare_estimate,1.2900000000000005,1.356946207545219,changed
pgr_edgar_monthly,2025-08-31,pif_total_personal_lines,36693.0,33054.0,changed
pgr_edgar_monthly,2025-08-31,accession_number,000008066125000079,0000080661-25-000079,changed
pgr_edgar_monthly,2025-09-30,combined_ratio,88.7,100.4,changed
pgr_edgar_monthly,2025-09-30,pif_total,38078.0,34427.0,changed
pgr_edgar_monthly,2025-09-30,pif_growth_yoy,0.2521950738268276,0.1321319346246177,changed
pgr_edgar_monthly,2025-09-30,gainshare_estimate,0.7299999999999998,0.6606596731230885,changed
pgr_edgar_monthly,2025-09-30,expense_ratio,23.0,34.7,changed
pgr_edgar_monthly,2025-09-30,pif_total_personal_lines,36880.0,33229.0,changed
pgr_edgar_monthly,2025-09-30,underwriting_income,771.4509999999999,-27.308000000000025,changed
pgr_edgar_monthly,2025-09-30,accession_number,000008066125000126,0000080661-25-000126,changed
pgr_edgar_monthly,2025-10-31,pif_total,38379.0,34719.0,changed
pgr_edgar_monthly,2025-10-31,pif_growth_yoy,0.11682763798476899,0.1243563586903722,changed
pgr_edgar_monthly,2025-10-31,gainshare_estimate,0.8991381899238448,0.9367817934518609,changed
pgr_edgar_monthly,2025-10-31,pif_total_personal_lines,37178.0,33518.0,changed
pgr_edgar_monthly,2025-10-31,accession_number,000008066125000134,0000080661-25-000134,changed
pgr_edgar_monthly,2025-11-30,pif_total,38414.0,34757.0,changed
pgr_edgar_monthly,2025-11-30,pif_growth_yoy,0.10578251658069279,0.1131465758820911,changed
pgr_edgar_monthly,2025-11-30,gainshare_estimate,0.9739125829034642,1.0107328794104558,changed
pgr_edgar_monthly,2025-11-30,pif_total_personal_lines,37218.0,33561.0,changed
pgr_edgar_monthly,2025-11-30,accession_number,000008066125000142,0000080661-25-000142,changed
pgr_edgar_monthly,2025-12-31,pif_total,38619.0,34969.0,changed
pgr_edgar_monthly,2025-12-31,pif_growth_yoy,0.10491531242847334,0.1124224590424685,changed
pgr_edgar_monthly,2025-12-31,gainshare_estimate,0.969576562142367,1.0071122952123428,changed
pgr_edgar_monthly,2025-12-31,pif_total_personal_lines,37428.0,33778.0,changed
pgr_edgar_monthly,2025-12-31,accession_number,000008066126000071,0000080661-26-000071,changed
pgr_edgar_monthly,2026-01-31,pif_total,38875.0,35220.0,changed
pgr_edgar_monthly,2026-01-31,pif_growth_yoy,0.10043309649842896,0.10782586814292894,changed
pgr_edgar_monthly,2026-01-31,gainshare_estimate,1.0821654824921445,1.1191293407146445,changed
pgr_edgar_monthly,2026-01-31,pif_total_personal_lines,37686.0,34031.0,changed
pgr_edgar_monthly,2026-01-31,accession_number,000008066126000075,0000080661-26-000075,changed
pgr_edgar_monthly,2026-02-28,pif_total,39220.0,35571.0,changed
pgr_edgar_monthly,2026-02-28,pif_growth_yoy,0.10106681639528355,0.109375,changed
pgr_edgar_monthly,2026-02-28,gainshare_estimate,1.0203340819764177,1.061875,changed
pgr_edgar_monthly,2026-02-28,pif_total_personal_lines,38032.0,34383.0,changed
pgr_edgar_monthly,2026-02-28,roe_net_income_ttm,,34.7,changed
pgr_edgar_monthly,2026-02-28,accession_number,000008066126000096,0000080661-26-000096,changed
pgr_edgar_monthly,2026-03-31,pif_total,39565.0,35925.0,changed
pgr_edgar_monthly,2026-03-31,pif_growth_yoy,0.09018516477460597,0.09808656314952935,changed
pgr_edgar_monthly,2026-03-31,gainshare_estimate,0.81092582387303,0.8504328157476468,changed
pgr_edgar_monthly,2026-03-31,pif_total_personal_lines,38369.0,34729.0,changed
pgr_edgar_monthly,2026-03-31,roe_net_income_ttm,,35.0,changed
pgr_edgar_monthly,2026-03-31,accession_number,000008066126000173,0000080661-26-000173,changed
pgr_edgar_monthly,2026-04-30,pif_total,39767.0,36128.0,changed
pgr_edgar_monthly,2026-04-30,pif_growth_yoy,0.08495893924098982,0.09270181169282887,changed
pgr_edgar_monthly,2026-04-30,gainshare_estimate,0.714794696204949,0.7535090584641442,changed
pgr_edgar_monthly,2026-04-30,pif_total_personal_lines,38560.0,34921.0,changed
pgr_edgar_monthly,2026-04-30,roe_net_income_ttm,,35.1,changed
pgr_edgar_monthly,2026-04-30,accession_number,000008066126000204,0000080661-26-000204,changed
pgr_edgar_monthly,2026-05-31,pif_total,39970.0,36338.0,changed
pgr_edgar_monthly,2026-05-31,pif_growth_yoy,0.0802118804388952,0.08793149905691444,changed
pgr_edgar_monthly,2026-05-31,gainshare_estimate,1.0960594021944763,1.1346574952845725,changed
pgr_edgar_monthly,2026-05-31,pif_total_personal_lines,38753.0,35121.0,changed
pgr_edgar_monthly,2026-05-31,roe_net_income_ttm,,36.0,changed
pgr_edgar_monthly,2026-05-31,accession_number,000008066126000210,0000080661-26-000210,changed
pgr_edgar_monthly,2026-06-30,pif_total,40086.0,36455.0,changed
pgr_edgar_monthly,2026-06-30,pif_growth_yoy,0.07425968109339408,0.08152609250304099,changed
pgr_edgar_monthly,2026-06-30,gainshare_estimate,0.6712984054669704,0.707630462515205,changed
pgr_edgar_monthly,2026-06-30,pif_total_personal_lines,38860.0,35229.0,changed
pgr_edgar_monthly,2026-06-30,roe_net_income_ttm,,34.7,changed
pgr_edgar_monthly,2026-06-30,accession_number,000008066126000262,0000080661-26-000262,changed
pgr_edgar_monthly,2026-07-31,pif_total,40304.0,36669.0,changed
pgr_edgar_monthly,2026-07-31,pif_growth_yoy,0.07097494220497967,0.07815118638087681,changed
pgr_edgar_monthly,2026-07-31,gainshare_estimate,0.8148747110248984,0.8507559319043843,changed
pgr_edgar_monthly,2026-07-31,pif_total_personal_lines,39068.0,35433.0,changed
pgr_edgar_monthly,2026-07-31,roe_net_income_ttm,,34.2,changed
pgr_edgar_monthly,2026-07-31,accession_number,000008066126000315,0000080661-26-000315,changed
pgr_edgar_monthly,2026-08-31,pif_total,40492.0,36845.0,changed
pgr_edgar_monthly,2026-08-31,pif_growth_yoy,0.0686724729480074,0.0757350150360574,changed
pgr_edgar_monthly,2026-08-31,gainshare_estimate,0.6783623647400371,0.7136750751802872,changed
pgr_edgar_monthly,2026-08-31,pif_total_personal_lines,39247.0,35600.0,changed
pgr_edgar_monthly,2026-08-31,roe_net_income_ttm,,33.4,changed
pgr_edgar_monthly,2026-08-31,accession_number,000008066126000322,0000080661-26-000322,changed
pgr_fundamentals_quarterly,2007-12-31,roe,0.958362881167055,,removed
pgr_fundamentals_quarterly,2007-12-31,eps,1.66,,removed
pgr_fundamentals_quarterly,2007-12-31,revenue,14686800000.0,,removed
pgr_fundamentals_quarterly,2007-12-31,net_income,1182500000.0,,removed
pgr_fundamentals_quarterly,2007-12-31,source,edgar,,removed
pgr_fundamentals_quarterly,2008-06-30,roe,0.17937779627510145,,changed
pgr_fundamentals_quarterly,2008-06-30,filing_date,,2009-08-10,changed
pgr_fundamentals_quarterly,2008-09-30,roe,-0.6423508426043281,,changed
pgr_fundamentals_quarterly,2008-09-30,filing_date,,2009-11-09,changed
pgr_fundamentals_quarterly,2008-12-31,roe,-0.0664246910065713,,changed
pgr_fundamentals_quarterly,2008-12-31,eps,-0.1,0.24000000000000002,changed
pgr_fundamentals_quarterly,2008-12-31,revenue,12840100000.0,3507500000.0,changed
pgr_fundamentals_quarterly,2008-12-31,net_income,-70000000.0,159300000.0,changed
pgr_fundamentals_quarterly,2008-12-31,filing_date,,2010-03-01,changed
pgr_fundamentals_quarterly,2009-03-31,roe,0.21611321543931403,,changed
pgr_fundamentals_quarterly,2009-03-31,filing_date,,2010-05-10,changed
pgr_fundamentals_quarterly,2009-06-30,roe,0.2031269035532995,-0.009395949301856533,changed
pgr_fundamentals_quarterly,2009-06-30,filing_date,,2009-08-10,changed
pgr_fundamentals_quarterly,2009-09-30,roe,0.19641947456516992,0.1965035387015853,changed
pgr_fundamentals_quarterly,2009-09-30,filing_date,,2009-11-09,changed
pgr_fundamentals_quarterly,2009-12-31,roe,0.7358313328462582,0.2141676725290215,changed
pgr_fundamentals_quarterly,2009-12-31,eps,1.59,0.4600000000000002,changed
pgr_fundamentals_quarterly,2009-12-31,revenue,14563600000.0,3900600000.0,changed
pgr_fundamentals_quarterly,2009-12-31,net_income,1057500000.0,305000000.0,changed
pgr_fundamentals_quarterly,2009-12-31,filing_date,,2010-03-01,changed
pgr_fundamentals_quarterly,2010-03-31,roe,0.1903565966352733,0.2099697205899988,changed
pgr_fundamentals_quarterly,2010-03-31,filing_date,,2010-05-10,changed
pgr_fundamentals_quarterly,2010-06-30,roe,0.1344415188909685,0.18866280184479592,changed
pgr_fundamentals_quarterly,2010-06-30,filing_date,,2010-08-05,changed
pgr_fundamentals_quarterly,2010-09-30,roe,0.15587201334683906,0.1762304630459108,changed
pgr_fundamentals_quarterly,2010-09-30,filing_date,,2010-11-08,changed
pgr_fundamentals_quarterly,2010-12-31,roe,0.7064424936765362,0.17215761857490944,changed
pgr_fundamentals_quarterly,2010-12-31,eps,1.62,0.4500000000000002,changed
pgr_fundamentals_quarterly,2010-12-31,revenue,15215500000.0,3841600000.0,changed
pgr_fundamentals_quarterly,2010-12-31,net_income,1068300000.0,299200000.0,changed
pgr_fundamentals_quarterly,2010-12-31,filing_date,,2011-03-01,changed
pgr_fundamentals_quarterly,2011-03-31,roe,0.22966174097395817,0.17969036798865778,changed
pgr_fundamentals_quarterly,2011-03-31,filing_date,,2011-05-09,changed
pgr_fundamentals_quarterly,2011-06-30,roe,0.15446885581541853,0.18415530236192684,changed
pgr_fundamentals_quarterly,2011-06-30,filing_date,,2011-08-09,changed
pgr_fundamentals_quarterly,2011-09-30,roe,0.10363977098842907,0.16928812583003985,changed
pgr_fundamentals_quarterly,2011-09-30,filing_date,,2011-11-07,changed
pgr_fundamentals_quarterly,2011-12-31,roe,0.6995367420393683,0.16734229780502274,changed
pgr_fundamentals_quarterly,2011-12-31,eps,1.61,0.43000000000000016,changed
pgr_fundamentals_quarterly,2011-12-31,revenue,15774600000.0,3930900000.0,changed
pgr_fundamentals_quarterly,2011-12-31,net_income,1015500000.0,256700000.0,changed
pgr_fundamentals_quarterly,2011-12-31,filing_date,,2012-02-28,changed
pgr_fundamentals_quarterly,2012-03-31,roe,0.16485344937923974,0.14900060569351908,changed
pgr_fundamentals_quarterly,2012-03-31,revenue,4126400000.0,4061200000.0,changed
pgr_fundamentals_quarterly,2012-03-31,filing_date,,2012-05-07,changed
pgr_fundamentals_quarterly,2012-06-30,roe,0.07546209397766679,0.12841901702748323,changed
pgr_fundamentals_quarterly,2012-06-30,revenue,4183000000.0,4113100000.0,changed
pgr_fundamentals_quarterly,2012-06-30,filing_date,,2012-08-02,changed
pgr_fundamentals_quarterly,2012-09-30,roe,0.16904158911298936,0.14812174014963567,changed
pgr_fundamentals_quarterly,2012-09-30,revenue,4423900000.0,4345500000.0,changed
pgr_fundamentals_quarterly,2012-09-30,filing_date,,2012-11-01,changed
pgr_fundamentals_quarterly,2012-12-31,roe,0.6008323622440486,0.1459781979142736,changed
pgr_fundamentals_quarterly,2012-12-31,eps,1.5,0.41999999999999993,changed
pgr_fundamentals_quarterly,2012-12-31,revenue,17083900000.0,4564100000.0,changed
pgr_fundamentals_quarterly,2012-12-31,net_income,902300000.0,249100000.0,changed
pgr_fundamentals_quarterly,2012-12-31,filing_date,,2013-02-26,changed
pgr_fundamentals_quarterly,2013-03-31,roe,0.19318288522332466,0.15137320410055766,changed
pgr_fundamentals_quarterly,2013-03-31,filing_date,,2013-05-02,changed
pgr_fundamentals_quarterly,2013-06-30,roe,0.19902205735832862,0.18249852811072387,changed
pgr_fundamentals_quarterly,2013-06-30,filing_date,,2013-08-06,changed
pgr_fundamentals_quarterly,2013-09-30,roe,0.13685481259017165,0.17272583589263635,changed
pgr_fundamentals_quarterly,2013-09-30,filing_date,,2013-11-12,changed
pgr_fundamentals_quarterly,2013-12-31,roe,0.753146457710639,0.18264854495530172,changed
pgr_fundamentals_quarterly,2013-12-31,eps,1.95,0.51,changed
pgr_fundamentals_quarterly,2013-12-31,revenue,18170900000.0,4618800000.0,changed
pgr_fundamentals_quarterly,2013-12-31,net_income,1165400000.0,299800000.0,changed
pgr_fundamentals_quarterly,2013-12-31,filing_date,,2014-02-26,changed
pgr_fundamentals_quarterly,2014-03-31,roe,0.19960861056751467,0.18217440249393835,changed
pgr_fundamentals_quarterly,2014-03-31,filing_date,,2014-05-12,changed
pgr_fundamentals_quarterly,2014-06-30,roe,0.17286278206563366,0.1751858934801337,changed
pgr_fundamentals_quarterly,2014-06-30,filing_date,,2014-07-30,changed
pgr_fundamentals_quarterly,2014-09-30,roe,0.17077848110391763,0.1826207112945464,changed
pgr_fundamentals_quarterly,2014-09-30,filing_date,,2014-10-29,changed
pgr_fundamentals_quarterly,2014-12-31,roe,0.7395433420893109,0.19245099335360505,changed
pgr_fundamentals_quarterly,2014-12-31,eps,2.17,0.6299999999999999,changed
pgr_fundamentals_quarterly,2014-12-31,revenue,19391400000.0,5176200000.0,changed
pgr_fundamentals_quarterly,2014-12-31,net_income,1281000000.0,370200000.0,changed
pgr_fundamentals_quarterly,2014-12-31,filing_date,,2015-03-02,changed
pgr_fundamentals_quarterly,2015-03-31,roe,0.16417889723545176,0.1830224881610563,changed
pgr_fundamentals_quarterly,2015-03-31,filing_date,,2015-05-11,changed
pgr_fundamentals_quarterly,2015-06-30,roe,0.19745101769069812,0.18815952383656873,changed
pgr_fundamentals_quarterly,2015-06-30,filing_date,,2015-08-05,changed
pgr_fundamentals_quarterly,2015-09-30,roe,0.1491825247922809,0.1821520525195332,changed
pgr_fundamentals_quarterly,2015-09-30,filing_date,,2015-11-05,changed
pgr_fundamentals_quarterly,2015-12-31,roe,0.6955853705380416,0.1748814211253887,changed
pgr_fundamentals_quarterly,2015-12-31,eps,2.16,0.56,changed
pgr_fundamentals_quarterly,2015-12-31,revenue,20853800000.0,5401400000.0,changed
pgr_fundamentals_quarterly,2015-12-31,net_income,1267600000.0,330400000.0,changed
pgr_fundamentals_quarterly,2015-12-31,filing_date,,2016-02-29,changed
pgr_fundamentals_quarterly,2016-03-31,roe,0.1366155636979325,0.16681582729910774,changed
pgr_fundamentals_quarterly,2016-03-31,filing_date,,2016-05-05,changed
pgr_fundamentals_quarterly,2016-06-30,roe,0.09745389573096803,0.14101518132808627,changed
pgr_fundamentals_quarterly,2016-06-30,filing_date,,2016-08-03,changed
pgr_fundamentals_quarterly,2016-09-30,roe,0.09818770306496843,0.12789770275747553,changed
pgr_fundamentals_quarterly,2016-09-30,filing_date,,2016-11-03,changed
pgr_fundamentals_quarterly,2016-12-31,roe,0.5182792725993138,0.1330782773914076,changed
pgr_fundamentals_quarterly,2016-12-31,eps,1.77,0.6599999999999999,changed
pgr_fundamentals_quarterly,2016-12-31,revenue,23441400000.0,6129600000.0,changed
pgr_fundamentals_quarterly,2016-12-31,net_income,1031000000.0,383200000.0,changed
pgr_fundamentals_quarterly,2016-12-31,filing_date,,2017-03-01,changed
pgr_fundamentals_quarterly,2017-03-31,roe,0.19913409754895633,0.14974943770468424,changed
pgr_fundamentals_quarterly,2017-03-31,filing_date,,2017-05-03,changed
pgr_fundamentals_quarterly,2017-06-30,roe,0.16353222487905245,0.16591106162307345,changed
pgr_fundamentals_quarterly,2017-06-30,filing_date,,2017-08-02,changed
pgr_fundamentals_quarterly,2017-09-30,roe,0.0964540228647706,0.16323420976488487,changed
pgr_fundamentals_quarterly,2017-09-30,filing_date,,2017-11-02,changed
pgr_fundamentals_quarterly,2017-12-31,roe,0.6859383077718422,0.18074409079660445,changed
pgr_fundamentals_quarterly,2017-12-31,eps,2.74,0.9900000000000002,changed
pgr_fundamentals_quarterly,2017-12-31,revenue,26839000000.0,7119800000.0,changed
pgr_fundamentals_quarterly,2017-12-31,net_income,1592200000.0,576300000.0,changed
pgr_fundamentals_quarterly,2017-12-31,filing_date,,2018-02-27,changed
pgr_fundamentals_quarterly,2018-03-31,roe,0.2782083075015499,0.20317031444589523,changed
pgr_fundamentals_quarterly,2018-03-31,filing_date,,2018-05-02,changed
pgr_fundamentals_quarterly,2018-06-30,roe,0.25605410515598864,0.22729736529371217,changed
pgr_fundamentals_quarterly,2018-06-30,filing_date,,2018-07-31,changed
pgr_fundamentals_quarterly,2018-09-30,roe,0.3131514149829662,0.2827540236103329,changed
pgr_fundamentals_quarterly,2018-09-30,filing_date,,2018-10-31,changed
pgr_fundamentals_quarterly,2018-12-31,roe,0.9666783714354359,0.24538651213937482,changed
pgr_fundamentals_quarterly,2018-12-31,eps,4.45,0.4400000000000004,changed
pgr_fundamentals_quarterly,2018-12-31,revenue,31979000000.0,8035100000.0,changed
pgr_fundamentals_quarterly,2018-12-31,net_income,2615300000.0,264700000.0,changed
pgr_fundamentals_quarterly,2018-12-31,filing_date,,2019-02-27,changed
pgr_fundamentals_quarterly,2019-03-31,roe,0.3561808978836896,0.26514159239993373,changed
pgr_fundamentals_quarterly,2019-03-31,filing_date,,2019-05-01,changed
pgr_fundamentals_quarterly,2019-06-30,roe,0.2938758364089177,0.2749273124288558,changed
pgr_fundamentals_quarterly,2019-06-30,filing_date,,2019-08-07,changed
pgr_fundamentals_quarterly,2019-09-30,roe,0.2383862128539364,0.25417139258483357,changed
pgr_fundamentals_quarterly,2019-09-30,filing_date,,2019-11-06,changed
pgr_fundamentals_quarterly,2019-12-31,roe,1.161483778486382,0.30989013390613146,changed
pgr_fundamentals_quarterly,2019-12-31,eps,6.75,1.8200000000000003,changed
pgr_fundamentals_quarterly,2019-12-31,revenue,39022300000.0,10741100000.0,changed
pgr_fundamentals_quarterly,2019-12-31,net_income,3970300000.0,1070800000.0,changed
pgr_fundamentals_quarterly,2019-12-31,filing_date,,2020-03-02,changed
pgr_fundamentals_quarterly,2020-03-31,roe,0.19306692680207643,0.2651743244142951,changed
pgr_fundamentals_quarterly,2020-03-31,filing_date,,2020-05-05,changed
pgr_fundamentals_quarterly,2020-06-30,roe,0.42959461567070173,0.30461791782052244,changed
pgr_fundamentals_quarterly,2020-06-30,filing_date,,2020-08-04,changed
pgr_fundamentals_quarterly,2020-09-30,roe,0.33853775045335927,0.3305797482114483,changed
pgr_fundamentals_quarterly,2020-09-30,filing_date,,2020-11-03,changed
pgr_fundamentals_quarterly,2020-12-31,roe,1.3392180108694376,0.35693569745343023,changed
pgr_fundamentals_quarterly,2020-12-31,eps,9.71,2.870000000000001,changed
pgr_fundamentals_quarterly,2020-12-31,revenue,42658100000.0,11415800000.0,changed
pgr_fundamentals_quarterly,2020-12-31,net_income,5704600000.0,1684300000.0,changed
pgr_fundamentals_quarterly,2020-12-31,filing_date,,2021-03-01,changed
pgr_fundamentals_quarterly,2021-03-31,roe,0.331903680654837,0.3861133734360191,changed
pgr_fundamentals_quarterly,2021-03-31,filing_date,,2021-05-04,changed
pgr_fundamentals_quarterly,2021-06-30,roe,0.1692261560538885,0.31057033014941937,changed
pgr_fundamentals_quarterly,2021-06-30,filing_date,,2021-08-03,changed
pgr_fundamentals_quarterly,2021-09-30,roe,0.025541407794979012,0.22578052241784557,changed
pgr_fundamentals_quarterly,2021-09-30,filing_date,,2021-11-02,changed
pgr_fundamentals_quarterly,2021-12-31,roe,0.7351850632966936,0.18545966145821802,changed
pgr_fundamentals_quarterly,2021-12-31,eps,5.69,1.6400000000000006,changed
pgr_fundamentals_quarterly,2021-12-31,revenue,47702000000.0,12492100000.0,changed
pgr_fundamentals_quarterly,2021-12-31,net_income,3350900000.0,962300000.0,changed
pgr_fundamentals_quarterly,2021-12-31,filing_date,,2022-02-28,changed
pgr_fundamentals_quarterly,2022-03-31,roe,0.07363704607300366,0.1209035671200735,changed
pgr_fundamentals_quarterly,2022-03-31,filing_date,,2022-05-02,changed
pgr_fundamentals_quarterly,2022-06-30,roe,-0.1387364480249414,0.04830485021980465,changed
pgr_fundamentals_quarterly,2022-06-30,filing_date,,2022-08-02,changed
pgr_fundamentals_quarterly,2022-09-30,roe,0.03359456423166985,0.05087231724769728,changed
pgr_fundamentals_quarterly,2022-09-30,filing_date,,2022-11-01,changed
pgr_fundamentals_quarterly,2022-12-31,roe,0.18173809074318797,0.04420809605564522,changed
pgr_fundamentals_quarterly,2022-12-31,eps,1.19,1.4,changed
pgr_fundamentals_quarterly,2022-12-31,revenue,49611000000.0,13469800000.0,changed
pgr_fundamentals_quarterly,2022-12-31,net_income,722000000.0,826400000.0,changed
pgr_fundamentals_quarterly,2022-12-31,filing_date,,2023-02-27,changed
pgr_fundamentals_quarterly,2023-03-31,roe,0.10621042896777406,0.05330915571507799,changed
pgr_fundamentals_quarterly,2023-03-31,filing_date,,2023-05-02,changed
pgr_fundamentals_quarterly,2023-06-30,roe,0.08267459742808758,0.10912445118623873,changed
pgr_fundamentals_quarterly,2023-06-30,filing_date,,2023-08-01,changed
pgr_fundamentals_quarterly,2023-09-30,roe,0.25783976131483793,0.16786661799902503,changed
pgr_fundamentals_quarterly,2023-09-30,filing_date,,2023-10-31,changed
pgr_fundamentals_quarterly,2023-12-31,roe,0.7699363811214677,0.22390757271660064,changed
pgr_fundamentals_quarterly,2023-12-31,eps,6.61,3.3800000000000003,changed
pgr_fundamentals_quarterly,2023-12-31,revenue,62109000000.0,16891200000.0,changed
pgr_fundamentals_quarterly,2023-12-31,net_income,3903000000.0,1987800000.0,changed
pgr_fundamentals_quarterly,2023-12-31,filing_date,,2024-02-26,changed
pgr_fundamentals_quarterly,2024-03-31,roe,0.4274907156939159,0.3108579742412162,changed
pgr_fundamentals_quarterly,2024-03-31,revenue,17243000000.0,17242500000.0,changed
pgr_fundamentals_quarterly,2024-03-31,net_income,2331000000.0,2331400000.0,changed
pgr_fundamentals_quarterly,2024-03-31,filing_date,,2024-05-06,changed
pgr_fundamentals_quarterly,2024-06-30,roe,0.25004284490145673,0.34657016498652743,changed
pgr_fundamentals_quarterly,2024-06-30,revenue,18134000000.0,18134300000.0,changed
pgr_fundamentals_quarterly,2024-06-30,net_income,1459000000.0,1458700000.0,changed
pgr_fundamentals_quarterly,2024-06-30,filing_date,,2024-08-05,changed
pgr_fundamentals_quarterly,2024-09-30,roe,0.34375345189439965,0.36875110243909537,changed
pgr_fundamentals_quarterly,2024-09-30,net_income,2334000000.0,2333400000.0,changed
pgr_fundamentals_quarterly,2024-09-30,filing_date,,2024-11-04,changed
pgr_fundamentals_quarterly,2024-12-31,roe,1.3254659841350476,0.35877748265133175,changed
pgr_fundamentals_quarterly,2024-12-31,eps,14.45,4.02,changed
pgr_fundamentals_quarterly,2024-12-31,revenue,75372000000.0,20276200000.0,changed
pgr_fundamentals_quarterly,2024-12-31,net_income,8480000000.0,2356500000.0,changed
pgr_fundamentals_quarterly,2024-12-31,filing_date,,2025-03-03,changed
pgr_fundamentals_quarterly,2025-03-31,roe,0.3546314844235684,0.343523365075361,changed
pgr_fundamentals_quarterly,2025-03-31,filing_date,,2025-05-05,changed
pgr_fundamentals_quarterly,2025-06-30,roe,0.3895227579438106,0.3789320204259103,changed
pgr_fundamentals_quarterly,2025-06-30,filing_date,,2025-08-04,changed
pgr_fundamentals_quarterly,2025-09-30,roe,0.2951050923966709,0.3577049721107982,changed
pgr_fundamentals_quarterly,2025-09-30,filing_date,,2025-11-03,changed
pgr_fundamentals_quarterly,2025-12-31,roe,1.4916729875012367,0.36974306323037986,changed
pgr_fundamentals_quarterly,2025-12-31,eps,19.29,5.039999999999999,changed
pgr_fundamentals_quarterly,2025-12-31,revenue,87671000000.0,22746000000.0,changed
pgr_fundamentals_quarterly,2025-12-31,net_income,11308000000.0,2951000000.0,changed
pgr_fundamentals_quarterly,2025-12-31,filing_date,,2026-03-02,changed
pgr_fundamentals_quarterly,2026-03-31,roe,0.3518212178906957,0.3626580491324946,changed
pgr_fundamentals_quarterly,2026-03-31,filing_date,,2026-05-04,changed
pgr_fundamentals_quarterly,2026-06-30,roe,0.3857513179739609,0.3549446413829942,changed
pgr_fundamentals_quarterly,2026-06-30,filing_date,,2026-08-03,changed
