benchmark,n_obs,oos_r2,nw_ic,nw_p_value,hit_rate,cw_t_stat,cw_p_value,cw_mean_adjusted_differential,r2_flag,ic_flag,hr_flag
VDE,186,-0.0028898350126376204,0.10534712735851257,0.38877210966244125,0.5752688172043011,2.301923336425844,0.011226626352573932,0.011185222942920337,❌,✅,✅
DBC,168,0.020439737764300747,0.19032602588567585,0.12176480408738441,0.6964285714285714,1.774074687301893,0.03893650627168864,0.00885914519842744,✅,✅,✅
VOO,114,-0.05812728102668707,0.10382535793118812,0.4852316015856566,0.5877192982456141,1.579642722450834,0.05849197618923447,0.006686837455063668,❌,✅,✅
GLD,180,-0.022005791978491063,0.17669886930666584,0.13037783013618107,0.5666666666666667,1.5551845181935573,0.06083420486243466,0.007957973412911247,❌,✅,✅
VMBS,120,-0.17264330207758016,0.12393221751510519,0.3795788618638575,0.75,1.1122391526458937,0.13413861832758814,0.00608632953027482,❌,✅,✅
BND,156,-0.20074508827755855,0.20857896982819932,0.0678360338955914,0.6794871794871795,1.052816478103862,0.1470318002912618,0.0037061687633099106,❌,✅,✅
VXUS,108,-0.1168219041829115,-0.017586479560242743,0.9216974535718366,0.6296296296296297,0.8862357799458302,0.18873898431174882,0.005085724701498841,❌,❌,✅
VWO,180,-0.08120688839736268,0.02333611119684764,0.8412660778849749,0.6166666666666667,0.5484202466390085,0.29204335672705833,0.0015809106210719786,❌,❌,✅
