item_type,item_name,horizon_months,n_benchmarks,mean_ic,median_ic,mean_hit_rate,mean_oos_r2,mean_mae,pass_rate,gate_status
model,bayesian_ridge,6,21,0.17690768076116065,0.2118977701218024,0.5469521909854423,-55.666788107145045,0.26208201406647946,0.0,FAIL
ensemble,ensemble,6,21,0.1329601336541448,0.11031321619556912,0.5722344034098276,-0.638652923554962,0.16201950843186466,0.0,FAIL
model,gbt,6,21,0.13116223156943335,0.13197346879560198,0.6025252340974836,-0.5328480411465322,0.15755261428675507,0.0,FAIL
model,elasticnet,6,21,0.08553906690775787,0.07445079478777115,0.5675607979398347,-1.0541353112300622,0.17065313966884674,0.0,FAIL
model,ridge,6,21,0.08504894675946233,0.09197918617540914,0.5366699371341545,-0.8712460772827949,0.17080014538020502,0.0,FAIL
baseline,last_value,6,21,-0.019298176437505966,-0.03166337725081643,0.5269876644028259,-0.8467396865546184,0.17858689010695886,0.0,FAIL
baseline,historical_mean,6,21,-0.12284744734034375,-0.11992797708552655,0.6199906649523508,-0.17368074344455034,0.14012863552203156,0.0,FAIL
baseline,zero,6,21,,,0.0,-0.22691803590551812,0.14556775293485003,0.0,FAIL
