benchmark,n_obs,oos_r2,nw_ic,nw_p_value,hit_rate,cw_t_stat,cw_p_value,cw_mean_adjusted_differential,r2_flag,ic_flag,hr_flag
DBC,162,0.018201503410179565,0.297567887591894,0.013185369245277804,0.7407407407407407,2.0554552135520203,0.0207251512860218,0.009961765334441685,⚠️,✅,✅
VOO,108,-0.11691307325737665,0.0035725513732887478,0.9764594481688825,0.6388888888888888,1.700763333071291,0.0459460350237292,0.006365214520747042,❌,❌,✅
VDE,180,-0.057332026360843,0.17049497412471576,0.17503765907449825,0.6444444444444445,1.6450630467817045,0.05085586705375857,0.007946325639583775,❌,✅,✅
VMBS,120,-0.13967166756852456,0.23452323077991527,0.10771312160389822,0.8,1.1521305282847951,0.12578838361673633,0.006340996332984071,❌,✅,✅
VXUS,102,-0.09506905277894817,0.04717530576587071,0.7887872246244713,0.6862745098039216,1.0310270340990793,0.1524953922296725,0.005522444914036262,❌,⚠️,✅
VWO,174,-0.12025422509612427,0.10148238845069621,0.30790862282114706,0.6264367816091954,0.63865477141113,0.2619460680592029,0.0017217436129654488,❌,✅,✅
BND,150,-0.15936087770551866,0.24406595848704388,0.02479232422301031,0.7266666666666667,0.5718894366111865,0.28412932438572186,0.00168361348935537,❌,✅,✅
GLD,180,-0.14877072884703013,0.21978250357521326,0.07005612927347565,0.6111111111111112,0.47141369207603206,0.3189597004365007,0.0017399132551772383,❌,✅,✅
