item_type,item_name,horizon_months,n_benchmarks,mean_ic,median_ic,mean_hit_rate,mean_oos_r2,mean_mae,pass_rate,gate_status
model,bayesian_ridge,6,21,0.18849719085255048,0.1939073798656341,0.5493696996925751,-56.46786332429214,0.25436454645544837,0.0,FAIL
ensemble,ensemble,6,21,0.12960370691602333,0.15585228146897973,0.5767964382402277,-0.7078943011619084,0.16254026616290618,0.0,FAIL
model,gbt,6,21,0.10976071276005694,0.12189317994034707,0.6090183317951944,-0.6529329734355115,0.15877263474575298,0.0,FAIL
model,elasticnet,6,21,0.07286948986439737,0.06402223369669105,0.5711860702952554,-1.119471266121197,0.17294661709638,0.0,FAIL
model,ridge,6,21,0.054699547647343166,0.07433849572887005,0.5283744776524154,-0.9999362182773865,0.17216942814100744,0.0,FAIL
baseline,last_value,6,21,-0.1104261485018859,-0.09180512494585306,0.5588381893423274,-0.9851794153676827,0.18044748957799356,0.0,FAIL
baseline,historical_mean,6,21,-0.12788901888395837,-0.1145958705242536,0.6276528363870468,-0.16910342537296869,0.13920505728845156,0.0,FAIL
baseline,zero,6,21,,,0.0,-0.23873639692431606,0.14544707331978718,0.0,FAIL
