benchmark,n_obs,oos_r2,nw_ic,nw_p_value,hit_rate,cw_t_stat,cw_p_value,cw_mean_adjusted_differential,r2_flag,ic_flag,hr_flag
DBC,168,0.0021743405308043418,0.11500245493796854,0.35601758614565004,0.6904761904761905,1.9980972092055034,0.023664615083494045,0.010098669382270607,❌,✅,✅
VXUS,108,-0.05001559484187479,0.13005039679137254,0.43603801338633835,0.6944444444444444,1.27359176732274,0.10278391963671979,0.006909423235463058,❌,✅,✅
VOO,114,-0.11632809819729628,-0.022328425912800473,0.8709261103538674,0.543859649122807,1.2494375673120768,0.10704344021890409,0.004664341993948109,❌,❌,⚠️
VDE,180,-0.026894234482309987,0.007419982098212908,0.953990419771233,0.5666666666666667,1.2040688364101841,0.11507637489694918,0.004221181573239709,❌,❌,✅
GLD,180,-0.060189501134153334,0.1001265471156517,0.43340425717809616,0.5444444444444444,1.1839535501434864,0.11900063595060868,0.00575638556838227,❌,✅,⚠️
VMBS,120,-0.21048846062396653,0.06780331967497742,0.6293002153810523,0.8,0.9921350693510893,0.16157236624245044,0.005074939619193387,❌,⚠️,✅
VWO,180,-0.05258276260783412,0.15070012448943898,0.18276193003783675,0.6222222222222222,0.8718482471709161,0.1922295324444121,0.002497616497142956,❌,✅,✅
BND,150,-0.18736506658526997,0.21111871638739502,0.07470468893364003,0.7333333333333333,0.49376519708701644,0.31109954037540394,0.001630927296567832,❌,✅,✅
